{
  "mi_file": "papers/paper10_limite_newtonienne_propagateur/results/mi_ds_check_N800_lam030_k12/mi_matrices/MI_N800_d3_lam0p3_k12_seed0.csv",
  "lambda": 0.3,
  "N": 800,
  "k": 12,
  "n_centers": 150,
  "d_s_eigenvalue": 4.144267612395576,
  "d_s_heat": 2.9640329244211854,
  "alpha_pred": 0.9640329244211854,
  "results_by_threshold": {
    "0.7": {
      "n": 150,
      "median": 1.186569414927488,
      "mean": 1.2207198047578753,
      "std": 0.33678020421496896,
      "iqr": 0.46706466951642955,
      "cv": 0.27588657356263013,
      "delta": 0.22253649050630253,
      "q05": 0.702543195205144,
      "q25": 0.9855039490208988,
      "q75": 1.4525686185373283,
      "q95": 1.7291340235957786
    },
    "0.85": {
      "n": 85,
      "median": 1.1396655694058908,
      "mean": 1.1649967123196254,
      "std": 0.2767449769342963,
      "iqr": 0.46357792487548743,
      "cv": 0.23755000680047558,
      "delta": 0.17563264498470543,
      "q05": 0.7476599271402479,
      "q25": 0.9326396188722406,
      "q75": 1.396217543747728,
      "q95": 1.604266532122539
    }
  },
  "elapsed_s": 119.7
}
