{
  "mi_file": "papers/paper10_limite_newtonienne_propagateur/results/mi_ds_check_N800_lam030_k12/mi_matrices/MI_N800_d3_lam0p3_k12_seed0.csv",
  "lambda": 0.3,
  "N": 800,
  "k": 12,
  "n_centers": 150,
  "d_s_eigenvalue": 4.144267612395576,
  "d_s_heat": 2.9640329244211854,
  "alpha_pred": 0.9640329244211854,
  "results_by_threshold": {
    "0.7": {
      "n": 150,
      "median": 0.5467588547111671,
      "mean": 0.5594238251505684,
      "std": 0.340771405467952,
      "iqr": 0.38623302146327537,
      "cv": 0.6091471084121677,
      "delta": -0.41727406971001824,
      "q05": 0.0987495968503966,
      "q25": 0.36886056598242317,
      "q75": 0.7550935874456985,
      "q95": 1.1463234765044683
    },
    "0.85": {
      "n": 119,
      "median": 0.5333414506992794,
      "mean": 0.550505162683588,
      "std": 0.3484390663649819,
      "iqr": 0.4062350636609352,
      "cv": 0.6329442301063762,
      "delta": -0.43069147372190597,
      "q05": 0.09544199007582452,
      "q25": 0.3352348919360226,
      "q75": 0.7414699555969578,
      "q95": 1.1420851898432818
    }
  },
  "elapsed_s": 156.4
}
