name,theta_E_obs_arcsec,theta_E_BuP_arcsec,log_residual_BuP,Re_arcsec,sersic_n,logMs,Mstar_rel,J_spectral_over_h0,density_pearson,density_rmse,theta_E_baryon_arcsec,log_residual_baryon,name_key,sersic_n_measured,sersic_n_final,n_source,delta_kOR,C_obs,Mstar_rel_used,norm_zS_shape_norm_force_inner_mean,norm_zS_shape_norm_force_mid_mean,norm_zS_shape_norm_force_outer_mean,norm_zS_shape_norm_force_inner_minus_outer,norm_zS_shape_norm_force_mid_minus_outer,norm_zS_shape_norm_grad_rms,norm_zS_shape_norm_phi_mid_mean,norm_zS_shape_norm_phi_inner_minus_outer,norm_zS_shape_norm_S_std,norm_zS_shape_norm_amp_factor,norm_zS_amp_sqrtMstar_force_inner_mean,norm_zS_amp_sqrtMstar_force_mid_mean,norm_zS_amp_sqrtMstar_force_outer_mean,norm_zS_amp_sqrtMstar_force_inner_minus_outer,norm_zS_amp_sqrtMstar_force_mid_minus_outer,norm_zS_amp_sqrtMstar_grad_rms,norm_zS_amp_sqrtMstar_phi_mid_mean,norm_zS_amp_sqrtMstar_phi_inner_minus_outer,norm_zS_amp_sqrtMstar_S_std,norm_zS_amp_sqrtMstar_amp_factor,norm_zS_amp_Mstar_force_inner_mean,norm_zS_amp_Mstar_force_mid_mean,norm_zS_amp_Mstar_force_outer_mean,norm_zS_amp_Mstar_force_inner_minus_outer,norm_zS_amp_Mstar_force_mid_minus_outer,norm_zS_amp_Mstar_grad_rms,norm_zS_amp_Mstar_phi_mid_mean,norm_zS_amp_Mstar_phi_inner_minus_outer,norm_zS_amp_Mstar_S_std,norm_zS_amp_Mstar_amp_factor,norm_zS_amp_logMstar_force_inner_mean,norm_zS_amp_logMstar_force_mid_mean,norm_zS_amp_logMstar_force_outer_mean,norm_zS_amp_logMstar_force_inner_minus_outer,norm_zS_amp_logMstar_force_mid_minus_outer,norm_zS_amp_logMstar_grad_rms,norm_zS_amp_logMstar_phi_mid_mean,norm_zS_amp_logMstar_phi_inner_minus_outer,norm_zS_amp_logMstar_S_std,norm_zS_amp_logMstar_amp_factor,rawL_zS_shape_norm_force_inner_mean,rawL_zS_shape_norm_force_mid_mean,rawL_zS_shape_norm_force_outer_mean,rawL_zS_shape_norm_force_inner_minus_outer,rawL_zS_shape_norm_force_mid_minus_outer,rawL_zS_shape_norm_grad_rms,rawL_zS_shape_norm_phi_mid_mean,rawL_zS_shape_norm_phi_inner_minus_outer,rawL_zS_shape_norm_S_std,rawL_zS_shape_norm_amp_factor,rawL_zS_amp_sqrtMstar_force_inner_mean,rawL_zS_amp_sqrtMstar_force_mid_mean,rawL_zS_amp_sqrtMstar_force_outer_mean,rawL_zS_amp_sqrtMstar_force_inner_minus_outer,rawL_zS_amp_sqrtMstar_force_mid_minus_outer,rawL_zS_amp_sqrtMstar_grad_rms,rawL_zS_amp_sqrtMstar_phi_mid_mean,rawL_zS_amp_sqrtMstar_phi_inner_minus_outer,rawL_zS_amp_sqrtMstar_S_std,rawL_zS_amp_sqrtMstar_amp_factor,rawL_zS_amp_Mstar_force_inner_mean,rawL_zS_amp_Mstar_force_mid_mean,rawL_zS_amp_Mstar_force_outer_mean,rawL_zS_amp_Mstar_force_inner_minus_outer,rawL_zS_amp_Mstar_force_mid_minus_outer,rawL_zS_amp_Mstar_grad_rms,rawL_zS_amp_Mstar_phi_mid_mean,rawL_zS_amp_Mstar_phi_inner_minus_outer,rawL_zS_amp_Mstar_S_std,rawL_zS_amp_Mstar_amp_factor,rawL_zS_amp_logMstar_force_inner_mean,rawL_zS_amp_logMstar_force_mid_mean,rawL_zS_amp_logMstar_force_outer_mean,rawL_zS_amp_logMstar_force_inner_minus_outer,rawL_zS_amp_logMstar_force_mid_minus_outer,rawL_zS_amp_logMstar_grad_rms,rawL_zS_amp_logMstar_phi_mid_mean,rawL_zS_amp_logMstar_phi_inner_minus_outer,rawL_zS_amp_logMstar_S_std,rawL_zS_amp_logMstar_amp_factor,norm_rawS_shape_norm_force_inner_mean,norm_rawS_shape_norm_force_mid_mean,norm_rawS_shape_norm_force_outer_mean,norm_rawS_shape_norm_force_inner_minus_outer,norm_rawS_shape_norm_force_mid_minus_outer,norm_rawS_shape_norm_grad_rms,norm_rawS_shape_norm_phi_mid_mean,norm_rawS_shape_norm_phi_inner_minus_outer,norm_rawS_shape_norm_S_std,norm_rawS_shape_norm_amp_factor,norm_rawS_amp_sqrtMstar_force_inner_mean,norm_rawS_amp_sqrtMstar_force_mid_mean,norm_rawS_amp_sqrtMstar_force_outer_mean,norm_rawS_amp_sqrtMstar_force_inner_minus_outer,norm_rawS_amp_sqrtMstar_force_mid_minus_outer,norm_rawS_amp_sqrtMstar_grad_rms,norm_rawS_amp_sqrtMstar_phi_mid_mean,norm_rawS_amp_sqrtMstar_phi_inner_minus_outer,norm_rawS_amp_sqrtMstar_S_std,norm_rawS_amp_sqrtMstar_amp_factor,norm_rawS_amp_Mstar_force_inner_mean,norm_rawS_amp_Mstar_force_mid_mean,norm_rawS_amp_Mstar_force_outer_mean,norm_rawS_amp_Mstar_force_inner_minus_outer,norm_rawS_amp_Mstar_force_mid_minus_outer,norm_rawS_amp_Mstar_grad_rms,norm_rawS_amp_Mstar_phi_mid_mean,norm_rawS_amp_Mstar_phi_inner_minus_outer,norm_rawS_amp_Mstar_S_std,norm_rawS_amp_Mstar_amp_factor,norm_rawS_amp_logMstar_force_inner_mean,norm_rawS_amp_logMstar_force_mid_mean,norm_rawS_amp_logMstar_force_outer_mean,norm_rawS_amp_logMstar_force_inner_minus_outer,norm_rawS_amp_logMstar_force_mid_minus_outer,norm_rawS_amp_logMstar_grad_rms,norm_rawS_amp_logMstar_phi_mid_mean,norm_rawS_amp_logMstar_phi_inner_minus_outer,norm_rawS_amp_logMstar_S_std,norm_rawS_amp_logMstar_amp_factor,rawL_rawS_shape_norm_force_inner_mean,rawL_rawS_shape_norm_force_mid_mean,rawL_rawS_shape_norm_force_outer_mean,rawL_rawS_shape_norm_force_inner_minus_outer,rawL_rawS_shape_norm_force_mid_minus_outer,rawL_rawS_shape_norm_grad_rms,rawL_rawS_shape_norm_phi_mid_mean,rawL_rawS_shape_norm_phi_inner_minus_outer,rawL_rawS_shape_norm_S_std,rawL_rawS_shape_norm_amp_factor,rawL_rawS_amp_sqrtMstar_force_inner_mean,rawL_rawS_amp_sqrtMstar_force_mid_mean,rawL_rawS_amp_sqrtMstar_force_outer_mean,rawL_rawS_amp_sqrtMstar_force_inner_minus_outer,rawL_rawS_amp_sqrtMstar_force_mid_minus_outer,rawL_rawS_amp_sqrtMstar_grad_rms,rawL_rawS_amp_sqrtMstar_phi_mid_mean,rawL_rawS_amp_sqrtMstar_phi_inner_minus_outer,rawL_rawS_amp_sqrtMstar_S_std,rawL_rawS_amp_sqrtMstar_amp_factor,rawL_rawS_amp_Mstar_force_inner_mean,rawL_rawS_amp_Mstar_force_mid_mean,rawL_rawS_amp_Mstar_force_outer_mean,rawL_rawS_amp_Mstar_force_inner_minus_outer,rawL_rawS_amp_Mstar_force_mid_minus_outer,rawL_rawS_amp_Mstar_grad_rms,rawL_rawS_amp_Mstar_phi_mid_mean,rawL_rawS_amp_Mstar_phi_inner_minus_outer,rawL_rawS_amp_Mstar_S_std,rawL_rawS_amp_Mstar_amp_factor,rawL_rawS_amp_logMstar_force_inner_mean,rawL_rawS_amp_logMstar_force_mid_mean,rawL_rawS_amp_logMstar_force_outer_mean,rawL_rawS_amp_logMstar_force_inner_minus_outer,rawL_rawS_amp_logMstar_force_mid_minus_outer,rawL_rawS_amp_logMstar_grad_rms,rawL_rawS_amp_logMstar_phi_mid_mean,rawL_rawS_amp_logMstar_phi_inner_minus_outer,rawL_rawS_amp_logMstar_S_std,rawL_rawS_amp_logMstar_amp_factor,C_pred_logM,C_pred_Phi,abs_err_logM,abs_err_Phi,delta_abs_logM_minus_Phi,Phi_better_than_logM
J0008-0004,37.469,12.530029500170716,-1.0953858011639404,9.723,4.0,11.640000343322754,4.365161773191001,1.7892131127149076,0.999996658127392,0.0017882201169334,12.523939173861114,-1.095871977746086,J0008-0004,4.15,4.0,forced_4_matched,0.0091153906227673,1.095871977746139,4.365161773191001,5.804296740748281,0.0259521734164915,0.0181117467463564,5.786184994001925,0.0078404266701351,9.357976262634912,-0.5906503488256941,0.6244236516097794,1.486630727603833,1.0,5.804296740748278,0.0259521734164917,0.0181117467463565,5.786184994001921,0.0078404266701352,9.357976262634908,-0.5906503488256949,0.6244236516097826,1.4866307276038329,2.089296956679686,5.804296740748276,0.0259521734164917,0.0181117467463564,5.786184994001919,0.0078404266701353,9.357976262634905,-0.590650348825696,0.624423651609784,1.486630727603833,4.365161773191001,5.804296740748271,0.0259521734164913,0.0181117467463563,5.786184994001914,0.0078404266701349,9.35797626263489,-0.5906503488256931,0.6244236516097783,1.4866307276038333,1.640000343322754,38.73936549503196,85455.5603684787,200989.8924275733,-200951.15306207823,-115534.3320590946,96423.46802097496,401350.74164260656,2613154.703618228,1.486630727603833,1.0,18.54181873194903,40901.58642480802,96199.77235025165,-96181.23053151969,-55298.18592544361,46151.15497064828,192098.4658810965,1250733.9781824877,1.4866307276038329,2.089296956679686,8.87466890564033,19576.722345621543,46044.087723069926,-46035.21305416429,-26467.365377448383,22089.322834121424,91944.0700545663,598638.6824561015,1.486630727603833,4.365161773191001,23.62155936684009,52107.03797328545,122554.78649677054,-122531.1649374037,-70447.74852348509,58794.78512084302,244726.01013326785,1593386.6770268325,1.4866307276038333,1.640000343322754,1.251625596811969,0.0208243513259742,0.0143904641528605,1.2372351326591084,0.0064338871731136,1.610091469319514,-0.4865924182855268,0.5211248308125009,0.7762353343457793,1.0,5.463548209550974,0.0909016623596425,0.0628167040185427,5.400731505532431,0.0280849583410997,7.028309733214464,-2.124054623424554,2.274794190523361,3.3883928084863286,2.089296956679686,23.849271790318056,0.3968004616518256,0.2742050750995945,23.575066715218465,0.1225953865522311,30.679708977574023,-9.271842046342467,9.929844642349568,14.790882760159834,4.365161773191001,3.36637361463949,0.0560091987766156,0.0387046085906172,3.3276690060488727,0.0173045901859984,4.33050382900375,-1.308739516171867,1.4016179317913224,2.087763429374049,1.640000343322754,28.0793225055015,67841.36780408864,159558.6616174166,-159530.5822949111,-91717.29381332795,76547.3439856379,318609.64811820054,2074498.11402294,0.7762353343457793,1.0,58.66604297822292,141740.76274644246,333365.4247642403,-333306.75872126204,-191624.66201779785,159930.13217835646,665670.1657034876,4334242.58069847,3.3883928084863286,2.089296956679686,122.57078508485858,296138.54419772315,696499.367441374,-696376.7966562891,-400360.8232436509,334141.53845463984,1390782.650405831,9055519.82774518,14.790882760159834,4.365161773191001,46.05009851880929,111259.86622621036,261676.25918558735,-261630.20908706856,-150416.39295937703,125537.6701080641,522519.9309925893,3402177.611085074,2.087763429374049,1.640000343322754,0.0027384460751931627,-0.17843981973548137,1.0931335316709458,1.2743117974816203,-0.18117826581067442,False
J0029-0055,12.661,11.693642341411865,-0.0794810980469624,7.858,4.0,11.579999923706056,3.801893295314423,1.789213112714907,0.9999966581273918,0.001788220116933,11.688564260099072,-0.079915452381365,J0029-0055,3.1500000000000004,4.0,forced_4_matched,0.0083253380787237,0.07991545238137132,3.801893295314423,7.181875440353204,0.0321116037323169,0.0224103478766634,7.159465092476541,0.0097012558556534,11.578977246322111,-0.5906503488256949,0.624423651609779,1.486630727603833,1.0,7.181875440353209,0.0321116037323172,0.0224103478766635,7.1594650924765455,0.0097012558556536,11.578977246322117,-0.5906503488256956,0.6244236516097847,1.486630727603833,1.949844428490238,7.181875440353196,0.0321116037323176,0.0224103478766638,7.159465092476532,0.0097012558556537,11.5789772463221,-0.5906503488256978,0.6244236516097839,1.4866307276038333,3.801893295314423,7.181875440353208,0.0321116037323169,0.0224103478766634,7.159465092476545,0.0097012558556534,11.578977246322118,-0.5906503488256938,0.6244236516097803,1.4866307276038333,1.5799999237060565,47.93367914038626,105737.39038105008,248692.38028540663,-248644.44660626628,-142954.98990435657,119308.39649579528,401350.74180422095,2613154.7045999854,1.486630727603833,1.0,24.58333517145863,54228.62901934874,127544.72926971302,-127520.14593454156,-73316.10025036428,61188.67459222578,205837.31451076764,1340186.2531328837,1.486630727603833,1.949844428490238,12.607844406190498,27811.772163957423,65412.77209755914,-65400.16425315294,-37600.99993360171,31381.31108196214,105566.01921671686,687329.8366462328,1.4866307276038333,3.801893295314423,30.337773058351665,66922.40205244474,157400.24791616958,-157369.91014311122,-90477.84586372484,75511.64682087307,254019.4684671909,1653895.4585452385,1.4866307276038333,1.5799999237060565,1.6776848849834265,0.0276609780637159,0.0191391489491921,1.6585457360342342,0.0085218291145238,2.1566317616139465,-0.5222230065430313,0.5588410444429874,0.8387560000471637,1.0,6.378378915868867,0.1051640870422815,0.0727650020679579,6.305613913800909,0.0323990849743236,8.199283834942237,-1.9854361472348927,2.1246540200143134,3.18886081298406,1.949844428490238,24.24991603521658,0.3998226374339175,0.2766447734957124,23.973271261720868,0.1231778639382051,31.1728022384466,-7.548416376447266,8.077707873555255,12.123708544574978,3.801893295314423,4.188172142401502,0.0690528589695067,0.0477789668225275,4.140393175578974,0.0212738921469792,5.383815009753179,-1.3036773876318726,1.3950906486171275,2.0938702763030164,1.5799999237060565,37.3537480644799,90221.120433914,212194.44234611472,-212157.08859805024,-121973.32191220071,101799.0550018172,342439.8383658187,2229658.7705644304,0.8387560000471637,1.0,72.83399750928255,175917.1486391968,413746.1502741585,-413673.3162766493,-237829.0016349617,198492.3197958894,667704.4093834464,4347487.721587322,3.18886081298406,1.949844428490238,142.01496424369077,343011.0720297465,806740.6256482017,-806598.6106839579,-463729.5536184552,387029.1437234476,1301919.72186219,8476924.707988713,12.123708544574978,3.801893295314423,59.0189190615386,142549.36307336926,335267.2019269766,-335208.1830079151,-192717.83885360736,160842.49875888412,541054.9171354179,3522860.678915165,2.0938702763030164,1.5799999237060565,-0.04853645163265472,-0.19579390736144245,0.12845190401402604,0.27570935974281374,-0.1472574557287877,False
J0037-0942,16.012,13.897830735859442,-0.1416056753410242,5.823,4.0,11.729999542236328,5.3703123031766005,1.7892131127149071,0.9999966581273918,0.0017882201169332,13.907776363968216,-0.1408903067826461,J0037-0942,5.133333333333334,4.0,forced_4_matched,0.0090854748207059,0.1408903067826559,5.3703123031766005,9.691770085917126,0.0433338454625705,0.0302422314296446,9.66152785448748,0.0130916140329259,15.625554388047243,-0.5906503488256929,0.6244236516097832,1.486630727603833,1.0,9.691770085917144,0.0433338454625711,0.0302422314296453,9.6615278544875,0.0130916140329257,15.625554388047268,-0.5906503488256969,0.6244236516097841,1.4866307276038329,2.3173934286556954,9.691770085917142,0.0433338454625705,0.030242231429645,9.661527854487495,0.0130916140329254,15.62555438804727,-0.590650348825696,0.624423651609782,1.4866307276038329,5.3703123031766005,9.691770085917137,0.0433338454625707,0.0302422314296451,9.661527854487492,0.0130916140329256,15.625554388047256,-0.5906503488256958,0.6244236516097841,1.486630727603833,1.729999542236328,64.68535986226898,142690.09281323926,335604.45080379903,-335539.76544393675,-192914.35799055977,161003.84273004523,401350.7399138556,2613154.6929461127,1.486630727603833,1.0,27.91298147478113,61573.52957808063,144819.79910342066,-144791.8861219459,-83246.26952534003,69476.26619063302,173190.5921340107,1127626.6954915947,1.4866307276038329,2.3173934286556954,12.044990354083586,26570.16673050573,62492.5391565807,-62480.49416622661,-35922.372426074966,29980.35014652723,74735.08409918516,486592.6888201544,1.4866307276038329,5.3703123031766005,37.39039128716626,82479.84414813871,193991.0630557706,-193953.67266448343,-111511.21890763188,93065.82952735788,231994.7085119569,1510494.4403793225,1.486630727603833,1.729999542236328,2.5811704228407497,0.0419851427586116,0.0291059635331962,2.552064459307553,0.0128791792254153,3.3147942495278047,-0.5871405482496841,0.6275585142102345,0.952732008589406,1.0,13.86169127837723,0.2254733287072004,0.1563081140581354,13.705383164319096,0.069165214649065,17.80148034073821,-3.153128109959148,3.37018520982645,5.116468427357838,2.3173934286556954,74.44161121510497,1.2108621911944455,0.8394233880127283,73.60218782709224,0.3714388031817174,95.59950888862276,-16.933282682405572,18.09894709631477,27.477033344254437,5.3703123031766005,7.725180870302081,0.1256572672635729,0.0871111921586711,7.63806967814341,0.0385460751049018,9.920842459234796,-1.7572520169068264,1.8782188832136684,2.851430119511116,1.729999542236328,56.82553359808684,137188.00076960522,322657.6120383109,-322600.7865047128,-185469.6112687057,154793.1210287245,385857.5132302443,2512355.4206916005,0.952732008589406,1.0,131.68711809876493,317918.5714964834,747724.6297936292,-747592.9426755304,-429806.05829714576,358716.5614455721,894183.6660083174,5822115.944948895,5.116468427357838,2.3173934286556954,305.17086235969543,736742.410844262,1732772.1492476207,-1732466.978385261,-996029.7384033588,831287.4049686795,2072175.3593659436,13492133.27970139,27.477033344254437,5.3703123031766005,98.3081470273651,237335.1782103248,558197.5202614649,-558099.2121144375,-320862.3420511401,267792.02810541407,667533.3206131982,4346373.72350765,2.851430119511116,1.729999542236328,0.12202082322419351,0.12015413788636327,0.018869483558462394,0.020736168896292637,-0.0018666853378302428,False
J0044+0113,3.721,10.302586251892478,1.0184025067692537,4.154,4.0,11.470000267028809,2.951211041237279,1.7892131127149071,0.9999966581273918,0.0017882201169329,10.31001658234329,1.0191234570376306,J0044+0113,3.75,4.0,forced_4_matched,0.0089574523705581,-1.0191234570378025,2.951211041237279,13.585743189767818,0.0607445792317156,0.042392997981421,13.543350191786397,0.0183515812502945,21.90361174809803,-0.5906503488256933,0.6244236516097823,1.486630727603833,1.0,13.585743189767816,0.0607445792317154,0.0423929979814205,13.543350191786397,0.0183515812502948,21.903611748098022,-0.5906503488256907,0.6244236516097843,1.486630727603833,1.717908915291285,13.585743189767811,0.0607445792317172,0.0423929979814216,13.543350191786391,0.0183515812502956,21.90361174809803,-0.5906503488256962,0.6244236516097844,1.4866307276038329,2.951211041237279,13.585743189767818,0.0607445792317166,0.0423929979814212,13.543350191786397,0.0183515812502954,21.90361174809803,-0.590650348825694,0.6244236516097843,1.4866307276038333,1.4700002670288086,90.67473534481204,200020.3208536401,470444.0833953928,-470353.4086600479,-270423.76254175266,225692.19518004992,401350.74137276434,2613154.7019097777,1.486630727603833,1.0,52.78203898300242,116432.43659976704,273846.93054326414,-273794.1485042811,-157414.49394349707,131376.11265373166,233627.4862225009,1521125.293097757,1.486630727603833,1.717908915291285,30.724585266732987,67775.67484593485,159407.12972246105,-159376.40513719432,-91631.4548765262,76474.43406290583,135995.26888214494,885451.6506132109,1.4866307276038329,2.951211041237279,61.68348218740224,136068.22047647185,320029.92987743736,-319968.24639525,-183961.7094009655,153532.07734455296,273027.665014662,1777655.9330873752,1.4866307276038333,1.4700002670288086,4.308025497856323,0.0689826756858944,0.0479294658644446,4.260096031991878,0.0210532098214498,5.526868056336844,-0.6878567921847032,0.7341701520776872,1.1296754996265457,1.0,12.713892415205258,0.2035824341383021,0.1414499688597535,12.572442446345503,0.0621324652785485,16.31095403132286,-2.0300105598855462,2.166691058958528,3.3339108075130994,1.717908915291285,37.52137967285664,0.6008147274309319,0.4174487098815811,37.103930962975056,0.1833660175493507,48.13706763035369,-5.990989578162533,6.394362576148504,9.839074385632951,2.951211041237279,9.309215680396717,0.1490647180455199,0.1035708204142136,9.2056448599825,0.0454938976313063,11.943013521887607,-1.486390282244061,1.586468857995801,2.4411166740114343,1.4700002670288086,93.61379045271164,225879.3023893548,531254.0146432712,-531160.4008528185,-305374.7122539164,254866.0372945385,453217.8181212524,2950944.8324882197,1.1296754996265457,1.0,160.81996519705882,388040.0673742088,912646.0080594224,-912485.1880942254,-524605.9406852135,437836.6376812152,778586.9304473222,5069454.436997397,3.3339108075130994,1.717908915291285,276.2740517711111,666617.488129023,1567842.7066965264,-1567566.432644755,-901225.2185675034,752163.4599632743,1337541.4212872805,8708860.924603075,9.839074385632951,2.951211041237279,137.61229686744963,332042.63413293206,780943.5416952561,-780805.9293983887,-448900.9075623241,374653.1420726612,666230.3121748051,4337889.682472112,2.4411166740114343,1.4700002670288086,-0.15204548439610008,-0.15908329239652688,0.8670779726417024,0.8600401646412756,0.0070378080004267485,True
J0157-0056,30.258,14.058904628550357,-0.7665046359059735,11.385,4.0,11.739999771118164,5.495405842387226,1.7892131127149071,0.9999966581273916,0.0017882201169332,14.05190646156213,-0.7670025345336837,J0157-0056,3.0,4.0,forced_4_matched,0.0080455196108306,0.767002534533722,5.495405842387226,4.956976478726001,0.0221636347938998,0.0154677657984034,4.941508712927598,0.0066958689954964,7.991884339183067,-0.5906503488256958,0.6244236516097822,1.486630727603833,1.0,4.956976478725993,0.0221636347938997,0.0154677657984033,4.94150871292759,0.0066958689954963,7.991884339183051,-0.5906503488256939,0.6244236516097822,1.486630727603833,2.3442281975923813,4.9569764787259984,0.0221636347938997,0.0154677657984034,4.941508712927595,0.0066958689954963,7.991884339183064,-0.5906503488256951,0.6244236516097823,1.486630727603833,5.495405842387226,4.956976478726001,0.0221636347938995,0.0154677657984033,4.941508712927598,0.0066958689954961,7.991884339183067,-0.5906503488256933,0.6244236516097794,1.486630727603833,1.739999771118164,33.084132682551974,72980.62474501046,171649.07528535623,-171615.99115267367,-98668.45054034576,82347.42016982248,401350.7413424329,2613154.7017163835,1.486630727603833,1.0,14.113017120159224,31132.04802364237,73221.99931077591,-73207.88629365574,-42089.95128713354,35127.732164170025,171208.05146997163,1114718.5704408274,1.486630727603833,2.3442281975923813,6.020325638684478,13280.297544092957,31235.01342060513,-31228.993094966445,-17954.71587651217,14984.775012136955,73033.86727850608,475516.2356018949,1.486630727603833,5.495405842387226,19.013871853591123,41942.893256227166,98648.90670598487,-98629.89283413129,-56706.01344975771,47326.10971744527,230661.37568457576,1501813.2429163745,1.486630727603833,1.739999771118164,1.0141462040066065,0.0169802227236935,0.0117237002452597,1.0024225037613466,0.0052565224784337,1.3052848423314274,-0.4646767779035922,0.4979263652547547,0.7377965769847507,1.0,5.573144974532712,0.0933132151608214,0.0644264908221968,5.508718483710514,0.0288867243386246,7.173069948527579,-2.5535874801130696,2.736307456699614,4.054491619655295,2.3442281975923813,30.626693453518143,0.512793987766713,0.3540497140688075,30.272643739449336,0.1587442736979055,39.41893050299084,-14.032999557260233,15.037119984114792,22.28107693456375,5.495405842387226,3.0704282394740865,0.0514093087933582,0.0354946655245187,3.034933573949568,0.0159146432688395,3.951879348971844,-1.4068550426618005,1.50752146684259,2.2337523288176104,1.739999771118164,22.872171024821466,55272.38434283582,129997.19730566272,-129974.3251346379,-74724.8129628269,62365.402658012674,303952.1891673749,1979061.991594172,0.7377965769847507,1.0,53.61758826338887,129571.08206811076,304743.09585690405,-304689.47826864064,-175172.0137887933,146198.73561939155,712533.2935750778,4639372.931675994,4.054491619655295,2.3442281975923813,125.69186230032018,303744.1837047843,714387.3573730848,-714261.6655107845,-410643.1736683005,342723.1980411747,1670340.634458783,10875748.82089942,22.28107693456375,5.495405842387226,39.79757233575236,96173.93600139802,226195.0932997213,-226155.2957273856,-130021.15729832332,108515.78622734948,528876.738995064,3443567.4087395207,2.2337523288176104,1.739999771118164,0.11967485528918365,-0.0505188132581109,0.6473276792445384,0.8175213477918329,-0.17019366854729456,False
J0216-0813,26.386,19.63126136425356,-0.2957103032710333,11.452,4.0,12.029999732971191,10.715186464071412,1.7892131127149071,0.9999966581273916,0.0017882201169331,19.62380774334562,-0.2960900565700064,J0216-0813,5.8,4.0,forced_4_matched,0.0088751325492219,0.29609005657001947,10.715186464071412,4.927975655806463,0.022033966305322,0.0153772715346508,4.912598384271812,0.0066566947706711,7.9451277682151,-0.5906503488256951,0.6244236516097825,1.4866307276038333,1.0,4.927975655806449,0.0220339663053222,0.015377271534651,4.912598384271798,0.0066566947706712,7.945127768215078,-0.5906503488256956,0.624423651609782,1.4866307276038333,3.273405942450678,4.92797565580646,0.022033966305322,0.0153772715346509,4.912598384271809,0.0066566947706711,7.945127768215093,-0.5906503488256936,0.6244236516097847,1.486630727603833,10.715186464071412,4.92797565580646,0.0220339663053219,0.0153772715346508,4.912598384271809,0.006656694770671,7.945127768215095,-0.5906503488256932,0.6244236516097796,1.486630727603833,2.0299997329711914,32.89057373714411,72553.65093026083,170644.84080712113,-170611.95023338398,-98091.1898768603,81865.6458401141,401350.739992037,2613154.693379914,1.4866307276038333,1.0,10.04781390324788,22164.57481936115,52130.66872918444,-52120.62091528119,-29966.09390982329,25009.31668033054,122609.52260861908,798298.3897645555,1.4866307276038333,3.273405942450678,3.0695288259181943,6771.104834186503,15925.51293644747,-15922.443407621551,-9154.408102260968,7640.151297376436,37456.25341811808,243873.93535542773,1.486630727603833,10.715186464071412,16.20225520452546,35740.71946945996,84061.50904405762,-84045.3067888531,-48320.78957459766,40327.90968414684,197709.7503239148,1287268.4923177306,1.486630727603833,2.0299997329711914,1.0063494812187284,0.0168535173382813,0.0116358510545679,0.9947136301641604,0.0052176662837133,1.295274982121374,-0.4639266818249628,0.4971323625360663,0.7364812041505194,1.0,10.783222339280169,0.1805885808551468,0.1246803137178579,10.65854202556231,0.0559082671372889,13.879112955677238,-4.971060901412429,5.326865961898312,7.891533429756657,3.273405942450678,115.5442380489276,1.9350403171449144,1.335972809885761,114.20826523904184,0.5990675072591531,148.7172832759913,-53.265844482888845,57.07836205085556,84.55925218729561,10.715186464071412,4.147064486133652,0.0694516413278035,0.0479501659959136,4.099114320137739,0.0215014753318898,5.337697269568564,-1.9117949601724584,2.048632213815337,3.0349645957374323,2.0299997329711914,22.700653111088727,54858.31928212228,129023.34214548428,-129000.6414923732,-74165.02286336201,61898.201285519775,303450.5143594473,1975795.5390995168,0.7364812041505194,1.0,74.30845279689805,179573.54831939557,422345.774881304,-422271.4664285071,-242772.2265619084,202617.9399098598,993316.7167361814,6467580.857578326,7.891533429756657,3.273405942450678,243.24173085181064,587817.1196935592,1382509.1680337274,-1382265.9263028756,-794692.0483401682,663250.7679572719,3251528.8409709646,21171017.59753901,84.55925218729561,10.715186464071412,46.08231975591641,111362.37356907374,261917.35026426575,-261871.26794450983,-150554.97669519205,125653.33215772951,616004.4636895566,4010864.420288371,3.0349645957374323,2.0299997329711914,0.47165682895223243,0.6512062222777538,0.17556677238221297,0.35511616570773435,-0.1795493933255214,False
J0252+0039,18.674,10.18469663106502,-0.6062459186817049,5.899,4.0,11.460000038146973,2.8840317564502844,1.7892131127149071,0.9999966581273916,0.0017882201169332,10.180890605901787,-0.6066196889210067,J0252+0039,3.35,4.0,forced_4_matched,0.0085885603812838,0.6066196889210514,2.8840317564502844,9.566905782386089,0.0427755521492708,0.0298526044439434,9.537053177942145,0.0129229477053273,15.424241939582853,-0.5906503488256947,0.624423651609783,1.486630727603833,1.0,9.56690578238608,0.0427755521492709,0.0298526044439432,9.537053177942136,0.0129229477053277,15.424241939582844,-0.5906503488256937,0.6244236516097837,1.486630727603833,1.698243727045763,9.566905782386094,0.0427755521492709,0.0298526044439434,9.53705317794215,0.0129229477053274,15.424241939582854,-0.5906503488256941,0.6244236516097859,1.4866307276038333,2.8840317564502844,9.56690578238608,0.0427755521492709,0.0298526044439433,9.537053177942138,0.0129229477053276,15.424241939582846,-0.5906503488256931,0.6244236516097847,1.4866307276038333,1.4600000381469729,63.8519834274979,140851.73915885738,331280.67709655146,-331216.825113124,-190428.93793769408,158929.54311892812,401350.7393675037,2613154.689475109,1.486630727603833,1.0,37.59883369655015,82939.64955370108,195072.5168566135,-195034.91802291697,-112132.86730291243,93584.64927721563,236332.82689971547,1538739.4969348216,1.486630727603833,1.698243727045763,22.139833676550044,48838.48408271677,114867.2083852758,-114845.06855159924,-66028.72430255901,55106.72432816361,139163.07897241687,906076.9465519089,1.4866307276038333,2.8840317564502844,43.73423409913056,96473.7915433196,226904.56769617324,-226860.8334620741,-130430.77615285364,108855.84873607168,274897.75992512965,1789831.9349265012,1.4866307276038333,1.4600000381469729,2.532340040055911,0.0412155148432707,0.0285699933236097,2.5037700467323014,0.0126455215196609,3.252219106966366,-0.5839109769820318,0.6241399009955043,0.9470601904457056,1.0,7.303349093651814,0.1188668536664409,0.0823967680268626,7.220952325624951,0.0364700856395783,9.379503183425356,-1.6840178005560902,1.8000392949387725,2.731351664515268,1.698243727045763,21.063090714534308,0.3428157807633454,0.2376348956183406,20.82545581891597,0.1051808851450047,27.05078504072536,-4.856760815231332,5.191370489461818,7.87730493849538,2.8840317564502844,5.397936311458402,0.0878549960308778,0.0608998009509938,5.337036510507408,0.026955195079884,6.932430610671444,-1.2446647035762517,1.3304166824844406,2.018753607446305,1.4600000381469729,55.77826779808706,134662.46769146045,316717.7159311569,-316661.9376633588,-182055.24823969643,151943.49026674472,383697.5344220174,2498291.591374446,0.9470601904457056,1.0,94.72509346218648,228689.69170595257,537863.8759060794,-537769.1508126173,-309174.18420012685,258037.07996408813,651611.9332042596,4242708.03759246,2.731351664515268,1.698243727045763,160.86629558994554,388370.8328728229,913423.9496421688,-913263.083346579,-525053.1167693461,438209.8506669794,1106595.8733571337,7205152.281345498,7.87730493849538,2.8840317564502844,81.43627314891613,196607.2082101677,462407.87789347104,-462326.4416203221,-265800.66968330333,221837.5018484033,560198.4157440763,3647505.82400502,2.018753607446305,1.4600000381469729,-0.19895870489778777,-0.29968083587968675,0.8055783938188392,0.9063005248007382,-0.10072213098189897,False
J0330-0020,26.972,11.69357844405934,-0.8357594506774846,4.504,4.0,11.579999923706056,3.801893295314423,1.7892131127149071,0.999996658127392,0.0017882201169328,11.702021527490963,-0.8350376838659108,J0330-0020,2.85,4.0,forced_4_matched,0.0077416824833234,0.8350376838659594,3.801893295314423,12.530012702108236,0.0560241967425723,0.0390986930761149,12.490914009032124,0.0169255036664573,20.20151047992877,-0.5906503488256936,0.6244236516097803,1.4866307276038333,1.0,12.530012702108223,0.0560241967425731,0.0390986930761154,12.49091400903211,0.0169255036664576,20.201510479928743,-0.5906503488256954,0.6244236516097811,1.4866307276038333,1.949844428490238,12.530012702108229,0.0560241967425727,0.0390986930761152,12.490914009032112,0.0169255036664575,20.20151047992875,-0.5906503488256958,0.6244236516097822,1.486630727603833,3.801893295314423,12.530012702108223,0.0560241967425724,0.0390986930761148,12.490914009032108,0.0169255036664575,20.201510479928743,-0.590650348825694,0.6244236516097794,1.4866307276038333,1.5799999237060565,83.62851920428902,184477.0008615755,433886.48318370566,-433802.8546645014,-249409.48232213012,208153.9471018781,401350.7408259904,2613154.6985015245,1.4866307276038333,1.0,42.889841863098624,94611.1381582762,222523.641503071,-222480.7516612079,-127912.5033447948,106754.1306266765,205837.3141501144,1340186.250919112,1.4866307276038333,1.949844428490238,21.9965455845504,48522.40350095008,114123.79273072883,-114101.79618514428,-65601.38922977875,54750.07596725287,105566.01904766832,687329.8355930637,1.486630727603833,3.801893295314423,52.92944507005794,116757.60099098108,274611.7111389111,-274558.78169384104,-157854.11014793,131743.01069402063,254019.46824524435,1653895.457149192,1.4866307276038333,1.5799999237060565,3.8007721975840094,0.0610894362846403,0.0424222503666074,3.758349947217402,0.0186671859180329,4.877222613702132,-0.6605506946619418,0.7052657006512776,1.0816919738991642,1.0,14.4501303350121,0.2322555182251157,0.1612848692409567,14.288845465771145,0.070970648984159,18.542679954790017,-2.5113432572505303,2.6813449387213275,4.11247746316266,1.949844428490238,54.937853637102016,0.8830106975398404,0.6131878630028513,54.32466577409917,0.2698228345369891,70.49729059727723,-9.547859091973873,10.194187344949892,15.635200494329764,3.801893295314423,9.488246797724903,0.1525036540129943,0.1059028955876669,9.382343902137238,0.0466007584253274,12.175497357001994,-1.6489985949026602,1.7606251250741494,2.7003355828579947,1.5799999237060565,82.84927194593234,199931.88145457552,470227.3010718074,-470144.4517998615,-270295.4196172319,225588.82483625115,434955.152596466,2832034.8640486365,1.0816919738991642,1.0,161.54319129042574,389836.0646023463,916870.0818687644,-916708.538677474,-527034.0172664181,439863.11264254845,848094.8795492405,5522027.392486541,4.11247746316266,1.949844428490238,314.9840914265194,760119.6783083043,1787754.0200670904,-1787439.035975664,-1027634.341758786,857664.6391429079,1653653.075140735,10767094.341571989,15.635200494329764,3.801893295314423,130.90184329874043,315892.35709578963,742959.0989011007,-742828.197057802,-427066.7418053111,356430.3255909624,687229.1072695827,4474614.865040593,2.7003355828579947,1.5799999237060565,-0.06120986773502071,-0.06569611078439991,0.8962475516009801,0.9007337946503593,-0.004486243049379168,False
J0728+3835,14.216,13.272352005935884,-0.0686850158674614,6.011,4.0,11.6899995803833,4.897783461428336,1.7892131127149071,0.9999966581273916,0.0017882201169332,13.281699722793045,-0.0679809638200539,J0728+3835,3.1500000000000004,4.0,forced_4_matched,0.0083253380787269,0.06798096382005872,4.897783461428336,9.388650342754191,0.0419785363714105,0.0292963755805725,9.359353967173618,0.012682160790838,15.13684964258844,-0.5906503488256971,0.624423651609781,1.4866307276038329,1.0,9.388650342754204,0.0419785363714109,0.0292963755805724,9.35935396717363,0.0126821607908384,15.136849642588464,-0.5906503488256984,0.6244236516097814,1.4866307276038333,2.213093640456349,9.388650342754204,0.0419785363714103,0.0292963755805724,9.35935396717363,0.0126821607908379,15.136849642588457,-0.5906503488256958,0.6244236516097805,1.4866307276038333,4.897783461428336,9.388650342754197,0.0419785363714109,0.0292963755805725,9.359353967173623,0.0126821607908384,15.136849642588444,-0.5906503488256962,0.6244236516097819,1.4866307276038333,1.6899995803833008,62.66226092727939,138227.31841248827,325108.08818110183,-325045.4259201746,-186880.7697686136,155968.28758872292,401350.7403600397,2613154.695604773,1.4866307276038329,1.0,28.314328765446824,62458.86560687459,146902.09303306957,-146873.77870430413,-84443.22742619498,70475.23185937614,181352.80514391745,1180770.0515213322,1.4866307276038333,2.213093640456349,12.794003952727286,28222.423442642004,66378.6162852836,-66365.82228133087,-38156.1928426416,31844.667944925168,81945.3830004416,533538.2268124324,1.4866307276038333,4.897783461428336,37.07827010472872,81791.33285628224,192371.69730629065,-192334.61903618588,-110580.36445000838,92288.950354438,237485.70366291108,1546245.7629736303,1.4866307276038333,1.6899995803833008,2.4633346397368183,0.0401271442843092,0.0278121274372199,2.4355225122995985,0.0123150168470893,3.1637869408977144,-0.5793004627689395,0.619259511770641,0.9389634077770608,1.0,12.064879658466497,0.1965340636300393,0.1362177777891529,11.928661880677344,0.0603162858408864,15.495543354611744,-2.8372882257475007,3.0329989950824308,4.598839449496877,2.213093640456349,59.09116805536034,0.9625812864545042,0.6671651792082324,58.42400287615211,0.2954161072462719,75.89381596806314,-13.896423347371424,14.854972316643456,22.524119797509982,4.897783461428336,7.035526570794277,0.114607079877916,0.0794341777273845,6.956092393066892,0.0351729021505315,9.03608739468542,-1.6545392300900486,1.7686662132697184,2.681772057216252,1.6899995803833008,54.29745326603881,131091.32314516438,308318.6069531951,-308264.3094999291,-177227.28380803074,147914.06636695334,380613.96489892656,2478214.173840105,0.9389634077770608,1.0,120.16534851047052,290117.3732613817,682337.9476111078,-682217.7822625973,-392220.5743497261,327347.67929372354,842334.3438915017,5484520.019961551,4.598839449496877,2.213093640456349,265.9371687830368,642056.9161385987,1510077.7779501537,-1509811.8407813706,-868020.861811555,724451.0698533071,1864164.788229922,12137756.430355376,22.524119797509982,4.897783461428336,91.76267322154148,221544.28077645355,521058.3156446785,-520966.55297145696,-299514.03486822493,249974.70974722537,643237.4396486853,4188180.90586036,2.681772057216252,1.6899995803833008,0.07757125708594952,0.03617814701732777,0.009590293265890795,0.03180281680273095,-0.022212523536840154,False
J0737+3216,21.785,18.1112446823946,-0.1846886610245066,8.415,4.0,11.960000038146973,9.120109194638909,1.7892131127149076,0.9999966581273916,0.001788220116933,18.123959516387348,-0.1839868664688668,J0737+3216,4.566666666666666,4.0,forced_4_matched,0.0091639613174173,0.18398686646887627,9.120109194638909,6.706497588864584,0.0299860941329234,0.0209269772566635,6.685570611607921,0.0090591168762598,10.812549400071198,-0.590650348825696,0.6244236516097833,1.486630727603833,1.0,6.706497588864586,0.0299860941329234,0.0209269772566635,6.685570611607923,0.0090591168762599,10.8125494000712,-0.590650348825695,0.6244236516097841,1.486630727603833,3.0199518530332417,6.706497588864588,0.0299860941329233,0.0209269772566633,6.6855706116079245,0.0090591168762599,10.812549400071202,-0.5906503488256949,0.6244236516097839,1.4866307276038333,9.120109194638909,6.706497588864584,0.0299860941329231,0.0209269772566633,6.685570611607921,0.0090591168762597,10.812549400071198,-0.5906503488256961,0.6244236516097825,1.4866307276038333,1.9600000381469729,44.76088536001088,98738.49190040688,232231.10093359003,-232186.34004823,-133492.60903318317,111411.21508489957,401350.7393472093,2613154.689383299,1.486630727603833,1.0,14.821721532401495,32695.386303233925,76898.9419395918,-76884.1202180594,-44203.555636357865,36891.719177059655,132899.71549525537,865296.8104824848,1.486630727603833,3.0199518530332417,4.90793305710469,10826.459456177725,25463.63176084969,-25458.72382779259,-14637.17230467197,12215.995805084724,44007.229896932775,286526.690642472,1.4866307276038333,9.120109194638909,22.83718598883355,50376.78087271107,118485.25389734868,-118462.41671135984,-68108.4730246376,56842.45586698693,204770.782733783,1333242.1707906667,1.4866307276038333,1.9600000381469729,1.5250672295448642,0.0252196657506885,0.0174426647588316,1.5076245647860325,0.0077770009918569,1.9608946258246744,-0.5099275257127996,0.5458258514764538,0.8171778611508548,1.0,13.908779662614592,0.2300061054985762,0.1590790072460251,13.749700655368567,0.0709270982525511,17.88357310670161,-4.650594715852776,4.977991366722023,7.452751325137264,3.0199518530332417,126.84958928721784,2.0976807975806437,1.4508179166584945,125.39877137055934,0.6468628809221488,163.10013952342626,-42.41393162858803,45.399824834474686,67.96990588574167,9.120109194638909,5.8586984970721945,0.096883871719096,0.067007743545836,5.791690753526359,0.02987612817326,7.532973087792654,-1.958937659030884,2.096844672652634,3.1392705935947403,1.9600000381469729,34.04015973875886,82226.09692936412,193390.6463108856,-193356.6061511468,-111164.54938152146,92778.04274123104,334216.4625243056,2176115.5815987894,0.8171778611508548,1.0,102.79964359817296,248318.85517692412,584030.4438877053,-583927.6442441072,-335711.5887107812,280185.2236197795,1009317.6321807484,6571764.325456794,7.452751325137264,3.0199518530332417,310.44997413026766,749910.9866795779,1763743.8208231512,-1763433.3708490208,-1013832.8341435732,846145.8850601518,3048090.65311819,19846411.849304263,67.96990588574167,9.120109194638909,66.71871446701387,161163.15398627194,379045.6761461368,-378978.9574316698,-217882.5221598649,181844.9682631888,655064.2835772121,4265186.649428963,3.1392705935947403,1.9600000381469729,0.39191855486222826,0.5563286098610026,0.207931688393352,0.37234174339212633,-0.16441005499877434,False
J0822+2652,16.934,13.27234315362485,-0.2436410272092062,6.926,4.0,11.6899995803833,4.897783461428336,1.7892131127149076,0.999996658127392,0.0017882201169334,13.26801455856834,-0.2439672168666202,J0822+2652,3.85,4.0,forced_4_matched,0.009010033581788,0.24396721686663672,4.897783461428336,8.148307422797505,0.0364327147167986,0.0254260054309588,8.122881417366546,0.0110067092858397,13.137107017268155,-0.5906503488256954,0.6244236516097796,1.486630727603833,1.0,8.148307422797492,0.0364327147167989,0.0254260054309588,8.122881417366534,0.01100670928584,13.137107017268136,-0.5906503488256963,0.6244236516097801,1.4866307276038333,2.213093640456349,8.148307422797496,0.0364327147167983,0.0254260054309586,8.122881417366537,0.0110067092858397,13.137107017268136,-0.5906503488256953,0.6244236516097796,1.4866307276038329,4.897783461428336,8.148307422797496,0.0364327147167984,0.0254260054309586,8.122881417366537,0.0110067092858397,13.13710701726814,-0.5906503488256927,0.6244236516097772,1.4866307276038335,1.6899995803833008,54.38389408874392,119965.98483549849,282157.7704547364,-282103.3865606477,-162191.78561923795,135363.1788558935,401350.7402615549,2613154.695063431,1.486630727603833,1.0,24.57369770006856,54207.36962547254,127494.72757689096,-127470.15387919093,-73287.35795141844,61164.6866366899,181352.8056611934,1180770.0547105337,1.4866307276038333,2.213093640456349,11.10377674948564,24493.934071358915,57609.278465054784,-57598.1746883053,-33115.344393695865,27637.64064284267,81945.38303404092,533538.2270201289,1.4866307276038329,4.897783461428336,32.17982697275363,70985.8074051401,166957.30192627906,-166925.12209930632,-95971.49452113896,80096.57535095318,237485.7038512255,1546245.7641303109,1.4866307276038335,1.6899995803833008,2.006121485044421,0.0328908901487829,0.0227758407185402,1.9833456443258808,0.0101150494302426,2.5777501470913395,-0.5472194296549964,0.5853006253871875,0.8826334823397552,1.0,9.82554863106659,0.1610924578023661,0.1115511359913924,9.713997495075198,0.0495413218109737,12.62526203811838,-2.68016227233649,2.8666757229850326,4.322947672306552,2.213093640456349,48.1234095846978,0.7889959755852642,0.5463533089621803,47.577056275735615,0.2426426666230839,61.83579960649528,-13.126854451393845,14.040356945314198,21.17286161404315,4.897783461428336,5.729680728144687,0.0939396247046484,0.0650500463731501,5.664630681771537,0.0288895783314983,7.362308539073515,-1.5629126369139774,1.6716762860339662,2.5208882370677386,1.6899995803833008,44.4578066256891,107359.06657325712,252501.8215071439,-252457.3637005182,-145142.75493388678,121136.28675718668,359157.7623464019,2338510.779115406,0.8826334823397552,1.0,98.3892891392606,237595.66777270837,558810.1760493069,-558711.7867601676,-321214.5082765985,268085.9461682372,794849.7610094269,5175343.341039103,4.322947672306552,2.213093640456349,217.74471017233952,525821.4622945624,1236699.249023388,-1236481.5043132158,-710877.7867288258,593299.3036005133,1759076.955051357,11453519.458977925,21.17286161404315,4.897783461428336,75.13367453036449,181436.77729635267,426727.97200381226,-426652.8383292819,-245291.1947074596,204720.2736033544,606976.467042875,3952082.231625135,2.5208882370677386,1.6899995803833008,0.07424584310249113,-0.008812356406709337,0.1697213737641456,0.25277957327334605,-0.08305819950920046,False
J0841+3824,6.218,12.675044145686796,0.7121867207289594,8.844,4.0,11.649999618530272,4.466831997992276,1.7892131127149071,0.999996658127392,0.001788220116933,12.669370534721166,0.7117389999090513,J0841+3824,4.05,4.0,forced_4_matched,0.0091004436738303,-0.7117389999091329,4.466831997992276,6.381182407315179,0.0285315447906544,0.0199118626882432,6.361270544626936,0.0086196821024112,10.288060063500572,-0.5906503488256961,0.6244236516097794,1.4866307276038333,1.0,6.381182407315183,0.028531544790654,0.0199118626882428,6.36127054462694,0.0086196821024112,10.288060063500584,-0.5906503488256911,0.6244236516097788,1.4866307276038333,2.1134881116278548,6.3811824073151815,0.0285315447906544,0.019911862688243,6.361270544626938,0.0086196821024113,10.288060063500575,-0.5906503488256937,0.6244236516097823,1.4866307276038333,4.466831997992276,6.38118240731518,0.0285315447906543,0.019911862688243,6.361270544626937,0.0086196821024113,10.288060063500575,-0.5906503488256922,0.6244236516097794,1.4866307276038333,1.6499996185302717,42.58964842541892,93948.93864236207,220966.1605162389,-220923.57086781348,-127017.2218738768,106006.94022370606,401350.7417029796,2613154.703940884,1.4866307276038333,1.0,20.151354626801137,44452.07817293469,104550.46308223395,-104530.31172760716,-60098.38490929928,50157.33931550531,189899.6923663076,1236417.9825726177,1.4866307276038333,2.1134881116278548,9.53464298862539,21032.565874150423,49468.20469226278,-49458.67004927415,-28435.638818112355,23732.018539511697,89851.3174047996,585012.9784175559,1.4866307276038333,4.466831997992276,25.81191409472056,56938.76373753608,133918.91585165553,-133893.1039375608,-76980.15211411945,64246.645163331086,243242.92936035743,1583730.4858377387,1.4866307276038333,1.6499996185302717,1.4240227675991053,0.0235988741096609,0.0163168128155258,1.4077059547835793,0.007282061294135,1.831280018406912,-0.5015133630293734,0.5369191684041346,0.8024132808130134,1.0,6.360870464181202,0.1054122059896233,0.0728844615896402,6.287986002591562,0.032527744399983,8.180020183503883,-2.2401759374003043,2.3983277217629886,3.584245318349529,2.1134881116278548,28.41293972448865,0.4708586146934091,0.3255626451850472,28.0873770793036,0.145295969508362,36.53877589989788,-10.006489558312062,10.712927009242897,16.010221676657707,4.466831997992276,3.8769001921575543,0.0642479050561097,0.0444225023498496,3.832477689807705,0.01982540270626,4.985657544806032,-1.3653694995173826,1.4617617600795851,2.184569146895503,1.6499996185302717,31.841292452859307,76920.16356707516,180911.4223405051,-180879.58104805223,-103991.25877342992,86791.20729873024,328588.9655814374,2139474.408067124,0.8024132808130134,1.0,67.29619307806755,162569.85143951373,382354.1408471689,-382286.8446540909,-219784.2894076552,183432.1850455076,694468.8732596058,4521753.732169721,3.584245318349529,2.1134881116278548,142.2297038598153,343589.4464646316,808100.926771704,-807958.6970678442,-464511.4803070724,387681.7403174502,1467751.6981219903,9556672.69837778,16.010221676657707,4.466831997992276,52.53812037976859,126918.2402783982,298503.7772457269,-298451.2391253471,-171585.5369673287,143205.45864781126,542171.6664466152,3530131.9484475586,2.184569146895503,1.6499996185302717,0.04528017929863244,-0.10973318655786944,0.7570191792077654,0.6020058133512635,0.15501336585650194,True
J0912+0029,12.89,18.11130150197408,0.3400843188431066,11.286,4.0,11.960000038146973,9.120109194638909,1.7892131127149076,0.9999966581273916,0.001788220116933,18.10393876936026,0.3396777092135639,J0912+0029,4.966666666666666,4.0,forced_4_matched,0.0091229702730837,-0.33967770921358653,9.120109194638909,5.000458728539383,0.0223580526429689,0.0156034479545297,4.984855280584853,0.0067546046884391,8.061988587772383,-0.5906503488256934,0.6244236516097786,1.486630727603833,1.0,5.000458728539382,0.0223580526429689,0.0156034479545296,4.984855280584852,0.0067546046884392,8.061988587772383,-0.5906503488256942,0.6244236516097792,1.4866307276038333,3.0199518530332417,5.000458728539381,0.0223580526429689,0.0156034479545297,4.984855280584851,0.0067546046884392,8.06198858777238,-0.5906503488256964,0.6244236516097785,1.4866307276038333,9.120109194638909,5.000458728539376,0.0223580526429691,0.0156034479545297,4.984855280584846,0.0067546046884394,8.061988587772372,-0.5906503488256964,0.6244236516097823,1.486630727603833,1.9600000381469729,33.37434435846554,73620.80549195851,173154.76853180863,-173121.39418745018,-99533.96303985012,83069.76577228488,401350.7402006844,2613154.6946665486,1.486630727603833,1.0,11.051283591525806,24378.13882485678,57336.93019514464,-57325.87891155311,-32958.79137028786,27506.983502570733,132899.71493269358,865296.8070122944,1.4866307276038333,3.0199518530332417,3.6594237702442936,8072.360112384769,18986.041206150672,-18982.381782380427,-10913.681093765905,9108.417915819056,44007.229836144674,286526.69027160155,1.4866307276038333,9.120109194638909,17.027726390693076,37561.63480186687,88344.26812183179,-88327.2403954411,-50782.63331996492,42382.5328190589,204770.782337191,1333242.168327426,1.486630727603833,1.9600000381469729,1.025877279227186,0.0171708012854038,0.0118558412574274,1.0140214379697583,0.0053149600279764,1.3203454831830936,-0.465801430992417,0.4991168495614331,0.7397688079593066,1.0,9.356112806850986,0.1565995826823298,0.1081265668620428,9.247986239988943,0.0484730158202869,12.041694981278065,-4.248159913669909,4.552000168884437,6.746772307376734,3.0199518530332417,85.32877043584061,1.4282052938977303,0.9861260966232568,84.34264433921736,0.4420791972744735,109.82157311779146,-38.7436822889575,41.51473859424078,61.53130015464171,9.120109194638909,3.941010309284869,0.0659633527856631,0.0455454015474099,3.895464907737459,0.0204179512382532,5.07223940563552,-1.7894228469546205,1.917407363911212,2.841895963278639,1.9600000381469729,23.13016708329314,55895.21059542483,131462.04576913058,-131438.9156020473,-75566.83517370574,63068.155227414194,304704.3705743944,1983959.517242829,0.7397688079593066,1.0,69.85199094893784,168800.84487219068,397009.04885759496,-396939.196866646,-228208.20398540428,190462.7923098322,920192.5289513404,5991462.222948669,6.746772307376734,3.0199518530332417,210.94964959553812,509770.4254131509,1198948.2154269232,-1198737.2657773278,-689177.7900137723,575188.4638352179,2778937.1404363764,18093927.488929197,61.53130015464171,9.120109194638909,45.33512839042667,109554.61512628887,257665.6152536834,-257620.28012529295,-148111.00012739454,123613.58690431672,597220.5794249156,3888560.738576528,2.841895963278639,1.9600000381469729,0.42012472962498565,0.4696547524023763,0.7598024388385722,0.8093324616159628,-0.0495300227773906,False
J0935-0003,20.926,18.11126926009622,-0.144458049373878,10.561,4.0,11.960000038146973,9.120109194638909,1.789213112714907,0.999996658127392,0.0017882201169329,18.10440432934307,-0.1448371631748912,J0935-0003,3.35,4.0,forced_4_matched,0.0085885603812804,0.14483716317489878,9.120109194638909,5.34373423068795,0.023892906176361,0.0166746059667476,5.327059624721202,0.0072183002096133,8.615434447646912,-0.590650348825695,0.6244236516097839,1.486630727603833,1.0,5.343734230687954,0.023892906176361,0.0166746059667477,5.327059624721206,0.0072183002096132,8.615434447646921,-0.5906503488256913,0.6244236516097824,1.4866307276038333,3.0199518530332417,5.343734230687955,0.0238929061763611,0.0166746059667478,5.327059624721207,0.0072183002096132,8.615434447646921,-0.590650348825696,0.6244236516097825,1.4866307276038335,9.120109194638909,5.343734230687958,0.0238929061763611,0.0166746059667477,5.32705962472121,0.0072183002096133,8.615434447646926,-0.5906503488256951,0.6244236516097834,1.4866307276038333,1.9600000381469729,35.66545313437387,78674.78572471214,185041.6362645067,-185005.97081137236,-106366.85053979456,88772.40582384467,401350.7409120278,2613154.699076141,1.486630727603833,1.0,11.80994097242572,26051.668869003468,61273.04180378305,-61261.23186281063,-35221.37293477959,29395.304985774936,132899.71504257823,865296.8076776533,1.4866307276038333,3.0199518530332417,3.910638828084053,8626.517959671084,20289.41018007751,-20285.499541249425,-11662.892220406426,9733.699889253025,44007.22981127637,286526.69011199696,1.4866307276038335,9.120109194638909,18.19665940116327,40140.19593040479,94408.99605337116,-94390.79939397,-54268.80012296637,45292.04280935608,204770.7816781743,1333242.164259413,1.4866307276038333,1.9600000381469729,1.1202206672177517,0.0187007641338343,0.0129169349604326,1.1073037322573192,0.0057838291734017,1.441451006810212,-0.4746801310474138,0.5085152615555092,0.7553401537418951,1.0,10.216534807117135,0.1705530109237563,0.1178038572991937,10.09873094981794,0.0527491536245625,13.146190580831307,-4.3291346276778935,4.63771471252661,6.888784681221424,3.0199518530332417,93.17591303173748,1.5554620830991026,1.0743840421183148,92.10152898961915,0.4810780409807877,119.89469359071512,-39.4821805227151,42.29646459182602,62.82646851109515,9.120109194638909,4.303439882697182,0.0718408582929784,0.0496216992755463,4.253818183421636,0.022219159017432,5.537478403311122,-1.8235312624135755,1.9535123048330516,2.901714847565509,1.9600000381469729,25.20197211868233,60896.43523010097,143224.61383597797,-143199.41186385928,-82328.17860587701,68711.17914558729,310642.55850343656,2022623.6287995984,0.7553401537418951,1.0,76.10874237534644,183904.3023013571,432531.4376542876,-432455.3289119122,-248627.1353529305,207504.45264087903,938125.5697121832,6108225.9727287255,6.888784681221424,3.0199518530332417,229.8447376316299,555382.1391239669,1306224.118056708,-1305994.2733190765,-750841.9789327411,626653.4569400622,2833094.0563149005,18446548.367888667,62.82646851109515,9.120109194638909,49.39586629287032,119357.0151162762,280720.2479775808,-280670.8521112879,-161363.23286130457,134673.91345860847,608859.4249824206,3964342.380094416,2.901714847565509,1.9600000381469729,0.394027277552857,0.4589051556525701,0.2491901143779582,0.31406799247767136,-0.06487787809971315,False
J0936+0913,10.933,13.120446372218384,0.1823860667575783,6.687,4.0,11.68000030517578,4.786304286528679,1.7892131127149071,0.9999966581273916,0.0017882201169331,13.116307414594004,0.18207055839154,J0936+0913,4.300000000000001,4.0,forced_4_matched,0.0091387687815895,-0.18207055839155523,4.786304286528679,8.439535996754229,0.0377348560084565,0.0263347560363126,8.413201240717916,0.0114000999721439,13.606640227545874,-0.5906503488256948,0.6244236516097847,1.486630727603833,1.0,8.439535996754223,0.0377348560084566,0.0263347560363127,8.41320124071791,0.0114000999721438,13.606640227545864,-0.5906503488256936,0.6244236516097829,1.4866307276038335,2.187762392612296,8.439535996754218,0.0377348560084568,0.0263347560363127,8.413201240717905,0.0114000999721441,13.606640227545851,-0.5906503488256947,0.6244236516097841,1.4866307276038333,4.786304286528679,8.439535996754223,0.0377348560084564,0.0263347560363125,8.41320124071791,0.0114000999721439,13.606640227545864,-0.5906503488256921,0.6244236516097829,1.4866307276038333,1.6800003051757797,56.3276282977594,124253.68793977996,292242.3685838973,-292186.0409555996,-167988.68064411735,140201.1929136331,401350.7404975961,2613154.6964761047,1.486630727603833,1.0,25.746684603733804,56794.87339244825,133580.4884131325,-133554.74172852872,-76785.61502068421,64084.28701148931,183452.61923854236,1194441.731700457,1.4866307276038335,2.187762392612296,11.768501318142595,25960.25673409449,61058.042155986535,-61046.2736546684,-35097.78542189204,29292.160437242317,83853.99613734888,545965.0168632146,1.4866307276038333,4.786304286528679,33.52834408865952,73960.51503994444,173953.75909099283,-173920.23074690418,-99993.24405104842,83453.07579723057,238899.2066365991,1555448.9399309414,1.4866307276038333,1.6800003051757797,2.109869617744528,0.0345370184778133,0.0239210952748307,2.0859485224696974,0.0106159232029825,2.710748131869328,-0.5547519542290535,0.5932740639383272,0.8958580125642661,1.0,10.098477995427269,0.1653046795842773,0.1144936408523832,9.983984354574885,0.050811038731894,12.974465403265764,-2.6552116564866712,2.839590195314301,4.287849045657409,2.187762392612296,48.33438851692901,0.7911984964774854,0.5480014039920387,47.78638711293697,0.2431970924854467,62.09973937506897,-12.70865093308312,13.591142723817669,20.522950267217965,4.786304286528679,5.954898172562855,0.0974773163657179,0.0675149238321507,5.887383248730704,0.0299623925335672,7.650818306963927,-1.5657324844535774,1.674457326397247,2.528470573265869,1.6800003051757797,46.695201717755104,112755.91689179376,265194.87643174303,-265148.18123002525,-152438.95953994928,127225.7063572208,364195.6106783676,2371312.693173576,0.8958580125642661,1.0,102.15800625818626,246683.15484079477,580183.3780718985,-580081.2200656403,-333500.22323110374,278339.6160743449,796773.4619837254,5187868.739795617,4.287849045657409,2.187762392612296,223.4974441724293,539684.1289847863,1269303.375195995,-1269079.8777518226,-729619.2462112086,608940.9443405911,1743151.015379012,11349824.12554431,20.522950267217965,4.786304286528679,78.44795314123168,189429.97463352385,445527.4729940492,-445449.025040908,-256097.49836052535,213739.2253440863,611848.7364097252,3983806.044072327,2.528470573265869,1.6800003051757797,0.07071197427512929,-0.008530880451229579,0.2527825326666845,0.17353967794032565,0.07924285472635884,True
J0946+1006,17.706,11.829080313405298,-0.4033426321136346,8.406,4.0,11.59000015258789,3.890452816839944,1.7892131127149065,0.9999966581273918,0.001788220116933,11.823682944946782,-0.4037990158767699,J0946+1006,3.65,4.0,forced_4_matched,0.0088811327771859,0.40379901587679823,3.890452816839944,6.713677993135317,0.0300181991587614,0.0209493830138974,6.692728610121419,0.0090688161448639,10.824126005424588,-0.5906503488256973,0.6244236516097824,1.4866307276038333,1.0,6.71367799313532,0.0300181991587614,0.0209493830138974,6.692728610121423,0.009068816144864,10.8241260054246,-0.5906503488256919,0.6244236516097827,1.486630727603833,1.9724230826168971,6.713677993135324,0.0300181991587613,0.0209493830138976,6.692728610121426,0.0090688161448637,10.824126005424604,-0.5906503488256931,0.6244236516097819,1.4866307276038333,3.890452816839944,6.713677993135319,0.0300181991587617,0.0209493830138976,6.692728610121421,0.0090688161448641,10.824126005424596,-0.5906503488256958,0.6244236516097832,1.4866307276038333,1.5900001525878906,44.80880923824246,98844.20779473032,232479.74275617173,-232434.93394693348,-133635.53496144142,111530.49922554522,401350.7401045131,2613154.6941048508,1.4866307276038333,1.0,22.71764592862148,50113.08601533188,117865.0484835334,-117842.33083760478,-67751.96246820153,56544.91674341572,203481.05985780124,1324844.9140039608,1.486630727603833,1.9724230826168971,11.517633377841086,25406.86451780746,59756.4739366561,-59744.95630327825,-34349.60941884864,28667.74236392187,103162.98855501149,671683.9434475835,1.4866307276038333,3.890452816839944,28.181638310767063,62166.162321169744,146213.66032784095,-146185.47868953017,-84047.4980066712,70144.96117738156,252421.8242903976,1643493.3567923526,1.4866307276038333,1.5900001525878906,1.5273286273610736,0.0252558972010539,0.0174678364663132,1.5098607908947603,0.0077880607347406,1.963795221531476,-0.5101132443422824,0.5460224410880002,0.81750376575627,1.0,5.941999960557176,0.0982568764076601,0.0679577935844676,5.874042166972709,0.0302990828231924,7.640052651303956,-1.98457150835878,2.1242745439886304,3.180459828263741,1.9724230826168971,23.11707048421254,0.3822637415940743,0.2643865894769205,22.85268389473562,0.1178771521171537,29.723264358071017,-7.720881814914719,8.264389883401947,12.373428897714968,3.890452816839944,3.861240243936465,0.0638494459688919,0.0441604458463966,3.817079798090068,0.0196890001224952,4.964671652445136,-1.289617540543725,1.3803995982607766,2.066731666885382,1.5900001525878906,34.08932333572676,82344.72547892368,193669.65325248105,-193635.5639291453,-111324.92777355736,92911.89470490984,334340.6741334088,2176924.335136861,0.81750376575627,1.0,67.23856817567261,162418.63694280293,381998.4936667185,-381931.2550985428,-219579.85672391555,183261.56537755023,659461.2618603646,4293815.799788305,3.180459828263741,1.9724230826168971,132.6229039310153,320358.2686587146,753462.6467202973,-753330.0238163662,-433104.3780615827,361469.3418458967,1300736.615239784,8469221.397766892,12.373428897714968,3.890452816839944,54.20202927399804,130928.12578718716,307934.7775283914,-307880.5754991174,-177006.65174120423,147729.92642658076,531601.7216085707,3461310.0170556325,2.066731666885382,1.5900001525878906,-0.04248989071415806,-0.2037923338025058,0.44628890659095627,0.6075913496793041,-0.1613024430883478,False
J0955+0101,3.7,6.136895563285108,0.505986186060156,2.972,4.0,11.020000457763672,1.047129651766654,1.7892131127149071,0.9999966581273918,0.0017882201169327,6.141180765435188,0.5066842110942646,J0955+0101,3.95,4.0,forced_4_matched,0.0090629906528052,-0.5066842110943721,1.047129651766654,18.988955992696997,0.0849034260190268,0.0592532010817034,18.92970279161529,0.0256502249373233,30.61494051197816,-0.5906503488256952,0.6244236516097823,1.486630727603833,1.0,18.988955992697,0.0849034260190265,0.0592532010817034,18.92970279161529,0.0256502249373231,30.614940511978173,-0.5906503488256931,0.6244236516097821,1.4866307276038329,1.0232935315766702,18.988955992697008,0.0849034260190265,0.0592532010817029,18.929702791615306,0.0256502249373236,30.61494051197818,-0.5906503488256917,0.6244236516097812,1.486630727603833,1.047129651766654,18.988955992697043,0.0849034260190271,0.0592532010817037,18.92970279161534,0.0256502249373233,30.614940511978247,-0.5906503488256932,0.6244236516097832,1.4866307276038333,1.020000457763672,126.73716365694632,279570.79742504354,657545.328327137,-657418.5911634801,-377974.5309020935,315452.683587838,401350.7396692269,2613154.6914053964,1.486630727603833,1.0,123.8522083632848,273206.8455527639,642577.4315598041,-642453.5793514409,-369370.5860070402,308271.9418164663,392214.6754922466,2553670.6872573453,1.4866307276038329,1.0232935315766702,121.03292420213378,266987.7586582836,627950.2545885975,-627829.2216643953,-360962.4959303138,301254.65793509275,383286.5789450638,2495540.739405381,1.486630727603833,1.047129651766654,124.25206557675376,274088.89518079,644651.9959513922,-644527.7438858155,-370563.10077060224,309267.1992885893,393480.9425882412,2561915.225863426,1.4866307276038333,1.020000457763672,7.359184199616807,0.1160619057251202,0.0808183891082277,7.278365810508579,0.0352435166168925,9.43320521747108,-0.8276089897934913,0.8821027009946392,1.3753413226606257,1.0,7.706019988231407,0.121531862925319,0.0846273316432402,7.621392656588167,0.0369045312820787,9.877788894413872,-0.8666139132814078,0.92367589411494,1.4401606802579094,1.0232935315766702,8.06920202678362,0.1272596173035414,0.0886157883135267,7.980586238470093,0.0386438289900146,10.343325645232104,-0.907457125230496,0.9672084173498284,1.5080349516064913,1.047129651766654,7.656502113567928,0.1207509150994446,0.0840835274994913,7.572418586068437,0.0366673875999532,9.814315517343363,-0.8610451658339531,0.9177404738559344,1.4309063964422415,1.020000457763672,157.9135474155036,380824.5957966556,895675.6678564516,-895517.7543090361,-514851.072059796,429695.21524936106,546685.8610365808,3559524.2344426345,1.3753413226606257,1.0,161.5919116647181,389695.3461176864,916539.1185976722,-916377.5266860076,-526843.7724799858,439704.33492676425,559420.1064505542,3642438.131065885,1.4401606802579094,1.0232935315766702,165.35595807992564,398772.7282702966,937888.554581513,-937723.1986234332,-539115.8263112165,449946.60320489726,572450.9785284337,3727283.392060874,1.5080349516064913,1.047129651766654,161.07189080247716,388441.26360651606,913589.5948915049,-913428.5230007024,-525148.3312849888,438289.31800079934,557619.8311390516,3630716.364845789,1.4309063964422415,1.020000457763672,-0.6970749868118982,-0.486485537365619,0.19039077571752605,0.020198673728753114,0.17019210198877294,True
J0956+5100,19.217,15.238727800587103,-0.231955234827994,8.334,4.0,11.8100004196167,6.456548528681109,1.7892131127149071,0.9999966581273918,0.0017882201169332,15.23341520531518,-0.2323039202043206,J0956+5100,4.666666666666667,4.0,forced_4_matched,0.0091643463168532,0.23230392020433446,6.456548528681109,6.77167953087298,0.0302775356525736,0.0211303712040822,6.750549159668898,0.0091471644484914,10.91763897307404,-0.5906503488256948,0.6244236516097827,1.486630727603833,1.0,6.771679530872987,0.0302775356525736,0.0211303712040823,6.750549159668905,0.0091471644484913,10.917638973074048,-0.5906503488256969,0.6244236516097805,1.4866307276038335,2.5409739330975256,6.771679530872976,0.0302775356525734,0.0211303712040822,6.750549159668894,0.0091471644484911,10.917638973074032,-0.5906503488256956,0.624423651609782,1.486630727603833,6.456548528681109,6.771679530872977,0.0302775356525737,0.0211303712040821,6.750549159668895,0.0091471644484915,10.917638973074038,-0.5906503488256961,0.6244236516097821,1.4866307276038333,1.8100004196166992,45.19592637807716,99698.1534960102,234488.2071807992,-234443.01125442112,-134790.053684789,112494.0457135777,401350.7405015483,2613154.696504043,1.486630727603833,1.0,17.78685163536228,39236.196782372936,92282.80682793072,-92265.01997629536,-53046.61004555778,44272.01868646209,157951.53746063012,1028406.7284269944,1.4866307276038335,2.5409739330975256,7.000013423469125,15441.40075454542,36317.88807285391,-36310.88805943044,-20876.48731830849,17423.24789075955,62161.809481755976,404729.3502184209,1.486630727603833,6.456548528681109,24.970119268025478,55081.83981545996,129551.46523889378,-129526.49511962576,-74469.62542343383,62151.391869184,221740.6883669203,1443731.536641532,1.4866307276038333,1.8100004196166992,1.545644937538686,0.0255492897776004,0.0176716768111855,1.5279732607275005,0.0078776129664149,1.987288425861517,-0.5116134337035316,0.5476104435657074,0.8201363717763223,1.0,9.979531547328822,0.1649602293224132,0.1140980389145884,9.865433508414233,0.0508621904078248,12.831024162061198,-3.303256962632038,3.535673403694572,5.295250284510277,2.5409739330975256,64.43332972883255,1.0650737259225216,0.7366795252793858,63.69665020355316,0.3283942006431357,82.84413017502787,-21.32763888193749,22.82824691252117,34.189040433453044,6.456548528681109,5.063689727724668,0.0837020670500905,0.0578942072446251,5.005795520480043,0.0258078598054654,6.510558630681131,-1.6760975473034083,1.794027405992793,2.6868500133739137,1.8100004196166992,34.48745206193922,83305.37582749,195929.0428695712,-195894.55541750923,-112623.6670420812,93995.82378970012,335344.020165867,2183457.217329775,0.8201363717763223,1.0,87.63171666394285,211676.7879589941,497850.5894837207,-497762.9577670568,-286173.8015247266,238840.937505602,852100.4114806973,5548107.858515088,5.295250284510277,2.5409739330975256,222.6699078229968,537865.2007943542,1265025.37141969,-1264802.701511867,-727160.1706253359,606888.5968224026,2165164.934868316,14097597.45249812,34.189040433453044,6.456548528681109,62.42230266605723,150782.76472501707,354631.648695256,-354569.2263925899,-203848.8839702389,170132.4799713527,606972.8149304998,3952058.4654126912,2.6868500133739137,1.8100004196166992,0.2118842782766049,0.15992270889810978,0.020419641927729576,0.07238121130622469,-0.05196156937849511,False
J0959+4416,13.567,13.738734193593542,0.0125787833989887,7.441,4.0,11.720000267028809,5.248077829311783,1.7892131127149071,0.9999966581273918,0.001788220116933,13.734021912067178,0.012235732155462,J0959+4416,3.45,4.0,forced_4_matched,0.0087105748452182,-0.012235732155462956,5.248077829311783,7.584353878550651,0.0339111654520298,0.0236662429263304,7.560687635624321,0.0102449225256993,12.227873028033729,-0.5906503488256962,0.6244236516097852,1.4866307276038333,1.0,7.584353878550662,0.033911165452029,0.0236662429263299,7.5606876356243315,0.010244922525699,12.227873028033745,-0.5906503488256932,0.6244236516097845,1.4866307276038335,2.2908683570453765,7.584353878550663,0.0339111654520288,0.0236662429263299,7.560687635624333,0.0102449225256989,12.227873028033748,-0.5906503488256916,0.6244236516097819,1.4866307276038333,5.248077829311783,7.584353878550651,0.0339111654520292,0.0236662429263304,7.560687635624321,0.0102449225256988,12.227873028033732,-0.5906503488256949,0.624423651609781,1.4866307276038333,1.7200002670288086,50.61992346481302,111663.00376926915,262629.31304135884,-262578.693117894,-150966.30927208968,125994.54063134192,401350.7403034871,2613154.6953329225,1.4866307276038333,1.0,22.096391241803463,48742.654153659794,114641.81820103156,-114619.72180978976,-65899.16404737177,54998.594992966166,175195.89898804348,1140683.048587694,1.4866307276038335,2.2908683570453765,9.645421638442352,21276.933650423107,50042.9531638897,-50033.30774225126,-28766.0195134666,24007.75002098264,76475.75997448366,497926.0561419589,1.4866307276038333,5.248077829311783,29.430183497414863,64920.340968691205,152691.43742085312,-152662.00723735572,-87771.09645216192,73252.62855638852,233343.4174648524,1519275.7499848404,1.4866307276038333,1.7200002670288086,1.8115054208947663,0.0297955600901004,0.0206230904952971,1.7908823303994694,0.0091724695948033,2.328232183467368,-0.5326329697037939,0.569860351551233,0.8570276371307173,1.0,9.506921437075944,0.1563694183207799,0.1082315840002571,9.398689853075686,0.0481378343205228,12.21874370354527,-2.795299279462958,2.9906714767798444,4.497747741533182,2.2908683570453765,49.89306361892727,0.8206388774716629,0.5680077764230467,49.32505584250423,0.2526311010486162,64.12491793261903,-14.669948174840744,15.695276672043372,23.604530204177447,5.248077829311783,5.359159301186228,0.0881472123401328,0.0610113698652279,5.298147931321,0.0271358424749048,6.88784423023545,-1.5757418668372525,1.685875387491012,2.535431348935252,1.7200002670288086,40.25240892461891,97214.31696587,228642.0039166429,-228601.75150771823,-131427.68695077288,109689.67742835492,349402.1526815784,2274991.067953154,0.8570276371307173,1.0,92.21296997206748,222705.20312689812,523788.7331994109,-523696.5202294388,-301083.5300725127,251284.61175334352,800434.337401018,5211705.062290088,4.497747741533182,2.2908683570453765,211.2477748105373,510188.3015477172,1199931.0314733796,-1199719.783698569,-689742.7299256624,575659.9641495617,1833689.6914514168,11939330.18808503,23.604530204177447,5.248077829311783,69.23415411399414,167208.65118895937,393264.3079336678,-393195.0737795538,-226055.6567447084,188666.27453627015,600971.7959808572,3912985.2448638696,2.535431348935252,1.7200002670288086,0.11370835452081231,0.026867787886772968,0.12594408667627527,0.039103520042235926,0.08684056663403934,True
J0959+0410,5.054,7.127653798835318,0.3438021108359625,2.91,4.0,11.149999618530272,1.412536303897626,1.7892131127149071,0.999996658127392,0.001788220116933,7.1327790263265305,0.3445209147845838,J0959+0410,2.75,4.0,forced_4_matched,0.0074795686488241,-0.3445209147846414,1.412536303897626,19.39353168738678,0.0867123649926281,0.0605156404174648,19.33301604696932,0.0261967245751632,31.267217595051267,-0.5906503488256938,0.6244236516097819,1.486630727603833,1.0,19.393531687386773,0.0867123649926288,0.060515640417465,19.33301604696931,0.0261967245751637,31.267217595051275,-0.5906503488256954,0.6244236516097852,1.4866307276038333,1.1885017054668563,19.393531687386776,0.0867123649926281,0.0605156404174647,19.333016046969316,0.0261967245751633,31.267217595051275,-0.5906503488256926,0.6244236516097852,1.4866307276038333,1.412536303897626,19.393531687386773,0.0867123649926287,0.060515640417465,19.33301604696931,0.0261967245751636,31.267217595051275,-0.5906503488256958,0.6244236516097816,1.4866307276038333,1.1499996185302717,129.4374056300221,285527.2890012599,671554.8858919127,-671425.4484862827,-386027.5968906528,322173.6689484064,401350.7404402137,2613154.6960938945,1.486630727603833,1.0,108.9080521224024,240241.37960705,565043.2672846662,-564934.3592325437,-324801.8876776162,271075.47924790974,337694.7118948772,2198696.6343059293,1.4866307276038333,1.1885017054668563,91.63474614112592,202138.0180489965,475424.8678584623,-475333.2331123211,-273286.8498094657,228081.69102115952,284134.81420674233,1849973.4752510276,1.4866307276038333,1.412536303897626,112.55430314990002,248284.6817195641,583960.9646555115,-583848.4103523616,-335676.2829359474,280151.1096981524,349000.75988281454,2272309.186768052,1.4866307276038333,1.1499996185302717,7.618282721457733,0.1200369215698623,0.0835976586610417,7.534685062796692,0.0364392629088206,9.764853841255867,-0.8380731977553415,0.8931794281064878,1.393740550652918,1.0,10.761100917415035,0.169556509525544,0.1180847277795637,10.643016189635471,0.0514717817459802,13.793210553028064,-1.1838088171529968,1.261648368094939,1.9687091260115144,1.1885017054668563,15.20044571575481,0.2395047252669938,0.1667989649245022,15.033646750830307,0.0727057603424915,19.48341065345603,-1.6721729311027125,1.782124122687297,2.780873112305833,1.412536303897626,10.07517221499718,0.1587487234581219,0.110557830232295,9.964614384764886,0.0481908932258269,12.91401063757113,-1.108351068722588,1.1812290100128593,1.843220655398079,1.1499996185302717,163.34801073149686,393917.51911930135,926469.4056422984,-926306.057631567,-532551.8865229972,444468.33263251977,553684.4572974129,3605092.766175035,1.393740550652918,1.0,194.13938943158337,468171.64391853206,1101110.4702075117,-1100916.33081808,-632938.8262889796,528251.3720942897,658054.922729603,4284658.906840021,1.9687091260115144,1.1885017054668563,230.73499531135897,556422.7962846201,1308671.669401644,-1308440.934406333,-752248.873117024,627827.6555294612,782099.3965013047,5092324.40908669,2.780873112305833,1.412536303897626,187.85015011829853,453004.9971370883,1065439.4641768115,-1065251.6140266934,-612434.4670397234,511138.41350815765,636736.9151411223,4145855.308837896,1.843220655398079,1.1499996185302717,-0.5445868414032503,-0.4073975748604411,0.2000659266186089,0.06287666007579967,0.13718926654280922,True
J1016+3859,8.984,10.421898259797375,0.1484639769419398,4.191,4.0,11.479999542236328,3.0199485372543653,1.7892131127149071,0.9999966581273916,0.0017882201169331,10.429375942377712,0.1491812168408923,J1016+3859,4.25,4.0,forced_4_matched,0.0091283829740362,-0.1491812168409076,3.0199485372543653,13.465802245358017,0.0602082992432704,0.0420187338618042,13.423783511496213,0.0181895653814661,21.710236984394918,-0.5906503488256951,0.6244236516097795,1.486630727603833,1.0,13.465802245358018,0.0602082992432719,0.0420187338618047,13.423783511496216,0.0181895653814672,21.710236984394918,-0.5906503488256957,0.6244236516097863,1.486630727603833,1.7377999128939918,13.465802245358022,0.060208299243271,0.0420187338618044,13.423783511496218,0.0181895653814666,21.71023698439492,-0.590650348825693,0.6244236516097841,1.486630727603833,3.0199485372543653,13.465802245358027,0.0602082992432712,0.0420187338618045,13.423783511496223,0.0181895653814667,21.71023698439493,-0.5906503488256947,0.6244236516097839,1.486630727603833,1.479999542236328,89.87421868037924,198254.4526937585,466290.7942727015,-466200.9200540211,-268036.34157894296,223699.68433676427,401350.7404077648,2613154.6959824543,1.486630727603833,1.0,51.71724200137217,114083.58987384391,268322.48659787123,-268270.76935586985,-154238.89672402732,128725.80005709291,230953.36655239185,1503714.3664705176,1.486630727603833,1.7377999128939918,29.76018217994147,65648.2883111886,154403.55606055143,-154373.7958783715,-88755.26774936283,74074.00526898177,132899.86050708845,865297.7549556028,1.486630727603833,3.0199485372543653,60.72584219531559,133955.75263361,315061.44472428143,-315000.7188820861,-181105.69209067145,151148.48201406698,271183.0164583612,1765645.6101489728,1.486630727603833,1.479999542236328,4.248933261530509,0.0680644399153921,0.0472886685673135,4.201644592963196,0.0207757713480785,5.451192419976205,-0.6847545618680573,0.7308863336768219,1.1242237766384224,1.0,12.831559788050477,0.2055511057615308,0.1428093454685672,12.688750442581908,0.0627417602929636,16.46232057499921,-2.0679235374917013,2.2072391142865406,3.3950979498057827,1.7377999128939918,38.75065021261496,0.620753761175542,0.4312768739540481,38.31937333866091,0.1894768872214939,49.7153609402813,-6.245022662201904,6.665748534560244,10.253021087351264,3.0199485372543653,9.306857658835716,0.1490882569647039,0.1035810355546323,9.203276623281084,0.0455072214100716,11.940284490457737,-1.4998854644868822,1.6009324349491616,2.462498237047775,1.479999542236328,92.36122838245166,222860.2034580311,524153.28253286105,-524060.9213044786,-301293.07907482993,251459.50218619272,451143.00598860375,2937435.5318928543,1.1242237766384224,1.0,160.50533456891975,387286.4418670816,910873.527878105,-910713.022543536,-523587.0860110234,436986.3005846331,783996.2762548896,5104675.20967236,3.3950979498057827,1.7377999128939918,278.926156425604,673026.3439681595,1582915.9354849078,-1582637.0093284822,-909889.5915167484,759394.7541895944,1362428.6574020502,8870904.1153637,10.253021087351264,3.0199485372543653,136.69457567848167,329832.9989074387,775746.6177037964,-775609.9231281179,-445913.61879635765,372159.9478832607,667691.4420349377,4347403.240536427,2.462498237047775,1.479999542236328,-0.15917393653203726,-0.1691282575993962,0.009992719691129665,0.019947040758488604,-0.00995432106735894,False
J1020+1122,21.84,15.06426378096754,-0.371417848989565,6.782,4.0,11.800000190734863,6.309576215861531,1.7892131127149065,0.9999966581273916,0.0017882201169333,15.074920558051543,-0.3707106780583116,J1020+1122,4.05,4.0,forced_4_matched,0.0091004436738286,0.37071067805833274,6.309576215861531,8.321317783883146,0.03720627869781,0.0259658675338871,8.295351916349258,0.0112404111639229,13.416042937422466,-0.5906503488256942,0.6244236516097841,1.486630727603833,1.0,8.321317783883144,0.0372062786978098,0.0259658675338869,8.295351916349256,0.0112404111639229,13.416042937422464,-0.5906503488256921,0.6244236516097816,1.4866307276038333,2.511886983098868,8.321317783883147,0.0372062786978103,0.025965867533887,8.29535191634926,0.0112404111639233,13.416042937422478,-0.5906503488256944,0.6244236516097854,1.4866307276038333,6.309576215861531,8.321317783883156,0.0372062786978103,0.0259658675338871,8.295351916349269,0.0112404111639231,13.416042937422484,-0.5906503488256949,0.6244236516097861,1.486630727603833,1.8000001907348633,55.53860959238044,122513.1832701927,288148.73390032793,-288093.1952907356,-165635.55063013523,138237.30086111074,401350.7391677586,2613154.6882636664,1.486630727603833,1.0,22.110313883518597,48773.36623235213,114714.05241877672,-114691.9421048932,-65940.6861864246,55033.24884363161,159780.57283789385,1040315.395386761,1.4866307276038333,2.511886983098868,8.802272570400318,19417.02258328969,45668.47684605345,-45659.67457348305,-26251.45426276376,21909.126193113887,63609.777857072695,414156.9279915233,1.4866307276038333,6.309576215861531,30.854779848047222,68062.87251131152,160082.61326994238,-160051.75849009433,-92019.74075863084,76798.4924774027,222972.609789725,1451752.4541227806,1.486630727603833,1.8000001907348633,2.067488526676204,0.033864890834037,0.0234534465969406,2.0440350800792637,0.0104114442370964,2.656419883440514,-0.5516942817573784,0.5900374115619949,0.8904896666951811,1.0,13.04497643448278,0.2136731097591857,0.1479813088280344,12.896995125654746,0.0656918009311512,16.76088371589795,-3.480957118603156,3.722886018460052,5.618612421450379,2.511886983098868,82.308273047487,1.3481867713057505,0.9336993465734328,81.37457370091357,0.4144874247323176,105.75407325065088,-21.963364243972457,23.489833076439105,35.45106330052751,6.309576215861531,6.698664246062688,0.1097222695554571,0.0759891830782923,6.622675062984396,0.0337330864771647,8.606802246366147,-1.7874898517123272,1.9117216186074264,2.885187131543147,1.8000001907348633,45.78158152495555,110552.1975241846,260011.86609692735,-259966.0845154024,-149459.66857274278,124739.1871641582,362150.5992877401,2357997.428071931,0.8904896666951811,1.0,114.99815879791691,277694.62702634645,653120.4245042581,-653005.4263454601,-375425.7974779116,313330.7417594694,909681.3805694168,5923023.07233198,5.618612421450379,2.511886983098868,288.8623782754159,697537.5195496832,1640564.6942639158,-1640275.8318856405,-943027.1747142326,787051.4123728757,2285016.820895044,14877964.570220027,35.45106330052751,6.309576215861531,82.40685550854566,198993.97700672175,468021.4094106096,-467939.00255510106,-269027.43240388785,224530.56108774536,651871.1493883086,4244395.830119946,2.885187131543147,1.8000001907348633,0.19648516392667675,0.2031811959504154,0.174225514131656,0.16752948210791735,0.006696032023738641,True
J1023+4230,14.32,11.559690776324896,-0.2141330480988883,5.632,4.0,11.56999969482422,3.71534968021985,1.7892131127149071,0.9999966581273916,0.0017882201169333,11.567795508573568,-0.2134321736086297,J1023+4230,3.75,4.0,forced_4_matched,0.0089574523705613,0.21343217360864644,3.71534968021985,10.02045049898713,0.0448034414290748,0.0312678468776318,9.989182652109497,0.0135355945514429,16.15546931846577,-0.5906503488256942,0.6244236516097823,1.4866307276038333,1.0,10.020450498987117,0.0448034414290744,0.0312678468776317,9.989182652109484,0.0135355945514426,16.15546931846575,-0.5906503488256942,0.6244236516097844,1.486630727603833,1.9275242359617295,10.02045049898713,0.0448034414290748,0.031267846877632,9.989182652109497,0.0135355945514428,16.155469318465776,-0.5906503488256947,0.6244236516097835,1.486630727603833,3.71534968021985,10.020450498987111,0.0448034414290748,0.0312678468776318,9.98918265210948,0.0135355945514429,16.155469318465745,-0.5906503488256944,0.6244236516097831,1.4866307276038333,1.5699996948242203,66.879057230418,147529.19204460646,346985.92239224224,-346919.0433350118,-199456.73034763575,166464.02258593848,401350.73950650095,2613154.69037106,1.4866307276038333,1.0,34.6968696737729,76538.17746887781,180016.37326770055,-179981.6763980268,-103478.19579882274,86361.5717276014,208220.8525432177,1355705.2320159725,1.486630727603833,1.9275242359617295,18.00074367635441,39708.02349846925,93392.53451127867,-93374.53376760232,-53684.511012809424,44804.40263031232,108025.02462724272,703340.1759394166,1.486630727603833,3.71534968021985,42.598133932151136,93967.65682336988,221010.18533815732,-220967.5872042252,-127042.52851478744,106028.06081941878,255637.46440435603,1664430.0689062108,1.4866307276038333,1.5699996948242203,2.7116504012599663,0.044039576069308,0.0305368875668991,2.681113513693067,0.0135026885024089,3.481993095501524,-0.5956417514620764,0.6365573327017354,0.9676626544644964,1.0,10.074729451189226,0.1636224248661206,0.1134552154565881,9.961274235732638,0.0501672094095325,12.936821933899283,-2.2130173908202178,2.3650330824950005,3.595205133825359,1.9275242359617295,37.43114284477736,0.6079145239031416,0.4215257984659104,37.009617046311455,0.1863887254372311,48.06481723517378,-8.222133455304858,8.786924906757157,13.357444244282805,3.71534968021985,6.683944475621634,0.1085531088522321,0.0752703449016204,6.608674130720013,0.0332827639506116,8.582761444475318,-1.4681967824040587,1.5690495593942662,2.385190749725003,1.5699996948242203,59.621580311735634,143930.56299923518,338515.69732704485,-338456.0757467331,-194585.13432780968,162400.94562030336,391543.22552373406,2549375.6393945487,0.9676626544644964,1.0,114.9220409952161,277429.6484822673,652497.2107595471,-652382.2887185519,-375067.5622772798,313031.75857876585,754709.0570056499,4913983.333684343,3.595205133825359,1.9275242359617295,221.5150194571397,534752.3725273403,1257704.190855076,-1257482.675835619,-722951.8183277358,603376.3028241459,1454720.0020844117,9471821.993375326,13.357444244282805,3.71534968021985,93.60586296021069,225970.94073738728,531469.543245388,-531375.9373824277,-305498.6025080007,254969.43589527707,614722.7470241974,4002518.990956178,2.385190749725003,1.5699996948242203,-0.06226030603160314,-0.1362258968569613,0.27569247964024957,0.3496580704656077,-0.07396559082535814,False
J1029+0420,3.666,8.374269081873141,0.8260626506786912,2.979,4.0,11.289999961853027,1.949844428490234,1.789213112714908,0.9999966581273918,0.0017882201169331,8.380405346163293,0.8267951345703795,J1029+0420,3.25,4.0,forced_4_matched,0.0084633731612585,-0.826795134570533,1.949844428490234,18.94433608939089,0.0847039214933025,0.0591139689878557,18.88522212040304,0.0255899525054467,30.54300208177212,-0.5906503488256942,0.6244236516097825,1.4866307276038333,1.0,18.94433608939087,0.0847039214933023,0.0591139689878559,18.88522212040301,0.0255899525054463,30.543002081772062,-0.5906503488256925,0.6244236516097807,1.4866307276038333,1.396368299729779,18.944336089390887,0.0847039214933018,0.0591139689878555,18.885222120403032,0.0255899525054462,30.54300208177211,-0.5906503488256925,0.6244236516097825,1.4866307276038329,1.949844428490234,18.94433608939088,0.084703921493303,0.0591139689878558,18.88522212040302,0.0255899525054471,30.54300208177209,-0.5906503488256946,0.6244236516097829,1.486630727603833,1.2899999618530271,126.4393590084972,278913.8675197752,656000.2413731564,-655873.802014148,-377086.37385338126,314711.4391320873,401350.7404763879,2613154.6963740205,1.4866307276038333,1.0,90.54871770074836,199742.33675597428,469790.2699521424,-469699.7212344416,-270047.9331961681,225378.532847171,287424.7002080601,1871393.5954447244,1.4866307276038333,1.396368299729779,64.84587032225579,143044.16450921283,336437.2208261777,-336372.3749558554,-193393.05631696485,161403.35820986546,205837.31407770517,1340186.250434866,1.4866307276038329,1.949844428490234,98.0150098929571,216212.30688926025,508527.3341221487,-508429.31911225576,-292315.02723288845,243962.36322053403,311124.61442006653,2025701.3761423451,1.486630727603833,1.2899999618530271,7.3308700427940945,0.1156273460294861,0.0805145696720522,7.250355473122042,0.0351127763574338,9.396962324205145,-0.826454911697448,0.8808810692971195,1.37331213776231,1.0,14.29405610892799,0.2254553364367054,0.1569908850873403,14.137065223840647,0.068464451349365,18.32261463258397,-1.611458504971654,1.7175810451315077,2.6777450203938544,1.396368299729779,27.87118566452002,0.4396028316244989,0.3061078026113,27.56507786190872,0.1334950290131989,35.72624805671748,-3.1420933876621837,3.349015831330108,5.221186208932419,1.949844428490234,12.199300116715357,0.1924154551477181,0.1339842874670837,12.065315829248274,0.0584311676806344,15.637484078868344,-1.375303537216701,1.465874100721737,2.285328593289996,1.2899999618530271,157.31947836373473,379393.3214909703,892309.4000726447,-892152.080594281,-512916.0785816744,428080.2677661955,545914.0000452118,3554498.57303122,1.37331213776231,1.0,219.6759324598144,529772.8065758143,1245992.5581209569,-1245772.882188497,-716219.7515451426,597757.7148419,762297.0030037689,4963389.122400034,2.6777450203938544,1.396368299729779,306.74850824760665,739757.9532577104,1739864.510076773,-1739557.761568525,-1000106.5568190624,834689.9240241867,1064447.3702385277,6930719.231210427,5.221186208932419,1.949844428490234,202.94212111497973,489417.37046037125,1151079.0924858162,-1150876.1503647012,-661661.722025445,552223.5292919232,704229.0396843697,4585303.026380919,2.285328593289996,1.2899999618530271,-0.35277873494287537,-0.27069717987493663,0.4740163996276576,0.5560979546955964,-0.0820815550679388,False
J1100+5329,32.473,15.774301113996067,-0.7220268707707262,10.177,4.0,11.84000015258789,6.918312139914402,1.789213112714907,0.9999966581273918,0.0017882201169328,15.767677719890935,-0.7224468440537826,J1100+5329,4.55,4.0,forced_4_matched,0.0091634329840274,0.7224468440538153,6.918312139914402,5.545364764694458,0.024794436683556,0.0173037745519134,5.528060990142545,0.0074906621316426,8.940513235884756,-0.5906503488256956,0.6244236516097834,1.486630727603833,1.0,5.545364764694463,0.0247944366835556,0.0173037745519133,5.528060990142549,0.0074906621316423,8.940513235884763,-0.590650348825694,0.6244236516097811,1.486630727603833,2.6302684539632835,5.545364764694449,0.0247944366835557,0.0173037745519133,5.528060990142536,0.0074906621316424,8.940513235884744,-0.5906503488256936,0.6244236516097821,1.4866307276038333,6.918312139914402,5.545364764694462,0.0247944366835558,0.0173037745519132,5.528060990142548,0.0074906621316425,8.940513235884763,-0.5906503488256938,0.6244236516097802,1.486630727603833,1.8400001525878904,37.01118705103149,81643.35392774633,192023.65359871808,-191986.64241166704,-110380.29967097176,92121.97886389428,401350.7414115777,2613154.7021600595,1.486630727603833,1.0,14.071258388224685,31039.93195224863,73005.34402660458,-72991.27276821635,-41965.41207435595,35023.793336874085,152589.26906252647,993493.5328031433,1.486630727603833,2.6302684539632835,5.349742294015893,11801.050938174334,27755.852846722737,-27750.50310442872,-15954.801908548405,13315.67252977896,58012.8120107835,377715.6408290888,1.4866307276038333,6.918312139914402,20.11477388892115,44371.38416614563,104360.6722792172,-104340.55750532828,-59989.288113071576,50066.288532805855,218125.38393091143,1420192.6494380687,1.486630727603833,1.8400001525878904,1.1770679395839254,0.0196204575704899,0.0135549983457828,1.1635129412381424,0.006065459224707,1.5144121236140369,-0.4798952338501694,0.5140356287746018,0.7644874072773207,1.0,8.14332341592749,0.1357404498005944,0.0937777096121489,8.04954570631534,0.0419627401884455,10.477175779632526,-3.3200650222326784,3.556258930899848,5.288962510578371,2.6302684539632835,56.338053247660326,0.9390948017328948,0.6487834668630968,55.68926978079723,0.2903113348697979,72.48437238824874,-22.969246148617515,24.603309334323427,36.59069354448652,6.918312139914402,3.9850818772066,0.0664270321679971,0.0458918100109317,3.939190067195668,0.0205352221570653,5.127194536085618,-1.624733573195559,1.7403193134223487,2.588248995355712,1.8400001525878904,26.447879055549315,63903.73908936852,150297.60473744813,-150271.15685839258,-86393.8656480796,72104.40557378426,314130.4858999354,2045333.8588185008,0.7644874072773207,1.0,69.5650219435066,168083.9888100013,395323.0479637596,-395253.482941816,-227239.05915375828,189653.9431423659,826247.5062903235,5379777.119238419,5.288962510578371,2.6302684539632835,182.97468278207688,442106.01415302313,1039805.7440207002,-1039622.769337918,-597699.7298676771,498840.7846931772,2173252.755164911,14150258.072266651,36.59069354448652,6.918312139914402,48.66410145972932,117582.88925556176,276547.6146700552,-276498.9505685955,-158964.72541449347,132672.11679137542,578000.1395467117,3763414.5972121,2.588248995355712,1.8400001525878904,0.2305836085579498,0.15198817500644615,0.4918632354958655,0.5704586690473692,-0.07859543355150367,False
J1103+5322,7.588,11.167256205953082,0.3864178912594798,7.779,4.0,11.539999961853027,3.467368199963294,1.7892131127149071,0.9999966581273916,0.001788220116933,11.162251642000626,0.3859696445654346,J1103+5322,3.05,4.0,forced_4_matched,0.0081444070217517,-0.3859696445654767,3.467368199963294,7.254811313831528,0.0324377146327997,0.0226379372174859,7.232173376614042,0.0097997774153138,11.69656809379086,-0.590650348825695,0.6244236516097836,1.486630727603833,1.0,7.254811313831533,0.0324377146327995,0.0226379372174857,7.232173376614048,0.0097997774153137,11.696568093790871,-0.5906503488256937,0.6244236516097823,1.4866307276038333,1.8620870548831203,7.25481131383154,0.0324377146327996,0.0226379372174856,7.232173376614055,0.0097997774153139,11.696568093790882,-0.5906503488256933,0.6244236516097823,1.4866307276038333,3.467368199963294,7.254811313831541,0.0324377146327995,0.0226379372174857,7.232173376614056,0.0097997774153137,11.69656809379088,-0.5906503488256931,0.6244236516097843,1.486630727603833,1.5399999618530271,48.420471812623816,106811.21076450904,251217.98591781623,-251169.5654460036,-144406.7751533072,120520.03779842722,401350.7388976087,2613154.6866008127,1.486630727603833,1.0,26.003334096333813,57361.01890667998,134912.0521693366,-134886.04883524025,-77551.03326265661,64723.09523318422,215538.117785404,1403347.2173665967,1.4866307276038333,1.8620870548831203,13.964617855948877,30804.69258582814,72452.06539678253,-72438.10077892659,-41647.3728109544,34758.361857795644,115750.82858005162,753642.1158489891,1.4866307276038333,3.467368199963294,31.44186562569432,69357.93118338822,163128.5672521458,-163097.12538652009,-93770.63606875757,78259.76718397913,260617.3711443584,1696853.7455760376,1.486630727603833,1.5399999618530271,1.7016220252414007,0.0280431984709439,0.0194048250802385,1.6822172001611622,0.0086383733907053,2.187328645892184,-0.5241094672424121,0.5608379285311549,0.8420669624223694,1.0,5.900150098679174,0.0972360946034096,0.0672836734090692,5.832866425270105,0.0299524211943403,7.584273789635344,-1.8172805000160408,1.9446315987222065,2.9197562077430104,1.8620870548831203,20.45799282717043,0.3371533423164847,0.2332972695553208,20.224695557615107,0.1038560727611639,26.29746975799663,-6.301180616169,6.742753766053163,10.123869826373536,3.467368199963294,4.035566595134394,0.0665072461988195,0.0460204808803686,3.9895461142540256,0.0204867653184509,5.187468359602829,-1.2429779509330772,1.3300831654101375,1.9970459091441937,1.5399999618530271,37.87269312817474,91473.15214454786,215139.1427603748,-215101.27006724657,-123665.9906158269,103211.75797913034,343701.5247601995,2237873.732603628,0.8420669624223694,1.0,70.52225159453592,170330.97247217427,400607.8126919517,-400537.2904403571,-230276.84021977737,192189.27842433788,640002.1601023505,4167115.708524236,2.9197562077430104,1.8620870548831203,131.31857199530376,317171.1010261619,745966.6271057925,-745835.3085337972,-428795.5260796306,357873.1698252864,1191739.746854019,7759532.275490391,10.123869826373536,3.467368199963294,58.32394604068763,140868.65162045206,331314.2735268633,-331255.9495808226,-190445.62190641125,158946.10424682344,529300.3386106235,3446325.4850722384,1.9970459091441937,1.5399999618530271,-0.0862295735672231,-0.2295828738888168,0.2997400709982536,0.15638677067665993,0.14335330032159369,True
J1106+5228,3.824,9.182199347424593,0.8759697610777837,2.449,4.0,11.369999885559082,2.3442281975923813,1.7892131127149071,0.999996658127392,0.0017882201169326,9.189335520197131,0.8767466339066325,J1106+5228,4.15,4.0,forced_4_matched,0.0091153906227672,-0.8767466339067849,2.3442281975923813,23.044171992770718,0.1030351090765814,0.0719071105001307,22.972264882270583,0.0311279985764506,37.15296169930547,-0.5906503488256933,0.6244236516097823,1.4866307276038324,1.0,23.044171992770718,0.1030351090765809,0.0719071105001304,22.972264882270583,0.0311279985764505,37.15296169930548,-0.590650348825694,0.6244236516097837,1.4866307276038329,1.5310872599536518,23.044171992770725,0.1030351090765816,0.0719071105001309,22.972264882270597,0.0311279985764506,37.15296169930548,-0.5906503488256942,0.6244236516097819,1.4866307276038333,2.3442281975923813,23.044171992770732,0.1030351090765825,0.0719071105001309,22.972264882270604,0.0311279985764515,37.15296169930552,-0.5906503488256942,0.6244236516097856,1.486630727603833,1.369999885559082,153.80271567253493,339274.9749582083,797968.4460384599,-797814.6433227874,-458693.4710802516,382819.6732104256,401350.7418829112,2613154.705062242,1.4866307276038324,1.0,100.4532658735882,221590.8803466332,521177.6391444605,-521077.1858785869,-299586.75879782723,250031.25687373665,262134.46526427707,1706731.394626164,1.4866307276038329,1.5310872599536518,65.60910569794304,144727.79352044,340397.0849674361,-340331.4758617382,-195669.29144699613,163303.0747968814,171208.05128718523,1114718.5692837206,1.4866307276038333,2.3442281975923813,112.26476525153365,247645.98675900817,582458.7659592024,-582346.5011939509,-334812.7792001943,279430.4405869542,292956.7688691674,1907412.3435280488,1.486630727603833,1.369999885559082,10.149256297782763,0.1587393911097977,0.1106711043083918,10.038585193474372,0.0480682868014059,13.004168842630923,-0.9324957244935128,0.9931289480035446,1.5597844897979722,1.0,23.792172797854366,0.3721213567082315,0.2594383233784199,23.532734474475948,0.1126830333298116,30.484739287147644,-2.185982771492032,2.32812088375517,3.6564907831516527,1.5310872599536518,55.77428235472068,0.8723373773217722,0.6081826331997848,55.1660997215209,0.2641547441219873,71.46318543318387,-5.12444245238277,5.457646623102557,8.571648798100753,2.3442281975923813,19.04913596282545,0.2979379133983736,0.2077185609734941,18.841417401851952,0.0902193524248795,24.407520423041483,-1.750200932900965,1.8640034110943016,2.9275590198031534,1.369999885559082,216.2908862829489,521454.5819926327,1226428.6120223436,-1226212.3211360606,-704974.0300297108,588372.0249658473,616835.4448369283,4016274.908467139,1.5597844897979722,1.0,331.16022026536547,798392.4644564998,1877769.2170585264,-1877438.056838261,-1079376.7526020266,900848.908665486,944428.887025474,6149267.319912088,3.6564907831516527,1.5310872599536518,507.03519423490206,1222408.5333854882,2875028.5307472646,-2874521.4955530297,-1652619.9973617764,1379278.289732978,1446003.041617623,9415064.880460665,8.571648798100753,2.3442281975923813,296.318489192959,714392.7146237902,1680207.0511022727,-1679910.7326130797,-965814.3364784823,806069.6035329055,845064.4845012298,5502296.138201472,2.9275590198031534,1.369999885559082,-0.26399140775771857,-0.12357628750204905,0.6127552261490663,0.7531703464047358,-0.1404151202556695,False
J1112+0826,25.802,13.897829394679489,-0.6187193390164496,5.502,4.0,11.729999542236328,5.3703123031766005,1.7892131127149071,0.9999966581273916,0.0017882201169332,13.907813518439596,-0.6180012024698223,J1112+0826,3.65,4.0,forced_4_matched,0.0088811327771837,0.6180012024698556,5.3703123031766005,10.257211415902493,0.0458620469154035,0.0320066364258127,10.22520477947668,0.0138554104895907,16.53718705954184,-0.590650348825694,0.624423651609786,1.486630727603833,1.0,10.257211415902493,0.0458620469154038,0.0320066364258131,10.22520477947668,0.0138554104895907,16.537187059541843,-0.5906503488256971,0.624423651609786,1.486630727603833,2.3173934286556954,10.257211415902482,0.0458620469154038,0.0320066364258133,10.22520477947667,0.0138554104895905,16.53718705954182,-0.590650348825696,0.6244236516097843,1.4866307276038329,5.3703123031766005,10.25721141590249,0.0458620469154028,0.032006636425813,10.225204779476677,0.0138554104895898,16.537187059541836,-0.5906503488256948,0.6244236516097829,1.486630727603833,1.729999542236328,68.45926035172845,151014.97839281062,355184.427188843,-355115.9679284913,-204169.4487960324,170397.19681184692,401350.7404113447,2613154.6959673446,1.486630727603833,1.0,29.541492404511317,65165.87843741545,153268.93698054808,-153239.39548814358,-88103.05854313263,73529.67985263526,173190.59232378518,1127626.6966987348,1.486630727603833,2.3173934286556954,12.747724256668365,28120.334620814047,66138.50527329546,-66125.7575490388,-38018.17065248142,31729.47639841273,74735.08421263358,486592.68952829903,1.4866307276038329,5.3703123031766005,39.57183725612269,87291.91806088401,205308.9716333659,-205269.3997961098,-118017.05357248188,98495.51548100036,231994.70883421417,1510494.442408076,1.486630727603833,1.729999542236328,2.8073856286456413,0.0455450934956304,0.0315856774274815,2.77579995121816,0.0139594160681489,3.604662024331265,-0.6017654892554226,0.6430395215772561,0.9784183834359664,1.0,15.076537581276853,0.244591375948914,0.1696249520929725,14.90691262918388,0.0749664238559415,19.35816081805965,-3.2316686105754933,3.4533230541551294,5.254412282220328,2.3173934286556954,80.96571526203542,1.313532075509353,0.9109389671506364,80.05477629488477,0.4025931083587165,103.9593692080969,-17.355069699163202,18.545423284572685,28.21783492517008,5.3703123031766005,8.402220001461842,0.1363118381859235,0.0945327239453524,8.30768727751649,0.0417791142405711,10.78838726333347,-1.8010229796790065,1.9245519656426413,2.9283068301057127,1.729999542236328,61.670997344217895,148872.44176337417,350138.68755110644,-350077.01655376225,-201266.24578773227,167977.00787480848,395638.860031595,2576042.708606421,0.9784183834359664,1.0,142.91596402701387,344996.018411731,811409.094076093,-811266.178112066,-466413.07566436206,389268.81441949325,916850.8946888105,5969704.447006193,5.254412282220328,2.3173934286556954,331.1925161106225,799491.5087334402,1880354.108953911,-1880022.9164378005,-1080862.600220471,902088.9955555731,2124704.2472494906,13834153.911054185,28.21783492517008,5.3703123031766005,106.6907971522656,257549.2559205287,605739.7687629234,-605633.0779657712,-348190.5128423948,290600.14652945555,684455.0461880525,4456552.703172764,2.9283068301057127,1.729999542236328,0.1118370370945464,0.12972393641130603,0.5061641653753092,0.48827726605854954,0.01788689931675963,True
J1134+6027,7.788,10.788187223816744,0.325867672438624,5.369,4.0,11.510000228881836,3.2359382746997105,1.789213112714908,0.9999966581273916,0.0017882201169331,10.78491164165174,0.3255639995902677,J1134+6027,4.35,4.0,forced_4_matched,0.0091467975678514,-0.3255639995903033,3.2359382746997105,10.511301398825752,0.0469981341271274,0.0327994996488771,10.478501899176877,0.0141986344782502,16.94684358383295,-0.5906503488256922,0.6244236516097833,1.4866307276038333,1.0,10.511301398825765,0.0469981341271278,0.0327994996488777,10.478501899176884,0.01419863447825,16.94684358383297,-0.590650348825698,0.6244236516097827,1.4866307276038335,1.7988713891492385,10.51130139882576,0.0469981341271272,0.0327994996488769,10.478501899176882,0.0141986344782502,16.94684358383297,-0.5906503488256917,0.6244236516097824,1.4866307276038335,3.2359382746997105,10.511301398825752,0.046998134127128,0.0327994996488773,10.478501899176877,0.0141986344782506,16.94684358383295,-0.5906503488256958,0.6244236516097814,1.4866307276038333,1.510000228881836,70.15512209217596,154755.89702151387,363982.99843234,-363912.8433102479,-209227.10141082617,174618.2486415921,401350.74027866905,2613154.6952073053,1.4866307276038333,1.0,38.99952076785341,86029.43939805072,202339.6452467638,-202300.64572599597,-116310.20584871309,97071.00231482602,223112.52666040856,1452663.4388587878,1.4866307276038335,1.7988713891492385,21.679993918436324,47824.11908283616,112481.44073658976,-112459.76074267132,-64657.32165375359,53962.169305167045,124029.17097183572,807541.5786813097,1.4866307276038335,3.2359382746997105,46.460338727756216,102487.333633204,241048.30714274212,-241001.8468040144,-138560.97350953816,115641.20690278483,265795.15239369124,1730565.7637470623,1.4866307276038333,1.510000228881836,2.91175414449423,0.0471846820105136,0.0327280381844717,2.8790261063097584,0.0144566438260419,3.7383863123150456,-0.6083374372424881,0.649996156490417,0.9899619050624614,1.0,9.422256682684406,0.1526867184973578,0.1059059114169675,9.31635077126744,0.0467808070803902,12.097187353633789,-1.9685423971057177,2.1033474411950466,3.2034556190862595,1.7988713891492385,30.489841033543527,0.4940847964238946,0.3427049922711156,30.14713604127241,0.1513798041527789,39.14575157383678,-6.370081688163439,6.806302489954736,10.366184649103076,3.2359382746997105,6.639092637533302,0.1075858260673201,0.074623222486794,6.564469415046508,0.0329626035805261,8.523897214768873,-1.387070611153554,1.4820566857062194,2.257212824017551,1.510000228881836,63.90331969795268,154255.1744727313,362798.53877851536,-362734.6354588174,-208543.36430578405,174050.4981955059,400034.26219557575,2604661.5941993035,0.9899619050624614,1.0,114.95385348971348,277485.2202314036,652627.9119585748,-652512.9581050851,-375142.6917271712,313094.4617195526,719610.18982437,4685451.225633869,3.2034556190862595,1.7988713891492385,206.7871981674849,499160.22434802784,1173993.6803496375,-1173786.89315147,-674833.4560016097,563216.6701277453,1294486.184256389,8428524.170013007,10.366184649103076,3.2359382746997105,96.4940274008584,232925.34909433065,547825.8773833907,-547729.3833559898,-314900.52828906005,262816.29248815816,604051.8284865397,3933039.609640492,2.257212824017551,1.510000228881836,-0.12140814982496019,-0.19127142361663466,0.20415584976534312,0.13429257597366864,0.06986327379167448,True
J1142+1001,12.591,11.29660086551371,-0.1084804009147881,4.435,4.0,11.550000190734863,3.548135450617081,1.7892131127149071,0.9999966581273916,0.001788220116933,11.304747056987676,-0.1077595419771131,J1142+1001,3.1500000000000004,4.0,forced_4_matched,0.0083253380787379,0.10775954197712202,3.548135450617081,12.724955402546904,0.0568958246062121,0.0397069929232971,12.685248409623608,0.0171888316829149,20.51580680983072,-0.5906503488256979,0.6244236516097823,1.486630727603833,1.0,12.724955402546875,0.0568958246062117,0.0397069929232972,12.68524840962358,0.0171888316829144,20.515806809830664,-0.5906503488256959,0.6244236516097807,1.486630727603833,1.883649503123413,12.724955402546891,0.0568958246062107,0.0397069929232966,12.685248409623595,0.0171888316829141,20.51580680983069,-0.5906503488256913,0.6244236516097821,1.4866307276038335,3.548135450617081,12.724955402546888,0.0568958246062113,0.0397069929232971,12.685248409623592,0.0171888316829141,20.51580680983069,-0.5906503488256942,0.624423651609782,1.4866307276038333,1.5500001907348633,84.92961684503726,187347.10568774203,440636.9164750144,-440551.9868581693,-253289.81078727232,211392.4193461761,401350.7418495549,2613154.7048931103,1.486630727603833,1.0,45.08780251047457,99459.64192583752,233927.23240558192,-233882.14460307144,-134467.59047974442,112224.9220650625,213070.8179428088,1387282.8736301456,1.486630727603833,1.883649503123413,23.936407715030704,52801.56509833585,124188.30140799204,-124164.36500027702,-71386.73630965619,59578.452254460106,113115.95786476778,736486.7352348169,1.4866307276038335,3.548135450617081,54.79329442153822,120869.08528960864,284281.8459410928,-284227.05264667125,-163412.76065148413,136382.18892603827,258935.9299618831,1685906.049658711,1.4866307276038333,1.5500001907348633,3.89224953462462,0.0625148106812401,0.0434165547857408,3.848832979838879,0.0190982558954993,4.994385550817217,-0.6655928190031011,0.7106029641684609,1.0905516991372333,1.0,13.810228556449404,0.2218110159667213,0.1540478171789449,13.656180739270456,0.0677631987877764,17.72075642690421,-2.361613476781053,2.521315568479692,3.869425144439511,1.883649503123413,49.000561522262565,0.7870155290889066,0.5465825212227877,48.45397900103978,0.2404330078661188,62.87564409004946,-8.379324497621871,8.945969150715566,13.72924452849495,3.548135450617081,9.351131808337604,0.1501918696253166,0.1043082985440002,9.246823509793604,0.0458835710813163,11.999014238909222,-1.5990871412054075,1.707224041578708,2.620051101996555,1.5500001907348633,84.7926910435262,204616.63602387745,481245.55124382616,-481160.7585527826,-276628.91521994874,230874.766551842,438327.3905265556,2853991.828678345,1.0905516991372333,1.0,159.71971025189293,385426.0235565902,906497.9406269768,-906338.2209167248,-521071.9170703866,434887.1379408052,825655.1682818173,5375920.270900475,3.869425144439511,1.883649503123413,300.8559527740093,726007.5372944404,1707524.3942423426,-1707223.5382895686,-981516.856947902,819174.9407196679,1555244.9466421548,10126349.541652003,13.72924452849495,3.548135450617081,131.4286872211921,317155.8241283159,745930.694451135,-745799.2657639139,-428774.8703228191,357855.93134821963,679407.537192878,4423687.868038881,2.620051101996555,1.5500001907348633,-0.08344773493478289,-0.09411214324373059,0.19120727691190492,0.2018716852208526,-0.010664408308947687,False
J1143-0144,6.349,11.965974046820085,0.6337698058668626,5.165,4.0,11.600000381469728,3.981075202376568,1.7892131127149071,0.9999966581273916,0.0017882201169332,11.974485195423206,0.6344808322407154,J1143-0144,5.0,4.0,forced_4_matched,0.0091176481993885,-0.6344808322407895,3.981075202376568,10.926462189795831,0.0488544011865537,0.0340949687540799,10.892367221041754,0.0147594324324737,17.616186486272834,-0.5906503488256933,0.6244236516097833,1.4866307276038335,1.0,10.926462189795837,0.0488544011865533,0.0340949687540799,10.892367221041756,0.0147594324324733,17.616186486272834,-0.5906503488256953,0.6244236516097789,1.4866307276038335,1.99526319125487,10.926462189795828,0.0488544011865532,0.0340949687540798,10.892367221041749,0.0147594324324733,17.61618648627282,-0.590650348825692,0.6244236516097814,1.4866307276038333,3.981075202376568,10.92646218979582,0.0488544011865537,0.03409496875408,10.89236722104174,0.0147594324324737,17.616186486272802,-0.5906503488256958,0.6244236516097803,1.4866307276038333,1.6000003814697283,72.92601172089067,160868.23069814246,378359.0938086985,-378286.1677969776,-217490.8631105561,181515.0779089222,401350.7406000608,2613154.6971629187,1.4866307276038335,1.0,36.549569990579386,80625.06791967855,189628.663784352,-189592.11421436144,-109003.59586467348,90972.99957663564,201151.7785705462,1309679.1954860478,1.4866307276038335,1.99526319125487,18.31816985076152,40408.23715404147,95039.4240415371,-95021.10587168632,-54631.186887495634,45594.48614146036,100814.65955631789,656394.2070956901,1.4866307276038333,3.981075202376568,45.57874645683405,100542.62017979044,236474.3771757793,-236428.7984293225,-135931.7569959889,113446.89660991344,250844.1529406077,1633221.295553031,1.4866307276038333,1.6000003814697283,3.085905968963012,0.049916822476815,0.0346319989360855,3.0512739700269265,0.0152848235407294,3.961507239154001,-0.6190754249944461,0.6613626890070123,1.008824198281068,1.0,12.285223729904486,0.1987226241438808,0.1378725921731815,12.147351137731304,0.0608500319706993,15.771058233831267,-2.464585822846134,2.6329346009828947,4.016204999334183,1.99526319125487,48.90839954677088,0.7911297111304052,0.5488811577880311,48.35951838898285,0.242248553342374,62.78576884994232,-9.811701503461556,10.481910649452278,15.988814130510104,3.981075202376568,7.899923047520838,0.1277871264742751,0.0886579595517732,7.811265087969065,0.0391291669225018,10.14146336805911,-1.5848338436931864,1.69308929118555,2.582591179074539,1.6000003814697283,67.62404089601554,163226.4089606445,383898.3220294048,-383830.6979885088,-220671.9130687603,184172.99703039404,407215.9651308449,2651422.3513843506,1.008824198281068,1.0,134.9277595178963,325679.64485927764,765978.1892005724,-765843.2614410545,-440298.5443412948,367473.6008754476,812503.0241677226,5290285.409924654,4.016204999334183,1.99526319125487,269.21639239577087,649816.609924621,1528328.0920494334,-1528058.8756570376,-878511.4821248124,733206.5523700722,1621157.3832002166,10555511.78902585,15.988814130510104,3.981075202376568,108.19849122455685,261162.3165112244,614237.461498422,-614129.2630071974,-353075.1449871976,294676.865413326,651545.6992160827,4242276.771617251,2.582591179074539,1.6000003814697283,-0.013728464654773658,-0.05301500284466882,0.6207523675860159,0.5814658293961207,0.03928653818989525,True
J1153+4612,9.652,8.768947574729774,-0.0959483514610446,3.521,4.0,11.329999923706056,2.137961713919416,1.7892131127149065,0.9999966581273916,0.0017882201169331,8.77525772851837,-0.0952290080708335,J1153+4612,3.55,4.0,forced_4_matched,0.0088128866711781,0.095229008070844,2.137961713919416,16.028167341748205,0.0716651468697952,0.0500143463830799,15.978152995365123,0.0216508004867153,25.841409599999743,-0.590650348825696,0.6244236516097812,1.486630727603833,1.0,16.028167341748244,0.0716651468697943,0.0500143463830796,15.978152995365164,0.0216508004867147,25.8414095999998,-0.5906503488256947,0.6244236516097779,1.4866307276038333,1.4621770460239814,16.028167341748215,0.0716651468697943,0.0500143463830793,15.978152995365136,0.0216508004867149,25.84140959999976,-0.5906503488256944,0.6244236516097798,1.486630727603833,2.137961713919416,16.028167341748233,0.0716651468697955,0.0500143463830798,15.978152995365154,0.0216508004867156,25.841409599999796,-0.5906503488256976,0.6244236516097841,1.4866307276038333,1.3299999237060565,106.97610064305844,235979.66789310204,555019.800410636,-554912.824309993,-319040.132517534,266266.79247652093,401350.7401895174,2613154.694562005,1.486630727603833,1.0,73.16220767825074,161389.25795780035,379584.5402337396,-379511.3780260613,-218195.28227593924,182102.9770923385,274488.4707274749,1787167.0934269056,1.4866307276038333,1.4621770460239814,50.03649033590912,110376.00266959294,259602.3103165273,-259552.2738261914,-149226.30764693438,124542.35765365783,187725.87809466472,1222264.4946615966,1.486630727603833,2.137961713919416,80.43316305264013,177428.3322795481,417308.14548792265,-417227.71232487,-239879.81320837451,200200.6077807985,301767.49176965246,1964778.082520332,1.4866307276038333,1.3299999237060565,5.592955768009245,0.0888794472718761,0.0618217718285742,5.531133996180671,0.0270576754433019,7.172161180007022,-0.7510292333195421,0.801040372355315,1.2407085792463906,1.0,11.957525299648566,0.190020855421589,0.1321725812561528,11.825352718392413,0.0578482741654362,15.333806008914166,-1.6056717468714314,1.712593647399414,2.6525874405601373,1.4621770460239814,25.564731283871343,0.4062573137375722,0.2825799183555565,25.282151365515787,0.1236773953820156,32.78309017572585,-3.4328647199332245,3.661459649641558,5.671130390741066,2.137961713919416,9.8933783229866,0.1572188362418596,0.1093565196413383,9.784021803345262,0.0478623166005212,12.68683445578256,-1.3284954584036526,1.416960152094679,2.194689154037203,1.3299999237060565,120.77150249882855,291330.4261581812,685190.9701143821,-685070.1986118832,-393860.54395620094,328716.4003140012,495468.3478626949,3226042.088487437,1.2407085792463906,1.0,176.589318874799,425976.6629615215,1001870.5110714867,-1001693.921752612,-575893.8481099654,480641.57634698215,724462.4472734663,4717044.703669788,2.6525874405601373,1.4621770460239814,258.2048484600846,622853.2970939316,1464912.060540496,-1464653.855692036,-842058.7634465646,702783.0784721778,1059292.3578957955,6897154.470851146,5.671130390741066,2.137961713919416,160.6260892392587,387469.4453878729,911303.9400289928,-911143.3139397536,-523834.4946411198,437192.7883201826,658972.8662371705,4290635.740245667,2.194689154037203,1.3299999237060565,-0.34362151342721015,-0.3060978014736047,0.43885052149805415,0.4013268095444487,0.03752371195360543,True
J1204+0358,10.357,10.068081927913177,-0.0282924049101658,3.068,4.0,11.449999809265137,2.818381693478142,1.7892131127149071,0.9999966581273918,0.0017882201169334,10.075694839400816,-0.0275365474621778,J1204+0358,2.95,4.0,forced_4_matched,0.0079411447588113,0.027536547462180632,2.818381693478142,18.394777447945085,0.0822467347224726,0.0573991243855348,18.33737832355955,0.0248476103369378,29.656976271707716,-0.5906503488256927,0.6244236516097839,1.4866307276038333,1.0,18.394777447945017,0.0822467347224736,0.0573991243855356,18.33737832355948,0.024847610336938,29.65697627170759,-0.5906503488256951,0.6244236516097811,1.4866307276038333,1.678803649471296,18.39477744794504,0.0822467347224735,0.0573991243855353,18.337378323559506,0.0248476103369381,29.65697627170764,-0.5906503488256942,0.6244236516097829,1.4866307276038333,2.818381693478142,18.39477744794508,0.0822467347224726,0.0573991243855349,18.337378323559545,0.0248476103369376,29.6569762717077,-0.5906503488256927,0.6244236516097832,1.486630727603833,1.4499998092651367,122.77146369395916,270822.8205512853,636970.2489431257,-636847.4774794318,-366147.4283918404,305581.9359214753,401350.7418152906,2613154.7045955863,1.4866307276038333,1.0,73.13032926128385,161318.93687735064,379419.1463494763,-379346.016020215,-218100.2094721257,182023.63055687264,239069.4950390449,1556557.670600721,1.4866307276038333,1.678803649471296,43.56097827388204,96091.60498518174,226005.6720192808,-225962.1110410069,-129914.06703409903,108424.60994122116,142404.67935921007,927182.6835870238,1.4866307276038333,2.818381693478142,84.66998603980264,186774.38270104985,439289.8826430488,-439205.21265700896,-252515.4999419989,210746.18947609412,276793.6498713704,1802175.8856444925,1.486630727603833,1.4499998092651367,6.9863979097720215,0.1103376332567743,0.0768165986606166,6.909581311111404,0.0335210345961576,8.956020340171806,-0.8122407708412278,0.8658349081382728,1.3483203272993047,1.0,19.690335972255333,0.3109735656726006,0.2164984954203415,19.47383747683499,0.0944750702522591,25.24148377315794,-2.2892045192355,2.4402532546712328,3.8000813274048166,1.678803649471296,55.49488244263854,0.8764422046472792,0.6101753961582512,54.88470704648029,0.2662668084890279,71.14013578249396,-6.451852109640759,6.8775651004158735,10.71007964688585,2.818381693478142,14.688897740901911,0.2319848128911959,0.1615068561943001,14.52739088470761,0.0704779566968958,18.83002781135809,-1.70773577141808,1.8204174154405317,2.834842742348928,1.4499998092651367,150.08880547191126,361972.319781505,851336.2919733003,-851186.2031678284,-489363.9721917952,408423.6563993337,536407.4038684226,3492600.2119392613,1.3483203272993047,1.0,251.9696342742214,607680.4501267623,1429226.4708129126,-1428974.5011786383,-821546.0206861503,685663.1234293636,900522.7048247823,5863389.967187033,3.8000813274048166,1.678803649471296,423.0075418236888,1020176.1589998306,2399390.619154486,-2398967.611612662,-1379214.4601546554,1151093.755849586,1511800.805637694,9843480.489932846,10.71007964688585,2.818381693478142,217.62873914044556,524859.7922022473,1234437.4553643751,-1234219.826625235,-709577.6631621278,592214.2212083004,777790.6288480307,5064269.613731235,2.834842742348928,1.4499998092651367,-0.19780211390530197,-0.11332120248448435,0.2253386613674826,0.14085774994666497,0.08448091142081762,True
J1205+4910,14.904,13.738786075654424,-0.0814067000693894,6.248,4.0,11.720000267028809,5.248077829311783,1.7892131127149071,0.9999966581273916,0.0017882201169331,13.748472142645085,-0.0807019322591804,J1205+4910,4.45,4.0,forced_4_matched,0.0091575699982273,0.08070193225918618,5.248077829311783,9.032518759650351,0.0403862007247993,0.0281851014108229,9.004333658239528,0.0122010993139764,14.562676568757832,-0.5906503488256934,0.624423651609781,1.486630727603833,1.0,9.032518759650376,0.0403862007247995,0.028185101410823,9.004333658239553,0.0122010993139765,14.56267656875788,-0.5906503488256938,0.6244236516097793,1.486630727603833,2.2908683570453765,9.032518759650356,0.0403862007247998,0.0281851014108232,9.004333658239533,0.0122010993139765,14.562676568757857,-0.5906503488256949,0.6244236516097814,1.486630727603833,5.248077829311783,9.032518759650364,0.0403862007248001,0.0281851014108232,9.004333658239542,0.0122010993139768,14.562676568757864,-0.5906503488256968,0.6244236516097852,1.486630727603833,1.7200002670288086,60.28534740063102,132984.0608566031,312776.04369842965,-312715.758351029,-179791.98284182657,150052.07716276642,401350.7410381456,2613154.699838232,1.486630727603833,1.0,26.315500508976523,58049.63019090187,136531.65314868727,-136505.3376481783,-78482.0229577854,65500.08725482101,175195.89896235213,1140683.048402222,1.486630727603833,2.2908683570453765,11.487129073425566,25339.5748452708,59598.20987292136,-59586.72274384793,-34258.635027650555,28591.816306660923,76475.76016750964,497926.0573406207,1.486630727603833,5.248077829311783,35.049615131686195,77316.30226769196,181846.5083954447,-181811.458780313,-104530.20612775272,87239.56600869472,233343.41716674133,1519275.7481126296,1.486630727603833,1.7200002670288086,2.3279521240574845,0.0379891560610625,0.0263236551725909,2.3016284688848936,0.0116655008884715,2.990279486857113,-0.570089244704441,0.6095091179290701,0.9227880410027132,1.0,12.21727392996539,0.1993700476783279,0.1381485910977235,12.079125338867668,0.0612214565806043,15.693219478420689,-2.991872725862476,3.1987512885669247,4.842863459140392,2.2908683570453765,64.11720444648023,1.046309527049475,0.7250145580906266,63.3921898883896,0.3212949689588484,82.35923721522346,-15.701580920721522,16.78729571901063,25.415724350298884,5.248077829311783,6.887015702220022,0.1123871541870967,0.0778759256429554,6.809139776577066,0.0345112285441413,8.846445580726577,-1.6865525452057348,1.8031723343637496,2.7299769881563045,1.7200002670288086,51.38918346274235,124077.4037041779,291822.3064297236,-291770.91724626085,-167744.9027255457,140000.06171144862,374453.3858821408,2438102.052219463,0.9227880410027132,1.0,117.72585432268384,284244.99815389595,668526.4881821381,-668408.7623278154,-384281.4900282421,320721.7116007196,857823.4132881352,5585370.84516601,4.842863459140392,2.2908683570453765,269.6944344598591,651167.8719540732,1531506.1774631052,-1531236.4830286454,-880338.305509032,734731.220440074,1965160.5144034205,12795349.337250035,25.415724350298884,5.248077829311783,88.38940925548499,213413.16700516173,501934.4438607452,-501846.0544514897,-288521.2768555834,240800.14299442648,644059.9217783047,4193536.1689951806,2.7299769881563045,1.7200002670288086,0.11178942571745765,0.07790990868028298,0.03108749345827147,0.002792023578903194,0.028295469879368276,True
J1213+6708,6.917,10.542582467578384,0.421440379382503,3.315,4.0,11.489999771118164,3.09029380386682,1.7892131127149071,0.9999966581273916,0.0017882201169332,10.55049378316763,0.4221905133000192,J1213+6708,3.75,4.0,forced_4_matched,0.0089574523705583,-0.42219051330006907,3.09029380386682,17.024186187117806,0.0761185466451118,0.053122326882299,16.971063860235507,0.0229962197628127,27.44724078479615,-0.590650348825693,0.6244236516097812,1.4866307276038335,1.0,17.0241861871178,0.0761185466451119,0.0531223268822994,16.9710638602355,0.0229962197628124,27.447240784796136,-0.5906503488256933,0.6244236516097832,1.4866307276038333,1.7579231507283872,17.02418618711779,0.0761185466451126,0.0531223268822991,16.971063860235493,0.0229962197628134,27.44724078479613,-0.5906503488256962,0.6244236516097854,1.486630727603833,3.09029380386682,17.02418618711778,0.0761185466451123,0.0531223268822992,16.971063860235482,0.0229962197628131,27.44724078479612,-0.5906503488256922,0.6244236516097827,1.4866307276038333,1.489999771118164,113.62378596710924,250643.86439975127,589509.7185860351,-589396.094800068,-338865.8541862838,282813.0848431092,401350.7399433034,2613154.693106363,1.4866307276038335,1.0,64.63524065081667,142579.53421390755,335344.4189877859,-335279.7837471351,-192764.88477387832,160879.09432025536,228309.60455472016,1486501.0955989745,1.4866307276038333,1.7579231507283872,36.76795578729915,81106.80740494201,190761.70614012663,-190724.9381843393,-109654.89873518462,91516.56856942322,129874.62209820632,845600.7289191218,1.486630727603833,3.09029380386682,76.25758622664935,168217.38518375432,395644.1687405616,-395567.911154335,-227426.7835568073,189807.4693753365,269362.9555250184,1753795.374267724,1.4866307276038333,1.489999771118164,6.161604328802975,0.097649037927309,0.0679485722561228,6.093655756546852,0.0297004656711862,7.900173669097277,-0.7767909102286361,0.8283100009890361,1.2859957380585878,1.0,19.041167679178773,0.3017642168603216,0.2099810518246948,18.83118662735408,0.0917831650356267,24.413857739083067,-2.400512136779626,2.5597212637373428,3.97410466112159,1.7579231507283872,58.84280249735534,0.9325400895921764,0.6489031433832897,58.19389935397206,0.2836369462088867,75.44599329957441,-7.418287782397196,7.910290760953675,12.281151010182302,3.09029380386682,13.67937356774343,0.2167905624991539,0.1508525789202843,13.528520988823145,0.0659379835788696,17.53917017430859,-1.724552969974513,1.8389304682321657,2.85503826092756,1.489999771118164,132.74992158036366,320194.6826583544,753077.898809283,-752945.1488877027,-432883.21615092864,361284.7612594211,512698.084302163,3338226.5568507435,1.2859957380585878,1.0,233.36416023911943,562877.6445205312,1323853.070418275,-1323619.7062580355,-760975.4258977438,635110.8447693645,901283.830464712,5868345.738647437,3.97410466112159,1.7579231507283872,410.2362600642717,989495.6437521478,2327231.9641793,-2326821.727919236,-1337736.320427152,1116476.0589862012,1584387.7131983333,10316100.844609184,12.281151010182302,3.09029380386682,197.79735287936245,477090.0058197418,1122085.9012028486,-1121888.103849969,-644995.8953831068,538314.213645752,763920.0323299267,4973956.830660161,2.85503826092756,1.489999771118164,-0.14220740400059048,-0.07500117893352376,0.27998310929947856,0.3471893343665453,-0.06720622506706675,False
J1218+0830,8.303,11.828951699995631,0.3539331650895727,6.461,4.0,11.59000015258789,3.890452816839944,1.7892131127149071,0.9999966581273916,0.0017882201169331,11.824850494862288,0.353586395877532,J1218+0830,4.6,4.0,forced_4_matched,0.0091646506801271,-0.3535863958775679,3.890452816839944,8.734743415925637,0.0390547875140919,0.0272559222434335,8.707487493682203,0.0117988652706583,14.082588330227397,-0.5906503488256959,0.6244236516097815,1.4866307276038333,1.0,8.734743415925639,0.0390547875140921,0.0272559222434334,8.707487493682205,0.0117988652706586,14.082588330227397,-0.5906503488256931,0.6244236516097821,1.4866307276038333,1.9724230826168971,8.734743415925644,0.0390547875140923,0.0272559222434336,8.70748749368221,0.0117988652706586,14.082588330227408,-0.5906503488256958,0.6244236516097805,1.4866307276038333,3.890452816839944,8.73474341592564,0.0390547875140919,0.0272559222434335,8.707487493682207,0.0117988652706584,14.0825883302274,-0.5906503488256944,0.6244236516097819,1.4866307276038333,1.5900001525878906,58.29791833668058,128599.97066024228,302464.74491668533,-302406.44699834863,-173864.77425644305,145105.30508482753,401350.7399766202,2613154.693272734,1.4866307276038333,1.0,29.55649773182599,65198.97888006664,153346.78860131017,-153317.23210357834,-88147.80972124354,73567.02861202123,203481.0606546001,1324844.9189625806,1.4866307276038333,1.9724230826168971,14.98486709503592,33055.27076368307,77745.38351616901,-77730.39864907398,-44690.11275248594,37297.79348911643,103162.98926581936,671683.947848625,1.4866307276038333,3.890452816839944,36.66535394707478,80880.47708772964,190229.38142427368,-190192.71607032657,-109348.90433654402,91261.1895804578,252421.8254129315,1643493.3637560955,1.4866307276038333,1.5900001525878906,2.217292477641148,0.0362387821617648,0.0251053267056927,2.192187150935455,0.011133455456072,2.8484450962137235,-0.5623873902343246,0.6013564378092082,0.9092642271093666,1.0,8.626271765397009,0.1409852721400874,0.0976710889998495,8.52860067639716,0.0433141831402379,11.08174124817858,-2.1879416064923864,2.339548847399672,3.537449573609428,1.9724230826168971,33.56010328851567,0.5484965491303487,0.3799847633232891,33.180118525192384,0.1685117858070596,43.11299145446778,-8.512083586059632,9.101904403500669,13.762280658078062,3.890452816839944,5.605538188620342,0.0916152827672842,0.0634687886265075,5.542069399993834,0.0281464941407767,7.201155429887546,-1.421771834138355,1.5202895022213494,2.298711333757029,1.5900001525878906,49.00883753403025,118336.3616900825,278319.7341356717,-278270.7252981377,-159983.37244558925,133522.28084255278,369302.2867922005,2404562.751812428,0.9092642271093666,1.0,96.66616246038086,233409.37175663383,548964.268983743,-548867.6028212827,-315554.8972271092,263362.4292658417,728420.3566271027,4742815.085760263,3.537449573609428,1.9724230826168971,190.66657026106645,460382.0337972706,1082789.7985908384,-1082599.132020577,-622407.7647935678,519462.13596613554,1436753.1298141296,9354837.9799622,13.762280658078062,3.890452816839944,77.92405920705625,188154.83351061455,442528.42058463226,-442450.4965254252,-254373.58707401768,212300.44731362184,587190.6937353847,3823255.150886853,2.298711333757029,1.5900001525878906,-0.029843653557446004,-0.13137531739310263,0.3237427423201219,0.22221107848446528,0.10153166383565662,True
J1250+0523,15.46,14.55282263159587,-0.06047107305774,4.882,4.0,11.770000457763672,5.888442760205689,1.789213112714907,0.9999966581273918,0.0017882201169334,14.563625387888994,-0.0597290349642487,J1250+0523,3.35,4.0,forced_4_matched,0.0085885603812877,0.05972903496425258,5.888442760205689,11.559847851350971,0.0516863953561145,0.0360713874671904,11.523776463883785,0.0156150078889241,18.637362392789665,-0.5906503488256942,0.6244236516097845,1.486630727603833,1.0,11.559847851350984,0.0516863953561142,0.0360713874671903,11.523776463883792,0.0156150078889239,18.637362392789683,-0.5906503488256942,0.6244236516097804,1.4866307276038333,2.4266113739545707,11.559847851350982,0.0516863953561143,0.0360713874671901,11.523776463883792,0.0156150078889241,18.63736239278968,-0.5906503488256944,0.6244236516097833,1.4866307276038335,5.888442760205689,11.559847851350977,0.0516863953561141,0.03607138746719,11.523776463883786,0.015615007888924,18.637362392789672,-0.5906503488256931,0.6244236516097852,1.4866307276038335,1.770000457763672,77.15339008949987,170193.4474872216,400291.8306714207,-400214.6772813312,-230098.38318419916,192037.15206039985,401350.7400917192,2613154.6940044807,1.486630727603833,1.0,31.79470387847971,70136.2603527985,164959.18303372347,-164927.38832984498,-94822.92268092497,79137.99205824007,165395.55664191127,1076873.9959737335,1.4866307276038333,2.4266113739545707,13.102511692395408,28902.96376679212,67979.23450692202,-67966.13199522962,-39076.2707401299,32612.55312634985,68159.06295026209,443776.8701555675,1.4866307276038335,5.888442760205689,43.58947465391418,96154.46535808047,226153.51841320985,-226109.9289385559,-129999.05305512932,108495.53819492224,226751.7723380266,1476358.204927136,1.4866307276038335,1.770000457763672,3.360258411555881,0.0542122383605042,0.0376262567713913,3.3226321547844897,0.0165859815891129,4.312970235696542,-0.6354577222247614,0.6787039188972203,1.0376039367116925,1.0,19.786689315946514,0.3192256624884549,0.2215600592791383,19.565129256667376,0.0976656032093165,25.39667835936992,-3.74185642385119,3.996509177553548,6.109871389090887,2.4266113739545707,116.51278745092456,1.879742041152015,1.3046437270129898,115.20814372391158,0.5750983141390251,149.54688681850448,-22.03370736875573,23.53321553266085,35.977627946880105,5.888442760205689,10.527359022807088,0.1698416094096666,0.1178793608118237,10.409479661995263,0.0519622485978429,13.512111440511244,-1.9908265277067745,2.126312607341677,3.25071105474423,1.770000457763672,73.47573253210739,177334.73424819595,417080.2220454021,-417006.74631287,-239745.4877972061,200091.82142470917,418172.6530958252,2722762.398825731,1.0376039367116925,1.0,178.2970482054455,430322.48214165977,1012091.6084329764,-1011913.3113847708,-581769.1262913165,485545.08864270494,1014742.5133893894,6607086.187719327,6.109871389090887,2.4266113739545707,432.6576454400679,1044225.4335741577,2455953.0176413096,-2455520.359995869,-1411727.584067152,1178229.2390134027,2462385.7358111474,16032830.560954569,35.977627946880105,5.888442760205689,130.0520802197548,313882.5611887857,738232.184764878,-738102.1326846583,-424349.6235760923,354162.61590364936,740165.7887783697,4819290.700675412,3.25071105474423,1.770000457763672,0.1700991937945414,0.28558140615686856,0.1103701588302888,0.22585237119261597,-0.11548221236232717,False
J1251-0208,10.913,10.664635998279763,-0.0230215182842568,9.4,4.0,11.5,3.1622776601683795,1.7892131127149076,0.9999966581273918,0.0017882201169333,10.659084723830071,-0.0235421848834347,J1251-0208,3.1500000000000004,4.0,forced_4_matched,0.0083253380787355,0.023542184883437296,3.1622776601683795,6.003742256414412,0.0268439342689944,0.018734097193066,5.985008159221346,0.0081098370759283,9.679532255489272,-0.5906503488256976,0.6244236516097811,1.4866307276038329,1.0,6.00374225641441,0.0268439342689946,0.0187340971930661,5.985008159221343,0.0081098370759284,9.679532255489269,-0.5906503488256968,0.6244236516097832,1.486630727603833,1.7782794100389228,6.0037422564144105,0.0268439342689949,0.0187340971930662,5.985008159221344,0.0081098370759286,9.679532255489269,-0.5906503488256971,0.6244236516097857,1.486630727603833,3.1622776601683795,6.003742256414421,0.0268439342689948,0.0187340971930662,5.985008159221355,0.0081098370759285,9.679532255489285,-0.5906503488256954,0.624423651609783,1.4866307276038333,1.5,40.07051601112751,88391.95875150751,207896.24691328505,-207856.17639727396,-119504.28816177754,99736.74234974764,401350.7411351563,2613154.7003906537,1.4866307276038329,1.0,22.533307063061013,49706.45104464536,116908.65058714894,-116886.11728008588,-67202.19954250357,56086.09167101771,225696.1066515196,1469484.8710767457,1.486630727603833,1.7782794100389228,12.671409762149947,27951.99163002255,65742.56568015667,-65729.89427039452,-37790.57405013412,31539.527201964665,126918.24813880402,826352.0724319252,1.486630727603833,3.1622776601683795,26.713677349157848,58927.97256609486,138597.4980958814,-138570.78441853225,-79669.52552978654,66491.16163972672,267567.1610950019,1742103.1356948323,1.4866307276038333,1.5,1.310246572909387,0.0217691686597689,0.0150463120432507,1.2952002608661364,0.0067228566165182,1.6853102771057888,-0.4917510063578795,0.5265853752290677,0.7852851391446671,1.0,4.143363466823532,0.068840155733225,0.0475806164422941,4.095782850381237,0.0212595392909308,5.329419039743814,-1.555053221770838,1.6652091682582633,2.4832896523793986,1.7782794100389228,13.102465729093865,0.2176916865976923,0.1504631204325081,12.952002608661354,0.0672285661651841,16.85310277105787,-4.9175100635788,5.265853752290697,7.85285139144667,3.1622776601683795,2.9480547890461226,0.0489806294844803,0.0338542020973141,2.9142005869488083,0.0151264273871662,3.791948123488025,-1.106439764305225,1.1848170942654024,1.7668915630755009,1.5,29.360080616992207,70932.38984710714,166828.5524333913,-166799.19235277432,-95896.16258628416,80035.03200835452,322059.7769531247,2096962.2341700003,0.7852851391446671,1.0,52.21042680835143,126137.60792373476,296667.7787732881,-296615.5683464798,-170530.17084955337,142324.64901477308,572712.2676590781,3728984.749254812,2.4832896523793986,1.7782794100389228,92.8447270415108,224307.91163682236,527558.204081121,-527465.3593540795,-303250.2924442987,253092.99358162028,1018442.436938196,6631176.821482605,7.85285139144667,3.1622776601683795,44.04012094030333,106398.58488818264,250242.8289275819,-250198.7888066416,-143844.24403939926,120052.54814474793,483089.666040375,3145443.355048544,1.7668915630755009,1.5,-0.13957627511090132,-0.31627580662797455,0.1631184599943386,0.33981799151141184,-0.17669953151707324,False
J1330-0148,2.016,4.101537893997885,0.7102466492669784,1.466,4.0,10.670000076293944,0.4677352234557798,1.7892131127149071,0.9999966581273918,0.0017882201169332,4.104551610964752,0.7109811567569432,J1330-0148,2.85,4.0,forced_4_matched,0.0077416824833212,-0.7109811567571959,0.4677352234557798,38.496028110706334,0.1721234530208374,0.1201231334343951,38.37590497727194,0.0520003195864423,62.06521364365564,-0.5906503488256952,0.624423651609783,1.4866307276038329,1.0,38.49602811070631,0.1721234530208371,0.1201231334343938,38.37590497727192,0.0520003195864432,62.06521364365561,-0.5906503488256933,0.6244236516097847,1.486630727603833,0.6839117073539389,38.4960281107063,0.172123453020834,0.1201231334343923,38.37590497727191,0.0520003195864416,62.06521364365558,-0.5906503488256926,0.6244236516097817,1.4866307276038329,0.4677352234557798,38.49602811070624,0.1721234530208391,0.1201231334343938,38.37590497727184,0.0520003195864452,62.06521364365548,-0.5906503488256936,0.6244236516097841,1.4866307276038333,0.6700000762939435,256.9323670665543,566769.718911919,1333031.862817429,-1332774.9304503624,-766262.14390551,639512.5329369413,401350.7386217661,2613154.684868868,1.4866307276038329,1.0,375.6806097232828,828717.6751072379,1949128.595493881,-1948752.9148841577,-1120410.9203866431,935080.5482394808,586845.8388566773,3820894.806833762,1.486630727603833,0.6839117073539389,549.3115645513639,1211731.9667167482,2849971.1026806743,-2849421.791116123,-1638239.135963926,1367253.3188647442,858072.5189362714,5586824.705370485,1.4866307276038329,0.4677352234557798,383.4811014630056,845924.8597014531,1989599.5744923076,-1989216.0933908443,-1143674.714790854,954496.2118903988,599030.886894898,3900230.440834974,1.4866307276038333,0.6700000762939435,24.71063210758001,0.3790659927078343,0.2650409951340536,24.44559111244596,0.1140249975737807,31.634947141061463,-1.3321525450513858,1.4161795559279633,2.262840144618824,1.0,11.558033030572483,0.1773025168036857,0.1239690090839683,11.434064021488515,0.0533335077197174,14.79677907003614,-0.6230946683367947,0.6623970610454748,1.0584100406879946,0.6839117073539389,5.406099162264098,0.0829306323164431,0.0579846721654808,5.3481144900986175,0.0249459601509622,6.92097476474915,-0.2914433239286154,0.3098264373645557,0.49505565688904,0.4677352234557798,11.092605279356656,0.1701627628799391,0.1189769298118479,10.973628349544809,0.0511858330680911,14.20093100578611,-0.598003413664703,0.6357231474376088,1.0157891722583403,0.6700000762939435,518.2510506226099,1248586.3901636233,2936597.208342293,-2936078.95729167,-1688010.8181786695,1408815.5063662117,884130.9970024286,5756661.913457381,2.262840144618824,1.0,354.43796109347755,853922.8516611252,2008373.2147553428,-2008018.7767942492,-1154450.3630942176,963505.4202988428,604667.541167373,3937048.487071267,1.0584100406879946,0.6839117073539389,242.4042713024828,584007.8376164418,1373549.9594161883,-1373307.5551448858,-789542.1217997465,658952.6394730142,413539.2122952773,2692593.5640761266,0.49505565688904,0.4677352234557798,347.2282437070955,836552.9790706134,1967520.3593707525,-1967173.1311270453,-1130967.380300139,943906.4994828162,592367.8373645938,3856963.9331031535,1.0157891722583403,0.6700000762939435,-1.1898911748454342,-0.5369973117699947,0.4789100180882383,0.1739838449872012,0.3049261731010371,True
J1402+6321,15.239,14.891793159318208,-0.0230476647760489,7.704,4.0,11.789999961853027,6.165949477018448,1.789213112714907,0.9999966581273916,0.0017882201169331,14.887005285501743,-0.0233692273714365,J1402+6321,3.95,4.0,forced_4_matched,0.0090629906527992,0.023369227371438362,6.165949477018448,7.325438371014473,0.0327535023531343,0.022858322120304,7.302580048894169,0.0098951802328303,11.810436552647868,-0.590650348825694,0.6244236516097833,1.486630727603833,1.0,7.325438371014469,0.0327535023531344,0.022858322120304,7.302580048894165,0.0098951802328303,11.810436552647865,-0.5906503488256942,0.6244236516097819,1.4866307276038333,2.483132996240525,7.325438371014474,0.0327535023531347,0.0228583221203042,7.30258004889417,0.0098951802328304,11.810436552647872,-0.5906503488256939,0.6244236516097833,1.4866307276038333,6.165949477018448,7.325438371014464,0.0327535023531341,0.0228583221203039,7.30258004889416,0.0098951802328302,11.810436552647856,-0.5906503488256913,0.6244236516097804,1.4866307276038333,1.7899999618530271,48.89185494819935,107851.03995815488,253663.64488425796,-253614.7530293097,-145812.60492610306,121693.3252486635,401350.7407687417,2613154.698184184,1.486630727603833,1.0,19.689583700623714,43433.45295948089,102154.675477425,-102134.98589372436,-58721.222517944094,49007.97729202739,161630.7875716872,1052361.9591329389,1.4866307276038333,2.483132996240525,7.929331096624423,17491.392077857687,41139.42962263739,-41131.50029154077,-23648.037544779705,19736.3480758369,65091.4740472471,423804.1043534688,1.4866307276038333,6.165949477018448,27.31388604199772,60251.97896423074,141711.536601645,-141684.222715603,-81459.55763741425,67985.0994139227,224218.2958732492,1459862.992039384,1.4866307276038333,1.7899999618530271,1.7249336316964972,0.0284152608159279,0.0196634575325663,1.705270174163931,0.0087518032833616,2.2172225452422425,-0.5259362112208461,0.5627716003987335,0.8452731859031658,1.0,10.63585362425051,0.1752070625673138,0.1212438856893022,10.514609738561209,0.0539631768780116,13.671282193269857,-3.2428961065222373,3.4700212551594003,5.211911758557339,2.483132996240525,65.5801360920923,1.080317895806881,0.7475836735576421,64.83255241853466,0.332734222249239,84.29643528976406,-19.995533552035987,21.395975743493054,32.136384581942934,6.165949477018448,5.526859613751174,0.0910453332997512,0.0630036815947324,5.4638559321564415,0.0280416517050187,7.104202454413082,-1.685152142547618,1.8031764079820232,2.7083396995166207,1.7899999618530271,38.377885840959166,92691.9855946304,218005.76292315737,-217967.3850373164,-125313.77732852698,104587.00239992354,344923.2759413235,2245828.671329512,0.8452731859031658,1.0,95.29739470391664,230166.52839978697,541337.3043819417,-541242.0069872377,-311170.7759821547,259703.43715822272,856490.3699209448,5576691.291610653,5.211911758557339,2.483132996240525,236.63610502593988,571534.099447276,1344212.5181993698,-1343975.882094344,-772678.4187520938,644878.1719441722,2126779.4907357693,13847666.107744616,32.136384581942934,6.165949477018448,68.69641422990276,165918.65081598383,390230.307665133,-390161.6112509031,-224311.65684914915,187210.7304736137,617412.6512250602,4020033.2388957897,2.7083396995166207,1.7899999618530271,0.19440206864666376,0.14845519646761224,0.1710328412752254,0.12508596909617387,0.04594687217905152,True
J1403+0006,8.268,9.9528290133296,0.185464191886548,3.598,4.0,11.4399995803833,2.7542260421949853,1.7892131127149076,0.9999966581273918,0.0017882201169334,9.960127050236572,0.1861971857434552,J1403+0006,3.45,4.0,forced_4_matched,0.0087105748452234,-0.1861971857434759,2.7542260421949853,15.685152087352828,0.0701314569562389,0.0489440004488116,15.636208086904016,0.0211874565074273,25.288383324513376,-0.5906503488256956,0.624423651609779,1.486630727603833,1.0,15.685152087352844,0.0701314569562391,0.0489440004488109,15.636208086904032,0.0211874565074282,25.288383324513408,-0.5906503488256942,0.624423651609785,1.4866307276038335,1.6595861056887,15.685152087352837,0.0701314569562392,0.048944000448811,15.636208086904023,0.0211874565074281,25.28838332451338,-0.5906503488256936,0.624423651609783,1.4866307276038335,2.7542260421949853,15.685152087352844,0.0701314569562388,0.048944000448811,15.636208086904032,0.0211874565074277,25.288383324513404,-0.5906503488256918,0.6244236516097823,1.4866307276038333,1.4399995803833008,104.68672888457311,230929.51958348817,543141.945346173,-543037.2586172884,-312212.42576268484,260568.47618753943,401350.740509078,2613154.696622935,1.486630727603833,1.0,63.08002245115203,139148.86266842723,327275.54314927093,-327212.46312681976,-188126.6804808437,157008.10865912374,241837.85243717209,1574582.1700746524,1.4866307276038335,1.6595861056887,38.00949057814121,83845.5215307049,197203.1109289424,-197165.10143836428,-113357.58939823751,94606.78659622771,145721.786511181,948780.0380806208,1.4866307276038335,2.7542260421949853,72.69913843994055,160367.76844487898,377182.015875836,-377109.31673739606,-216814.24743095704,180950.3831640026,278715.8728226167,1814691.287748702,1.4866307276038333,1.4399995803833008,5.403109858116733,0.0859472593446902,0.0597736832113195,5.343336174905414,0.0261735761333707,6.929096987354608,-0.7421572644810941,0.7916490855874505,1.2251132845633257,1.0,14.881385880065544,0.2367181799424323,0.1646302349385281,14.716755645127016,0.0720879450039042,19.08429937146685,-2.044068865238016,2.1803805278048136,3.374238912983345,1.6595861056887,40.98670053482918,0.6519753758584454,0.4534288804003727,40.53327165442881,0.1985464954580726,52.56247432593926,-5.629827700678485,6.005260831574859,9.293416686726433,2.7542260421949853,11.203882072154643,0.1782201331102375,0.1239466372707392,11.079935434883904,0.0542734958394982,14.368167139193076,-1.5389364067339657,1.6415625871694577,2.540393426326108,1.4399995803833008,116.76747457537704,281681.4472397461,662497.1743823322,-662380.4069077568,-380815.7271425861,317829.18322030304,489534.66279732913,3187407.295312892,1.2251132845633257,1.0,193.78567824451767,467474.6151046218,1099471.1032258426,-1099277.3175475982,-631996.4881212208,527464.8952880026,812424.9230631124,5289776.850549169,3.374238912983345,1.6595861056887,321.6040190785884,775814.3753662287,1824666.965109235,-1824345.361090156,-1048852.589743006,875373.4107885453,1348289.1128532072,8778840.154883696,9.293416686726433,2.7542260421949853,168.14511432755194,405621.1652722119,953995.6517863312,-953827.5066720038,-548374.4865141194,457673.8898364145,704929.7079602764,4589865.16119289,2.540393426326108,1.4399995803833008,-0.20441768055804407,-0.17511872649733912,0.018220494814568167,0.01107845924613679,0.007142035568431376,True
J1416+5136,27.02,12.529880184396902,-0.7684611259684826,4.355,4.0,11.640000343322754,4.365161773191001,1.7892131127149071,0.9999966581273916,0.0017882201169331,12.539130251952496,-0.7677231576311305,J1416+5136,4.25,4.0,forced_4_matched,0.0091283829740272,0.7677231576311735,4.365161773191001,12.958708888701612,0.0579409832671751,0.0404363980745863,12.918272490627023,0.0175045851925888,20.89267582126273,-0.5906503488256956,0.624423651609779,1.4866307276038333,1.0,12.95870888870162,0.0579409832671751,0.0404363980745861,12.918272490627032,0.0175045851925889,20.892675821262745,-0.5906503488256941,0.6244236516097841,1.4866307276038335,2.089296956679686,12.958708888701622,0.057940983267175,0.0404363980745863,12.918272490627036,0.0175045851925887,20.89267582126275,-0.5906503488256931,0.6244236516097816,1.4866307276038335,4.365161773191001,12.958708888701608,0.0579409832671754,0.0404363980745865,12.918272490627022,0.0175045851925889,20.892675821262728,-0.5906503488256925,0.6244236516097817,1.4866307276038333,1.640000343322754,86.48974750034633,190788.61294997536,448731.2777375139,-448644.7879900136,-257942.66478753847,215275.63146584504,401350.739328424,2613154.6893096734,1.4866307276038333,1.0,41.39657948394458,91317.1355600915,214776.2085083553,-214734.8119288714,-123459.07294826384,103037.35487865856,192098.46608232177,1250733.979481303,1.4866307276038335,2.089296956679686,19.81364082282339,43707.11172202807,102798.3158075079,-102778.50216668508,-59091.20408547983,49316.75915291293,91944.07016861976,598638.6831583481,1.4866307276038335,4.365161773191001,52.73763987956123,116334.49589117126,273616.57583574625,-273563.8381958667,-157282.07994457497,131265.6016285184,244726.009748667,1593386.6746511532,1.4866307276038333,1.640000343322754,4.003245541943661,0.0642431462553205,0.0446223178831756,3.9586232240604855,0.0196208283721448,5.13654354188482,-0.6716387706582194,0.7170028137184066,1.1011756135344564,1.0,17.474814408389804,0.2804317262232436,0.1947836362548152,17.28003077213499,0.0856480899684284,22.421843515366792,-2.9318118870702525,3.129833273713988,4.806809693770759,2.089296956679686,76.28039184911043,1.2241298512996663,0.8502620830226633,75.43012976608776,0.3738677682770031,97.87497419774952,-12.797833175626016,13.662228562877493,20.98250192625204,4.365161773191001,10.767133717661496,0.1727884385124377,0.1200162364277258,10.64711748123377,0.0527722020847119,13.815253294508702,-1.8064403938939213,1.9284515751930056,2.961723170194757,1.640000343322754,87.14945908085988,210297.66053268145,494606.9661421944,-494519.8166831135,-284309.3056095129,237284.82799012048,442370.99702993885,2880320.139758433,1.1011756135344564,1.0,182.08109970899423,439374.263226526,1033380.8315687716,-1033198.7504690628,-594006.5683422458,495758.4701523374,924244.3806740576,6017844.119846413,4.806809693770759,2.089296956679686,380.4214873659748,917983.3104597224,2159039.4250810677,-2158659.0035937014,-1241056.114621345,1035786.6622621912,1931020.9708228265,12573063.399257489,20.98250192625204,4.365161773191001,142.92514282885094,344888.2359287806,811155.5953168283,-811012.6701739995,-466267.3593880478,389147.1998596604,725488.588233242,4723726.025610548,2.961723170194757,1.640000343322754,0.00834986387141979,0.04764128528371775,0.7593732937597537,0.7200818723474558,0.03929142141229791,True
J1420+6019,1.528,7.293691701944933,1.563050133397781,2.729,4.0,11.170000076293944,1.4791086480080775,1.7892131127149071,0.9999966581273918,0.0017882201169334,7.299000302797708,1.5637777032094689,J1420+6019,3.1500000000000004,4.0,forced_4_matched,0.0083253380787309,-1.5637777032099867,1.4791086480080775,20.679801103076382,0.0924635332094344,0.0645293197562558,20.615271783320125,0.0279342134531786,33.341005203957174,-0.5906503488256931,0.6244236516097837,1.486630727603833,1.0,20.679801103076397,0.0924635332094354,0.064529319756256,20.615271783320136,0.0279342134531793,33.34100520395719,-0.5906503488256938,0.624423651609783,1.4866307276038333,1.216186107472075,20.6798011030764,0.0924635332094351,0.0645293197562561,20.615271783320143,0.027934213453179,33.34100520395719,-0.5906503488256949,0.6244236516097826,1.4866307276038333,1.4791086480080775,20.679801103076368,0.0924635332094352,0.0645293197562556,20.61527178332011,0.0279342134531796,33.341005203957145,-0.5906503488256918,0.6244236516097859,1.4866307276038333,1.1700000762939435,138.02229773555987,304464.78985079343,716095.5366125156,-715957.51431478,-411630.7467617221,343541.72859974555,401350.7405670359,2613154.6969484566,1.486630727603833,1.0,113.4878097932346,250343.91301122317,588804.2384087545,-588690.7505989613,-338460.3253975313,282474.6357582473,330007.6666134292,2148647.04852708,1.4866307276038333,1.216186107472075,93.31450931652992,205843.4246132584,484139.9154377064,-484046.6009283899,-278296.49082444806,232262.6729699425,271346.3547780403,1766709.0897689634,1.4866307276038333,1.4791086480080775,117.96776815779192,260226.29932683983,612047.4277071571,-611929.4599389993,-351821.12838031724,293625.39011594787,343034.79892615555,2233465.409131681,1.4866307276038333,1.1700000762939435,8.470393871057183,0.1330911098101679,0.0927268956994339,8.37766697535775,0.040364214110734,10.85551117942428,-0.8713421035186191,0.9283957188943944,1.45224057084718,1.0,12.528632826715294,0.196856211493214,0.1371531533319765,12.391479673383316,0.0597030581612375,16.056480464034806,-1.288809640687942,1.3731981365903738,2.148021587328251,1.216186107472075,18.531209161712447,0.2911717248337209,0.2028644151949045,18.32834474651754,0.0883073096388163,23.749279110926604,-1.9062894851777223,2.0311092392594,3.1771573059252525,1.4791086480080775,11.595123682291227,0.1821884439796083,0.1269338640772871,11.46818981821394,0.0552545799023211,14.860111191524757,-1.1927803610654577,1.2708810653390168,1.9879723766980677,1.1700000762939435,181.19960606145537,436924.08181121096,1027618.1552069278,-1027436.9556008663,-590694.0733957168,492993.8595356465,575935.1242654033,3749968.995113704,1.45224057084718,1.0,220.37244340169943,531380.9969987602,1249774.9209390036,-1249554.548495602,-718393.9239402434,599572.2815051161,700444.2950649746,4560660.1836692095,2.148021587328251,1.216186107472075,268.013904297713,646258.1871451932,1519958.898427993,-1519690.884523695,-873700.7112827998,729191.4802041192,851870.6216991481,5546611.562461041,3.1771573059252525,1.4791086480080775,212.00355293165345,511201.2094152606,1202313.320833254,-1202101.3172803223,-691112.1114179936,576802.8536683315,673844.1399152399,4387464.013968396,1.9879723766980677,1.1700000762939435,-0.4330672321721689,-0.31379084111837324,1.1307104710378177,1.2499868620916135,-0.11927639105379573,False
J1430+4105,28.064,17.496440217354646,-0.4724901721033174,10.959,4.0,11.93000030517578,8.511386362914989,1.7892131127149076,0.999996658127392,0.0017882201169328,17.48928686873557,-0.4728991016477089,J1430+4105,5.2,4.0,forced_4_matched,0.0090710645644678,0.47289910164773014,8.511386362914989,5.149664860871929,0.0230251831488777,0.0160690312633292,5.133595829608599,0.0069561518855485,8.302546144867156,-0.5906503488256978,0.624423651609783,1.486630727603833,1.0,5.149664860871924,0.0230251831488773,0.0160690312633289,5.133595829608595,0.0069561518855483,8.302546144867147,-0.5906503488256953,0.6244236516097846,1.486630727603833,2.91742803902941,5.149664860871929,0.0230251831488778,0.0160690312633291,5.133595829608599,0.0069561518855486,8.302546144867154,-0.590650348825698,0.6244236516097829,1.486630727603833,8.511386362914989,5.149664860871929,0.0230251831488777,0.016069031263329,5.1335958296086,0.0069561518855486,8.302546144867156,-0.5906503488256973,0.6244236516097827,1.4866307276038329,1.9300003051757797,34.37018436595722,75817.5391372472,178321.44529940918,-178287.07511504323,-102503.906162162,85548.44211733325,401350.7405939506,2613154.697087711,1.486630727603833,1.0,11.780987877770206,25987.800925651703,61122.82558813937,-61111.0446002616,-35135.02466248767,29323.23982745552,137570.05655711857,895704.9361580913,1.486630727603833,2.91742803902941,4.038141721561406,8907.777887638891,20950.928313418408,-20946.890171696847,-12043.150425779517,10051.058497761702,47154.567313472086,307018.6911174675,1.486630727603833,8.511386362914989,17.808382860022146,39283.69275445055,92394.51647109524,-92376.70808823525,-53110.8237166447,44325.61059108975,207953.7183040976,1353965.9476146004,1.4866307276038329,1.9300003051757797,1.066506469498148,0.0178302620720376,0.01231314784805,1.054193321650098,0.0055171142239876,1.3725030049548947,-0.469660595095465,0.5032019086318512,0.7465366681736055,1.0,9.077448620447145,0.1517602494471402,0.1048019586784484,8.972646661768696,0.0469582907686917,11.681903359432928,-3.997462784294071,4.282945862921936,6.354062016908816,2.91742803902941,77.26167239813539,1.2916901175769848,0.8920099619025331,76.36966243623286,0.3996801556744517,99.42919294636836,-34.02395022850083,36.45380701077687,54.08187679983382,8.511386362914989,3.972631204555453,0.0664159641958,0.0458652589238259,3.926765945631627,0.0205507052719741,5.112438059935662,-1.749439303921225,1.8743773822238612,2.7807753146840835,1.9300003051757797,24.023046502783583,58050.6382283222,136531.47697344844,-136507.45392694566,-78480.83874512624,65500.1854926546,307285.4288486379,2000765.0353658644,0.7465366681736055,1.0,70.08550944178458,169358.5595524945,398320.7589004264,-398250.6733909846,-228962.1993479319,191092.07760726023,896483.1255199392,5837088.010015927,6.354062016908816,2.91742803902941,204.4694304948695,494091.41122332576,1162072.152770324,-1161867.683339829,-667980.7415469984,557497.3863094269,2615425.012450707,17029284.26119304,54.08187679983382,8.511386362914989,46.364487064778814,112037.74930018146,263505.79176140955,-263459.4272743448,-151468.0424612281,126415.37776908508,593060.9702649784,3861477.1214616382,2.7807753146840835,1.9300003051757797,0.3415406739387261,0.34059933891430344,0.13135842770900402,0.1322997627334267,-0.0009413350244226737,False
J1432+6317,6.143,13.58146401874111,0.7933927011144337,6.718,4.0,11.710000038146973,5.12861429039393,1.7892131127149071,0.9999966581273916,0.0017882201169327,13.577360541141855,0.7930905173714347,J1432+6317,3.65,4.0,forced_4_matched,0.0088811327771843,-0.7930905173715238,5.12861429039393,8.400592022967466,0.0375607297005871,0.0262132351317089,8.374378787835758,0.0113474945688782,13.54385281357533,-0.5906503488256918,0.6244236516097794,1.4866307276038333,1.0,8.400592022967473,0.037560729700588,0.0262132351317092,8.374378787835763,0.0113474945688787,13.543852813575343,-0.5906503488256946,0.6244236516097872,1.4866307276038335,2.264644407052447,8.400592022967468,0.0375607297005872,0.0262132351317089,8.37437878783576,0.0113474945688782,13.543852813575336,-0.5906503488256909,0.624423651609781,1.4866307276038333,5.12861429039393,8.40059202296746,0.0375607297005878,0.0262132351317091,8.37437878783575,0.0113474945688786,13.543852813575324,-0.590650348825693,0.6244236516097844,1.4866307276038335,1.7100000381469729,56.0677062234182,123680.32307820403,290893.82508543326,-290837.75737920986,-167213.50200722922,139554.23878571304,401350.7399652763,2613154.6932206303,1.4866307276038333,1.0,24.75784104733618,54613.573301427095,128450.11110366115,-128425.35326261382,-73836.53780223406,61623.02507312616,177224.6183721692,1153891.838488807,1.4866307276038335,2.264644407052447,10.932330466137367,24115.738954346423,56719.77056904756,-56708.83823858142,-32604.031614701133,27210.90557135496,78257.15068116531,509524.51355903706,1.4866307276038333,5.12861429039393,32.788131557818055,72327.67272595188,170113.34423930265,-170080.55610774484,-97785.67151335075,81610.66414987172,234708.03003139485,1528160.6064115025,1.4866307276038335,1.7100000381469729,2.095867994398596,0.0343150120918274,0.0237666243048218,2.072101370093774,0.0105483877870056,2.6927996839184387,-0.5537446820525108,0.5922078313990267,0.894089529891921,1.0,10.748898546851915,0.1759884613891895,0.1218898490441342,10.62700869780778,0.0540986123450553,13.81033094011239,-2.8399428896041634,3.0372055469962707,4.585440339895298,2.264644407052447,55.126954693379176,0.9025769380250256,0.6251260216617002,54.50182867171748,0.2774509163633253,70.82786061452965,-14.564971687526484,15.576655771188683,23.51695485493582,5.12861429039393,6.128527875853424,0.1003405313345414,0.0694959892303868,6.059031886623036,0.0308445421041546,7.874015907055691,-1.6192048970327506,1.731674997054903,2.614407311002254,1.7100000381469729,46.39341837863378,112027.99860962652,263482.8581034469,-263436.46468506823,-151454.85949382035,126404.37547913042,363521.933769172,2366926.3183292807,0.894089529891921,1.0,105.06459552721724,253703.58099332676,596694.9822109472,-596589.91761542,-342991.40121762047,286260.96255431685,823247.9158399673,5360246.45928699,4.585440339895298,2.264644407052447,237.93394862823976,574548.396203012,1351301.955072668,-1351064.02112404,-776753.5588696562,648279.2882255561,1864363.790641951,12139052.179161984,23.51695485493582,5.12861429039393,79.33274718401003,191567.88196143295,450555.6974901732,-450476.3647429891,-258987.81552874015,216151.4869280632,621622.5211419453,4047444.097790219,2.614407311002254,1.7100000381469729,0.11777102027327592,0.052489334568056344,0.9108615376447997,0.8455798519395802,0.06528168570521953,True
J1436-0000,20.629,13.272295175448455,-0.4410190597052441,7.005,4.0,11.6899995803833,4.897783461428336,1.7892131127149071,0.9999966581273916,0.0017882201169333,13.267883189828042,-0.4413515356668096,J1436-0000,2.95,4.0,forced_4_matched,0.0079411447588098,0.44135153566683627,4.897783461428336,8.056413591762386,0.0360218389905139,0.0251392596166771,8.031274332145708,0.0108825793738367,12.98895120650952,-0.5906503488256946,0.624423651609783,1.486630727603833,1.0,8.056413591762388,0.0360218389905137,0.0251392596166772,8.03127433214571,0.0108825793738365,12.988951206509528,-0.5906503488256938,0.6244236516097853,1.486630727603833,2.213093640456349,8.056413591762386,0.0360218389905135,0.0251392596166769,8.031274332145708,0.0108825793738365,12.98895120650952,-0.590650348825693,0.6244236516097819,1.486630727603833,4.897783461428336,8.056413591762377,0.0360218389905136,0.0251392596166768,8.031274332145701,0.0108825793738367,12.988951206509508,-0.5906503488256928,0.624423651609783,1.4866307276038333,1.6899995803833008,53.77057108905194,118613.04939157548,278975.6913876118,-278921.92081652273,-160362.6419960363,133836.59910847936,401350.7402948536,2613154.6952597853,1.486630727603833,1.0,24.29656392455392,53596.037463285815,126056.88566359252,-126032.58909966797,-72460.8482003067,60474.89222843848,181352.80593365803,1180770.0563765892,1.486630727603833,2.213093640456349,10.978552147935073,24217.699874427664,56959.58076333573,-56948.6022111878,-32741.88088890807,27325.95280201749,81945.38315312655,533538.2277653681,1.486630727603833,4.897783461428336,31.8169138664988,70185.25371552186,165074.41450802394,-165042.59759415744,-94889.16079250208,79193.27353505326,237485.7039426245,1546245.764688577,1.4866307276038333,1.6899995803833008,1.9738440074703345,0.0323782138950567,0.0224192133211613,1.951424794149173,0.0099590005738953,2.5363702119103646,-0.544842628055236,0.5827846984469447,0.8784608457416428,1.0,9.667460535227628,0.1585814805257972,0.1098044522226176,9.55765608300501,0.0487770283031796,12.42259207595406,-2.6685212127700826,2.8543532576269524,4.302511001785766,2.213093640456349,47.34912832344891,0.7766977526080613,0.5377984300871308,46.81132989336178,0.2388993225209305,60.84316601767831,-13.069839062375966,13.980004178279328,21.072767227159776,4.897783461428336,5.637493070224624,0.0924753707835113,0.0640314833693022,5.573461586855323,0.0284438874142091,7.244123364892468,-1.5561242572359295,1.664490550668293,2.508970775597937,1.6899995803833008,43.76111055613462,105678.49441415578,248549.22072753828,-248505.45961698212,-142870.7263133825,119240.0494205272,357568.1272745884,2328160.512524485,0.8784608457416428,1.0,96.84743550572094,233876.4044574357,550062.7009356627,-549965.853500157,-316186.296478227,263889.3956311964,791331.7508591225,5152437.238718673,4.302511001785766,2.213093640456349,214.33244376069945,517590.3844709263,1217340.2680626824,-1217125.9356189216,-699749.8835917561,584011.9445794275,1751291.2690575845,11402826.109338189,21.072767227159776,4.897783461428336,73.95625846893819,178596.61112023197,420048.0785278117,-419974.1222693428,-241451.46740757977,201515.6333876176,604289.9846237046,3934590.2865713863,2.508970775597937,1.6899995803833008,0.07051609397441663,-0.015224915841187337,0.37083544169241967,0.4565764515080236,-0.08574100981560395,False
J1443+0304,4.589,6.656,0.3718565681061432,1.664,4.0,11.119999885559082,1.3182563911826832,1.7892131127149076,0.9999966581273916,0.0017882201169332,6.656,0.3718565681061432,J1443+0304,4.15,4.0,forced_4_matched,0.0091153906227638,-0.37185656810621087,1.3182563911826832,33.91537091964871,0.1516424171445613,0.1058296355858321,33.809541284062874,0.0458127815587291,54.68005000096105,-0.5906503488256963,0.6244236516097825,1.486630727603833,1.0,33.915370919648694,0.1516424171445593,0.1058296355858311,33.80954128406286,0.0458127815587281,54.68005000096102,-0.5906503488256951,0.6244236516097812,1.486630727603833,1.14815347022194,33.915370919648666,0.1516424171445587,0.1058296355858307,33.80954128406284,0.045812781558728,54.68005000096097,-0.5906503488256934,0.6244236516097789,1.4866307276038333,1.3182563911826832,33.91537091964866,0.1516424171445614,0.1058296355858318,33.809541284062824,0.0458127815587296,54.68005000096093,-0.5906503488256938,0.6244236516097827,1.486630727603833,1.119999885559082,226.35988619471613,499329.5750489578,1174413.89578511,-1174187.5358989153,-675084.3207361522,563416.6940239158,401350.74138803466,2613154.7020074213,1.486630727603833,1.0,197.15124498882835,434897.9358186552,1022871.8757552356,-1022674.7245102468,-587973.9399365804,490715.4902734919,349561.9279578328,2275962.8962076725,1.486630727603833,1.14815347022194,171.71157880817404,378780.3182568074,890884.2804472006,-890712.5688683925,-512103.9621903933,427395.3823639986,304455.7526797161,1982281.0812996356,1.4866307276038333,1.3182563911826832,202.107062019362,445830.02407158713,1048583.9445563634,-1048381.837494344,-602753.9204847763,503050.67196793616,358348.9135539979,2333174.0838633445,1.486630727603833,1.119999885559082,19.7446557742903,0.3042166739222018,0.2125677042112473,19.532088070079052,0.0916489697109544,25.28182467245471,-1.2136754588637506,1.2907674504449869,2.0543926430155217,1.0,26.028518666160213,0.4010355747022784,0.2802187346355067,25.748299931524706,0.1208168400667717,33.3279269552234,-1.5999354304687148,1.7015624410796797,2.708216231653896,1.14815347022194,34.31226108468352,0.528667709442895,0.3694001378623786,33.94286094682114,0.1592675715805163,43.93475271359294,-2.109125106694993,2.24309556294969,3.570123356082432,1.3182563911826832,24.767691141773767,0.381609317782782,0.2666448736713587,24.501046268102407,0.1149644441114232,31.713514388190998,-1.5224341844758418,1.6191383589529988,2.577029604759959,1.119999885559082,415.5982771131573,1001429.2018470472,2355298.9391574226,-2354883.3408803097,-1353869.737310375,1129941.027677799,804892.0226646422,5240729.342001472,2.0543926430155217,1.0,477.1706038503909,1149794.4113332988,2704244.645696342,-2703767.475092492,-1554450.2343630432,1297345.709829925,924139.5672591112,6017161.569851249,2.708216231653896,1.14815347022194,547.8650849955534,1320140.4465699797,3104887.8815898327,-3104340.016504837,-1784747.435019853,1489551.9822930414,1061054.0541850163,6908624.956257487,3.570123356082432,1.3182563911826832,465.47002311365424,1121600.5934633643,2637934.5470691426,-2637469.077046029,-1516333.953605778,1265533.823957616,901478.9750298212,5869616.274314126,2.577029604759959,1.119999885559082,-0.5805285892059618,-0.2915766930777449,0.20867202109975097,0.08027987502846595,0.12839214607128502,True
J1451-0239,5.221,9.39609856836934,0.5876056027739056,3.451,4.0,11.390000343322754,2.454710856206481,1.7892131127149076,0.999996658127392,0.001788220116933,9.402939590355771,0.5883334083382803,J1451-0239,3.35,4.0,forced_4_matched,0.0085885603812816,-0.5883334083383654,2.454710856206481,16.353282297970296,0.0731188009645174,0.0510288361677259,16.302253461802568,0.0220899647967914,26.36557612332633,-0.590650348825694,0.6244236516097831,1.4866307276038333,1.0,16.3532822979703,0.0731188009645182,0.0510288361677266,16.30225346180257,0.0220899647967915,26.36557612332633,-0.5906503488256971,0.6244236516097847,1.4866307276038333,1.5667516893900195,16.353282297970274,0.0731188009645171,0.0510288361677257,16.30225346180255,0.0220899647967914,26.36557612332631,-0.5906503488256933,0.6244236516097821,1.4866307276038333,2.454710856206481,16.35328229797029,0.0731188009645167,0.0510288361677261,16.30225346180256,0.0220899647967905,26.36557612332632,-0.590650348825694,0.6244236516097792,1.4866307276038329,1.390000343322754,109.14600130931872,240766.2739931509,566277.8091794011,-566168.6631780919,-325511.5351862502,271667.74192305893,401350.7406263114,2613154.697296148,1.4866307276038333,1.0,69.66387976240179,153672.26072480367,361434.3059431958,-361364.6420634334,-207762.04521839216,173395.5315874662,256167.42177430989,1667880.5686127003,1.4866307276038333,1.5667516893900195,44.46389316109293,98083.35382495288,230690.22833320367,-230645.76444004255,-132606.8745082508,110671.99243942674,163502.24651836732,1064546.8422402567,1.4866307276038333,2.454710856206481,78.52228369092694,173213.10380583454,407394.0063114191,-407315.48402772815,-234180.90250558453,195444.3701915472,288741.46835654654,1879966.94165166,1.4866307276038329,1.390000343322754,5.775726833729825,0.0917002072057727,0.0637922536170637,5.711934580112762,0.027907953588709,7.406160449266202,-0.7594382172453407,0.8099415735330464,1.255490507423135,1.0,14.177739361239716,0.2250974941443955,0.1565915374956853,14.02114782374403,0.0685059566487102,18.17998245762084,-1.864201236490244,1.9881723734445336,3.081866178435753,1.5667516893900195,34.80225072650108,0.5525492625811161,0.3843869470807174,34.41786377942036,0.1681623155003986,44.62660030436523,-4.576075013366131,4.88038830910409,7.565090365581828,2.454710856206481,11.159287328018952,0.1771740578643779,0.1232530740992404,11.036034253919713,0.0539209837651375,14.309449672743549,-1.4673113043759447,1.5648888872617026,2.4257344076793017,1.390000343322754,124.62388682148358,300613.7186979756,707024.6944326181,-706900.0705457967,-406410.9757346425,339191.0031259031,501092.3836725813,3262660.725469026,1.255490507423135,1.0,195.25468521384488,470987.0518386936,1107732.1349525645,-1107536.8802673505,-636745.0831138707,531428.0774165249,785087.3390610402,5111779.206036195,3.081866178435753,1.5667516893900195,305.9156077488632,737919.757139449,1735541.189140162,-1735235.2735324132,-997621.432000713,832615.8358495864,1230036.9108426613,8008888.682366539,7.565090365581828,2.454710856206481,173.22724543367008,417853.17178980913,982764.567063766,-982591.3398183323,-564911.3952739569,471475.6103521784,696518.5845096747,4535099.523402087,2.4257344076793017,1.390000343322754,-0.2507165934206821,-0.21299582069170594,0.33761681491768336,0.3753375876466595,-0.037720772728976115,False
J1525+3327,32.832,19.406563791146137,-0.525792300953186,12.13,4.0,12.020000457763672,10.47129651766654,1.7892131127149071,0.9999966581273916,0.0017882201169331,19.39869556889201,-0.5261978244565313,J1525+3327,4.55,4.0,forced_4_matched,0.0091634329840212,0.5261978244565526,10.47129651766654,4.6525290362980565,0.0208023892933673,0.0145177669921533,4.638011269305904,0.0062846223012139,7.501039010849055,-0.5906503488256928,0.6244236516097816,1.486630727603833,1.0,4.652529036298063,0.0208023892933674,0.0145177669921535,4.638011269305909,0.0062846223012139,7.501039010849069,-0.5906503488256944,0.624423651609779,1.4866307276038333,3.2359382746997105,4.652529036298053,0.0208023892933674,0.0145177669921534,4.638011269305899,0.0062846223012139,7.50103901084905,-0.5906503488256922,0.6244236516097807,1.4866307276038335,10.47129651766654,4.65252903629806,0.0208023892933675,0.0145177669921535,4.638011269305906,0.006284622301214,7.501039010849064,-0.5906503488256957,0.6244236516097825,1.4866307276038329,2.020000457763672,31.05217234041384,68498.30266499467,161106.73692828737,-161075.68475594695,-92608.4342632927,77289.80850132354,401350.740496948,2613154.6965108686,1.486630727603833,1.0,9.59603358038353,21167.98804692532,49786.71513146311,-49777.11909788272,-28618.727084537783,23884.82165166529,124029.17074630238,807541.5773041422,1.4866307276038333,3.2359382746997105,2.965456311168188,6541.530225642709,15385.557717711596,-15382.592261400428,-8844.027492068886,7381.111630473858,38328.65775743521,249554.0730932351,1.4866307276038335,10.47129651766654,15.37235906769271,33910.0432230029,79755.79247636674,-79740.42011729904,-45845.74925336384,38262.2728556087,198688.44098112916,1293640.6494807862,1.4866307276038329,2.020000457763672,0.933390493943636,0.0156661391484427,0.010812770161913,0.922577723781723,0.0048533689865296,1.2015966579370212,-0.4568023519486085,0.4895910122319756,0.7239888295551669,1.0,9.773808628855058,0.1640447883103687,0.11322372254277,9.660584906312288,0.0508210657675987,12.582274899895696,-4.783312877221363,5.126652661465514,7.581101709750491,3.2359382746997105,102.34444825966884,1.7177616205757036,1.1855991715793472,101.15884908808953,0.5321624489963563,131.75273134360052,-50.08748747415744,53.68270016128987,79.38396393338614,10.47129651766654,3.808608297667739,0.0639241431537224,0.0441204473654339,3.764487850302305,0.0198036957882884,4.902997225237562,-1.863937161685591,1.9977280717440535,2.9541653590368244,2.020000457763672,21.09371876933321,50978.793036561925,119898.93864425694,-119877.8449254876,-68920.14560769501,57520.82154015866,298685.67241959344,1944771.1956415183,0.7239888295551669,1.0,68.25797193924416,164964.2277161051,387985.5649852036,-387917.30701326433,-223021.33726909847,186133.82817213828,966528.4002101352,6293159.552083186,7.581101709750491,3.2359382746997105,220.87858392442595,533814.058053057,1255497.3388810048,-1255276.4602970805,-721683.2808279479,602317.578375356,3127626.241525625,20364275.84888972,79.38396393338614,10.47129651766654,42.60932158935558,102977.1855230378,242195.91152296407,-242153.30220137472,-139218.72599992628,116192.086115793,603345.196875057,3928438.716899767,2.9541653590368244,2.020000457763672,0.44356339119306604,0.5613193832425555,0.08263443326348657,0.03512155878600287,0.0475128744774837,True
J1531-0105,12.99,13.120414364120492,0.0099895349658485,5.433,4.0,11.68000030517578,4.786304286528679,1.7892131127149071,0.999996658127392,0.0017882201169334,13.12976819927659,0.0107022031943002,J1531-0105,3.85,4.0,forced_4_matched,0.0090100335817804,-0.010702203194300867,4.786304286528679,10.387479700035977,0.0464445025084758,0.0324131260104589,10.355066574025516,0.0140313764980168,16.747212074654726,-0.5906503488256958,0.624423651609783,1.4866307276038333,1.0,10.38747970003597,0.0464445025084754,0.0324131260104588,10.35506657402551,0.0140313764980166,16.7472120746547,-0.5906503488256925,0.6244236516097788,1.4866307276038333,2.187762392612296,10.387479700035977,0.0464445025084759,0.0324131260104588,10.355066574025516,0.014031376498017,16.747212074654723,-0.5906503488256964,0.6244236516097824,1.486630727603833,4.786304286528679,10.387479700035977,0.0464445025084757,0.0324131260104588,10.355066574025518,0.0140313764980168,16.747212074654726,-0.5906503488256958,0.624423651609783,1.4866307276038333,1.6800003051757797,69.32870427198371,152932.8933475171,359695.3275952629,-359625.9988909909,-206762.4342477458,172561.2691261699,401350.7394810964,2613154.690219507,1.4866307276038333,1.0,31.68932079900071,69903.79483583287,164412.42844801553,-164380.73912721654,-94508.63361218266,78875.69044254003,183452.6185652606,1194441.7275639246,1.4866307276038333,2.187762392612296,14.48480918193479,31952.187820036062,75150.9528953519,-75136.46808616997,-43198.76507531584,36053.13389572617,83853.99592840743,545965.0155723951,1.486630727603833,4.786304286528679,41.26707838767297,91031.46764871394,214104.3228825734,-214063.05580418571,-123072.85523385947,102715.02254082495,238899.20646575795,1555448.9388624453,1.4866307276038333,1.6800003051757797,2.8606835500145613,0.0463825987264904,0.0321691756551509,2.8285143743594103,0.0142134230713395,3.6729519300396154,-0.6051348325795505,0.6466060883621971,0.9843365103845232,1.0,13.692101937836773,0.2220012311049401,0.1539714633323421,13.53813047450443,0.0680297677725979,17.579865566962383,-2.896359443103311,3.094853492423516,4.711334059040128,2.187762392612296,65.53456619665593,1.062565444052224,0.7369542749506863,64.79761192170524,0.3256111691015375,84.14258591975023,-13.862857617853244,14.812910536964967,22.54987840205232,4.786304286528679,8.073996184879446,0.1309102942059323,0.0907943143550718,7.983201870524375,0.0401159798508604,10.36654329355461,-1.7079331719721609,1.8249816868173416,2.778192376238793,1.6800003051757797,62.81122146580597,151621.85515983682,356605.136181298,-356542.3249598322,-204983.2810214612,171079.24916397192,397892.31872478,2590715.1948173023,0.9843365103845232,1.0,137.41602819985007,331712.5928232957,780167.3064733492,-780029.8904451494,-448454.7136500536,374280.74772747554,870493.8517407714,5667869.276469417,4.711334059040128,2.187762392612296,300.63361856624203,725708.3361346604,1706820.6937270565,-1706520.0601084903,-981112.357592396,818837.3444719824,1904433.7138855588,12399951.261628378,22.54987840205232,4.786304286528679,105.52287125260426,254724.7630779533,599096.737923145,-598991.2150518923,-344371.9748451916,287413.1909522052,668459.217363789,4352402.320839211,2.778192376238793,1.6800003051757797,0.06755454428028505,0.05326419884093554,0.07825674747458591,0.0639664020352364,0.014290345439349511,True
J1538+5817,6.28,8.278392513805192,0.2762788282244659,2.512,4.0,11.279999732971191,1.9054595463785964,1.7892131127149076,0.9999966581273918,0.0017882201169333,8.28466846407646,0.2770366531917232,J1538+5817,4.05,4.0,forced_4_matched,0.0091004436738233,-0.2770366531917618,1.9054595463785964,22.46623296588198,0.1004510279174159,0.0701037076492129,22.396129258232765,0.030347320268203,36.22117961847104,-0.5906503488256941,0.6244236516097834,1.486630727603833,1.0,22.466232965881936,0.100451027917415,0.0701037076492122,22.39612925823272,0.0303473202682027,36.22117961847096,-0.590650348825692,0.624423651609783,1.4866307276038333,1.380383840233794,22.46623296588198,0.1004510279174167,0.0701037076492133,22.396129258232765,0.0303473202682034,36.22117961847103,-0.5906503488256954,0.6244236516097823,1.4866307276038333,1.9054595463785964,22.46623296588196,0.1004510279174154,0.0701037076492124,22.396129258232747,0.0303473202682029,36.221179618471005,-0.5906503488256925,0.6244236516097803,1.486630727603833,1.2799997329711914,149.9454022766334,330766.08731194725,777955.7002576467,-777805.7548553701,-447189.6129456995,373218.7011046447,401350.7404417003,2613154.696185686,1.486630727603833,1.0,108.6258748705267,239618.92189743352,563579.2583158138,-563470.6324409433,-323960.3364183803,270373.1313830964,290752.9987234597,1893063.8153487127,1.4866307276038333,1.380383840233794,78.69251408433466,173588.61646852345,408277.2051459245,-408198.5126318402,-234688.58867740107,195868.07853976992,210631.9915746133,1371403.9182644596,1.4866307276038333,1.9054595463785964,117.1448699831476,258411.06003244792,607778.0185364077,-607660.8736664245,-349366.9585039598,291577.1715009568,313555.3320405324,2041527.5363246007,1.486630727603833,1.2799997329711914,9.72541874147059,0.1522723377947748,0.1061457459034103,9.61927299556718,0.0461265918913645,12.461750576846244,-0.9175475349556528,0.9773057708523716,1.5334955655559597,1.0,18.531391983464378,0.290148779700439,0.2022564248391297,18.329135558625246,0.0878923548613093,23.745361601240567,-1.7483497097373932,1.8622166108015443,2.9220137647178457,1.380383840233794,35.31081776257604,0.5528667621503052,0.3853914355261252,34.92542632704991,0.1674753266241799,45.24582594529564,-3.331409644827372,3.548378418476597,5.567779022631277,1.9054595463785964,15.934119417790562,0.24948289415055,0.1739091175275854,15.760210300262976,0.0755737766229646,20.41732362633085,-1.5033092540416413,1.6012171068844745,2.512478086319007,1.2799997329711914,207.44090733584025,500137.03650002345,1176291.076590686,-1176083.63568335,-676154.0400906624,564318.8326801253,606837.9035736105,3951179.958223384,1.5334955655559597,1.0,286.34807634397407,690381.0836913083,1623733.1948152632,-1623446.8467389192,-933352.1111239548,778976.5979764925,837669.2367689271,5454144.970559295,2.9220137647178457,1.380383840233794,395.2702569437593,952990.8880477428,2241375.0550338384,-2240979.784776895,-1288384.1669860955,1075286.7039922536,1156305.072656676,7528813.54726706,5.567779022631277,1.9054595463785964,265.52430603856004,640175.2741877921,1505652.2662059842,-1505386.7418999455,-865476.9920181921,722327.9562193223,776752.356160365,5057509.30143968,2.512478086319007,1.2799997329711914,-0.38900475996484873,-0.25380143856729936,0.11196810677308694,0.02323521462446243,0.08873289214862451,True
J1621+3931,19.146,13.426026491269225,-0.3548987178776008,5.817,4.0,11.699999809265137,5.011870135142811,1.7892131127149071,0.999996658127392,0.001788220116933,13.435580218778714,-0.3541873882825062,J1621+3931,4.35,4.0,forced_4_matched,0.0091467975678433,0.3541873882825284,5.011870135142811,9.70176675439152,0.0433785425698037,0.0302734250670143,9.671493329324507,0.0131051175027894,15.641671514801295,-0.5906503488256927,0.6244236516097833,1.486630727603833,1.0,9.701766754391524,0.0433785425698037,0.0302734250670145,9.67149332932451,0.0131051175027892,15.6416715148013,-0.5906503488256948,0.6244236516097807,1.486630727603833,2.2387206469639778,9.70176675439152,0.0433785425698038,0.0302734250670144,9.671493329324507,0.0131051175027893,15.6416715148013,-0.5906503488256938,0.6244236516097847,1.4866307276038333,5.011870135142811,9.701766754391532,0.0433785425698035,0.0302734250670142,9.671493329324518,0.0131051175027892,15.641671514801311,-0.5906503488256929,0.6244236516097834,1.4866307276038333,1.6999998092651367,64.75208020485393,142837.27213181174,335950.6138008898,-335885.861720685,-193113.34166907807,161169.91195697826,401350.7408810926,2613154.698889441,1.486630727603833,1.0,28.923698122931448,63803.07970595935,150063.6596401403,-150034.73594201737,-86260.57993418096,71991.97089938227,179276.829664774,1167253.5818650457,1.486630727603833,2.2387206469639778,12.919744220136897,28499.795154347747,67030.98940539852,-67018.06966117838,-38531.19425105077,32157.63929870944,80080.0360552044,521393.1386711567,1.4866307276038333,5.011870135142811,38.08946321434766,84021.93426839975,197618.03041086148,-197579.94094764712,-113596.09614246173,94805.84125666456,236088.6978427678,1537149.9968424833,1.4866307276038333,1.6999998092651367,2.5850973744122303,0.0420470174867544,0.0291490551282171,2.5559483192840133,0.0128979623585372,3.3198264799748847,-0.5873991085616717,0.627832209269457,0.9531861023751064,1.0,12.95617232725278,0.210734191213693,0.1460912788647436,12.810081048388035,0.0646429123489494,16.638539188842458,-2.9439680496097598,3.1466134995183235,4.777244959726975,2.2387206469639778,64.93465315272194,1.05617239939738,0.7321905175470262,64.20246263517491,0.3239818818503537,83.39019765296275,-14.754785546653755,15.77041822507314,23.942931341917152,5.011870135142811,7.470929735619592,0.1215158532692921,0.0842407504174287,7.386688985202163,0.0372751028518633,9.594296374224957,-1.69758304281579,1.8144346776404892,2.7547072177243024,1.6999998092651367,56.90973365169141,137391.05137821694,323135.1743614949,-323078.2646278432,-185744.12298327795,155022.22878496148,386030.4425814722,2513481.379959453,0.9531861023751064,1.0,127.40499567465446,307580.18288114504,723409.3852994761,-723281.9803038015,-415829.2024183311,347051.4636971689,864214.3204662784,5626982.650468531,4.777244959726975,2.2387206469639778,285.2241945156629,688586.1075273589,1619511.5306188834,-1619226.3064243677,-930925.4230915244,776951.2790242862,1934734.4476117964,12597242.270614471,23.942931341917152,5.011870135142811,96.74653634471882,233564.7612988552,549329.735116475,-549232.9885801303,-315764.97381761984,263537.7595241968,656251.6794478637,4272917.870699774,2.7547072177243024,1.6999998092651367,0.08349149759363021,0.05954421634357533,0.27069589068889816,0.29464317193895306,-0.023947281250054908,False
J1627-0053,14.221,13.4260513833606,-0.0575227927279895,6.736,4.0,11.699999809265137,5.011870135142811,1.7892131127149071,0.9999966581273916,0.0017882201169331,13.421917924817532,-0.0578307086473115,J1627-0053,3.65,4.0,forced_4_matched,0.0088811327771943,0.05783070864731561,5.011870135142811,8.378143885138877,0.0374603595796541,0.0261431878881863,8.352000697250691,0.0113171716914678,13.507660807838354,-0.5906503488256951,0.6244236516097825,1.4866307276038333,1.0,8.378143885138874,0.0374603595796541,0.0261431878881863,8.352000697250688,0.0113171716914677,13.50766080783835,-0.590650348825694,0.6244236516097834,1.4866307276038335,2.2387206469639778,8.378143885138877,0.0374603595796541,0.0261431878881862,8.352000697250691,0.0113171716914678,13.50766080783835,-0.5906503488256967,0.6244236516097841,1.4866307276038329,5.011870135142811,8.378143885138877,0.0374603595796544,0.0261431878881866,8.352000697250691,0.0113171716914678,13.507660807838354,-0.5906503488256958,0.6244236516097831,1.4866307276038333,1.6999998092651367,55.91788157695757,123349.82317497756,290116.49544102227,-290060.5775594453,-166766.6722660447,139181.3204323022,401350.7391151575,2613154.6879584477,1.4866307276038333,1.0,24.97760569787888,55098.35429708181,129590.30698860444,-129565.32938290657,-74491.95269152263,62170.02592078961,179276.82960345538,1167253.5814953116,1.4866307276038335,2.2387206469639778,11.157089083757668,24611.536216833814,57885.876528548295,-57874.71943946453,-33274.34031171448,27770.336592694355,80080.03580276409,521393.1371013882,1.4866307276038329,5.011870135142811,32.89287521258157,72558.72778391864,170656.78146242705,-170623.88858721446,-98098.0536785084,81871.37428417876,236088.6970844927,1537149.9921633648,1.4866307276038333,1.6999998092651367,2.0878151291712057,0.0341873067293145,0.0236777696613915,2.064137359509814,0.010509537067923,2.6824767570017967,-0.5531640688676931,0.5915932322024875,0.893070146785916,1.0,10.463858293592487,0.1713423415976181,0.1186699066327189,10.34518838695977,0.0526724349648992,13.444225146632032,-2.772386476592069,2.964988452628252,4.47595159726394,2.2387206469639778,52.443498880022645,0.8587455647385409,0.5947581609927096,51.848740719029934,0.2639874037458313,67.38071050254109,-13.894840985105642,14.86013707677083,22.4328881366719,5.011870135142811,6.033784369359811,0.0988012942773026,0.0684287389664242,5.965355630393387,0.0303725553108784,7.752356088153045,-1.5986438003015675,1.709704057417866,2.5809721450566485,1.6999998092651367,46.21982758904909,111609.28539152854,262498.0707575032,-262451.8509299141,-150888.78536597462,125931.9294540118,363133.6115269652,2364397.9151745825,0.893070146785916,1.0,103.47328234461114,249862.0120113916,587659.8517263543,-587556.3784440097,-337797.8397149628,281926.4110240162,812954.7154341966,5293226.440827915,4.47595159726394,2.2387206469639778,231.64777353336655,559371.2450300448,1315606.2430806577,-1315374.5953071243,-756234.9980506129,631154.4771053859,1819978.5060609065,11850055.31928316,22.4328881366719,5.011870135142811,78.57369810190404,189735.7642134493,446246.6709814613,-446168.0972833594,-256510.90676801204,214084.25641379325,617327.0717150704,4019476.013331481,2.5809721450566485,1.6999998092651367,0.089247704585561,0.019158558045308867,0.03141699593824539,0.038672150602006745,-0.007255154663761358,False
J1630+4520,26.86,16.141633907960248,-0.5092362999222382,6.414,4.0,11.859999656677246,7.244353873869618,1.789213112714908,0.999996658127392,0.0017882201169332,16.153235445836,-0.5085178242877517,J1630+4520,4.6,4.0,forced_4_matched,0.0091646506801271,0.5085178242877763,7.244353873869618,8.798749175287725,0.0393409700855243,0.027455646026633,8.771293529261092,0.0118853240588912,14.185781602993314,-0.5906503488256971,0.6244236516097832,1.4866307276038335,1.0,8.798749175287721,0.0393409700855239,0.0274556460266328,8.771293529261088,0.0118853240588911,14.18578160299331,-0.5906503488256941,0.6244236516097827,1.4866307276038335,2.6915337400578165,8.798749175287714,0.0393409700855234,0.0274556460266327,8.771293529261081,0.0118853240588906,14.185781602993297,-0.5906503488256925,0.6244236516097809,1.4866307276038333,7.244353873869618,8.798749175287734,0.039340970085524,0.027455646026633,8.7712935292611,0.0118853240588909,14.185781602993336,-0.5906503488256973,0.6244236516097829,1.4866307276038333,1.859999656677246,58.72510921972668,129542.31559376516,304681.1226915666,-304622.39758234686,-175138.80709780144,146168.5965188301,401350.7410561141,2613154.699945221,1.4866307276038335,1.0,21.81845552640761,48129.55289386839,113199.81538459256,-113177.99692906615,-65070.26249072418,54306.80442167133,149115.9983719458,970879.4132654676,1.4866307276038335,2.6915337400578165,8.106328077093663,17881.831508314564,42057.73592321625,-42049.62959513916,-24175.904414901685,20176.8989770758,55401.86842195186,360716.0472425477,1.4866307276038333,7.244353873869618,31.572645156169045,69646.41871950819,163807.0845755681,-163775.5119304119,-94160.6658560599,78585.28103633031,215780.0068161936,1404922.1328200777,1.4866307276038333,1.859999656677246,2.2408832828391523,0.0366121541248931,0.0253651857155586,2.215518097123593,0.0112469684093344,2.878682793442959,-0.5640428766748419,0.6031088276322929,0.9121710414147852,1.0,16.23375149092551,0.2652314005653798,0.1837543813999282,16.04999710952558,0.0814770191654515,20.854196846320335,-4.086126198667938,4.369133771822966,6.608089817504887,2.6915337400578165,117.60304050072264,1.921430124157652,1.3311817647350832,116.27185873598756,0.5902483594225687,151.07518171008,-29.60134415644016,31.651551165360168,47.87134106831988,7.244353873869618,7.752556943342678,0.1266633616508817,0.0877533641061328,7.664803579236545,0.0389099975447489,9.959087315655252,-1.951362015770986,2.0865145298098917,3.1557457698897453,1.859999656677246,49.516537056514295,119560.883409457,281199.7327304523,-281150.2161933958,-161638.84932099533,134903.94348918062,370409.4981481066,2411771.910925005,0.9121710414147852,1.0,133.27543014170217,321802.15147398534,756858.5678036264,-756725.2923734847,-435056.416329641,363098.5153116689,996969.6612685312,6491365.467569783,6.608089817504887,2.6915337400578165,358.7153169651631,866141.3473218915,2037110.3695931917,-2036751.6542762264,-1170969.0222713,977291.9039341104,2683377.476583076,17471729.147443745,47.87134106831988,7.244353873869618,92.1007418062728,222383.2009148294,523031.4035559029,-522939.3028140966,-300648.2026410735,250921.2872501101,688961.5351622025,4485894.90013983,3.1557457698897453,1.859999656677246,0.26017256379187464,0.3605502591078659,0.2483452604959016,0.14796756517991033,0.10037769531599128,True
J1636+4707,14.455,12.386456200042662,-0.1544367417202705,6.132,4.0,11.630000114440918,4.265796312095559,1.789213112714907,0.999996658127392,0.0017882201169335,12.38274359768,-0.1547365174434096,J1636+4707,3.1500000000000004,4.0,forced_4_matched,0.0083253380787222,0.15473651744342098,4.265796312095559,9.203388325227577,0.0411501927802591,0.0287182833683666,9.17467004185921,0.0124319094118924,14.83816099178069,-0.5906503488256942,0.6244236516097832,1.4866307276038333,1.0,9.203388325227582,0.0411501927802583,0.0287182833683661,9.174670041859216,0.0124319094118921,14.8381609917807,-0.5906503488256916,0.6244236516097807,1.486630727603833,2.06538042793466,9.20338832522758,0.0411501927802588,0.0287182833683665,9.174670041859214,0.0124319094118923,14.8381609917807,-0.5906503488256944,0.6244236516097832,1.4866307276038329,4.265796312095559,9.20338832522758,0.0411501927802591,0.0287182833683664,9.174670041859212,0.0124319094118927,14.838160991780695,-0.5906503488256933,0.6244236516097836,1.486630727603833,1.630000114440918,61.42577467020684,135499.74072646978,318692.87604179955,-318631.45026712934,-183193.13531532977,152890.63529987924,401350.73998153687,2613154.69323852,1.4866307276038333,1.0,29.74065884467511,65605.22166839956,154302.2640950624,-154272.5234362177,-88697.04242666283,74025.41116934088,194322.9124897588,1265217.1285396563,1.486630727603833,2.06538042793466,14.399603311607974,31764.23135109247,74708.88277384744,-74694.48317053582,-42944.65142275496,35841.05390629172,94085.77233172176,612583.0926116896,1.4866307276038329,4.265796312095559,37.684521725612846,83128.66964472855,195517.08861583937,-195479.40409411376,-112388.41897111082,93797.92940956129,246227.43107921863,1603162.2792530702,1.486630727603833,1.630000114440918,2.39249500128778,0.0390088878256747,0.0270335482798593,2.3654614530079208,0.0119753395458154,3.0730001533145312,-0.5745087258844037,0.6141872920617764,0.9305487102131964,1.0,10.20589635320047,0.1664039698257099,0.11531961055508,10.090576742645393,0.0510843592706298,13.10879272107822,-2.450737204144399,2.6199978854130768,3.969531256252731,2.06538042793466,43.536275025112126,0.709845440800581,0.4919299694181606,43.04434505569397,0.2179154713824203,55.919439645600654,-10.454345727354603,11.176377317293284,16.933211793670957,4.265796312095559,6.35662086150733,0.1036427286173701,0.071825444510364,6.284795416996966,0.031817284107006,8.164655253808306,-1.5264124481384966,1.631834445418336,2.472375215332141,1.630000114440918,52.776200509870826,127422.5468542538,299689.8741931688,-299637.09799265896,-172267.32733891503,143774.4817905281,377409.1900463093,2457347.5771789383,0.9305487102131964,1.0,109.00293163613064,263176.0345013894,618973.6010091658,-618864.5980775296,-355797.5665077763,296949.00091907085,779493.554782416,5075357.592742492,3.969531256252731,2.06538042793466,225.13252163030788,543558.6313615933,1278415.9624148393,-1278190.829893209,-734857.331053246,613312.6552994348,1609950.7336651348,10482544.248619732,16.933211793670957,4.265796312095559,86.02521295534234,207698.7664265274,488494.53042292,-488408.5052099646,-280795.76399639255,234352.422342496,615177.0242787644,4005476.840317436,2.472375215332141,1.630000114440918,0.007411665657653391,-0.06979976282902134,0.1473248517857676,0.22453628027244232,-0.07721142848667473,False
J2238-0754,7.462,10.068080908748328,0.2995466386702574,4.41,4.0,11.449999809265137,2.818381693478142,1.7892131127149071,0.9999966581273918,0.0017882201169332,10.075245963448234,0.3002580459812298,J2238-0754,2.85,4.0,forced_4_matched,0.0077416824833195,-0.30025804598126443,2.818381693478142,12.7970923379355,0.0572183632944551,0.0399320892550616,12.757160248680435,0.0172862740393935,20.63210956952364,-0.5906503488256939,0.6244236516097844,1.4866307276038329,1.0,12.797092337935467,0.0572183632944547,0.0399320892550613,12.757160248680409,0.0172862740393934,20.632109569523585,-0.5906503488256917,0.6244236516097791,1.486630727603833,1.678803649471296,12.797092337935494,0.0572183632944558,0.0399320892550622,12.757160248680432,0.0172862740393936,20.632109569523628,-0.5906503488256956,0.6244236516097834,1.4866307276038333,2.818381693478142,12.797092337935483,0.0572183632944554,0.0399320892550618,12.757160248680425,0.0172862740393936,20.63210956952361,-0.590650348825696,0.6244236516097839,1.4866307276038329,1.4499998092651367,85.4110772614433,188409.1639330087,443134.8578202775,-443049.446743016,-254725.69388726875,212590.78890185704,401350.7412552865,2613154.701288027,1.4866307276038329,1.0,50.876156485919815,112228.2307246472,263958.71632789786,-263907.8401714119,-151730.48560325065,126632.31238079668,239069.49456362345,1556557.6676658674,1.486630727603833,1.678803649471296,30.30500709150571,66850.12322752301,157230.24946525364,-157199.94445816212,-90380.12623773064,75430.09127661937,142404.67901831208,927182.6814673644,1.4866307276038333,2.818381693478142,58.90419896626514,129937.37159398306,305610.28709936934,-305551.38290040306,-175672.91550538628,146614.35651883337,276793.6513006071,1802175.894527972,1.4866307276038329,1.4499998092651367,3.9263511780317177,0.0630459474129995,0.043787085292112,3.8825640927396057,0.0192588621208875,5.0380616665191935,-0.6674586154499553,0.7125779744285257,1.0938302297015332,1.0,11.065956282330836,0.1776875440367821,0.1234087195980535,10.942547562732782,0.0542788244387285,14.199180771531546,-1.881153142938411,2.0083167183050827,3.0828310951637867,1.678803649471296,31.18808860695081,0.5007913212723656,0.3478128761307382,30.84027573082007,0.1529784451416274,40.01871114887153,-5.301807580686528,5.66020307357717,8.688594722694798,2.818381693478142,8.25515118002485,0.1325540695631592,0.0920623226066688,8.163088857418181,0.0404917469564904,10.592521867148156,-1.4033313697914385,1.498194797086959,2.2997774529159907,1.4499998092651367,85.5169200694518,206362.4166973254,485351.5184255734,-485266.001505504,-278989.10172824806,232844.58053524204,439575.2582447452,2862116.815486514,1.0938302297015332,1.0,143.5661173536876,346441.97712742933,814809.8975789938,-814666.3314616401,-468367.9204515645,390900.33020887815,737960.5453596917,4804932.139977721,3.0828310951637867,1.678803649471296,241.01932183881223,581608.0561395882,1367905.8311405517,-1367664.8118187126,-786297.7750009632,656244.9016304134,1238890.8581361815,8066537.620908527,8.688594722694798,2.818381693478142,123.9995177962786,299225.46500097454,703759.6094346752,-703635.6099168789,-404534.1444337007,337624.59750106744,637384.0411467846,4150068.83978934,2.2997774529159907,1.4499998092651367,-0.19026491083473307,-0.21592827235773734,0.10999313514653136,0.08432977362352709,0.025663361523004274,True
J2300+0022,16.462,12.674988101556666,-0.2614240838068293,5.548,4.0,11.649999618530272,4.466831997992276,1.789213112714907,0.9999966581273916,0.0017882201169331,12.683990499772442,-0.2607140868676407,J2300+0022,4.05,4.0,forced_4_matched,0.0091004436738294,0.2607140868676591,4.466831997992276,10.172166043672595,0.0454817920202865,0.0317412605650369,10.14042478310756,0.0137405314552496,16.400072675126037,-0.5906503488256958,0.6244236516097811,1.486630727603833,1.0,10.172166043672595,0.0454817920202853,0.0317412605650363,10.14042478310756,0.013740531455249,16.40007267512604,-0.590650348825691,0.6244236516097792,1.4866307276038333,2.1134881116278548,10.172166043672574,0.0454817920202872,0.031741260565037,10.140424783107536,0.0137405314552501,16.40007267512601,-0.5906503488256973,0.6244236516097861,1.4866307276038333,4.466831997992276,10.172166043672595,0.0454817920202862,0.0317412605650367,10.14042478310756,0.0137405314552495,16.400072675126037,-0.5906503488256947,0.6244236516097812,1.4866307276038333,1.6499996185302717,67.89164577376496,149762.87208008452,352239.4963661258,-352171.60472035204,-202476.6242860413,168984.3872392988,401350.7422197103,2613154.707165886,1.486630727603833,1.0,32.12303177127815,70860.52250392437,166662.6341525631,-166630.51112079184,-95802.11164863876,79955.2105847064,189899.69209567,1236417.9808853625,1.4866307276038333,2.1134881116278548,15.199059592175026,33527.76006466111,78856.6695897663,-78841.47053017412,-45328.90952510519,37830.9250617486,89851.31754077159,585012.9792634094,1.4866307276038333,4.466831997992276,41.14646146920098,90765.39775254184,213478.53140258815,-213437.38494111897,-122713.13365004634,102414.8035372304,243242.92957050228,1583730.4871007642,1.4866307276038333,1.6499996185302717,2.772828954293252,0.0450018358817954,0.0312072095417167,2.741621744751535,0.0137946263400786,3.560384041880836,-0.5995658206325009,0.6407110960374075,0.9745548284461824,1.0,12.385761097996555,0.2010156404851963,0.1393973621489885,12.246363735847568,0.0616182783362077,15.903637363414388,-2.6781597925037373,2.8619488252485867,4.353172691501281,2.1134881116278548,55.325113992019,0.8979030950162173,0.6226645976828317,54.70244939433616,0.2752384973333857,71.03887625936493,-11.962889856892144,12.783844589236914,19.44489107118409,4.466831997992276,7.549023337487748,0.1225174415376281,0.0849615886921291,7.464061748795618,0.037555852845499,9.693141072031256,-1.632317191908573,1.7443351524027069,2.6532242936264248,1.6499996185302717,60.93143543320499,147089.11380794874,345944.4115588054,-345883.48012337217,-198855.29775085664,165964.82824960508,394167.6954905674,2566463.814468628,0.9745548284461824,1.0,128.77786437942396,310871.09300041734,731149.4002167106,-731020.6223523312,-420278.3072162933,350764.6910266752,833068.73721618,5424190.753409328,4.353172691501281,2.1134881116278548,272.170485263051,657022.3574716209,1545275.560990756,-1545003.3905054932,-888253.2035191352,741337.0024719605,1760680.866163705,11463962.63485024,19.44489107118409,4.466831997992276,100.53684514641662,242696.9810043788,570808.145504527,-570707.6086593806,-328111.16450014827,273841.90253800247,650376.5452222885,4234664.302537392,2.6532242936264248,1.6499996185302717,0.02841043469195967,-0.010285529335143862,0.23230365217569945,0.270999616202803,-0.03869596402710354,False
J2303+1422,11.687,13.581482000560516,0.1502301343415366,7.899,4.0,11.710000038146973,5.12861429039393,1.7892131127149071,0.9999966581273916,0.0017882201169332,13.576389459052969,0.1498551018891731,J2303+1422,3.55,4.0,forced_4_matched,0.0088128866711814,-0.14985510188918508,5.12861429039393,7.144597697214268,0.031944927475446,0.0222940262836845,7.122303670930584,0.0096509011917615,11.518876212381208,-0.5906503488256953,0.624423651609783,1.486630727603833,1.0,7.144597697214266,0.0319449274754459,0.0222940262836842,7.122303670930582,0.0096509011917617,11.518876212381208,-0.5906503488256947,0.6244236516097809,1.4866307276038329,2.264644407052447,7.144597697214266,0.031944927475446,0.0222940262836844,7.122303670930582,0.0096509011917616,11.518876212381208,-0.5906503488256949,0.6244236516097827,1.4866307276038335,5.12861429039393,7.1445976972142695,0.0319449274754465,0.0222940262836845,7.122303670930585,0.0096509011917619,11.518876212381208,-0.5906503488256958,0.6244236516097856,1.4866307276038333,1.7100000381469729,47.68487790274715,105188.55705098974,247401.5344747585,-247353.84959685573,-142212.97742376875,118689.1224221046,401350.7409917881,2613154.6995546287,1.486630727603833,1.0,21.056231929768387,46448.15599913788,109245.20110291388,-109224.14487098408,-62797.04510377599,52409.60641438094,177224.61772680326,1153891.8344820326,1.4866307276038329,2.264644407052447,9.29780934673204,20510.13215013161,48239.45026865768,-48230.15245931094,-27729.318118526066,23142.532364570197,78257.15041916986,509524.5119390886,1.4866307276038335,5.12861429039393,27.885892890311524,61513.77472510647,144679.2567998938,-144651.3709070035,-83165.48207478733,69408.842021132,234708.03064349724,1528160.6102269136,1.4866307276038333,1.7100000381469729,1.6655041113529652,0.0274664106837528,0.0190039147568576,1.6465001965961077,0.0084624959268951,2.141010863976489,-0.5212588308358044,0.5578204310113984,0.8370637863382635,1.0,8.541728186194652,0.1408646263385227,0.0974637487954474,8.444264437399204,0.0434008775430752,10.980418912878472,-2.6733354888185348,2.8608458339587512,4.2929772965856685,2.264644407052447,43.80722924037842,0.722440335650752,0.4998539748676988,43.30737526551072,0.2225863607830532,56.314333351100174,-13.71050659097198,14.67217482665484,22.017024711605945,5.12861429039393,4.870100789293276,0.0803145350637031,0.0555693496198289,4.814531439673447,0.0247451854438742,6.260530146675595,-1.5242130152517848,1.631122795095162,2.4476583268372734,1.7100000381469729,37.08959756395581,89583.81008284024,210695.52819502665,-210658.43859746263,-121111.71811218638,101079.95961853316,341794.9847109138,2225460.0667142635,0.8370637863382635,1.0,83.99474962643039,202875.47379222015,477150.4479754527,-477066.4532258263,-274274.9741832325,228910.16448240145,774044.0972734009,5039875.673431786,4.2929772965856685,2.264644407052447,190.21824001574916,459440.8076705062,1080576.0947870263,-1080385.8765470108,-621135.2871165203,518400.1244056381,1752934.6384898413,11413526.27325764,22.017024711605945,5.12861429039393,63.42321325453969,153188.31876896703,360289.36150157,-360225.9382883155,-207101.042732603,172846.73492266386,584469.4374212718,3805536.8022206975,2.4476583268372734,1.7100000381469729,0.1049017800012928,-0.003686959503567455,0.25475688189047785,0.14616814238561762,0.10858873950486023,True
J2321-0939,3.814,11.96594941939619,1.1433865607536065,6.346,4.0,11.600000381469728,3.981075202376568,1.7892131127149076,0.999996658127392,0.0017882201169333,11.96196053716278,1.143053152421863,J2321-0939,4.25,4.0,forced_4_matched,0.0091283829740377,-1.1430531524220418,3.981075202376568,8.893031391474228,0.0397625247602498,0.0277498445658404,8.865281546908387,0.0120126801944093,14.337788087235916,-0.5906503488256936,0.6244236516097776,1.4866307276038333,1.0,8.893031391474228,0.0397625247602507,0.0277498445658408,8.865281546908387,0.0120126801944099,14.33778808723591,-0.5906503488256977,0.6244236516097796,1.4866307276038333,1.99526319125487,8.893031391474224,0.0397625247602506,0.0277498445658409,8.865281546908383,0.0120126801944096,14.337788087235904,-0.5906503488256978,0.6244236516097784,1.486630727603833,3.981075202376568,8.893031391474235,0.03976252476025,0.0277498445658405,8.865281546908394,0.0120126801944095,14.337788087235923,-0.5906503488256953,0.6244236516097765,1.4866307276038333,1.6000003814697283,59.35437291321578,130930.41460973148,307945.90584093786,-307886.55146802467,-177015.4912312064,147734.8529619297,401350.74036116735,2613154.6956773857,1.4866307276038333,1.0,29.74764089046404,65620.62346700557,154338.48883399533,-154308.74119310486,-88717.86536698976,74042.78972906804,201151.7789655232,1309679.1979394113,1.4866307276038333,1.99526319125487,14.90913130284546,32888.20435483001,77352.44641888482,-77337.53728758197,-44464.24206405481,37109.28471850154,100814.6595488746,656394.2070352318,1.486630727603833,3.981075202376568,37.0964742237803,81831.48967563381,192466.1453811793,-192429.04890695552,-110634.65570554548,92334.26114286049,250844.1531564646,1633221.296851833,1.4866307276038333,1.6000003814697283,2.275827766140393,0.0371649984238823,0.0257499762297663,2.250077789910627,0.011415022194116,2.9234721951646585,-0.5664814530160021,0.6056901452791617,0.916452939694938,1.0,9.060241484661589,0.1479566536216842,0.1025125918301096,8.95772889283148,0.0454440617915746,11.63856266100743,-2.2552052652082653,2.411298017694737,3.648468072364626,1.99526319125487,36.0695027021297,0.5890265647599074,0.4081103372662035,35.6613923648635,0.1809162274937039,46.33399320104252,-8.9781417575897,9.599558743784277,14.524825769553448,3.981075202376568,5.826121859429834,0.0951424413325741,0.065919970581282,5.760201888848552,0.029222470751292,7.484092388313642,-1.4501932112267346,1.550567511282595,2.346120644336148,1.6000003814697283,50.26832935928619,121374.10705697208,285464.3215376141,-285414.0532082548,-164090.214480642,136949.85527718713,372040.4483403583,2422391.1844505966,0.916452939694938,1.0,100.29854722354663,242173.2881473907,569576.4530389176,-569476.1544916941,-327403.1648915269,273251.0052125246,742318.6123501618,4833307.965752486,3.648468072364626,1.99526319125487,200.12199949529668,483199.44854571694,1136454.933262065,-1136254.81126257,-653255.4847163481,545207.6735837269,1481121.006139241,9643721.493081078,14.524825769553448,3.981075202376568,80.42934614448106,194198.61772150785,456743.02363643376,-456662.5942902893,-262544.405914926,219119.82081827737,595264.8598283113,3875826.822616035,2.346120644336148,1.6000003814697283,-0.005252225221529965,-0.09828279706587191,1.1378009272005118,1.0447703553561698,0.09303057184434205,True
J2341+0000,14.021,13.897876068759452,-0.0088201780862533,7.353,4.0,11.729999542236328,5.3703123031766005,1.789213112714907,0.999996658127392,0.0017882201169334,13.893233739739696,-0.0091542654325249,J2341+0000,3.75,4.0,forced_4_matched,0.008957452370558,0.009154265432525854,5.3703123031766005,7.675122699618584,0.0343170110333941,0.0239494782557896,7.651173221362795,0.0103675327776044,12.374215041697148,-0.5906503488256936,0.624423651609782,1.4866307276038333,1.0,7.675122699618584,0.0343170110333942,0.0239494782557899,7.651173221362795,0.0103675327776043,12.374215041697145,-0.5906503488256959,0.6244236516097816,1.486630727603833,2.3173934286556954,7.675122699618585,0.0343170110333946,0.0239494782557898,7.651173221362796,0.0103675327776047,12.374215041697148,-0.5906503488256963,0.624423651609783,1.4866307276038333,5.3703123031766005,7.675122699618589,0.0343170110333943,0.0239494782557897,7.651173221362799,0.0103675327776046,12.374215041697148,-0.5906503488256931,0.6244236516097841,1.4866307276038333,1.729999542236328,51.22573783304051,112999.37567287585,265772.4349637994,-265721.2092259663,-152773.05929092353,127502.43096801084,401350.7393392185,2613154.6893468974,1.4866307276038333,1.0,22.104894755665978,48761.411997576055,114685.93628660716,-114663.83139185148,-65924.52428903109,55019.76033111911,173190.5919094865,1127626.694125312,1.486630727603833,2.3173934286556954,9.53868880740683,21041.490613689573,49489.195510040096,-49479.65682123269,-28447.70489635052,23742.08873431073,74735.08388368269,486592.6874860076,1.4866307276038333,5.3703123031766005,29.610260911370155,65317.57548333748,153625.72559798468,-153596.1153370733,-88308.1501146472,73700.84664898047,231994.70852252527,1510494.4404650736,1.4866307276038333,1.729999542236328,1.8422690236199308,0.030285532936825,0.0209637894462232,1.8213052341737077,0.0093217434906018,2.3676774392498223,-0.5349806733166729,0.5723454772630086,0.8611486447530726,1.0,9.893560003307286,0.1626427701388926,0.1125820963842575,9.78097790692303,0.0500606737546351,12.715167281957036,-2.873013291874239,3.0736739582130133,4.624637161781284,2.3173934286556954,53.13150700797699,0.8734424694996277,0.6046010173297918,52.5269059906472,0.2688414521698359,68.28441929124234,-15.428978628542122,16.50658907374492,24.83574584764174,5.3703123031766005,5.513724042892022,0.0906415235585168,0.0627424922298503,5.450981550662172,0.0278990313286664,7.086218057856256,-1.601142809833859,1.7129718723841552,2.577330414940773,1.729999542236328,40.91794013729477,98819.8670198331,232418.15738638391,-232377.23944624665,-133598.29036655082,111501.26519130004,350972.32583672466,2285214.6163736065,0.8611486447530726,1.0,94.82296561801304,229004.5105786047,538604.3109233688,-538509.4879577508,-309599.8003447641,258392.2993820333,813340.9620544838,5295741.338286219,4.624637161781284,2.3173934286556954,219.74211745919348,530693.5488148537,1248158.0927146478,-1247938.3505971886,-717464.5438997941,598796.6175209663,1884831.004776547,12272316.20209111,24.83574584764174,5.3703123031766005,70.78801769009218,170958.32472826046,402083.3058804562,-402012.51786276617,-231124.98115219577,192897.13773541184,607181.9633467941,3953420.242065881,2.577330414940773,1.729999542236328,0.12483268873135991,0.0475288182210094,0.11567842329883406,0.03837455278848355,0.07730387051035051,True
J2347-0005,33.608,15.5936405349847,-0.7679009607404739,6.281,4.0,11.829999923706056,6.760828566222668,1.7892131127149071,0.9999966581273918,0.0017882201169327,15.604854654732623,-0.7671820722067362,J2347-0005,4.45,4.0,forced_4_matched,0.0091575699982224,0.7671820722067704,6.760828566222668,8.985062443925411,0.0401740140309743,0.0280370185662829,8.957025425359129,0.0121369954646913,14.486165133195213,-0.5906503488256941,0.6244236516097846,1.486630727603833,1.0,8.98506244392541,0.0401740140309744,0.028037018566283,8.957025425359125,0.0121369954646913,14.486165133195213,-0.5906503488256967,0.6244236516097852,1.486630727603833,2.6001593347759804,8.985062443925415,0.0401740140309735,0.0280370185662826,8.957025425359133,0.0121369954646909,14.48616513319522,-0.5906503488256922,0.624423651609781,1.4866307276038333,6.760828566222668,8.985062443925404,0.0401740140309742,0.0280370185662829,8.957025425359122,0.0121369954646912,14.4861651331952,-0.5906503488256942,0.6244236516097821,1.4866307276038333,1.8299999237060565,59.96861175737651,132285.37028017026,311132.7364470406,-311072.7678352832,-178847.3661668703,149263.71222678982,401350.7401165964,2613154.694165929,1.486630727603833,1.0,23.06343728315541,50875.87074858768,119659.10402541872,-119636.04058813555,-68783.23327683103,57405.60209908162,154356.20992259885,1004997.9088274676,1.486630727603833,2.6001593347759804,8.870009229620546,19566.44357373083,46019.91224075566,-46011.04223152604,-26453.468667024827,22077.72481822853,59364.135270563806,386513.9719744449,1.4866307276038333,6.760828566222668,32.769734540744565,72287.09040175463,170017.89538353877,-169985.12564899802,-97730.80498178414,81564.87324378992,219317.3528246428,1427953.4402918792,1.4866307276038333,1.8299999237060565,2.3101614570099978,0.0377079254126606,0.0261278898696082,2.2840335671403893,0.0115800355430523,2.967477633565847,-0.5688618037993971,0.6082098291534018,0.9206326928553936,1.0,15.618605571139756,0.2549368193029111,0.1766461842055688,15.441959386934188,0.0782906350973422,20.062607554638795,-3.845977133359937,4.112002387197737,6.224239808855245,2.6001593347759804,105.59471470992648,1.7235841305250292,1.1942745682912217,104.40044014163526,0.5293095622338078,135.63985026831716,-26.00199206825881,27.80054320374214,42.08101830272887,6.760828566222668,7.736499058300936,0.1262800608850547,0.0874996830884879,7.648999375212448,0.0387803777965668,9.937785018422591,-1.905061135897202,2.036833727017849,3.0831065680297964,1.8299999237060565,51.00669485440256,123154.91786973894,289652.677372545,-289601.6706776906,-166497.75950280606,138959.19473696605,373632.4569536464,2432756.905454958,0.9206326928553936,1.0,132.62553372922474,320222.4092296757,753143.1126118912,-753010.487078162,-432920.7033822155,361316.0472019957,971503.9207094676,6325555.576722462,6.224239808855245,2.6001593347759804,344.8475197980689,832629.2891490172,1958292.1007836412,-1957947.2532638437,-1125662.8116346244,939479.2958439802,2526064.9972389904,16447452.436482236,42.08101830272887,6.760828566222668,93.34224761073496,225373.48969228356,530064.3760167861,-529971.0337691754,-304690.8863245025,254295.3150623352,683747.3657088082,4451944.938811742,3.0831065680297964,1.8299999237060565,0.21820313552985537,0.2831512779697154,0.548978936676915,0.484030794237055,0.06494814243986002,True
