name,theta_E_obs_arcsec,theta_E_BuP_arcsec,log_residual_BuP,Re_arcsec,sersic_n,logMs,Mstar_rel,J_spectral_over_h0,density_pearson,density_rmse,theta_E_baryon_arcsec,log_residual_baryon,name_key,sersic_n_measured,sersic_n_final,n_source,delta_kOR,C_obs,Mstar_rel_used,norm_zS_shape_norm_force_inner_mean,norm_zS_shape_norm_force_mid_mean,norm_zS_shape_norm_force_outer_mean,norm_zS_shape_norm_force_inner_minus_outer,norm_zS_shape_norm_force_mid_minus_outer,norm_zS_shape_norm_grad_rms,norm_zS_shape_norm_phi_mid_mean,norm_zS_shape_norm_phi_inner_minus_outer,norm_zS_shape_norm_S_std,norm_zS_shape_norm_amp_factor,norm_zS_amp_sqrtMstar_force_inner_mean,norm_zS_amp_sqrtMstar_force_mid_mean,norm_zS_amp_sqrtMstar_force_outer_mean,norm_zS_amp_sqrtMstar_force_inner_minus_outer,norm_zS_amp_sqrtMstar_force_mid_minus_outer,norm_zS_amp_sqrtMstar_grad_rms,norm_zS_amp_sqrtMstar_phi_mid_mean,norm_zS_amp_sqrtMstar_phi_inner_minus_outer,norm_zS_amp_sqrtMstar_S_std,norm_zS_amp_sqrtMstar_amp_factor,norm_zS_amp_Mstar_force_inner_mean,norm_zS_amp_Mstar_force_mid_mean,norm_zS_amp_Mstar_force_outer_mean,norm_zS_amp_Mstar_force_inner_minus_outer,norm_zS_amp_Mstar_force_mid_minus_outer,norm_zS_amp_Mstar_grad_rms,norm_zS_amp_Mstar_phi_mid_mean,norm_zS_amp_Mstar_phi_inner_minus_outer,norm_zS_amp_Mstar_S_std,norm_zS_amp_Mstar_amp_factor,norm_zS_amp_logMstar_force_inner_mean,norm_zS_amp_logMstar_force_mid_mean,norm_zS_amp_logMstar_force_outer_mean,norm_zS_amp_logMstar_force_inner_minus_outer,norm_zS_amp_logMstar_force_mid_minus_outer,norm_zS_amp_logMstar_grad_rms,norm_zS_amp_logMstar_phi_mid_mean,norm_zS_amp_logMstar_phi_inner_minus_outer,norm_zS_amp_logMstar_S_std,norm_zS_amp_logMstar_amp_factor,rawL_zS_shape_norm_force_inner_mean,rawL_zS_shape_norm_force_mid_mean,rawL_zS_shape_norm_force_outer_mean,rawL_zS_shape_norm_force_inner_minus_outer,rawL_zS_shape_norm_force_mid_minus_outer,rawL_zS_shape_norm_grad_rms,rawL_zS_shape_norm_phi_mid_mean,rawL_zS_shape_norm_phi_inner_minus_outer,rawL_zS_shape_norm_S_std,rawL_zS_shape_norm_amp_factor,rawL_zS_amp_sqrtMstar_force_inner_mean,rawL_zS_amp_sqrtMstar_force_mid_mean,rawL_zS_amp_sqrtMstar_force_outer_mean,rawL_zS_amp_sqrtMstar_force_inner_minus_outer,rawL_zS_amp_sqrtMstar_force_mid_minus_outer,rawL_zS_amp_sqrtMstar_grad_rms,rawL_zS_amp_sqrtMstar_phi_mid_mean,rawL_zS_amp_sqrtMstar_phi_inner_minus_outer,rawL_zS_amp_sqrtMstar_S_std,rawL_zS_amp_sqrtMstar_amp_factor,rawL_zS_amp_Mstar_force_inner_mean,rawL_zS_amp_Mstar_force_mid_mean,rawL_zS_amp_Mstar_force_outer_mean,rawL_zS_amp_Mstar_force_inner_minus_outer,rawL_zS_amp_Mstar_force_mid_minus_outer,rawL_zS_amp_Mstar_grad_rms,rawL_zS_amp_Mstar_phi_mid_mean,rawL_zS_amp_Mstar_phi_inner_minus_outer,rawL_zS_amp_Mstar_S_std,rawL_zS_amp_Mstar_amp_factor,rawL_zS_amp_logMstar_force_inner_mean,rawL_zS_amp_logMstar_force_mid_mean,rawL_zS_amp_logMstar_force_outer_mean,rawL_zS_amp_logMstar_force_inner_minus_outer,rawL_zS_amp_logMstar_force_mid_minus_outer,rawL_zS_amp_logMstar_grad_rms,rawL_zS_amp_logMstar_phi_mid_mean,rawL_zS_amp_logMstar_phi_inner_minus_outer,rawL_zS_amp_logMstar_S_std,rawL_zS_amp_logMstar_amp_factor,norm_rawS_shape_norm_force_inner_mean,norm_rawS_shape_norm_force_mid_mean,norm_rawS_shape_norm_force_outer_mean,norm_rawS_shape_norm_force_inner_minus_outer,norm_rawS_shape_norm_force_mid_minus_outer,norm_rawS_shape_norm_grad_rms,norm_rawS_shape_norm_phi_mid_mean,norm_rawS_shape_norm_phi_inner_minus_outer,norm_rawS_shape_norm_S_std,norm_rawS_shape_norm_amp_factor,norm_rawS_amp_sqrtMstar_force_inner_mean,norm_rawS_amp_sqrtMstar_force_mid_mean,norm_rawS_amp_sqrtMstar_force_outer_mean,norm_rawS_amp_sqrtMstar_force_inner_minus_outer,norm_rawS_amp_sqrtMstar_force_mid_minus_outer,norm_rawS_amp_sqrtMstar_grad_rms,norm_rawS_amp_sqrtMstar_phi_mid_mean,norm_rawS_amp_sqrtMstar_phi_inner_minus_outer,norm_rawS_amp_sqrtMstar_S_std,norm_rawS_amp_sqrtMstar_amp_factor,norm_rawS_amp_Mstar_force_inner_mean,norm_rawS_amp_Mstar_force_mid_mean,norm_rawS_amp_Mstar_force_outer_mean,norm_rawS_amp_Mstar_force_inner_minus_outer,norm_rawS_amp_Mstar_force_mid_minus_outer,norm_rawS_amp_Mstar_grad_rms,norm_rawS_amp_Mstar_phi_mid_mean,norm_rawS_amp_Mstar_phi_inner_minus_outer,norm_rawS_amp_Mstar_S_std,norm_rawS_amp_Mstar_amp_factor,norm_rawS_amp_logMstar_force_inner_mean,norm_rawS_amp_logMstar_force_mid_mean,norm_rawS_amp_logMstar_force_outer_mean,norm_rawS_amp_logMstar_force_inner_minus_outer,norm_rawS_amp_logMstar_force_mid_minus_outer,norm_rawS_amp_logMstar_grad_rms,norm_rawS_amp_logMstar_phi_mid_mean,norm_rawS_amp_logMstar_phi_inner_minus_outer,norm_rawS_amp_logMstar_S_std,norm_rawS_amp_logMstar_amp_factor,rawL_rawS_shape_norm_force_inner_mean,rawL_rawS_shape_norm_force_mid_mean,rawL_rawS_shape_norm_force_outer_mean,rawL_rawS_shape_norm_force_inner_minus_outer,rawL_rawS_shape_norm_force_mid_minus_outer,rawL_rawS_shape_norm_grad_rms,rawL_rawS_shape_norm_phi_mid_mean,rawL_rawS_shape_norm_phi_inner_minus_outer,rawL_rawS_shape_norm_S_std,rawL_rawS_shape_norm_amp_factor,rawL_rawS_amp_sqrtMstar_force_inner_mean,rawL_rawS_amp_sqrtMstar_force_mid_mean,rawL_rawS_amp_sqrtMstar_force_outer_mean,rawL_rawS_amp_sqrtMstar_force_inner_minus_outer,rawL_rawS_amp_sqrtMstar_force_mid_minus_outer,rawL_rawS_amp_sqrtMstar_grad_rms,rawL_rawS_amp_sqrtMstar_phi_mid_mean,rawL_rawS_amp_sqrtMstar_phi_inner_minus_outer,rawL_rawS_amp_sqrtMstar_S_std,rawL_rawS_amp_sqrtMstar_amp_factor,rawL_rawS_amp_Mstar_force_inner_mean,rawL_rawS_amp_Mstar_force_mid_mean,rawL_rawS_amp_Mstar_force_outer_mean,rawL_rawS_amp_Mstar_force_inner_minus_outer,rawL_rawS_amp_Mstar_force_mid_minus_outer,rawL_rawS_amp_Mstar_grad_rms,rawL_rawS_amp_Mstar_phi_mid_mean,rawL_rawS_amp_Mstar_phi_inner_minus_outer,rawL_rawS_amp_Mstar_S_std,rawL_rawS_amp_Mstar_amp_factor,rawL_rawS_amp_logMstar_force_inner_mean,rawL_rawS_amp_logMstar_force_mid_mean,rawL_rawS_amp_logMstar_force_outer_mean,rawL_rawS_amp_logMstar_force_inner_minus_outer,rawL_rawS_amp_logMstar_force_mid_minus_outer,rawL_rawS_amp_logMstar_grad_rms,rawL_rawS_amp_logMstar_phi_mid_mean,rawL_rawS_amp_logMstar_phi_inner_minus_outer,rawL_rawS_amp_logMstar_S_std,rawL_rawS_amp_logMstar_amp_factor,C_pred_logM,C_pred_Phi,abs_err_logM,abs_err_Phi,delta_abs_logM_minus_Phi,Phi_better_than_logM
J0008-0004,37.469,12.530029500170716,-1.0953858011639404,9.723,4.0,11.640000343322754,4.365161773191001,1.7892131127149076,0.999996658127392,0.0017882201169334,12.523939173861114,-1.095871977746086,J0008-0004,4.15,4.15,measured,0.0091153906227673,1.095871977746139,4.365161773191001,5.812160582492913,0.0258717977634664,0.017918693417332,5.794241889075581,0.0079531043461343,9.398561250957572,-0.5791887929074078,0.6136873003242731,1.487314218353535,1.0,5.812160582492915,0.0258717977634664,0.0179186934173322,5.794241889075583,0.0079531043461341,9.398561250957576,-0.5791887929074098,0.6136873003242738,1.4873142183535346,2.089296956679686,5.812160582492913,0.0258717977634662,0.0179186934173321,5.794241889075581,0.0079531043461341,9.398561250957572,-0.5791887929074095,0.6136873003242723,1.4873142183535348,4.365161773191001,5.8121605824929095,0.0258717977634665,0.0179186934173324,5.794241889075577,0.0079531043461341,9.39856125095756,-0.5791887929074108,0.6136873003242731,1.4873142183535348,1.640000343322754,39.83023448373572,88698.16416722021,208557.8797231004,-208518.04948861667,-119859.7155558802,100059.2648898329,416333.348871013,2711705.188102501,1.487314218353535,1.0,19.063941294779315,42453.593946712135,99822.0382888294,-99802.97434753462,-57368.44434211726,47891.356508960365,199269.5916875908,1297903.1992256057,1.4873142183535346,2.089296956679686,9.124572371523024,20319.55951441512,47777.81241369589,-47768.68784132437,-27458.25289928077,22922.23527776042,95376.38512329262,621215.281016786,1.4873142183535348,4.365161773191001,24.286723285394977,54084.23537863708,127169.412832099,-127145.12610881362,-73085.17745346193,61011.734396475214,253861.74639197832,1653478.4360185792,1.4873142183535348,1.640000343322754,1.2937761473042286,0.0211270745198596,0.0144560448055638,1.279320102498665,0.0066710297142958,1.672803471349062,-0.4853924470671118,0.5216939356190224,0.7892831974281953,1.0,5.647542181278754,0.0922230980734489,0.0631029741767838,5.584439207101971,0.0291201238966651,7.302057767194144,-2.118816554932998,2.277278425069726,3.4453488416355262,2.089296956679686,24.652435242201754,0.4025687423154632,0.2754546906511548,24.3769805515506,0.1271140516643083,31.874663430988345,-9.248977029997771,9.940688728026954,15.039505058815292,4.365161773191001,3.4797417827091595,0.056823403419787,0.0388809943879788,3.4408607883211806,0.0179424090318082,4.499174100282341,-1.3055120722315368,1.4031485967198138,2.122856976613697,1.640000343322754,29.41937137805949,71524.13252374978,168173.52832317032,-168144.10895179227,-96649.39579942054,80684.36399967335,335708.6765887396,2186628.5126703274,0.7892831974281953,1.0,61.4658031655396,149435.1531957048,351364.4427447735,-351302.976941608,-201929.28954906872,168573.5970247986,701395.1207092493,4568516.324042664,3.4453488416355262,2.089296956679686,128.42031543497006,312214.41011489974,734104.6593230221,-733976.2390075872,-421890.2492081224,352200.3024841651,1465422.6873743825,9544987.2291666,15.039505058815292,4.365161773191001,48.247779216744426,117299.6024530014,275804.6454860227,-275756.397706806,-158505.0430330213,132322.3852779541,550562.3479939379,3586071.5308653414,2.122856976613697,1.640000343322754,0.038536894037335595,-0.008210063067852196,1.0573350837088034,1.104082040813991,-0.046746957105187725,False
J0029-0055,12.661,11.693642341411865,-0.0794810980469624,7.858,4.0,11.579999923706056,3.801893295314423,1.789213112714907,0.9999966581273918,0.001788220116933,11.688564260099072,-0.079915452381365,J0029-0055,3.1500000000000004,3.1500000000000004,measured,0.0083253380787237,0.07991545238137132,3.801893295314423,7.098855938486608,0.0334946663284044,0.0242672924540742,7.074588646032534,0.0092273738743302,11.197988698700454,-0.6776777985117676,0.7083409870078512,1.480043553017984,1.0,7.098855938486613,0.0334946663284048,0.0242672924540743,7.074588646032539,0.0092273738743305,11.197988698700463,-0.677677798511769,0.7083409870078549,1.480043553017984,1.949844428490238,7.098855938486608,0.0334946663284051,0.0242672924540744,7.074588646032534,0.0092273738743306,11.197988698700458,-0.6776777985117699,0.7083409870078514,1.480043553017984,3.801893295314423,7.098855938486605,0.0334946663284044,0.0242672924540742,7.074588646032531,0.0092273738743301,11.197988698700447,-0.6776777985117676,0.7083409870078512,1.4800435530179843,1.5799999237060565,40.13346618088391,83418.44880749559,196619.3369086589,-196579.20344247803,-113200.88810116332,94290.40965931871,318076.5408881892,2065085.5721288624,1.480043553017984,1.0,20.582906812586845,42782.10485384172,100838.47407136083,-100817.89116454824,-58056.36921751911,48357.91422687145,163129.1893027941,1059102.7375862217,1.480043553017984,1.949844428490238,10.55617900553508,21941.29145118914,51716.16396411484,-51705.60778510931,-29774.872512925704,24800.90901961836,83662.66919861926,543172.9438473401,1.480043553017984,3.801893295314423,25.400929185987508,52796.48910721406,124442.62424005296,-124417.223310867,-71646.13513283891,59677.47731850504,201314.2759599701,1307016.2471111135,1.4800435530179843,1.5799999237060565,1.2944192218906532,0.0245311034393719,0.0182649058681099,1.2761543160225433,0.0062661975712619,1.6020042102165732,-0.5216871046024831,0.5443836359364269,0.7347211348707137,1.0,4.921243761032196,0.0932646376928132,0.0694412231595166,4.851802537872679,0.0238234145332966,6.090649065887887,-1.9833987052401765,2.0696884955455976,2.793331356590772,1.949844428490238,18.71004365967625,0.3545822007342388,0.2640081207486001,18.44603553892765,0.0905740799856387,23.155997847712204,-7.540670239387948,7.868734814604183,10.619947756213987,3.801893295314423,3.231387833457779,0.061239440711872,0.0455965066056844,3.1857913268520948,0.0156429341061876,3.999242924159295,-1.3023395621566896,1.358999177506869,1.8341576639581725,1.5799999237060565,26.808183970507088,62414.39346936393,147103.98128844667,-147077.17310447615,-84689.58781908274,70545.50189332647,237955.2250357031,1545046.5791448343,0.7347211348707137,1.0,52.27178813781195,121698.3573358994,286829.8782318606,-286777.6064437228,-165131.52089596118,137552.75377703918,463975.6697630585,3012600.464033874,2.793331356590772,1.949844428490238,101.9218549095344,237292.86420826992,559273.6405326971,-559171.7186777876,-321980.7763244272,268206.4708337003,904680.3752346628,5874102.233841691,10.619947756213987,3.801893295314423,42.35692862220127,98614.73686520262,232424.27909014843,-232381.92216152625,-133809.5422249458,111461.88755120916,375969.2371294042,2441173.4755035564,1.8341576639581725,1.5799999237060565,-0.014318051555684008,0.16607516336371758,0.09423350393705533,0.08615971098234626,0.008073792954709072,True
J0037-0942,16.012,13.897830735859442,-0.1416056753410242,5.823,4.0,11.729999542236328,5.3703123031766005,1.7892131127149071,0.9999966581273918,0.0017882201169332,13.907776363968216,-0.1408903067826461,J0037-0942,5.133333333333334,5.133333333333334,measured,0.0090854748207059,0.1408903067826559,5.3703123031766005,9.758816608299783,0.0427253427668022,0.0283269978329655,9.730489610466815,0.0143983449338366,16.022670001717422,-0.5214589713973556,0.5600415560440706,1.4903395783086713,1.0,9.758816608299783,0.0427253427668025,0.0283269978329655,9.73048961046682,0.0143983449338369,16.022670001717426,-0.5214589713973561,0.5600415560440738,1.4903395783086713,2.3173934286556954,9.758816608299783,0.0427253427668024,0.0283269978329655,9.73048961046682,0.0143983449338368,16.022670001717422,-0.5214589713973559,0.5600415560440704,1.4903395783086713,5.3703123031766005,9.75881660829977,0.0427253427668032,0.0283269978329658,9.730489610466805,0.0143983449338373,16.022670001717398,-0.5214589713973574,0.5600415560440732,1.490339578308671,1.729999542236328,77.95324235408128,183234.0448777199,430233.61257867806,-430155.659336324,-246999.56770095817,206465.58618028896,513559.3038941377,3351137.432699472,1.4903395783086713,1.0,33.63832892800903,79069.02789022648,185654.10993739503,-185620.47160846705,-106585.08204716856,89093.88646759468,221610.75460878137,1446080.500197366,1.4903395783086713,2.3173934286556954,14.515588274316247,34119.81168058734,80113.33182750395,-80098.81623922964,-45993.520146916606,38445.73165190469,95629.31792160327,624011.6468589834,1.4903395783086713,5.3703123031766005,45.05968960970774,105915.66124901734,248690.0160754135,-248644.9563858038,-142774.35482639616,119344.3014295822,296855.1686772074,1937074.180312137,1.490339578308671,1.729999542236328,3.2019955170585948,0.0468042173493681,0.0305307401776228,3.171464776880972,0.0162734771717453,4.23678533270667,-0.5872120914764065,0.641921812960969,1.0784055290379395,1.0,17.195715919976077,0.2513532642718652,0.163959609600976,17.0317563103751,0.0873936546708892,22.7528603981528,-3.1535123194298165,3.447320609821732,5.791374480406119,2.3173934286556954,92.34636476697732,1.3498455275627896,0.8805143086641511,91.46585045831318,0.4693312188986385,122.18996612865963,-16.935346007252903,18.513188283919877,31.101489624427973,5.3703123031766005,9.58324731148532,0.1400802679735002,0.0913754039211258,9.491871907564194,0.0487048640523743,12.680268111774064,-1.757466138516766,1.921206777295262,3.2275581998120098,1.729999542236328,78.31747282781751,197595.2297855224,463950.44014197146,-463872.12266914366,-266355.21035644907,222646.2507139669,553800.9168771822,3613766.9948556,1.0784055290379395,1.0,181.4923970152919,457905.8889511292,1075155.7056880377,-1074974.2132910225,-617249.8167369085,515958.960451301,1283374.611941333,8374519.925968072,5.791374480406119,2.3173934286556954,420.5892875506593,1061148.0910910894,2491558.750869207,-2491138.1615816564,-1430410.6597781177,1195679.8966540932,2974083.8697984973,19407057.30552566,31.101489624427973,5.3703123031766005,135.48919222331608,341839.658194026,802634.051660094,-802498.5624678707,-460794.393466068,385177.91304969264,958075.3364708176,6251815.270202826,3.2275581998120098,1.729999542236328,0.15567404290027295,-0.09296140704185996,0.014783736117617047,0.23385171382451586,-0.21906797770689881,False
J0044+0113,3.721,10.302586251892478,1.0184025067692537,4.154,4.0,11.470000267028809,2.951211041237279,1.7892131127149071,0.9999966581273918,0.0017882201169329,10.31001658234329,1.0191234570376306,J0044+0113,3.75,3.75,measured,0.0089574523705581,-1.0191234570378025,2.951211041237279,13.549552117323923,0.0611635386309565,0.0432383301047305,13.506313787219192,0.0179252085262259,21.726273944705746,-0.611917209719945,0.644473021927202,1.4852698880554305,1.0,13.549552117323902,0.0611635386309561,0.0432383301047303,13.506313787219172,0.0179252085262258,21.72627394470571,-0.6119172097199448,0.6444730219272023,1.4852698880554305,1.717908915291285,13.54955211732393,0.0611635386309563,0.0432383301047305,13.5063137872192,0.0179252085262257,21.72627394470576,-0.6119172097199448,0.6444730219272035,1.4852698880554305,2.951211041237279,13.549552117323904,0.0611635386309569,0.0432383301047305,13.506313787219174,0.0179252085262264,21.72627394470571,-0.6119172097199451,0.6444730219272073,1.4852698880554305,1.4700002670288086,86.37261419011423,187403.8485614108,441000.2531274852,-440913.8805132951,-253596.40456607443,211546.74391981147,376449.82093558135,2449342.699033284,1.4852698880554305,1.0,50.277761203297416,109088.3498524457,256707.58774928463,-256657.30998808137,-147619.23789683898,123142.00262316562,219132.58499875787,1425769.8298798683,1.4852698880554305,1.717908915291285,29.266837583649995,63500.66001674641,149430.26706872243,-149401.00023113878,-85929.60705197603,71681.33400532343,127557.74380909148,829944.9517181749,1.4852698880554305,2.951211041237279,58.75686972918017,127485.58810558106,300000.117720198,-299941.3608504688,-172514.52961461694,143909.3234740994,256088.2669835021,1666219.220119219,1.4852698880554305,1.4700002670288086,4.016202909575077,0.0664196949278124,0.0469981645862124,3.9692047449888648,0.0194215303415999,5.1075169701999625,-0.6830898323680388,0.7244623485103563,1.0835863750234838,1.0,11.85266237058723,0.1960185370265707,0.1387015022447162,11.713960868342514,0.0573170347818544,15.073360475760865,-2.015942255441478,2.138041281884456,3.197892074103584,1.717908915291285,34.979708056134655,0.5784920707599953,0.4093374048608061,34.57037065127385,0.1691546658991892,44.48466786461506,-5.949471042755677,6.309811037718523,9.43765439777967,2.951211041237279,8.678616020280172,0.1435263709132724,0.1015583707509495,8.577057649529223,0.0419680001623229,11.0368374306367,-1.476089355033856,1.5654912576459044,2.341522648473733,1.4700002670288086,85.16724220200538,203298.16520199945,478391.055128789,-478305.8878865871,-275092.8899267896,229483.8660778396,408353.4843469359,2657027.780379887,1.0835863750234838,1.0,146.3095647107181,349247.7308440123,821832.2595143685,-821685.9499496578,-472584.5286703562,394232.37988548994,701514.0922156919,4564531.717440921,3.197892074103584,1.717908915291285,251.34650563081013,599975.791106765,1411832.9669370044,-1411581.6204313736,-811857.1758302393,677255.3207867796,1205137.314898993,7841449.7418488385,9.43765439777967,2.951211041237279,125.19586878133636,298848.3571272208,703234.9788311726,-703109.7829623913,-404386.6217039518,337341.3444372324,600279.7308935942,3905831.545817101,2.341522648473733,1.4700002670288086,-0.12061436301235917,-0.06368274758205411,0.8985090940254433,0.9554407094557484,-0.056931615430305116,False
J0157-0056,30.258,14.058904628550357,-0.7665046359059735,11.385,4.0,11.739999771118164,5.495405842387226,1.7892131127149071,0.9999966581273916,0.0017882201169332,14.05190646156213,-0.7670025345336837,J0157-0056,3.0,3.0,measured,0.0080455196108306,0.767002534533722,5.495405842387226,4.885472990078427,0.0235372569242478,0.017063654862492,4.868409335215935,0.0064736020617557,7.668172630387311,-0.6985041172733022,0.7295705191780367,1.477950728450447,1.0,4.885472990078429,0.0235372569242479,0.017063654862492,4.868409335215937,0.0064736020617559,7.668172630387314,-0.6985041172733001,0.7295705191780408,1.4779507284504472,2.3442281975923813,4.885472990078433,0.0235372569242481,0.0170636548624922,4.86840933521594,0.0064736020617559,7.6681726303873186,-0.6985041172733063,0.7295705191780371,1.4779507284504467,5.495405842387226,4.885472990078426,0.0235372569242478,0.0170636548624919,4.868409335215935,0.0064736020617558,7.668172630387308,-0.6985041172733013,0.7295705191780355,1.4779507284504472,1.739999771118164,26.749668324410543,54992.01477378595,129684.63060879165,-129657.88094046722,-74692.61583500568,62185.6097766056,304137.6412429491,1973218.3572660757,1.477950728450447,1.0,11.410863644687929,23458.473336144914,55320.82179147245,-55309.41092782776,-31862.348455327538,26527.11443401887,129738.92254664512,841734.7573332803,1.4779507284504472,2.3442281975923813,4.867642007321715,10006.906923306493,23598.735800925053,-23593.86815891773,-13591.828877618562,11315.926712706923,55343.98186298438,359066.90315826144,1.4779507284504467,5.495405842387226,15.373374623642231,31604.61036291272,74531.40673878345,-74516.03336415981,-42926.796375870734,35738.86091041384,174791.77091783663,1134033.6883539197,1.4779507284504472,1.739999771118164,0.7495654303793298,0.0149337493298387,0.0112893900790477,0.738276040300282,0.003644359250791,0.918291393501124,-0.4723279241962506,0.4906040539246863,0.6407800126937642,1.0,4.119166245358052,0.0820670133159427,0.0620397801973869,4.057126465160665,0.0200272331185557,5.046383888859964,-2.595633634150701,2.696068384236591,3.5213462254422683,2.3442281975923813,22.63649025050493,0.450991544443706,0.3409337705571432,22.295556479947788,0.1100577738865627,27.73192750576988,-14.264060237808629,14.815989950209197,19.351226620363665,5.495405842387226,2.269383699981041,0.0452134075761582,0.0341797484112269,2.2352039515698143,0.0110336591649313,2.780218291536879,-1.4300196470832494,1.4853524428919629,1.9400250560447616,1.739999771118164,15.591377545150216,36095.38853709018,85115.62786595173,-85100.03648840658,-49020.23932886154,40814.576573195314,199593.57089707203,1295098.4089030863,0.6407800126937642,1.0,36.54974686578667,84615.82744749391,199530.45451259505,-199493.90476572927,-114914.62706510114,95678.68109163611,467892.8759029168,3036006.2022966743,3.5213462254422683,2.3442281975923813,85.68094725677896,198358.8090383336,467744.9185973194,-467659.2376500626,-269386.1095589858,224292.662527586,1096847.6757111764,7117091.363321066,19.351226620363665,5.495405842387226,27.12899336236105,62805.96782032186,148101.17307135044,-148074.04407798807,-85295.20525102859,71017.35392709379,347292.76784592366,2253470.936106137,1.9400250560447616,1.739999771118164,0.15435108531801497,0.2914502246337145,0.612651449215707,0.4755523099000075,0.1370991393156995,True
J0216-0813,26.386,19.63126136425356,-0.2957103032710333,11.452,4.0,12.029999732971191,10.715186464071412,1.7892131127149071,0.9999966581273916,0.0017882201169331,19.62380774334562,-0.2960900565700064,J0216-0813,5.8,5.8,measured,0.0088751325492219,0.29609005657001947,10.715186464071412,5.002745263237657,0.0216534728117391,0.0140283738483566,4.9887168893893,0.0076250989633824,8.220393088860206,-0.4939979909409399,0.5346582237908467,1.4915868287241454,1.0,5.002745263237651,0.0216534728117391,0.0140283738483566,4.988716889389295,0.0076250989633824,8.220393088860197,-0.4939979909409404,0.534658223790846,1.4915868287241452,3.273405942450678,5.002745263237655,0.0216534728117392,0.0140283738483566,4.988716889389298,0.0076250989633825,8.220393088860202,-0.4939979909409389,0.5346582237908484,1.4915868287241454,10.715186464071412,5.002745263237655,0.0216534728117391,0.0140283738483567,4.988716889389298,0.0076250989633824,8.220393088860202,-0.4939979909409403,0.5346582237908475,1.4915868287241452,2.0299997329711914,43.29404480323476,104843.12760279466,246006.02248505363,-245962.7284402504,-141162.89488225896,118071.03162146168,577097.2841193418,3769015.184756944,1.4915868287241454,1.0,13.22599320913317,32028.758140350856,75152.92203788376,-75139.69604467462,-43124.16389753291,36069.77969480982,176298.72123025294,1151404.7558375497,1.4915868287241452,3.273405942450678,4.040437827970132,9784.53590659264,22958.631770188844,-22954.591332360877,-13174.095863596203,11019.036487511125,53857.88480913777,351745.1759981808,1.4915868287241454,10.715186464071412,21.327118465633752,51646.86757035212,121185.24841456352,-121163.92129609788,-69538.38084421141,58163.07728263242,284284.4131748484,1856657.966777964,1.4915868287241452,2.0299997329711914,1.3179983816551477,0.0188208234275481,0.0119307938175163,1.306067587837631,0.0068900296100317,1.7722091387337866,-0.4440059890177212,0.4915401881608108,0.8422065148481038,1.0,14.122598418779257,0.2016686324335413,0.1278406804190787,13.994757738360176,0.0738279520144626,18.98955137486391,-4.757606963489323,5.266944770727827,9.024399847853156,3.273405942450678,151.32627541441985,2.1609170004796745,1.3698367283841917,149.95643868603565,0.7910802720954828,203.4765838507305,-50.97864573655262,56.43629531431456,96.69812709608424,10.715186464071412,5.431338102072036,0.0775587108582341,0.0491655953079898,5.382172506764047,0.0283931155502443,7.30309471849076,-1.829703798779856,2.0255874284950326,3.470647913970399,2.0299997329711914,34.58777091107264,89264.21169941578,209450.38314246412,-209415.79537155307,-120186.17144304836,100526.15685027142,491339.5433060594,3208955.8013231494,0.8422065148481038,1.0,113.21981472927165,292197.99997475377,685616.1263363482,-685502.906521619,-393418.1263615945,329062.91801930906,1608353.774136484,10504214.947775226,9.024399847853156,3.273405942450678,370.6144139490365,956482.6647237574,2244299.891115867,-2243929.276701918,-1287817.2263921096,1077156.5060134323,5264794.7705189325,34384559.436813794,96.69812709608424,10.715186464071412,70.21316568856848,181206.325522777,425184.22087608994,-425114.0077104014,-243977.89535331287,204068.07109785677,997419.139485916,6514179.406012102,3.470647913970399,2.0299997329711914,0.5051097018863618,0.10388040163121823,0.20901964531634237,0.19220965493880124,0.016809990377541134,True
J0252+0039,18.674,10.18469663106502,-0.6062459186817049,5.899,4.0,11.460000038146973,2.8840317564502844,1.7892131127149071,0.9999966581273916,0.0017882201169332,10.180890605901787,-0.6066196889210067,J0252+0039,3.35,3.35,measured,0.0085885603812838,0.6066196889210514,2.8840317564502844,9.488773650062049,0.0438913569811347,0.0316142383831511,9.457159411678896,0.0122771185979835,15.05882788199476,-0.6529794069937781,0.6839062753559602,1.4822208561807713,1.0,9.488773650062043,0.0438913569811344,0.0316142383831511,9.457159411678894,0.0122771185979832,15.058827881994755,-0.6529794069937778,0.6839062753559605,1.4822208561807713,1.698243727045763,9.488773650062058,0.0438913569811339,0.031614238383151,9.457159411678909,0.0122771185979829,15.058827881994777,-0.6529794069937773,0.6839062753559616,1.4822208561807713,2.8840317564502844,9.48877365006205,0.043891356981134,0.0316142383831509,9.4571594116789,0.012277118597983,15.058827881994771,-0.6529794069937778,0.6839062753559596,1.482220856180771,1.4600000381469729,55.91904476894945,117947.73022901392,277836.0026431646,-277780.08359839563,-159888.27241415068,133253.0471654005,337179.1176563385,2190893.0478984364,1.4822208561807713,1.0,32.92757327671219,69452.76950770426,163601.96008144697,-163569.03250817026,-94149.19057374272,78465.20787739828,198545.7752557453,1290093.4130836602,1.4822208561807713,1.698243727045763,19.389191755022352,40896.82084276891,96335.9718921104,-96316.58270035536,-55439.15104934148,46203.73776002756,116912.41481028528,759663.2870502848,1.4822208561807713,2.8840317564502844,38.30071459020918,80786.1144215182,190298.6268293758,-190260.3261147856,-109512.5124078576,91269.20793323504,230944.59488170448,1500611.6360889843,1.482220856180771,1.4600000381469729,2.0845467109042417,0.0374194595209633,0.0273447887289744,2.0572019221752678,0.0100746707919889,2.607035202827748,-0.5784321208569464,0.6071364853802504,0.8512432424350269,1.0,6.011898912051803,0.1079189095676632,0.0788632390677856,5.933035672984018,0.0290556704998775,7.518772315139006,-1.6682166055023184,1.7510009043362569,2.455012543646324,1.698243727045763,17.338507378926376,0.3112415623146272,0.2274440858880254,17.111063293038352,0.0837974764266017,21.684378126380217,-4.8111896669063965,5.049942213678943,7.080334138359793,2.8840317564502844,4.443420001159384,0.0797633240830066,0.0582881547005946,4.38513184645879,0.021475169382412,5.557156528743084,-1.2329859732497344,1.294172199864965,1.814510190393774,1.4600000381469729,43.28866760298396,101603.9045026963,239326.74691370688,-239283.4582461039,-137722.84241101058,114784.3141574424,290427.5944705334,1887243.0208733487,0.8512432424350269,1.0,73.51470820139656,172548.1933383783,406435.14636430977,-406361.6316561084,-233886.95302593143,194931.7413403029,493216.8400363552,3204998.6189378216,2.455012543646324,1.698243727045763,124.84589202192022,293028.8867164329,690225.9372291032,-690101.0913370813,-397197.0505126703,331041.6066786075,837602.4038617683,5442868.794808212,7.080334138359793,2.8840317564502844,63.20145634343441,148341.70433430298,349417.0593557802,-349353.8578994368,-201075.3550214772,167585.1029212266,424024.2986044617,2755374.8799968017,1.814510190393774,1.4600000381469729,-0.16164162347794353,0.0020706586291038085,0.768261312398995,0.6045490302919476,0.16371228210704736,True
J0330-0020,26.972,11.69357844405934,-0.8357594506774846,4.504,4.0,11.579999923706056,3.801893295314423,1.7892131127149071,0.999996658127392,0.0017882201169328,11.702021527490963,-0.8350376838659108,J0330-0020,2.85,2.85,measured,0.0077416824833234,0.8350376838659594,3.801893295314423,12.31003759310812,0.0610441056420173,0.0440248218796271,12.266012771228493,0.0170192837623901,19.21694856831928,-0.7216670515048069,0.7540974059516532,1.4752844873479916,1.0,12.310037593108138,0.061044105642018,0.0440248218796272,12.26601277122851,0.0170192837623907,19.2169485683193,-0.7216670515048095,0.7540974059516559,1.475284487347992,1.949844428490238,12.310037593108108,0.0610441056420181,0.0440248218796274,12.26601277122848,0.0170192837623907,19.216948568319257,-0.7216670515048087,0.7540974059516558,1.4752844873479916,3.801893295314423,12.310037593108111,0.0610441056420183,0.0440248218796277,12.266012771228484,0.0170192837623905,19.216948568319264,-0.7216670515048109,0.7540974059516559,1.4752844873479911,1.5799999237060565,65.2342674327897,132684.78839325297,313084.5402504946,-313019.30598306184,-180399.75185724164,150113.0899272331,290667.03764816816,1884351.1763452075,1.4752844873479916,1.0,33.45613964646453,68048.91040768728,160568.98525157382,-160535.52911192735,-92520.07484388654,76987.21406958676,149071.91283591598,966411.0404241546,1.475284487347992,1.949844428490238,17.158363578318912,34899.66135522848,82349.6390381585,-82332.48067458018,-47449.97768293001,39483.77253132319,76453.23405800477,495634.9460576554,1.4752844873479916,3.801893295314423,41.287513044204736,83977.71837159031,198154.7822198189,-198113.4947067747,-114177.0638482286,95008.28951417316,183966.48876556417,1192627.3866055678,1.4752844873479911,1.5799999237060565,2.489793324084588,0.0489357821079452,0.0378996264168339,2.4518936976677543,0.0110361556911113,3.022118458570938,-0.6303627667966272,0.6489083320370709,0.8514971345680012,1.0,9.465928545555808,0.1860486218971661,0.1440903355690825,9.321838209986726,0.0419582863280836,11.489771905286815,-2.396571976699951,2.46708023684541,3.2373012468935247,1.949844428490238,35.98845027127396,0.7073370081933269,0.547816080719703,35.440634190554256,0.1595209274736239,43.68288677140184,-9.111510929953972,9.379575811465276,12.307873905477509,3.801893295314423,6.215519453983336,0.1221632746564045,0.0946126182498068,6.120906835733529,0.0275506564065976,7.544415791377398,-1.5736374590576667,1.6199346036527833,2.1256772414490883,1.5799999237060565,49.18086015097867,112943.35539761014,266477.3261849838,-266428.1453248328,-153533.97078737363,127768.32336451444,247363.81197041227,1603870.9278635108,0.8514971345680012,1.0,95.89502624576193,220221.9729706608,519589.3314911733,-519493.4364649276,-299367.3585205125,249128.3542652552,482320.9523054732,3127298.803428608,3.2373012468935247,1.949844428490238,186.9803825115511,429398.58603104914,1013118.3606828296,-1012931.380300318,-583719.7746517805,485761.5323845299,940450.8192758892,6097746.133649306,12.307873905477509,3.801893295314423,77.70575532273305,178450.49321642055,421034.1557662536,-420956.4500109309,-242583.66254983304,201873.9415130609,390834.8048019004,2534115.948367285,2.1256772414490883,1.5799999237060565,-0.02527039485974599,0.20862643439447698,0.8603080787257055,0.6264112494714824,0.23389682925422306,True
J0728+3835,14.216,13.272352005935884,-0.0686850158674614,6.011,4.0,11.6899995803833,4.897783461428336,1.7892131127149071,0.9999966581273916,0.0017882201169332,13.281699722793045,-0.0679809638200539,J0728+3835,3.1500000000000004,3.1500000000000004,measured,0.0083253380787269,0.06798096382005872,4.897783461428336,9.280121438134712,0.0437865726183004,0.031723903527552,9.24839753460716,0.0120626690907484,14.638794742037618,-0.6776777985117702,0.7083409870078514,1.480043553017984,1.0,9.280121438134724,0.0437865726183006,0.0317239035275518,9.24839753460717,0.0120626690907487,14.638794742037634,-0.6776777985117685,0.7083409870078506,1.480043553017984,2.213093640456349,9.280121438134715,0.0437865726183008,0.0317239035275521,9.248397534607165,0.0120626690907487,14.63879474203763,-0.6776777985117699,0.7083409870078541,1.480043553017984,4.897783461428336,9.280121438134715,0.043786572618301,0.0317239035275522,9.248397534607165,0.0120626690907488,14.638794742037634,-0.6776777985117707,0.7083409870078539,1.480043553017984,1.6899995803833008,52.46527653140212,109050.43595944658,257034.5614741072,-256982.0961975758,-147984.1255146606,123263.0242738518,318076.5407754304,2065085.5714474984,1.480043553017984,1.0,23.70675852380421,49275.11149861735,116142.65054796428,-116118.94378944044,-66867.53904934692,55697.157112579975,143724.84504233336,933121.6412301224,1.480043553017984,2.213093640456349,10.712044937377945,22265.26280561404,52479.772423303,-52469.060378365626,-30214.509617688964,25167.103696228,64942.95697829412,421636.76421995566,1.480043553017984,4.897783461428336,31.044550043394608,64526.90127483527,152091.49443286587,-152060.4498828225,-87564.5931580306,72936.71894752081,188211.01780848857,1221944.4297862898,1.480043553017984,1.6899995803833008,1.879578133214952,0.0351133338742332,0.0261872758475508,1.8533908573674007,0.0089260580266824,2.3261007550855446,-0.5712568658643624,0.5955683669071004,0.8110956811595161,1.0,9.205766695322543,0.1719775059248315,0.1282596065459958,9.077507088776548,0.0437178993788356,11.392737807873946,-2.7978924298578525,2.9169648975874773,3.972571012819032,2.213093640456349,45.08785187011858,0.842308584256337,0.628187779710288,44.459664090408296,0.2141208045460489,55.79916281579439,-13.703471269813331,14.28666243297098,19.456792605934663,4.897783461428336,5.368260440461537,0.1002871430768078,0.074793441406665,5.293466999054872,0.0254937016701427,6.643573067481192,-1.6315659243791547,1.7010019680262207,2.3165692245792284,1.6899995803833008,38.45343216933118,89477.49206248071,210888.77999715705,-210850.3265649877,-121411.28793467634,101134.27725290634,260951.01992377924,1694358.5856217493,0.8110956811595161,1.0,85.10104617586788,198022.0685220289,466716.61756358086,-466631.516517405,-268694.549041552,223819.6256816456,577509.0422341805,3749774.207824895,3.972571012819032,2.213093640456349,188.3365841174328,438241.38069022336,1032887.5787112528,-1032699.2421271352,-594646.1980210294,495333.7904388124,1278081.5890192364,8298601.454687197,19.456792605934663,4.897783461428336,64.98628425175144,151216.92420360146,356401.9501149913,-356336.96383073955,-205185.02591138985,170916.88631667077,441007.114649374,2863465.301691192,2.3165692245792284,1.6899995803833008,0.11122307974229144,0.25379271849414375,0.04324211592223272,0.18581175467408503,-0.1425696387518523,False
J0737+3216,21.785,18.1112446823946,-0.1846886610245066,8.415,4.0,11.960000038146973,9.120109194638909,1.7892131127149076,0.9999966581273916,0.001788220116933,18.123959516387348,-0.1839868664688668,J0737+3216,4.566666666666666,4.566666666666666,measured,0.0091639613174173,0.18398686646887627,9.120109194638909,6.735480354112512,0.0297109200108619,0.0201709137088632,6.715309440403648,0.0095400063019986,10.970924712482809,-0.5515143945213205,0.5879023694077183,1.4888425630736517,1.0,6.7354803541125206,0.0297109200108622,0.0201709137088633,6.715309440403657,0.0095400063019988,10.97092471248282,-0.5515143945213208,0.5879023694077203,1.4888425630736517,3.0199518530332417,6.735480354112521,0.0297109200108619,0.0201709137088633,6.715309440403658,0.0095400063019986,10.970924712482825,-0.55151439452132,0.5879023694077169,1.4888425630736517,9.120109194638909,6.735480354112517,0.0297109200108617,0.0201709137088632,6.7153094404036535,0.0095400063019985,10.97092471248282,-0.5515143945213203,0.5879023694077157,1.4888425630736517,1.9600000381469729,49.455595818380736,112869.35532161998,265212.3841047771,-265162.9285089587,-152343.02878315715,127256.00357073994,457864.99457927456,2984858.2231239285,1.4888425630736517,1.0,16.376286186113685,37374.55456421744,87820.0703049532,-87803.69401876708,-50445.51574073576,42138.42131822682,151613.34252683504,988379.4077159878,1.4888425630736517,3.0199518530332417,5.422697774447001,12375.877638749942,29079.957130966075,-29074.534433191628,-16704.079492216133,13953.34211472868,50203.89397944629,327283.16762522806,1.4888425630736517,9.120109194638909,25.23244634812136,57586.40456525,135312.43801785144,-135287.20557150332,-77726.03345260143,64926.53106627563,233604.58412243053,1522886.8163990832,1.4888425630736517,1.9600000381469729,1.71164256700866,0.0265767054659931,0.0177663878034133,1.6938761792052468,0.0088103176625798,2.2391492078537234,-0.5064288222233406,0.5488524133491262,0.86830625975364,1.0,15.610367113311,0.2423824558836159,0.1620313967614307,15.448335716549568,0.0803510591221851,20.421285278715136,-4.618686157989243,5.005593941485119,7.919047903341687,3.0199518530332417,142.36825264179686,2.210554464523304,1.477744031424107,140.89050861037276,0.7328104330991969,186.24435163675463,-42.12292209662904,45.65156333036712,72.22258159605256,9.120109194638909,6.575446341372887,0.102097075692336,0.0682513580423093,6.507194983330577,0.0338457176500267,8.60191593172459,-1.945497039182589,2.1084715131952603,3.3356854573127444,1.9600000381469729,40.22854367178121,99430.06588403352,233631.16356643115,-233590.93502275937,-134201.09768239764,112102.67131027914,403336.8278406483,2629430.5118735544,0.86830625975364,1.0,121.48826499509474,300274.0116894393,705554.8651955557,-705433.3769305607,-405280.8535061164,338544.669881978,1218057.8009776266,7940753.548637748,7.919047903341687,3.0199518530332417,366.8887111457362,906813.059082889,2130741.7254472217,-2130374.836736076,-1223928.666364333,1022388.6045313491,3678475.916218176,23980693.413594503,72.22258159605256,9.120109194638909,78.84794710793975,194882.9326200816,457917.08876348974,-457838.2408163818,-263034.1561434081,219721.23969214305,790540.1965931784,5153683.895136973,3.3356854573127444,1.9600000381469729,0.4251817216615763,0.21498259162340952,0.24119485519270004,0.03099572515453325,0.2101991300381668,True
J0819+4534,8.795,9.504888129156264,0.0776228279978816,6.379,4.0,11.399999618530272,2.511884225153631,1.789213112714907,0.9999966581273916,0.0017882201169331,9.500781009690517,0.0771906285841512,J0819+4534,,4.0,default_4,0.009080097432055,-0.07719062858415984,2.511884225153631,8.847025742325673,0.0395568242872784,0.0276062883860828,8.81941945393959,0.0119505359011956,14.26361548857174,-0.5906503488256957,0.6244236516097845,1.4866307276038329,1.0,8.84702574232568,0.0395568242872785,0.0276062883860827,8.819419453939597,0.0119505359011957,14.263615488571755,-0.590650348825695,0.6244236516097823,1.4866307276038333,1.5848924964027151,8.847025742325673,0.0395568242872784,0.0276062883860826,8.81941945393959,0.0119505359011957,14.26361548857175,-0.5906503488256951,0.6244236516097843,1.486630727603833,2.511884225153631,8.847025742325675,0.0395568242872788,0.0276062883860829,8.819419453939592,0.0119505359011958,14.263615488571745,-0.5906503488256973,0.6244236516097842,1.4866307276038329,1.3999996185302717,59.047319428972585,130253.08234749404,306352.8329379104,-306293.7856184814,-176099.75059041637,146970.58759280617,401350.7409725183,2613154.6995069706,1.4866307276038329,1.0,37.25635621924926,82184.17505494367,193295.65484570176,-193258.39848948253,-111111.4797907581,92732.21239412056,253235.3090794638,1648789.8748117606,1.4866307276038333,1.5848924964027151,23.507181906643893,51854.73152990137,121961.36643680044,-121937.8592548938,-70106.63490689907,58510.0960782823,159780.74792045317,1040316.535468255,1.486630727603833,2.511884225153631,42.17666818777828,93037.9410310342,218823.51103438635,-218781.33436619857,-125785.57000335216,104979.01941307363,286679.1779105907,1866539.574025429,1.4866307276038329,1.3999996185302717,2.258747408403172,0.0368948090548244,0.0255619157727125,2.233185492630459,0.0113328932821118,2.9015799256025026,-0.5652915330914281,0.6044305737628564,0.9143635461298728,1.0,5.673711983774568,0.0926754888548688,0.0642085729941823,5.609503410780385,0.0284669158606865,7.28843284314336,-1.419946884585266,1.5182596234354728,2.296775367579161,1.5848924964027151,14.251707630108438,0.2327900985129463,0.1612845016237118,14.090423128484726,0.0715055968892345,18.30769948478343,-3.566742179945772,3.813692397795261,5.769233814543529,2.511884225153631,4.427142507868009,0.0723137863395538,0.0501013276114485,4.37704118025656,0.0222124587281052,5.687093554959577,-1.107970801062779,1.1846832789737791,1.7921515737690457,1.3999996185302717,49.9009012588495,120487.92289582756,283380.0717392338,-283330.17083797493,-162892.14884340623,135949.9485043274,371244.61534503615,2417209.4392709117,0.9143635461298728,1.0,79.08756394842311,190960.4049342585,449126.9493505165,-449047.8617865681,-258166.54441625805,215466.0532788414,588382.8055006764,3831017.1043329816,2.296775367579161,1.5848924964027151,125.34528664668822,302651.71233712626,711817.9307463598,-711692.585459713,-409166.2184092335,341490.5304972329,932523.4911277612,6071750.248016958,5.769233814543529,2.511884225153631,69.86124265490585,168683.0455798643,396731.9910851971,-396662.12984254217,-228048.9455053328,190329.87544849387,519742.3182364673,3384092.282656725,1.7921515737690457,1.3999996185302717,-0.2182166881979077,-0.23023601808849625,0.14102605961374787,0.1530453895043364,-0.012019329890588543,False
J0822+2652,16.934,13.27234315362485,-0.2436410272092062,6.926,4.0,11.6899995803833,4.897783461428336,1.7892131127149076,0.999996658127392,0.0017882201169334,13.26801455856834,-0.2439672168666202,J0822+2652,3.85,3.85,measured,0.009010033581788,0.24396721686663672,4.897783461428336,8.13581243780261,0.0365720265362215,0.025721199121346,8.110091238681264,0.0108508274148754,13.07510508274993,-0.6030594679423568,0.6360992190608583,1.4858523103852932,1.0,8.135812437802613,0.0365720265362214,0.0257211991213461,8.110091238681267,0.0108508274148753,13.07510508274992,-0.6030594679423598,0.6360992190608566,1.4858523103852932,2.213093640456349,8.135812437802617,0.0365720265362208,0.0257211991213459,8.110091238681271,0.0108508274148748,13.075105082749936,-0.6030594679423562,0.6360992190608512,1.485852310385293,4.897783461428336,8.13581243780262,0.0365720265362211,0.0257211991213459,8.110091238681274,0.0108508274148752,13.075105082749936,-0.603059467942357,0.6360992190608554,1.4858523103852932,1.6899995803833008,52.8394690726698,115420.71625965436,271549.9591989317,-271497.11972985906,-156129.24293927735,130266.97162161744,386392.55606042536,2514755.627332156,1.4858523103852932,1.0,23.87583971986148,52153.561755446266,122701.52211187272,-122677.64627215288,-70547.96035642647,58861.93371775841,174593.85688127295,1136307.8229951295,1.4858523103852932,2.213093640456349,10.788445327594276,23565.908410366894,55443.43922634874,-55432.65078102115,-31877.530815981845,26597.12763547197,78891.31070878124,513447.6956744004,1.485852310385293,4.897783461428336,31.26596577430399,68296.29859699513,160680.4887110408,-160649.22274526648,-92384.19011404566,77081.06723756278,228634.70470803848,1488021.4468904857,1.4858523103852932,1.6899995803833008,1.93161529495684,0.0323007274079593,0.0226064976433593,1.9090087973134808,0.0096942297645999,2.4687937831285858,-0.5471736307345048,0.5830540972062146,0.8648118587176171,1.0,9.46063344548164,0.1582019684908081,0.1107217302784638,9.349911715203175,0.0474802382123442,12.0916173606843,-2.6799379591411627,2.855672714414628,4.235661218874246,2.213093640456349,46.3361340239157,0.7748389848396715,0.5422910593785844,45.79384296453712,0.2325479254610871,59.222123531079184,-13.125755813935518,13.986466591912,20.74535146601565,4.897783461428336,5.516883704308023,0.0922540617376125,0.0645663858563062,5.452317318451716,0.0276876758813063,7.051118422492804,-1.562781830682122,1.6652599800825498,2.469987923117037,1.6899995803833008,42.21786413588697,101301.66267201572,238326.85912824376,-238284.64126410784,-137025.19645622803,114329.68095782612,339108.4602915263,2207095.418876026,0.8648118587176171,1.0,93.4320865789289,224190.0646277749,527439.654463149,-527346.2223765701,-303249.5898353741,253022.2889771252,750478.773528662,4884508.814688167,4.235661218874246,2.213093640456349,206.77395686064108,496153.6089364477,1167273.351152688,-1167066.5771958274,-671119.7422162404,559962.0215467339,1660879.8117967644,10809875.461215012,20.74535146601565,4.897783461428336,71.34817262480325,171199.76697918074,402772.29088032513,-402700.9427077003,-231572.5239011444,193217.11234773224,573093.1540504128,3729990.322146265,2.469987923117037,1.6899995803833008,0.10820019238629419,0.11225935381554278,0.13576702448034253,0.13170786305109394,0.004059161429248587,True
J0841+3824,6.218,12.675044145686796,0.7121867207289594,8.844,4.0,11.649999618530272,4.466831997992276,1.7892131127149071,0.999996658127392,0.001788220116933,12.669370534721166,0.7117389999090513,J0841+3824,4.05,4.05,measured,0.0091004436738303,-0.7117389999091329,4.466831997992276,6.3841852672647965,0.0285000701406714,0.0198391259008997,6.364346141363897,0.0086609442397716,10.303352793851872,-0.5867299536215111,0.6207466512310699,1.4868681749852384,1.0,6.384185267264803,0.0285000701406714,0.0198391259008995,6.364346141363903,0.0086609442397719,10.303352793851886,-0.5867299536215125,0.6207466512310709,1.4868681749852388,2.1134881116278548,6.384185267264803,0.0285000701406716,0.0198391259008997,6.364346141363903,0.0086609442397718,10.303352793851886,-0.5867299536215127,0.6207466512310713,1.4868681749852388,4.466831997992276,6.3841852672648,0.0285000701406718,0.0198391259008997,6.3643461413639,0.008660944239772,10.303352793851884,-0.5867299536215127,0.6207466512310735,1.4868681749852384,1.6499996185302717,42.9906150872829,95136.97567611455,223738.91275077304,-223695.92213568572,-128601.93707465845,107339.02159898992,406343.679644713,2645997.424387805,1.4868681749852384,1.0,20.34107257352258,45014.19951773693,105862.39456803794,-105842.05349546442,-60848.19505030101,50787.61542813788,192262.10777615965,1251957.5607751424,1.4868681749852388,2.1134881116278548,9.624408330659024,21298.53459294798,50088.947421823694,-50079.32301349304,-28790.412828875717,24030.23480795798,90969.09861885585,592365.5581965353,1.4868681749852388,4.466831997992276,26.05492427163567,57658.78663559155,135599.3727979195,-135573.31787364787,-77940.58616232795,65053.96770848447,246268.9545608292,1603635.1788006576,1.4868681749852384,1.6499996185302717,1.4404958660091087,0.0237207451386233,0.0163458146676593,1.4241500513414491,0.0073749304709639,1.855663188368778,-0.501212250491341,0.5372457523864077,0.8071637079308299,1.0,6.434453027265097,0.1059565834014226,0.0730140079907517,6.3614390192743455,0.0329425754106708,8.288935707302057,-2.238830918280444,2.399786517545043,3.605464678203524,2.1134881116278548,28.74162067176598,0.4732902571354129,0.3261413071947566,28.415479364571222,0.1471489499406563,37.02528324667751,-10.000481583869522,10.719443204920644,16.105004992230427,4.466831997992276,3.921748181841642,0.0645796987790435,0.0445014598557746,3.877246721985868,0.0200782389232689,5.052040694332479,-1.3645497210116575,1.4626508845602075,2.1975021787436844,1.6499996185302717,32.35592616749367,78327.39808438826,184203.63544764247,-184171.279521475,-105876.2373632542,88372.1571719779,334533.38054251525,2178450.7997941608,0.8071637079308299,1.0,68.38386525110211,165544.0244208657,389312.19300598936,-389243.8091407383,-223768.16858512367,186773.5032796486,707032.3217739353,4604129.861168096,3.605464678203524,2.1134881116278548,144.52848634987018,349875.328649196,822806.694209894,-822662.1657235442,-472931.3655606981,394743.57997749705,1494304.4118933775,9730773.75869946,16.105004992230427,4.466831997992276,53.38726586291149,129240.17733671512,303935.92908818234,-303882.54182231944,-174695.75175146724,145814.0260352749,551979.9522321898,3594443.000730614,2.1975021787436844,1.6499996185302717,0.07764463369415726,0.049182381746284226,0.7893836336032902,0.7609213816554171,0.028462251947873107,True
J0903+4116,40.562,15.774254236515423,-0.9444525354449178,9.986,4.0,11.84000015258789,6.918312139914402,1.7892131127149076,0.9999966581273918,0.0017882201169334,15.767724165688126,-0.9448665913317952,J0903+4116,,4.0,default_4,0.0090800974320563,0.9448665913318339,6.918312139914402,5.65142972264125,0.0252686743569545,0.0176347399974786,5.633794982643772,0.0076339343594758,9.111516443180374,-0.5906503488256929,0.6244236516097814,1.486630727603833,1.0,5.651429722641248,0.0252686743569545,0.0176347399974787,5.633794982643769,0.0076339343594758,9.111516443180369,-0.5906503488256972,0.6244236516097814,1.4866307276038335,2.6302684539632835,5.651429722641233,0.0252686743569545,0.0176347399974787,5.633794982643755,0.0076339343594758,9.111516443180347,-0.5906503488256929,0.6244236516097812,1.486630727603833,6.918312139914402,5.651429722641244,0.0252686743569544,0.0176347399974787,5.633794982643765,0.0076339343594756,9.111516443180369,-0.5906503488256959,0.6244236516097823,1.4866307276038333,1.8400001525878904,37.719091768263134,83204.9279493253,195696.44672594,-195658.7276341717,-112491.51877661468,93883.9751851862,401350.7400365185,2613154.6936498345,1.486630727603833,1.0,14.340396214907429,31633.625804206236,74401.70095972279,-74387.36056350789,-42768.07515551656,35693.68562120452,152589.26890315447,993493.5318316616,1.4866307276038335,2.6302684539632835,5.452065623466882,12026.767001769233,28286.732838298856,-28281.28077267539,-16259.965836529624,13570.358421095523,58012.81195625295,377715.6404860398,1.486630727603833,6.918312139914402,20.49950469304466,45220.06574679731,106356.755615083,-106336.25611038996,-61136.6898682857,51023.895283234335,218125.38383964228,1420192.6488855863,1.4866307276038333,1.8400001525878904,1.2073971947568511,0.020110498014446,0.0138950408426618,1.1935021539141892,0.0062154571717842,1.5533350824959349,-0.4826385666602903,0.5169395417153113,0.7692995009584708,1.0,8.353150670184885,0.1391307025530668,0.0961302297463941,8.25702044043849,0.0430004728066726,10.74645695858652,-3.339044254916791,3.5763491070508167,5.322254076711077,2.6302684539632835,57.789703688074354,0.9625496285076934,0.6650589354672352,57.12464475260712,0.2974906930404583,74.3473436376569,-23.10055040450213,24.742299443881716,36.8210149906192,6.918312139914402,4.087764620550647,0.0680861133702247,0.0470430580793074,4.04072156247134,0.0210430552909172,5.258972127532329,-1.6340214022979618,1.7501508027050368,2.604540822424717,1.8400001525878904,27.111881170529266,65506.40001105319,154066.9631564894,-154039.85127531886,-88560.5631454362,73912.73345048123,315965.2606535144,2057280.2537418264,0.7692995009584708,1.0,71.31152579764198,172299.41766391293,405237.4734639459,-405166.16193814826,-232938.05580003295,194410.33136868072,831073.4584171474,5411199.357231682,5.322254076711077,2.6302684539632835,187.56845675775656,453193.7235438704,1065883.344113079,-1065695.775656321,-612689.6205692085,511351.362336415,2185946.305057304,14232906.99475668,36.8210149906192,6.918312139914402,49.88586548322464,120531.78590691248,283483.235477051,-283433.3496115678,-162951.44957013853,135999.44071349668,581376.1271076235,3785395.976460868,2.604540822424717,1.8400001525878904,0.25830633194780606,0.19118338419703812,0.6865602593840279,0.7536832071347959,-0.06712294775076799,False
J0912+0029,12.89,18.11130150197408,0.3400843188431066,11.286,4.0,11.960000038146973,9.120109194638909,1.7892131127149076,0.9999966581273916,0.001788220116933,18.10393876936026,0.3396777092135639,J0912+0029,4.966666666666666,4.966666666666666,measured,0.0091229702730837,-0.33967770921358653,9.120109194638909,5.031930868542307,0.022070016872204,0.0147287170966981,5.017202151445609,0.0073412997755058,8.243986166063104,-0.5295464751969442,0.5675283556985937,1.4899514031877488,1.0,5.031930868542304,0.0220700168722038,0.014728717096698,5.0172021514456056,0.0073412997755057,8.243986166063095,-0.5295464751969423,0.567528355698588,1.4899514031877488,3.0199518530332417,5.031930868542309,0.0220700168722039,0.014728717096698,5.017202151445611,0.0073412997755058,8.243986166063106,-0.529546475196944,0.5675283556985913,1.489951403187749,9.120109194638909,5.031930868542311,0.0220700168722038,0.0147287170966981,5.017202151445613,0.0073412997755056,8.243986166063106,-0.5295464751969431,0.5675283556985893,1.4899514031877488,1.9600000381469729,39.253654674457685,91510.668141977,214909.6514661517,-214870.39781147725,-123398.98332417473,103129.60787129244,497312.49128593627,3244288.752762151,1.4899514031877488,1.0,12.998106136705385,30302.0290023765,71163.27115328153,-71150.27304714483,-40861.24215090503,34149.421389187686,164675.6368465237,1074284.9328162286,1.4899514031877488,3.0199518530332417,4.304077271725486,10033.944387232925,23564.37270725558,-23560.068629983856,-13530.428320022656,11307.9356854071,54529.22579003585,355729.1581975179,1.489951403187749,9.120109194638909,20.027374465265087,46689.115711546925,109647.77973940175,-109627.7523649365,-62958.66402785485,52617.14609343843,253730.85938480264,1655249.3402818134,1.4899514031877488,1.9600000381469729,1.2180546850405538,0.0184367337151468,0.0120679786776051,1.2059867063629486,0.0063687550375417,1.611712302042683,-0.4552208972160345,0.4975644036534667,0.8052599568140326,1.0,11.108791732611357,0.1681450246746183,0.1100612832983319,10.998730449313024,0.0580837413762863,14.698992184972107,-4.151664290291723,4.537841692684987,7.344058736214193,3.0199518530332417,101.31339362191748,1.533500985567786,1.003770921782877,100.3096227001346,0.5297300637849089,134.0564137780896,-37.86363166694366,41.38561174527232,66.97861760611525,9.120109194638909,4.679279060194986,0.0708265589970656,0.0463603486924867,4.6329187115025,0.0244662103045788,6.191554220536405,-1.748776666817092,1.911443487479008,3.0934867705122486,1.9600000381469729,29.895134658744844,75028.38926016523,176200.19929104188,-176170.30415638312,-101171.81003087664,84554.0391736122,407732.29421701806,2659933.1095090704,0.8052599568140326,1.0,90.2818674057748,226582.12440050748,532116.1211296611,-532025.8392622554,-305533.9967291536,255349.12860349315,1231331.9057769403,8032869.974462255,7.344058736214193,3.0199518530332417,272.64689267257404,684267.1051621932,1606965.0630888934,-1606692.4161962208,-922697.9579267002,771142.0726951053,3718563.0620269934,24258880.511719286,66.97861760611525,9.120109194638909,58.594465138236345,147055.6465089752,345352.3989482403,-345293.8044831021,-198296.75243926517,165725.9207755467,799155.3166982642,5213469.023959602,3.0934867705122486,1.9600000381469729,0.45173552903538255,0.16791460532468694,0.7914132382489691,0.5075923145382735,0.28382092371069567,True
J0935-0003,20.926,18.11126926009622,-0.144458049373878,10.561,4.0,11.960000038146973,9.120109194638909,1.789213112714907,0.999996658127392,0.0017882201169329,18.10440432934307,-0.1448371631748912,J0935-0003,3.35,3.35,measured,0.0085885603812804,0.14483716317489878,9.120109194638909,5.300092392928321,0.0245161551777024,0.0176585921998116,5.282433800728509,0.0068575629778907,8.41132711636086,-0.652979406993782,0.6839062753559616,1.4822208561807717,1.0,5.300092392928317,0.0245161551777021,0.0176585921998114,5.282433800728505,0.0068575629778907,8.411327116360855,-0.6529794069937801,0.6839062753559643,1.4822208561807713,3.0199518530332417,5.300092392928319,0.0245161551777022,0.0176585921998114,5.282433800728507,0.0068575629778907,8.411327116360852,-0.65297940699378,0.6839062753559619,1.4822208561807713,9.120109194638909,5.30009239292832,0.0245161551777021,0.0176585921998114,5.282433800728508,0.0068575629778907,8.411327116360857,-0.6529794069937791,0.6839062753559585,1.4822208561807717,1.9600000381469729,31.234394945222064,65881.41839842212,155189.33600094117,-155158.10160599594,-89307.91760251905,74430.42555035143,337179.11710529507,2190893.04449789,1.4822208561807717,1.0,10.342679771516195,21815.387010705897,51388.01662981088,-51377.67395003936,-29572.629619104977,24646.22920916544,111650.49439141164,725472.8396555308,1.4822208561807713,3.0199518530332417,3.4247830040480416,7223.75326920989,17016.170879606223,-17012.746096602175,-9792.417610396333,8161.133183581155,36970.951902983565,240226.6251038694,1.4822208561807713,9.120109194638909,15.935915479010577,33612.96794376886,79178.23116726396,-79162.29525178495,-45565.2632234951,37974.70620012323,172030.15866058727,1117802.553309264,1.4822208561807717,1.9600000381469729,0.937765445994812,0.0173274397719947,0.0126179166650741,0.9251475293297378,0.0047095231069206,1.1735583837984438,-0.4795575049618408,0.5043579553119703,0.6934364191020135,1.0,8.552523266431932,0.15802814278412,0.115076777794329,8.437446488637603,0.042951364989791,10.702980606525744,-4.3736168103605655,4.599799625629983,6.324215861749753,3.0199518530332417,77.99994607954906,1.4412339180171667,1.049512779251481,76.95043330029758,0.391721138765686,97.61235183961736,-39.88786288599672,41.95067485920463,57.67753922962515,9.120109194638909,3.602519877563485,0.0665650952191731,0.0484729905473829,3.554046887016102,0.0180921046717902,4.508342062689478,-1.842268182772577,1.9375415965461973,2.663905451316096,1.9600000381469729,19.9578822368156,46893.954125526754,110458.13237125616,-110438.17448901934,-63564.1782457294,52977.20012911216,239977.75052649784,1559412.2194403645,0.6934364191020135,1.0,60.27184343518561,141617.48372018966,333578.2416316357,-333517.9697882005,-191960.75791144604,159988.5937417269,724721.2530859101,4709349.825922355,6.324215861749753,3.0199518530332417,182.01806541988736,427677.9835687148,1007390.231879496,-1007208.2138140762,-579712.2483107813,483157.8515350407,2188623.297392154,14222009.772090131,57.67753922962515,9.120109194638909,39.11744994708236,91912.15194966256,216497.94381099293,-216458.82636104585,-124585.79186133036,103835.31434443907,470356.4007888439,3056448.0132575072,2.663905451316096,1.9600000381469729,0.4271669116635067,0.4001164696147215,0.2823297484886079,0.2552793064398228,0.02705044204878515,True
J0936+0913,10.933,13.120446372218384,0.1823860667575783,6.687,4.0,11.68000030517578,4.786304286528679,1.7892131127149071,0.9999966581273916,0.0017882201169331,13.116307414594004,0.18207055839154,J0936+0913,4.300000000000001,4.300000000000001,measured,0.0091387687815895,-0.18207055839155523,4.786304286528679,8.46104308538597,0.0375219137225511,0.0257955328799061,8.435247552506064,0.0117263808426449,13.719912958246642,-0.5685718536249007,0.6037752415090736,1.4879197246478404,1.0,8.461043085385972,0.0375219137225512,0.0257955328799061,8.435247552506066,0.0117263808426451,13.719912958246644,-0.5685718536249001,0.6037752415090759,1.4879197246478404,2.187762392612296,8.461043085385976,0.0375219137225511,0.0257955328799062,8.43524755250607,0.0117263808426448,13.719912958246644,-0.5685718536249003,0.6037752415090751,1.4879197246478404,4.786304286528679,8.461043085385969,0.0375219137225512,0.0257955328799062,8.435247552506063,0.011726380842645,13.719912958246631,-0.5685718536249029,0.6037752415090734,1.4879197246478402,1.6800003051757797,59.48467856207217,133681.90948011706,314247.42161939613,-314187.93694083404,-180565.51213927908,150772.8057499992,431312.9166786532,2810229.1686174204,1.4879197246478404,1.0,27.18973447111606,61104.40038079147,143638.7342585135,-143611.54452404237,-82534.33387772202,68916.4444609978,197147.9703979498,1284522.1082294732,1.4879197246478404,2.187762392612296,12.42810213530151,27930.08985352184,65655.54575117475,-65643.11764903946,-37725.45589765292,31500.88167938905,90113.97687551606,587139.6766008313,1.4879197246478404,4.786304286528679,35.40754034041179,79572.55062679137,187052.00253927213,-187016.5949989317,-107479.45191248076,89745.701330859,256733.83185015828,1672755.15071011,1.4879197246478402,1.6800003051757797,2.2574322517260788,0.0356856960101336,0.0242485989190078,2.233183652807071,0.0114370970911257,2.928143354413339,-0.5545648179005991,0.5971670033361214,0.929786872315062,1.0,10.804757662984624,0.170802599781062,0.1160611729483619,10.688696490036262,0.0547414268327,14.014985088799046,-2.654315965075626,2.858222987841171,4.450242892519672,2.187762392612296,51.7148579172469,0.8175132154823402,0.5555040895822935,51.15935382766461,0.2620091259000467,67.07998320615441,-12.70436388144299,13.680324938558998,21.300216632560712,4.786304286528679,6.371379102021754,0.1007193450107829,0.0684392704532962,6.302939831568458,0.0322800745574867,8.264394805987221,-1.5652043106882687,1.6854447625453677,2.624231421816855,1.6800003051757797,51.38234307520285,125624.43262759772,295302.5552499324,-295251.1729068572,-169678.1226223347,141683.53952964334,405302.8084496395,2640818.266551866,0.929786872315062,1.0,112.4123577804868,274836.4086711472,646051.823407413,-645939.4110496325,-371215.4147362658,309969.91876561294,886706.23935141,5777482.873344811,4.450242892519672,2.187762392612296,245.93152874286287,601276.7572699448,1413407.879016417,-1413161.9474876742,-812131.1217464723,678140.5292596945,1939902.556456661,12639759.70947758,21.300216632560712,4.786304286528679,86.32235207188532,211049.0849253712,496108.382513345,-496022.0601612731,-285059.2975879738,238028.3894493672,680908.8405871944,4436575.485922054,2.624231421816855,1.6800003051757797,0.10396276640536888,0.01970830458058872,0.2860333247969241,0.20177886297214395,0.08425446182478016,True
J0946+1006,17.706,11.829080313405298,-0.4033426321136346,8.406,4.0,11.59000015258789,3.890452816839944,1.7892131127149065,0.9999966581273918,0.001788220116933,11.823682944946782,-0.4037990158767699,J0946+1006,3.65,3.65,measured,0.0088811327771859,0.40379901587679823,3.890452816839944,6.687580352138256,0.0303335276286038,0.0215525867577219,6.666027765380534,0.0087809408708818,10.69780662273386,-0.6212897866939224,0.6533762304162348,1.484627129679367,1.0,6.687580352138251,0.0303335276286034,0.0215525867577217,6.666027765380528,0.0087809408708816,10.697806622733848,-0.6212897866939211,0.6533762304162355,1.484627129679367,1.9724230826168971,6.687580352138247,0.030333527628604,0.0215525867577219,6.666027765380525,0.008780940870882,10.697806622733845,-0.6212897866939218,0.6533762304162362,1.4846271296793665,3.890452816839944,6.687580352138253,0.0303335276286034,0.0215525867577216,6.666027765380532,0.0087809408708817,10.697806622733856,-0.6212897866939207,0.6533762304162338,1.4846271296793665,1.5900001525878906,41.82591458162684,90128.54624277128,212140.0279625673,-212098.2020479857,-122011.48171979602,101758.82684759892,366543.4443222295,2384161.91471002,1.484627129679367,1.0,21.205346339214326,45694.32753926063,107553.00429684398,-107531.79895050476,-61858.67675758335,51590.77070993914,185834.08817227895,1208747.7277010889,1.484627129679367,1.9724230826168971,10.750911660630775,23166.595336498613,54528.36406343969,-54517.613151779056,-31361.768726941074,26156.03670059804,94216.13907785284,612823.7567329119,1.4846271296793665,3.890452816839944,26.305604120669905,56684.61473079879,133421.3881737436,-133395.08256962293,-76736.7734429448,63999.25590425797,230530.4455073183,1499472.755354697,1.4846271296793665,1.5900001525878906,1.394915568091836,0.0242365245642603,0.0172069816546603,1.377708586437176,0.0070295429095999,1.7697569565726317,-0.5113966783941075,0.5423825745569226,0.7803681636469123,1.0,5.4268532011367725,0.0942910552614359,0.066942950247686,5.359910250889087,0.0273481050137498,6.885155936820075,-1.9895646479809443,2.11011381498988,3.0359855204323454,1.9724230826168971,21.112916322939405,0.3668349015446696,0.2604383893586886,20.852477933580715,0.106396512185981,26.786374308783916,-7.740307389022639,8.20929823538027,11.811358419851302,3.890452816839944,3.5264867245471776,0.0612723695111825,0.0435009786704818,3.482985745876696,0.0177713908407006,4.474123420649583,-1.2928621907929028,1.3711976499173852,1.972849133173426,1.5900001525878906,30.17449177456436,71804.19725065515,169004.3795128868,-168974.20502111226,-97200.18226223164,81067.95792531627,292000.622455027,1899388.1148902175,0.7803681636469123,1.0,59.516864102715445,141628.2563064646,333348.1397131843,-333288.6228490816,-191719.8834067197,159900.3117092795,575948.7690093373,3746396.967678946,3.0359855204323454,1.9724230826168971,117.39243643532356,279350.84096100787,657503.5631121458,-657386.1706757104,-378152.7221511379,315391.0646821149,1136014.6421190186,7389479.829133066,11.811358419851302,3.890452816839944,47.977446505749256,114168.68436786153,268716.9886969195,-268669.0112504138,-154548.30432905798,128898.06522510084,464281.033259273,3020027.386299018,1.972849133173426,1.5900001525878906,-0.007625130636304594,0.060545495370714346,0.41142414651310283,0.3432535205060839,0.06817062600701895,True
J0955+0101,3.7,6.136895563285108,0.505986186060156,2.972,4.0,11.020000457763672,1.047129651766654,1.7892131127149071,0.9999966581273918,0.0017882201169327,6.141180765435188,0.5066842110942646,J0955+0101,3.95,3.95,measured,0.0090629906528052,-0.5066842110943721,1.047129651766654,18.97964343327917,0.0850038912477614,0.0594759003922532,18.920167532886914,0.0255279908555082,30.56813172776595,-0.5946758870821647,0.6282047977290174,1.4863827763517137,1.0,18.97964343327919,0.0850038912477597,0.059475900392252,18.92016753288694,0.0255279908555076,30.568131727766005,-0.5946758870821611,0.6282047977290155,1.4863827763517137,1.0232935315766702,18.979643433279183,0.08500389124776,0.0594759003922525,18.92016753288693,0.0255279908555075,30.568131727766,-0.5946758870821608,0.6282047977290193,1.4863827763517137,1.047129651766654,18.97964343327917,0.0850038912477623,0.0594759003922532,18.920167532886914,0.0255279908555091,30.568131727765973,-0.594675887082166,0.6282047977290193,1.4863827763517137,1.020000457763672,125.5405995278998,276037.208208291,649298.4335470952,-649172.8929475673,-373261.2253388042,311490.716831978,396360.4737591904,2580328.5283179064,1.4863827763517137,1.0,122.68288195978032,269753.692110374,634518.2624744187,-634395.5795924589,-364764.5703640448,304400.1620971066,387338.00380550337,2521591.751674014,1.4863827763517137,1.0232935315766702,119.89021529150182,263613.2083678409,620074.5339604724,-619954.6437451809,-356461.32559263153,297471.0103975849,378520.9131931284,2464192.0063105896,1.4863827763517137,1.047129651766654,123.07896389448452,270624.592268724,636566.8055378093,-636443.7265739148,-365942.2132690853,305382.9184315205,388588.52502179774,2529732.713829578,1.4863827763517137,1.020000457763672,7.257597620434798,0.1151321035375199,0.0804505684410522,7.177147051993746,0.0346815350964677,9.287911306330733,-0.8258918517949811,0.8792013373358929,1.363361057770353,1.0,7.599645668948369,0.1205582394844033,0.0842421757161073,7.515403493232262,0.036316063768296,9.72564733183765,-0.8648158471669916,0.9206377901973046,1.4276157896552846,1.0232935315766702,7.957814322875895,0.1262401073289048,0.088212480121673,7.869601842754221,0.0380276272072317,10.184013703792486,-0.9055743168862536,0.9640271286525312,1.4948988246783166,1.047129651766654,7.550811341721536,0.1197835480351811,0.0837008465338766,7.46711049518766,0.0360827015013045,9.663151596511945,-0.8592586538567764,0.9147218923959703,1.4184421176627746,1.020000457763672,154.937023610955,372846.7429053939,876997.8481393219,-876842.911115711,-504151.105233928,420727.16987070674,535343.5452076215,3485226.675795345,1.363361057770353,1.0,158.54605408605562,381531.6603497284,897426.2253600033,-897267.6793059172,-515894.5650102749,430527.391560343,547813.5870773755,3566409.914037931,1.4276157896552846,1.0232935315766702,162.23915138319313,390418.8784640812,918330.447458666,-918168.2083072828,-527911.5689945847,440555.893031626,560574.0976065814,3649484.179988344,1.4948988246783166,1.047129651766654,158.0358349873157,380303.8481470065,894538.2058691263,-894380.170034139,-514234.3577221197,429141.9055329879,546050.6606831789,3554932.8017014973,1.4184421176627746,1.020000457763672,-0.6552728113342364,-0.8657871186349804,0.1485886002398643,0.35910290754060825,-0.21051430730074394,False
J0956+5100,19.217,15.238727800587103,-0.231955234827994,8.334,4.0,11.8100004196167,6.456548528681109,1.7892131127149071,0.9999966581273918,0.0017882201169332,15.23341520531518,-0.2323039202043206,J0956+5100,4.666666666666667,4.666666666666667,measured,0.0091643463168532,0.23230392020433446,6.456548528681109,6.804759794596764,0.0299671270158988,0.0202539596276924,6.784505834969072,0.0097131673882063,11.100957986666735,-0.5456486048821894,0.5824558064416122,1.4891469025460744,1.0,6.80475979459676,0.0299671270158983,0.0202539596276923,6.784505834969068,0.009713167388206,11.100957986666732,-0.5456486048821861,0.582455806441616,1.489146902546074,2.5409739330975256,6.804759794596759,0.0299671270158986,0.0202539596276923,6.784505834969067,0.0097131673882062,11.100957986666728,-0.54564860488219,0.5824558064416141,1.4891469025460744,6.456548528681109,6.8047597945967615,0.0299671270158987,0.0202539596276923,6.784505834969069,0.0097131673882064,11.100957986666732,-0.5456486048821875,0.5824558064416185,1.4891469025460744,1.8100004196166992,50.75204447309033,116468.94064818873,273631.1433074638,-273580.3912629907,-157162.20265927506,131299.01014351423,467778.2365562259,3050054.2268146374,1.4891469025460744,1.0,19.97346125766695,45836.33796556288,107687.50444515454,-107667.53098389688,-61851.16647959166,51672.71008801391,184094.07003920004,1200348.4830637884,1.489146902546074,2.5409739330975256,7.860553382385361,18038.885509700223,42380.40492422683,-42372.54437084444,-24341.519414526607,20335.789081194765,72450.19999642325,472397.006872681,1.4891469025460744,6.456548528681109,28.039797035169883,64347.46568988657,151177.39122836743,-151149.35143133227,-86829.92553848086,72540.87230495283,258440.9528067837,1685112.4297294994,1.4891469025460744,1.8100004196166992,1.7652286076555104,0.0271425411801147,0.0180521856038133,1.747176422051697,0.0090903555763013,2.315184194748292,-0.5074986550616887,0.551056784794353,0.8797349810269912,1.0,11.397284169544,0.1752471343211347,0.1165548123997792,11.28072935714422,0.0586923219213554,14.948099106227858,-3.2766896946461754,3.5579248730837367,5.680051597379125,2.5409739330975256,73.58711833582987,1.1314916272567042,0.7525418025104976,72.83457653331938,0.3789498247462065,96.51312729089496,-21.15610602691236,22.97191460446666,36.673528783890994,6.456548528681109,5.783068122944768,0.0889217203900366,0.0591407926781508,5.723927330266617,0.0297809277118857,7.584778457208916,-1.6626171147444615,1.8053179697270048,2.882101107671073,1.8100004196166992,41.85027880694169,103835.84636185228,243948.62630021985,-243906.7760214129,-140112.77993836754,117056.3441245756,417029.5816114626,2719201.2318995427,0.8797349810269912,1.0,106.34046739734856,263844.1773656705,619867.0968373949,-619760.7563699975,-356022.9194717244,297437.11740855686,1059661.2886191723,6909419.402173884,5.680051597379125,2.5409739330975256,270.2083554939801,670421.1755750625,1575066.131266638,-1574795.922911144,-904644.9556915754,755779.9602611128,2692571.706434739,17556654.55680116,36.673528783890994,6.456548528681109,75.74902208351367,187942.92427883373,441547.1131483541,-441471.3641262706,-253604.1888695204,211872.03064141373,754823.7120134281,4921755.335416628,2.882101107671073,1.8100004196166992,0.24553164194651264,0.07085561539713123,0.013227721742178178,0.16144830480720324,-0.14822058306502506,False
J0959+4416,13.567,13.738734193593542,0.0125787833989887,7.441,4.0,11.720000267028809,5.248077829311783,1.7892131127149071,0.9999966581273918,0.001788220116933,13.734021912067178,0.012235732155462,J0959+4416,3.45,3.45,measured,0.0087105748452182,-0.012235732155462956,5.248077829311783,7.53404069644567,0.0345858114932567,0.0248086029068419,7.509232093538828,0.0097772085864148,11.989970436408164,-0.6417667496989372,0.673016326228361,1.4831169869868286,1.0,7.534040696445676,0.0345858114932565,0.0248086029068417,7.509232093538834,0.0097772085864147,11.989970436408177,-0.6417667496989365,0.6730163262283609,1.4831169869868288,2.2908683570453765,7.534040696445675,0.0345858114932572,0.024808602906842,7.5092320935388335,0.0097772085864152,11.98997043640817,-0.6417667496989401,0.6730163262283637,1.4831169869868284,5.248077829311783,7.534040696445672,0.0345858114932566,0.0248086029068417,7.50923209353883,0.0097772085864148,11.989970436408164,-0.6417667496989379,0.673016326228364,1.4831169869868284,1.7200002670288086,45.305604338592566,96255.565386671,226675.6030365497,-226630.2974322111,-130420.03764987872,108721.36949494889,346892.39329438505,2254836.057800935,1.4831169869868286,1.0,19.77660750170205,42017.06526640801,98947.45897905836,-98927.68237155666,-56930.39371265034,47458.58444530501,151423.9749692754,984271.3343110206,1.4831169869868288,2.2908683570453765,8.63279962386357,18341.10854969075,43192.11906636714,-43183.48626674328,-24851.010516676382,20716.41708888156,66098.9420385545,429649.8879601186,1.4831169869868284,5.248077829311783,26.34046354275853,55962.52922171071,131788.1205992239,-131761.78013568115,-75825.5913775132,63210.08861579584,201681.592216404,1310950.9899194287,1.4831169869868284,1.7200002670288086,1.552983825160455,0.0277181846944984,0.0200365117106927,1.5329473134497624,0.0076816729838057,1.9521953309022992,-0.5324275062333401,0.5611020804432869,0.790645779851057,1.0,8.150179982104405,0.1454671905639665,0.1051531728856324,8.045026809218772,0.040314017678334,10.24527303459436,-2.794220991178954,2.9447073883551287,4.149370588075258,2.2908683570453765,42.77277886898288,0.7634231376910349,0.551852035302881,42.22092683368,0.2115711023881539,53.7679902681006,-14.664289234003885,15.454053558637185,21.776219788876148,5.248077829311783,4.594348774893307,0.0820015030615514,0.0592760346500357,4.535072740243272,0.0227254684115156,5.775376460187365,-1.5751340235175326,1.659964910200109,2.3390472013821157,1.7200002670288086,32.85473172130871,77486.90809707835,182470.0232205949,-182437.1684888736,-104983.11512351656,87519.33230171657,279228.26509512746,1815119.149602055,0.790645779851057,1.0,75.26586527335758,177512.30563844307,418014.8018418368,-417939.5359765634,-240502.4962033937,200495.26878023645,639675.1959047047,4158199.018040072,4.149370588075258,2.2908683570453765,172.42418902003698,406657.3234236855,957616.8809980764,-957444.4568090565,-550959.5575743909,459308.2663565632,1465411.6629656286,9525886.539416848,21.776219788876148,5.248077829311783,56.51014731796218,133277.50236660958,313848.48809005995,-313791.977942742,-180570.9857234504,150533.27465656618,480272.6893800651,3122005.4149741,2.3390472013821157,1.7200002670288086,0.14713265133188871,0.22094694305990334,0.15936838348735166,0.2331826752153663,-0.07381429172801462,False
J0959+0410,5.054,7.127653798835318,0.3438021108359625,2.91,4.0,11.149999618530272,1.412536303897626,1.7892131127149071,0.999996658127392,0.001788220116933,7.1327790263265305,0.3445209147845838,J0959+0410,2.75,2.75,measured,0.0074795686488241,-0.3445209147846414,1.412536303897626,19.009892615060508,0.0967261441802468,0.0691591091647167,18.940733505895796,0.0275670350155301,29.56029112384496,-0.738602724410514,0.7728248655996391,1.4730632363419387,1.0,19.00989261506047,0.0967261441802456,0.0691591091647164,18.940733505895757,0.0275670350155292,29.560291123844884,-0.7386027244105142,0.7728248655996385,1.4730632363419385,1.1885017054668563,19.0098926150605,0.096726144180246,0.0691591091647169,18.940733505895786,0.0275670350155291,29.560291123844934,-0.7386027244105176,0.7728248655996369,1.4730632363419385,1.412536303897626,19.009892615060508,0.0967261441802453,0.069159109164716,18.940733505895796,0.0275670350155293,29.560291123844948,-0.7386027244105113,0.7728248655996407,1.4730632363419387,1.1499996185302717,98.53715051487396,199081.5844718145,469955.711960447,-469857.1748099321,-270874.1274886325,225310.4249096668,282031.89877954434,1827315.7181294372,1.4730632363419387,1.0,82.90871611617521,167506.35154301795,395418.62650064775,-395335.7177845316,-227912.2749576298,189575.18014205576,237300.37369591396,1537495.2430500195,1.4730632363419385,1.1885017054668563,69.75902157878507,140939.0922145665,332703.4572260412,-332633.6982044624,-191764.36501147467,159507.70553243512,199663.46909495664,1293641.5951485797,1.4730632363419385,1.412536303897626,85.68450715414221,173114.4790065787,408657.27709600906,-408571.5925888549,-235542.79808943035,195922.1739416438,245245.21124096072,1588970.7199355257,1.4730632363419387,1.1499996185302717,4.582801911823543,0.0899736382595726,0.0708335027420161,4.511968409081526,0.0191401355175565,5.52850265853168,-0.7645581717645087,0.7825036423819126,1.024383507251629,1.0,6.473374074022202,0.1270910304353985,0.1000548941553293,6.373319179866873,0.0270361362800692,7.809210711370543,-1.0799661740589672,1.105314802796577,1.4469788931069043,1.1885017054668563,9.1438758882661,0.179520694389758,0.1413311703770375,9.002544717889062,0.0381895240127204,11.03079363459718,-1.5254914278397165,1.5612972861856078,2.043910217487106,1.412536303897626,6.060751507526845,0.1189900576571914,0.0936772452284,5.967074262298445,0.0253128124287913,7.311439915309219,-1.0111275113503353,1.034860380496855,1.3547462895664428,1.1499996185302717,87.9769681214023,201029.58266546868,474500.04194991454,-474412.0649817931,-273470.45928444585,227492.9013286389,284712.6856959324,1845031.3267378528,1.024383507251629,1.0,104.56077663956933,238924.0018634988,563944.1091122581,-563839.5483356185,-325020.10724875925,270375.7012146986,338381.51259681163,2192822.878926825,1.4469788931069043,1.1885017054668563,124.2706613641584,283961.5835577459,670248.5351750713,-670124.2645137071,-386286.9516173254,321341.9818720797,402167.00455344457,2606173.729775902,2.043910217487106,1.412536303897626,101.17347981025398,231183.94378243637,545674.8681749953,-545573.694695185,-314490.924392559,261616.75019311716,327419.4806306671,2121785.3261654675,1.3547462895664428,1.1499996185302717,-0.5053817530558322,-0.15352136516708265,0.1608608382711908,0.19099954961755877,-0.030138711346367975,False
J1016+3859,8.984,10.421898259797375,0.1484639769419398,4.191,4.0,11.479999542236328,3.0199485372543653,1.7892131127149071,0.9999966581273916,0.0017882201169331,10.429375942377712,0.1491812168408923,J1016+3859,4.25,4.25,measured,0.0091283829740362,-0.1491812168409076,3.0199485372543653,13.494988311535549,0.0599164631387001,0.0412921857099575,13.453696125825587,0.0186242774287425,21.862910725684245,-0.5720227245662556,0.6069939004965628,1.4877256803159296,1.0,13.494988311535517,0.0599164631386998,0.0412921857099575,13.45369612582556,0.0186242774287423,21.8629107256842,-0.5720227245662559,0.6069939004965594,1.4877256803159298,1.7377999128939918,13.494988311535533,0.0599164631386988,0.041292185709957,13.453696125825577,0.0186242774287418,21.862910725684223,-0.5720227245662529,0.6069939004965575,1.4877256803159298,3.0199485372543653,13.494988311535542,0.0599164631387007,0.041292185709958,13.453696125825584,0.0186242774287426,21.862910725684248,-0.5720227245662601,0.6069939004965623,1.4877256803159296,1.479999542236328,94.07884359946954,210791.89932783204,495552.5201043223,-495458.4412607228,-284760.62077649025,237757.5327644668,426321.5847945689,2777400.6428028103,1.4877256803159296,1.0,54.136752354005615,121298.14091196696,285160.8605787904,-285106.7238264364,-163862.7196668234,136815.25146794264,245322.5944816432,1598228.0888794274,1.4877256803159298,1.7377999128939918,31.15246582341799,69799.83161899836,164093.03475763666,-164061.88229181324,-94293.2031386383,78729.0014779565,141168.49332985203,919684.7593262898,1.4877256803159298,3.0199485372543653,63.56680584765209,142427.00288128448,334832.8869908177,-334769.32018497004,-192405.8841095332,160647.03108158294,288055.2135817888,1876622.634028731,1.4877256803159296,1.479999542236328,4.517367604290953,0.0703635575195322,0.0481018009659501,4.469265803325003,0.022261756553582,5.840672165346547,-0.6883299547047802,0.7389449139068962,1.1663738610907723,1.0,13.642217688818668,0.2124943226071244,0.1452649634664213,13.496952725352244,0.067229359140703,17.638529362320504,-2.0787210398590616,2.231575611864675,3.522389035692801,1.7377999128939918,41.198795354253605,0.6417219187322348,0.4386927139347237,40.76010264031888,0.2030292047975111,53.267450947058045,-6.27763056368222,6.739243504823232,10.637433615981289,3.0199485372543653,9.894835879494972,0.1541242410495538,0.1053621196588272,9.789473759836143,0.0487621213907265,12.793400396979584,-1.5077170001118576,1.6185839381658953,2.55482372491967,1.479999542236328,100.64756768497958,245406.42492319967,576919.7608367407,-576819.1132690557,-331513.335913541,276796.7291526395,496311.4608717817,3233446.0352841807,1.1663738610907723,1.0,174.9053342056538,426467.2626072682,1002571.1072363876,-1002396.201902182,-576103.8446291194,481017.3304332346,862490.0104903021,5619082.219925463,3.522389035692801,1.7377999128939918,303.95047479188327,741114.7742277272,1742267.9885047018,-1741964.0380299098,-1001153.2142769746,835911.8776320508,1498835.0707862012,9764840.627570117,10.637433615981289,3.0199485372543653,148.95835402640316,363201.3960977263,853840.980856102,-853692.0225020755,-490639.5847583757,409659.03191789833,734540.7339410649,4785498.646053209,2.55482372491967,1.479999542236328,-0.12479522993920403,-0.1930117756198803,0.02438598690170357,0.04383055877897271,-0.01944457187726914,False
J1020+1122,21.84,15.06426378096754,-0.371417848989565,6.782,4.0,11.800000190734863,6.309576215861531,1.7892131127149065,0.9999966581273916,0.0017882201169333,15.074920558051543,-0.3707106780583116,J1020+1122,4.05,4.05,measured,0.0091004436738286,0.37071067805833274,6.309576215861531,8.32523363369064,0.0371652344919055,0.0258710158459978,8.299362617844642,0.0112942186459077,13.435985271133308,-0.586729953621513,0.6207466512310746,1.4868681749852388,1.0,8.325233633690642,0.0371652344919053,0.0258710158459978,8.299362617844643,0.0112942186459075,13.435985271133305,-0.58672995362151,0.620746651231072,1.4868681749852388,2.511886983098868,8.325233633690639,0.0371652344919044,0.0258710158459974,8.299362617844642,0.011294218645907,13.4359852711333,-0.586729953621508,0.6207466512310724,1.4868681749852386,6.309576215861531,8.325233633690644,0.0371652344919051,0.0258710158459978,8.299362617844645,0.0112942186459072,13.435985271133305,-0.5867299536215116,0.62074665123107,1.486868174985239,1.8000001907348633,56.06148621768754,124062.4314731862,291764.5146006747,-291708.453114457,-167702.08312748847,139974.38867520605,406343.6782552989,2645997.415755444,1.4868681749852388,1.0,22.318474741308528,49390.13265438429,116153.51970744078,-116131.20123269947,-66763.38705305649,55724.79551134933,161768.29628474684,1053390.311805719,1.4868681749852388,2.511886983098868,8.885142889386087,19662.561725725856,46241.53911485362,-46232.65397196424,-26578.977389127765,22184.435889077664,64401.10486700891,419362.146236975,1.4868681749852386,6.309576215861531,31.145266822181693,68923.56581167356,162091.37998961358,-162060.2347227914,-93167.81417794002,77763.54110205067,225746.46432840097,1469998.4105546903,1.486868174985239,1.8000001907348633,2.092425418480941,0.0340609798118461,0.0235097114753974,2.068915707005544,0.0105512683364486,2.693007462086142,-0.551693410705242,0.5907468706782071,0.8963237479389821,1.0,13.20231765391148,0.2149103481097637,0.1483363163669351,13.053981337544544,0.0665740317428286,16.99173583191638,-3.480951622633314,3.7273624048258296,5.6554230017076685,2.511886983098868,83.30102946336862,1.3559932209758607,0.9359392936973128,82.3650901696713,0.4200539272785478,107.2106522712616,-21.96332956673169,23.51807717738549,35.683322462210924,6.309576215861531,6.779459792632843,0.1103575979782007,0.0761714813231262,6.703288311309716,0.0341861166550744,8.725346026300677,-1.7874870295028047,1.9140202666310904,2.904089558779009,1.8000001907348633,46.55006880033031,112644.5798857033,264907.8305314638,-264861.28046266345,-152263.2506457605,127090.197646367,368930.9679202096,2402444.734466407,0.8963237479389821,1.0,116.9285118080299,282950.45355496975,665418.53030599,-665301.601794182,-382468.0767510203,319236.2127040026,926712.8947502665,6034669.648347539,5.6554230017076685,2.511886983098868,293.71120713284114,710739.5640080359,1671456.1514037813,-1671162.4401966485,-960716.5873957452,801885.2904744766,2327798.067867283,15158408.202192351,35.683322462210924,6.309576215861531,83.7901327240576,202760.2654984329,476834.1459693522,-476750.3558366282,-274073.8804709193,228762.38023394215,664075.8135944015,4324400.986190465,2.904089558779009,1.8000001907348633,0.23039680984458813,0.16579909369756082,0.1403138682137446,0.20491158436077192,-0.0645977161470273,False
J1023+4230,14.32,11.559690776324896,-0.2141330480988883,5.632,4.0,11.56999969482422,3.71534968021985,1.7892131127149071,0.9999966581273916,0.0017882201169333,11.567795508573568,-0.2134321736086297,J1023+4230,3.75,3.75,measured,0.0089574523705613,0.21343217360864644,3.71534968021985,9.993757012671074,0.0451124537416536,0.0318913393563653,9.961865673314708,0.0132211143852882,16.024670093449483,-0.6119172097199455,0.6444730219272058,1.4852698880554305,1.0,9.99375701267109,0.0451124537416539,0.0318913393563657,9.961865673314724,0.0132211143852882,16.024670093449508,-0.6119172097199466,0.6444730219272059,1.4852698880554305,1.9275242359617295,9.993757012671074,0.045112453741654,0.0318913393563656,9.961865673314708,0.0132211143852883,16.024670093449483,-0.6119172097199457,0.6444730219272058,1.4852698880554305,3.71534968021985,9.993757012671084,0.0451124537416541,0.0318913393563658,9.96186567331472,0.0132211143852883,16.024670093449505,-0.6119172097199475,0.6444730219272057,1.48526988805543,1.5699996948242203,63.70593740306028,138223.64842260472,325269.00813530304,-325205.3021979,-187045.35971269832,156030.74846416034,376449.8214998392,2449342.702521501,1.4852698880554305,1.0,33.050654407581135,71710.45932294338,168749.63323990486,-168716.58258549726,-97039.17391696147,80948.78675494298,195302.2505145945,1270719.5349121646,1.4852698880554305,1.9275242359617295,17.14668682100499,37203.40218432396,87547.34711381988,-87530.20042699887,-50343.94492949592,41996.24850377587,101322.850837073,659249.5762339686,1.4852698880554305,3.71534968021985,40.577038077736304,88040.5574758113,207177.7523777521,-207137.1753396744,-119137.1949019408,99382.66161295844,239777.0028752137,1560091.195940427,1.48526988805543,1.5699996948242203,2.535931039751045,0.042578678478459,0.0300664317893032,2.5058646079617417,0.0125122466891558,3.227225543754096,-0.593872133184784,0.6306282347247223,0.9319721629241166,1.0,9.421870577598632,0.1581946794691267,0.1117073077337406,9.310163269864892,0.046487371735386,11.990271391984113,-2.206442640119568,2.343004410222103,3.4626024774939137,1.9275242359617295,35.00554383755392,0.5877485517781074,0.4150317100667737,34.59051212748715,0.1727168417113336,44.54805098195744,-8.197705957391689,8.705080686272403,12.864779007485495,3.71534968021985,6.250813989821732,0.1049521437804567,0.0741107189062402,6.176703270915492,0.0308414248742164,7.954785150304616,-1.4638348520081037,1.5544349314722916,2.297217291327601,1.5699996948242203,54.46198779959208,130073.69157136224,306082.89362219546,-306028.43163439585,-176009.20205083324,146827.757365167,354232.5170346569,2304879.6691509574,0.9319721629241166,1.0,104.97680139020127,250720.19277311803,589982.1952062169,-589877.2184048267,-339262.00243309885,283014.0606114165,682791.7612147807,4442711.41987514,3.4626024774939137,1.9275242359617295,202.34532893597995,483269.24833577743,1137204.980828545,-1137002.6354996092,-653935.7324927676,545516.4613208474,1316097.668736602,8563433.940761853,12.864779007485495,3.71534968021985,85.50530421815375,204215.6559927661,480550.0493888551,-480464.54408463696,-276334.393396089,230519.53416492045,556144.9434050098,3618660.3757004775,2.297217291327601,1.5699996948242203,-0.027655619757903503,0.022029694846294405,0.24108779336654995,0.19140247876235203,0.04968531460419792,True
J1029+0420,3.666,8.374269081873141,0.8260626506786912,2.979,4.0,11.289999961853027,1.949844428490234,1.789213112714908,0.9999966581273918,0.0017882201169331,8.380405346163293,0.8267951345703795,J1029+0420,3.25,3.25,measured,0.0084633731612585,-0.826795134570533,1.949844428490234,18.758612272398643,0.0875555821780854,0.0632823388417042,18.695329933556938,0.0242732433363811,29.682613962729054,-0.6649253249723195,0.695639130906825,1.4812050698590455,1.0,18.758612272398626,0.0875555821780849,0.0632823388417043,18.69532993355692,0.0242732433363805,29.68261396272901,-0.6649253249723199,0.6956391309068254,1.481205069859045,1.396368299729779,18.758612272398626,0.0875555821780859,0.0632823388417044,18.69532993355692,0.0242732433363814,29.68261396272901,-0.664925324972321,0.6956391309068264,1.481205069859045,1.949844428490234,18.75861227239862,0.0875555821780854,0.0632823388417048,18.695329933556916,0.0242732433363805,29.682613962729004,-0.6649253249723226,0.695639130906823,1.4812050698590455,1.2899999618530271,108.29576244703284,226758.20763228423,534305.9997375445,-534197.7039750974,-307547.7921052602,256245.2243805379,327566.02242381737,2127592.80356853,1.4812050698590455,1.0,77.55530002192582,162391.40312626812,382639.7372960445,-382562.1819960225,-220248.33416977635,183508.336775542,234584.2584629764,1523661.631533832,1.481205069859045,1.396368299729779,55.540719479154006,116295.53836859952,274024.93846661993,-273969.3977471408,-157729.4000980204,131418.29191115074,167995.97829279405,1091160.2851999032,1.481205069859045,1.949844428490234,83.95020588836724,175781.56129260018,414190.70917261264,-414106.7589667243,-238409.1478800125,198639.71443427904,253927.15641476572,1649296.7940780276,1.4812050698590455,1.2899999618530271,5.673423543394784,0.0998831937138277,0.0740631371085531,5.599360406286231,0.0258200566052746,7.058857055837496,-0.7921729926403193,0.8265651809826671,1.1726529669468204,1.0,11.062293286553617,0.1947566887627168,0.1444115952476206,10.917881691305997,0.0503450935150962,13.763673101833673,-1.544614096100161,1.6116735129230726,2.286490854153799,1.396368299729779,21.569750931111493,0.3797452444951932,0.2815801444029605,21.28817078670853,0.0981651000922327,26.83702131317129,-3.011757189448384,3.1425126197183424,4.45830145276566,1.949844428490234,9.441143560189506,0.1662156128287582,0.1232484591731098,9.317895101016395,0.0429671536556484,11.746643331892162,-1.318254999087737,1.3754870363233809,1.9514116868846496,1.2899999618530271,113.13760420091133,264001.9088948729,622032.6028109809,-621919.46520678,-358030.693916108,298319.72749104205,381322.4363643038,2476943.8933412465,1.1726529669468204,1.0,157.98176397968925,368643.8963919024,868586.6073777637,-868428.6256137841,-499942.7109858613,416564.21037448384,532466.5616426005,3458725.929977176,2.286490854153799,1.396368299729779,220.60072716617927,514762.6509742389,1212866.8044739412,-1212646.203746775,-698104.1534997023,581677.0583394922,743519.427683538,4829655.24811292,4.45830145276566,1.949844428490234,145.94750502201435,340562.4519974621,802422.0328387007,-802276.0853336786,-461859.5808412386,384832.4365760891,491905.9278600447,3195257.524732989,1.9514116868846496,1.2899999618530271,-0.3203610832872662,-0.13244346793770853,0.5064340512832668,0.6943516666328244,-0.18791761534955764,False
J1032+5322,5.765,7.210190714604466,0.2236902486274201,1.914,4.0,11.15999984741211,1.4454392628956645,1.7892131127149076,0.9999966581273916,0.0017882201169331,7.2157917724988225,0.2244667722618845,J1032+5322,,4.0,default_4,0.0090800974320569,-0.22446677226191958,1.4454392628956645,29.48546353724947,0.1318354138602664,0.092006537938779,29.39345699931069,0.0398288759214874,47.53793270720956,-0.5906503488256947,0.6244236516097831,1.4866307276038329,1.0,29.485463537249423,0.1318354138602627,0.0920065379387771,29.39345699931065,0.0398288759214856,47.53793270720952,-0.5906503488256915,0.6244236516097834,1.4866307276038335,1.2022642234116694,29.48546353724945,0.1318354138602657,0.0920065379387791,29.393456999310672,0.0398288759214866,47.53793270720956,-0.5906503488256931,0.6244236516097866,1.4866307276038333,1.4454392628956645,29.48546353724946,0.1318354138602659,0.0920065379387789,29.39345699931068,0.039828875921487,47.53793270720955,-0.5906503488256936,0.6244236516097815,1.486630727603833,1.1599998474121094,196.7935477740901,434108.88780870347,1021016.0494541088,-1020819.2559063348,-586907.1616454053,489825.17083593,401350.7405532942,2613154.69681057,1.4866307276038329,1.0,163.68577217767705,361076.1089005048,849244.3085687493,-849080.6227965717,-488168.1996682446,407418.9027198352,333829.06398372026,2173527.785957361,1.4866307276038335,1.2022642234116694,136.14791910366984,300330.07901248184,706370.7734461713,-706234.6255270677,-406040.6944336895,338876.3427988515,277666.9701470971,1807861.9867409552,1.4866307276038333,1.4454392628956645,169.6496324574581,374231.84899761167,880186.3651582228,-880016.7155257654,-505954.5161606112,422263.1337792621,345992.06316533894,2252719.862130729,1.486630727603833,1.1599998474121094,15.462569011592796,0.2394729382097902,0.1672004826341541,15.295368528958642,0.0722724555756361,19.803168740970683,-1.0990974634240636,1.169482667771045,1.852824549306883,1.0,22.350204354589955,0.3461435872894085,0.2416781423745069,22.10852621221545,0.1044654449149015,28.624277627947016,-1.5886786273821616,1.6904161652722332,2.6781453508251305,1.2022642234116694,32.30586290786607,0.5003295316676744,0.3493310759718069,31.956531831894264,0.1509984556958674,41.37465475546073,-2.2963384641413764,2.443393895918023,3.871096441824128,1.4454392628956645,20.8064273881898,0.3222347008807413,0.224984910242897,20.581442477946904,0.0972497906378443,26.64713684745153,-1.4789451576986443,1.5736554637513118,2.493160057640256,1.1599998474121094,326.8544978841684,787736.4699598984,1852706.980886289,-1852380.1263884048,-1064970.5109263903,888825.4459714256,728260.802146361,4741776.108386239,1.852824549306883,1.0,392.9654690609169,947067.3749844864,2227443.3188736187,-2227050.353404558,-1280375.9438891325,1068603.0342129006,875561.9073177113,5700867.768004139,2.6781453508251305,1.2022642234116694,472.4483246511463,1138625.2230837073,2677975.414510878,-2677502.966186227,-1539350.1914271703,1284743.1982862572,1052656.7573298528,6853949.364814248,3.871096441824128,1.4454392628956645,379.15116764798586,913774.1847971532,2149139.8147562444,-2148760.6635885965,-1235365.6299590913,1031037.3815255652,844782.4192066581,5500459.561187028,2.493160057640256,1.1599998474121094,-0.5005822244519517,-0.6099603904247892,0.2761154521900321,0.38549361816286964,-0.10937816597283756,False
J1100+5329,32.473,15.774301113996067,-0.7220268707707262,10.177,4.0,11.84000015258789,6.918312139914402,1.789213112714907,0.9999966581273918,0.0017882201169328,15.767677719890935,-0.7224468440537826,J1100+5329,4.55,4.55,measured,0.0091634329840274,0.7224468440538153,6.918312139914402,5.568780764846885,0.0245716371100205,0.016694485444985,5.5520862794019,0.0078771516650355,9.06817166879192,-0.5525185646871578,0.588835315346968,1.488789823511458,1.0,5.568780764846884,0.0245716371100207,0.016694485444985,5.552086279401899,0.0078771516650357,9.06817166879192,-0.5525185646871605,0.5888353153469669,1.4887898235114578,2.6302684539632835,5.568780764846883,0.0245716371100207,0.0166944854449851,5.552086279401898,0.0078771516650356,9.06817166879192,-0.55251856468716,0.5888353153469668,1.488789823511458,6.918312139914402,5.568780764846884,0.0245716371100209,0.0166944854449852,5.552086279401899,0.0078771516650356,9.06817166879192,-0.5525185646871595,0.5888353153469681,1.488789823511458,1.8400001525878904,40.78120278138395,92985.53166014807,218496.1596622116,-218455.3784594302,-125510.62800206352,104839.835557369,456210.0479974175,2973974.133402409,1.488789823511458,1.0,15.504578147082672,35352.10700693796,83069.9086060748,-83054.40402792771,-47717.80159913684,39858.9868642796,173446.19268959743,1130673.234385479,1.4887898235114578,2.6302684539632835,5.8946751739294,13440.493883828738,31582.29291418996,-31576.39823901603,-18141.79903036122,15153.961518964976,65942.39182763355,429869.89964714646,1.488789823511458,6.918312139914402,22.163695346716395,50535.61113108629,118747.90367787966,-118725.73998253296,-68212.29254679337,56978.16708991802,247940.2246563352,1616290.1666020793,1.488789823511458,1.8400001525878904,1.3128556984982622,0.0205614055274563,0.0137423058619038,1.2991133926363585,0.0068190996655525,1.7182064172847966,-0.4747828677028883,0.5147608669613187,0.8076108741328843,1.0,9.082745516876315,0.1422502214743052,0.0950735614748262,8.98767195540149,0.0471766599994789,11.887088315580227,-3.2846960774522724,3.5612763550513526,5.587304114840413,2.6302684539632835,62.8372685731586,0.9841314341311972,0.6577485745361917,62.17951999862241,0.3263828595950054,82.23858740191335,-22.72455274856729,24.638021440741888,38.65471388709413,6.918312139914402,4.444804990034993,0.0696127060994683,0.0465259584426891,4.398279031592304,0.0230867476567792,5.817160611172622,-1.6074251434966214,1.7427746802345467,2.734247828956745,1.8400001525878904,30.987831160714958,76558.00656355015,179893.00156046858,-179862.01372930786,-103334.99499691842,86317.23303573471,375602.6730647381,2448548.3270088,0.8076108741328843,1.0,81.50631478187546,201368.1099551109,473166.8879983826,-473085.3816836007,-271798.7780432717,227037.49551754777,987935.8645557286,6440339.437136749,5.587304114840413,2.6302684539632835,214.38348870779163,529652.1881687865,1244555.9412086448,-1244341.557719937,-714903.7530398583,597169.5633997651,2598536.543776959,16939821.683752827,38.65471388709413,6.918312139914402,57.01761412230633,140866.7445649509,331003.15217588184,-330946.13456175954,-190136.4076109309,158823.72283878483,691108.9806036677,4505329.325267408,2.734247828956745,1.8400001525878904,0.26516823556090613,0.10858320354964515,0.4572786084929092,0.6138636405041702,-0.156585032011261,False
J1103+5322,7.588,11.167256205953082,0.3864178912594798,7.779,4.0,11.539999961853027,3.467368199963294,1.7892131127149071,0.9999966581273916,0.001788220116933,11.162251642000626,0.3859696445654346,J1103+5322,3.05,3.05,measured,0.0081444070217517,-0.3859696445654767,3.467368199963294,7.157318137407231,0.0342185322634559,0.0248144987183228,7.132503638688908,0.009404033545133,11.253236236459612,-0.6913201169938149,0.7221708721585478,1.4787022979963031,1.0,7.157318137407231,0.0342185322634562,0.024814498718323,7.132503638688908,0.0094040335451332,11.25323623645962,-0.6913201169938171,0.7221708721585505,1.4787022979963034,1.8620870548831203,7.157318137407221,0.0342185322634562,0.0248144987183229,7.132503638688898,0.0094040335451332,11.253236236459609,-0.6913201169938165,0.7221708721585496,1.4787022979963034,3.467368199963294,7.157318137407227,0.0342185322634563,0.024814498718323,7.132503638688904,0.0094040335451332,11.253236236459614,-0.6913201169938177,0.7221708721585515,1.478702297996303,1.5399999618530271,39.612422286054766,81732.7553701043,192711.37446866,-192671.76204637397,-110978.6190985557,92410.75229821452,308738.9436619862,2003552.3390639788,1.4787022979963031,1.0,21.273131233604676,43893.09035038501,103492.1401262194,-103470.8669949858,-59599.0497758344,49627.51447573335,165802.6367036874,1075971.3584061514,1.4787022979963034,1.8620870548831203,11.424348383136678,23571.98620115243,55578.57237839326,-55567.148030010125,-32006.58617724083,26651.55442604016,89041.2917756325,577830.8570288576,1.4787022979963034,3.467368199963294,25.722352767775604,53073.21908772757,125137.2592434833,-125111.53689071554,-72064.04015575573,60006.98349583209,200479.8385373427,1301008.0447494907,1.478702297996303,1.5399999618530271,1.2609159257226532,0.0243962525593116,0.0183710501370235,1.2425448755856296,0.006025202422288,1.5506796737882622,-0.5225838628389128,0.5432750246729526,0.7227172442858807,1.0,4.372059783677988,0.0845907903224312,0.063699195045047,4.30836058863294,0.0208915952773842,5.376777389222847,-1.811990667821633,1.8837345443852744,2.5059267904019644,1.8620870548831203,15.159541062263465,0.29330741637376,0.2208685632624551,14.93867249900101,0.0724388531113049,18.643266937672976,-6.28283882023498,6.531601256373848,8.688970864475857,3.467368199963294,2.99038806129545,0.057858149703283,0.0435687803465012,2.9468192809489486,0.0142893693567817,3.677591732162725,-1.2393598277089946,1.2884309846835422,1.7139961316344117,1.5399999618530271,25.912200365983928,60071.487289523575,141628.55913176306,-141602.6469313971,-81557.07184223949,67915.70696793654,226878.90861196947,1472483.5401790957,0.7227172442858807,1.0,48.25077286617369,111858.33880857025,263724.70648235874,-263676.4557094925,-151866.3676737885,126464.95873138624,422468.27849159366,2741892.5371210966,2.5059267904019644,1.8620870548831203,89.84713954725407,208289.9647362609,491078.3621287445,-490988.51498919725,-282788.39739248354,235488.7626141412,786672.7127711398,5105642.601053614,8.688970864475857,3.467368199963294,39.90478756946547,92510.0881347867,218107.975651943,-218068.0708643736,-125597.88751715633,104590.18613563316,349393.5106504881,2267624.5959547698,1.7139961316344117,1.5399999618530271,-0.0529319215244218,0.16368850393043152,0.33303772304105494,0.5496581484959082,-0.21662042545485327,False
J1106+5228,3.824,9.182199347424593,0.8759697610777837,2.449,4.0,11.369999885559082,2.3442281975923813,1.7892131127149071,0.999996658127392,0.0017882201169326,9.189335520197131,0.8767466339066325,J1106+5228,4.15,4.15,measured,0.0091153906227672,-0.8767466339067849,2.3442281975923813,23.075392953686656,0.1027160023087721,0.0711406517340621,23.004252301952597,0.03157535057471,37.3140918918173,-0.5791887929074098,0.6136873003242757,1.4873142183535348,1.0,23.07539295368664,0.1027160023087715,0.0711406517340614,23.004252301952576,0.0315753505747101,37.314091891817256,-0.5791887929074075,0.6136873003242763,1.4873142183535348,1.5310872599536518,23.07539295368665,0.1027160023087706,0.0711406517340612,23.00425230195259,0.0315753505747093,37.31409189181728,-0.5791887929074061,0.6136873003242753,1.4873142183535348,2.3442281975923813,23.07539295368663,0.1027160023087714,0.0711406517340613,23.00425230195257,0.03157535057471,37.314091891817256,-0.5791887929074077,0.6136873003242763,1.4873142183535353,1.369999885559082,158.1336750011431,352148.73505499953,828014.8097382799,-827856.6760632788,-475866.0746832804,397254.4853677674,416333.35000821215,2711705.195146437,1.4873142183535348,1.0,103.28194816872558,229999.1284219781,540801.8419353575,-540698.5599871888,-310802.71351337945,259459.07594322087,271920.0670840547,1771097.7477891843,1.4873142183535348,1.5310872599536518,67.45660478082084,150219.477854456,353214.25290385855,-353146.79629907775,-202994.77504940252,169460.67221073533,177599.32740247276,1156758.205136823,1.4873142183535348,2.3442281975923813,115.4260497610369,257042.89363403415,604390.4222101836,-604274.9961604226,-347347.5285761494,289966.80169568723,303892.9814384087,1979347.0221075716,1.4873142183535353,1.369999885559082,10.568814474987,0.1626453887858119,0.1122672334625722,10.456547241524428,0.0503781553232396,13.603775071763453,-0.93908639265068,1.0036696734924102,1.601300471620301,1.0,24.775712907387003,0.3812779066000755,0.263180014348647,24.512532893038355,0.1180978922514284,31.89035311693216,-2.20143280162703,2.3528307496692467,3.753813718390291,1.5310872599536518,58.07992481295031,0.8938024197708829,0.6169540106788634,57.46297080227145,0.2768484090920196,74.75826500789074,-5.160660848678866,5.51557218753706,8.799795967159627,2.3442281975923813,19.836604574059944,0.3052690792116835,0.2107143352824763,19.62589023877747,0.0945547439292072,25.532921166482808,-1.76257095589852,1.8837872954591115,3.0054803530673926,1.369999885559082,228.8111936619935,555163.435255831,1305346.737200023,-1305117.926006361,-750183.3019441917,626264.2660656016,656325.5742956117,4274957.066784848,1.601300471620301,1.0,350.329903606905,850003.6635696416,1998599.76061755,-1998249.4307139432,-1148596.0970479082,958865.2398330024,1004891.7262234902,6545332.308141958,3.753813718390291,1.5310872599536518,536.3856522516703,1301429.7820039997,3060030.6353007024,-3059494.249648451,-1758600.8532967027,1468106.3546548102,1538576.922359461,10021474.925809575,8.799795967159627,2.3442281975923813,313.4713090479354,760573.8423511045,1788324.8795480318,-1788011.408238984,-1027751.0371969274,857981.972345579,899165.9612093007,5856690.689290423,3.0054803530673926,1.369999885559082,-0.2320833822438984,-0.28657497180640307,0.6446632516628865,0.5901716621003819,0.05449158956250466,True
J1112+0826,25.802,13.897829394679489,-0.6187193390164496,5.502,4.0,11.729999542236328,5.3703123031766005,1.7892131127149071,0.9999966581273916,0.0017882201169332,13.907813518439596,-0.6180012024698223,J1112+0826,3.65,3.65,measured,0.0088811327771837,0.6180012024698556,5.3703123031766005,10.217339229384612,0.0463438082962636,0.0329282159733567,10.184411013411257,0.0134155923229068,16.34419528729566,-0.6212897866939214,0.6533762304162363,1.4846271296793665,1.0,10.217339229384615,0.0463438082962634,0.0329282159733567,10.18441101341126,0.0134155923229067,16.344195287295662,-0.6212897866939211,0.6533762304162319,1.4846271296793672,2.3173934286556954,10.217339229384606,0.0463438082962639,0.0329282159733569,10.18441101341125,0.0134155923229069,16.344195287295648,-0.6212897866939194,0.6533762304162345,1.484627129679367,5.3703123031766005,10.217339229384608,0.0463438082962632,0.0329282159733565,10.184411013411252,0.0134155923229067,16.34419528729565,-0.6212897866939179,0.6533762304162344,1.4846271296793665,1.729999542236328,63.90196980550675,137699.12007309668,324109.2461870519,-324045.34421724634,-186410.1261139552,155467.95661127422,366543.443718984,2384161.9109764327,1.4846271296793665,1.0,27.5749335447434,59419.82844628506,139859.39631828998,-139831.82138474524,-80439.5678720049,67087.4244238881,158170.5716602713,1028811.8881173086,1.4846271296793672,2.3173934286556954,11.89911614281777,25640.803083435312,60352.02951490681,-60340.13039876399,-34711.2264314715,28949.518769669816,68253.6552134045,443952.1912587422,1.484627129679367,5.3703123031766005,36.93756454495859,79594.88792549248,187346.43409560216,-187309.4965310572,-107751.54617010968,89865.89438703744,211874.8783630215,1378128.6327919925,1.4846271296793665,1.729999542236328,2.548163045193338,0.0433670546191211,0.0308726416168506,2.517290403576488,0.0124944130022704,3.229899298533262,-0.598758524621244,0.6340121339195756,0.9266029322423168,1.0,13.684431352101758,0.232894626973598,0.1657957271065349,13.518635624995223,0.0670988998670631,17.345567940934675,-3.2155202714053406,3.4048431631515377,4.976147127180428,2.3173934286556954,73.48967005216744,1.2507168805800468,0.8903748330943395,72.5992952190731,0.3603420474857073,93.15111691878674,-17.268348074641835,18.28507112945949,26.72346413951396,5.3703123031766005,7.62639314202029,0.1297931890821327,0.0923986801970649,7.533994461823225,0.0373945088850678,9.666760494865136,-1.7920234399879842,1.8975339114201089,2.773228448296769,1.729999542236328,54.16995489480907,128809.03870858627,303175.75350490666,-303121.58355001186,-174366.7147963204,145427.2327153168,342855.7894396761,2230187.7341411524,0.9266029322423168,1.0,125.53309747502183,298501.2196383417,702577.4984159791,-702451.965318504,-404076.2787776374,337012.11321245634,794531.7526724047,5168222.395148924,4.976147127180428,2.3173934286556954,290.9095753016178,691744.7662875254,1628148.481275152,-1627857.5716998505,-936403.7149876264,780989.6581155022,1841242.667309196,11976804.645952929,26.72346413951396,5.3703123031766005,93.71399708847582,222839.5773582622,524493.9132237828,-524400.1992266943,-301654.3358655206,251589.0452833413,593140.3569395678,3858223.747669872,2.773228448296769,1.729999542236328,0.14628877690454464,0.17574691553929223,0.4717124255653109,0.44225428693056335,0.029458138634747555,True
J1134+6027,7.788,10.788187223816744,0.325867672438624,5.369,4.0,11.510000228881836,3.2359382746997105,1.789213112714908,0.9999966581273916,0.0017882201169331,10.78491164165174,0.3255639995902677,J1134+6027,4.35,4.35,measured,0.0091467975678514,-0.3255639995903033,3.2359382746997105,10.541923085711892,0.0466977183764026,0.0320261784705447,10.509896907241348,0.0146715399058579,17.109227724517826,-0.5652048822051225,0.6006374674480957,1.4881065801887112,1.0,10.541923085711897,0.0466977183764027,0.0320261784705451,10.509896907241352,0.0146715399058576,17.10922772451783,-0.565204882205122,0.6006374674480972,1.4881065801887114,1.7988713891492385,10.5419230857119,0.0466977183764028,0.0320261784705448,10.509896907241355,0.0146715399058579,17.109227724517844,-0.5652048822051228,0.6006374674480963,1.4881065801887112,3.2359382746997105,10.54192308571189,0.0466977183764029,0.0320261784705451,10.509896907241345,0.0146715399058578,17.109227724517822,-0.5652048822051245,0.6006374674480925,1.4881065801887112,1.510000228881836,74.73482260087056,168453.4491208942,395952.59696051606,-395877.8621379152,-227499.14783962187,189977.0017389796,436301.2792974819,2843037.6770671564,1.4881065801887112,1.0,41.54539510412027,93643.96471478608,220111.6760442823,-220070.13064917817,-126467.71132949623,105608.9960878532,242541.6742480323,1580456.3290366174,1.4881065801887114,1.7988713891492385,23.09525593247935,52057.06509584762,122360.98591562774,-122337.89065969526,-70303.92081978012,58708.4752373853,134829.91426243412,878582.173376791,1.4881065801887112,3.2359382746997105,49.49325250680318,111558.55877516587,262220.2233865392,-262170.7301340324,-150661.66461137333,125812.56497954304,288941.2011155295,1882806.125404008,1.4881065801887112,1.510000228881836,3.15615466962117,0.0491736971225508,0.0333624894711617,3.1227921801500083,0.015811207651389,4.096228337026287,-0.6101296875566825,0.6571009677284594,1.0369729963069187,1.0,10.2131216962994,0.1591230486273545,0.1079589566189995,10.1051627396804,0.0511640920083549,13.255142057692956,-1.974342008495247,2.126338171814748,3.3555806085796025,1.7988713891492385,33.0490314012213,0.5149123634401583,0.3493485198200628,32.69968288140124,0.1655638436200955,42.89282152107059,-6.388848872637265,6.880699075130343,10.858451725142896,3.2359382746997105,7.1963504438105765,0.112120980799129,0.076069835304123,7.120280608506453,0.0360511454950059,9.339813062661722,-1.3911571223337889,1.498256370721089,2.364402845659197,1.510000228881836,71.62854233301331,175424.96151694434,412333.82346875616,-412262.1949264232,-236908.86195181185,197837.0616378188,454343.4869438032,2960667.367740452,1.0369729963069187,1.0,128.85053545519446,315566.943786524,741735.5168671397,-741606.6663316846,-426168.5730806157,355883.42944447906,817305.4979802731,5325859.811318351,3.3555806085796025,1.7988713891492385,231.78554181219917,567664.3482920103,1334286.8036539908,-1334055.018112179,-766622.4553619806,640188.5210231368,1470227.4820886157,9580536.871555513,10.858451725142896,3.2359382746997105,108.15911533661593,264891.7322990106,622624.1683963073,-622516.0092809707,-357732.43609729665,298734.00863170694,686058.7700943644,4470608.408014881,2.364402845659197,1.510000228881836,-0.08780073746492287,-0.17681659099076916,0.23776326212538043,0.14874740859953414,0.08901585352584629,True
J1142+1001,12.591,11.29660086551371,-0.1084804009147881,4.435,4.0,11.550000190734863,3.548135450617081,1.7892131127149071,0.9999966581273916,0.001788220116933,11.304747056987676,-0.1077595419771131,J1142+1001,3.1500000000000004,3.1500000000000004,measured,0.0083253380787379,0.10775954197712202,3.548135450617081,12.577860194955528,0.0593463558080274,0.0429971553786053,12.53486303957692,0.016349200429422,19.840765545521577,-0.6776777985117663,0.7083409870078501,1.480043553017984,1.0,12.57786019495551,0.0593463558080277,0.0429971553786054,12.534863039576903,0.0163492004294222,19.840765545521545,-0.6776777985117652,0.7083409870078534,1.4800435530179836,1.883649503123413,12.577860194955525,0.0593463558080276,0.042997155378605,12.534863039576916,0.0163492004294226,19.840765545521563,-0.6776777985117656,0.7083409870078554,1.4800435530179838,3.548135450617081,12.577860194955512,0.0593463558080274,0.0429971553786053,12.534863039576909,0.0163492004294221,19.84076554552156,-0.6776777985117641,0.7083409870078525,1.480043553017984,1.5500001907348633,71.10908167781872,147802.06782538738,348373.1115147036,-348302.0024330258,-200571.04368931623,167065.172303909,318076.54095644003,2065085.5725375968,1.480043553017984,1.0,37.75069702737002,78465.80147682418,184945.82525726597,-184908.07456023857,-106480.02378044176,88692.28175792258,168861.85075721517,1096321.566778639,1.4800435530179836,1.883649503123413,20.041253413326203,41656.2642809807,98184.84014820252,-98164.7988947892,-56528.57586722181,47085.342395139945,89646.11013778708,582019.9380793972,1.4800435530179838,3.548135450617081,45.87682124170156,95356.161103305,224756.8185809581,-224710.9417597164,-129400.65747765305,107783.96891547531,205210.6464740974,1332313.1095246251,1.480043553017984,1.5500001907348633,2.9315416788827213,0.0538296078167083,0.0402266842755987,2.891314994607123,0.0136029235411096,3.628096385475843,-0.6461987392429176,0.6729518266953124,0.9266470381729912,1.0,10.401506955805283,0.1909947397872781,0.1427297245390333,10.25877723126625,0.0482650152482448,12.872977403562512,-2.292800654851856,2.3877242328551644,3.2878692063509085,1.883649503123413,36.90595556973297,0.6776752071206246,0.5064243954937521,36.399531174239215,0.1712508116268725,45.675067480572906,-8.135167284677927,8.471968996890894,11.665805288045911,3.548135450617081,7.043030616872181,0.1293256646079107,0.0966446327572841,6.9463859841148965,0.0326810318506266,8.716503711319714,-1.5524928531142768,1.616767161537175,2.226270057116725,1.5500001907348633,59.10114157586836,137430.90126986487,323909.7829666704,-323850.68182509457,-186478.88169680556,155334.87270281737,295717.13377091545,1920095.4317731345,0.9266470381729912,1.0,111.32583599890822,258871.6491335496,610132.5023302655,-610021.1764942666,-351260.85319671594,292596.4560651202,557027.4326511638,3616786.809491593,3.2878692063509085,1.883649503123413,209.69885570729423,487623.4534994423,1149275.785488644,-1149066.086632937,-661652.3319892018,551149.1693877338,1049244.4471171675,6812758.679041639,11.665805288045911,3.548135450617081,91.60678071114674,213017.92328560437,502060.2256022231,-501968.6188215119,-289042.30231661873,240769.08242268444,458361.6140644284,2976148.287414535,2.226270057116725,1.5500001907348633,-0.04893249683738411,0.14004061438721913,0.15669203881450613,0.0322810724100971,0.12441096640440903,True
J1143-0144,6.349,11.965974046820085,0.6337698058668626,5.165,4.0,11.600000381469728,3.981075202376568,1.7892131127149071,0.9999966581273916,0.0017882201169332,11.974485195423206,0.6344808322407154,J1143-0144,5.0,5.0,measured,0.0091176481993885,-0.6344808322407895,3.981075202376568,10.99668629689208,0.0482129587478345,0.032132525952959,10.964553770939125,0.0160804327948755,18.024223422295016,-0.5278833379756263,0.5659882350323153,1.490032060478218,1.0,10.996686296892085,0.0482129587478347,0.0321325259529589,10.964553770939126,0.0160804327948757,18.02422342229502,-0.527883337975626,0.5659882350323197,1.4900320604782185,1.99526319125487,10.996686296892095,0.0482129587478351,0.0321325259529592,10.964553770939135,0.0160804327948758,18.02422342229504,-0.527883337975628,0.5659882350323173,1.490032060478218,3.981075202376568,10.996686296892094,0.0482129587478352,0.0321325259529592,10.964553770939132,0.0160804327948759,18.024223422295037,-0.527883337975629,0.5659882350323168,1.4900320604782185,1.6000003814697283,86.19773944070613,201286.92726893723,472696.1614767751,-472609.9637373344,-271409.23420783784,226836.42103489445,500571.9074789312,3265724.554833624,1.490032060478218,1.0,43.2011876385729,100882.3941511884,236909.1780153716,-236865.97682773304,-136026.78386418323,113687.46867612716,250880.13983180973,1636738.7396214192,1.4900320604782185,1.99526319125487,21.651874170427348,50560.94544598051,118735.80245789152,-118714.1505837211,-68174.85701191101,56978.68244883194,125737.86694075668,820312.1940251563,1.490032060478218,3.981075202376568,53.87357431685757,125804.29954151668,295435.03049999883,-295381.156925682,-169630.73095848213,141772.7293536146,312857.36745358614,2041077.3594008065,1.4900320604782185,1.6000003814697283,3.7665896037543143,0.0553635152675202,0.0363493826482781,3.730240221106037,0.019014132619242,4.966730758110188,-0.6225117330228361,0.678650245706454,1.134057206505144,1.0,14.995076469035691,0.2204063177479212,0.1447096258827566,14.850366843152935,0.0756966918651645,19.772928657993457,-2.478266023525673,2.701757664268736,4.51476702289407,1.99526319125487,59.6965270886185,0.8774541260333919,0.5760999031470404,59.12042718547146,0.3013542228863515,78.71751595869893,-9.866163411150492,10.75590044005109,17.973627039351072,3.981075202376568,9.642473983499306,0.1417306666672779,0.0930544639514033,9.549419519547902,0.0486762027158745,12.71483680366658,-1.59363079644058,1.7373454574391027,2.9031878330005148,1.6000003814697283,90.72906136296164,227792.83129916436,534937.7156467555,-534846.9865853926,-307144.8843475912,256705.06285495684,566477.9441721279,3695740.041037267,1.134057206505144,1.0,181.02835667901144,454506.65248620353,1067341.5361000602,-1067160.5077433812,-612834.8836138567,512194.16410086246,1130272.5927967313,7373974.081952944,4.51476702289407,1.99526319125487,361.1992158947551,906860.3868046838,2129627.26251495,-2129266.063299055,-1222766.875710266,1021962.1543177544,2255191.28091287,14713018.937224686,17.973627039351072,3.981075202376568,145.16653282210416,364468.6169530463,855900.549138544,-855755.3826057219,-491431.9321854977,410728.19851649145,906364.9263937434,5913185.473330405,2.9031878330005148,1.6000003814697283,0.018838961909852875,-0.20563765709684037,0.6533197941506425,0.4288431751439492,0.22447661900669325,True
J1153+4612,9.652,8.768947574729774,-0.0959483514610446,3.521,4.0,11.329999923706056,2.137961713919416,1.7892131127149065,0.9999966581273916,0.0017882201169331,8.77525772851837,-0.0952290080708335,J1153+4612,3.55,3.55,measured,0.0088128866711781,0.095229008070844,2.137961713919416,15.944679457404067,0.0727242716092642,0.0519257945628209,15.892753662841246,0.0207984770464432,25.442088367652744,-0.6312226489597187,0.6628674865096311,1.4839137479921782,1.0,15.944679457404083,0.0727242716092646,0.0519257945628212,15.892753662841262,0.0207984770464433,25.44208836765276,-0.6312226489597208,0.6628674865096325,1.4839137479921782,1.4621770460239814,15.944679457404083,0.0727242716092648,0.0519257945628214,15.892753662841264,0.0207984770464433,25.44208836765277,-0.6312226489597218,0.6628674865096313,1.4839137479921782,2.137961713919416,15.944679457404074,0.0727242716092635,0.0519257945628208,15.892753662841251,0.0207984770464427,25.442088367652747,-0.6312226489597188,0.6628674865096293,1.483913747992178,1.3299999237060565,97.80238707383026,209277.11044173295,492706.15780356864,-492608.3554164948,-283429.04736183566,236329.7352488773,356686.11782432767,2319295.127893256,1.4839137479921782,1.0,66.8881975146724,143127.06587614102,336967.50950221485,-336900.6213047001,-193840.44362607383,161628.67268182087,243941.8118030312,1586193.090580714,1.4839137479921782,1.4621770460239814,45.74562133482814,97886.27565964135,230456.02398117425,-230410.27835983943,-132569.74832153288,110539.74112720232,166834.66031707422,1084816.0205189325,1.4839137479921782,2.137961713919416,73.53563355175416,157351.219557164,370455.77820318006,-370382.2425696283,-213104.55864601608,177691.54007597384,268185.0657893594,1743831.019566794,1.483913747992178,1.3299999237060565,4.876637735495075,0.0823529437936677,0.0593011343597729,4.817336601135303,0.0230518094338947,6.151676140494589,-0.7375753024302284,0.7773620599236539,1.1417450936792506,1.0,10.426064771143189,0.1760674408594195,0.1267835548531859,10.299281216290003,0.0492838860062335,13.15204806480904,-1.5769077577283666,1.66197032197031,2.4410072973415766,1.4621770460239814,22.290527307548103,0.3764254476252108,0.2710583862307153,22.019468921317387,0.1053670613944954,28.11857522218964,-3.371368412405765,3.553228918042832,5.218780145114197,2.137961713919416,8.6262835006432,0.1456741055637561,0.1048977645343181,8.521385736108883,0.040776341029438,10.881698676488146,-1.30469680278391,1.3750755900396294,2.0196326645013265,1.3299999237060565,100.73920684776492,238293.1974730593,561001.6381958867,-560900.898989039,-322708.44072282745,269089.3775616179,406109.35987581534,2640797.779031926,1.1417450936792506,1.0,147.29855585788766,348426.84348072833,820283.7178962029,-820136.4193403451,-471856.8744154746,393456.31107594667,593803.7841185833,3861313.895218214,2.4410072973415766,1.4621770460239814,215.3765671339766,509461.7310268396,1199400.0195521507,-1199184.6429850168,-689938.2885253112,575302.7847742559,868246.259398944,5645924.522946337,5.218780145114197,2.137961713919416,133.98313733078953,316929.9337991079,746132.1343990124,-745998.1512616817,-429202.2005999045,357888.8508628822,540125.416461803,3512260.837195256,2.0196326645013265,1.3299999237060565,-0.305742121677018,-0.1923079163717324,0.400971129747862,0.2875369244425764,0.11343420530528558,True
J1204+0358,10.357,10.068081927913177,-0.0282924049101658,3.068,4.0,11.449999809265137,2.818381693478142,1.7892131127149071,0.9999966581273918,0.0017882201169334,10.075694839400816,-0.0275365474621778,J1204+0358,2.95,2.95,measured,0.0079411447588113,0.027536547462180632,2.818381693478142,18.110707747856747,0.0880042840634984,0.0637406332735193,18.04696711458323,0.024263650789979,28.376464185123023,-0.7059471537751634,0.7373333671712107,1.4771362262057846,1.0,18.110707747856743,0.0880042840634981,0.0637406332735195,18.046967114583225,0.0242636507899786,28.37646418512301,-0.7059471537751646,0.7373333671712077,1.4771362262057843,1.678803649471296,18.11070774785676,0.0880042840634978,0.0637406332735191,18.04696711458324,0.0242636507899786,28.37646418512304,-0.7059471537751643,0.7373333671712092,1.477136226205784,2.818381693478142,18.110707747856758,0.0880042840634978,0.0637406332735192,18.04696711458324,0.0242636507899786,28.376464185123027,-0.7059471537751645,0.7373333671712099,1.4771362262057846,1.4499998092651367,98.09493207799925,200936.56073406705,473945.58703229495,-473847.492100217,-273009.0262982279,227256.12659613523,299587.9461305602,1943215.0128526068,1.4771362262057846,1.0,58.43145034998543,119690.32872403142,282311.5062201585,-282253.0747698085,-162621.17749612706,135367.90119611772,178453.23722856265,1157499.873319927,1.4771362262057843,1.678803649471296,34.805410596400506,71295.01342772276,168162.31385670597,-168127.50844610957,-96867.3004289832,80633.55189336368,106297.86119161076,689479.0073256185,1.477136226205784,2.818381693478142,67.65168616995638,138576.9564768934,326859.06810452056,-326791.4164183506,-188282.1116276272,156728.38358163866,206612.40346470947,1340148.458829286,1.4771362262057846,1.4499998092651367,4.705424255595489,0.088288310598143,0.0676862325399689,4.63773802305552,0.020602078058174,5.758194210323756,-0.7600687746917009,0.7845646147396761,1.0612009310899753,1.0,13.261681582018356,0.2488301583379166,0.1907656386911528,13.070915943327202,0.0580645196467637,16.228789149868316,-2.142163920375455,2.211202547533033,2.990869277285946,1.678803649471296,37.3764805954967,0.7012983630448497,0.5376503838318117,36.83883021166489,0.1636479792130379,45.73892224730543,-6.037435577615554,6.232012780539325,8.429411218688912,2.818381693478142,9.893151894673196,0.1856261241975865,0.1423102664759264,9.75084162819727,0.0433158577216601,12.106600142169611,-1.5980441783716506,1.649546668523104,2.231174370633473,1.4499998092651367,91.76572488727518,211397.99212335417,498581.5941876528,-498489.8284627655,-287183.6020642986,239071.8102949955,315125.5371944867,2044259.672960577,1.0612009310899753,1.0,154.05663386260227,354895.7205515107,837020.5997011058,-836866.5430672433,-482124.8791495952,401354.62752628897,529033.90151061,3431910.597207259,2.990869277285946,1.678803649471296,258.63083905729616,595800.2308810789,1405193.2373911566,-1404934.606552099,-809393.0065100777,673795.6133849173,888144.0449029172,5761504.037301879,8.429411218688912,2.818381693478142,133.0602835306309,306527.0478399132,722943.21552316,-722810.1552396293,-416416.1676832467,346654.0788764226,456931.9680411538,2964176.131056343,2.231174370633473,1.4499998092651367,-0.16246318953536154,0.09904152797762858,0.18999973699754216,0.07150498051544794,0.11849475648209422,True
J1205+4910,14.904,13.738786075654424,-0.0814067000693894,6.248,4.0,11.720000267028809,5.248077829311783,1.7892131127149071,0.9999966581273916,0.0017882201169331,13.748472142645085,-0.0807019322591804,J1205+4910,4.45,4.45,measured,0.0091575699982273,0.08070193225918618,5.248077829311783,9.065007203800176,0.0400726739952761,0.0273524297421384,9.037654774058035,0.0127202442531376,14.73735063073006,-0.5587108867464465,0.5945922649799529,1.4884603254307949,1.0,9.06500720380018,0.0400726739952755,0.027352429742138,9.037654774058042,0.0127202442531375,14.73735063073006,-0.5587108867464431,0.5945922649799495,1.4884603254307949,2.2908683570453765,9.065007203800194,0.0400726739952758,0.0273524297421384,9.037654774058057,0.0127202442531374,14.737350630730084,-0.5587108867464446,0.5945922649799525,1.4884603254307949,5.248077829311783,9.06500720380019,0.0400726739952757,0.027352429742138,9.037654774058051,0.0127202442531376,14.737350630730084,-0.5587108867464439,0.5945922649799511,1.4884603254307949,1.7200002670288086,65.32767229768007,148110.14596249652,348079.99502896087,-348014.6673566632,-199969.84906646435,167012.71113538038,446266.0302944429,2908574.717407224,1.4884603254307949,1.0,28.516554479056435,64652.40383220762,151942.38218461268,-151913.86563013363,-87289.97835240506,72903.67026869747,194802.12803579375,1269638.5249871504,1.4884603254307949,2.2908683570453765,12.44792367821868,28221.78913884212,66325.2348975967,-66312.78697391848,-38103.44575875458,31823.59645798229,85034.18674572266,554217.1460338734,1.4884603254307949,5.248077829311783,37.98119894078697,86110.5367340065,202372.05900716287,-202334.0778082221,-116261.52227315636,97100.39851527078,259456.95450782552,1691031.552598109,1.4884603254307949,1.7200002670288086,2.569626595663876,0.0398854595998552,0.0268812139899622,2.542745381673914,0.013004245609893,3.346436755263716,-0.570323038829514,0.6159042223526274,0.9752384701670568,1.0,13.485600366313486,0.2093219962379094,0.1410747031657052,13.34452566314778,0.0682472930722042,17.562360542493554,-2.993099695626885,3.2323132943083293,5.11812739357567,2.2908683570453765,70.77348029740885,1.0985381276434618,0.7403710219606849,70.03310927544817,0.3581671056827769,92.1686349934408,-15.708020153539318,16.963431737249316,26.860330901817782,5.248077829311783,7.601985681017496,0.1179971803181634,0.0795254081604269,7.522460272857069,0.0384717721577365,9.900101570739308,-1.6872442019600964,1.8220916171648007,2.8851463859759683,1.7200002670288086,59.17746046399997,145542.1577059772,342040.74627430434,-341981.56881384033,-196498.58856832716,164115.30781751295,438515.9208727762,2858117.8624488264,0.9752384701670568,1.0,135.56777165073268,333417.9241180961,783570.3233871401,-783434.7556154893,-450152.39926904393,375966.56602632825,1004582.248781528,6547571.781631162,5.11812739357567,2.2908683570453765,310.56791814801943,763816.5706773201,1795056.4560109454,-1794745.8880927972,-1031239.8853336253,861289.9078132624,2301365.6816135314,14999624.98395831,26.860330901817782,5.248077829311783,101.78524783851866,250332.5504799043,588310.1757758899,-588208.3905280514,-337977.6252959856,282278.3736744117,754247.5022508083,4915963.49441299,2.8851463859759683,1.7200002670288086,0.14536958336251546,0.02618017554543294,0.06466765110332928,0.05452175671375324,0.01014589438957604,True
J1213+6708,6.917,10.542582467578384,0.421440379382503,3.315,4.0,11.489999771118164,3.09029380386682,1.7892131127149071,0.9999966581273916,0.0017882201169332,10.55049378316763,0.4221905133000192,J1213+6708,3.75,3.75,measured,0.0089574523705583,-0.42219051330006907,3.09029380386682,16.978835443548597,0.0766435413191545,0.054181605808462,16.924653837740134,0.0224619355106924,27.225020200997804,-0.6119172097199479,0.644473021927205,1.4852698880554305,1.0,16.9788354435486,0.076643541319154,0.054181605808462,16.924653837740138,0.022461935510692,27.225020200997808,-0.6119172097199492,0.6444730219272029,1.4852698880554305,1.7579231507283872,16.978835443548586,0.0766435413191545,0.0541816058084626,16.924653837740124,0.0224619355106918,27.225020200997783,-0.6119172097199492,0.6444730219272046,1.4852698880554305,3.09029380386682,16.978835443548597,0.0766435413191535,0.0541816058084619,16.924653837740134,0.0224619355106915,27.225020200997804,-0.6119172097199463,0.6444730219272026,1.4852698880554305,1.489999771118164,108.23283241232446,234834.26492378573,552613.8927581904,-552505.659925778,-317779.6278344047,265087.5341384364,376449.8217108937,2449342.7037931453,1.4852698880554305,1.0,61.56858015424848,133586.1949514647,314356.1151243384,-314294.5465441841,-180769.9201728737,150795.8603518341,214144.64053630127,1393316.1410973617,1.4852698880554305,1.7579231507283872,35.023476519973975,75990.9188017502,178822.44512708986,-178787.4216505699,-102831.52632533966,85780.69000392212,121816.83901385572,792592.182521031,1.4852698880554305,3.09029380386682,72.63949603593852,157606.91366094674,370881.86480990576,-370809.2253138698,-213274.95114895905,177911.12436264812,252650.9262003133,1643854.4182754485,1.4852698880554305,1.489999771118164,5.731169501885153,0.0937336808664873,0.066426921405772,5.664742580479381,0.0273067594607153,7.285305398510691,-0.7691332514089533,0.8149579345510434,1.2298788881670435,1.0,17.71099760058609,0.2896646131953331,0.205278703630206,17.505718896955884,0.0843859095651271,22.513734132294974,-2.3768477211770334,2.518459455555183,3.800687107609221,1.7579231507283872,54.73218614539144,0.8951487593570255,0.6343715058942427,54.0978146394972,0.2607772534627828,69.57405309093629,-7.345157785488373,7.782779650792017,11.745239819081291,3.09029380386682,12.72376550208892,0.208098080958959,0.1474743629052888,12.576291139183631,0.0606237180536701,16.174101546161182,-1.7075522068519726,1.809287554640186,2.730453280758841,1.489999771118164,120.41187577466748,287313.4010448168,676091.4971587377,-675971.0852829631,-388778.0961139209,324320.63460290857,460548.88102600095,2996646.8086478203,1.2298788881670435,1.0,211.6748240448761,505074.8787791497,1188516.893988338,-1188305.2191642933,-683442.0152091883,570130.7514145796,809609.5389057203,5267874.792865997,3.800687107609221,1.7579231507283872,372.1080738734354,887882.8252829436,2089321.3698490057,-2088949.2617751325,-1201438.5445660625,1002246.0501206112,1423231.3575723304,9260519.091020709,11.745239819081291,3.09029380386682,179.41366744604255,428096.9024479693,1007376.1776993978,-1007196.7640319518,-579279.2752514285,483237.6721316772,686217.7282296196,4465003.064820418,2.730453280758841,1.489999771118164,-0.10879523197850655,-0.05135566277560761,0.3133952813215625,0.37083485052446147,-0.057439569202898944,False
J1218+0830,8.303,11.828951699995631,0.3539331650895727,6.461,4.0,11.59000015258789,3.890452816839944,1.7892131127149071,0.9999966581273916,0.0017882201169331,11.824850494862288,0.353586395877532,J1218+0830,4.6,4.6,measured,0.0091646506801271,-0.3535863958775679,3.890452816839944,8.774181921430593,0.0386818864346529,0.0262218155626029,8.747960105867989,0.01246007087205,14.29910613348776,-0.5495291443376475,0.5860584100181191,1.4889462738906063,1.0,8.774181921430594,0.0386818864346523,0.0262218155626025,8.747960105867993,0.0124600708720497,14.299106133487758,-0.5495291443376451,0.5860584100181183,1.4889462738906063,1.9724230826168971,8.774181921430586,0.0386818864346527,0.0262218155626027,8.747960105867984,0.0124600708720499,14.299106133487747,-0.5495291443376455,0.5860584100181183,1.4889462738906063,3.890452816839944,8.774181921430594,0.0386818864346529,0.0262218155626027,8.747960105867993,0.0124600708720502,14.299106133487758,-0.5495291443376467,0.5860584100181203,1.4889462738906063,1.5900001525878906,64.76416942677358,148081.50169993815,347934.47399044293,-347869.7098210162,-199852.9722905048,166949.7657986442,461172.62287327496,3006611.441851388,1.4889462738906063,1.0,32.834826368655165,75075.93236524795,176399.51469242247,-176366.6798660538,-101323.58232717452,84641.96527189773,233810.1941371105,1524323.7997315666,1.4889462738906063,1.9724230826168971,16.646948958251514,38062.793528642935,89432.89939342819,-89416.25244446994,-51370.105864785255,42912.68248476647,118539.57544739176,772817.8692242946,1.4889462738906063,3.890452816839944,40.73217815938153,93133.01140781752,218826.69315285975,-218785.9609747004,-125693.68174504228,104999.84308000446,290045.648433483,1890950.4202227064,1.4889462738906063,1.5900001525878906,2.5160501145498086,0.0385501608033353,0.0257668810453895,2.490283233504419,0.0127832797579457,3.290272948161142,-0.5619085647437763,0.608720827997232,0.975662985213474,1.0,9.78857425546076,0.1499775816869673,0.1002448349442148,9.688329420516544,0.0497327467427525,12.800651659345768,-2.1860787585139105,2.368199659950972,3.7957708091102265,1.9724230826168971,38.08198628500425,0.5834807051369056,0.3899978004823763,37.69198848452187,0.1934829046545292,49.8003313054886,-8.5048362638944,9.213369037895651,14.76726723638172,3.890452816839944,6.360827515455147,0.0974586802325879,0.0651412644737006,6.295686250981446,0.0323174157588873,8.318140636783728,-1.4205613151833614,1.538907420629117,2.466574066338663,1.5900001525878906,58.82190287553086,145526.53840927343,341927.6895449264,-341868.86764205084,-196401.15113565297,164067.78451304848,453204.2557728373,2954711.6565381163,0.975662985213474,1.0,116.02167902726936,287039.9039691299,674426.0685129138,-674310.0468338865,-387386.1645437839,323611.08579462976,893910.5371530949,5827941.4856985845,3.7957708091102265,1.9724230826168971,228.8438378882262,566164.1335746942,1330253.548194536,-1330024.7043566478,-764089.4146198418,638297.9769056787,1763169.7823951426,11495166.342093889,14.76726723638172,3.890452816839944,93.52683464454356,231387.21929114684,543665.080914448,-543571.5540798035,-312277.8616233012,260867.8035359563,720594.8395721216,4697992.007935244,2.466574066338663,1.5900001525878906,0.0033535215975801194,-0.13812827340749317,0.356939917475148,0.21545812247007473,0.1414817950050733,True
J1250+0523,15.46,14.55282263159587,-0.06047107305774,4.882,4.0,11.770000457763672,5.888442760205689,1.789213112714907,0.9999966581273918,0.0017882201169334,14.563625387888994,-0.0597290349642487,J1250+0523,3.35,3.35,measured,0.0085885603812877,0.05972903496425258,5.888442760205689,11.465439525136416,0.0530346404817104,0.0381999984068431,11.427239526729572,0.0148346420748673,18.195826643975224,-0.6529794069937758,0.6839062753559595,1.4822208561807713,1.0,11.465439525136423,0.0530346404817105,0.038199998406843,11.427239526729585,0.0148346420748674,18.195826643975234,-0.652979406993776,0.6839062753559585,1.482220856180771,2.4266113739545707,11.465439525136416,0.0530346404817111,0.0381999984068433,11.427239526729572,0.0148346420748677,18.19582664397522,-0.6529794069937795,0.6839062753559617,1.4822208561807713,5.888442760205689,11.465439525136407,0.0530346404817107,0.038199998406843,11.427239526729563,0.0148346420748676,18.195826643975213,-0.6529794069937779,0.6839062753559617,1.4822208561807713,1.770000457763672,67.56789124536812,142518.1606149744,335713.7604244354,-335646.19253319,-193195.59980946095,161011.82397740838,337179.1173801765,2190893.046203561,1.4822208561807713,1.0,27.84454567635732,58731.34944873188,138346.73484643816,-138318.89030076182,-79615.38539770628,66352.53821804984,138950.6045162886,902861.1129956584,1.482220856180771,2.4266113739545707,11.47466214781933,24203.03066236655,57012.31620186655,-57000.84153971873,-32809.28553949999,27343.70199542598,57261.16925579457,372066.6288925844,1.4822208561807713,5.888442760205689,38.17393997929207,80518.71391228712,189668.74199110028,-189630.568051121,-109150.02807881316,90967.1085904624,190496.62696552355,1237792.3597939853,1.4822208561807713,1.770000457763672,2.750105154159834,0.048862807909157,0.0357524491480157,2.714352705011818,0.0131103587611413,3.438905617024926,-0.6250916939190128,0.6556383408819738,0.9257803471895132,1.0,16.193836784816835,0.2877258474759971,0.2105262503452546,15.98331053447158,0.0771995971307424,20.2497988836011,-3.680816659522115,3.860688841679723,5.4514045829488,2.4266113739545707,95.35648097550724,1.6942571834940954,1.239671774678774,94.11680920082848,0.4545854088153214,119.2397816317622,-21.674278210407596,22.73344525919593,32.10028384941697,5.888442760205689,8.61580889396765,0.1530823700799782,0.1120089058720759,8.503799988095574,0.0410734642079023,10.773752980267538,-1.95835078082972,2.0540504206003254,2.9003787499219014,1.770000457763672,56.61606691044011,132833.61022689682,312887.9340701448,-312831.31800323434,-180054.32384324796,150065.24504148524,314235.20286847505,2041948.5013838117,0.9257803471895132,1.0,137.38519190317902,322335.54934091587,759257.4193692922,-759120.034177389,-436921.8700283764,364150.0303472472,762526.7172801003,4955015.457793004,5.4514045829488,2.4266113739545707,333.3804693369356,782183.1108031031,1842422.6909927076,-1842089.3105233705,-1060239.5801896043,883650.6061334237,1850356.0062382796,12023896.875246432,32.10028384941697,5.888442760205689,100.2104643359399,235115.5506907836,553811.7860764003,-553711.5756120643,-318696.2353856167,265615.55220199534,556196.452182374,3614249.777639741,2.9003787499219014,1.770000457763672,0.20351778233754533,0.2759136038052022,0.14378874737329275,0.2161845688409496,-0.07239582146765686,False
J1251-0208,10.913,10.664635998279763,-0.0230215182842568,9.4,4.0,11.5,3.1622776601683795,1.7892131127149076,0.9999966581273918,0.0017882201169333,10.659084723830071,-0.0235421848834347,J1251-0208,3.1500000000000004,3.1500000000000004,measured,0.0083253380787355,0.023542184883437296,3.1622776601683795,5.934341485598696,0.0280001157455959,0.0202864238408631,5.914055061757833,0.0077136919047328,9.361042041956187,-0.6776777985117669,0.7083409870078495,1.480043553017984,1.0,5.934341485598696,0.0280001157455959,0.0202864238408632,5.914055061757833,0.0077136919047327,9.361042041956182,-0.6776777985117677,0.7083409870078512,1.480043553017984,1.7782794100389228,5.934341485598694,0.0280001157455963,0.0202864238408633,5.91405506175783,0.0077136919047329,9.361042041956182,-0.6776777985117697,0.7083409870078521,1.4800435530179838,3.1622776601683795,5.934341485598696,0.0280001157455959,0.0202864238408631,5.914055061757833,0.0077136919047327,9.36104204195618,-0.6776777985117669,0.708340987007851,1.480043553017984,1.5,33.54986991817132,69734.27349906889,164365.39890790294,-164331.84903798476,-94631.12540883404,78822.77013256919,318076.54102414055,2065085.5729493813,1.480043553017984,1.0,18.86647831174774,39214.463796746015,92429.45629785863,-92410.58981954688,-53214.99250111262,44325.301040327104,178867.583733987,1161282.9586043037,1.480043553017984,1.7782794100389228,10.609400414455546,22051.913509467216,51976.90287851902,-51966.29347810456,-29924.9893690518,24925.94849682516,100584.63389147673,653037.3967684872,1.4800435530179838,3.1622776601683795,22.366579946384224,46489.515694916845,109576.93267079911,-109554.56609085274,-63087.41697588227,52548.51345284893,212051.02751430092,1376723.71631642,1.480043553017984,1.5,1.01811116738695,0.0194675662832195,0.0144800268033399,1.00363114058361,0.0049875394798795,1.2601006521135911,-0.4952232452396636,0.5170575910362791,0.6939713826352896,1.0,3.219550200195701,0.0615618499552724,0.0457898652788414,3.1737603349168597,0.015771984676431,3.984788141742414,-1.566033405217476,1.6350796691545062,2.194530200103739,1.7782794100389228,10.181111673869498,0.1946756628321977,0.1448002680334008,10.036311405836098,0.0498753947987969,12.6010065211359,-4.952232452396651,5.170575910362808,6.939713826352901,3.1622776601683795,2.2907501266206407,0.043802024137244,0.032580060307515,2.258170066313125,0.011221963829729,2.835226467255585,-1.1142523017892432,1.163379579831629,1.561435610929402,1.5,21.24706706659127,49483.87997311728,116628.15830218316,-116606.91123511655,-67144.27832906587,55930.4506255789,225678.4364446507,1465333.2251577936,0.6939713826352896,1.0,37.78322189271544,87996.16494358072,207397.45267539137,-207359.66945349865,-119401.28773181063,99459.9688062962,401319.3171390662,2605771.9051196706,2.194530200103739,1.7782794100389228,67.18912552943428,156481.76807846135,368810.6193427032,-368743.4302171737,-212328.8512642418,176867.61444094888,713657.8772485639,4633790.5183696095,6.939713826352901,3.1622776601683795,31.87060060156653,74225.82000576811,174942.23755789342,-174910.36695729184,-100716.4175521253,83895.67598807684,338517.6549301972,2197999.839360062,1.561435610929402,1.5,-0.10483206458464661,0.09727640211031086,0.1283742494680839,0.07373421722687357,0.054640032241210335,True
J1306+0600,11.376,9.838895165584168,-0.1451624482208795,3.674,4.0,11.43000030517578,2.691536695250786,1.7892131127149065,0.9999966581273918,0.0017882201169335,9.846076949810955,-0.1444327764181121,J1306+0600,,4.0,default_4,0.0090800974320567,0.14443277641812605,2.691536695250786,15.360690585273652,0.0686807245858871,0.0479315497046333,15.312759035569018,0.0207491748812537,24.765270332498368,-0.5906503488256964,0.624423651609781,1.4866307276038333,1.0,15.36069058527365,0.0686807245858874,0.0479315497046332,15.312759035569016,0.0207491748812541,24.76527033249836,-0.5906503488256949,0.6244236516097825,1.4866307276038333,1.6405903496152798,15.360690585273668,0.0686807245858864,0.0479315497046332,15.312759035569034,0.0207491748812531,24.76527033249839,-0.5906503488256937,0.6244236516097772,1.4866307276038333,2.691536695250786,15.36069058527365,0.0686807245858872,0.0479315497046334,15.312759035569016,0.0207491748812538,24.76527033249836,-0.5906503488256953,0.6244236516097823,1.4866307276038333,1.4300003051757797,102.52118955487838,226152.53428524535,531906.5645401964,-531804.0433506416,-305754.0302549511,255178.3823438116,401350.7402813667,2613154.69516949,1.4866307276038333,1.0,62.49042583502123,137848.26578655306,324216.5634191684,-324154.0729933334,-186368.29763261531,155540.5849381365,244637.9994090135,1592813.6478681609,1.4866307276038333,1.6405903496152798,38.09020691169195,84023.57490226314,197621.88915230715,-197583.79894539545,-113598.31425004402,94807.6924592488,149115.83513296643,970878.3502878386,1.4866307276038333,2.691536695250786,71.69312423578691,158148.59147700988,371962.55281637394,-371890.85969213815,-213813.9613393641,178446.38297097315,280664.79315384483,1827380.5139082705,1.4866307276038333,1.4300003051757797,5.226356578688878,0.0832151384049392,0.0578655615974016,5.168491017091476,0.0253495768075375,6.702788709927356,-0.7337651819167308,0.7827657750870824,1.2103620343361592,1.0,14.066930514006492,0.2239765986172676,0.1557472824307005,13.91118323157579,0.0682293161865671,18.0408017732822,-1.9749559128262464,2.106842807433308,3.257733829954168,1.6405903496152798,37.8616596679915,0.6028412340558246,0.4191995258478181,37.44246014214369,0.1836417082080064,48.55747998453455,-5.315666310874342,5.670644727331897,8.768310146681518,2.691536695250786,10.68738112933966,0.1701667091546683,0.1183293374157519,10.56905179192391,0.0518373717389164,13.706538483143351,-1.5004770609338438,1.600678416675755,2.475070380421412,1.4300003051757797,113.0371610277641,272691.8174877962,641354.1266158407,-641241.0894548129,-368662.3091280445,307685.92848344625,483921.9310989839,3150862.260385173,1.2103620343361592,1.0,185.44767555636852,447375.5647342588,1052199.3919804057,-1052013.9443048493,-604823.827246147,504786.5655346726,793917.6515094186,5169274.225778861,3.257733829954168,1.6405903496152798,304.24366708318814,733960.0359577965,1726228.172596773,-1725923.9289296898,-992268.1366389764,828147.9700537962,1302493.6411024835,8480661.432033127,8.768310146681518,2.691536695250786,161.64317473287863,389949.3818643928,917136.5959263112,-916974.9527515784,-527187.2140619184,439990.97121958586,692008.508429873,4505733.989420144,2.475070380421412,1.4300003051757797,-0.18807162035694172,-0.19657558596112512,0.33250439677506777,0.34100836237925114,-0.008503965604183372,False
J1313+4615,13.185,11.693566219397464,-0.1200410250276577,4.933,4.0,11.579999923706056,3.801893295314423,1.789213112714908,0.9999966581273916,0.0017882201169332,11.70193006240468,-0.1193260290076727,J1313+4615,,4.0,default_4,0.0090800974320587,0.11932602900768242,3.801893295314423,11.440335943704715,0.0511520336769811,0.0356984621153095,11.404637481589408,0.0154535715616716,18.444679343523006,-0.5906503488256938,0.624423651609783,1.486630727603833,1.0,11.440335943704738,0.0511520336769813,0.0356984621153098,11.404637481589427,0.0154535715616715,18.44467934352304,-0.5906503488256941,0.6244236516097843,1.4866307276038333,1.949844428490238,11.440335943704753,0.0511520336769813,0.0356984621153096,11.40463748158944,0.0154535715616716,18.444679343523063,-0.5906503488256938,0.6244236516097816,1.4866307276038333,3.801893295314423,11.440335943704737,0.0511520336769808,0.0356984621153095,11.404637481589424,0.0154535715616712,18.44467934352303,-0.5906503488256938,0.6244236516097809,1.486630727603833,1.5799999237060565,76.35573697855115,168433.89647060633,396153.3993301223,-396077.04359314375,-227719.50285951595,190051.76912665355,401350.740445724,2613154.6962157087,1.486630727603833,1.0,39.15991236024942,86383.24875093767,203171.79824214109,-203132.63832978084,-116788.54949120342,97470.22178203666,205837.31415436423,1340186.250908323,1.4866307276038333,1.949844428490238,20.08360863565389,44302.63657166714,104198.9792116392,-104178.89560300352,-59896.34263997205,49988.71743468996,105566.01951141703,687329.8384667401,1.4866307276038333,3.801893295314423,48.32641819286714,106603.73756933464,250730.01281121172,-250681.6863930189,-144126.27524187713,120285.93617256342,254019.46956076025,1653895.4653734392,1.486630727603833,1.5799999237060565,3.3076907871814454,0.0533899891188012,0.0370530016808377,3.2706377855006075,0.0163369874379634,4.245630716696009,-0.6323665887930129,0.6754318469339506,1.0321733243112876,1.0,12.575487426758484,0.2029830416676818,0.140871558661652,12.434615868096833,0.0621114830060297,16.141434956187616,-2.4041902941130138,2.567919810300032,3.924212841301491,1.949844428490238,47.81066133310372,0.7717198651788852,0.5355786343762242,47.275082698727495,0.236141230802661,61.36801333668328,-9.14047495984826,9.762957109684734,14.919438490730872,3.801893295314423,8.25731848367239,0.1332827559644434,0.0924991044629775,8.164819379209414,0.0407836515014659,10.598791497585694,-1.578639799806342,1.6861478998468205,2.5767172379652146,1.5799999237060565,72.35538960590999,174633.69774177356,410727.5528640961,-410655.1974744902,-236093.85512232257,197044.1651691869,416105.26415914553,2709301.4308725465,1.0321733243112876,1.0,141.08175320973845,340508.5422071705,800854.8295659623,-800713.7478127526,-460346.2873587918,384205.4671339482,811340.5304475098,5282716.296563907,3.924212841301491,1.949844428490238,275.08747077672626,663938.6864565541,1561542.3338229202,-1561267.2463521436,-897603.6473663661,749140.8925253493,1581987.8192642387,10300474.977817569,14.919438490730872,3.801893295314423,114.3215101875516,275921.2303464769,648949.5051090573,-648835.1835988697,-373028.2747625804,311329.76732465567,657446.2890326509,4280696.07519423,2.5767172379652146,1.5799999237060565,-0.01488966519255691,-0.022905368045873786,0.13421569420023932,0.1422313970535562,-0.008015702853316875,False
J1318-0313,22.8,12.970294614029036,-0.5640988228530577,9.522,4.0,11.670000076293944,4.677352234557798,1.7892131127149071,0.9999966581273916,0.0017882201169331,12.96426069313054,-0.5645641418790373,J1318-0313,,4.0,default_4,0.0090800974320527,0.5645641418790703,4.677352234557798,5.926819702824565,0.0264999981231407,0.0184940678024388,5.908325635022126,0.0080059303207018,9.555513883805837,-0.5906503488256939,0.6244236516097812,1.4866307276038329,1.0,5.926819702824572,0.0264999981231405,0.0184940678024385,5.908325635022133,0.008005930320702,9.555513883805846,-0.5906503488256905,0.6244236516097802,1.486630727603833,2.1627187136929757,5.926819702824565,0.0264999981231406,0.0184940678024386,5.908325635022126,0.008005930320702,9.555513883805837,-0.5906503488256911,0.6244236516097827,1.486630727603833,4.677352234557798,5.926819702824564,0.0264999981231412,0.0184940678024389,5.908325635022125,0.0080059303207022,9.55551388380584,-0.5906503488256946,0.6244236516097823,1.4866307276038333,1.6700000762939435,39.55711518317752,87259.44278024962,205232.5903865486,-205193.03327136545,-117973.14760629898,98458.87211960964,401350.7420497777,2613154.7061364534,1.4866307276038329,1.0,18.29045770260778,40347.10660875561,94895.6461288226,-94877.35567112,-54548.539520067,45525.50971315028,185576.94909607363,1208273.0319211525,1.486630727603833,2.1627187136929757,8.45715976572866,18655.734671443144,43877.94180013862,-43869.484640372895,-25222.20712869548,21050.129770351705,85807.25145464577,558682.467819537,1.486630727603833,4.677352234557798,23.686894218166344,52251.16077787689,122893.76065772804,-122870.07376350988,-70642.59987985116,58957.40555801482,240329.77379422865,1564763.220099719,1.4866307276038333,1.6700000762939435,1.2875146267737474,0.0214029651196466,0.0147920931848984,1.272722533588849,0.0066108719347481,1.6561429618845689,-0.4897614315804344,0.5244793413124351,0.7817947092380021,1.0,6.022159416566032,0.1001092067285415,0.0691878301121712,5.95297158645386,0.0309213766163702,7.746363983517956,-2.2907867264029624,2.453174619067117,3.656729230219831,2.1627187136929757,28.167760803938435,0.468246021791553,0.3236158517793714,27.844144952159063,0.1446301700121816,36.23247288800577,-10.714816413636258,11.474361786254097,17.103810636141557,4.677352234557798,3.5907498706960626,0.0596907348761251,0.0412536724527111,3.5494961982433515,0.018437062423414,4.618817528421155,-1.3658957813365555,1.4627205686350115,2.18034746381218,1.6700000762939435,28.8636287722944,69734.25735249734,164010.61963858065,-163981.75600980836,-94276.36228608331,78683.14506664098,320729.12479722354,2088298.2300615024,0.7817947092380021,1.0,62.42391004322192,150815.58288794453,354708.8352033756,-354646.4112933324,-203893.25231543108,170169.5097476236,693646.8777889883,4516401.646803021,3.656729230219831,2.1627187136929757,135.00535833041116,326171.6824813562,767135.433548464,-767000.4281901335,-440963.7510671078,368028.7821548016,1500163.0784017525,9767706.329733886,17.103810636141557,4.677352234557798,48.20226220983021,116456.21470560852,273897.7463591049,-273849.544096895,-157441.53165349638,131400.85781107357,535617.6609089387,3487458.1912651844,2.18034746381218,1.6700000762939435,0.08030845352234887,0.059135960984350575,0.48425568835672145,0.5054281808947197,-0.0211724925379983,False
J1330-0148,2.016,4.101537893997885,0.7102466492669784,1.466,4.0,10.670000076293944,0.4677352234557798,1.7892131127149071,0.9999966581273918,0.0017882201169332,4.104551610964752,0.7109811567569432,J1330-0148,2.85,2.85,measured,0.0077416824833212,-0.7109811567571959,0.4677352234557798,37.82019735290515,0.1875461472112186,0.1352577065114882,37.68493964639366,0.0522884406997304,59.0403385755184,-0.7216670515048054,0.7540974059516535,1.4752844873479916,1.0,37.82019735290512,0.1875461472112211,0.1352577065114886,37.68493964639363,0.0522884406997324,59.04033857551834,-0.7216670515048073,0.7540974059516591,1.4752844873479911,0.6839117073539389,37.82019735290515,0.187546147211218,0.1352577065114878,37.68493964639366,0.0522884406997301,59.0403385755184,-0.7216670515048076,0.7540974059516526,1.4752844873479916,0.4677352234557798,37.820197352905154,0.187546147211218,0.1352577065114869,37.68493964639367,0.052288440699731,59.0403385755184,-0.7216670515048049,0.7540974059516555,1.4752844873479911,0.6700000762939435,200.4196048345399,407648.21831518353,961891.3860909804,-961690.966486146,-554243.1677757968,461193.2867189334,290667.0382427996,1884351.180041784,1.4752844873479916,1.0,293.048945806738,596053.868215456,1406455.5067443291,-1406162.4577985224,-810401.6385288731,674346.2382072592,425006.6718337254,2755255.0450652526,1.4752844873479911,0.6839117073539389,428.4894418645352,871536.2842870362,2056486.9581972824,-2056058.4687554175,-1184950.673910246,986013.5905704654,621434.9999514475,4028670.682759781,1.4752844873479916,0.4677352234557798,299.13370444509314,608430.1071559346,1435658.6213825438,-1435359.4876780987,-827228.5142266093,688348.1105844124,433831.3508305537,2812464.126754902,1.4752844873479911,0.6700000762939435,15.142626169507723,0.2790728667748227,0.2176811029748742,14.924945066532851,0.0613917637999484,18.446311231247723,-1.171171957931096,1.2010889149066089,1.6375570511654098,1.0,7.082739635102035,0.1305322097013686,0.1018171193420539,6.980922515759981,0.0287150903593147,8.627989505682514,-0.5477983774480456,0.5617915920041068,0.7659431132484404,0.6839117073539389,3.312846805903554,0.0610545122728454,0.0476234530670791,3.265223352836475,0.0134310592057663,4.035614599414525,-0.256224596484375,0.2627697158216173,0.3582585732296746,0.4677352234557798,6.797526435581593,0.1252758384259228,0.0977170693798065,6.699809366201787,0.0275587690461162,8.280550997545253,-0.525739211648734,0.5391689366935699,0.7350995276819792,0.6700000762939435,283.12500622649577,648423.3495857837,1529882.994434887,-1529599.8694286605,-881459.6448491034,733535.5241718552,462242.3359564738,2997111.8994404003,1.6375570511654098,1.0,193.63250643591056,443464.3205068849,1046304.8916936304,-1046111.2591871944,-602840.5711867453,501673.5331774235,316132.9455518442,2049759.9184790363,0.7659431132484404,0.6839117073539389,132.42753805528278,303290.4405844485,715580.1648845989,-715447.7373465437,-412289.7243001504,343100.4026065889,216207.02253940777,1401854.8054860807,0.3582585732296746,0.4677352234557798,189.693775735701,434443.6935854349,1025021.722744298,-1024832.0289685624,-590578.029158863,491468.8570416188,309702.4002637537,2008065.2007089632,0.7350995276819792,0.6700000762939435,-1.1251308496285362,-1.0477538182651362,0.4141496928713403,0.3367726615079404,0.0773770313633999,True
J1402+6321,15.239,14.891793159318208,-0.0230476647760489,7.704,4.0,11.789999961853027,6.165949477018448,1.789213112714907,0.9999966581273916,0.0017882201169331,14.887005285501743,-0.0233692273714365,J1402+6321,3.95,3.95,measured,0.0090629906527992,0.023369227371438362,6.165949477018448,7.321845831218278,0.0327922591885183,0.0229442336404172,7.298901597577861,0.0098480255481011,11.79237895832299,-0.5946758870821633,0.6282047977290189,1.4863827763517137,1.0,7.321845831218288,0.0327922591885185,0.0229442336404173,7.298901597577871,0.0098480255481012,11.79237895832301,-0.5946758870821611,0.6282047977290212,1.486382776351714,2.483132996240525,7.321845831218272,0.032792259188518,0.022944233640417,7.298901597577855,0.0098480255481009,11.792378958322985,-0.5946758870821616,0.6282047977290187,1.4863827763517137,6.165949477018448,7.321845831218287,0.0327922591885183,0.0229442336404173,7.29890159757787,0.0098480255481009,11.792378958323004,-0.5946758870821639,0.6282047977290174,1.4863827763517137,1.7899999618530271,48.430252050552994,106487.8742455282,250482.20993439248,-250433.77968234196,-143994.3356888643,120164.90275409089,396360.4740387021,2580328.530014845,1.4863827763517137,1.0,19.503688333916784,42884.48279221868,100873.45716508749,-100853.95347675357,-57988.9743728688,48392.45539177679,159621.12165944782,1039142.298950306,1.486382776351714,2.483132996240525,7.8544678683357665,17270.31245575621,40623.461226258725,-40615.60675839039,-23353.148770502517,19488.466942062925,64282.14739609296,418480.3222916694,1.4863827763517137,6.165949477018448,27.056007311156737,59490.43375562566,139934.1983663358,-139907.14235902464,-80443.76461071015,67131.2319676349,221430.4368625649,1441524.347461761,1.4863827763517137,1.7899999618530271,1.704236499917278,0.0282561229663554,0.0196210927086639,1.684615407208614,0.0086350302576915,2.1867881435145127,-0.526074036855279,0.5622268548360807,0.8399017977360332,1.0,10.508236155380692,0.1742258266269684,0.120982666325518,10.387253489055174,0.0532431603014503,13.483625209853464,-3.2437459324207785,3.466662381542255,5.178792050497346,2.483132996240525,64.79325322665606,1.0742676445736508,0.7459730081581177,64.04728021849795,0.328294636415533,83.13935181100894,-20.00077353559065,21.37526509846998,31.932170135351427,6.165949477018448,5.460543936643919,0.090535439737669,0.0628679404682531,5.397675996175666,0.0276674992694159,7.006687591993601,-1.6855937496440885,1.8014309887991184,2.6911292354238587,1.7899999618530271,37.74404833769783,90968.78679584611,213973.7900837263,-213936.0460353886,-123005.00328788016,102650.86433148412,338580.61103937315,2204248.484314184,0.8399017977360332,1.0,93.72349183768272,225887.59612611917,531325.378481371,-531231.6549895332,-305437.78235525184,254895.7483105688,840740.6872668895,5473442.143945577,5.178792050497346,2.483132996240525,232.7278950797963,560908.9423627482,1319351.5767887572,-1319118.8488936774,-758442.634426009,632940.0421615575,2087670.9367202483,13591284.759379197,31.932170135351427,6.165949477018448,67.56184509150715,162834.124753189,383013.0757866238,-382945.5139415323,-220178.9510334348,183745.04309552084,606059.2800776482,3945604.698176221,2.6911292354238587,1.7899999618530271,0.22771147307969075,0.18301509977172536,0.20434224570825238,0.159645872400287,0.04469637330796539,True
J1403+0006,8.268,9.9528290133296,0.185464191886548,3.598,4.0,11.4399995803833,2.7542260421949853,1.7892131127149076,0.9999966581273918,0.0017882201169334,9.960127050236572,0.1861971857434552,J1403+0006,3.45,3.45,measured,0.0087105748452234,-0.1861971857434759,2.7542260421949853,15.581099728252411,0.071526687971463,0.0513065075680405,15.52979322068437,0.0202201804034224,24.79637854844721,-0.6417667496989363,0.6730163262283653,1.4831169869868288,1.0,15.581099728252424,0.0715266879714635,0.0513065075680409,15.529793220684384,0.0202201804034225,24.79637854844724,-0.641766749698938,0.6730163262283663,1.4831169869868286,1.6595861056887,15.581099728252438,0.0715266879714631,0.0513065075680406,15.529793220684397,0.0202201804034224,24.79637854844725,-0.6417667496989381,0.6730163262283644,1.4831169869868284,2.7542260421949853,15.581099728252449,0.0715266879714635,0.051306507568041,15.529793220684407,0.0202201804034224,24.79637854844728,-0.6417667496989401,0.6730163262283658,1.483116986986828,1.4399995803833008,93.69622061544575,199065.49788425615,468786.3147866589,-468692.6185660434,-269720.8169024028,224845.94487268265,346892.39295725647,2254836.055699043,1.4831169869868288,1.0,56.45758319817945,119948.8821293968,282471.8246478859,-282415.3670646877,-162522.94251848912,135483.14511024315,209023.438089367,1358673.7392099644,1.4831169869868286,1.6595861056887,34.01907440142844,72276.38364223726,170206.1878941093,-170172.16881970785,-97929.80425187205,81636.7072439729,125949.13704242888,818682.2805857663,1.4831169869868284,2.7542260421949853,65.0668388655817,138239.96961208316,325546.14738771605,-325481.08054885047,-187306.17777563288,156143.0630537251,240897.56575384573,1565858.8311023917,1.483116986986828,1.4399995803833008,4.549116169575613,0.0781423405314494,0.0567617864884452,4.492354383087168,0.0213805540430041,5.713852537437112,-0.7256263882564746,0.7625561208496455,1.1044572818495508,1.0,12.529294223215462,0.2152216692897883,0.1563347905479882,12.372959432667471,0.0588868787418,15.737241459871203,-1.9985390954398736,2.100251926679277,3.04192500816192,1.6595861056887,34.508508439903345,0.5927691264026084,0.4305813514283674,34.07792708847498,0.1621877749742409,43.34392026108808,-5.504428423005311,5.784568551630243,8.378149075883757,2.7542260421949853,9.433041791643731,0.1620358628913157,0.117701171866054,9.31534061977768,0.0443346910252617,11.848237716462224,-1.5046580017721027,1.5812354506478623,2.290201284911113,1.4399995803833008,93.17986513543,219448.66813287395,516768.6303909711,-516675.4505258357,-297319.96225809713,247861.23598935647,382378.8418054688,2485647.890976408,1.1044572818495508,1.0,154.64000954667736,364193.961076804,857622.0400371924,-857467.4000276458,-493428.0789603884,411347.0639489102,634590.6141755389,4125146.710922533,3.04192500816192,1.6595861056887,256.6384112611098,604411.2372396515,1423297.620990778,-1423040.982579517,-818886.3837511266,682665.8716735531,1053157.7649259735,6846036.158440095,8.378149075883757,2.7542260421949853,134.17896676995358,316005.9905815618,744146.6122628644,-744012.4332960944,-428140.62168130255,356920.0764599761,550625.3727690437,3579331.926380542,2.290201284911113,1.4399995803833008,-0.1697867321439735,-0.032451173375532986,0.01641045359950241,0.1537460123679429,-0.1373355587684405,False
J1416+5136,27.02,12.529880184396902,-0.7684611259684826,4.355,4.0,11.640000343322754,4.365161773191001,1.7892131127149071,0.9999966581273916,0.0017882201169331,12.539130251952496,-0.7677231576311305,J1416+5136,4.25,4.25,measured,0.0091283829740272,0.7677231576311735,4.365161773191001,12.98679586995303,0.0576601370870935,0.0397372101746116,12.94705865977842,0.0179229269124819,21.03960019548626,-0.572022724566257,0.6069939004965607,1.4877256803159296,1.0,12.986795869953047,0.0576601370870942,0.0397372101746117,12.947058659778437,0.0179229269124824,21.03960019548629,-0.5720227245662577,0.6069939004965611,1.4877256803159296,2.089296956679686,12.986795869953024,0.0576601370870932,0.0397372101746113,12.947058659778412,0.0179229269124819,21.039600195486248,-0.572022724566257,0.606993900496559,1.4877256803159296,4.365161773191001,12.986795869953037,0.0576601370870922,0.0397372101746106,12.947058659778424,0.0179229269124815,21.03960019548627,-0.5720227245662526,0.6069939004965568,1.487725680315929,1.640000343322754,90.5360351360853,202853.9253216849,476891.06765086425,-476800.53161572816,-274037.1423291794,228804.0904808689,426321.58164088416,2777400.623298023,1.4877256803159296,1.0,43.333253784262645,97091.955240063,228254.3269335385,-228210.9936797543,-131162.37169347555,109512.4803381642,204050.25888314855,1329347.0009237216,1.4877256803159296,2.089296956679686,20.74059107070503,46471.11318632956,109249.34653201047,-109228.6059409398,-62778.23334568093,52415.94792426355,97664.55574190793,636265.2269099904,1.4877256803159296,4.365161773191001,55.20488797616106,123691.39261420869,290787.1769474464,-290731.9720594702,-167095.78433323768,139514.66080049553,259952.13111632835,1693536.6208396866,1.487725680315929,1.640000343322754,4.25469710028567,0.0663822065622741,0.0453686994280629,4.209328400857607,0.0210135071342111,5.501783035437778,-0.6748422841121682,0.7245836721775988,1.141949990361746,1.0,18.572441138673653,0.2897690705057096,0.1980417124427736,18.37439942623088,0.091727358062936,24.01617299068383,-2.9457957415393405,3.162924947268019,4.984796444822926,2.089296956679686,81.07171009337803,1.2648888696246017,0.8644841126524738,80.20722598072555,0.4004047569721278,104.834480277275,-12.858874962596367,13.806679071286482,21.75944288807945,4.365161773191001,11.443438112137414,0.1785416575228085,0.1220237050713514,11.321414407066063,0.056517952451457,14.79760184766444,-1.8150565672871275,1.9488410606416284,3.0713899800254088,1.640000343322754,94.9250272417043,231466.2434622665,544148.1408268756,-544053.2157996339,-312681.89736460906,261073.4382625314,486436.9273327449,3169113.912894955,1.141949990361746,1.0,198.32657080969076,483601.7210899546,1136887.0616698088,-1136688.7350989992,-653285.3405798542,545459.9433886455,1016311.199648811,6621220.101507606,4.984796444822926,2.089296956679686,414.3631010279348,1010387.6053010254,2375294.6811055234,-2374880.3180044955,-1364907.075804498,1139627.801184886,2123375.8985875607,13833695.021119168,21.75944288807945,4.365161773191001,155.6770774503617,379604.7206763262,892403.1422221886,-892247.4651447383,-512798.42154586245,428160.530498493,797756.7327658552,5197347.9356949385,3.0713899800254088,1.640000343322754,0.04352665194800987,-0.02444620886633738,0.7241965056831636,0.7921693664975109,-0.06797286081434728,False
J1420+6019,1.528,7.293691701944933,1.563050133397781,2.729,4.0,11.170000076293944,1.4791086480080775,1.7892131127149071,0.9999966581273918,0.0017882201169334,7.299000302797708,1.5637777032094689,J1420+6019,3.1500000000000004,3.1500000000000004,measured,0.0083253380787309,-1.5637777032099867,1.4791086480080775,20.44075117795081,0.0964459831471635,0.069876285857134,20.370874892093678,0.0265696972900294,32.24397039002866,-0.6776777985117709,0.7083409870078535,1.480043553017984,1.0,20.4407511779508,0.0964459831471618,0.0698762858571327,20.370874892093667,0.0265696972900291,32.24397039002864,-0.6776777985117648,0.7083409870078529,1.4800435530179838,1.216186107472075,20.440751177950823,0.0964459831471615,0.0698762858571326,20.37087489209369,0.0265696972900289,32.24397039002866,-0.6776777985117669,0.7083409870078534,1.480043553017984,1.4791086480080775,20.4407511779508,0.0964459831471624,0.0698762858571332,20.370874892093664,0.0265696972900291,32.24397039002864,-0.6776777985117683,0.7083409870078528,1.480043553017984,1.1700000762939435,115.56202907307052,240198.6704691189,566154.1779712281,-566038.6159421551,-325955.5075021092,271503.86228505924,318076.5414628719,2065085.5756883563,1.480043553017984,1.0,95.02002064779894,197501.5738142404,465516.0702958216,-465421.0502751738,-268014.4964815812,223242.0354017611,261536.07515022368,1698001.2856257798,1.4800435530179838,1.216186107472075,78.1295067446697,162394.20336044536,382767.13410617824,-382689.0045994336,-220372.93074573288,183559.1068809247,215046.09688422212,1396168.955846604,1.480043553017984,1.4791086480080775,98.77095856478977,205297.99551203323,483892.4281367445,-483793.65717817977,-278594.4326247113,232054.56796333197,271860.2740497511,1765030.291025974,1.480043553017984,1.1700000762939435,6.252282093792924,0.1116541017568053,0.083716029519398,6.168566064273525,0.0279380722374073,7.739808400895785,-0.824884749230298,0.857459379618728,1.2024109433756052,1.0,9.247804514715137,0.165148547494062,0.1238251032390391,9.123979411476096,0.0413234442550228,11.448017539690486,-1.220094166196497,1.2682755837096988,1.778496424806408,1.216186107472075,13.678507632803372,0.2442726448044395,0.1831507810413554,13.495356851762017,0.061121863763084,16.932861745504454,-1.804651832605452,1.8759173839225125,2.6305894423826075,1.4791086480080775,8.558750074399537,0.1528433198282538,0.1145988877547439,8.444151186644794,0.0382444320735099,10.595025101757503,-1.1291848804862377,1.1737762978404425,1.645980555050689,1.1700000762939435,123.10595812373728,285950.70212409867,673954.9013603025,-673831.7954021788,-388004.1992362038,323203.26311444334,378610.9540704815,2458326.12509258,1.2024109433756052,1.0,149.71975597441363,347769.27106670535,819654.5874130984,-819504.8676571241,-471885.3163463931,393075.31816273794,460461.3820973729,2989782.078598078,1.778496424806408,1.216186107472075,182.08708731237965,422952.156605366,996852.5234245867,-996670.4363372744,-573900.3668192208,478052.7417538493,560006.7366761339,3636131.432982547,2.6305894423826075,1.4791086480080775,144.03398037347267,334562.3432220492,788527.285824747,-788383.2518443735,-453964.9426026979,378147.8424137655,442974.84503206855,2876241.7531799325,1.645980555050689,1.1700000762939435,-0.4076907112904289,-0.22288190504191008,1.1560869919195578,1.3408957981680767,-0.18480880624851892,False
J1430+4105,28.064,17.496440217354646,-0.4724901721033174,10.959,4.0,11.93000030517578,8.511386362914989,1.7892131127149076,0.999996658127392,0.0017882201169328,17.48928686873557,-0.4728991016477089,J1430+4105,5.2,5.2,measured,0.0090710645644678,0.47289910164773014,8.511386362914989,5.186432410691225,0.0226922953563697,0.0150070326770718,5.1714253780141535,0.0076852626792979,8.522426830961633,-0.5183773112701895,0.5571903398289766,1.4904848654382257,1.0,5.186432410691221,0.0226922953563698,0.015007032677072,5.171425378014149,0.0076852626792978,8.52242683096163,-0.518377311270189,0.5571903398289754,1.4904848654382254,2.91742803902941,5.186432410691218,0.0226922953563699,0.015007032677072,5.1714253780141455,0.0076852626792979,8.522426830961626,-0.5183773112701902,0.5571903398289758,1.490484865438226,8.511386362914989,5.186432410691226,0.0226922953563696,0.0150070326770718,5.171425378014154,0.0076852626792977,8.522426830961637,-0.5183773112701884,0.5571903398289739,1.490484865438226,1.9300003051757797,41.81365121699062,98600.94815308394,231497.58894852508,-231455.77529730808,-132896.64079544114,111095.34809873484,520021.3013306409,3393635.6120655006,1.4904848654382257,1.0,14.332367629253635,33797.216750099586,79349.88799651728,-79335.55562888803,-45552.671246417696,38079.89305176928,178246.4869281472,1163228.553094131,1.4904848654382254,2.91742803902941,4.912672199375534,11584.593075134311,27198.57584103944,-27193.663168840063,-15613.982765905126,13052.556032006789,61097.132124954296,398717.1351068067,1.490484865438226,8.511386362914989,21.66510078715128,51088.56554441892,119946.91704271264,-119925.2519419255,-68858.35149829373,57562.34682163517,269441.0426632528,1758360.1210212745,1.490484865438226,1.9300003051757797,1.307422368123045,0.0194131068200772,0.0125829851069648,1.2948393830160805,0.0068301217131124,1.7385836380611506,-0.4569012572422853,0.5012904454505904,0.8264826214114279,1.0,11.127976914612509,0.1652324526502179,0.1070986478441836,11.020878266768324,0.0581338048060342,14.797757067780791,-3.8888631300907046,4.266676661267725,7.03451291306746,2.91742803902941,94.71451095786564,1.4063572441980616,0.9115579707476172,93.80295298711802,0.4947992734504444,125.9494277084382,-33.0996166126969,36.315333549681824,59.873457278031786,8.511386362914989,4.870019119137104,0.0723119044623296,0.0468703760474204,4.823148743089684,0.0254415284149092,6.4760522414283,-1.7019120313216909,1.8672573707683136,3.07856609007427,1.9300003051757797,32.698101875796,82740.8216169583,194259.5218833675,-194226.8237814917,-111518.7002664092,93224.94924384836,436368.085480996,2847748.7949936283,0.8264826214114279,1.0,95.39435916311076,241390.3920636152,566738.173999083,-566642.7796399199,-325347.7819354678,271977.07991547824,1273072.4817799877,8308102.14475631,7.03451291306746,2.91742803902941,278.3061780171748,704239.0962425858,1653417.8351082671,-1653139.52893025,-949178.7388656812,793473.5567727481,3714097.34234042,24238290.07546834,59.873457278031786,8.511386362914989,63.10734646050786,159689.80925230213,374920.9325483845,-374857.825201924,-215231.1232960824,179924.1786016789,842190.5271932154,5496155.975566249,3.07856609007427,1.9300003051757797,0.3756878879784011,0.0923584545261046,0.09721121366932906,0.38054064712162555,-0.2833294334522965,False
J1432+6317,6.143,13.58146401874111,0.7933927011144337,6.718,4.0,11.710000038146973,5.12861429039393,1.7892131127149071,0.9999966581273916,0.0017882201169327,13.577360541141855,0.7930905173714347,J1432+6317,3.65,3.65,measured,0.0088811327771843,-0.7930905173715238,5.12861429039393,8.367936951484692,0.0379552892596075,0.0269680030195609,8.34096894846513,0.0109872862400466,13.385793758663418,-0.6212897866939215,0.6533762304162345,1.484627129679367,1.0,8.367936951484674,0.037955289259607,0.0269680030195607,8.340968948465113,0.0109872862400463,13.385793758663384,-0.6212897866939204,0.6533762304162312,1.484627129679367,2.264644407052447,8.367936951484682,0.037955289259607,0.0269680030195606,8.340968948465122,0.0109872862400464,13.3857937586634,-0.6212897866939197,0.6533762304162363,1.4846271296793665,5.12861429039393,8.36793695148468,0.0379552892596069,0.0269680030195604,8.34096894846512,0.0109872862400464,13.385793758663391,-0.6212897866939193,0.6533762304162324,1.484627129679367,1.7100000381469729,52.335313769826925,112774.7184950062,265443.4464209512,-265391.1111071813,-152668.72792594496,127327.2845388438,366543.4438032347,2384161.911518645,1.484627129679367,1.0,23.10972688577332,49797.98064276043,117211.97607621348,-117188.86634932773,-67413.99543345306,56223.96344883107,161854.74511746888,1052775.3941585524,1.484627129679367,2.264644407052447,10.20457199187162,21989.31561621026,51757.34242005705,-51747.13784806518,-29768.02680384679,24826.83959318044,71470.26903756722,464874.48115272087,1.4846271296793665,5.12861429039393,30.605445948599574,65950.12616853727,155230.08184727537,-155199.47640132677,-89279.9556787381,74460.39850342364,214352.8858236259,1394246.6976209832,1.484627129679367,1.7100000381469729,1.907981258818596,0.0327975307113172,0.0233176068822094,1.8846636519363864,0.0094799238291078,2.4194810392790704,-0.5529856537162331,0.5860032127151729,0.8499657187370119,1.0,9.785299949780846,0.1682058846956949,0.119587011873887,9.665712937906958,0.0486188728218079,12.40858503338379,-2.836050126031904,3.005384450947785,4.3591463314595895,2.264644407052447,50.18502915823717,0.8626631039786903,0.613315658041924,49.57171350019524,0.2493474459367662,63.63884652578056,-14.545007204640712,15.413457643258573,22.35638016944192,5.12861429039393,5.579128247831751,0.0959032638318149,0.0681830173263448,5.510945230505405,0.0277202465054701,7.074804822607847,-1.6169854221756106,1.7135320707519688,2.4853848690476767,1.7100000381469729,40.902326636239074,97295.25091882006,229002.26058023685,-228961.3582536006,-131707.0096614168,109847.71920829096,316210.43898729933,2056866.667604711,0.8499657187370119,1.0,92.62922519470582,220339.14553325585,518608.6879212887,-518516.058696094,-298269.5423880329,248766.02259622936,716104.201092025,4658071.588484056,4.3591463314595895,2.264644407052447,209.7722567864476,498989.8134102642,1174464.2641416143,-1174254.491884828,-675474.4507313503,563366.5815433811,1621721.3731583145,10548875.766155316,22.35638016944192,5.12861429039393,69.94298006397229,166374.88244190672,391593.8735305034,-391523.93055043946,-225218.9910885967,187839.6036565868,540719.8614503604,3517242.072100295,2.4853848690476767,1.7100000381469729,0.14990748936299553,0.1907811332755832,0.9429980067345194,0.983871650647107,-0.04087364391258763,False
J1436-0000,20.629,13.272295175448455,-0.4410190597052441,7.005,4.0,11.6899995803833,4.897783461428336,1.7892131127149071,0.9999966581273916,0.0017882201169333,13.267883189828042,-0.4413515356668096,J1436-0000,2.95,2.95,measured,0.0079411447588098,0.44135153566683627,4.897783461428336,7.931998768083445,0.0385434894370895,0.027916668505804,7.904082099577641,0.0106268209312855,12.42812164453354,-0.7059471537751643,0.7373333671712126,1.477136226205784,1.0,7.931998768083452,0.0385434894370895,0.0279166685058041,7.904082099577648,0.0106268209312854,12.428121644533556,-0.7059471537751651,0.7373333671712086,1.4771362262057843,2.213093640456349,7.931998768083445,0.0385434894370893,0.0279166685058038,7.904082099577641,0.0106268209312854,12.428121644533544,-0.7059471537751626,0.7373333671712119,1.4771362262057846,4.897783461428336,7.931998768083446,0.0385434894370895,0.0279166685058043,7.904082099577641,0.0106268209312851,12.428121644533542,-0.7059471537751667,0.7373333671712077,1.4771362262057846,1.6899995803833008,42.96291956025144,88004.76334801372,207575.3117121064,-207532.3487925461,-119570.54836409264,99532.0193038429,299587.94547296315,1943215.0088188013,1.477136226205784,1.0,19.41305997510045,39765.49471459514,93794.18393990124,-93774.77087992616,-54028.6892253061,44974.15636481956,135370.6596165923,878053.6783200968,1.4771362262057843,2.213093640456349,8.771910787317015,17968.283869776435,42381.48008187315,-42372.70817108583,-24413.19621209672,20321.849736109896,61168.06689374968,396753.9663241685,1.4771362262057846,4.897783461428336,25.421852218008645,52073.83753568973,122825.65905832576,-122800.23720610776,-70751.82152263602,58894.70075859328,177271.01822243887,1149831.6550838195,1.4771362262057846,1.6899995803833008,1.3936659226579031,0.0274261573836893,0.0209144858893143,1.372751436768589,0.006511671494375,1.702335895719608,-0.5388032457631823,0.5577554921822709,0.7330869550601512,1.0,6.825873906750122,0.1343273800443643,0.1024346230929597,6.723439283657162,0.0318927569514045,8.337672595851268,-2.638941626062821,2.7317656251311404,3.590501164282463,2.213093640456349,33.431652330275945,0.6579064203982832,0.5017026028623419,32.9299497274136,0.1562038175359412,40.83611494676456,-12.924964651805258,13.379596499265764,17.585497220661843,4.897783461428336,3.9804472650609073,0.0783318092049192,0.0597338334853664,3.9207134315755408,0.0185979757195528,4.862039137334507,-1.538875186037287,1.5930046701547838,2.09376861260694,1.6899995803833008,28.30901106082718,65341.4210095234,154107.5662599248,-154079.25724886396,-88766.14525040139,73895.17638803346,222394.5272279656,1442701.775718862,0.7330869550601512,1.0,62.650492367286645,144606.6834826165,341054.4752913048,-340991.8247989375,-196447.79180868823,163536.94514168674,492179.9145852078,3192834.129273746,3.590501164282463,2.213093640456349,138.65140625207775,320028.13196525694,754785.4911405032,-754646.8397342511,-434757.3591752463,361922.5736627864,1089240.2407392147,7066040.917614348,17.585497220661843,4.897783461428336,47.84221683980253,110426.9743841602,260441.7230117248,-260393.88079488496,-150014.74862756458,124882.81742058942,375846.658870535,2438165.4028405314,2.09376861260694,1.6899995803833008,0.10480975392167531,0.2791650141069641,0.336541781745161,0.16218652155987218,0.1743552601852888,True
J1443+0304,4.589,6.656,0.3718565681061432,1.664,4.0,11.119999885559082,1.3182563911826832,1.7892131127149076,0.9999966581273916,0.0017882201169332,6.656,0.3718565681061432,J1443+0304,4.15,4.15,measured,0.0091153906227638,-0.37185656810621087,1.3182563911826832,33.96132051897747,0.1511727702248691,0.1047015962119712,33.8566189227655,0.0464711740128978,54.91719413645456,-0.5791887929074082,0.6136873003242714,1.4873142183535348,1.0,33.961320518977494,0.1511727702248693,0.1047015962119709,33.85661892276552,0.0464711740128984,54.91719413645456,-0.5791887929074061,0.6136873003242731,1.487314218353535,1.14815347022194,33.96132051897752,0.1511727702248698,0.104701596211971,33.85661892276555,0.0464711740128987,54.91719413645462,-0.5791887929074085,0.6136873003242729,1.4873142183535348,1.3182563911826832,33.9613205189775,0.1511727702248692,0.1047015962119706,33.856618922765534,0.0464711740128986,54.91719413645459,-0.579188792907408,0.6136873003242749,1.4873142183535348,1.119999885559082,232.7339963552073,518276.5931795122,1218634.775536889,-1218402.0415405338,-700358.1823573768,584661.1979852255,416333.3493943584,2711705.1913117887,1.4873142183535348,1.0,202.70286377270804,451400.1021944473,1061386.660076539,-1061183.9572127664,-609986.5578820917,509218.6836119032,362611.2368386599,2361796.80237126,1.487314218353535,1.14815347022194,176.54683717984287,393153.1055656144,924429.2581361252,-924252.7112989456,-531276.1525705109,443510.9914445691,315821.2264894445,2057039.294493697,1.4873142183535348,1.3182563911826832,207.7982324354444,462747.0068050301,1088066.878269957,-1087859.0800375214,-625319.8714649269,522018.98164898704,371726.2439334196,2421165.603860541,1.4873142183535348,1.119999885559082,20.59621225350062,0.3124749540644036,0.2161564894703762,20.38005576403025,0.0963184645940274,26.489914702752003,-1.225178783822738,1.307596125845108,2.1138525806397985,1.0,27.151088437332305,0.4119221052799162,0.2849496737399348,26.86613876359237,0.1269724315399814,34.920499358787026,-1.615099762115748,1.723746949981035,2.786599674446422,1.14815347022194,35.792095860079655,0.5430189479546772,0.3756367285730905,35.41645913150656,0.1673822193815867,46.03417146301192,-2.129115583806722,2.272340433594153,3.6734528305065823,1.3182563911826832,25.83588337100079,0.3919685022761699,0.2711466449804323,25.56473672602036,0.1208218572957376,33.22894221250508,-1.5368639523555496,1.640248245060926,2.6516161352734384,1.119999885559082,440.7072256867239,1068754.889928085,2512945.9495340623,-2512505.2423083754,-1444191.0596059773,1205632.3472583515,858501.6336664304,5591824.770669444,2.1138525806397985,1.0,505.9995307815203,1227094.637140322,2885247.6159352963,-2884741.6164045148,-1658152.9787949745,1384250.964987159,985691.631124572,6420273.023106239,2.786599674446422,1.14815347022194,580.965117169949,1408892.9668261465,3312707.064643049,-3312126.099525879,-1903814.097816903,1589332.5500342543,1131725.2678585805,7371458.757445727,3.6734528305065823,1.3182563911826832,493.59204277384174,1197005.3578396956,2814499.1842227858,-2814005.592180012,-1617493.82638309,1350308.0949311445,961521.7343927016,6262843.12153472,2.6516161352734384,1.119999885559082,-0.5406511794758396,-0.7474450141863852,0.16879461136962876,0.37558844608017433,-0.20679383471054558,False
J1451-0239,5.221,9.39609856836934,0.5876056027739056,3.451,4.0,11.390000343322754,2.454710856206481,1.7892131127149076,0.999996658127392,0.001788220116933,9.402939590355771,0.5883334083382803,J1451-0239,3.35,3.35,measured,0.0085885603812816,-0.5883334083383654,2.454710856206481,16.21972638705187,0.0750261126721847,0.0540401020638096,16.165686284988062,0.0209860106083751,25.740952093853103,-0.6529794069937759,0.6839062753559615,1.4822208561807713,1.0,16.219726387051868,0.0750261126721848,0.0540401020638096,16.16568628498806,0.0209860106083751,25.74095209385311,-0.652979406993777,0.6839062753559604,1.4822208561807713,1.5667516893900195,16.21972638705189,0.0750261126721859,0.0540401020638101,16.16568628498808,0.0209860106083758,25.740952093853128,-0.6529794069937802,0.6839062753559617,1.4822208561807713,2.454710856206481,16.219726387051878,0.0750261126721856,0.0540401020638104,16.165686284988066,0.0209860106083752,25.740952093853124,-0.652979406993778,0.6839062753559604,1.482220856180771,1.390000343322754,95.58575630594407,201615.08554434532,474921.6396650586,-474826.0539087527,-273306.55412071326,227777.3760347484,337179.1175182304,2190893.046998877,1.4822208561807713,1.0,61.008873927533465,128683.49630062965,303125.0211456573,-303064.01227172976,-174441.52484502766,145381.92443093486,215209.03347676052,1398366.478412083,1.4822208561807713,1.5667516893900195,38.93972116723871,82133.94453010037,193473.55634012425,-193434.61661895705,-111339.61181002388,92791.93726987876,137360.01374768076,892525.9111533018,1.4822208561807713,2.454710856206481,68.76671417725072,145046.78835179805,341670.1600900965,-341601.39337591926,-196623.37173829848,163868.57543415367,242574.8448328341,1576181.6592727744,1.482220856180771,1.390000343322754,4.677526776090814,0.0815377986547362,0.0598029758582176,4.617723800232596,0.0217348227965186,5.848058237617953,-0.7373175374411117,0.7722952515405301,1.1051678218630132,1.0,11.48197575746664,0.2001517195489598,0.146799014072621,11.335176743394015,0.0533527054763387,14.355292043608562,-1.8099013636281285,1.8957615381532529,2.7128674502572085,1.5667516893900195,28.18493054255301,0.4913145988652315,0.3603491335244724,27.82458140902854,0.1309654653407591,35.238091223460486,-4.442784525960893,4.653546428483489,6.659305181595566,2.454710856206481,9.037453948491423,0.1575392586035402,0.1155453867338586,8.921908561757567,0.0419938718696816,11.29903890250698,-1.4245719178133909,1.4921523926089102,2.135295803435001,1.390000343322754,94.7564895376888,222157.8762445413,523290.1419787886,-523195.3854892509,-301132.26573424734,250976.9627794465,371497.3849493606,2414046.917916956,1.1051678218630132,1.0,148.45989004123786,348066.227367242,819865.7127975179,-819717.2529074766,-471799.4854302759,393218.57987024734,582044.1541846825,3782212.079040709,2.7128674502572085,1.5667516893900195,232.59978351095677,545333.3499513591,1284525.9910329129,-1284293.391249402,-739192.6410815538,616075.8745164304,911918.6623644528,5925787.167484261,6.659305181595566,2.454710856206481,131.71155300334783,308799.52434751927,727373.4772580692,-727241.7657050659,-418573.95291054994,348858.06454982085,516381.4927469867,3355526.0455125226,2.135295803435001,1.390000343322754,-0.2174283187211794,-0.053466194011831676,0.37090508961718605,0.5348672143265337,-0.16396212470934768,False
J1525+3327,32.832,19.406563791146137,-0.525792300953186,12.13,4.0,12.020000457763672,10.47129651766654,1.7892131127149071,0.9999966581273916,0.0017882201169331,19.39869556889201,-0.5261978244565313,J1525+3327,4.55,4.55,measured,0.0091634329840212,0.5261978244565526,10.47129651766654,4.672174925296509,0.0206154617369067,0.0140065769475361,4.658168348348973,0.0066088847893706,7.608143699364817,-0.5525185646871617,0.5888353153469659,1.488789823511458,1.0,4.672174925296512,0.0206154617369071,0.0140065769475362,4.658168348348975,0.0066088847893708,7.608143699364822,-0.5525185646871599,0.5888353153469662,1.488789823511458,3.2359382746997105,4.672174925296509,0.0206154617369072,0.0140065769475364,4.658168348348973,0.0066088847893708,7.608143699364818,-0.5525185646871638,0.5888353153469679,1.488789823511458,10.47129651766654,4.672174925296514,0.0206154617369067,0.014006576947536,4.658168348348978,0.0066088847893706,7.608143699364827,-0.5525185646871604,0.5888353153469659,1.488789823511458,2.020000457763672,34.21519379915826,78014.32454210092,183317.01725271443,-183282.8020589153,-105302.69271061353,87960.01711526772,456210.0485238936,2973974.13666536,1.488789823511458,1.0,10.573500140099473,24108.718400805214,56650.34431147808,-56639.77081133799,-32541.62591067287,27182.22961417113,140982.3088454575,919045.3861067112,1.488789823511458,3.2359382746997105,3.267522198387488,7450.302311420037,17506.620809132724,-17503.353286934336,-10056.318497712688,8400.107579051104,43567.675539855205,284012.02617773635,1.488789823511458,10.47129651766654,16.938210928142,38620.94415383189,90750.9784489997,-90734.04023807155,-52130.0342951678,43544.5532386198,225846.5086531961,1472264.097604822,1.488789823511458,2.020000457763672,1.0380807224534938,0.0163577094146125,0.010922404251413,1.0271583182020807,0.0054353051631995,1.3596783421914402,-0.4503574600417721,0.4885862768767903,0.7620064776416671,1.0,10.870051054084024,0.1712864256302363,0.1143717336023684,10.755679320481656,0.0569146920278678,14.237595089735828,-4.715826503040555,5.116131779639604,7.979195775768531,3.2359382746997105,113.8235277494875,1.7935909522254552,1.1976203357899735,112.62590741369752,0.5959706164354817,149.0860798830969,-49.38081763920843,53.57253288806345,83.55252494058462,10.47129651766654,4.235786499689842,0.0667460277467675,0.0445677985069826,4.191218701182859,0.0221782292397849,5.548034022020082,-1.8376394128299696,1.9936283477426355,3.1092926405975025,2.020000457763672,24.62585255369137,60852.01171515765,142987.6708925001,-142963.0450399464,-82135.65917734243,68609.11765625676,355839.3920687617,2319711.7934469827,0.7620064776416671,1.0,79.68773883087643,196913.3540161499,462699.2775048071,-462619.5897659762,-265785.9234886572,222014.8700315564,1151474.3102702326,7506444.18985245,7.979195775768531,3.2359382746997105,257.86460423818414,637199.4592401579,1497266.3024263517,-1497008.4378221133,-860066.8431861936,718426.4158173354,3726099.792240757,24290390.05758618,83.55252494058462,10.47129651766654,49.74423347771946,122921.09203710528,288835.1618497714,-288785.41761629365,-165914.0698126661,138590.44963939342,718795.738555976,4685818.90740287,3.1092926405975025,2.020000457763672,0.47799072051848845,0.2519256143776633,0.048207103938064155,0.2742722100788893,-0.22606510614082514,False
J1531-0105,12.99,13.120414364120492,0.0099895349658485,5.433,4.0,11.68000030517578,4.786304286528679,1.7892131127149071,0.999996658127392,0.0017882201169334,13.12976819927659,0.0107022031943002,J1531-0105,3.85,3.85,measured,0.0090100335817804,-0.010702203194300867,4.786304286528679,10.371551066486454,0.0466220975133202,0.0327894395572323,10.33876162692922,0.0138326579560878,16.668171876150566,-0.6030594679423533,0.6360992190608554,1.4858523103852934,1.0,10.371551066486456,0.0466220975133198,0.0327894395572321,10.338761626929225,0.0138326579560876,16.66817187615057,-0.6030594679423533,0.6360992190608568,1.4858523103852932,2.187762392612296,10.371551066486443,0.0466220975133205,0.0327894395572326,10.338761626929212,0.0138326579560879,16.668171876150552,-0.6030594679423571,0.6360992190608571,1.4858523103852932,4.786304286528679,10.371551066486456,0.0466220975133203,0.0327894395572326,10.338761626929225,0.0138326579560877,16.66817187615057,-0.6030594679423564,0.6360992190608541,1.4858523103852932,1.6800003051757797,67.35986794778063,147138.57506478747,346172.4667031568,-346105.106835209,-199033.8916383693,166064.6130469941,386392.5546404618,2514755.6185472338,1.4858523103852934,1.0,30.789389288628897,67255.28140953957,158231.2908366395,-158200.50144735086,-90976.00942709993,75906.14682493932,176615.4116551053,1149464.6917935335,1.4858523103852932,2.187762392612296,14.073461256678598,30741.58396594519,72325.62872350977,-72311.5552622531,-41584.04475756458,34695.790978572186,80728.7902592163,525406.5494696182,1.4858523103852932,4.786304286528679,40.09515223046536,87582.46934127621,206055.0025240537,-206014.90737182327,-118472.53318277752,98847.96612090824,229995.5266355388,1496878.073616188,1.4858523103852932,1.6800003051757797,2.750432421620632,0.0454649023862275,0.0318704023389754,2.7185620192816566,0.013594500047252,3.512949773521381,-0.6039907203343653,0.6429695423420586,0.9626525995427114,1.0,13.164406489410323,0.2176088571778069,0.1525414433284311,13.011865046081894,0.0650674138493758,16.814046559365405,-2.890883373759915,3.077447876619181,4.6075482636292575,2.187762392612296,63.00885520987049,1.0415422058967525,0.7301097640761476,62.27874544579434,0.3114324418206047,80.47714312098321,-13.836647483681627,14.729601963430978,22.05312800459649,4.786304286528679,7.762823287049944,0.1283201871141774,0.0899510562411394,7.672872230808805,0.038369130873038,9.914953042932831,-1.7047040283981938,1.8147178956012215,2.7169916840443835,1.6800003051757797,59.536542067532736,142800.0097426537,335957.7410672153,-335898.20452514774,-193157.7313245616,161164.97105235804,374979.484102697,2440562.813650404,0.9626525995427114,1.0,130.2518077837326,312412.4916326597,734995.7129504831,-734865.4611426994,-422583.2213178234,352590.6634066985,820366.0153047857,5339371.552814971,4.6075482636292575,2.187762392612296,284.9600064635709,683484.2989617148,1607995.976543651,-1607711.0165371874,-924511.677581936,771384.5919638277,1794765.9131591946,11681276.26278549,22.05312800459649,4.786304286528679,100.02140890055134,239904.0602021027,564409.1082042914,-564309.0867953909,-324505.04800218873,270757.20088118524,629965.6482103153,4100146.2748946873,2.7169916840443835,1.6800003051757797,0.1011041325098748,0.10784201782178582,0.11180633570417567,0.11854422101608669,-0.006737885311911024,False
J1538+5817,6.28,8.278392513805192,0.2762788282244659,2.512,4.0,11.279999732971191,1.9054595463785964,1.7892131127149076,0.9999966581273918,0.0017882201169333,8.28466846407646,0.2770366531917232,J1538+5817,4.05,4.05,measured,0.0091004436738233,-0.2770366531917618,1.9054595463785964,22.476805136819195,0.1003402150971724,0.0698476231956834,22.40695751362351,0.030492591901489,36.27502074395938,-0.5867299536215106,0.6207466512310689,1.4868681749852386,1.0,22.476805136819166,0.1003402150971753,0.0698476231956844,22.40695751362348,0.0304925919014909,36.27502074395933,-0.5867299536215134,0.6207466512310744,1.4868681749852384,1.380383840233794,22.476805136819188,0.1003402150971745,0.0698476231956836,22.406957513623503,0.0304925919014909,36.27502074395936,-0.5867299536215131,0.6207466512310718,1.4868681749852388,1.9054595463785964,22.47680513681918,0.1003402150971738,0.0698476231956834,22.406957513623496,0.0304925919014904,36.27502074395936,-0.5867299536215127,0.620746651231072,1.4868681749852384,1.2799997329711914,151.35708580686455,334948.81031052244,787717.7311998578,-787566.3741140509,-452768.92088933534,377908.5610259541,406343.67908926297,2645997.4208286502,1.4868681749852386,1.0,109.64854955208357,242649.0381899494,570651.2278139207,-570541.5792643686,-328002.1896239713,273770.6361130692,294370.0645710932,1916856.276158434,1.4868681749852384,1.380383840233794,79.43337666795887,175783.74268246896,413400.396474579,-413320.96309791104,-237616.65379211004,198329.35424918684,213252.3254720384,1388640.0409834692,1.4868681749852388,1.9054595463785964,118.24774808898034,261678.8137835217,615404.6086142266,-615286.3608661375,-353725.7948307048,295241.12619645125,317456.0670263617,2067185.925695875,1.4868681749852384,1.2799997329711914,9.860757636886367,0.1535332766561275,0.1066607236407925,9.754096913245576,0.0468725530153349,12.654932955869018,-0.9197356298918422,0.9808066518251468,1.5472287130362994,1.0,18.78927477373076,0.2925514476912118,0.2032376940849999,18.58603707964576,0.0893137536062118,24.113462809541662,-1.7525190361219538,1.8688873978718663,2.948181721686088,1.380383840233794,35.802202987135814,0.5574449488100941,0.3872612043782323,35.41494178275758,0.1701837444318618,45.94722790668643,-3.339354127588784,3.5610893333815885,5.617641006045637,1.9054595463785964,16.155858571523005,0.2515488155190249,0.174752856700478,15.981105714822528,0.0767959588185468,20.733833504063576,-1.5068942272893375,1.6069529478770983,2.534978465762905,1.2799997329711914,211.43258177525115,510850.5883576441,1201374.451112729,-1201163.0185309537,-690523.8627550849,576362.413028163,619712.9393471866,4035513.9321248,1.5472287130362994,1.0,291.8581193934274,705169.8987431607,1658357.8827732643,-1658066.0246538708,-953187.9840301035,795601.363157095,855441.7293602426,5570558.233324945,2.948181721686088,1.380383840233794,402.87623155024966,973405.1311785714,2289170.4187966734,-2288767.542565123,-1315765.287618102,1098235.2631107534,1180837.9370748089,7689508.551587683,5.617641006045637,1.9054595463785964,270.63364854868144,653888.6195295035,1537758.9834467089,-1537488.34979816,-883870.3639172054,737743.7380261583,793232.4006597976,5165456.779072045,2.534978465762905,1.2799997329711914,-0.3525002037783046,-0.41149134178880536,0.0754635505865428,0.13445468859704357,-0.058991138010500765,False
J1614+4522,7.64,10.302708127808554,0.2990091825283558,7.761,4.0,11.470000267028809,2.951211041237279,1.7892131127149076,0.9999966581273918,0.0017882201169329,10.297792906348125,0.2985319881586115,J1614+4522,,4.0,default_4,0.0090800974320499,-0.2985319881586456,2.951211041237279,7.2716373161056,0.0325129470594703,0.0226904411306302,7.24894687497497,0.00982250592884,11.723695812601372,-0.5906503488256958,0.6244236516097844,1.4866307276038329,1.0,7.271637316105591,0.0325129470594704,0.0226904411306304,7.24894687497496,0.0098225059288399,11.723695812601354,-0.5906503488256942,0.6244236516097854,1.4866307276038333,1.717908915291285,7.2716373161056,0.0325129470594701,0.0226904411306303,7.248946874974969,0.0098225059288397,11.723695812601372,-0.5906503488256926,0.6244236516097856,1.4866307276038329,2.951211041237279,7.271637316105595,0.0325129470594702,0.0226904411306304,7.248946874974965,0.0098225059288397,11.723695812601363,-0.5906503488256944,0.6244236516097836,1.4866307276038333,1.4700002670288086,48.532772890814606,107058.93710060306,251800.6336545593,-251752.10088166845,-144741.6965539562,120799.5588936684,401350.7402318666,2613154.694848743,1.4866307276038329,1.0,28.251074584114438,62319.33266729177,146573.9141222128,-146545.66304762868,-84254.58145492102,70317.7903647725,233627.4858169183,1521125.290567432,1.4866307276038333,1.717908915291285,16.445036378723337,36276.27302437025,85321.12107535475,-85304.67603897603,-49044.848050984496,40932.19957544092,135995.26982169657,885451.6564246092,1.4866307276038329,2.951211041237279,33.01548577692665,72829.1958347601,171292.91729234776,-171259.90180657082,-98463.72145758766,82176.55591166661,273027.6655753567,1777655.9365701063,1.4866307276038333,1.4700002670288086,1.7071639168481476,0.0281316642946596,0.0194663189933548,1.6876975978547928,0.0086653453013048,2.194435423758852,-0.5245446658696973,0.5612986013743799,0.8428307982660728,1.0,5.038201000604119,0.0830224782747806,0.0574492155454358,4.980751785058684,0.0255732627293448,6.476242051879307,-1.5480420095367673,1.6565106298071168,2.487371557737664,1.717908915291285,14.86879442095558,0.2450168545554122,0.1695447592281092,14.699249661727473,0.075472095327303,19.112757049231373,-4.568598670844041,4.888712460613677,7.340758404854961,2.951211041237279,3.689011848151401,0.0607897354595085,0.0420647839950617,3.646947064156339,0.0187249514644467,4.741957229974426,-1.133488980279366,1.2129105883656552,1.8212737336499216,1.4700002670288086,37.99281008232774,91762.94947862248,215820.7279860622,-215782.73517597988,-124057.77850743974,103538.74454209648,343992.59227289393,2239768.900747597,0.8428307982660728,1.0,65.26818716244199,157640.3891257544,370760.3529550452,-370695.0847678827,-213119.9638292908,177870.13244112916,590947.9418108489,3847718.967339287,2.487371557737664,1.717908915291285,112.1248007125088,270811.8306487788,636932.517671727,-636820.3928710145,-366120.6870229482,305564.68719008507,1015194.7405223836,6610030.735186983,7.340758404854961,2.951211041237279,55.84944098756724,134891.5605191373,317256.52840655553,-317200.678965568,-182364.96788741823,152201.98242708136,505669.2038454267,3292460.890490683,1.8212737336499216,1.4700002670288086,-0.13352928579942416,-0.13837096723021047,0.16500270235922146,0.16016102092843515,0.00484168143078631,True
J1621+3931,19.146,13.426026491269225,-0.3548987178776008,5.817,4.0,11.699999809265137,5.011870135142811,1.7892131127149071,0.999996658127392,0.001788220116933,13.435580218778714,-0.3541873882825062,J1621+3931,4.35,4.35,measured,0.0091467975678433,0.3541873882825284,5.011870135142811,9.730030092347786,0.0431012635315294,0.0295596617170973,9.700470430630688,0.013541601814432,15.791549536347956,-0.5652048822051243,0.6006374674480951,1.4881065801887112,1.0,9.730030092347787,0.043101263531529,0.0295596617170973,9.70047043063069,0.0135416018144317,15.79154953634796,-0.5652048822051204,0.6006374674480985,1.4881065801887114,2.2387206469639778,9.730030092347802,0.0431012635315292,0.0295596617170974,9.700470430630704,0.0135416018144317,15.79154953634798,-0.5652048822051216,0.6006374674480973,1.4881065801887112,5.011870135142811,9.730030092347794,0.0431012635315296,0.0295596617170975,9.700470430630697,0.0135416018144321,15.791549536347972,-0.565204882205125,0.6006374674480977,1.4881065801887114,1.6999998092651367,68.97907212568214,155479.8983035686,365458.0528011223,-365389.07372899656,-209978.15449755365,175345.8006466485,436301.2794512577,2843037.677988122,1.4881065801887112,1.0,30.811826472002885,69450.33460508904,163244.15135198092,-163213.33952550893,-93793.81674689188,78324.10915757522,194888.6651465317,1269938.5589302212,1.4881065801887114,2.2387206469639778,13.763140365840716,31022.3318701248,72918.50022816737,-72904.73708780152,-41896.16835804257,34986.10225264705,87053.58849777197,567260.8441463966,1.4881065801887112,5.011870135142811,40.575929337914985,91458.77394168467,214975.34925568465,-214934.7733263467,-123516.57531399994,103144.60016968512,256647.8400512836,1672375.2912442642,1.4881065801887114,1.6999998092651367,2.79930425627036,0.0437616587836248,0.0296753162131982,2.769628940057161,0.0140863425704265,3.634253123054808,-0.5883817932229132,0.6338933102774646,0.997165981006875,1.0,14.029749401179638,0.2193277507219578,0.1487288310798469,13.88102057009979,0.0705989196421109,18.21440469098797,-2.948893137515678,3.1769909506464518,4.997666399988748,2.2387206469639778,70.31528202731005,1.099242203651433,0.7454095867237885,69.56987244058625,0.3538326169276445,91.28823090016786,-14.77946944764242,15.92266606516389,25.047654975510277,5.011870135142811,8.089987485276751,0.1264711655053054,0.0857616446117449,8.004225840665006,0.0407095208935605,10.502989168820733,-1.7004230008495065,1.8319512556230164,2.881809038449227,1.6999998092651367,63.70718165930907,156042.25194857994,366775.0463405671,-366711.33915890777,-210732.79439198712,175978.0384721889,437865.5582511632,2853291.196707929,0.997165981006875,1.0,142.62258286755164,349335.01059660845,821106.8675209703,-820964.2449381028,-471771.8569243618,393965.6674197613,980258.6637652196,6387721.90098449,4.997666399988748,2.2387206469639778,319.2921213493032,782063.5039650635,1838228.905052801,-1837909.6129314515,-1056165.4010877372,881979.0773633431,2194525.3191222213,14300324.963940406,25.047654975510277,5.011870135142811,108.30219668560817,265271.7984695657,623517.50870318,-623409.2065064944,-358245.7102336143,299162.6317839129,744371.3649720256,4850594.48701975,2.881809038449227,1.6999998092651367,0.11759693875641354,0.02177003822871408,0.23659044952611485,0.3324173500538143,-0.09582690052769943,False
J1627-0053,14.221,13.4260513833606,-0.0575227927279895,6.736,4.0,11.699999809265137,5.011870135142811,1.7892131127149071,0.9999966581273916,0.0017882201169331,13.421917924817532,-0.0578307086473115,J1627-0053,3.65,3.65,measured,0.0088811327771943,0.05783070864731561,5.011870135142811,8.345576074832847,0.0378538647930585,0.0268959388784753,8.318680135954372,0.0109579259145832,13.350024119759588,-0.6212897866939222,0.6533762304162339,1.4846271296793665,1.0,8.345576074832861,0.0378538647930582,0.026895938878475,8.318680135954386,0.0109579259145831,13.350024119759611,-0.6212897866939173,0.6533762304162354,1.4846271296793665,2.2387206469639778,8.34557607483286,0.0378538647930583,0.0268959388784751,8.318680135954384,0.0109579259145831,13.350024119759606,-0.6212897866939205,0.6533762304162377,1.4846271296793665,5.011870135142811,8.345576074832863,0.0378538647930583,0.0268959388784751,8.318680135954388,0.0109579259145831,13.350024119759611,-0.62128978669392,0.6533762304162334,1.4846271296793667,1.6999998092651367,52.19546285447035,112473.3608019225,264734.12585879833,-264681.93039594387,-152260.76505687585,126987.03932935031,366543.4436034436,2384161.910246024,1.4846271296793665,1.0,23.314861966942185,50240.015864085726,118252.41629714446,-118229.10143517752,-68012.40043305873,56723.039352993605,163728.97801497672,1064966.240171075,1.4846271296793665,2.2387206469639778,10.414368583683904,22441.39572944455,52821.42579593363,-52811.01142734995,-30380.03006648908,25337.256589482942,73135.06428366827,475703.051276586,1.4846271296793665,5.011870135142811,30.70321689575272,66160.80793096278,155725.97395000397,-155695.27073310822,-89565.1660190412,74698.26685315392,215613.81466553747,1402448.340590439,1.4846271296793667,1.6999998092651367,1.9007248751755488,0.032677091797323,0.0232315794631661,1.877493295712383,0.0094455123341568,2.410293684309381,-0.552432220029828,0.5854227432423778,0.8490393327331587,1.0,9.526186237015407,0.1637733404823215,0.1164336593036385,9.40975257771177,0.047339681178683,12.080078933313557,-2.7687185452581176,2.934062763289853,4.255274875286901,2.2387206469639778,47.74400830310608,0.8208107140959315,0.5835503797893028,47.16045792331678,0.2372603343066287,60.54378683604217,-13.8764577895953,14.705141537967048,21.32688506427397,5.011870135142811,5.493093656640117,0.0944367741032184,0.0671392495829057,5.425954407057212,0.0272975245203127,6.965747184582285,-1.5965287576347358,1.691871348324702,2.453723120998096,1.6999998092651367,40.75127396479121,96936.39496410303,228157.62710382405,-228116.8758298593,-131221.23213972102,109442.56573640894,315888.2734302732,2054771.0645679329,0.8490393327331587,1.0,91.23071843763788,217013.50888081847,510781.19067348144,-510689.9599550438,-293767.68179266294,245011.33162628024,707185.5998332194,4600058.406925504,4.255274875286901,2.2387206469639778,204.2400930673897,485832.6239889882,1143496.3999070956,-1143292.1598140283,-657663.7759181074,548511.9279282034,1583191.0075846852,10298245.757439818,21.32688506427397,5.011870135142811,69.2771579855742,164791.85303999216,387867.92278427817,-387798.6456262926,-223076.069744286,186052.34098499332,537010.0048778323,3493110.4196979115,2.453723120998096,1.6999998092651367,0.12284941300475055,0.16386899440773484,0.06501870435743494,0.10603828576041922,-0.041019581402984284,False
J1630+4520,26.86,16.141633907960248,-0.5092362999222382,6.414,4.0,11.859999656677246,7.244353873869618,1.789213112714908,0.999996658127392,0.0017882201169332,16.153235445836,-0.5085178242877517,J1630+4520,4.6,4.6,measured,0.0091646506801271,0.5085178242877763,7.244353873869618,8.838476675142344,0.0389653364911588,0.0264139617009628,8.812062713441382,0.012551374790196,14.403885988223308,-0.5495291443376464,0.5860584100181225,1.4889462738906063,1.0,8.838476675142347,0.0389653364911585,0.0264139617009627,8.812062713441385,0.0125513747901958,14.403885988223315,-0.5495291443376462,0.5860584100181206,1.4889462738906063,2.6915337400578165,8.838476675142326,0.0389653364911586,0.0264139617009627,8.812062713441364,0.0125513747901958,14.40388598822328,-0.5495291443376467,0.5860584100181201,1.4889462738906063,7.244353873869618,8.838476675142338,0.0389653364911584,0.0264139617009626,8.812062713441376,0.0125513747901958,14.4038859882233,-0.549529144337646,0.5860584100181194,1.4889462738906063,1.859999656677246,65.23874326446158,149166.6023626497,350484.0425043645,-350418.80376110005,-201317.4401417148,168173.12794383382,461172.62554845423,3006611.458543909,1.4889462738906063,1.0,24.238500964641627,55420.66936413065,130217.21972240688,-130192.98122144224,-74796.55035827622,62482.26594608826,171341.94370676484,1117062.5116930015,1.4889462738906063,2.6915337400578165,9.005460581446155,20590.73935408801,48380.30398026502,-48371.29851968357,-27789.564626177,23214.3723092148,63659.59393048327,415028.24309124297,1.4889462738906063,7.244353873869618,35.07459957566444,80197.11247966909,188432.3147938476,-188397.240194272,-108235.20231417852,90415.67644198854,247942.31640963236,1616458.0645099576,1.4889462738906063,1.859999656677246,2.543188080529996,0.0389548436286782,0.0260385514498988,2.5171495290800965,0.0129162921787793,3.3256486974771717,-0.5636669480230543,0.6106070343825807,0.9789662940899408,1.0,18.42375442316652,0.2822026723473981,0.1886324810660266,18.23512194210049,0.0935701912813714,24.092176024698205,-4.083402838483068,4.423453434941482,7.091978264978245,2.6915337400578165,133.46819672668823,2.044376022636233,1.366520444948312,132.1016762817399,0.6778555776879216,174.53224871447,-29.581615171535056,32.0450620273001,51.37680021729426,7.244353873869618,8.798410235342148,0.1347681272661853,0.0900829393406592,8.708327296001489,0.0446851879255261,11.505409986404786,-1.9500614534873757,2.112455316306768,3.386830540736452,1.859999656677246,59.44245988826074,147060.46721065382,345531.7932412648,-345472.35078137653,-198471.32603061092,165797.14813274037,454649.7289987009,2964135.566471349,0.9789662940899408,1.0,159.99138609025647,395818.2070109485,930010.4742390286,-929850.4828529384,-534192.2672280802,446248.615565268,1223705.0776150022,7978070.8379914975,7.091978264978245,2.6915337400578165,430.62221445384665,1065358.0656375042,2503154.585298513,-2502723.96308406,-1437796.5196610093,1201093.212522469,3293643.5280309315,21473246.98834959,51.37680021729426,7.244353873869618,110.56295480721906,273532.41726841906,642689.0137174994,-642578.4507626923,-369156.5964490804,308382.6371315758,845648.3359020505,5513291.111185473,3.386830540736452,1.859999656677246,0.2943412608831902,0.12154940270737491,0.21417656340458607,0.38696842158040134,-0.17279185817581527,False
J1636+4707,14.455,12.386456200042662,-0.1544367417202705,6.132,4.0,11.630000114440918,4.265796312095559,1.789213112714907,0.999996658127392,0.0017882201169335,12.38274359768,-0.1547365174434096,J1636+4707,3.1500000000000004,3.1500000000000004,measured,0.0083253380787222,0.15473651744342098,4.265796312095559,9.097000972705128,0.042922551860503,0.0310979099974098,9.065903062707717,0.0118246418630932,14.3499339847339,-0.6776777985117671,0.7083409870078521,1.480043553017984,1.0,9.097000972705114,0.042922551860503,0.03109790999741,9.065903062707704,0.0118246418630929,14.34993398473388,-0.6776777985117681,0.7083409870078488,1.4800435530179838,2.06538042793466,9.097000972705125,0.0429225518605029,0.0310979099974098,9.065903062707717,0.0118246418630931,14.349933984733898,-0.6776777985117681,0.7083409870078514,1.480043553017984,4.265796312095559,9.097000972705118,0.0429225518605031,0.0310979099974099,9.065903062707708,0.0118246418630932,14.349933984733886,-0.6776777985117679,0.7083409870078504,1.4800435530179843,1.630000114440918,51.43000279986066,106898.59263449576,251962.6137930712,-251911.18379027132,-145064.02115857543,120830.73031929373,318076.5405000894,2065085.569733684,1.480043553017984,1.0,24.90098294815145,51757.3379646481,121993.31941199394,-121968.4184290458,-70235.98144734584,58502.89317325163,154003.8517488116,999857.2399997064,1.4800435530179838,2.06538042793466,12.056366278724129,25059.4695342632,59065.78644656271,-59053.73008028398,-34006.3169122995,28325.48053750472,74564.39959780406,484103.1827619088,1.480043553017984,4.265796312095559,31.55214676200224,65581.95426338415,154578.2802723425,-154546.7281255805,-88996.32600895835,74129.2774161314,195138.968904416,1266923.577807021,1.4800435530179843,1.630000114440918,1.8270653289916816,0.0341699066216503,0.0254804236396587,1.801584905352023,0.0086894829819916,2.2611153611359924,-0.5670954110781485,0.5912713330248192,0.8046819484403251,1.0,7.793888542370386,0.1457618616512854,0.108694297192689,7.685194245177697,0.0370675644585963,9.645457568756548,-2.419113513183484,2.522243071865095,3.432609288066609,2.06538042793466,33.24714100092734,0.6217904118762374,0.4636677321103919,32.78347326881695,0.1581226797658455,41.14555732527575,-10.319445503078647,10.759375194170715,14.642812041899502,4.265796312095559,4.854330554234799,0.0907860376510829,0.0676989470743796,4.786631607160419,0.0230870905767033,6.007558246573278,-1.5067160092640193,1.5709490253036162,2.137959769019755,1.630000114440918,37.41419528453754,87062.9752788675,205198.02487431568,-205160.61067903112,-118135.04959544816,98405.206477833,259020.4886940508,1681823.6203630469,0.8046819484403251,1.0,77.27454669708663,179818.16547461023,423811.9851987127,-423734.7106520156,-243993.81972410245,203244.1878333556,534975.8490080434,3473605.5962891225,3.432609288066609,2.06538042793466,159.60133629639688,371392.9191698,875332.9784588551,-875173.3771225587,-503940.0592890551,419776.5672173978,1104928.646532464,7174317.004169075,14.642812041899502,4.265796312095559,60.98514263939573,141912.6600930114,334472.80501173047,-334411.8198690911,-192560.14491871907,160400.49828827428,422203.4277350997,2741372.703059145,2.137959769019755,1.630000114440918,0.04147972764400602,0.2050581675987586,0.11325678979941496,0.05032165015533763,0.06293513964407733,True
J1644+2625,7.438,9.83892259385558,0.2797442170721584,3.755,4.0,11.43000030517578,2.691536695250786,1.7892131127149071,0.9999966581273918,0.0017882201169333,9.84603584720837,0.2804669266154573,J1644+2625,,4.0,default_4,0.0090800974320547,-0.2804669266154903,2.691536695250786,15.029341467455517,0.067199196305872,0.0468976068215236,14.982443860633992,0.0203015894843483,24.231052783381937,-0.5906503488256948,0.6244236516097825,1.4866307276038329,1.0,15.029341467455511,0.0671991963058708,0.046897606821523,14.98244386063399,0.0203015894843478,24.231052783381923,-0.5906503488256947,0.6244236516097836,1.486630727603833,1.6405903496152798,15.029341467455488,0.0671991963058713,0.0468976068215232,14.982443860633964,0.020301589484348,24.23105278338188,-0.5906503488256962,0.6244236516097805,1.486630727603833,2.691536695250786,15.029341467455506,0.0671991963058719,0.0468976068215237,14.982443860633982,0.0203015894843481,24.23105278338191,-0.5906503488256958,0.6244236516097825,1.486630727603833,1.4300003051757797,100.30968065687438,221274.14521890503,520432.68394649366,-520332.3742658368,-299158.5387275886,249673.86991688912,401350.7427596074,2613154.7105179457,1.4866307276038329,1.0,61.14242995683091,134874.7078853236,317222.8103933693,-317161.6679634125,-182348.1025080457,152185.38178349196,244637.99921913515,1592813.646684881,1.486630727603833,1.6405903496152798,37.26855393194506,82211.08184259108,193358.9391177701,-193321.67056383815,-111147.85727517903,92762.57257525262,149115.83406680496,970878.3436728028,1.486630727603833,2.691536695250786,70.14661479600474,154737.13074140932,363938.86044578825,-363868.7138309922,-209201.72970437893,174597.07375516434,280664.7936679474,1827380.517078599,1.486630727603833,1.4300003051757797,5.048684584380605,0.0804666250040172,0.0559462188517725,4.992738365528832,0.0245204061522446,6.475297043112794,-0.725194953595217,0.7736938911232224,1.1952981597778238,1.0,13.58871982160734,0.2165788739412944,0.1505813010000758,13.438138520607264,0.0659975729412186,17.42849960418695,-1.951888828812217,2.082425498849521,3.217188858807748,1.6405903496152798,36.574538041337824,0.5829299866290885,0.4052950972603082,36.16924294407752,0.1776348893687802,46.90944622783292,-5.253580407798168,5.604924645279386,8.659181869033057,2.691536695250786,10.324059513106018,0.1645462717022123,0.1144044717600071,10.20965504134601,0.0501417999422051,13.241340575118825,-1.4829517935590633,1.58212731324009,2.4442662501892776,1.4300003051757797,109.28499014467452,263649.25798241503,620086.5913654326,-619977.3063752879,-356437.3333830176,297482.95158472564,478190.0564858656,3113541.473526473,1.1952981597778238,1.0,179.29189995909945,432540.4262668055,1017308.0727602132,-1017128.780860254,-584767.6464934077,488047.6571790025,784513.9878643516,5108046.069121855,3.217188858807748,1.6405903496152798,294.1445606698258,709621.647137095,1668985.8022056797,-1668691.6576450097,-959364.1550685844,800686.2743576284,1287066.073028571,8380211.057955733,8.659181869033057,2.691536695250786,156.27756910176686,377018.5176079316,886724.0107243714,-886567.7331552696,-509705.49311643984,425400.7095671538,683811.9230225652,4452365.234449469,2.4442662501892776,1.4300003051757797,-0.1792790223347699,-0.1870105158702551,0.10118790428072039,0.09345641074523517,0.007731493535485218,True
J1719+2939,11.859,10.18468545245678,-0.152201907191992,4.451,4.0,11.460000038146973,2.8840317564502844,1.7892131127149071,0.999996658127392,0.0017882201169329,10.191886943941746,-0.1514950668417403,J1719+2939,,4.0,default_4,0.0090800974320544,0.15149506684175404,2.8840317564502844,12.679213033092656,0.056691301309492,0.0395642582823686,12.639648774810286,0.0171270430271234,20.44205868380117,-0.5906503488256949,0.6244236516097832,1.486630727603833,1.0,12.679213033092656,0.0566913013094923,0.0395642582823685,12.639648774810286,0.0171270430271238,20.44205868380117,-0.5906503488256958,0.6244236516097839,1.486630727603833,1.698243727045763,12.679213033092667,0.0566913013094924,0.039564258282369,12.6396487748103,0.0171270430271233,20.442058683801196,-0.5906503488256984,0.624423651609783,1.486630727603833,2.8840317564502844,12.67921303309268,0.0566913013094928,0.0395642582823691,12.639648774810311,0.0171270430271237,20.44205868380121,-0.5906503488256987,0.6244236516097825,1.486630727603833,1.4600000381469729,84.62432045847399,186673.64867176,439052.95807758486,-438968.3337571264,-252379.30940582484,210632.5266033206,401350.7398943287,2613154.692741268,1.486630727603833,1.0,49.83049202907874,109921.58898816469,258533.5377876934,-258483.70729566432,-148611.94879952873,124029.62165193676,236332.82678230788,1538739.4962366126,1.486630727603833,1.698243727045763,29.342367750789755,64726.62713662545,152235.82605982604,-152206.48369207524,-87509.19892320059,73034.05225536728,139163.07882096918,906076.9456318236,1.486630727603833,2.8840317564502844,57.96186185605906,127858.66039118385,300721.19694900454,-300663.2350871485,-172862.5365578207,144268.8503763217,274897.76040747005,1789831.937966934,1.486630727603833,1.4600000381469729,3.870695828996831,0.0621790467496284,0.0431823263009325,3.827513502695898,0.0189967204486958,4.966780142720433,-0.6644097087151601,0.7093506008887467,1.0884727848815177,1.0,11.16320969038652,0.1793263454117371,0.124539200369288,11.038670490017232,0.0547871450424491,14.324351658912398,-1.9161786992284129,2.045789659420246,3.1391900776301744,1.698243727045763,32.19505125098827,0.5171828749356212,0.359175008787953,31.83587624220032,0.1580078661476682,41.3118850748647,-5.526320219608346,5.900122344785592,9.053523873419058,2.8840317564502844,8.250775660243226,0.1325408629775816,0.0920474515531116,8.158728208690114,0.04049341142447,10.587189105468378,-1.416255809105284,1.5120518198684256,2.3201887094975127,1.4600000381469729,84.33487648135653,203513.04911445532,478649.9837623694,-478565.648885888,-275136.934647914,229629.55808899383,437536.1092027157,2848839.720640306,1.0884727848815177,1.0,143.22117503934555,345614.7595754375,812864.3336734208,-812721.1124983815,-467249.5740979833,389966.9571890364,743042.9540753663,4838024.192897486,3.1391900776301744,1.698243727045763,243.22446177104283,586938.0948574564,1380441.7494598697,-1380198.5249980986,-793503.6546024133,662258.9358725374,1261868.0296064888,8216144.19899147,9.053523873419058,2.8840317564502844,123.12892297843042,297129.0600702427,698828.9960476022,-698705.8671246237,-401699.9359773595,335259.1642851136,638802.7373794542,4159306.108715581,2.3201887094975127,1.4600000381469729,-0.1532044985309146,-0.15905273797931327,0.3046995653726686,0.3105478048210673,-0.005848239448398684,False
J2238-0754,7.462,10.068080908748328,0.2995466386702574,4.41,4.0,11.449999809265137,2.818381693478142,1.7892131127149071,0.9999966581273918,0.0017882201169332,10.075245963448234,0.3002580459812298,J2238-0754,2.85,2.85,measured,0.0077416824833195,-0.30025804598126443,2.818381693478142,12.572428417088204,0.0623452725196479,0.0449632194435013,12.527465197644704,0.0173820530761466,19.626561531000014,-0.7216670515048075,0.7540974059516568,1.4752844873479916,1.0,12.572428417088211,0.0623452725196484,0.0449632194435015,12.52746519764471,0.0173820530761468,19.626561531000032,-0.7216670515048114,0.754097405951656,1.475284487347992,1.678803649471296,12.572428417088192,0.0623452725196478,0.0449632194435015,12.527465197644691,0.0173820530761463,19.626561531,-0.7216670515048063,0.7540974059516525,1.4752844873479911,2.818381693478142,12.572428417088208,0.0623452725196484,0.0449632194435017,12.527465197644704,0.0173820530761467,19.62656153100003,-0.7216670515048098,0.7540974059516558,1.4752844873479911,1.4499998092651367,66.62474847016264,135512.99068791783,319757.998663602,-319691.37391513184,-184245.00797568416,153312.7798932548,290667.0387279492,1884351.1830521813,1.4752844873479916,1.0,39.68584919895682,80719.9762503177,190467.77674271364,-190428.0908935147,-109747.80049239594,91322.63916579804,173139.3894380679,1122436.9117894485,1.475284487347992,1.678803649471296,23.639363176862304,48081.84448356149,113454.46872209114,-113430.82935891428,-65372.62423852965,54397.45077244626,103132.60210131484,668593.3212732906,1.4752844873479911,2.818381693478142,45.94810843347531,93457.24725744904,220522.78670214565,-220476.83859371216,-127065.5394446966,105732.96555583258,200460.0531484412,1299552.7113947228,1.4752844873479911,1.4499998092651367,2.5684849413133204,0.0504190081689933,0.0390536355106823,2.529431305802638,0.011365372658311,3.117824698267868,-0.6359253885369034,0.6545879169353723,0.8595716267102481,1.0,7.238970938571747,0.1421000096268175,0.1100680513870759,7.128902887184671,0.0320319582397415,8.78722005307217,-1.7922804734703892,1.8448786018626409,2.422600936953391,1.678803649471296,20.402183172890854,0.4004920657752849,0.3102137810661451,20.091969391824712,0.0902782847091397,24.76574013414261,-5.051330476007259,5.1995720781792,6.82781413131243,2.818381693478142,5.400238168402455,0.1060059367869899,0.0821102470594313,5.318127921343024,0.0238956897275585,6.555224703542513,-1.3370327776487554,1.376270733283706,1.8072488697025264,1.4499998092651367,50.68059088015675,116381.41889778188,274589.0558342349,-274538.3752433548,-158207.63693645303,131657.66776401555,249573.9971241534,1618201.4454048537,0.8595716267102481,1.0,85.08276092375758,195381.55081422225,460981.1090952252,-460896.0263343015,-265599.558281003,221027.3731485211,418985.7373695456,2716642.4932226725,2.422600936953391,1.678803649471296,142.83724943860653,328007.2594979878,773896.7658353761,-773753.9285859375,-445889.5063373883,371061.55950836267,703394.7823277066,4560709.315582288,6.82781413131243,2.818381693478142,73.48684710282241,168753.03521601477,398154.078577344,-398080.59173024114,-229401.0433613292,190903.59314079545,361882.2483552502,2346391.7879367373,1.8072488697025264,1.4499998092651367,-0.15616794720499433,0.12857557941522638,0.1440900987762701,0.42883362539649084,-0.28474352662022073,False
J2300+0022,16.462,12.674988101556666,-0.2614240838068293,5.548,4.0,11.649999618530272,4.466831997992276,1.789213112714907,0.9999966581273916,0.0017882201169331,12.683990499772442,-0.2607140868676407,J2300+0022,4.05,4.05,measured,0.0091004436738294,0.2607140868676591,4.466831997992276,10.17695286656271,0.0454316186597151,0.0316253117281105,10.1453275548346,0.0138063069316045,16.424450632448824,-0.58672995362151,0.62074665123107,1.4868681749852386,1.0,10.176952866562717,0.0454316186597158,0.0316253117281108,10.145327554834603,0.013806306931605,16.42445063244883,-0.5867299536215127,0.620746651231073,1.4868681749852384,2.1134881116278548,10.176952866562708,0.0454316186597157,0.031625311728111,10.145327554834596,0.0138063069316047,16.42445063244882,-0.5867299536215147,0.6207466512310713,1.4868681749852388,4.466831997992276,10.176952866562722,0.0454316186597149,0.0316253117281104,10.145327554834612,0.0138063069316045,16.424450632448842,-0.5867299536215105,0.6207466512310709,1.4868681749852388,1.6499996185302717,68.53082186073007,151656.70723269283,356659.5064013048,-356590.9755794441,-205002.799168612,171107.84168322483,406343.6790767514,2645997.420840401,1.4868681749852386,1.0,32.42545886866801,71756.59342811823,168753.96846598954,-168721.54300712087,-96997.37503787132,80959.92620783758,192262.1077018141,1251957.5602901247,1.4868681749852384,2.1134881116278548,15.342153427303886,33951.737462984165,79846.18778438508,-79830.84563095777,-45894.45032140092,38306.30787375576,90969.09834638143,592365.5565022953,1.4868681749852388,4.466831997992276,41.533841009712944,91913.1769672987,216157.3261505835,-216115.7923095738,-124244.1491832848,103701.74600222262,246268.9528013995,1603635.1678705292,1.4868681749852388,1.6499996185302717,2.80734183533069,0.0452848791391305,0.0312974992636847,2.776044336067005,0.0139873798754457,3.610698960072903,-0.5998513736301412,0.6417858099620832,0.9814226992698613,1.0,12.5399243393575,0.2022799471638834,0.1398006711681678,12.400123668189334,0.0624792759957155,16.12838564997109,-2.6794353097707466,2.8667493917960325,4.383850316654567,2.1134881116278548,56.01373529144423,0.9035505405438202,0.6244661113147709,55.38926918012945,0.2790844292290493,72.04278909725032,-11.968587378234318,12.805287913499374,19.581922868841197,4.466831997992276,7.642984612665648,0.1232880264494144,0.085207402346526,7.557777210319122,0.0380806241028883,9.830123373470236,-1.6330946095851842,1.7472610597097338,2.6719220632982728,1.6499996185302717,61.9844176468499,149946.93327069026,352632.29517351993,-352570.3107558731,-202685.36190282967,169176.23008551358,401745.54323325015,2616130.239151652,0.9814226992698613,1.0,131.0033297449928,316911.0606515537,745284.1630852751,-745153.1597555301,-428373.1024337214,357551.9507951853,849084.4292461536,5529160.157026752,4.383850316654567,2.1134881116278548,276.87398006367226,669787.7597745664,1575149.2200997667,-1574872.346119703,-905361.4603252003,755681.7980762495,1794529.848648704,11685814.269572686,19.581922868841197,4.466831997992276,102.27426540952167,247412.3822090602,581843.15135897,-581740.8770935604,-334430.7691499098,279140.7145530491,662879.9916151622,4316613.887502625,2.6719220632982728,1.6499996185302717,0.06257279969546435,0.03465617334919077,0.19814128717219476,0.22605791351846835,-0.027916626346273593,False
J2303+1422,11.687,13.581482000560516,0.1502301343415366,7.899,4.0,11.710000038146973,5.12861429039393,1.7892131127149071,0.9999966581273916,0.0017882201169332,13.576389459052969,0.1498551018891731,J2303+1422,3.55,3.55,measured,0.0088128866711814,-0.14985510188918508,5.12861429039393,7.107382753452304,0.0324170351102948,0.0231460593310156,7.084236694121289,0.0092709757792792,11.340877724079672,-0.6312226489597165,0.6628674865096298,1.483913747992178,1.0,7.107382753452313,0.0324170351102945,0.0231460593310154,7.084236694121298,0.0092709757792791,11.340877724079688,-0.6312226489597178,0.662867486509633,1.483913747992178,2.264644407052447,7.10738275345232,0.0324170351102945,0.0231460593310154,7.084236694121305,0.009270975779279,11.340877724079697,-0.6312226489597166,0.6628674865096307,1.483913747992178,5.12861429039393,7.107382753452307,0.0324170351102945,0.0231460593310155,7.084236694121292,0.0092709757792789,11.340877724079675,-0.6312226489597187,0.6628674865096286,1.483913747992178,1.7100000381469729,43.59567093487878,93285.82155703745,219625.063726,-219581.4680550651,-126339.24216896256,105344.60010888928,356686.11705630785,2319295.1231096587,1.483913747992178,1.0,19.250559084109398,41192.26024682968,96979.93361333202,-96960.68305424791,-55787.67336650234,46517.06026439038,157502.04179484176,1024132.1428023314,1.483913747992178,2.264644407052447,8.500477608628982,18189.283944415474,42823.470692572046,-42814.97021496342,-24634.18674815657,20540.558162412657,69548.2438126278,452226.4674256261,1.483913747992178,5.12861429039393,25.494543826198537,54553.11069575926,128435.70665563454,-128410.21211180836,-73882.59595987528,61605.02780500889,208588.3674278712,1356312.904341835,1.483913747992178,1.7100000381469729,1.4754567018097315,0.0259708195042684,0.0186007646734364,1.456855937136295,0.007370054830832,1.863513229873857,-0.5220353679518219,0.5519399159592075,0.78610380124472,1.0,7.56704832575889,0.1331943160428321,0.0953961475164404,7.471652178242449,0.0377981685263916,9.55724058106922,-2.677318048168772,2.830686940427229,4.031623188796661,2.264644407052447,38.80847217958856,0.6831022726565137,0.4892500454013427,38.319222134187214,0.1938522272551709,49.015400620804456,-13.73093160176794,14.517501494306527,20.676640299546097,5.12861429039393,4.314383134253826,0.0759412767006529,0.0543904984083006,4.259992635845525,0.0215507782923522,5.44909927859302,-1.5264836875340455,1.6139275802638606,2.2986462277768687,1.7100000381469729,31.560874433640706,74769.22650661852,176025.41416931135,-175993.8532948777,-101256.18766269284,84432.14049576792,285864.566450153,1858884.8193049112,0.78610380124472,1.0,71.47415781753259,169325.71103586748,398634.9706555223,-398563.4964977047,-229309.2596196548,191208.7752054855,647381.5933894828,4209713.120593036,4.031623188796661,2.264644407052447,161.86355165387286,383462.523594207,902766.4547135656,-902604.5911619116,-519303.9311193585,433019.8823789737,1466089.1007489143,9533503.249403378,20.676640299546097,5.12861429039393,53.9690964586505,127855.37992327112,301003.46433388017,-300949.49523742154,-173148.08441060904,144378.96317765856,488828.418441446,3178693.105143717,2.2986462277768687,1.7100000381469729,0.13812258374133982,0.19661117643691733,0.2879776856305249,0.34646627832610244,-0.058488592695577546,False
J2321-0939,3.814,11.96594941939619,1.1433865607536065,6.346,4.0,11.600000381469728,3.981075202376568,1.7892131127149076,0.999996658127392,0.0017882201169333,11.96196053716278,1.143053152421863,J2321-0939,4.25,4.25,measured,0.0091283829740377,-1.1430531524220418,3.981075202376568,8.91230633684926,0.0395697915244707,0.027270020534263,8.885036316314997,0.0122997709902076,14.438616270302964,-0.5720227245662581,0.6069939004965581,1.4877256803159298,1.0,8.91230633684926,0.0395697915244706,0.0272700205342629,8.885036316314997,0.0122997709902076,14.438616270302964,-0.572022724566255,0.6069939004965583,1.487725680315929,1.99526319125487,8.912306336849266,0.0395697915244704,0.0272700205342631,8.885036316315002,0.0122997709902073,14.438616270302973,-0.5720227245662568,0.6069939004965585,1.4877256803159296,3.981075202376568,8.912306336849252,0.0395697915244701,0.0272700205342628,8.88503631631499,0.0122997709902073,14.438616270302946,-0.5720227245662555,0.6069939004965575,1.48772568031593,1.6000003814697283,62.1311744979717,139210.34487468653,327270.8175938643,-327208.68641936634,-188060.47271917772,157018.88090870192,426321.5838303357,2777400.636844866,1.4877256803159298,1.0,31.13933779761605,69770.4170932794,164023.88388245442,-163992.7445446568,-94253.46678917504,78695.8240835543,213666.84181764667,1391997.1330851167,1.487725680315929,1.99526319125487,15.606631713925363,34968.026939853095,82206.64043561526,-82191.03380390134,-47238.61349576217,39441.32501432104,107087.04617704057,697650.8849754322,1.4877256803159296,3.981075202376568,38.83197479274007,87006.44463059684,204544.21183179988,-204505.37985700715,-117537.76720120304,98136.77698149232,266450.9257198682,1735874.980176306,1.48772568031593,1.6000003814697283,2.410566176967348,0.0382286634317927,0.0260633942090174,2.3845027827583305,0.0121652692227753,3.121461542025469,-0.5667033820765117,0.609440816203254,0.946196458050553,1.0,9.59664523081238,0.15219118400831,0.1037603323752836,9.492884898437095,0.0484308516330263,12.426773140129685,-2.2560887814877257,2.426229720702911,3.7668792557215935,1.99526319125487,38.20496635439256,0.6058845486758112,0.4130776862095964,37.79188866818296,0.1928068624662148,49.471918393729545,-8.981659102340778,9.659002976359396,14.99622959529995,3.981075202376568,6.171052355622429,0.0978654250512433,0.0667223209907547,6.1043300346316745,0.0311431040604885,7.990945357963505,-1.4507613498925402,1.560169233426731,2.4222640876345327,1.6000003814697283,54.51096597249148,132992.82553337113,312649.4724028287,-312594.9614368562,-179656.64686945756,150004.1378521915,407266.7857985648,2653324.147499027,0.946196458050553,1.0,108.76372394371178,265355.6898499376,623817.9848196494,-623709.2210957056,-358462.2949697118,299297.7351558564,812604.4283258568,5294080.015754953,3.7668792557215935,1.99526319125487,217.01225493205175,529454.4400211358,1244681.0620565773,-1244464.049801645,-715226.6220354415,597177.7536652179,1621359.70245809,10563082.972217508,14.99622959529995,3.981075202376568,87.21756632546168,212788.57116516872,500239.2741393762,-500152.0565730508,-287450.7029742075,240006.67732377452,651627.0110547509,4245319.638410877,2.4222640876345327,1.6000003814697283,0.02623210406087805,-0.03840910849280338,1.1692852564829197,1.1046440439292384,0.06464121255368127,True
J2341+0000,14.021,13.897876068759452,-0.0088201780862533,7.353,4.0,11.729999542236328,5.3703123031766005,1.789213112714907,0.999996658127392,0.0017882201169334,13.893233739739696,-0.0091542654325249,J2341+0000,3.75,3.75,measured,0.008957452370558,0.009154265432525854,5.3703123031766005,7.65467693395397,0.0345536977387452,0.0244270397463687,7.630249894207601,0.0101266579923764,12.274029915178518,-0.6119172097199448,0.6444730219272026,1.4852698880554305,1.0,7.654676933953973,0.034553697738745,0.0244270397463688,7.630249894207604,0.0101266579923762,12.274029915178522,-0.611917209719946,0.6444730219272014,1.4852698880554305,2.3173934286556954,7.654676933953959,0.0345536977387454,0.0244270397463689,7.63024989420759,0.0101266579923765,12.274029915178502,-0.6119172097199453,0.6444730219272036,1.4852698880554305,5.3703123031766005,7.654676933953965,0.0345536977387455,0.0244270397463688,7.630249894207596,0.0101266579923766,12.274029915178517,-0.611917209719947,0.6444730219272055,1.4852698880554305,1.729999542236328,48.79529979736245,105871.83302368506,249138.45430140995,-249089.6590016126,-143266.6212777249,119511.10780122924,376449.82171016536,2449342.703804794,1.4852698880554305,1.0,21.056113831135725,45685.73980610167,107508.05265373236,-107486.99653990124,-61822.312847630696,51571.35017997615,162445.3654610227,1056938.6613610722,1.4852698880554305,2.3173934286556954,9.086119579229074,19714.278532620752,46391.79980053331,-46382.71368095408,-26677.521267912554,22254.03301483746,70098.3105505142,456089.4324968755,1.4852698880554305,5.3703123031766005,28.205383075140816,61197.60755273565,144010.70537687046,-143982.49999379533,-82813.09782413482,69081.5835038245,217601.1106309612,1415805.4059961129,1.4852698880554305,1.729999542236328,1.7275901571665755,0.0293829619206302,0.0207125029287154,1.7068776542378603,0.0086704589919148,2.200003571018467,-0.5351827721033595,0.5689020947756387,0.8322987511637032,1.0,9.277698675878462,0.1577956819061297,0.1112326093076618,9.1664660665708,0.0465630725984678,11.81470624447293,-2.874098625474834,3.0551819188765474,4.469704223292955,2.3173934286556954,49.824139344235206,0.8474120919286362,0.5973538502793742,49.22678549395583,0.250058241649262,63.4486623031102,-15.434807208930469,16.407281047385446,24.003707581910568,5.3703123031766005,5.17050184511927,0.0879402201936951,0.0619904172096042,5.108511427909666,0.0259498029840908,6.584387203198898,-1.6017476709724443,1.7026661783915509,2.490985614111404,1.729999542236328,37.50526709605584,89616.20405287838,210880.3614590632,-210842.85619196715,-121264.1574061848,101159.16697877596,318630.55641715,2073228.909622028,0.8322987511637032,1.0,86.9144595633202,207676.002738542,488692.7647524588,-488605.85029289545,-281016.7620139168,234425.5892222147,738392.3590316963,4804487.060134036,4.469704223292955,2.3173934286556954,201.41499717192232,481267.0010449964,1132493.394795888,-1132291.979798716,-651226.3937508914,543256.3167035641,1711145.5876181494,11133886.661015468,24.003707581910568,5.3703123031766005,64.88409492364168,155035.99203018073,364822.9289046028,-364758.0448096792,-209786.93687442204,175005.31262098206,551230.7168489015,3586685.065277005,2.490985614111404,1.729999542236328,0.15826542742003827,0.17065077179217827,0.14911116198751243,0.16149650635965243,-0.012385344372140006,False
J2347-0005,33.608,15.5936405349847,-0.7679009607404739,6.281,4.0,11.829999923706056,6.760828566222668,1.7892131127149071,0.9999966581273918,0.0017882201169327,15.604854654732623,-0.7671820722067362,J2347-0005,4.45,4.45,measured,0.0091575699982224,0.7671820722067704,6.760828566222668,9.01738019572418,0.0398621345522184,0.0272087217049641,8.990171474019217,0.0126534128472543,14.659921468046738,-0.558710886746443,0.5945922649799553,1.4884603254307949,1.0,9.01738019572418,0.0398621345522188,0.0272087217049645,8.990171474019215,0.0126534128472543,14.659921468046733,-0.5587108867464473,0.5945922649799538,1.4884603254307949,2.6001593347759804,9.017380195724176,0.0398621345522182,0.0272087217049641,8.990171474019212,0.0126534128472541,14.659921468046736,-0.5587108867464456,0.5945922649799491,1.488460325430795,6.760828566222668,9.017380195724176,0.0398621345522183,0.0272087217049641,8.990171474019213,0.0126534128472541,14.659921468046738,-0.5587108867464441,0.5945922649799525,1.488460325430795,1.8299999237060565,64.9844445779867,147331.98397881788,346251.20319290314,-346186.21874832513,-198919.2192140853,166135.2361665394,446266.0301137065,2908574.716218277,1.4884603254307949,1.0,24.99248555880545,56662.67544447771,133165.37943452486,-133140.38694896604,-76502.70399004716,63894.25237235574,171630.2635402387,1118614.035784206,1.4884603254307949,2.6001593347759804,9.611905404370196,21792.00123571203,51214.31507810889,-51204.70317270452,-29422.313842396863,24573.20653905302,66007.59468183882,430209.8030900083,1.488460325430795,6.760828566222668,35.51062696114448,80509.28443235648,189208.31616772857,-189172.8055407674,-108699.03173537207,90784.28609347295,243861.22946417687,1589385.1612172187,1.488460325430795,1.8299999237060565,2.549781558590402,0.0395859271204587,0.0266784544853664,2.523103104105036,0.0129074726350923,3.3206680378318976,-0.5690361443979801,0.6145280142255871,0.9728578923880282,1.0,17.238635998945774,0.2676336668964095,0.1803684571873391,17.058267541758436,0.0872652097090704,22.450467329116503,-3.847155820259098,4.1547185533204285,6.577325429732162,2.6001593347759804,116.5474627043871,1.8094253404361484,1.2194402177976558,115.32802248658945,0.5899851226384927,151.7837608437397,-26.00996096831743,28.08933987990396,44.468169654675975,6.760828566222668,8.538962749573024,0.1325693002798951,0.0893434687764635,8.44961928079656,0.0432258315034315,11.120584264645732,-1.905644985079121,2.057992695241826,3.2580035241614875,1.8299999237060565,58.73080783208199,144444.6615314591,339461.5044839261,-339402.773676094,-195016.842952467,162877.75625350798,437507.82464874827,2851547.38785918,0.9728578923880282,1.0,152.70945834404043,375579.1363435392,882654.0027725175,-882501.2933141735,-507074.8664289783,423508.1198232797,1137590.0587858106,7414477.586979574,6.577325429732162,2.6001593347759804,397.06892367813566,976565.5971730342,2295041.044513644,-2294643.975589965,-1318475.4473406095,1101188.5910350878,2957915.409429247,19278823.103937235,44.468169654675975,6.760828566222668,107.477373944912,264333.72028206807,621214.5290265599,-621107.051652615,-356880.80874449183,298066.2823394455,800639.2878820419,5218331.515769936,3.2580035241614875,1.8299999237060565,0.252859501975902,0.11547596683687608,0.5143225702308684,0.6517061053698943,-0.1373835351390259,False
