{
  "mi_file": "papers/paper10_limite_newtonienne_propagateur/results/mi_ds_check_N800_lam030_k12/mi_matrices/MI_N800_d3_lam0p3_k12_seed0.csv",
  "lambda": 0.3,
  "N": 800,
  "k": 12,
  "n_centers": 150,
  "d_s_eigenvalue": 4.144267612395576,
  "d_s_heat": 2.9640329244211854,
  "alpha_pred": 0.9640329244211854,
  "results_by_threshold": {
    "0.7": {
      "n": 150,
      "median": 1.1671943536066864,
      "mean": 1.2343252932021143,
      "std": 0.37193126690934414,
      "iqr": 0.48803166768843576,
      "cv": 0.3013235400403814,
      "delta": 0.20316142918550106,
      "q05": 0.7356634966698734,
      "q25": 0.9748745059166919,
      "q75": 1.4629061736051276,
      "q95": 1.9443940816556176
    },
    "0.85": {
      "n": 109,
      "median": 1.1046159806999416,
      "mean": 1.1499973095994687,
      "std": 0.3285379476405392,
      "iqr": 0.3923990232173491,
      "cv": 0.2856858402170346,
      "delta": 0.14058305627875622,
      "q05": 0.6457403657007966,
      "q25": 0.9608630845164967,
      "q75": 1.3532621077338458,
      "q95": 1.7325113748332235
    }
  },
  "elapsed_s": 102.2
}
