t_low,t_high,n,mean_alpha,median_alpha,std_alpha,mean_dw,mean_ds,mean_r2,abs_mean_alpha_minus_1,abs_median_alpha_minus_1,n_fixed_window,mean_alpha_fixed_window,median_alpha_fixed_window,mean_dw_fixed_window,mean_ds_fixed_window,abs_fixed_window_alpha_minus_1,alpha_corr_logM
1,5,61,-0.2953739001333321,-0.2954016930944152,0.0006750602739257934,2.0855494695719474,1.6883252140279879,0.9981759625006601,1.295373900133332,1.2954016930944152,11,-0.2954125624027049,-0.29540169309441566,2.0853101926895126,1.6883404354169942,1.2954125624027049,0.4796484311263065
1,6,61,-0.2753473304360118,-0.27538828372281365,0.0008722735479069596,2.1649760119588755,1.6883252140279879,0.9945409268810237,1.275347330436012,1.2753882837228137,11,-0.2753971296898341,-0.27538828372281365,2.164746895725285,1.6883404354169942,1.275397129689834,0.4798922192996559
1,7,61,-0.24394301275401456,-0.24400643942780764,0.0011690616713826824,2.2657511637862333,1.6883252140279879,0.9877678640460722,1.2439430127540145,1.2440064394278076,11,-0.24400946365998016,-0.2440064394278081,2.2655172691145475,1.6883404354169942,1.24400946365998,0.48009553640954244
1,8,61,-0.20035711879927567,-0.20045017891392902,0.0015232992062107409,2.382169138153088,1.6883252140279879,0.977938342823204,1.2003571187992756,1.200450178913929,11,-0.20044333495866695,-0.20045017891392902,2.381924340798329,1.6883404354169942,1.200443334958667,0.4802355994506716
1,9,61,-0.14500425595318367,-0.14513186618440876,0.0019061406409865494,2.5093790333596293,1.6883252140279879,0.9656498857532908,1.1450042559531837,1.1451318661844088,11,-0.1451117355915992,-0.14513186618440876,2.509120860564035,1.6883404354169942,1.1451117355915992,0.48032801756409715
1,10,61,-0.07902539450658774,-0.07919056992195905,0.0022998782763545282,2.643750025282659,1.6883252140279879,0.9516452229823713,1.0790253945065877,1.079190569921959,11,-0.07915466395689676,-0.07919056992195905,2.6434774527249285,1.6883404354169942,1.0791546639568967,0.4803886991701625
1,11,61,-0.003849296045012929,-0.004053670283051147,0.002694600570030626,2.7827042231242096,1.6883252140279879,0.9365992589590061,1.003849296045013,1.0040536702830511,11,-0.004000349734091024,-0.0040536702830520355,2.782416800938533,1.6883404354169942,1.004000349734091,0.48042873437899797
1,12,61,0.07908781176520378,0.07884351313848104,0.0030851620881297056,2.9244600555287943,1.6883252140279879,0.9210415189573358,0.9209121882347963,0.921156486861519,11,0.07891524816718407,0.07884351313848015,2.9241575744712023,1.6883404354169942,0.9210847518328159,0.48045531722060325
1,13,61,0.16848173769008665,0.16819734771325567,0.0034690943713169193,3.0678043705318703,1.6883252140279879,0.9053530336063909,0.8315182623099133,0.8318026522867443,11,0.1682880626397927,0.16819734771325567,3.067486735358507,1.6883404354169942,0.8317119373602073,0.4804730525312506
1,14,61,0.2632094510450583,0.2628851301675841,0.003845365454855594,3.2119175496306855,1.6883252140279879,0.8897922555505187,0.7367905489549418,0.7371148698324159,11,0.2629951111947001,0.2628851301675841,3.2115847285835115,1.6883404354169942,0.7370048888052999,0.48048489390678906
1,15,61,0.36233070071187895,0.3619667929987749,0.004213697658879719,3.3562480361399616,1.6883252140279879,0.8745262027932588,0.637669299288121,0.6380332070012251,11,0.3620961519135898,0.3619667929987749,3.3559000378386843,1.6883404354169942,0.6379038480864102,0.4804927508422908
1,16,61,0.4650691462548314,0.46466609295753347,0.004574203422195183,3.500425578835521,1.6883252140279879,0.8596574010885832,0.5349308537451686,0.5353339070424665,11,0.46481483387106903,0.46466609295753347,3.500062439430735,1.6883404354169942,0.535185166128931,0.48049787212169326
1,17,61,0.5707873812155186,0.5703456697416573,0.004927190981803845,3.6442024553708787,1.6883252140279879,0.8452443772470795,0.42921261878448136,0.42965433025834265,11,0.5705137305443811,0.5703456697416565,3.6438242301403974,1.6883404354169942,0.42948626945561885,0.48050108610814457
1,18,61,0.6789624802656209,0.678482614332939,0.005273059257506435,3.7874140329024395,1.6883252140279879,0.8313162822663203,0.3210375197343791,0.321517385667061,11,0.678669892356072,0.6784826143329381,3.787020790275699,1.6883404354169942,0.321330107643928,0.4805029511394047
1,19,61,0.7891645909880469,0.7886470733121955,0.005612240218240064,3.9299523600090085,1.6883252140279879,0.8178829778709767,0.21083540901195308,0.21135292668780448,11,0.7888534413723192,0.7886470733121937,3.9295441772067643,1.6883404354169942,0.21114655862768084,0.4805038499467828
1,20,61,0.901039143537371,0.9004844659400923,0.005945167239575438,4.071748428537203,1.6883252140279879,0.804941870088382,0.09896085646262898,0.09951553405990765,11,0.9007097825423251,0.9004844659400923,4.071325388389445,1.6883404354169942,0.09929021745767486,0.4805040493553136
1,21,61,1.0142924404396114,1.013701078381466,0.006272258109826002,4.212760178968321,1.6883252140279879,0.7924824967146855,0.01429244043961142,0.013701078381465948,11,1.0139451943278452,1.013701078381466,4.212322367610143,1.6883404354169942,0.013945194327845245,0.4805037384338296
1,22,61,1.1286801218831586,1.1280525316582777,0.006593906466777628,4.352964317112542,1.6883252140279879,0.7804895926076875,0.12868012188315858,0.12805253165827768,11,1.1283152943945685,1.1280525316582777,4.352511822330659,1.6883404354169942,0.12831529439456846,0.4805030532012371
1,23,61,1.2439979716533769,1.243334589196694,0.006910478124541366,4.49235067478831,1.6883252140279879,0.7689451316544269,0.2439979716533769,0.24333458919669404,11,1.2436158456994781,1.2433345891966923,4.49188358484455,1.6883404354169942,0.24361584569947814,0.48050209287066076
1,24,61,1.360074587829219,1.3593758285010615,0.007222310214829544,4.630918283243962,1.6883252140279879,0.7578296821260732,0.3600745878292191,0.35937582850106153,11,1.3596754271990266,1.3593758285010598,4.630436686045336,1.6883404354169942,0.35967542719902657,0.4805009307036181
1,25,61,1.476765524784231,1.4760317837415737,0.0075297119044257215,4.768672611605316,1.6883252140279879,0.7471233007519074,0.47676552478423107,0.47603178374157373,11,1.476349575784083,1.476031783741571,4.768176594124601,1.6883404354169942,0.476349575784083,0.48049962138353614
1,26,61,1.5939485924462575,1.5931802453567805,0.007832965945849257,4.905623606646457,1.6883252140279879,0.7368061160691843,0.5939485924462575,0.5931802453567805,11,1.5935160854340844,1.5931802453567796,4.905113254523486,1.6883404354169942,0.5935160854340844,0.48049820610583277
1,27,61,1.7115200664025805,1.7107174703477899,0.008132330617429429,5.041784289998029,1.6883252140279879,0.726858701891061,0.7115200664025805,0.7107174703477899,11,1.7110712171997629,1.710717470347788,5.041259687271272,1.6883404354169942,0.7110712171997629,0.48049671614722694
1,28,61,1.8293916169327165,1.8285551114027019,0.008428041791691647,5.17716974744817,1.6883252140279879,0.7172623087476196,0.8293916169327165,0.8285551114027019,11,1.8289266281098648,1.8285551114026966,5.176630976380434,1.6883404354169942,0.8289266281098648,0.48049517540543346
1,29,61,1.947487807786779,1.9466177157050497,0.008720314982825649,5.3117963969428965,1.6883252140279879,0.70799899921086,0.947487807786779,0.9466177157050497,11,1.9470068698271559,1.946617715705047,5.311243537915012,1.6883404354169942,0.9470068698271559,0.4804936022306446
1,30,61,2.0657440486067418,2.064840677346643,0.00900934729220175,5.445681456617472,1.6883252140279879,0.6990517183409624,1.0657440486067418,1.064840677346643,11,2.0652473409549104,2.0648406773466386,5.445114588071146,1.6883404354169942,1.0652473409549104,0.4804920107635814
1,31,61,2.1841049103577728,2.1831685527270475,0.009295319212125131,5.578842557663703,1.6883252140279879,0.690404320615144,1.1841049103577728,1.1831685527270475,11,2.183592602362804,2.183168552727045,5.578261756079853,1.6883404354169942,1.183592602362804,0.48049041192410624
1,32,61,2.3025227327299604,2.301553667909805,0.009578396272500721,5.711297462889249,1.6883252140279879,0.682041568006645,1.3025227327299604,1.301553667909805,11,2.301994984493031,2.3015536679098005,5.71070280279186,1.6883404354169942,1.3019949844930312,0.48048881414904715
1,33,61,2.4209564675693334,2.4199549620007375,0.009858730529252556,5.843063862927575,1.6883252140279879,0.6739491093127243,1.4209564675693334,1.4199549620007375,11,2.420413430705399,2.419954962000735,5.842455416905776,1.6883404354169942,1.4204134307053988,0.4804872239488407
1,34,61,2.539370714069201,2.538337022283547,0.010136461901162679,5.9741592298220665,1.6883252140279879,0.6661134476919088,1.539370714069201,1.5383370222835469,11,2.538812532391788,2.538337022283544,5.973537068565022,1.6883404354169942,1.538812532391788,0.48048564633065444
1,35,61,2.657734910513616,2.6566692759071646,0.010411719365797682,6.104600713196738,1.6883252140279879,0.6585219012018532,1.657734910513616,1.6566692759071646,11,2.6571617206511284,2.6566692759071584,6.1039649055374205,1.6883404354169942,1.6571617206511284,0.48048408512286594
1,36,61,2.7760226544304922,2.7749253099840683,0.010684622026861016,6.234405068144815,1.6883252140279879,0.6511625596230269,1.7760226544304922,1.7749253099840683,11,2.775434586381554,2.774925309984063,6.2337556811097,1.6883404354169942,1.7754345863815542,0.4804825432255581
1,37,61,2.8942111285483842,2.893082297494633,0.010955280065654301,6.363588606790742,1.6883252140279879,0.6440242398034205,1.8942111285483842,1.893082297494633,11,2.8936083061830034,2.893082297494626,6.362925705653242,1.6883404354169942,1.8936083061830034,0.4804810228053533
1,38,61,3.0122806143107126,3.0111205107517884,0.011223795588906214,6.492167167534328,1.6883252140279879,0.6370964410255165,2.0122806143107126,2.0111205107517884,11,3.01166315582326,3.0111205107517813,6.491490815870367,1.6883404354169942,2.01166315582326,0.48047952544782074
1,39,61,3.130214078151044,3.129022907629966,0.011490263384420196,6.620156097490588,1.6883252140279879,0.6303693013831335,2.130214078151044,2.129022907629966,11,3.129582096470398,3.1290229076299623,6.619466357235109,1.6883404354169942,2.129582096470398,0.480478052277074
1,40,61,3.2479968184761243,3.246774778505019,0.011754771594993333,6.7475702447496975,1.6883252140279879,0.6238335557964654,2.2479968184761243,2.246774778505019,11,3.2473504216376594,3.2467747785050145,6.746867176253261,1.6883404354169942,2.2473504216376594,0.4804766040507298
1,41,61,3.3656161634949533,3.3643634440434322,0.012017402320028979,6.874423957907457,1.6883252140279879,0.6174804960429858,2.3656161634949533,2.3643634440434322,11,3.3649554549785323,3.3643634440434242,6.873707619992228,1.6883404354169942,2.3649554549785323,0.4804751812348952
1,42,61,3.483061211790977,3.481777995737753,0.012278232153224818,7.000731090934166,1.6883252140279879,0.6113019330079438,2.483061211790977,2.481777995737753,11,3.482386290828613,3.4817779957377457,7.000001540948912,1.6883404354169942,2.482386290828613,0.4804737840641549
1,43,61,3.600322608952869,3.5990090725035593,0.012537332663792948,7.126505011914794,1.6883252140279879,0.6052901612385104,2.600322608952869,2.5990090725035593,11,3.599633570809273,3.5990090725035495,7.125762305788519,1.6883404354169942,2.599633570809273,0.48047241258968165
1,44,61,3.7173923547273344,3.716048667801184,0.012794770827754686,7.251758614544272,1.6883252140279879,0.5994379258044621,2.7173923547273344,2.716048667801184,11,3.7166892909561735,3.716048667801176,7.251002806838257,1.6883404354169942,2.7166892909561735,0.48047106671740764
1,45,61,3.834263636091381,3.832889962679502,0.013050609415109252,7.376504331528762,1.6883252140279879,0.5937383914143661,2.834263636091381,2.832889962679502,11,3.833546634769793,3.8328899626794932,7.375735475486923,1.6883404354169942,2.833546634769793,0.4804697462390717
1,46,61,3.950930682403766,3.949527180901211,0.013304907337927274,7.50075414924715,1.6883252140279879,0.5881851137016093,2.950930682403766,2.949527180901211,11,3.9501998283473116,3.9495271809012014,7.49997229684457,1.6883404354169942,2.9501998283473116,0.48046845085737105
1,47,61,4.06738863942025,4.065955462934147,0.013557719963832015,7.624519623182605,1.6883252140279879,0.5827720125735758,3.0673886394202503,3.065955462934147,11,4.066644014380293,4.065955462934138,7.623724825172238,1.6883404354169942,3.0666440143802927,0.4804671802059482
1,48,61,4.1836334594715225,4.182170756107217,0.013809099398779343,7.747811893753602,1.6883252140279879,0.5774933475057727,3.1836334594715225,3.182170756107217,11,4.182875142316739,4.182170756107205,7.7470041997111085,1.6883404354169942,3.182875142316739,0.4804659338656537
1,49,61,4.299661805527193,4.29816971865422,0.014059094742555827,7.870641702265549,1.6883252140279879,0.5723436946577988,3.299661805527193,3.2981697186542203,11,4.298889872410786,4.29816971865421,7.869821160632309,1.6883404354169942,3.2988898724107862,0.48046471137806684
1,50,61,4.4154709672212595,4.413949635720845,0.014307752320009325,7.9930194067751135,1.6883252140279879,0.5673179256876681,3.4154709672212595,3.4139496357208454,11,4.41468549173524,4.413949635720826,7.992186064899426,1.6883404354169942,3.4146854917352396,0.4804635122557802
1,51,61,4.531058787207093,4.529508345702629,0.014555115890664713,8.114954997713864,1.6883252140279879,0.5624111881436415,3.531058787207093,3.529508345702629,11,4.5302598405248204,4.529508345702618,8.114108901890374,1.6883404354169942,3.5302598405248204,0.4804623359913718
1,52,61,4.646423596454001,4.644844175525968,0.014801226839041825,8.236458113159896,1.6883252140279879,0.5576188873173195,3.6464235964540013,3.644844175525968,11,4.645611247462102,4.644844175525957,8.235599308667334,1.6883404354169942,3.645611247462102,0.48046118206422805
1,53,61,4.7615641573020575,4.759955883688566,0.015046124347731619,8.357538053678896,1.6883252140279879,0.5529366694475395,3.7615641573020575,3.7599558836885656,11,4.760738472722675,4.759955883688555,8.356666584816155,1.6883404354169942,3.760738472722675,0.4804600499462871
1,54,61,4.876479613263121,4.874842610047256,0.015289845555044887,8.478203796680706,1.6883252140279879,0.5483604061710999,3.876479613263121,3.8748426100472564,11,4.875640657767366,4.874842610047244,8.47731970680134,1.6883404354169942,3.8756406577673657,0.4804589391065712
1,55,61,4.9911694447007635,4.989503831485768,0.015532425698815952,8.598464010257123,1.6883252140279879,0.5438861801230681,3.9911694447007635,3.9895038314857683,11,4.990317281014144,4.989503831485754,8.59756734180231,1.6883404354169942,3.9903172810141436,0.48045784901490923
1,56,61,5.105633429643639,5.10393932271689,0.01577389824778331,8.718327066481109,1.6883252140279879,0.5395102715962353,4.105633429643639,4.10393932271689,11,5.104768118644171,5.103939322716876,8.717417861011176,1.6883404354169942,4.104768118644171,0.4804567791445642
1,57,61,5.219871609090103,5.218149121576758,0.016014295021798214,8.837801054158827,1.6883252140279879,0.5352291461759237,4.219871609090103,4.218149121576758,11,5.2189932098997085,5.2181491215767455,8.83687935238337,1.6883404354169942,4.2189932098997085,0.4804557289750754
1,58,61,5.333884256249811,5.332133498256875,0.016253646301965793,8.956893791034563,1.6883252140279879,0.5310394432727491,4.333884256249811,4.332133498256875,11,5.3329928263196,5.332133498256853,8.95595963284125,1.6883404354169942,4.3329928263196,0.4804546979934229
1,59,61,5.447671849242499,5.44589292799408,0.01649198093170483,9.075612835454692,1.6883252140279879,0.5269379654820212,4.447671849242499,4.44589292799408,11,5.446767444432414,5.445892927994066,9.074666259936786,1.6883404354169942,4.446767444432414,0.48045368569600483
1,60,61,5.561235046837913,5.559428066802317,0.01672932640960438,9.193965497501607,1.6883252140279879,0.5229216687041792,4.561235046837913,4.559428066802317,11,5.560317721491204,5.5594280668022975,9.1930065429843,1.6883404354169942,4.560317721491204,0.4804526915893731
2,6,61,-0.2136130144708577,-0.21363281003854295,8.537694272894216e-05,2.348748993894494,1.6883252140279879,0.99218269085308,1.2136130144708577,1.213632810038543,11,-0.21361174387479875,-0.21363170581782231,2.348718868305873,1.6883404354169942,1.2136117438747989,0.1538271411015298
2,7,61,-0.13851996809546918,-0.13866599008931413,0.0004156415050004623,2.5232815556375328,1.6883252140279879,0.9814708987306766,1.1385199680954692,1.1386659900893141,11,-0.13853808545208396,-0.13866599008931457,2.5232173151417645,1.6883404354169942,1.138538085452084,0.46225517801418375
2,8,61,-0.03660734084692657,-0.03683763432636855,0.0008682666777402431,2.7236315798196964,1.6883252140279879,0.9664179366131722,1.0366073408469265,1.0368376343263686,11,-0.03664906351240676,-0.036837634326368995,2.723534514646388,1.6883404354169942,1.0366490635124068,0.47277209320607433
2,9,61,0.08968431063272103,0.0893597651419693,0.0013611569783024088,2.9419074682953683,1.6883252140279879,0.9482079339641012,0.910315689367279,0.9106402348580307,11,0.08961718367143744,0.0893597651419693,2.9417804676832926,1.6883404354169942,0.9103828163285625,0.47505686837499456
2,10,61,0.2367853200299785,0.23636119211270312,0.0018664870364932824,3.172400956384207,1.6883252140279879,0.9280877152992398,0.7632146799700215,0.7636388078872969,11,0.23669232518431957,0.23636119211270223,3.1722466065792108,1.6883404354169942,0.7633076748156804,0.47586902659674524
2,11,61,0.4009647753480357,0.4004387991391489,0.0023712093726725803,3.411047621699083,1.6883252140279879,0.9070874315534533,0.5990352246519643,0.5995612008608511,11,0.4008460663749956,0.4004387991391489,3.410867846324773,1.6883404354169942,0.5991539336250045,0.476227457078681
2,12,61,0.5788377730323473,0.5782095000284295,0.00286985824569944,3.654989761025446,1.6883252140279879,0.885949838915912,0.4211622269676527,0.4217904999715705,11,0.5786937409204993,0.5782095000284286,3.654785905458345,1.6883404354169942,0.4213062590795007,0.4764076847607456
2,13,61,0.7675500764041308,0.766820046550194,0.0033605374193418007,3.9022374248954748,1.6883252140279879,0.8651612902581745,0.23244992359586925,0.23317995344980602,11,0.7673811779906026,0.7668200465501922,3.9020104218332063,1.6883404354169942,0.23261882200939743,0.47650760816359405
2,14,61,0.9647881098540158,0.9639573525388911,0.003842882780880737,4.151413080228783,1.6883252140279879,0.8450141021139448,0.03521189014598425,0.03604264746110886,11,0.9645948003165704,0.9639573525388885,4.151163590555719,1.6883404354169942,0.03540519968342959,0.4765676511502394
2,15,61,1.1687142135730986,1.1677839669166907,0.004317134504272177,4.4015653071887835,1.6883252140279879,0.8256666759815772,0.16871421357309857,0.16778396691669073,11,1.1684969235961773,1.1677839669166898,4.401293818046401,1.6883404354169942,0.1684969235961773,0.4766061917200715
2,16,61,1.3778814135490056,1.3768529747743496,0.004783746311726872,4.6520366995446585,1.6883252140279879,0.8071903569114961,0.3778814135490056,0.37685297477434965,11,1.3776405435899493,1.3768529747743496,4.651743587029994,1.6883404354169942,0.37764054358994925,0.47663223540869293
2,17,61,1.5911522872953447,1.5900269371410163,0.005243229070915561,4.902372176044663,1.6883252140279879,0.7896024005401099,0.5911522872953447,0.5900269371410163,11,1.5908882077183641,1.5900269371410154,4.902057743831748,1.6883404354169942,0.5908882077183641,0.4766505087786384
2,18,61,1.8076305472198,1.8064095144529002,0.005696089874592142,5.152256180172701,1.6883252140279879,0.7728878627062178,0.8076305472198,0.8064095144529002,11,1.8073436001990997,1.8064095144528993,5.151920683092015,1.6883404354169942,0.8073436001990997,0.47666366448582764
2,19,61,2.0266065691905895,2.025291016151364,0.0061428087047554255,5.401469922909838,1.6883252140279879,0.7570136232411563,1.0266065691905895,1.025291016151364,11,2.0262970710293,2.025291016151363,5.401113581498394,1.6883404354169942,1.0262970710292998,0.47667328974150325
2,20,61,2.2475152356221275,2.2461062544679633,0.006583829997400757,5.64986227115198,1.6883252140279879,0.7419371525093186,1.2475152356221275,1.2461062544679633,11,2.2471834790773517,2.2461062544679615,5.649485280853585,1.6883404354169942,1.2471834790773517,0.47668039071642515
2,21,61,2.469903721617023,2.468402335797647,0.007019560452770114,5.89732983515309,1.6883252140279879,0.7276118816555832,1.469903721617023,1.4684023357976468,11,2.469549978111314,2.4684023357976415,5.896932372330768,1.6883404354169942,1.469549978111314,0.4766856372151956
2,22,61,2.6934069705783164,2.6918141386953334,0.0074503696992174115,6.143803240193294,1.6883252140279879,0.7139904216524169,1.6934069705783164,1.6918141386953334,11,2.6930314922587932,2.69181413869533,6.143385466205138,1.6883404354169942,1.6930314922587932,0.4766894930642996
2,23,61,2.917728994542497,2.916045615132764,0.007876592345705832,6.389237566571235,1.6883252140279879,0.7010264360904221,1.9177289945424971,1.9160456151327638,11,2.9173320161722383,2.9160456151327567,6.38879963063572,1.6883404354169942,1.9173320161722383,0.47669228955776455
2,24,61,3.1426285496499804,3.140855466157962,0.00829853069155981,6.633605617553295,1.6883252140279879,0.6886756786457274,2.1426285496499804,2.140855466157962,11,3.142210290326464,3.140855466157955,6.633147658832114,1.6883404354169942,2.142210290326464,0.47669426912088
2,25,61,3.3679080936565855,3.366046099239173,0.008716457681075608,6.876893123692536,1.6883252140279879,0.6768965165509887,2.3679080936565855,2.366046099239173,11,3.3674687583592355,3.3660460992391705,6.876415272849922,1.6883404354169942,2.3674687583592355,0.47669561257472104
2,26,61,3.593405212633548,3.591455054637131,0.009130619858673352,7.119095287558396,1.6883252140279879,0.6656501413114094,2.593405212633548,2.591455054637131,11,3.5929449936079267,3.5914550546371258,7.118597667958529,1.6883404354169942,2.5929449936079267,0.4766964568922072
2,27,61,3.8189859152150807,3.8169482992661683,0.00954124018319293,7.360214267325372,1.6883252140279879,0.6549005924772432,2.8189859152150807,2.8169482992661683,11,3.8185049932051096,3.816948299266162,7.35969699597216,1.6883404354169942,2.8185049932051096,0.4766969071689487
2,28,61,4.044539348731794,4.042414942433867,0.009948520626802343,7.600257325918857,1.6883252140279879,0.6446146730198287,3.044539348731794,3.042414942433867,11,4.0440378940733845,4.042414942433862,7.599720514207582,1.6883404354169942,3.0440378940733845,0.4766970449237914
2,29,61,4.269973605785037,4.267763042039578,0.010352644527065503,7.839235457588343,1.6883252140279879,0.6347618052179526,3.2699736057850366,3.2677630420395776,11,4.269451779375271,4.267763042039574,7.8386792119169,1.6883404354169942,3.269451779375271,0.4766969339847718
2,30,61,4.495212373317803,4.4929162532985565,0.010753778687421101,8.077162360856304,1.6883252140279879,0.6253138573296563,3.495212373317803,3.4929162532985565,11,4.494670327473509,4.492916253298546,8.076586783129624,1.6883404354169942,3.494670327473509,0.4766966247413244
2,31,61,4.720192237433555,4.717811133247018,0.011152075236692344,8.314053665449798,1.6883252140279879,0.6162449595824878,3.7201922374335554,3.717811133247018,11,4.719630116652308,4.717811133247009,8.313458853501686,1.6883404354169942,3.719630116652308,0.47669615726343634
2,32,61,4.9448605022817045,4.942394959346911,0.01154767326629948,8.549926347306567,1.6883252140279879,0.607531320602071,3.9448605022817045,3.9423949593469114,11,4.944278443917131,4.942394959346906,8.549312395256658,1.6883404354169942,3.9442784439171312,0.47669556362097487
2,33,61,5.169173414725699,5.166623953904576,0.011940700267128386,8.784798284107248,1.6883252140279879,0.5991510507190427,4.169173414725699,4.166623953904576,11,5.168571549587758,5.1666239539045655,8.784165282666414,1.6883404354169942,4.168571549587758,0.47669486962751223
2,34,61,5.393094711430248,5.3904618309370775,0.01233127338864531,9.018687916663342,1.6883252140279879,0.5910839956489418,4.393094711430248,4.3904618309370775,11,5.392473164319827,5.390461830937069,9.018035953397515,1.6883404354169942,4.392473164319827,0.4766940961657224
2,35,61,5.616594423734416,5.613878600850246,0.012719500541806794,9.25161399062754,1.6883252140279879,0.5833115821992676,4.616594423734416,4.613878600850246,11,5.61595331392052,5.613878600850235,9.250943150187668,1.6883404354169942,4.61595331392052,0.4766932602043635
2,36,61,5.8396478898570905,5.836849582471807,0.013105481365603371,9.483595359547277,1.6883252140279879,0.5758166765238484,4.8396478898570905,4.836849582471807,11,5.838987331503774,5.836849582471794,9.482905723871424,1.6883404354169942,4.838987331503774,0.47669237558463157
2,37,61,6.062234934792771,6.059354582795049,0.013489308074980918,9.714650835033405,1.6883252140279879,0.5685834547624681,5.062234934792771,5.059354582795049,11,6.061555037342014,6.059354582795038,9.713942483525635,1.6883404354169942,5.061555037342014,0.4766914536338996
2,38,61,6.284339186556345,6.281377213089108,0.013871066205825082,9.944799073293302,1.6883252140279879,0.5615972855101906,5.284339186556345,5.281377213089108,11,6.2836400550722695,6.28137721308909,9.944072082983087,1.6883404354169942,5.2836400550722695,0.47669050364779475
2,39,61,6.505947503850979,6.502904316447827,0.014250835270652271,10.17405848984682,1.6883252140279879,0.55484462335087,5.505947503850979,5.502904316447827,11,6.505229239330106,6.502904316447818,10.173312935531975,1.6883404354169942,5.505229239330106,0.4766895332710273
2,40,61,6.727049495223627,6.723925486839834,0.014628689336884323,10.402447196157405,1.6883252140279879,0.5483129125948816,5.727049495223627,5.723925486839834,11,6.726312194875126,6.723925486839807,10.401683150532918,1.6883404354169942,5.726312194875126,0.4766885488011541
2,41,61,6.947637113678183,6.944432663627996,0.015004697537911775,10.629982953348375,1.6883252140279879,0.5419905003381755,5.947637113678183,5.944432663627996,11,6.946880871177718,6.94443266362798,10.62920048712316,1.6883404354169942,5.946880871177718,0.47668755543162233
2,42,61,7.167704313790961,7.164419788601631,0.015378924525774737,10.856683139261694,1.6883252140279879,0.5358665579797793,6.167704313790961,6.164419788601631,11,7.1669292195111005,7.164419788601606,10.855882321264836,1.6883404354169942,6.1669292195111005,0.47668655744721306
2,43,61,7.387246760807135,7.383882514998653,0.0157514308730346,11.082564725945348,1.6883252140279879,0.5299310103795167,6.387246760807135,6.383882514998653,11,7.3864529020269885,7.383882514998634,11.081745623223192,1.6883404354169942,6.3864529020269885,0.47668555838230164
2,44,61,7.606261583133739,7.6028179599323344,0.016122273430349658,11.307644265290248,1.6883252140279879,0.5241744718951511,6.606261583133739,6.6028179599323344,11,7.6054490442301335,7.602817959932313,11.30680694319549,1.6883404354169942,6.6054490442301335,0.47668456114972424
2,45,61,7.824747161194637,7.821224493186856,0.016491505645378993,11.53193788102777,1.6883252140279879,0.5185881886009804,6.824747161194637,6.821224493186856,11,7.823916023816839,7.821224493186834,11.531082403301452,1.6883404354169942,6.823916023816839,0.4766835681458614
2,46,61,8.042702946858316,8.039101556591913,0.016859177847830198,11.755461265678628,1.6883252140279879,0.5131639860534903,7.042702946858316,7.039101556591913,11,8.041853290088024,8.039101556591888,11.75458769452586,1.6883404354169942,7.041853290088024,0.4766825813366521
2,47,61,8.260129308655367,8.256449509192368,0.017225337504825543,11.978229681339743,1.6883252140279879,0.5078942220312118,7.260129308655367,7.256449509192368,11,8.259261209153543,8.25644950919234,11.977338077499844,1.6883404354169942,7.259261209153543,0.4766816023291389
2,48,61,8.477027398818624,8.473269494245292,0.01759002945017332,12.20025796342778,1.6883252140279879,0.502771743733937,7.477027398818624,7.473269494245292,11,8.47614093096052,8.473269494245262,12.199348386239395,1.6883404354169942,7.47614093096052,0.4766806324294405
2,49,61,8.693399038843603,8.68956332474159,0.017953296090674423,12.421560526679794,1.6883252140279879,0.497789848980046,7.693399038843603,7.68956332474159,11,8.692494274843169,8.689563324741563,12.420633034141536,1.6883404354169942,7.692494274843169,0.4766796726919293
2,50,61,8.90924662081091,8.905333384693215,0.01831517759214232,12.642151372855746,1.6883252140279879,0.49294225098966993,7.90924662081091,7.905333384693215,11,8.908323630835575,8.905333384693169,12.641206021682752,1.6883404354169942,7.908323630835575,0.476678723959469
2,51,61,9.12457302215857,9.120582543873654,0.01867571204747899,12.862044099701219,1.6883252140279879,0.48822304638570363,8.12457302215857,8.120582543873654,11,9.123631874435443,9.120582543873622,12.861080945378058,1.6883404354169942,8.123631874435443,0.4766777868973477
2,52,61,9.339381531960601,9.33531408406768,0.019034935628867513,13.081251910819324,1.6883252140279879,0.4836266860845173,8.339381531960601,8.33531408406768,11,9.338422292874768,9.335314084067642,13.08027100764953,1.6883404354169942,8.338422292874768,0.4766768620213483
2,53,61,9.55367578707249,9.549531635190457,0.019392882725813132,13.299787626173075,1.6883252140279879,0.4791479487838496,8.55367578707249,8.549531635190457,11,9.55269852125828,9.549531635190423,13.298789027325665,1.6883404354169942,8.55269852125828,0.4766759497215813
2,54,61,9.767459716757218,9.763239119889716,0.01974958607064341,13.517663692996976,1.6883252140279879,0.4747819167871597,8.767459716757218,8.763239119889716,11,9.766464487182974,9.763239119889672,13.516647450550186,1.6883404354169942,8.766464487182974,0.4766750502825125
2,55,61,9.980737494615639,9.97644070545421,0.020105076852758367,13.734892196942885,1.6883252140279879,0.4705239539319959,8.980737494615639,8.97644070545421,11,9.979724362662632,9.97644070545416,13.733858361925316,1.6883404354169942,8.979724362662632,0.47667416389934475
2,56,61,10.193513496821414,10.189140762028709,0.02045938482288034,13.951484873322116,1.6883252140279879,0.46636968541507684,9.193513496821414,9.189140762028709,11,10.192482522357402,10.189140762028671,13.950433495751584,1.6883404354169942,9.192482522357402,0.47667329069276865
2,57,61,10.405792265807657,10.401343826282355,0.02081253838831793,14.167453118335713,1.6883252140279879,0.4623149793290838,9.405792265807657,9.401343826282355,11,10.404743507255562,10.401343826282309,14.16638424725591,1.6883404354169942,9.404743507255562,0.4766724307206343
2,58,61,10.617578478676696,10.613054569801617,0.021164564700176663,14.38280800020854,1.6883252140279879,0.4583559297459474,9.617578478676696,9.613054569801617,11,10.616511993078772,10.613054569801575,14.381721683723708,1.6883404354169942,9.616511993078772,0.4766715839879525
2,59,61,10.828876919708511,10.824277771583372,0.021515489733315175,14.597560270162228,1.6883252140279879,0.4544888411989672,9.828876919708511,9.824277771583372,11,10.827792762786466,10.82427777158332,14.59645655546999,1.6883404354169942,9.827792762786466,0.4766707504559037
2,60,61,11.039692456431903,11.035018294091797,0.021865338359804545,14.811720373177401,1.6883252140279879,0.45071021443165976,10.039692456431903,10.035018294091797,11,11.038590682643196,11.03501829409175,14.810599306599885,1.6883404354169942,10.038590682643196,0.47666993004905966
3,7,61,0.04725636597866452,0.04689874968220131,0.0007955066813801531,2.8712243705758516,1.6883252140279879,0.9739882028197572,0.9527436340213354,0.9531012503177987,11,0.04722634011319043,0.046898749682200425,2.8711556230328417,1.6883404354169942,0.9527736598868096,0.444156872867259
3,8,61,0.2533980682048542,0.2528400998174192,0.0018355791546037442,3.1973040219682596,1.6883252140279879,0.9536791934469618,0.7466019317951458,0.7471599001825808,11,0.25331339692537164,0.2528400998174192,3.197163455313044,1.6883404354169942,0.7466866030746284,0.46874837684253784
3,9,61,0.5027166299538158,0.5019406647864084,0.002923844827342195,3.5521114160110883,1.6883252140279879,0.9296989839235593,0.49728337004618417,0.4980593352135916,11,0.5025761599493267,0.5019406647864084,3.5519080057587415,1.6883404354169942,0.4974238400506733,0.47280536274390844
3,10,61,0.787624732807258,0.7866217517459475,0.004011282592417903,3.9279833051737096,1.6883252140279879,0.9037624109857867,0.21237526719274202,0.2133782482540525,11,0.7874291102742516,0.7866217517459475,3.92772304609494,1.6883404354169942,0.21257088972574845,0.4741445513488232
3,11,61,1.100866702685442,1.0996329954582071,0.005083042159439529,4.319063298985538,1.6883252140279879,0.8772282410658154,0.10086670268544196,0.09963299545820714,11,1.1006170990248374,1.0996329954582054,4.318750012052271,1.6883404354169942,0.1006170990248374,0.4747247458766173
3,12,61,1.4362031522792527,1.4347379925725363,0.006136479791838206,4.720953752250974,1.6883252140279879,0.8510285108643014,0.43620315227925266,0.4347379925725363,11,1.4359007255451952,1.4347379925725363,4.720589812764627,1.6883404354169942,0.4359007255451952,0.4750192356259913
3,13,61,1.7885741597331997,1.7868783575864926,0.0071730496993241835,5.130408186664999,1.6883252140279879,0.8257306408710838,0.7885741597331997,0.7868783575864926,11,1.788219897282802,1.7868783575864926,5.12999506596528,1.6883404354169942,0.7882198972828021,0.4751875019740006
3,14,61,2.1540079001185584,2.1520829738369436,0.008195058774333226,5.54505836533515,1.6883252140279879,0.8016370871343559,1.1540079001185584,1.1520829738369436,11,2.153602612848677,2.1520829738369436,5.544596992949073,1.6883404354169942,1.153602612848677,0.4752935582528804
3,15,61,2.529437800206181,2.527285535078869,0.009204594845368758,5.963186664389218,1.6883252140279879,0.7788762110654155,1.529437800206181,1.5272855350788692,11,2.5289821588777603,2.5272855350788683,5.962677653598224,1.6883404354169942,1.5289821588777603,0.4753660203597554
3,16,61,2.912510855593264,2.910133084628482,0.010203308405393184,6.383547680139241,1.6883252140279879,0.7574702496957597,1.912510855593264,1.910133084628482,11,2.912005428424044,2.910133084628482,6.382991461891795,1.6883404354169942,1.912005428424044,0.4754187598718344
3,17,61,3.3014208426407694,3.2988193467159075,0.011192463196996103,6.805234880119577,1.6883252140279879,0.737381118425115,2.3014208426407694,2.2988193467159075,11,3.300866123699818,3.2988193467159075,6.804631780123264,1.6883404354169942,2.300866123699818,0.4754590108904394
3,18,61,3.6947750622248217,3.691951530933272,0.0121730360842858,7.227584045652328,1.6883252140279879,0.7185393353410873,2.6947750622248217,2.691951530933272,11,3.6941714907417462,3.691951530933272,7.226934328027755,1.6883404354169942,2.6941714907417462,0.4754908258023038
3,19,61,4.091492430898038,4.088448452495236,0.013145801319859598,7.650104663672824,1.6883252140279879,0.7008614556952346,3.091492430898038,3.0884484524952356,11,4.090840404035782,4.088448452495236,7.64940855556747,1.6883404354169942,3.0908404040357818,0.47551663712557846
3,20,61,4.490727233687744,4.48746429795613,0.014111389430580712,8.072431603722043,1.6883252140279879,0.6842601629727914,3.4907272336877444,3.48746429795613,11,4.490027115118791,4.48746429795613,8.071689309275737,1.6883404354169942,3.4900271151187914,0.4755379998905207
3,21,61,4.891812589461268,4.888332095578033,0.01507032599452654,8.494291120664757,1.6883252140279879,0.6686498484745996,3.891812589461268,3.8883320955780327,11,4.891064715352208,4.888332095578029,8.493502829052366,1.6883404354169942,3.8910647153522078,0.4755559629427335
3,22,61,5.294218577499159,5.290521843225964,0.01602305714497272,8.91547682936819,1.6883252140279879,0.6539494951414091,4.294218577499159,4.290521843225964,11,5.293423260885802,5.290521843225958,8.914642719530436,1.6883404354169942,4.293423260885802,0.47557126506806313
3,23,61,5.697521103454939,5.693609374058175,0.01696996686693343,9.33583258482535,1.6883252140279879,0.6400839878310747,4.697521103454939,4.693609374058175,11,5.696678637581817,5.693609374058168,9.33495282832133,1.6883404354169942,4.696678637581817,0.47558444470307176
3,24,61,6.101378592437084,6.097253048739573,0.01791138926032387,9.755240151241134,1.6883252140279879,0.6269845280436775,5.101378592437084,5.097253048739573,11,6.1004892533950175,6.097253048739569,9.754314914013115,1.6883404354169942,5.1004892533950175,0.47559590489046055
3,25,61,6.505514393951274,6.501176159366176,0.01884761762755548,10.173610212801844,1.6883252140279879,0.6145885564321556,5.505514393951274,5.501176159366176,11,6.504578442812707,6.501176159366166,10.172639656294551,1.6883404354169942,5.504578442812707,0.47560595380334897
3,26,61,6.909703376630444,6.905153523217553,0.019778911455414366,10.590875738022921,1.6883252140279879,0.6028394200257969,5.909703376630444,5.905153523217553,11,6.9087210612082295,6.905153523217551,10.58986001990973,1.6883404354169942,5.9087210612082295,0.47561483119998044
3,27,61,7.313761619245602,7.30900117289892,0.0207055019207215,11.006987020467916,1.6883252140279879,0.5916859214558093,6.313761619245602,6.30900117289892,11,7.3127331755595995,7.309001172898906,11.005926295132012,1.6883404354169942,6.3127331755595995,0.47562272635223257
3,28,61,7.717538409827303,7.712568354717696,0.02162759630909274,11.421907928179442,1.6883252140279879,0.5810818282520094,6.717538409827303,6.712568354717696,11,7.716464063338818,7.712568354717677,11.420802347039094,1.6883404354169942,6.716464063338818,0.47562979056966675
3,29,61,8.120909981270849,8.115731263660674,0.022545381603659015,11.835613035617762,1.6883252140279879,0.5709853852828778,7.120909981270849,7.115731263660674,11,8.11978994792961,8.115731263660662,11.834462747350868,1.6883404354169942,7.119789947929609,0.4756361461641456
3,30,61,8.523774565554321,8.518388097086415,0.023459027424155936,12.248085407946805,1.6883252140279879,0.5613588528630477,7.523774565554321,7.518388097086415,11,8.522609052692566,8.518388097086392,12.246890558649682,1.6883404354169942,7.522609052692566,0.47564189299507
3,31,61,8.926048458398238,8.920455118945657,0.024368688449687412,12.659314873285856,1.6883252140279879,0.5521680811046342,7.926048458398238,7.920455118945657,11,8.92483766549903,8.920455118945636,12.65807560658887,1.6883404354169942,7.92483766549903,0.4756471133292815
3,32,61,9.327662865011886,9.321863505160357,0.02527450642709394,13.069296664071343,1.6883252140279879,0.5433821242546084,8.327662865011886,8.321863505160357,11,9.326406984373365,9.321863505160326,13.068013121226137,1.6883404354169942,8.326406984373365,0.47565187550056864
3,33,61,9.728561354666052,9.722556797888178,0.02617661184450867,13.478030340547484,1.6883252140279879,0.534972894960578,8.728561354666052,8.722556797888178,11,9.72726057197907,9.722556797888142,13.476702660495597,1.6883404354169942,8.72726057197907,0.4756562367005763
3,34,61,10.12869779355699,10.12248883812709,0.02707512533307831,13.885518931989088,1.6883252140279879,0.5269148564005519,9.12869779355699,9.12248883812709,11,10.127352288410291,10.122488838127069,13.884147251418499,1.6883404354169942,9.127352288410291,0.4756602451312421
3,35,61,10.528034656195311,10.521622076884734,0.02797015884697519,14.291768247454963,1.6883252140279879,0.5191847492560024,9.528034656195311,9.521622076884734,11,10.52664460251976,10.521622076884697,14.290352700848876,1.6883404354169942,9.52664460251976,0.4756639416815156
3,36,61,10.926541638445515,10.91992618803133,0.028861816661845716,14.696786319619957,1.6883252140279879,0.5117613501572013,9.926541638445515,9.91992618803133,11,10.925107204906807,10.919926188031285,14.695327039300725,1.6883404354169942,9.925107204906807,0.4756673612460535
3,37,61,11.324194512521522,11.317376923135898,0.02975019622393767,15.100582953853511,1.6883252140279879,0.5046252582193422,10.324194512521522,10.317376923135898,11,11.322715862869101,11.317376923135866,15.099080070023568,1.6883404354169942,10.322715862869101,0.4756705337715754
3,38,61,11.720974177244436,11.713955161587304,0.030635388875897125,15.503169361104828,1.6883252140279879,0.49775870645882364,10.720974177244436,10.713955161587304,11,11.719451470623017,11.713955161587252,15.50162300188586,1.6883404354169942,10.719451470623017,0.47567348509306917
3,39,61,12.11686586678492,12.109646119218482,0.03151748048026697,15.904557857941303,1.6883252140279879,0.49114539513748706,11.11686586678492,11.109646119218482,11,12.115299258013966,12.109646119218446,15.902968149412471,1.6883404354169942,11.115299258013966,0.475676237608022
3,40,61,12.511858488734378,12.50443868627542,0.032396551957675296,16.304761620706255,1.6883252140279879,0.4847703443741004,11.511858488734378,11.50443868627542,11,12.5102481285598,12.504438686275364,16.303128686941907,1.6883404354169942,11.5102481285598,0.4756788108231812
3,41,61,12.905944068248216,12.898324871471171,0.03327267975370686,16.703794483521648,1.6883252140279879,0.4786197636560349,11.905944068248216,11.898324871471171,11,12.904290103570164,12.898324871471122,16.7021184466288,1.6883404354169942,11.904290103570164,0.4756812218012893
3,42,61,13.299117279602536,13.29129933346466,0.03414593624572045,17.101670771983503,1.6883252140279879,0.4726809361633479,12.299117279602536,12.29129933346466,11,13.297419853682264,13.291299333464607,17.099951752139216,1.6883404354169942,12.297419853682264,0.4756834855280836
3,43,61,13.691375050112118,13.683358984709962,0.035016390098981734,17.498405166042165,1.6883252140279879,0.46694211607416836,12.691375050112118,12.683358984709962,11,13.689634302760556,13.68335898470989,17.496643281530893,1.6883404354169942,12.689634302760556,0.475685615215796
3,44,61,14.082716224203184,14.0745026554685,0.035884106579790125,17.894012586841896,1.6883252140279879,0.4613924372512863,13.082716224203184,13.0745026554685,11,14.080932291953514,14.074502655468422,17.89220795409283,1.6883404354169942,13.080932291953514,0.47568762255520536
3,45,61,14.473141277694396,14.464730808036407,0.03674914783195493,18.288508103302778,1.6883252140279879,0.45602183191482826,13.473141277694396,13.464730808036407,11,14.471314293960374,14.464730808036315,18.28666083692698,1.6883404354169942,13.471314293960374,0.47568951792667913
3,46,61,14.862652074141986,14.854045293041718,0.0376115731218961,18.681906855024028,1.6883252140279879,0.4508209580861148,13.862652074141986,13.854045293041718,11,14.860782169363823,14.854045293041633,18.680017067851562,1.6883404354169942,13.860782169363823,0.4756913105768605
3,47,61,15.251251656552002,15.242449141113905,0.03847143905679652,19.074223988721272,1.6883252140279879,0.44578113474523534,14.251251656552002,14.242449141113905,11,15.249338958330986,15.242449141113838,19.072291791838005,1.6883404354169942,14.249338958330986,0.4756930087679671
3,48,61,15.63894406892902,15.629946384394266,0.03932879977950007,19.465474605916974,1.6883252140279879,0.44089428378183704,14.63894406892902,14.629946384394266,11,15.636988702152236,15.62994638439417,19.46350010870113,1.6883404354169942,14.636988702152236,0.47569461990436746
3,49,61,16.025734203075828,16.016541903300894,0.04018370714323733,19.855673720009687,1.6883252140279879,0.4361528779374548,15.025734203075828,15.016541903300894,11,16.02373629003196,16.016541903300798,19.853657030168105,1.6883404354169942,15.023736290031959,0.47569615064000914
3,50,61,16.411627666827567,16.402241294731756,0.04103621086884304,20.24483622117685,1.6883252140279879,0.4315498940406423,15.411627666827567,15.402241294731756,11,16.4095873273146,16.402241294731674,20.24277744478075,1.6883404354169942,15.4095873273146,0.4756976069707315
3,51,61,16.796630670532387,16.787050758517044,0.04188635868665235,20.63297684783197,1.6883252140279879,0.4270787709252447,15.796630670532387,15.787050758517044,11,16.794548021958217,16.78705075851694,20.63087608935228,1.6883404354169942,15.794548021958217,0.4756989943125466
3,52,61,17.180749929106874,17.170976999448698,0.04273419646500533,21.020110163574547,1.6883252140279879,0.42273337149923473,16.180749929106874,16.170976999448698,11,17.178625086583196,17.1709769994486,21.017967525916742,1.6883404354169942,16.178625086583196,0.47570031757002823
3,53,61,17.563992577418883,17.554027142640027,0.043579768326932805,21.406250538748413,1.6883252140279879,0.418507948498246,16.563992577418883,16.554027142640027,11,17.56182565384927,17.554027142639914,21.404066123286736,1.6883404354169942,16.56182565384927,0.4757015811946309
3,54,61,17.94636609710276,17.93620866031921,0.04442311675647944,21.791412135870363,1.6883252140279879,0.4143971135157043,16.94636609710276,16.93620866031921,11,17.944157203265267,17.936208660319092,21.789186042481525,1.6883404354169942,16.944157203265267,0.4757027892355874
3,55,61,18.327878253202847,18.317529308453327,0.04526428269575844,22.1756088983108,1.6883252140279879,0.4103958089515248,17.327878253202847,17.317529308453327,11,18.32562749782772,18.3175293084532,22.17334122540697,1.6883404354169942,17.32562749782772,0.4757039453839745
3,56,61,18.70853703928482,18.697997071841478,0.04610330563387054,22.55885454170784,1.6883252140279879,0.40649928256477497,17.70853703928482,17.697997071841478,11,18.706244529127652,18.697997071841353,22.556545386269054,1.6883404354169942,17.706244529127652,0.4757050530113307
3,57,61,19.08835062985685,19.077620116519345,0.04694022368851123,22.941162547678402,1.6883252140279879,0.4027030643534327,18.08835062985685,18.077620116519345,11,19.086016469767596,19.07762011651922,22.938812005284294,1.6883404354169942,18.086016469767596,0.475706115203195
3,58,61,19.4673273391133,19.45640674848748,0.04777507368106317,23.322546159459062,1.6883252140279879,0.39900294551717785,18.4673273391133,18.45640674848748,11,19.46495163210149,19.456406748487336,23.320154324319866,1.6883404354169942,18.46495163210149,0.4757071347888339
3,59,61,19.845475585156183,19.83436537791844,0.048607891205844314,23.70301837916584,1.6883252140279879,0.395394959287731,18.845475585156183,18.83436537791844,11,19.84305843245266,19.834365377918317,23.70058534415278,1.6883404354169942,18.84305843245266,0.4757081143668264
3,60,61,20.222803858970813,20.211504488119406,0.04943871069413396,24.08259196641088,1.6883252140279879,0.39187536343617646,19.222803858970813,19.211504488119406,11,20.220345360086174,20.211504488119232,24.080117823085814,1.6883404354169942,19.220345360086174,0.47570905632846927
4,8,61,0.8506054691697434,0.8491130169365322,0.008224163820334205,4.008154034474338,1.6883252140279879,0.9496593376275899,0.14939453083025656,0.15088698306346782,11,0.8501782570931777,0.8491130169365304,4.007603664916781,1.6883404354169942,0.14982174290682226,0.4788771045144647
4,9,61,1.3244947488628545,1.3225113739514205,0.010901004338181681,4.588612285949044,1.6883252140279879,0.9212267506392151,0.32449474886285445,0.3225113739514205,11,1.3239289519156725,1.3225113739514187,4.5879306658944925,1.6883404354169942,0.3239289519156725,0.47877779461912906
4,10,61,1.8585916699219738,1.856095387577687,0.013572869533597948,5.210543735094251,1.6883252140279879,0.8904349497587537,0.8585916699219738,0.8560953875776871,11,1.8578885422002598,1.8560953875776853,5.209734207942194,1.6883404354169942,0.8578885422002598,0.47863738914205634
4,11,61,2.4405679683153774,2.4375455588788197,0.016234123213597643,5.864815124141246,1.6883252140279879,0.8590588027423212,1.4405679683153774,1.4375455588788197,11,2.4397287186702297,2.4375455588788135,5.863878898549066,1.6883404354169942,1.4397287186702297,0.47849751687943026
4,12,61,3.0599127351684725,3.056356444969283,0.01888871997981368,6.543908368317291,1.6883252140279879,0.8283113266490517,2.0599127351684725,2.056356444969283,11,3.058938099200091,3.0563564449692793,6.542845382229799,1.6883404354169942,2.058938099200091,0.47837267174508025
4,13,61,3.708129117633159,3.704034474426688,0.021541367826063265,7.241855488661907,1.6883252140279879,0.7989103436616103,2.708129117633159,2.704034474426688,11,3.707019407034716,3.7040344744266864,7.240665042862248,1.6883404354169942,2.707019407034716,0.47826642627445626
4,14,61,4.37856203682807,4.373926497315503,0.02419497446586402,7.954037119301999,1.6883252140279879,0.7712125450660738,3.37856203682807,3.3739264973155034,11,4.37731730535488,4.3739264973155,7.952718282429905,1.6883404354169942,3.3773173053548797,0.4781777940151558
4,15,61,5.066086348882133,5.060908504114499,0.026850617479745764,8.676929383176793,1.6883252140279879,0.7453411164852425,4.066086348882133,4.060908504114499,11,5.064706536218593,5.060908504114494,8.675481218276362,1.6883404354169942,4.064706536218593,0.4781042035487956
4,16,61,5.766781074458081,5.7610601996315545,0.029508175264685885,9.407859033944737,1.6883252140279879,0.7212818447764082,4.766781074458081,4.7610601996315545,11,5.765266097559586,5.761060199631551,9.406280706570639,1.6883404354169942,4.765266097559586,0.4780428622963071
4,17,61,6.477644883489684,6.471380687402023,0.03216691816532881,10.144795560464175,1.6883252140279879,0.6989471069762129,5.477644883489684,5.471380687402023,11,6.475994683930577,6.471380687402021,10.143086377713358,1.6883404354169942,5.475994683930577,0.4779912953139204
4,18,61,7.196368404181359,7.189560889251556,0.03482589644918471,10.88618738959818,1.6883252140279879,0.6782152300782429,6.196368404181359,6.189560889251556,11,7.19458296747676,7.189560889251553,10.884346803493347,1.6883404354169942,6.19458296747676,0.47794748815202664
4,19,61,7.921160430682017,7.913809812375241,0.0374841501633745,11.63083837385443,1.6883252140279879,0.6589532664113587,6.921160430682017,6.913809812375241,11,7.919239790450311,7.913809812375238,11.62886596890817,1.6883404354169942,6.919239790450311,0.47790986421892256
4,20,61,8.65061856620443,8.642725223943733,0.04014080383575425,12.3778168934517,1.6883252140279879,0.6410294068357407,7.650618566204431,7.642725223943733,11,8.648562801276531,8.642725223943721,12.375712368960821,1.6883404354169942,7.648562801276531,0.47787720908228487
4,21,61,9.383634029675942,9.37519847454559,0.042795097973902574,13.126389696923994,1.6883252140279879,0.6243192335880521,8.383634029675942,8.37519847454559,11,9.381443258577471,9.37519847454557,13.1241528490132,1.6883404354169942,8.381443258577471,0.47784858986271594
4,22,61,10.119321770341003,10.110344622024277,0.045446390249862224,13.875973838131614,1.6883252140279879,0.6087084506708103,9.119321770341003,9.110344622024277,11,10.11699614529451,10.11034462202426,13.873604543588558,1.6883404354169942,9.11699614529451,0.4778232865280141
4,23,61,10.856968982038861,10.84745095114069,0.048094144390174974,14.626101605742466,1.6883252140279879,0.5940936757472385,9.856968982038861,9.84745095114069,11,10.854508683392346,10.847450951140663,14.62359980822706,1.6883404354169942,9.854508683392346,0.4778007383603553
4,24,61,11.595996897510103,11.585938771288738,0.05073791559401171,15.376394714315149,1.6883252140279879,0.5803822161656129,10.595996897510103,10.585938771288738,11,11.593402128887359,11.585938771288712,15.373760412886016,1.6883404354169942,10.593402128887359,0.47778050393136917
4,25,61,12.335932168967444,12.32533479943018,0.053377336304133646,16.126545101908043,1.6883252140279879,0.5674913535744406,11.335932168967444,11.32533479943018,11,12.333203153165709,12.325334799430156,16.123778341575772,1.6883404354169942,11.333203153165709,0.47776223169680326
4,26,61,13.07638520294109,13.065249496717609,0.0560121036941747,16.876300468328928,1.6883252140279879,0.5553474280147173,12.07638520294109,12.065249496717609,11,13.073522178499365,13.06524949671757,16.873401332297526,1.6883404354169942,12.073522178499365,0.4777456384872229
4,27,61,13.8170335803739,13.805360490009246,0.05864196913848925,17.625453246948865,1.6883252140279879,0.5438848777920071,12.8170335803739,12.805360490009246,11,13.814036798709282,13.805360490009207,17.62242185023265,1.6883404354169942,12.814036798709282,0.4777304937219689
4,28,61,14.557609231475041,14.545399747900515,0.06126672950457254,18.373832091609394,1.6883252140279879,0.5330453150221203,13.557609231475041,13.545399747900515,11,14.554478954488605,14.545399747900458,18.370668575761062,1.6883404354169942,13.554478954488605,0.47771660773383323
4,29,61,15.29788841228277,15.285143558286599,0.06388621998474561,19.121295228491597,1.6883252140279879,0.5227766740334614,14.29788841228277,14.285143558286599,11,15.294624910350858,15.285143558286535,19.117999757227242,1.6883404354169942,14.294624910350858,0.4777038230469155
4,30,61,16.037683794389036,16.02440461894565,0.06650030818318048,19.8677252081539,1.6883252140279879,0.513032446427111,15.037683794389036,15.024404618945649,11,16.034287344670872,16.02440461894556,19.86429796370414,1.6883404354169942,15.034287344670872,0.4776920077877043
4,31,61,16.776838165449245,16.763025738790738,0.06910888921420613,20.61302472161985,1.6883252140279879,0.5037710042084536,15.776838165449245,15.763025738790738,11,16.773309050455627,16.763025738790652,20.609465901671722,1.6883404354169942,15.773309050455627,0.47768105065142386
4,32,61,17.51521937008937,17.500874779420773,0.07171188161471356,21.35711323448374,1.6883252140279879,0.49495500621223887,16.51521937008937,16.500874779420773,11,17.511557876467837,17.50087477942069,21.353423049606075,1.6883404354169942,16.511557876467837,0.4776708570136394
4,33,61,18.252716215245425,18.23784056101906,0.07430922391508005,22.09992425673645,1.6883252140279879,0.4865508802948233,17.252716215245425,17.23784056101906,11,18.248922632746325,18.237840561018967,22.096102928203198,1.6883404354169942,17.248922632746325,0.4776613458949019
4,34,61,18.98923513218795,18.97382952486415,0.07690087174667322,22.841403111621638,1.6883252140279879,0.47852837289159245,17.98923513218795,17.97382952486415,11,18.985309752782385,18.973829524864055,22.837450869564734,1.6883404354169942,17.985309752782385,0.47765244756742714
4,35,61,19.724697437280774,19.70876299451181,0.07948679538995133,23.581505099864188,1.6883252140279879,0.47086015764161737,18.724697437280774,18.70876299451181,11,19.720640554406856,19.7087629945117,23.577422181700776,1.6883404354169942,18.720640554406856,0.47764410165101295
4,36,61,20.45903707024617,20.442574914428807,0.08206697768717898,24.320193979819482,1.6883252140279879,0.4635214953626828,19.45903707024617,19.442574914428807,11,20.45484897816408,20.442574914428683,24.315980628908743,1.6883404354169942,19.45484897816408,0.4776362555844449
4,37,61,21.192198716061892,21.17520997221112,0.08464141225882835,25.057440702037425,1.6883252140279879,0.4564899384390427,20.192198716061892,20.17520997221112,11,21.18787970930169,21.175209972210972,25.053097166530403,1.6883404354169942,20.18787970930169,0.47762886338893373
4,38,61,21.92413623718919,21.906622031092216,0.08721010197458097,25.79322235018741,1.6883252140279879,0.44974507351084697,20.92413623718919,20.906622031092216,11,21.919686610077914,21.90662203109207,25.78874888203986,1.6883404354169942,20.919686610077914,0.47762188466017086
4,39,61,22.654811358442796,22.636772815057544,0.08977305763883527,26.527521250476266,1.6883252140279879,0.44326829715044136,21.654811358442796,21.636772815057544,11,22.65023140469954,22.6367728150574,26.522918104599807,1.6883404354169942,21.65023140469954,0.4776152837410124
4,40,61,23.384192558769588,23.36563080083676,0.09233029685775808,27.260324219484215,1.6883252140279879,0.4370426199401188,22.384192558769588,22.36563080083676,11,23.379482571159084,23.3656308008366,27.25559165301496,1.6883404354169942,22.379482571159084,0.4776090290379676
4,41,61,24.112254133427154,24.093170280269092,0.09488184306070203,27.991621926353748,1.6883252140279879,0.4310524950146664,23.112254133427154,23.093170280269092,11,24.107414403463732,24.093170280268904,27.9867601980216,1.6883404354169942,23.107414403463732,0.4776030924530788
4,42,61,24.83897539723098,24.819370563713964,0.09742772465323787,28.721408349947968,1.6883252140279879,0.425283667698723,23.83897539723098,23.819370563713964,11,24.834006214926124,24.81937056371375,28.71641771953175,1.6883404354169942,23.834006214926124,0.4775974489090119
4,43,61,25.564340005160798,25.544215300800253,0.09996797428286514,29.449680315263272,1.6883252140279879,0.41972304335819555,24.564340005160798,24.544215300800253,11,25.559241658808343,25.544215300800015,29.444561043120054,1.6883404354169942,24.559241658808343,0.477592075949978
4,44,61,26.28833537105131,26.267691899242582,0.10250262820140237,30.17643709628283,1.6883252140279879,0.414358571004248,25.28833537105131,25.267691899242582,11,26.283108147045404,26.267691899242333,30.171189442940797,1.6883404354169942,25.283108147045404,0.477586953404573
4,45,61,27.010952168614434,26.989791025973375,0.10503172571060403,30.901680074764265,1.6883252140279879,0.40917914054598137,26.010952168614434,25.989791025973375,11,27.00559635129576,26.98979102597313,30.8963043005707,1.6883404354169942,26.00559635129576,0.47758206309967244
4,46,61,27.7321839018514,27.710506177651574,0.1075553086795231,31.625412446302704,1.6883252140279879,0.4041744918920992,26.7321839018514,26.710506177651574,11,27.72669977337816,27.710506177651283,31.61990881111965,1.6883404354169942,26.72669977337816,0.47757738861652
4,47,61,28.452026534172973,28.429833309867377,0.11007342112398967,32.34763896649842,1.6883252140279879,0.39933513436019336,27.452026534172973,27.429833309867377,11,28.44641437441334,28.429833309867092,32.342007729439736,1.6883404354169942,27.44641437441334,0.47757291508180677
4,48,61,29.170478167370756,29.147770516188167,0.11258610883980992,33.06836573126435,1.6883252140279879,0.3946522750715768,28.170478167370756,28.147770516188167,11,29.164738253813933,29.147770516187855,33.06260715046856,1.6883404354169942,28.164738253813933,0.4775686289882067
4,49,61,29.887538763063738,29.864317749670384,0.11509341908269094,33.78759998628973,1.6883252140279879,0.3901177551957864,28.887538763063738,28.864317749670384,11,29.88167137074739,29.864317749670057,33.78171431872445,1.6883404354169942,28.88167137074739,0.47756451803940225
4,50,61,30.603209900453137,30.579476580671773,0.11759540028872684,34.505349961480675,1.6883252140279879,0.3857239930670647,29.603209900453137,29.579476580671773,11,30.597215301905045,30.579476580671454,34.49933746277415,1.6883404354169942,29.597215301905045,0.4775605710159452
4,51,61,31.317494565209717,31.293249985789544,0.12009210183028583,35.22162472685839,1.6883252140279879,0.38146393332966766,30.317494565209717,30.293249985789544,11,31.31137303040177,31.293249985789195,35.21548565115504,1.6883404354169942,30.31137303040177,0.47755677765855836
4,52,61,32.0303969651319,32.0056421635626,0.12258357380273702,35.93643406694114,1.6883252140279879,0.37733100138343245,31.0303969651319,31.005642163562598,11,32.02414876144492,32.00564216356224,35.930168666778016,1.6883404354169942,31.02414876144492,0.4775531285664833
4,53,61,32.741922368889064,32.716658373254226,0.12506986683816546,36.649788371089834,1.6883252140279879,0.37331906249876645,31.741922368889064,31.716658373254226,11,32.73554776108713,32.71665837325387,36.64339689729133,1.6883404354169942,31.735547761087133,0.4775496151085645
4,54,61,33.45207696472261,33.42630479358752,0.12755103194266967,37.36169853767258,1.6883252140279879,0.3694223850537304,32.45207696472261,32.42630479358752,11,33.44557621493556,33.42630479358713,37.355181239261256,1.6883404354169942,32.44557621493556,0.4775462293450752
4,55,61,34.16086773644417,34.134588398773666,0.13002712035432848,38.07217589021916,1.6883252140279879,0.36563560741736295,33.16086773644417,33.134588398773666,11,34.15424110415728,34.13458839877326,38.06553301434068,1.6883404354169942,33.15424110415728,0.4775429639591082
4,56,61,34.86830235446065,34.84151684956374,0.13249818341935415,38.78123210400077,1.6883252140279879,0.3619537080646864,33.86830235446065,33.84151684956374,11,34.861550096510584,34.84151684956331,38.77446389586121,1.6883404354169942,33.861550096510584,0.47753981219598307
4,57,61,35.57438907988198,35.54709839737965,0.13496427248410026,39.48887914169216,1.6883252140279879,0.35837197856150815,34.57438907988198,34.54709839737965,11,35.567511450458134,35.547098397379195,39.48198584450625,1.6883404354169942,34.567511450458134,0.47753676780966164
4,58,61,36.279136680043955,36.251341799857535,0.1374254388011437,40.19512919696158,1.6883252140279879,0.35488599910246516,35.279136680043955,35.251341799857535,11,36.272133930694615,36.25134179985704,40.18811105191051,1.6883404354169942,35.272133930694615,0.4775338250150963
4,59,61,36.98255435401039,36.954256246367784,0.13988173344763086,40.899994644992454,1.6883252140279879,0.35149161632487214,35.98255435401039,35.954256246367784,11,36.975426733652945,36.95425624636729,40.892851891190155,1.6883404354169942,35.975426733652945,0.4775309784459894
4,60,61,37.68465166681649,37.655851292274036,0.14233320725449924,41.603487999076485,1.6883252140279879,0.3481849231547447,36.68465166681649,36.655851292274036,11,37.67739942175109,37.65585129227354,41.59622087354331,1.6883404354169942,36.67739942175109,0.47752822311716164
5,9,61,2.841764725428315,2.8375368869409243,0.024597485394000466,6.306315095040493,1.6883252140279879,0.9283658280705226,1.8417647254283152,1.8375368869409243,11,2.840478234670272,2.8375368869409243,6.3049041437562465,1.6883404354169942,1.8404782346702722,0.4790884017779212
5,10,61,3.820863553571824,3.8155589792329385,0.02993419839181322,7.362208208610545,1.6883252140279879,0.893957676766668,2.820863553571824,2.8155589792329385,11,3.8193049866977513,3.815558979232936,7.3605418619270315,1.6883404354169942,2.8193049866977513,0.4788345197756584
5,11,61,4.8897740599610495,4.883338580459638,0.03538955123514329,8.49214580203505,1.6883252140279879,0.8583888064756736,3.8897740599610495,3.883338580459638,11,4.887938698515401,4.883338580459638,8.490216689929829,1.6883404354169942,3.887938698515401,0.4786069317004068
5,12,61,6.030883849096627,6.023276333402501,0.040965440801949006,9.68212598268652,1.6883252140279879,0.8233521956096832,5.030883849096627,5.023276333402501,11,6.0287663024043505,6.023276333402494,9.679926207247147,1.6883404354169942,5.0287663024043505,0.47841145388029843
5,13,61,7.229376977095646,7.2205659892236795,0.046657541853278514,10.920158215361193,1.6883252140279879,0.7898769712834064,6.229376977095646,6.2205659892236795,11,7.2269716901578365,7.220565989223671,10.917680114010825,1.6883404354169942,6.2269716901578365,0.4782477893174529
5,14,61,8.47326969116893,8.463230874827293,0.0524557714579622,12.19640802186055,1.6883252140279879,0.7584832363909196,7.47326969116893,7.463230874827293,11,8.470571399136434,8.463230874827282,12.193644639154185,1.6883404354169942,7.470571399136434,0.4781123736780106
5,15,61,9.753094504229697,9.741808676231802,0.05834692471375205,13.503023253334813,1.6883252140279879,0.7293549158312428,8.753094504229697,8.741808676231802,11,9.750098501744525,9.741808676231788,13.499968550395401,1.6883404354169942,8.750098501744525,0.47800052646878466
5,16,61,11.06145849830173,11.048910313470385,0.06431708601565338,14.833822093870056,1.6883252140279879,0.7024775786262292,10.06145849830173,10.048910313470385,11,11.058160740995946,11.048910313470383,14.83047097675825,1.6883404354169942,10.058160740995946,0.47790768589627536
5,17,61,12.39260522032891,12.378782249343608,0.07035314514050596,16.183959247180884,1.6883252140279879,0.6777321564772751,11.39260522032891,11.378782249343608,11,12.389002317863854,12.378782249343605,16.180307495197425,1.6883404354169942,11.389002317863854,0.4778299368879793
5,18,61,13.74203759718013,13.7269296847515,0.07644350364776724,17.54962793832584,1.6883252140279879,0.6549526723027601,12.74203759718013,12.7269296847515,11,13.7381267516521,13.726929684751486,17.545672090904308,1.6883404354169942,12.7381267516521,0.4777641293017614
5,19,61,15.106216767370206,15.089815575322962,0.08257825497269723,18.927817012141432,1.6883252140279879,0.6339592236745274,14.106216767370206,14.089815575322962,11,15.101995692653297,15.089815575322948,18.923554248939528,1.6883404354169942,14.101995692653297,0.4777078094394816
5,20,61,16.482331360773088,16.46463003275122,0.08874908947792347,20.316122582218153,1.6883252140279879,0.6145754896774202,15.482331360773088,15.46463003275122,11,16.477798202046145,16.4646300327512,20.31155061322053,1.6883404354169942,15.477798202046145,0.47765909207025137
5,21,61,17.868124584382638,17.8491174918958,0.09494908856503563,21.71260580662305,1.6883252140279879,0.5966371446942602,16.868124584382638,16.8491174918958,11,17.863277846287314,17.849117491895758,21.707722778307563,1.6883404354169942,16.863277846287314,0.4776165318997986
5,22,61,19.261765811576975,19.241448356074383,0.101172496873899,23.115686746219044,1.6883252140279879,0.5799951881600712,18.261765811576975,18.241448356074383,11,19.256604297466787,19.241448356074315,23.11049116430353,1.6883404354169942,18.256604297466787,0.47757901560488497
5,23,61,20.661755277824874,20.64012373274624,0.10741451293709564,24.52406530385803,1.6883252140279879,0.5645165707048578,19.661755277824874,19.64012373274624,11,20.6562780397331,20.640123732746147,24.518555970791272,1.6883404354169942,19.6562780397331,0.47754567805526293
5,24,61,22.0668529895843,22.043904371952827,0.11367111193527889,25.93666206899633,1.6883252140279879,0.5500834757142904,21.0668529895843,21.043904371952827,11,22.06105928746634,22.043904371952728,25.930838033679375,1.6883404354169942,21.06105928746634,0.4775158397429496
5,25,61,23.476025237908214,23.451757202441915,0.11993890149841857,27.35257367717824,1.6883252140279879,0.5365920071292387,22.476025237908214,22.451757202441915,11,23.46991450650141,23.451757202441804,27.34643419448637,1.6883404354169942,22.46991450650141,0.4774889608294224
5,26,61,24.888403929968668,24.862814680796372,0.12621500650410702,28.77103875807931,1.6883252140279879,0.5239506840589222,23.888403929968668,23.862814680796372,11,24.881975751757558,24.862814680796244,28.764583256115543,1.6883404354169942,23.881975751757558,0.47746460754625636
5,27,61,26.303255311013476,26.27634352743037,0.1324969775727231,30.191411653385796,1.6883252140279879,0.5120789459887033,25.303255311013476,25.27634352743037,11,26.296509394043923,26.27634352743024,30.184639706805555,1.6883404354169942,25.296509394043923,0.4774424275536817
5,28,61,27.719955628737527,27.69172040232937,0.1387827182811737,31.613141889084687,1.6883252140279879,0.5009057641838749,26.719955628737527,26.69172040232937,11,27.712891788280036,27.691720402329217,31.60605319719754,1.6883404354169942,26.712891788280036,0.47742213173526954
5,29,61,29.13797198563558,29.108412766718487,0.14507042694917285,33.03575795709964,1.6883252140279879,0.49036839687691736,28.13797198563558,28.108412766718487,11,29.130590128917945,29.108412766718267,33.0283523257514,1.6883404354169942,28.130590128917945,0.47740348061520127
5,30,61,30.556847112841083,30.525963664606138,0.15135854973142382,34.45885436269752,1.6883252140279879,0.4804112957816412,29.556847112841083,29.525963664606138,11,30.54914722624594,30.525963664605868,34.451131689167354,1.6883404354169942,29.54914722624594,0.47738627411413365
5,31,61,31.976187142395368,31.943979501475283,0.1576457425078857,35.88208117656486,1.6883252140279879,0.47098515680291003,30.976187142395368,30.943979501475283,11,31.96816928065351,31.94397950147502,35.874041436887545,1.6883404354169942,30.96816928065351,0.4773703437358169
5,32,61,33.39565169788415,33.3621201403066,0.16393083966619762,37.305135530162666,1.6883252140279879,0.46204610143283825,32.39565169788415,32.3621201403066,11,33.38731597489724,33.36212014030631,37.29677876841831,1.6883404354169942,32.38731597489724,0.47735554654275414
5,33,61,34.81494579670155,34.78009080838641,0.17021282832855145,38.72775463533009,1.6883252140279879,0.45355497330983136,33.81494579670155,33.78009080838641,11,34.80629237770598,34.780090808386106,38.71908095454307,1.6883404354169942,33.80629237770598,0.4773417604617407
5,34,61,36.23381318206735,36.19763543317571,0.176490826918269,40.14971001164663,1.6883252140279879,0.4454767345985615,35.23381318206735,35.19763543317571,11,36.22484227691019,36.197635433175364,40.14071956601145,1.6883404354169942,35.22484227691019,0.47732888058968675
5,35,61,37.65203079385314,37.614531116416394,0.18276406721637992,41.57080267976087,1.6883252140279879,0.4377799480481371,36.65203079385314,36.614531116416394,11,37.64274265119693,37.61453111641603,41.561495667969375,1.6883404354169942,36.64274265119693,0.4773168162596025
5,36,61,39.06940415423319,39.030583522586554,0.18903187924878548,42.99085913395292,1.6883252140279879,0.4304363321738963,38.06940415423319,38.030583522586554,11,39.05979905654097,39.030583522586134,42.98123579344223,1.6883404354169942,38.05979905654097,0.4773054886899241
5,37,61,40.48576349402769,40.44562300765076,0.19529367848716464,44.409727948255565,1.6883252140279879,0.4234203786613381,39.48576349402769,39.44562300765076,11,40.47584175320765,40.445623007650305,44.399788550229715,1.6883404354169942,39.47584175320765,0.47729482908635074
5,38,61,41.90096048312033,41.85950135155118,0.20154895495497036,45.827276901418,1.6883252140279879,0.41670902265166654,40.90096048312033,40.85950135155118,11,41.89072243673073,41.85950135155065,45.817021746524034,1.6883404354169942,40.89072243673073,0.4772847770971093
5,39,61,43.31486545684805,43.272088986389285,0.20779726391225137,47.243390529592475,1.6883252140279879,0.4102813579703269,42.31486545684805,42.272088986389285,11,43.30431146478043,43.27208898638877,47.2328199441524,1.6883404354169942,42.30431146478043,0.4772752795475624
5,40,61,44.72736505214704,44.68327263412561,0.21403821785685778,48.65796803378544,1.6883252140279879,0.404118390583217,43.72736505214704,43.68327263412561,11,44.71649549371948,44.68327263412509,48.647082366502644,1.6883404354169942,43.71649549371948,0.477266289396402
5,41,61,46.13836018418502,46.092953284562924,0.2202714796293358,50.07092148322358,1.6883252140279879,0.39820282461429146,45.13836018418502,45.092953284562924,11,46.12717545558819,46.09295328456231,50.059721102295995,1.6883404354169942,45.12717545558819,0.47725776486962934
5,42,61,47.5477643074448,47.501044457608224,0.22649675644765907,51.48217426684202,1.6883252140279879,0.39251887614814623,46.5477643074448,46.501044457608224,11,47.53626481949333,47.501044457607534,51.47065955742557,1.6883404354169942,46.53626481949333,0.47724966873771324
5,43,61,48.95550191564067,48.907470704219115,0.23271379472924641,52.89165975383434,1.6883252140279879,0.38705211079105795,47.95550191564067,47.907470704219115,11,48.94368809178845,48.90747070421835,52.87983111580857,1.6883404354169942,47.94368809178845,0.47724196770918054
5,44,61,50.36150724310615,50.312166308694664,0.23892237558225207,54.29932013115345,1.6883252140279879,0.38178930159338254,49.36150724310615,49.312166308694664,11,50.349379517691865,50.312166308693854,54.28717797714942,1.6883404354169942,49.349379517691865,0.4772346319190309
5,45,61,51.76572313688468,51.7150741615599,0.24512231086820682,55.705105391419856,1.6883252140279879,0.3767183044634545,50.76572313688468,50.7150741615599,11,51.75328195357786,51.71507416155906,55.69265014507621,1.6883404354169942,50.75328195357786,0.47722763449535033
5,46,61,53.16810007405154,53.11614477758637,0.2513134397541627,57.10897244918516,1.6883252140279879,0.3718279486444368,52.16810007405154,52.11614477758637,11,53.155345884473995,53.11614477758544,57.096204543602774,1.6883404354169942,52.155345884473995,0.4772209511902973
5,47,61,54.56859530307527,54.515335437770574,0.2574956256858354,58.51088436713944,1.6883252140279879,0.3671079401949806,53.56859530307527,53.515335437770574,11,54.555528565576566,54.51533543776963,58.49780424351016,1.6883404354169942,53.555528565576566,0.47721456006464696
5,48,61,55.96717209150862,55.912609437570765,0.26366875372379206,59.91080967682471,1.6883252140279879,0.36254877672405234,54.96717209150862,54.912609437570765,11,55.95379327007674,55.91260943756972,59.8974177832127,1.6883404354169942,54.95379327007674,0.4772084412169405
5,49,61,57.3637990651413,57.30793542654285,0.26983272819400167,61.308721780853304,1.6883252140279879,0.3581416718898979,56.3637990651413,56.30793542654285,11,57.35010862843264,57.30793542654177,61.29501857111043,1.6883404354169942,56.35010862843264,0.4772025765501067
5,50,61,58.75844962608296,58.70128682685324,0.2759874706109773,62.704598425637506,1.6883252140279879,0.3538784883912408,57.75844962608296,57.70128682685324,11,58.74444804655763,58.70128682685211,62.690584358436965,1.6883404354169942,57.74444804655763,0.477196949569555
5,51,61,60.15110143917403,60.09264132007128,0.28213291783840133,64.09842123530291,1.6883252140279879,0.3497516783624248,59.15110143917403,59.09264132007128,11,60.136789192324336,60.09264132007003,64.08409677327724,1.6883404354169942,59.136789192324336,0.4771915452080311
5,52,61,61.54173597771723,61.4819803932414,0.28826902045692665,65.4901752988381,1.6883252140279879,0.3457542302390715,60.54173597771723,60.4819803932414,11,61.52711354137891,61.48198039324009,65.47554090780976,1.6883404354169942,60.52711354137891,0.4771863496728503
5,53,61,62.930338120856035,62.869288936564956,0.2943957413130486,66.87984880369157,1.6883252140279879,0.3418796212917349,61.930338120856035,61.869288936564956,11,62.91540597459275,62.86928893656365,66.86490495198535,1.6883404354169942,61.91540597459275,0.47718135031273606
5,54,61,64.31689579603501,64.25455488613242,0.3005130542269702,68.26743270999296,1.6883252140279879,0.3381217751359293,63.31689579603501,63.254554886132425,11,64.3016544205884,64.25455488613107,68.25217986782108,1.6883404354169942,63.301654420588406,0.4771765355007667
5,55,61,65.7013996609142,65.63776890608057,0.30662094284010344,69.65292046039343,1.6883252140279879,0.3344750236210738,64.7013996609142,64.63776890608057,11,65.68584953771189,65.63776890607913,69.63735909930575,1.6883404354169942,64.68584953771189,0.47717189453187997
5,56,61,67.0838428198911,67.01892410533229,0.3127193995855796,71.03630772120655,1.6883252140279879,0.33093407258102936,66.0838428198911,66.01892410533229,11,67.06798443060697,67.01892410533083,71.02043831359829,1.6883404354169942,66.06798443060697,0.47716741753212916
5,57,61,68.4642205710515,68.39801578474336,0.3188084247672449,72.41759215111547,1.6883252140279879,0.3274939709972714,67.4642205710515,67.39801578474336,11,68.44805439721235,68.39801578474183,72.40141516978679,1.6883404354169942,67.44805439721235,0.4771630953788906
5,58,61,69.84253017993207,69.77504121104032,0.32488802573474324,73.79677319420915,1.6883252140279879,0.3241500831841777,68.84253017993207,68.77504121104032,11,69.82605670256572,69.77504121103867,73.78028911197045,1.6883404354169942,68.82605670256572,0.47715891962981666
5,59,61,71.21877067695641,71.14999941441505,0.3309582161436089,75.17385189453115,1.6883252140279879,0.32089806365601353,70.21877067695641,70.14999941441505,11,71.20199037627742,71.14999941441326,75.1570611838503,1.6883404354169942,70.20199037627742,0.4771548824599407
5,60,61,72.59294267581645,72.52289100704827,0.33701901529078304,76.54883072968993,1.6883252140279879,0.3177338343782039,71.59294267581645,71.52289100704827,11,72.57585603094493,72.52289100704647,76.53173386237589,1.6883404354169942,71.57585603094493,0.477150976605637
6,10,61,7.124657069260044,7.114544043953847,0.052780360827580496,10.812353358486787,1.6883252140279879,0.9112286107613004,6.124657069260044,6.114544043953847,11,7.121942995615623,7.114544043953805,10.809555863586716,1.6883404354169942,6.121942995615623,0.4780503775379035
6,11,61,9.069270063200326,9.056811148284929,0.0626857854059662,12.80557738131456,1.6883252140279879,0.8723650286559363,8.069270063200326,8.056811148284929,11,9.066066581475509,9.056811148284911,12.802304307211061,1.6883404354169942,8.066066581475509,0.4776511923494419
6,12,61,11.170615148226084,11.155661920003107,0.073072367093653,14.944665910934148,1.6883252140279879,0.8333309684087522,10.170615148226084,10.155661920003107,11,11.166900174282647,11.155661920003064,14.940892011638038,1.6883404354169942,10.166900174282647,0.47730274116193483
6,13,61,13.401392402355842,13.383824058722166,0.0839079612563515,17.205129139882427,1.6883252140279879,0.7957029448252699,12.401392402355842,12.383824058722166,11,13.397144530367852,13.38382405872212,17.2008306191569,1.6883404354169942,12.397144530367852,0.4770086261425248
6,14,61,15.73811712202346,15.717835444068676,0.0951464772870559,19.565531271694464,1.6883252140279879,0.7603404926401629,14.73811712202346,14.717835444068676,11,15.733316673902566,15.717835444068626,19.560686675399936,1.6883404354169942,14.733316673902566,0.4767649382877217
6,15,61,18.161351181034874,18.138275881521174,0.10673599604275373,22.00791853877875,1.6883252140279879,0.7276005010535511,17.161351181034874,17.138275881521174,11,18.155980765227998,18.138275881521118,22.00250915655598,1.6883404354169942,17.155980765227998,0.4765643647012526
6,16,61,20.655368608099735,20.629433496022436,0.11862528177741777,24.51764196707598,1.6883252140279879,0.6975319382405363,19.655368608099735,19.629433496022436,11,20.649413255941894,20.629433496022397,24.511651842790478,1.6883404354169942,19.649413255941894,0.47639896687410177
6,17,61,23.207584290621575,23.178734288360648,0.13076763549186138,27.082902975145814,1.6883252140279879,0.6700164259620667,22.207584290621575,22.178734288360648,11,23.201031323551724,23.178734288360605,27.076318681351122,1.6883404354169942,22.201031323551724,0.4762615839786415
6,18,61,25.8079486686933,25.776137551220177,0.14312249394624643,29.69423191844628,1.6883252140279879,0.6448574598968956,24.8079486686933,24.776137551220177,11,25.800787435897465,25.7761375512201,29.6870422280341,1.6883404354169942,24.800787435897465,0.47614631153471376
6,19,61,28.44840689047156,28.413595580237548,0.15565558678970026,32.34400636659158,1.6883252140279879,0.621832124829993,27.44840689047156,27.413595580237548,11,28.440628470792607,28.413595580237427,32.3362019082721,1.6883404354169942,27.440628470792607,0.47604850176130425
6,20,61,31.122455120484457,31.084610391454483,0.1683383610473475,35.02604884491104,1.6883252140279879,0.6007187192633077,30.122455120484457,30.084610391454483,11,31.11405203944386,31.084610391454333,35.01762178752619,1.6883404354169942,30.11405203944386,0.4759645761364393
6,21,61,33.82479303677292,33.78388651525197,0.18114713936865054,37.735308391975465,1.6883252140279879,0.5813100914785022,32.82479303677292,32.78388651525197,11,33.81575902006992,33.783886515251716,37.72625217476612,1.6883404354169942,32.81575902006992,0.47589179960843697
6,22,61,36.55105813982362,36.507065521180536,0.1940622645653115,40.46761535668893,1.6883252140279879,0.563418993266398,35.55105813982362,35.507065521180536,11,36.54138790803014,36.50706552118022,40.45792446729344,1.6883404354169942,35.54138790803014,0.4758280781604724
6,23,61,39.297624637317966,39.250525061805405,0.2070673413125244,43.21949484250648,1.6883252140279879,0.5468792215711219,38.297624637317966,38.250525061805405,11,39.287313738662945,39.25052506180502,43.20916463758361,1.6883404354169942,38.287313738662945,0.4757717970862904
6,24,61,42.06145133578642,42.01122688369356,0.2201486072829013,45.98802504503694,1.6883252140279879,0.5315446932142394,41.06145133578642,41.01122688369356,11,42.05049601115472,42.011226883693155,45.97705160628281,1.6883404354169942,41.05049601115472,0.47572169868520714
6,25,61,44.83996601091305,44.78660128893244,0.23329442895278676,48.77072919600045,1.6883252140279879,0.5172876252889705,43.83996601091305,43.78660128893244,11,44.82836308490342,44.78660128893202,48.7591092144817,1.6883404354169942,43.82836308490342,0.4756767921362824
6,26,61,47.630976743295335,47.574458541872104,0.24649490354496245,51.565492450252115,1.6883252140279879,0.5039964363806363,46.630976743295335,46.574458541872104,11,47.61872353591411,47.57445854187158,51.55322313299842,1.6883404354169942,46.61872353591411,0.4756362877323308
6,27,61,50.43260320890614,50.372920215718814,0.2597415461092673,54.37049728992479,1.6883252140279879,0.49157367414497233,49.43260320890614,49.372920215718814,11,50.419697463476474,50.37292021571823,54.3575762839205,1.6883404354169942,49.419697463476474,0.4755995488969135
6,28,61,53.243222827878895,53.180365386325775,0.27302704291914354,57.18417275459245,1.6883252140279879,0.4799341074604196,52.243222827878895,52.180365386325775,11,53.229662651699165,53.180365386325164,57.170598084391735,1.6883404354169942,52.229662651699165,0.4755660569794259
6,29,61,56.06142807969913,55.99538798389991,0.28634505587894593,60.00515408881936,1.6883252140279879,0.46900303367612023,55.06142807969913,54.99538798389991,11,56.04721189477866,55.99538798389907,59.99092410489218,1.6883404354169942,55.04721189477866,0.4755353851933605
6,30,61,58.885992301937925,58.816762621661546,0.299690066076207,62.83225032410305,1.6883252140279879,0.4587148074385543,57.885992301937925,57.816762621661546,11,58.871118803762805,58.816762621660516,62.81736365970573,1.6883404354169942,57.871118803762805,0.4755071791175869
6,31,61,61.71584200864683,61.64341693898031,0.31305724748658875,65.66441797374296,1.6883252140279879,0.44901157701887534,60.71584200864683,60.64341693898031,11,61.70031013140226,61.6434169389792,65.64887350862365,1.6883404354169942,60.70031013140226,0.4754811419423731
6,32,61,64.5500342767044,64.47440900833107,0.3264423640766514,68.50073949140872,1.6883252140279879,0.43984220583718386,63.550034276704395,63.474409008331065,11,64.53384316373798,64.4744090083298,68.48453632104605,1.6883404354169942,63.533843163737984,0.4754570231792366
6,33,61,67.38773811508362,67.30890872184452,0.3398416852296438,71.3404054828589,1.6883252140279879,0.43116135491592256,66.38773811508362,66.30890872184452,11,67.37088709366127,67.3089087218432,71.323542892221,1.6883404354169942,66.37088709366127,0.47543460992659403
6,34,61,70.22821899670167,70.14618233773757,0.3532519156619546,74.18269990512792,1.6883252140279879,0.42292870302771174,69.22821899670167,69.14618233773757,11,70.21070755630862,70.14618233773618,74.16517734615644,1.6883404354169942,69.21070755630862,0.4754137200427135
6,35,61,73.07082592553945,72.98557955980088,0.36667013691213113,77.02698766635729,1.6883252140279879,0.41510828361021557,72.07082592553945,71.98557955980088,11,73.05265369913329,72.98557955979938,77.00880473854569,1.6883404354169942,72.05265369913329,0.4753941967569776
6,36,61,75.91498055406478,75.82652266536503,0.3800937581582244,79.87270417156894,1.6883252140279879,0.40766792021793335,74.91498055406478,74.82652266536503,11,75.89614730180254,75.82652266536329,79.85386060512901,1.6883404354169942,74.89614730180254,0.4753759043785727
6,37,61,78.76016797215536,78.6684973032518,0.3935204746203148,82.71934645839926,1.6883252140279879,0.40057874493601325,77.76016797215536,77.6684973032518,11,78.74067356720855,78.66849730324994,82.69984209960722,1.6883404354169942,77.74067356720855,0.4753587248493414
6,38,61,81.60592886879756,81.5110446632378,0.40694823218018733,85.56646564142088,1.6883252140279879,0.3938147866021255,80.60592886879756,80.5110446632378,11,81.58577328493931,81.51104466323567,85.54630043981037,1.6883404354169942,80.58577328493931,0.4753425549537384
6,39,61,84.45185282888336,84.3537547795546,0.42037519713390015,88.41366044067502,1.6883252140279879,0.3873526178014356,83.45185282888336,83.3537547795546,11,84.43103612958755,84.35375477955242,88.39283443780306,1.6883404354169942,83.43103612958755,0.4753273040435856
6,40,61,87.2975725744513,87.19626077793936,0.43379973021055185,91.26057161403114,1.6883252140279879,0.3811710514109689,86.2975725744513,86.19626077793936,11,87.27609490328786,87.19626077793701,91.23908493359012,1.6883404354169942,86.27609490328786,0.47531289217016764
6,41,61,90.14275899626934,90.03823391226958,0.44722036415861716,94.10687714726137,1.6883252140279879,0.3752508789959864,89.14275899626934,89.03823391226958,11,90.12062056841671,90.03823391226702,94.08472998634974,1.6883404354169942,89.12062056841671,0.47529924854072203
6,42,61,92.98711685034073,92.87937926547576,0.4606357843319736,96.95228808266914,1.6883252140279879,0.3695746446361499,91.98711685034073,91.87937926547576,11,92.96431794506373,92.87937926547295,96.92948070406183,1.6883404354169942,91.96431794506373,0.475286310235642
6,43,61,95.830381016586,95.71943201208123,0.4740448118116593,99.79654488846006,1.6883252140279879,0.3641264488192998,94.830381016586,94.71943201208123,11,95.80692197055232,95.71943201207813,99.7730776137464,1.6883404354169942,94.80692197055232,0.47527402113606587
6,44,61,98.67231323503204,98.55815415777538,0.4874463886807207,102.63941428810013,1.6883252140279879,0.35889177791949867,97.67231323503204,97.55815415777538,11,98.64819443635943,98.558154157772,102.61528749157637,1.6883404354169942,97.64819443635943,0.4752623310226718
6,45,61,101.51269924933862,101.39533168592115,0.5008395651360911,105.48068648261751,1.6883252140279879,0.35385735550387026,100.51269924933862,100.39533168592115,11,101.48792113228079,101.39533168591754,105.45590058583875,1.6883404354169942,100.48792113228079,0.4752511948147302
6,46,61,104.35134629921407,104.23077205259838,0.5142234881735427,108.32017270990694,1.6883252140279879,0.34901101231566745,103.35134629921407,103.23077205259838,11,104.32590933940664,104.23077205259462,108.29472817681602,1.6883404354169942,103.32590933940664,0.475240571924157
6,47,61,107.18808091278764,107.06430198130322,0.5275973916253899,111.15770309412979,1.6883252140279879,0.3443415722807776,106.18808091278764,106.06430198130322,11,107.16198562298717,107.0643019812992,111.13160042669419,1.6883404354169942,106.16198562298717,0.47523042570526525
6,48,61,110.02274695779796,109.89576551619783,0.5409605873655091,113.99312474571084,1.6883252140279879,0.3398387522998133,109.02274695779796,108.89576551619783,11,109.995993884055,109.89576551619348,113.966364480006,1.6883404354169942,108.995993884055,0.47522072298356655
6,49,61,112.8552039168478,112.72502229919866,0.5543124575250883,116.82630007852211,1.6883252140279879,0.3354930739330153,111.8552039168478,111.72502229919866,11,112.82779363506475,112.72502229919425,116.79888278121031,1.6883404354169942,111.82779363506475,0.47521143365093627
6,50,61,115.68532535726253,115.5519460414675,0.5676524475862591,119.65710531588745,1.6883252140279879,0.33129578537281157,114.68532535726253,114.5519460414675,11,115.65725847009195,115.55194604146284,119.62903158104656,1.6883404354169942,114.65725847009195,0.4752025303164289
6,51,61,118.51299757047313,118.37642316425095,0.5809800602407142,122.4854291612325,1.6883252140279879,0.32723879233912934,117.51299757047313,117.37642316425095,11,118.48427470451874,118.3764231642461,122.4566996074951,1.6883404354169942,117.48427470451874,0.4751939880037476
6,52,61,121.33811835950178,121.1983515876689,0.594294849916783,125.31117161270319,1.6883252140279879,0.3233145967337414,120.33811835950178,120.1983515876689,11,121.3087401627889,121.19835158766378,125.28178688067239,1.6883404354169942,120.3087401627889,0.4751857838886491
6,53,61,124.16059595618312,124.01763964910344,0.6075964178918787,128.13424290400684,1.6883252140279879,0.3195162420588278,123.16059595618312,123.01763964910344,11,124.13056309587006,124.01763964909802,128.1042036539189,1.6883404354169942,123.13056309587006,0.475177897070083
6,54,61,126.98034805233235,126.8342051354135,0.6208844079195341,130.95456255620172,1.6883252140279879,0.3158372647470625,125.98034805233235,125.8342051354135,11,126.94966121263631,126.83420513540804,130.9238694658084,1.6883404354169942,125.94966121263631,0.47517030836975127
6,55,61,129.79730093123504,129.64797441536814,0.6341585023093336,133.77205852724288,1.6883252140279879,0.312271650670494,128.79730093123504,128.64797441536814,11,129.76596081155114,129.64797441536243,133.74071228989158,1.6883404354169942,128.76596081155114,0.4751630001566518
6,56,61,132.61138868767358,132.45888166051952,0.6474184184067266,136.58666644786078,1.6883252140279879,0.30881379619694294,131.61138868767358,131.45888166051952,11,132.57939600086658,132.45888166051336,136.55466777075137,1.6883404354169942,131.57939600086658,0.47515595619261863
6,57,61,135.42255252626381,135.2668681443054,0.6606639054262926,139.3983289338528,1.6883252140279879,0.30545847324870584,134.42255252626381,134.2668681443054,11,135.3899079971153,135.266868144299,139.36567853645352,1.6883404354169942,134.3899079971153,0.47514916149607545
6,58,61,138.23074012920796,138.07188161049294,0.6738947415989608,142.2069949661511,1.6883252140279879,0.3022007978915454,137.23074012920796,137.07188161049294,11,138.19744449300345,138.07188161048626,142.17369357875725,1.6883404354169942,137.19744449300345,0.4751426022217014
6,59,61,141.03590508570355,140.873875703213,0.6871107315972352,145.01261933112582,1.6883252140279879,0.2990362020443066,140.03590508570355,139.873875703213,11,141.00195908694616,140.87387570320604,144.9786676935482,1.6883404354169942,140.00195908694616,0.4751362655534992
6,60,61,143.8380063762277,143.67280945181025,0.7003117042088252,147.81516211453032,1.6883252140279879,0.2959604079528409,142.8380063762277,142.67280945181025,11,143.80341076746524,143.67280945180286,147.78056097489917,1.6883404354169942,142.80341076746524,0.4751301396099909
7,11,61,15.90781402699691,15.884983268364184,0.09923131640547868,19.736724879200445,1.6883252140279879,0.897496913951963,14.90781402699691,14.884983268364184,11,15.902885493721834,15.884983268364163,19.731751875852595,1.6883404354169942,14.902885493721834,0.4755288681701964
7,12,61,19.776761634727617,19.748732628773723,0.11708586269204137,23.63388472519076,1.6883252140279879,0.8552303825688492,18.776761634727617,18.748732628773723,11,19.770997635425886,19.748732628773634,23.62808453389637,1.6883404354169942,18.770997635425886,0.4748004350060182
7,13,61,23.954093704679895,23.920485466476908,0.13611604142631523,27.83277147316884,1.6883252140279879,0.813595395354639,22.954093704679895,22.920485466476908,11,23.947441644266146,23.9204854664768,27.82608933412721,1.6883404354169942,22.947441644266146,0.47417535712500297
7,14,61,28.392104680061042,28.35259847221392,0.15621736948380344,32.28752148988728,1.6883252140279879,0.7740508145810249,27.392104680061042,27.35259847221392,11,28.384515239198414,28.352598472213792,32.27990656703306,1.6883404354169942,27.384515239198414,0.4736541839834953
7,15,61,33.048726401990855,33.00305630129727,0.17726566634752755,36.95735811553896,1.6883252140279879,0.7373112952339256,32.048726401990855,32.00305630129727,11,33.04015516771528,33.003056301297114,36.948764925948026,1.6883404354169942,32.04015516771528,0.4732258498726715
7,16,61,37.888348629342715,37.83629206292783,0.1991337653763303,41.80758027890407,1.6883252140279879,0.7036024268648317,36.888348629342715,36.83629206292783,11,37.878756744026546,37.836292062927775,41.79796919931889,1.6883404354169942,36.878756744026546,0.47287499468352157
7,17,61,42.88153346429708,42.82290294866711,0.22170272370655542,46.809395631504174,1.6883252140279879,0.6728680343284527,41.88153346429708,41.82290294866711,11,42.870887544466,42.82290294866707,46.798732720661675,1.6883404354169942,41.870887544466,0.47258638487137233
7,18,61,48.00421605936471,47.938852473130815,0.244867410670062,51.93920297854835,1.6883252140279879,0.6449103266726829,47.00421605936471,46.938852473130815,11,47.99248769929512,47.93885247313066,51.92745941645926,1.6883404354169942,46.99248769929512,0.47234688026483074
7,19,61,53.2367708198971,53.16453810342578,0.2685380190813296,57.17771412207075,1.6883252140279879,0.6194743940599998,52.2367708198971,52.16453810342578,11,53.22393592986427,53.164538103425514,57.164865505419996,1.6883404354169942,52.22393592986427,0.4721459206794047
7,20,61,58.563138064303544,58.48391909124231,0.2926392390351772,62.509118321812394,1.6883252140279879,0.596294752274785,57.563138064303544,57.48391909124231,11,58.549176198084496,58.48391909124194,62.49514396267429,1.6883404354169942,57.549176198084496,0.4719753204485252
7,21,61,63.970086253274935,63.88377961026872,0.31710840318171335,67.92037029868128,1.6883252140279879,0.5751186465936916,62.970086253274935,62.88377961026872,11,63.95498000128016,63.88377961026795,67.90525259804424,1.6883404354169942,62.95498000128016,0.471828834315796
7,22,61,69.44662095302999,69.35313840618556,0.34189339121361756,73.40061690262773,1.6883252140279879,0.5557161304852345,68.44662095302999,68.35313840618556,11,69.43035542747768,69.35313840618454,73.38434082199461,1.6883404354169942,68.43035542747768,0.4717017133664898
7,23,61,74.98352402596095,74.88278850373563,0.3669506831284959,78.94074858458316,1.6883252140279879,0.5378830734942616,73.98352402596095,73.88278850373563,11,74.96608643807163,74.8827885037343,78.923301213604,1.6883404354169942,73.96608643807163,0.47159033081736884
7,24,61,80.57299845125705,80.46494241780317,0.39224370676650744,84.53305283265675,1.6883252140279879,0.5214406452030205,79.57299845125705,79.46494241780317,11,80.55437776918473,80.4649424178018,84.51442304020716,1.6883404354169942,79.55437776918473,0.47149189240515377
7,25,61,86.20839498792095,86.09295911499217,0.41774149874564726,90.17094695217543,1.6883252140279879,0.506233223952709,85.20839498792095,85.09295911499217,11,86.18858166113095,86.09295911499066,90.15112510573962,1.6883404354169942,85.18858166113095,0.47140422130536275
7,26,61,91.88400084334333,91.76113291366028,0.4434176439427634,95.84877113106674,1.6883252140279879,0.49212575428108307,90.88400084334333,90.76113291366028,11,91.86298657994062,91.76113291365851,95.82774887036798,1.6883404354169942,90.86298657994062,0.4713256013296543
7,27,61,97.59487492445092,97.46452891707442,0.46924944293861953,101.56162689033084,1.6883252140279879,0.4790010627367351,96.59487492445092,96.46452891707442,11,97.57265251010686,97.4645289170724,101.53939694347996,1.6883404354169942,96.57265251010686,0.47125466321190257
7,28,61,103.33671809699236,103.19885341775833,0.4952172584388889,107.3052496993883,1.6883252140279879,0.4667573648028693,102.33671809699236,102.19885341775833,11,103.31328124644692,103.19885341775621,107.28180573226996,1.6883404354169942,102.31328124644692,0.471190301919586
7,29,61,109.10576990759334,108.96035073659165,0.5213039994681299,113.07590745341157,1.6883252140279879,0.45530605142102615,108.10576990759334,107.96035073659165,11,109.08111314175531,108.9603507365886,113.05124394515292,1.6883404354169942,108.08111314175531,0.4711316160731866
7,30,61,114.89872548965835,114.7457202241783,0.5474947109184737,118.87031870149404,1.6883252140279879,0.4445697716800281,113.89872548965835,113.7457202241783,11,114.87284403297146,114.74572022417465,118.84443084055796,1.6883404354169942,113.87284403297146,0.47107786311269206
7,31,61,120.71266802796036,120.5520488040586,0.5737762437784575,124.68558611787942,1.6883252140279879,0.43448079483896873,119.71266802796036,119.5520488040586,11,120.68555772196206,120.55204880405444,124.65846971461988,1.6883404354169942,119.68555772196206,0.47102842573808057
7,32,61,126.54501335095085,126.37675563031328,0.6001369875422283,130.5191418683219,1.6883252140279879,0.42497962146055757,125.54501335095085,125.37675563031328,11,126.51667058090216,126.3767556303086,130.49079328081515,1.6883404354169942,125.51667058090216,0.47098278649368674
7,33,61,132.39346408104714,132.21754629248528,0.626566650976641,136.3687023612208,1.6883252140279879,0.4160138100541302,131.39346408104714,131.21754629248528,11,132.36388571321785,132.21754629248036,136.33911843190856,1.6883404354169942,131.36388571321785,0.4709405082973757
7,34,61,138.25597139706747,138.07237462403486,0.6530560808869212,142.23223048062965,1.6883252140279879,0.40753698696899027,137.25597139706747,137.07237462403486,11,138.22515472478952,138.07237462402946,142.2014084818528,1.6883404354169942,137.22515472478952,0.4709012193587865
7,35,61,144.13070291866,143.9394106257637,0.6795971110570466,148.1079038423378,1.6883252140279879,0.3995080105870784,143.13070291866,142.9394106257637,11,144.0986456156597,143.93941062575777,148.075841429244,1.6883404354169942,143.0986456156597,0.47086460137610403
7,36,61,150.01601555876076,149.81701335149916,0.7061824353974826,153.99408794218576,1.6883252140279879,0.3918902647540915,149.01601555876076,148.81701335149916,11,149.98271563858034,149.81701335149248,153.96078311180202,1.6883404354169942,148.98271563858034,0.4708303802088505
7,37,61,155.9104324409353,155.70370785388334,0.7328055007006126,159.88931331068954,1.6883252140279879,0.3846510601987011,154.9104324409353,154.70370785388334,11,155.87588822148567,155.70370785387595,159.85476436618615,1.6883404354169942,154.87588822148567,0.47079831844067405
7,38,61,161.8126231677041,161.59816547717102,0.7594604154184766,165.79225597301416,1.6883252140279879,0.37776112613626367,160.8126231677041,160.59816547717102,11,161.77683324017002,161.59816547716287,165.75646149236843,1.6883404354169942,160.77683324017002,0.4707682093992211
7,39,61,167.72138687034152,167.4991869281665,0.7861418716377124,171.70172065459147,1.6883252140279879,0.37119417724297754,166.72138687034152,166.4991869281665,11,167.6843500717988,167.49918692815803,171.66467946300378,1.6883404354169942,166.6843500717988,0.4707398723108873
7,40,61,173.63563758197063,173.40568766765202,0.8128450780050754,177.61662628170197,1.6883252140279879,0.36492654371818894,172.63563758197063,172.40568766765202,11,173.59735297118672,173.40568766764272,177.5783374272259,1.6883404354169942,172.59735297118672,0.4707131483457948
7,41,61,179.55439156247357,179.31668525125525,0.8395657017992348,183.53599341130968,1.6883252140279879,0.3589368542661303,178.55439156247357,178.31668525125525,11,179.51485839845267,179.31668525124527,183.49645614325297,1.6883404354169942,178.51485839845267,0.47068789736776995
7,42,61,185.476756271884,185.2312883167807,0.8662998186877495,189.45893329129623,1.6883252140279879,0.3532057635782968,184.476756271884,184.2312883167807,11,185.435973994787,185.23128831676965,189.41814704101782,1.6883404354169942,184.435973994787,0.4706639952471195
7,43,61,191.4019207429333,191.14868696896988,0.8930438689785539,195.3846383052646,1.6883252140279879,0.3477157173394555,190.4019207429333,190.14868696896988,11,191.35988895706177,191.14868696895755,195.34260266905383,1.6883404354169942,190.35988895706177,0.47064133162519195
7,44,61,197.329147146581,197.06814435576774,0.9197946193854349,201.31237359849598,1.6883252140279879,0.34245074896564304,196.329147146581,196.06814435576774,11,197.2858656051626,197.06814435575455,201.2690883222679,1.6883404354169942,196.2858656051626,0.47061980804411596
7,45,61,203.2577633790832,202.9889892648587,0.9465491294998417,207.24146971579373,1.6883252140279879,0.3373963032561618,202.2577633790832,201.9889892648587,11,203.2132319706345,202.98898926484432,207.19693468137368,1.6883404354169942,202.2132319706345,0.4705993363748088
7,46,61,209.18715652728937,208.91060959732604,0.9733047222942736,213.17131610963906,1.6883252140279879,0.3325390829418615,208.18715652728937,207.91060959732604,11,209.14137526336387,208.91060959731107,213.12553132244366,1.6883404354169942,208.14137526336387,0.47057983748790166
7,47,61,215.11676709178494,214.83244659821455,1.0000589580956942,219.10135539966885,1.6883252140279879,0.32786691477038815,214.11676709178494,213.83244659821455,11,215.0697360959427,214.83244659819846,219.05432097761638,1.6883404354169942,214.0697360959427,0.470561240125857
7,48,61,221.04608386631656,220.75398974254003,1.0268096115551422,225.03107828302987,1.6883252140279879,0.3233686323118396,220.04608386631656,219.75398974254003,11,220.99780336417223,220.7539897425229,224.98279444653807,1.6883404354169942,219.99780336417223,0.47054347994090284
7,49,61,226.97463938742166,226.67477219078884,1.053554651214936,230.96001901044315,1.6883252140279879,0.31903397311651105,225.97463938742166,225.67477219078884,11,226.92510969764945,226.67477219077128,230.91048607338828,1.6883404354169942,225.92510969764945,0.47052649867127727
7,50,61,232.90200588104165,232.59436674076832,1.0802922213343484,236.88775135549065,1.6883252140279879,0.31485348822762316,231.90200588104165,231.59436674076832,11,232.85122740722974,232.59436674074945,236.8369697170235,1.6883404354169942,231.85122740722974,0.4705102434329313
7,51,61,238.8277916435853,238.51238221335385,1.10702062568618,242.81388501520001,1.6883252140279879,0.3108184623599805,237.8277916435853,237.51238221335385,11,238.77576486684794,238.51238221333364,242.76185515232265,1.6883404354169942,237.77576486684794,0.47049466610828283
7,52,61,244.75163780384713,244.42846021860598,1.1337383130772833,248.7380623888255,1.6883252140279879,0.3069208433120023,243.75163780384713,243.42846021860598,11,244.69836327611148,244.42846021858531,248.6847848496479,1.6883404354169942,243.69836327611148,0.4704797228168777
7,53,61,250.67321541969716,250.3422722562348,1.1604438643822295,254.65995568915218,1.6883252140279879,0.3031531793925605,249.67321541969716,249.3422722562348,11,250.61869375759542,250.34227225621325,254.60543108675677,1.6883404354169942,249.61869375759542,0.4704653734553784
7,54,61,256.59222286978274,256.25351711068964,1.1871359809077497,260.5792643469034,1.6883252140279879,0.29950856382320845,255.59222286978274,255.25351711068964,11,256.53645474908603,256.2535171106674,260.52349335375544,1.6883404354169942,255.53645474908603,0.4704515812961738
7,55,61,262.50838350584263,262.1619185065377,1.2138134739317703,266.49571267413484,1.6883252140279879,0.295980585226737,261.50838350584263,261.1619185065377,11,262.451369656382,262.16191850651427,266.43869601698134,1.6883404354169942,261.451369656382,0.47043831263670666
7,56,61,268.4214435357759,268.0672229942891,1.2404752552802745,272.40904775699244,1.6883252140279879,0.2925632834395053,267.4214435357759,267.0672229942891,11,268.3631847368019,268.0672229942642,272.35078621220265,1.6883404354169942,267.3631847368019,0.47042553649158747
7,57,61,274.3311701114866,273.9691980407439,1.2671203288244246,278.319037552054,1.6883252140279879,0.2892511099918284,273.3311701114866,272.9691980407439,11,274.27166718742393,273.96919804071786,278.2595319413573,1.6883404354169942,273.27166718742393,0.4704132243216575
7,58,61,280.23734959883495,279.8676303012042,1.2937477827946495,284.22546916375285,1.6883252140279879,0.2860388926910124,279.23734959883495,278.8676303012042,11,280.1766034153943,279.8676303011766,284.16472035033416,1.6883404354169942,279.1766034153943,0.4704013497953133
7,59,61,286.13978600986843,285.7623240537576,1.320356782822363,290.12814728319347,1.6883252140279879,0.2829218038183938,285.13978600986843,284.7623240537576,11,286.077797470481,285.7623240537291,290.06615616811524,1.6883404354169942,285.077797470481,0.47038988857694203
7,60,61,292.03829957994344,291.65309977826695,1.346946565630256,296.02689277109533,1.6883252140279879,0.27989533151691093,291.03829957994344,290.65309977826695,11,291.9750696224888,291.65309977823694,295.9636602900118,1.6883404354169942,290.9750696224888,0.47037881813988963
8,12,61,33.86717606106747,33.81627228297608,0.17472182540862355,37.77779220184637,1.6883252140279879,0.8864683125276034,32.86717606106747,32.81627228297608,11,33.85902318285038,33.81627228297548,37.76961931295752,1.6883404354169942,32.85902318285038,0.4697274972648165
8,13,61,41.704613173399956,41.64201468610964,0.20593250361141976,45.630611947459535,1.6883252140279879,0.8415532678848126,40.704613173399956,40.64201468610964,11,41.69513858062143,41.642014686108965,45.62112140978192,1.6883404354169942,40.69513858062143,0.46824866160222767
8,14,61,50.18856369283509,50.11333015932061,0.239546374999252,54.12617764198251,1.6883252140279879,0.7979132084305444,49.18856369283509,49.11333015932061,11,50.177669801267825,50.11333015931985,54.11527071452519,1.6883404354169942,49.177669801267825,0.46699440714582546
8,15,61,59.22838536029875,59.1397159066187,0.2753422700978591,63.17493510523305,1.6883252140279879,0.7569015699088231,58.22838536029875,58.1397159066187,11,59.21598057312213,59.139715906617845,63.16251941694945,1.6883404354169942,58.21598057312213,0.46595768798181886
8,16,61,68.74265493011754,68.63986963455766,0.31306719443002423,72.69620525906805,1.6883252140279879,0.7191138227278567,67.74265493011754,67.63986963455766,11,68.72865658367316,68.63986963455709,72.68219761859748,1.6883404354169942,67.72865658367316,0.46511076786529015
8,17,61,78.66128080474114,78.54380107857891,0.35246782055586884,82.62041059377776,1.6883252140279879,0.6846711578021337,77.66128080474114,77.54380107857891,11,78.64561629946368,78.54380107857868,82.60473803380964,1.6883404354169942,77.64561629946368,0.4644197293187119
8,18,61,88.9253724561277,88.79270328480592,0.39331029283970176,92.88902033773536,1.6883252140279879,0.6534352865170212,87.9253724561277,87.79270328480592,11,88.9079790718548,88.79270328480536,92.87161987569823,1.6883404354169942,87.9079790718548,0.4638525787615973
8,19,61,99.48601065813085,99.33772571831985,0.4353893175768338,103.45337071718671,1.6883252140279879,0.6251470365454467,98.48601065813085,98.33772571831985,11,99.46683463742649,99.33772571831878,103.43418840396352,1.6883404354169942,98.46683463742649,0.46338247152216594
8,20,61,110.30266442816144,110.1383940776194,0.47852991719501353,114.27311494664056,1.6883252140279879,0.5995066277154919,109.30266442816144,109.1383940776194,11,110.28165977827398,110.13839407761783,114.25210464632745,1.6883404354169942,109.28165977827398,0.462988199976957
8,21,61,121.34165072002124,121.16107245282507,0.5225851862376587,125.31470487359486,1.6883252140279879,0.5762159882365384,120.34165072002124,120.16107245282507,11,121.31877800689226,121.16107245282184,125.29182704302488,1.6883404354169942,120.31877800689226,0.4626535053429017
8,22,61,132.57480153408682,132.37763240934447,0.5674324220625534,136.5500728005286,1.6883252140279879,0.5549986398232283,131.57480153408682,131.37763240934447,11,132.5500268005181,132.37763240934018,136.52529339779753,1.6883404354169942,131.5500268005181,0.46236607044746336
8,23,61,143.97837658205532,143.76436718311433,0.6129690001718293,147.95555412009423,1.6883252140279879,0.5356072410188386,142.97837658205532,142.76436718311433,11,143.95167043356457,143.76436718310902,147.9288436838647,1.6883404354169942,142.95167043356457,0.4621165703478342
8,24,61,155.53220226290532,155.30113183080238,0.6591086397398364,159.5110331335508,1.6883252140279879,0.5178247857847281,154.53220226290532,154.30113183080238,11,155.50353911878025,155.30113183079666,159.48236602956086,1.6883404354169942,154.50353911878025,0.4618979016447944
8,25,61,167.21899845081248,166.97067091986426,0.7057782770370516,171.19927459725102,1.6883252140279879,0.5014628156944289,166.21899845081248,165.97067091986426,11,167.1883559388143,166.97067091985815,171.168628409801,1.6883404354169942,166.1883559388143,0.4617045985809401
8,26,61,179.02385328657402,178.7580940187083,0.7529155509556716,183.00540186848306,1.6883252140279879,0.48635843689017205,178.02385328657402,177.7580940187083,11,178.99121175511817,178.758094018701,182.9727569102971,1.6883404354169942,177.99121175511817,0.4615324051226232
8,27,61,190.9338117072135,190.65046477373573,0.8004668188708046,194.91648783170072,1.6883252140279879,0.4723710492634081,189.9338117072135,189.65046477373573,11,190.89915383072955,190.65046477372738,194.88182674758508,1.6883404354169942,189.89915383072955,0.46137796565274475
8,28,61,202.93755053495718,202.6364764326085,0.8483856003923975,206.92123172246582,1.6883252140279879,0.45937921582154245,201.93755053495718,201.6364764326085,11,202.9008609922131,202.63647643259972,206.88453916636493,1.6883404354169942,201.9008609922131,0.46123860189875
8,29,61,215.02511942127927,214.70619313712643,0.896631354215688,219.00970134349683,1.6883252140279879,0.44727784898277195,214.02511942127927,213.70619313712643,11,214.98638463072595,214.7061931371138,218.97096371287907,1.6883404354169942,213.98638463072595,0.4611121512778192
8,30,61,227.18773216671474,226.85084152644737,0.9451685101482697,231.17312532843567,1.6883252140279879,0.4359757642011906,226.18773216671474,225.85084152644737,11,227.14694006660784,226.85084152643174,231.13233054368,1.6883404354169942,226.14694006660784,0.46099684870189883
8,31,61,239.41759691222836,239.06264116113817,0.9939656958239804,243.4037240418393,1.6883252140279879,0.42539359154275996,238.41759691222836,238.06264116113817,11,239.374736776204,239.0626411611205,243.36086136124106,1.6883404354169942,238.374736776204,0.4608912391910226
8,32,61,251.70777663564766,251.33466521239316,1.0429951124756875,255.69457061340182,1.6883252140279879,0.4154620105948809,250.70777663564766,250.33466521239316,11,251.6628389166699,251.33466521237332,255.64963047667317,1.6883404354169942,250.6628389166699,0.4607941124832589
8,33,61,264.0520735310768,263.66072500250306,1.0922320257343554,268.0394757297237,1.6883252140279879,0.40612026617997593,263.0520735310768,262.66072500250306,11,264.00504972833284,263.6607250024822,267.9924496245342,1.6883404354169942,263.00504972833284,0.46070445350519007
8,34,61,276.444932411066,276.0352735425523,1.1416543461168343,280.432891355734,1.6883252140279879,0.39731492266692603,275.444932411066,275.0352735425523,11,276.39581495561987,276.0352735425293,280.3837717030814,1.6883404354169942,275.39581495561987,0.46062140441183486
8,35,61,288.8813594135418,288.45332435413303,1.1912422802316693,292.8698296910536,1.6883252140279879,0.38899881853532353,287.8813594135418,287.45332435413303,11,288.8301415694778,288.45332435410785,292.81860974617774,1.6883404354169942,287.8301415694778,0.46054423516699444
8,36,61,301.3568531374972,300.9103827028262,1.2409780383746605,305.3457945022403,1.6883252140279879,0.38113018788916153,300.3568531374972,299.9103827028262,11,301.3035289159654,300.9103827027978,305.2924682684835,1.6883404354169942,300.3035289159654,0.46047232050383674
8,37,61,313.86734595840255,313.40238699736256,1.2908455875703053,317.8567225943451,1.6883252140279879,0.37367192071188454,312.86734595840255,312.40238699736256,11,313.8119100425003,313.4023869973306,317.8012847478808,1.6883404354169942,312.8119100425003,0.46040512170568093
8,38,61,326.40915374636654,325.9256585798626,1.3408304416055856,330.3989336540547,1.6883252140279879,0.36659093831282663,325.40915374636654,324.9256585798626,11,326.3516014251903,325.92565857982754,330.34137947781346,1.6883404354169942,325.3516014251903,0.46034217206873523
8,39,61,338.97893256947145,338.4768584914784,1.3909194814390946,342.969087053786,1.6883252140279879,0.35985766446421713,337.97893256947145,337.4768584914784,11,338.91925967997764,338.4768584914425,342.90941237921123,1.6883404354169942,337.91925967997764,0.460283065206324
8,40,61,351.57364124144004,351.0529500741425,1.4411008007598003,355.56414448112855,1.6883252140279879,0.35344557615035,350.57364124144004,350.0529500741425,11,351.51184411698836,351.05295007410285,355.5023456366335,1.6883404354169942,350.51184411698836,0.46022744556530415
8,41,61,364.19050878798635,363.6511664840432,1.491363572519367,368.18133747199215,1.6883252140279879,0.34733082069640814,363.19050878798635,362.6511664840432,11,364.12658421264973,363.6511664840004,368.11741123719605,1.6883404354169942,363.12658421264973,0.46017500068107137
8,42,61,376.82700607527846,376.2689823612923,1.5416979330680363,380.8181390939562,1.6883252140279879,0.3414918883881575,375.82700607527846,375.2689823612923,11,376.76095124313366,376.26898236124464,380.7520826589123,1.6883404354169942,375.76095124313366,0.4601254548100629
8,43,61,389.48082097790905,388.904089034055,1.592094881159532,393.47223915959665,1.6883252140279879,0.335909331613874,388.48082097790905,387.904089034055,11,389.4126334566609,388.9040890340012,393.4040500883639,1.6883404354169942,388.4126334566609,0.46007856366180344
8,44,61,402.1498365708178,401.554372742283,1.642546189576591,406.1415224560943,1.6883252140279879,0.3305655231285577,401.1498365708178,400.554372742283,11,402.0795142692046,401.5543727422259,406.07119865409857,1.6883404354169942,401.0795142692046,0.4600341100140075
8,45,61,414.83211191581523,414.21789545235015,1.693044327528575,418.8240495632298,1.6883252140279879,0.3254444473212605,413.83211191581523,413.21789545235015,11,414.7596530543258,414.2178954522875,418.75158924794107,1.6883404354169942,413.7596530543258,0.45999190004400853
8,46,61,427.5258650832412,426.8928779035583,1.7435823922797704,431.5180399014493,1.6883252140279879,0.32053151941227187,426.5258650832412,425.8928779035583,11,427.45126816774666,426.8928779034928,431.44344157598135,1.6883404354169942,426.45126816774666,0.4599517602421756
8,47,61,440.22945810631376,439.5776845845764,1.7941540487284962,444.2218567084759,1.6883252140279879,0.31581342836234333,439.22945810631376,438.5776845845764,11,440.15272190426634,439.5776845845056,444.1451191377555,1.6883404354169942,439.15272190426634,0.4599135348029597
8,48,61,452.9413836125422,452.27081038448426,1.844753475850463,456.93399368957205,1.6883252140279879,0.3112779999768209,451.9413836125422,451.27081038448426,11,452.8625071314463,452.2708103844087,456.8551158787855,1.6883404354169942,451.8625071314463,0.4598770834088371
8,49,61,465.66025291521646,464.9708687017884,1.8953753191050569,469.6530631250548,1.6883252140279879,0.30691407726306225,464.66025291521646,463.9708687017884,11,465.5792353831155,464.97086870171086,469.57204430011313,1.6883404354169942,464.5792353831155,0.45984227934038857
8,50,61,478.3847853800359,477.67658082672096,1.946014648023839,482.3777852506048,1.6883252140279879,0.30271141557323167,477.3847853800359,476.67658082672096,11,478.30162622779574,477.6765808266385,482.29462484040795,1.6883404354169942,477.30162622779574,0.459809007856852
8,51,61,491.11379890867903,490.3867664388352,1.9966669183313734,495.10697875255704,1.6883252140279879,0.29866059045556625,490.11379890867903,489.3867664388352,11,491.0284977538693,490.38676643874777,495.02167637285925,1.6883404354169942,490.0284977538693,0.45977716480392816
8,52,61,503.8462014034789,503.10033508428876,2.047327938030586,507.8395522426572,1.6883252140279879,0.2947529164610495,502.8462014034789,502.10033508428876,11,503.7587580356854,503.10033508419787,507.75210768136316,1.6883404354169942,502.7587580356854,0.4597466554117765
8,53,61,516.5809830962053,515.816278515968,2.0979938369749123,520.5744965955398,1.6883252140279879,0.29098037542113736,515.5809830962053,514.816278515968,11,516.4913974636228,515.8162785158736,520.484909799287,1.6883404354169942,515.4913974636228,0.4597173932541187
8,54,61,529.3172096398253,528.5336637954588,2.1486610395083816,533.310878048022,1.6883252140279879,0.28733555293605134,528.3172096398253,527.5336637954588,11,529.2254818370039,528.5336637953607,533.219149109913,1.6883404354169942,528.2254818370039,0.4596892993423112
8,55,61,542.0540158756099,541.2516270693933,2.1993262398192024,546.0478319727479,1.6883252140279879,0.28381158200015494,541.0540158756099,540.2516270693933,11,541.9601461322355,541.2516270692904,545.9539611211226,1.6883404354169942,540.9601461322355,0.45966230133685054
8,56,61,554.7906001993694,553.969367944025,2.2499863796917463,558.7845572501229,1.6883252140279879,0.2804020928474528,553.7906001993694,552.969367944025,11,554.6945888699779,553.9693679439147,558.688544838263,1.6883404354169942,553.6945888699779,0.45963633285625555
8,57,61,567.5262194604094,566.6861443917537,2.3006386283905207,571.520311172248,1.6883252140279879,0.2771011682319032,566.5262194604094,565.6861443917537,11,567.4280670149469,566.6861443916383,571.4221576689284,1.6883404354169942,566.4280670149469,0.4596113328713585
8,58,61,580.2601843351483,579.4012681316116,2.351280364437475,584.2544048208969,1.6883252140279879,0.2739033034680697,579.2601843351483,578.4012681316116,11,580.1598913502917,579.4012681314889,584.1541108017016,1.6883404354169942,579.1598913502917,0.45958724517228094
8,59,61,592.9918551245278,592.1141004329113,2.401909159078675,596.9861988687596,1.6883252140279879,0.27080337065127774,591.9918551245278,591.1141004329113,11,592.8894222757008,592.1141004327837,596.883765008088,1.6883404354169942,591.8894222757008,0.45956401789787305
8,60,61,605.7206379305412,604.824048297461,2.45252276125937,609.7150997593446,1.6883252140279879,0.2677965865558687,604.7206379305412,603.824048297461,11,605.6160659845556,604.8240482973259,609.610526823049,1.6883404354169942,604.6160659845556,0.4595416031197923
9,13,61,71.05992357175947,70.94600357867725,0.2946494676159299,75.01490979946692,1.6883252140279879,0.8775864638232379,70.05992357175947,69.94600357867725,11,71.04772394847026,70.94600357867519,75.00270252618553,1.6883404354169942,70.04772394847026,0.4559005952209475
9,14,61,87.2769258727258,87.13639355600101,0.3474536777643339,91.2399168423356,1.6883252140279879,0.8305729799381129,86.2769258727258,86.13639355600101,11,87.26291140053074,87.13639355599886,91.22589641707265,1.6883404354169942,86.26291140053074,0.4526165327215712
9,15,61,104.89320623118893,104.72377591181893,0.4047999538278035,108.8621881286295,1.6883252140279879,0.7853487346115774,103.89320623118893,103.72377591181893,11,104.87722883547654,104.72377591181655,108.84620595670043,1.6883404354169942,103.87722883547654,0.44985524157579065
9,16,61,123.72812751180983,123.52782498317217,0.46627770626293863,127.70168544262447,1.6883252140279879,0.7431786910307381,122.72812751180983,122.52782498317217,11,123.71004515104187,123.5278249831713,127.68359914761967,1.6883404354169942,122.71004515104187,0.447589366957782
9,17,61,143.61714900852496,143.3842750051402,0.5314184186992782,147.59427077952282,1.6883252140279879,0.7045623673773331,142.61714900852496,142.3842750051402,11,143.5968317707423,143.3842750051396,147.57395022835323,1.6883404354169942,142.5968317707423,0.4457488112435275
9,18,61,164.4167956136356,164.14988497199724,0.5997554996181295,168.39674359548238,1.6883252140279879,0.6695382667912166,163.4167956136356,163.14988497199724,11,164.39412843591148,164.14988497199465,168.3740735750937,1.6883404354169942,163.39412843591148,0.44425329754420806
9,19,61,186.00499821157612,185.70278171704248,0.6708601277378974,189.9872249438645,1.6883252140279879,0.6379035550817047,185.00499821157612,184.70278171704248,11,185.9798811104091,185.70278171703794,189.96210536592406,1.6883404354169942,184.9798811104091,0.44302946970919005
9,20,61,208.27908705080364,207.9404587098133,0.7443567618581179,212.26317900102367,1.6883252140279879,0.6093509694676931,207.27908705080364,206.9404587098133,11,208.25143393102,207.94045870980668,212.235523695149,1.6883404354169942,207.25143393102,0.4420170008067688
9,21,61,231.15294593267228,230.77693606395223,0.8199253892067423,235.13858549611578,1.6883252140279879,0.5835456071560002,230.15294593267228,229.77693606395223,11,231.1226828065501,230.77693606393842,235.10832041925724,1.6883404354169942,230.1226828065501,0.4411688928271887
9,22,61,254.55414568830466,254.139899202587,0.8972968512208548,258.54108512447624,1.6883252140279879,0.560163876424177,253.55414568830466,253.139899202587,11,254.52120881407373,254.13989920256876,258.5081464932255,1.6883404354169942,253.52120881407373,0.4404494745068589
9,23,61,278.42141368816124,277.98034561720596,0.9762455351633873,282.40945696387007,1.6883252140279879,0.5389106975382867,277.42141368816124,276.98034561720596,11,278.3857478784958,277.96817263007944,282.373789558923,1.6883404354169942,277.3857478784958,0.43983191662970705
9,24,61,302.70253916998644,302.2348626268043,1.0565818153589424,306.69152911130266,1.6883252140279879,0.5195250669087457,301.70253916998644,301.2348626268043,11,302.6640963585292,302.20962862988205,306.6530848412962,1.6883404354169942,301.6640963585292,0.4392960109235383
9,25,61,327.35269399101855,326.85800845314793,1.1381453191599609,331.34250305124937,1.6883252140279879,0.5017798464869416,326.35269399101855,325.85800845314793,11,327.3114320600508,326.819510641366,331.3012397785966,1.6883404354169942,326.3114320600508,0.4388264170882089
9,26,61,352.3331048127103,351.81107418977945,1.2207993460716653,356.3236283396035,1.6883252140279879,0.4854789858687078,351.3331048127103,350.81107418977945,11,352.2889866493714,351.7591074858854,356.27950893543357,1.6883404354169942,351.2889866493714,0.4384113583568137
9,27,61,377.61000604461583,377.0603461402286,1.304426408872148,381.6011573002348,1.6883252140279879,0.4704538446352248,376.61000604461583,376.0603461402286,11,377.56299878371823,376.9947079079329,381.5541488862944,1.6883404354169942,376.56299878371823,0.4380416773742444
9,28,61,403.1538109858423,402.5762798545276,1.388924728994421,407.1455174131804,1.6883252140279879,0.4565594316622234,402.1538109858423,401.5762798545276,11,403.1038853998856,402.4967729789901,407.09559075118597,1.6883404354169942,402.1038853998856,0.43771015985454864
9,29,61,428.9384507083113,428.33284121355297,1.4742054925394836,432.93065109703895,1.6883252140279879,0.44367092592425333,427.9384507083113,427.33284121355297,11,428.88558071192057,428.2392759902231,432.8777800926262,1.6883404354169942,427.88558071192057,0.4374110499320689
9,30,61,454.94084178322805,454.3069758029807,1.5601906934475949,458.93348409246875,1.6883252140279879,0.4316806121012337,453.94084178322805,453.3069758029807,11,454.88500402637237,454.1991709956094,458.87764538804345,1.6883404354169942,453.88500402637237,0.43713970056254603
9,31,61,481.1404534827597,480.4781773441589,1.6468114238311804,485.1334931500183,1.6883252140279879,0.42049525183743314,480.1404534827597,479.4781773441589,11,481.08162701315945,480.3559606815798,485.0746657868845,1.6883404354169942,480.08162701315945,0.43689231871514284
9,32,61,507.5189524386947,506.8281332740828,1.7340065042472153,511.512351052782,1.6883252140279879,0.410033861128836,506.5189524386947,505.8281332740828,11,507.4571184187087,506.69134157759936,511.45051618781423,1.6883404354169942,506.4571184187087,0.4366657773804706
9,33,61,534.0599082259314,533.3404310261884,1.8217213737614526,538.0536324754742,1.6883252140279879,0.400225845397755,533.0599082259314,532.3404310261884,11,533.9950496928208,533.1889100997835,537.9887731412135,1.6883404354169942,532.9950496928208,0.4364574750791141
9,34,61,560.7485473763298,560.0003125784199,1.9099071804801577,564.742568209131,1.6883252140279879,0.39100944014967476,559.7485473763298,559.0003125784199,11,560.6806490374855,559.8339169513879,564.6746691088797,1.6883404354169942,559.6806490374855,0.4362652295255992
9,35,61,587.5715462911437,586.7944677805831,1.9985200285918614,591.5658382364554,1.6883252140279879,0.38233040830241927,586.5715462911437,585.7944677805831,11,587.5005943478442,586.6130603624624,591.4948855679299,1.6883404354169942,586.5005943478442,0.4360871961580958
9,36,61,614.5168557022596,613.7108591421693,2.087520349108613,618.5113963201045,1.6883252140279879,0.3741409510960179,613.5168557022596,612.7108591421693,11,614.4428376969449,613.5143108297393,618.4373776226251,1.6883404354169942,613.4428376969449,0.4359218050039998
9,37,61,641.5735509522538,640.7385723728858,2.1768723695699213,645.5683203826892,1.6883252140279879,0.3663987958812666,640.5735509522538,639.7385723728858,11,641.4964556353887,640.5267616353299,645.491224403973,1.6883404354169942,640.4964556353887,0.43576771123046015
9,38,61,668.7317035778431,667.8676881762738,2.2665436638281946,672.7266841694832,1.6883252140279879,0.35906643011851025,667.7317035778431,666.8676881762738,11,668.651520791249,667.640500635618,672.6465007489231,1.6883404354169942,667.651520791249,0.43562375603439063
9,39,61,695.9822706021712,695.0891717135403,2.3565047672778316,699.9774466040594,1.6883252140279879,0.3521104562367639,694.9822706021712,694.0891717135403,11,695.8989911763017,694.8464997312088,699.8941665699501,1.6883404354169942,694.8989911763017,0.43548893543054934
9,40,61,723.3169986475406,722.3947768575892,2.4467288460807315,727.3123559520119,1.6883252140279879,0.34550104652238217,722.3169986475406,721.3947768575892,11,723.2306143106299,722.1365191339423,727.225971030663,1.6883404354169942,722.2306143106299,0.43536237513116155
9,41,61,750.7283405275531,749.7769629026656,2.5371914113076026,754.7238664544261,1.6883252140279879,0.3392114809670279,749.7283405275531,748.7769629026656,11,750.638843824987,749.5030240936508,754.6343691895004,1.6883404354169942,749.638843824987,0.4352433101729437
9,42,61,778.209382406415,777.2288218220932,2.6278700706998954,782.2050655208985,1.6883252140279879,0.333217754095985,777.209382406415,776.2288218220932,11,778.1167666288948,776.9391121751642,782.1124492015485,1.6883404354169942,777.1167666288948,0.43513106827502723
9,43,61,805.7537799521982,804.7440145046287,2.7187443121772823,809.7496099104604,1.6883252140279879,0.3274982393219511,804.7537799521982,803.7440145046287,11,805.6580390715412,804.4384495150417,809.6538685071077,1.6883404354169942,804.6580390715412,0.43502505615391085
9,44,61,833.3557021812877,832.3167146695209,2.8097953142582055,837.3516695988637,1.6883252140279879,0.3220334014226447,832.3557021812877,831.3167146695209,11,833.2568307928807,831.9952147571038,837.2527977056326,1.6883404354169942,832.2568307928807,0.4349247481964962
9,45,61,861.0097819088506,859.9415593772834,2.901005779449296,865.0058782479996,1.6883252140279879,0.3168055494090371,860.0097819088506,858.9415593772834,11,860.9077751799149,859.6040495834453,864.9038710309666,1.6883404354169942,859.9077751799149,0.43482967703424025
9,46,61,888.711071896301,887.613605228977,2.992359787306975,892.7072893691695,1.6883252140279879,0.31179862340649617,887.711071896301,886.613605228977,11,888.6059255192787,887.2600149332626,892.6021425197355,1.6883404354169942,887.6059255192787,0.4347394256516079
9,47,61,916.4550059305751,915.3282894902713,3.0838426644518115,920.4513374156118,1.6883252140279879,0.30699801027393187,915.4550059305751,914.3282894902713,11,916.3467160810122,914.9585521455316,920.3430471083732,1.6883404354169942,915.3467160810122,0.4346536207485224
9,48,61,944.2373641879385,943.0813954940714,3.1754408692132827,948.2338031574661,1.6883252140279879,0.3023903835848386,943.2373641879385,942.0813954940714,11,944.125927486347,942.6954483793284,948.1223660120661,1.6883404354169942,943.125927486347,0.43457192712660225
9,49,61,972.0542423324974,970.8690217728564,3.267141888999593,976.0507827897228,1.6883252140279879,0.2979635643281139,971.0542423324974,969.8690217728564,11,971.9396558097523,970.4668057628007,975.9361958362406,1.6883404354169942,970.9396558097523,0.43449404292238947
9,50,61,999.9020238803851,998.6875544524577,3.3589341487219286,1003.8986603044247,1.6883252140279879,0.2937063992878971,998.9020238803851,997.6875544524577,11,999.7842849462653,998.2690138024981,1003.7809209519091,1.6883404354169942,998.7842849462653,0.4344196955393661
9,51,61,1027.7773554280072,1026.5336425062826,3.4508069289050614,1031.77408272575,1.6883252140279879,0.28960865455535656,1026.7773554280072,1025.5336425062826,11,1027.6564618425407,1026.0987246521704,1031.653188733556,1.6883404354169942,1026.6564618425407,0.434348638164148
9,52,61,1055.6771243992137,1054.4041755253666,3.5427502922613643,1059.6739378630361,1.6883252140279879,0.28566092203226834,1054.6771243992137,1053.4041755253666,11,1055.5530742465226,1053.9528308963556,1059.5498873146646,1.6883404354169942,1054.5530742465226,0.4342806467694427
9,53,61,1083.59843901378,1082.29626370707,3.634755017731084,1087.5953342842872,1.6883252140279879,0.2818545371222166,1082.59843901378,1081.29626370707,11,1083.4712306781732,1081.8284455516819,1087.468125563474,1.6883404354169942,1082.4712306781732,0.4342155175281992
9,54,61,1111.5386102197579,1110.2072198053654,3.726812541081987,1115.5355832528603,1.6883252140279879,0.2781815060838365,1110.5386102197579,1109.2072198053654,11,1111.4082423638436,1109.7228840288128,1115.4052150216826,1.6883404354169942,1110.4082423638436,0.4341530645703256
9,55,61,1139.495135366277,1138.1345428195727,3.818914901329594,1143.4921824040189,1.6883252140279879,0.2746344417522676,1138.495135366277,1137.1345428195727,11,1139.3616069108891,1137.63364783208,1143.3586535828176,1.6883404354169942,1138.3616069108891,0.4340931180361975
9,56,61,1167.4656834223993,1166.0759032274136,3.9110546922970983,1171.4628009670369,1.6883252140279879,0.27120650652796424,1166.4656834223993,1165.0759032274136,11,1167.3289935281653,1165.5584098025563,1171.3261107159828,1.6883404354169942,1166.3289935281653,0.4340355223763806
9,57,61,1195.4480815723539,1194.029129592946,4.003225018751093,1199.445266363271,1.6883252140279879,0.2678913616937145,1194.4480815723539,1193.029129592946,11,1195.3082296227449,1193.4950007353523,1199.3054140654085,1.6883404354169942,1194.3082296227449,0.43398013486515696
9,58,61,1223.4403030387389,1221.9921964011223,4.095419456613519,1227.4375520318313,1.6883252140279879,0.2646831222562672,1222.4403030387389,1220.9921964011223,11,1223.2972886244572,1221.4413972227558,1227.294537277465,1.6883404354169942,1222.2972886244572,0.43392682429654444
9,59,61,1251.4404560034664,1249.9632129889492,4.187632016792648,1255.4377663526905,1.6883252140279879,0.2615763166231038,1250.4404560034664,1248.9632129889492,11,1251.294278908055,1249.395710593472,1255.2915889249941,1.6883404354169942,1250.294278908055,0.4338754698361525
9,60,61,1279.4467735119756,1277.940413458868,4.2798571122794,1283.4441425528014,1.6883252140279879,0.25856585052108216,1278.4467735119756,1276.940413458868,11,1279.2974336985314,1277.356176833371,1283.2948024145246,1.6883404354169942,1278.2974336985314,0.4338259600090229
10,14,61,149.32831621182854,149.14319216806354,0.48200331385232575,153.306290469399,1.6883252140279879,0.8703868905339793,148.32831621182854,148.14319216806354,11,149.313051405484,149.10927524102522,153.29102331386375,1.6883404354169942,148.313051405484,0.42121825599487905
10,15,61,183.54554143632242,183.33252456589375,0.5700415542170335,187.52753510663027,1.6883252140279879,0.8216776087192489,182.54554143632242,182.33252456589375,11,183.52856093625107,183.33252456589963,187.51055284867496,1.6883404354169942,182.52856093625107,0.41343654626087634
10,16,61,220.8475779847344,220.64115291213523,0.6665386416184873,224.8325593368088,1.6883252140279879,0.7751701322249488,219.8475779847344,219.64115291213523,11,220.82872724746986,220.64115291213523,224.8137072341128,1.6883404354169942,219.82872724746986,0.4069847456176285
10,17,61,260.8641128503903,260.6455285977184,0.7707087362869056,264.8513635109629,1.6883252140279879,0.7320579055579235,259.8641128503903,259.6455285977184,11,260.84323266647715,260.66404161116657,264.8304822317821,1.6883404354169942,259.84323266647715,0.40175878145783617
10,18,61,303.2538945696983,302.9925631818775,0.8816738894564988,307.24290431062457,1.6883252140279879,0.692763832967164,302.2538945696983,301.9925631818775,11,303.2308342928872,303.0596039091342,307.21984313123653,1.6883404354169942,302.2308342928872,0.397561047950744
10,19,61,347.7161753019726,347.41017464870856,0.9985763598835201,351.7065744620812,1.6883252140279879,0.6572606075418567,346.7161753019726,346.41017464870856,11,347.69079980959526,347.52704945090466,351.68119820913535,1.6883404354169942,346.69079980959526,0.39418146059595505
10,20,61,393.992420668322,393.6400646427714,1.120639084443649,397.983936210184,1.6883252140279879,0.6252940113725656,392.992420668322,392.6400646427714,11,393.96461252771155,393.8079455667779,397.95612741676416,1.6883404354169942,392.96461252771155,0.3914359038375541
10,21,61,441.8629546071881,441.46274525336645,1.2471879145840907,445.8553811252348,1.6883252140279879,0.5965184224030934,440.8629546071881,440.46274525336645,11,441.8326133788529,441.68276544251427,445.8250393279714,1.6883404354169942,440.8326133788529,0.38917729885433655
10,22,61,491.1416611951859,490.69225597438515,1.377651234381381,495.1348414824365,1.6883252140279879,0.5705708428778641,490.1416611951859,489.69225597438515,11,491.1087014190742,490.9655386350268,495.1018812041433,1.6883404354169942,490.1087014190742,0.38729353739008443
10,23,61,541.6704679793188,541.1706566485465,1.5115488859977977,545.6642797839806,1.6883252140279879,0.5471072012377661,540.6704679793188,540.1706566485465,11,541.6348168112683,541.4983133110965,545.6286281678739,1.6883404354169942,540.6348168112683,0.38570095665527654
10,24,61,593.3143885132181,592.7630758724928,1.6484777446932222,597.3087353614167,1.6883252140279879,0.5258174394146099,592.3143885132181,591.7630758724928,11,593.2759835035713,593.1461943011791,597.2703299483239,1.6883404354169942,592.2759835035713,0.3843374575702828
10,25,61,645.9573673634465,645.3535596148296,1.7880977107288134,649.9521720938103,1.6883252140279879,0.5064295152121042,644.9573673634465,644.3535596148296,11,645.916154567313,645.7931911079909,649.9109589315195,1.6883404354169942,644.916154567313,0.3831567446051586
10,26,61,699.4989151179414,698.8417085663707,1.93011964277733,703.494115253142,1.6883252140279879,0.4887080765042404,698.4989151179414,697.8417085663707,11,699.454847566377,699.3388583026702,703.450047366974,1.6883404354169942,698.454847566377,0.3821239525074747
10,27,61,753.8514231866875,753.1399945885895,2.0742955640058147,757.846967568787,1.6883252140279879,0.4724508973758293,752.8514231866875,752.1399945885895,11,753.8044596787225,753.6956156938528,757.8000037532063,1.6883404354169942,752.8044596787225,0.3812124776368228
10,28,61,808.9380279685737,808.1716261421195,2.2204109416901145,812.9338742772204,1.6883252140279879,0.4574846473585816,807.9380279685737,807.1716261421195,11,808.8881321237263,808.7866169531671,812.8839781480609,1.6883404354169942,807.8881321237263,0.380401729460871
10,29,61,864.690905870821,863.8688443367413,2.368278669537751,868.6870187673718,1.6883252140279879,0.44366073952019963,863.690905870821,862.8688443367413,11,864.6380453836241,864.5440480233715,868.634158016156,1.6883404354169942,863.6380453836241,0.37967554401877657
10,30,61,921.0499022139137,920.1715527116102,2.517734377240569,925.0462519356568,1.6883252140279879,0.43085157213015973,920.0499022139137,919.1715527116102,11,920.9940482620536,920.9077584746287,924.9903977375834,1.6883404354169942,919.9940482620536,0.37902106042095995
10,31,61,977.961418533165,977.0262052945433,2.668632748992814,981.9579798156109,1.6883252140279879,0.41894726298665247,976.961418533165,976.0262052945433,11,977.9025453015787,977.8241505291378,981.8991063535412,1.6883404354169942,976.9025453015787,0.3784279178170867
10,32,61,1035.3775008460273,1034.3848955306148,2.82084460265563,1039.3742520873964,1.6883252140279879,0.4078528738933358,1034.3775008460273,1033.3848955306148,11,1035.3155851390757,1035.2452685208327,1039.312336163943,1.6883404354169942,1034.3155851390757,0.3778876742741578
10,33,61,1093.2550855378806,1092.204602745904,2.9742545433473646,1097.2520081445534,1.6883252140279879,0.39748607978861883,1092.2550855378806,1091.204602745904,11,1093.1901064590302,1093.128045600306,1097.1870288616985,1.6883404354169942,1092.1901064590302,0.37739338037570985
10,34,61,1151.5553701134193,1150.4465634044664,3.128759054574726,1155.5524479821422,1.6883252140279879,0.38777522309524604,1150.5553701134193,1149.4465634044664,11,1151.487308797376,1151.433675047382,1155.4843864733239,1.6883404354169942,1150.487308797376,0.37693926190736365
10,35,61,1210.2432839059384,1209.0757422595618,3.284264926682645,1214.2405030104821,1.6883252140279879,0.3786576935535494,1209.2432839059384,1208.0757422595618,11,1210.1721232922248,1210.1270813656274,1214.169342214129,1.6883404354169942,1209.1721232922248,0.37652048046688574
10,36,61,1269.2870396243077,1268.0603842873084,3.44068794888726,1273.2843876826985,1.6883252140279879,0.37007857927342536,1268.2870396243077,1267.0603842873084,11,1269.212764263952,1269.1764720936944,1273.2101121488913,1.6883404354169942,1268.212764263952,0.3761329505221464
10,37,61,1328.6577509019082,1327.3716325736814,3.5979518102100556,1332.6552171064004,1.6883252140279879,0.36198954211446105,1327.6577509019082,1326.3716325736814,11,1328.5803467910205,1328.5529555360488,1332.5778128304241,1.6883404354169942,1327.5803467910205,0.3757731979186179
10,38,61,1388.329104208728,1386.9832005232915,3.755987168178458,1392.3266790050661,1.6883252140279879,0.3543478779667394,1387.329104208728,1385.9832005232915,11,1388.2485586442256,1388.2302128000745,1392.246133283115,1.6883404354169942,1387.2485586442256,0.3754382492436532
10,39,61,1448.2770758973847,1446.8769553994723,3.914730853802979,1452.2747508030998,1.6883252140279879,0.3471157292873837,1447.2770758973847,1445.8769553994723,11,1448.1933773510957,1448.1842149273032,1452.1910521063664,1.6883404354169942,1447.1933773510957,0.37512554444515717
10,40,61,1508.4796869909562,1507.0297760574795,4.074125188497611,1512.4774544448271,1.6883252140279879,0.34025942309451146,1507.4796869909562,1506.0297760574795,11,1508.392824999062,1508.3929777387496,1512.3905923089283,1.6883404354169942,1507.392824999062,0.3748328671710257
10,41,61,1568.9167897366376,1567.416970533478,4.234117393838105,1572.9146429731961,1.6883252140279879,0.33374891251585276,1567.9167897366376,1566.416970533478,11,1568.8267548022602,1568.8363484263914,1572.8246079007536,1.6883404354169942,1567.8267548022602,0.37455828876589836
10,42,61,1629.5698810534223,1628.0200485804498,4.394659078881427,1633.5678139977467,1.6883252140279879,0.32755730402085975,1628.5698810534223,1627.0200485804498,11,1629.4766645602838,1629.4958190250563,1633.4745973720367,1.6883404354169942,1628.4766645602838,0.3743001228927328
10,43,61,1690.4219388715435,1688.8219997656342,4.555705792861188,1694.4199460505781,1.6883252140279879,0.3216604557539187,1689.4219388715435,1687.8219997656342,11,1690.3255330071893,1690.354362766013,1694.323540058747,1.6883404354169942,1689.3255330071893,0.3740568884993284
10,44,61,1751.4572780528665,1749.807149528204,4.717216633231836,1755.4553545202887,1.6883252140279879,0.3160366350550624,1750.4572780528665,1748.807149528204,11,1751.3576757401222,1751.3962900047234,1755.3557520848015,1.6883404354169942,1750.3576757401222,0.3738272793797901
10,45,61,1812.6614231361177,1810.9610320423483,4.879153900943448,1816.6595644083723,1.6883252140279879,0.31066622541537847,1811.6614231361177,1809.9610320423483,11,1812.5586179716977,1812.6071209680756,1816.5567591256195,1.6883404354169942,1811.5586179716977,0.3736101390128196
10,46,61,1874.0209955992361,1872.2702775814632,5.041482796146931,1878.0191976008362,1.6883252140279879,0.3055314748630184,1873.0209955992361,1871.2702775814632,11,1873.914981798607,1873.9734730157695,1877.9131836859933,1.6883404354169942,1872.914981798607,0.3734044396251665
10,47,61,1935.5236136964234,1933.7225124431716,5.204171148770069,1939.5218727129698,1.6883252140279879,0.3006162791917456,1934.5236136964234,1932.7225124431716,11,1935.4143860441327,1935.482960473486,1939.4126449503185,1.6883404354169942,1934.4143860441327,0.3732092646858691
10,48,61,1997.1578032268694,1995.3062697953915,5.36718917913789,2001.1561158645295,1.6883252140279879,0.29590599459269534,1996.1578032268694,1994.3062697953915,11,1997.0453570316424,1997.1241053963297,2001.043669562554,1.6883404354169942,1996.0453570316424,0.3730237941808587
10,49,61,2058.912917839095,2057.010910047693,5.530509284819955,2062.9112809895237,1.6883252140279879,0.29138727518393387,2057.912917839095,2056.010910047693,11,2058.7972488931937,2058.8862578668995,2062.7956119402666,1.6883404354169942,2057.7972488931937,0.3728472921763211
10,50,61,2120.7790676797663,2118.8265495594173,5.694105850186765,2124.777478489623,1.6883252140279879,0.28704793169360754,2119.7790676797663,2117.8265495594173,11,2120.6601722221285,2120.759524636962,2124.658582931819,1.6883404354169942,2119.6601722221285,0.37267909625563544
10,51,61,2182.7470553665767,2180.7439966648635,5.857955075949329,2186.7455112109405,1.6883252140279879,0.2828768081745195,2181.7470553665767,2179.7439966648635,11,2182.6249300492714,2182.734705092951,2186.6233857964753,1.6883404354169942,2181.6249300492714,0.3725186085175307
10,52,61,2244.808318407877,2242.75469413906,6.022034826113545,2248.806816866988,1.6883252140279879,0.27886367413837626,2243.808318407877,2241.75469413906,11,2244.682960265531,2244.8032336678343,2248.6814586303194,1.6883404354169942,2243.682960265531,0.3723652878660959
10,53,61,2306.954877312181,2304.8506673482602,6.1863244903554815,2310.9534161510223,1.6883252140279879,0.27499912991721,2305.954877312181,2303.8506673482602,11,2306.8262837340644,2306.957127943239,2310.824822481264,1.6883404354169942,2305.8262837340644,0.37221864338704835
10,54,61,2369.1792887323763,2367.0244774308153,6.35080485991567,2373.177865882701,1.6883252140279879,0.271274523406066,2368.1792887323763,2366.0244774308153,11,2369.0474574368723,2369.188941786165,2373.046034498094,1.6883404354169942,2368.0474574368723,0.37207822862381856
10,55,61,2431.474603075829,2429.2691789399637,6.515458015539761,2435.4732166202875,1.6883252140279879,0.2676818766271769,2430.474603075829,2428.2691789399637,11,2431.3395320870372,2431.491722951908,2435.3381455447966,1.6883404354169942,2430.3395320870372,0.3719436366317064
10,56,61,2493.834326084986,2491.5782814534173,6.680267226026894,2497.832974243067,1.6883252140279879,0.26421382079426214,2492.834326084986,2490.5782814534173,11,2493.696013711242,2493.8589746573743,2497.6946617849053,1.6883404354169942,2492.696013711242,0.3718144956733219
10,57,61,2556.2523839559085,2553.945714718339,6.845216856264625,2560.2510650714617,1.6883252140279879,0.26086353875355806,2555.2523839559085,2552.945714718339,11,2556.110828770068,2556.2846206932236,2560.1095098033725,1.6883404354169942,2555.110828770068,0.3716904654672835
10,58,61,2618.7230916160506,2616.365796952795,7.010292283702611,2622.721804146183,1.6883252140279879,0.25762471384385727,2617.7230916160506,2615.365796952795,11,2618.578292437311,2618.756890657799,2622.577004887256,1.6883404354169942,2617.578292437311,0.37157123391100294
10,59,61,2681.2411238288196,2678.8332059713935,7.17547982231237,2685.239866333977,1.6883252140279879,0.25449148435700636,2680.2411238288196,2677.8332059713935,11,2681.0930797059855,2681.273579988413,2685.09182213292,1.6883404354169942,2680.0930797059855,0.37145651420222664
10,60,61,2743.8014888323705,2741.3429528434676,7.34076665335392,2747.8002599674787,1.6883252140279879,0.2514584028966379,2742.8014888323705,2740.3429528434676,11,2743.6501990283946,2743.832586021363,2747.6489700871516,1.6883404354169942,2742.6501990283946,0.3713460423112724
11,15,61,316.5579124796334,316.3355680141598,0.7948399394050332,320.5473783994806,1.6883252140279879,0.8644796440778435,315.5579124796334,315.3355680141598,11,316.5472570676398,316.4898216043123,320.53672256242237,1.6883404354169942,315.5472570676398,0.3340608497686453
11,16,61,389.97044546747287,389.6686284286332,0.9515505746759394,393.961874408008,1.6883252140279879,0.8143690174899343,388.97044546747287,388.6686284286332,11,389.960683681733,389.8523081346278,393.952112348811,1.6883404354169942,388.960683681733,0.3167088865318951
11,17,61,470.27023924308867,469.8816535098535,1.1252152193968037,474.2631194191403,1.6883252140279879,0.7667951932221265,469.27023924308867,468.8816535098535,11,470.26142524046895,470.09760670965426,474.25430523337224,1.6883404354169942,469.26142524046895,0.3029083948974849
11,18,61,556.683360957308,556.2018773633866,1.3139845078719157,560.6773384748772,1.6883252140279879,0.7228948094516989,555.683360957308,555.2018773633866,11,556.6755010908628,556.4527100427684,560.6694784809508,1.6883404354169942,555.6755010908628,0.29212925328238865
11,19,61,648.4891935297787,647.9095628902414,1.5159882956686592,652.4840184312594,1.6883252140279879,0.6830293498549276,647.4891935297787,646.9095628902414,11,648.4822750790142,648.1976066571895,652.4770998885865,1.6883404354169942,647.4822750790142,0.2837310387530357
11,20,61,745.0467345565113,744.3643662205453,1.7295148942144056,749.0422265745676,1.6883252140279879,0.6471183982950085,744.0467345565113,743.3643662205453,11,745.0407429600382,744.6916795709683,749.0362349097476,1.6883404354169942,744.0407429600382,0.27713576630499454
11,21,61,845.8000548402642,845.0108643709441,1.9530775207045623,849.796081335649,1.6883252140279879,0.6148660230656091,844.8000548402642,844.0108643709441,11,845.7949817014156,845.3792544302015,849.7910081446017,1.6883404354169942,844.7949817014156,0.27188353686643185
11,22,61,950.2726775527742,949.3729873512605,2.1854182037756495,954.2691390662247,1.6883252140279879,0.5858952894891589,949.2726775527742,948.3729873512605,11,950.2685228616691,949.784040372223,954.2649843343414,1.6883404354169942,949.2685228616691,0.2676306772994804
11,23,61,1058.0574811737006,1057.0439554913103,2.4254834715027007,1062.0543017991629,1.6883252140279879,0.5598201487710089,1057.0574811737006,1056.0439554913103,11,1058.054252613837,1057.4990684941383,1062.0510732068271,1.6883404354169942,1057.054252613837,0.26412789192894737
11,24,61,1168.8058272059106,1167.6754273721438,2.6723913816889864,1172.8029480621265,1.6883252140279879,0.5362796476787925,1167.8058272059106,1166.6754273721438,11,1168.8035383838073,1168.1758370028354,1172.8006592137444,1.6883404354169942,1167.8035383838073,0.2611961198603507
11,25,61,1282.217626015488,1280.9675769607697,2.925399434772747,1286.2150007403636,1.6883252140279879,0.5149513285794655,1281.217626015488,1279.9675769607697,11,1282.2162945794144,1281.514384131186,1286.2136692827282,1.6883404354169942,1281.2162945794144,0.25870639899756026
11,26,61,1398.0329190095526,1396.6606821410578,3.1838770931037828,1402.030510596782,1.6883252140279879,0.49555397510889565,1397.0329190095526,1395.6606821410578,11,1398.0325650597767,1397.2548723693183,1402.030156629107,1.6883404354169942,1397.0325650597767,0.25656486810156276
11,27,61,1516.0250024367508,1514.528252378394,3.44728366895699,1520.0227809778503,1.6883252140279879,0.4778453832074584,1515.0250024367508,1513.528252378394,11,1516.0256473273587,1515.1707123453125,1520.0234258534483,1.6883404354169942,1515.0256473273587,0.25470218668376743
11,28,61,1635.994898640212,1634.3715026679984,3.7151510673054493,1639.9928396872635,1.6883252140279879,0.46161815732441897,1634.994898640212,1633.3715026679984,11,1635.9965641390697,1635.0630336675183,1639.9945051734246,1.6883404354169942,1634.9965641390697,0.2530662571696347
11,29,61,1757.7669270411043,1756.0149266728563,3.987070472597707,1761.7650104018057,1.6883252140279879,0.44669502728919,1756.7669270411043,1755.0149266728563,11,1757.7696347713995,1756.7562556002276,1761.7677181212782,1.6883404354169942,1756.7696347713995,0.2516172587362398
11,30,61,1881.1851440477078,1879.3027385126816,4.26268207326459,1885.183352886113,1.6883252140279879,0.4329243752197622,1880.1851440477078,1878.3027385126816,11,1881.1889151345224,1880.0945269280269,1885.1871239636419,1.6883404354169942,1880.1889151345224,0.25032424908903483
11,31,61,2006.1104606350398,2004.0959920441214,4.5416670661189285,2010.1087807916288,1.6883252140279879,0.42017624727663355,2005.1104606350398,2003.0959920441214,11,2006.115315492969,2004.9388437311575,2010.1136356415445,1.6883404354169942,2005.115315492969,0.24916281622011913
11,32,61,2132.4182875097717,2130.2702275746797,4.823741357430238,2136.4167069810514,1.6883252140279879,0.4083389217341357,2131.4182875097717,2129.2702275746797,11,2132.4242457251767,2131.1646949160727,2136.422665189505,1.6883404354169942,2131.4242457251767,0.2481134329814245
11,33,61,2259.9965930007884,2257.7135311574175,5.108650529418725,2263.995101536457,1.6883252140279879,0.39731601190599314,2258.9965930007884,2256.7135311574175,11,2260.003673275655,2258.660120567138,2264.002181805268,1.6883404354169942,2259.003673275655,0.24716028537614274
11,34,61,2388.744286546907,2386.3283481647795,5.396165759842068,2392.742875334714,1.6883252140279879,0.3870240454150233,2387.744286546907,2385.3283481647795,11,2388.752506682064,2387.3240959363693,2392.751095464576,1.6883404354169942,2387.752506682064,0.24629042410636606
11,35,61,2518.569861637653,2516.035006213894,5.6860804695778215,2522.5685230544304,1.6883252140279879,0.37739045138802113,2517.569861637653,2515.035006213894,11,2518.579238540952,2517.0651748899936,2522.577899953083,1.6883404354169942,2517.579238540952,0.245493140023799
11,36,61,2649.3902476692356,2646.7356866939353,5.978207534633729,2653.3889750823996,1.6883252140279879,0.3683518895819327,2648.3902476692356,2645.7356866939353,11,2649.4007973787443,2647.8003422494558,2653.3995247878174,1.6883404354169942,2648.4007973787443,0.24475949722044502
11,37,61,2781.129831733517,2778.354843162434,6.272376943240797,2785.128619341442,1.6883252140279879,0.3598528627746627,2780.129831733517,2777.354843162434,11,2781.1415694495454,2779.4540360351016,2785.1403570538628,1.6883404354169942,2780.1415694495454,0.2440819789199161
11,38,61,2913.719619942794,2910.823541754581,6.5684338090368275,2917.7184626454427,1.6883252140279879,0.35184456240078793,2912.719619942794,2909.823541754581,11,2913.7325600649915,2911.9573092087635,2917.73140276445,1.6883404354169942,2912.7325600649915,0.2434542154177299
11,39,61,3047.096514321196,3044.078738887958,6.866236672922855,3051.09540761446,1.6883252140279879,0.3442839057555516,3046.096514321196,3043.078738887958,11,3047.110670487922,3045.2471069454327,3051.1095637783637,1.6883404354169942,3046.110670487922,0.24287077257045447
11,40,61,3181.202686158837,3178.0626552970375,7.165656041769973,3185.201626047667,1.6883252140279879,0.3371327304881089,3180.202686158837,3177.0626552970375,11,3181.218071286747,3179.2656403302117,3185.2170111730725,1.6883404354169942,3180.218071286747,0.24232698557160595
11,41,61,3315.9850304472743,3312.7222310437305,7.466573123616747,3319.9840133737584,1.6883252140279879,0.33035711838678855,3314.9850304472743,3311.7222310437305,11,3316.001656770936,3313.9598411036573,3320.000639695198,1.6883404354169942,3315.001656770936,0.24181882705206514
11,42,61,3451.3946888987207,3448.0086490278713,7.7688787271298,3455.393711682206,1.6883252140279879,0.323926825664254,3450.3946888987207,3447.0086490278713,11,3451.4125680088314,3449.280884958336,3455.411590790344,1.6883404354169942,3450.4125680088314,0.24134280147129566
11,43,61,3587.3866313087874,3583.8769167713963,8.072472299659532,3591.3856910957106,1.6883252140279879,0.31781480120639605,3586.3866313087874,3582.8769167713963,11,3587.4057741889596,3585.183773151197,3591.4048339741307,1.6883404354169942,3586.4057741889596,0.24089585988446668
11,44,61,3723.9192868085815,3720.28549803383,8.377261082754709,3727.9183810302256,1.6883252140279879,0.31199677770051976,3722.9192868085815,3719.28549803383,11,3723.9397038703432,3721.626963979478,3727.9387980904326,1.6883404354169942,3722.9397038703432,0.2404753305954925
11,45,61,3860.9542179795762,3857.195987244879,8.683159368120672,3864.953344316308,1.6883252140279879,0.30645092334721946,3859.9542179795762,3856.195987244879,11,3860.975919095501,3858.572047096128,3864.9750454308523,1.6883404354169942,3859.975919095501,0.24007886238574566
11,46,61,3998.455831954045,3994.57282088099,8.990087839683909,4002.4549883048912,1.6883252140279879,0.3011575441100136,3997.455831954045,3993.57282088099,11,3998.4788264891076,3995.9834547915366,4002.4779828387314,1.6883404354169942,3997.4788264891076,0.23970437769053787
11,47,61,4136.391123558355,4132.383020851168,9.297972990039945,4140.390308015011,1.6883252140279879,0.2960988282723224,4135.391123558355,4131.383020851168,11,4136.415420399396,4133.828205300083,4140.414604854971,1.6883404354169942,4135.415420399396,0.239350033784053
11,48,61,4274.729446320359,4270.595965718474,9.606746601024994,4278.728657144878,1.6883252140279879,0.29125862653776335,4273.729446320359,4269.595965718474,11,4274.755053903612,4272.075673952566,4278.754264727176,1.6883404354169942,4273.755053903612,0.23901419037682356
11,49,61,4413.442307791476,4409.183186210774,9.916345280573738,4417.44154339704,1.6883252140279879,0.2866222620965932,4412.442307791476,4408.183186210774,11,4413.46923412844,4410.697388631515,4417.468469733162,1.6883404354169942,4412.46923412844,0.2386953824626493
11,50,61,4552.503186155428,4548.118181997742,10.226710048102532,4556.502445089715,1.6883252140279879,0.28217636604427915,4551.503186155428,4547.118181997742,11,4552.53143885719,4549.666846499312,4556.530697790739,1.6883404354169942,4551.53143885719,0.2383922974093238
11,51,61,4691.887365529721,4687.376257141632,10.53778596295083,4695.8866464604625,1.6883252140279879,0.2779087343222091,4690.887365529721,4686.376257141632,11,4691.916951829678,4688.959349407555,4695.916232759777,1.6883404354169942,4690.916951829678,0.23810375557468
11,52,61,4831.5717877293,4826.934371994468,10.849521790124566,4835.5710894316935,1.6883252140279879,0.2738082029899144,4830.5717877293,4825.934371994468,11,4831.602714504372,4828.551855758787,4835.602016206206,1.6883404354169942,4830.602714504372,0.23782869380214225
11,53,61,4971.534918568045,4966.771009618537,11.161869699397545,4975.5342399137435,1.6883252140279879,0.2698645391622877,4970.534918568045,4965.771009618537,11,4971.567192358526,4968.42284689685,4975.566513703742,1.6883404354169942,4970.567192358526,0.237566151332445
11,54,61,5111.756627031488,5106.866055066502,11.474784993463444,5115.755966978948,1.6883252140279879,0.2660683453752369,5110.756627031488,5105.866055066502,11,5111.790254059641,5108.552206360219,5115.789594006692,1.6883404354169942,5110.790254059641,0.2373152576914251
11,55,61,5252.218075873686,5247.200686074682,11.78822586223274,5256.21743345968,1.6883252140279879,0.2624109754984315,5251.218075873686,5246.200686074682,11,5252.253062061121,5248.921110552914,5256.2524196467675,1.6883404354169942,5251.253062061121,0.2370752222904629
11,56,61,5392.901622377265,5387.757273910094,12.1021531599446,5396.900996709367,1.6883252140279879,0.2588844606066289,5391.901622377265,5386.757273910094,11,5392.937973361172,5389.51192957076,5396.937347692986,1.6883404354169942,5391.937973361172,0.23684532541504255
11,57,61,5533.790728175243,5528.519293270909,12.41653020299464,5537.790118425215,1.6883252140279879,0.25548144346441654,5532.790728175243,5527.519293270909,11,5533.828449323719,5530.308137084974,5537.827839573453,1.6883404354169942,5532.828449323719,0.23662491041383105
11,58,61,5674.869877169991,5669.471240276614,12.73132258594804,5678.869282567876,1.6883252140279879,0.2521951204821212,5673.869877169991,5668.471240276614,11,5674.90897359624,5671.294228316998,5678.908378993939,1.6883404354169942,5673.90897359624,0.2364133769090264
11,59,61,5816.124500702017,5810.598557701604,13.04649801382881,5820.123920530919,1.6883252140279879,0.24901919016938678,5815.124500702017,5809.598557701604,11,5816.164977277779,5812.455645257501,5820.1643971065405,1.6883404354169942,5815.164977277779,0.23621017485427967
11,60,61,5957.540909222641,5951.887566706164,13.362026149290935,5961.540342814048,1.6883252140279879,0.24594780725469495,5956.540909222641,5950.887566706164,11,5957.582770590712,5953.778708387375,5961.58220418202,1.6883404354169942,5956.582770590712,0.23601479934617167
12,16,61,678.701389108867,678.3466289243547,1.4769343981438743,682.6964430360271,1.6883252140279879,0.8595452868078944,677.701389108867,677.3466289243547,11,678.7229662351486,678.3466289244883,682.7180202824953,1.6883404354169942,677.7229662351486,0.15820527306764792
12,17,61,838.4423809688108,837.9739075902339,1.818310698956255,842.4383727632106,1.6883252140279879,0.8082479190198373,837.4423809688108,836.9739075902339,11,838.475333511844,838.1136127668519,842.4713254336222,1.6883404354169942,837.475333511844,0.13268843402846078
12,18,61,1013.7116477207912,1013.0798356720369,2.1978987789999693,1017.7083298092828,1.6883252140279879,0.7597648030654907,1012.7116477207912,1012.0798356720369,11,1013.7569508560998,1013.4088491304382,1017.7536330678747,1.6883404354169942,1012.7569508560998,0.11409735677247021
12,19,61,1202.8674590279174,1202.0614725717153,2.61075525317173,1206.8646611448487,1.6883252140279879,0.7151875357396147,1201.8674590279174,1201.0614725717153,11,1202.9259109245934,1202.5893212412823,1206.923113156404,1.6883404354169942,1201.9259109245934,0.10055803252475894
12,20,61,1404.3665921565082,1403.3771261949107,3.052527528385689,1408.364194576214,1.6883252140279879,0.6748276025065494,1403.3665921565082,1402.3771261949107,11,1404.438875393487,1404.1114978415892,1408.4364779185412,1.6883404354169942,1403.438875393487,0.09057587648989435
12,21,61,1616.8249475175242,1615.643727345668,3.519547633250947,1620.8228642138174,1.6883252140279879,0.638560755543012,1615.8249475175242,1614.643727345668,11,1616.911669690381,1616.591507910677,1620.9095864827389,1.6883404354169942,1615.911669690381,0.0830681734457376
12,22,61,1839.0328114133688,1837.6523002394263,4.008771114972931,1843.0309792866385,1.6883252140279879,0.6060563037337926,1838.0328114133688,1836.6523002394263,11,1839.1345281330732,1838.820073111702,1843.1326960939011,1.6883404354169942,1838.1345281330732,0.07728681174516072
12,23,61,2069.9455787016846,2068.358823483477,4.517670927502501,2073.9439505639725,1.6883252140279879,0.5769110263214791,2068.9455787016846,2067.358823483477,11,2070.062805071288,2069.753037322377,2074.0611770135483,1.6883404354169942,2069.062805071288,0.0727256451339799
12,24,61,2308.664159781201,2306.864713595861,5.0441332119566855,2312.6626997038657,1.6883252140279879,0.5507194093557242,2307.664159781201,2305.864713595861,11,2308.797375642383,2308.4916865724826,2312.7959156383363,1.6883404354169942,2307.797375642383,0.06904378153724336
12,25,61,2554.4131416519876,2552.3950215778873,5.586370289010808,2558.4118218228687,1.6883252140279879,0.527106175837936,2553.4131416519876,2551.3950215778873,11,2554.5627940638833,2554.2608869783394,2558.561474302185,1.6883404354169942,2553.5627940638833,0.06601006808936943
12,26,61,2806.520516406435,2804.289524270521,6.142852762134819,2810.5193149678157,1.6883252140279879,0.5057383058553856,2805.520516406435,2803.289524270521,11,2806.6870212162107,2806.388821011598,2810.6858198398613,1.6883404354169942,2805.6870212162107,0.0634654656669
12,27,61,3064.4003360044376,3061.9892556969653,6.712257970385131,3068.3992355392734,1.6883252140279879,0.48632674216739824,3063.4003360044376,3060.9892556969653,11,3064.584079322904,3064.2896608208744,3068.582978915477,1.6883404354169942,3063.584079322904,0.06129839596590345
12,28,61,3327.5384399267296,3324.9436686487934,7.293431092904406,3331.5374263807125,1.6883252140279879,0.4686234074209483,3326.5384399267296,3323.9436686487934,11,3327.7397797619446,3327.4493151360907,3331.738766269662,1.6883404354169942,3326.7397797619446,0.05942883395706107
12,29,61,3595.4809075676717,3592.6992150342985,7.885355610762545,3599.4799694692424,1.6883252140279879,0.4524164628834162,3594.4809075676717,3591.6992150342985,11,3595.7001756179393,3595.4138976717413,3599.699237569695,1.6883404354169942,3594.7001756179393,0.05779807209917993
12,30,61,3867.824753259231,3864.8532249253926,8.487130570814552,3871.8238811465976,1.6883252140279879,0.4375252435858535,3866.824753259231,3863.8532249253926,11,3868.062256790261,3867.7804341034575,3872.061384724651,1.6883404354169942,3867.062256790261,0.056362093218739875
12,31,61,4144.210403887083,4141.046396525721,9.097952789898493,4148.209589881313,1.6883252140279879,0.4237955132280652,4143.210403887083,4140.046396525721,11,4144.4664276057865,4144.189348058558,4148.4656136442145,1.6883404354169942,4143.4664276057865,0.05508722426572287
12,32,61,4424.315573654927,4420.956680030696,9.717102682044278,4428.314811137651,1.6883252140279879,0.4110952806826789,4423.315573654927,4419.956680030696,11,4424.59038151836,4424.318341514765,4428.589619042741,1.6883404354169942,4423.59038151836,0.05394723626513749
12,33,61,4707.850231597739,4704.294251857063,10.343932784278785,4711.8495149648015,1.6883252140279879,0.3993112265628899,4706.850231597739,4703.294251857063,11,4708.144068516717,4707.87736600367,4712.143351923147,1.6883404354169942,4707.144068516717,0.05292137001768282
12,34,61,4994.552427875731,4990.797345959923,10.97785832986581,4998.551752346749,1.6883252140279879,0.3883457025051957,4993.552427875731,4989.797345959923,11,4994.865521292928,4994.604451278408,4998.864845801243,1.6883404354169942,4993.865521292928,0.051992963439777676
12,35,61,5284.184800743781,5280.2287646257755,11.618349406242091,5288.184162213335,1.6883252140279879,0.37811423369671765,5283.184800743781,5279.2287646257755,11,5284.517362081701,5284.262213793763,5288.516723586668,1.6883404354169942,5283.517362081701,0.05114847706445136
12,36,61,5576.531628537989,5572.372933433282,12.264924359243489,5580.531023458189,1.6883252140279879,0.36854344863571464,5575.531628537989,5571.372933433282,11,5576.883854517475,5576.634909639069,5580.883249471372,1.6883404354169942,5575.883854517475,0.0503767883616144
12,37,61,5871.3963226761925,5867.033396610166,12.917144196457455,5875.395747963144,1.6883252140279879,0.359569364830619,5870.3963226761925,5866.033396610166,11,5871.768396512858,5871.525928135211,5875.767821831934,1.6883404354169942,5870.768396512858,0.04966867127579809
12,38,61,6168.599281159327,6164.0306724409575,13.574607800710579,6172.598734117998,1.6883252140279879,0.3511359680348443,6167.599281159327,6163.0306724409575,11,6168.991373648564,6168.755645691305,6172.99082663792,1.6883404354169942,6167.991373648564,0.04901640605246139
12,39,61,6467.976039543359,6463.200405808227,14.236947809779759,6471.97551780674,1.6883252140279879,0.3431940323388081,6466.976039543359,6462.200405808227,11,6468.388310043128,6468.159576997833,6472.387788335868,1.6883404354169942,6467.388310043128,0.048413482373288186
12,40,61,6769.3756694806325,6764.391768043127,14.90382704834185,6773.375170960097,1.6883252140279879,0.33570013752794353,6768.3756694806325,6763.391768043127,11,6769.808266799891,6769.586773683701,6773.807768307487,1.6883404354169942,6768.808266799891,0.0478543704594364
12,41,61,7072.6593848820185,7067.466064190026,15.57493542283939,7076.658907726531,1.6883252140279879,0.3286158480367928,7071.6593848820185,7066.466064190026,11,7073.112448088694,7072.8984305430795,7077.111970960209,1.6883404354169942,7072.112448088694,0.04733434253520713
12,42,61,7377.69932339914,7372.295515429708,16.249987207161617,7381.698865961536,1.6883252140279879,0.32190702447849734,7376.69932339914,7371.295515429708,11,7378.172982552303,7377.966667038271,7382.172525140652,1.6883404354169942,7377.172982552303,0.04684933205764806
12,43,61,7684.3774768635785,7678.762190326811,16.928718659721557,7688.377037672496,1.6883252140279879,0.3155432441996781,7683.3774768635785,7677.762190326811,11,7684.8718536794195,7684.673457729989,7688.871414513313,1.6883404354169942,7683.8718536794195,0.046395821717752465
12,44,61,7992.58474898593,7986.757063233743,17.61088592373678,7996.584326722309,1.6883252140279879,0.3094973117562794,7991.58474898593,7985.757063233743,11,7993.09995744389,7992.909689960699,7997.099535204338,1.6883404354169942,7992.09995744389,0.04597075344926674
12,45,61,8302.22012232695,8296.17918186655,18.296263170807666,8306.219715804275,1.6883252140279879,0.303744843796652,8301.22012232695,8295.17918186655,11,8302.756269222236,8302.574330794721,8306.755862722779,1.6883404354169942,8301.756269222236,0.04557145566466682
12,46,61,8613.189919523327,8606.934929066145,18.98464095450917,8617.189527670896,1.6883252140279879,0.29826391572977423,8612.189919523327,8605.934929066145,11,8613.747104971992,8613.573688206114,8617.746713141987,1.6883404354169942,8612.747104971992,0.04519558387199363
12,47,61,8925.407146157504,8918.93736613671,19.675824745531777,8929.406768006216,1.6883252140279879,0.2930347598813239,8924.407146157504,8917.93736613671,11,8925.985464058245,8925.820753910531,8929.985085928636,1.6883404354169942,8924.985464058245,0.04484107198630642
12,48,61,9238.790904621823,9232.105647126464,20.369633624591312,9242.790539292037,1.6883252140279879,0.2880395067134819,9237.790904621823,9231.105647126464,11,9239.390443078279,9239.234617185437,9243.390077769474,1.6883404354169942,9238.390443078279,0.04450609203391583
12,49,61,9553.265869938312,9546.364495013835,21.065899114209106,9557.26551662944,1.6883252140279879,0.2832619621934793,9552.265869938312,9545.364495013835,11,9553.886711646854,9553.739940653877,9557.88635835831,1.6883404354169942,9552.886711646854,0.04418902073078084
12,50,61,9868.76181982761,9861.643732101651,21.76446413038583,9872.76147780915,1.6883252140279879,0.278687415614875,9867.76181982761,9860.643732101651,11,9869.40404243409,9869.266490308091,9873.403700435336,1.6883404354169942,9868.40404243409,0.043888411485407744
12,51,61,10185.213212428514,10177.877858029653,22.465182041219684,10189.212881032288,1.6883252140279879,0.2743024731649049,10184.213212428514,10176.877858029653,11,10185.876888856197,10185.748713191444,10189.876557479096,1.6883404354169942,10184.876888856197,0.04360297093302659
12,52,61,10502.558805993873,10495.005669731812,23.167915818011725,10506.558484607314,1.6883252140279879,0.2700949133335454,10501.558805993873,10494.005669731812,11,10503.24400474537,10503.125357059269,10507.24368337738,1.6883404354169942,10502.24400474537,0.04333153908147226
12,53,61,10820.741315669648,10812.969918448263,23.872537270125314,10824.741003729925,1.6883252140279879,0.2660535609146953,10819.741315669648,10811.969918448263,11,10821.448101105485,10821.339127119227,10825.447789183812,1.6883404354169942,10820.448101105485,0.043073072511322245
12,54,61,11139.70710311838,11131.716999558448,24.578926352081425,11143.706800107295,1.6883252140279879,0.262168176885909,11138.70710311838,11130.716999558448,11,11140.43553571446,11140.336375622148,11144.435232720927,1.6883404354169942,11139.43553571446,0.04282662998953985
12,55,61,11459.405895306922,11451.196671558027,25.286970536533683,11463.4056007464,1.6883252140279879,0.2584293618923315,11458.405895306922,11450.196671558027,11,11460.15603189243,11460.066820617343,11464.155737348996,1.6883404354169942,11459.15603189243,0.042591360245144504
12,56,61,11779.790529250336,11771.3618009786,25.99656424408058,11783.790242698502,1.6883252140279879,0.2548284714220536,11778.790529250336,11770.3618009786,11,11780.56242322805,11780.483290666749,11784.562136692855,1.6883404354169942,11779.56242322805,0.042366491407556946
12,57,61,12100.816719910086,12092.168130433864,26.707608326004802,12104.816440957757,1.6883252140279879,0.2513575410600936,12099.816719910086,12091.168130433864,11,12101.610421461117,12101.541492714978,12105.610142525007,1.6883404354169942,12100.610421461117,0.04215132191709964
12,58,61,12422.442848791781,12413.574067365565,27.420009592058438,12426.442577059415,1.6883252140279879,0.24800922045508805,12421.442848791781,12412.574067365565,11,12423.258405064942,12423.199800660634,12427.258133348385,1.6883404354169942,12422.258405064942,0.04194521267833258
12,59,61,12744.62977108526,12735.540491307207,28.133680379874484,12748.629506220183,1.6883252140279879,0.2447767148404961,12743.62977108526,12734.540491307207,11,12745.467226373537,12745.419062471554,12749.46696152389,1.6883404354169942,12744.467226373537,0.04174758020443206
12,60,61,13067.340639447895,13058.030577783757,28.848538161891867,13071.340381121923,1.6883252140279879,0.24165373312179866,13066.340639447895,13057.030577783757,11,13068.20003535231,13068.162423944988,13072.199777041398,1.6883404354169942,13067.20003535231,0.04155789069096929
13,17,61,1472.2729762028764,1470.7930902957519,3.3951259775936564,1476.2706889069664,1.6883252140279879,0.8553282122296265,1471.2729762028764,1469.7930902957519,11,1472.4079373459415,1472.6945570383084,1476.4056502417236,1.6883404354169942,1471.4079373459415,-0.045400699761043224
13,18,61,1824.0743828623936,1822.2938712897057,4.2767241975898225,1828.0725357428664,1.6883252140279879,0.8029992436129247,1823.0743828623936,1821.2938712897057,11,1824.2529068146216,1824.4123709340224,1828.251059861354,1.6883404354169942,1823.2529068146216,-0.06413519981263235
13,19,61,2211.1753968862718,2209.1025052330847,5.250468195175253,2215.1738725504288,1.6883252140279879,0.7537205054142686,2210.1753968862718,2208.1025052330847,11,2211.401398619276,2211.4306833578867,2215.3998744272612,1.6883404354169942,2210.401398619276,-0.07666267818190627
13,20,61,2630.049661399317,2627.6542522702784,6.304893686731671,2634.048379467935,1.6883252140279879,0.7085474460118045,2629.049661399317,2626.6542522702784,11,2630.3265401070053,2630.2250795820064,2634.3252583005215,1.6883404354169942,2629.3265401070053,-0.08518718456812857
13,21,61,3077.353140620069,3074.608092777024,7.430382288764254,3081.352044779834,1.6883252140279879,0.667749800119246,3076.353140620069,3073.608092777024,11,3077.683908155069,3077.4516001199972,3081.6828124240333,1.6883404354169942,3076.683908155069,-0.09113690870276273
13,22,61,3550.064344033661,3546.945787267775,8.618962743199448,3554.0633939465683,1.6883252140279879,0.6311660406864725,3549.064344033661,3545.945787267775,11,3550.4517158765566,3550.0879149087273,3554.4507658856983,1.6883404354169942,3549.4517158765566,-0.09541877106360025
13,23,61,4045.5244673003344,4042.0115884557845,9.86399091402189,4049.523633456596,1.6883252140279879,0.5984355760315244,4044.5244673003344,4041.0115884557845,11,4045.9709202964705,4045.474125180509,4049.9700865382347,1.6883404354169942,4044.9709202964705,-0.09860360912746836
13,24,61,4561.422585976806,4557.497241935731,11.159854518949741,4565.421846358393,1.6883252140279879,0.5691323987452532,4560.422585976806,4556.497241935731,11,4561.930393682869,4561.29831129471,4565.92965414102,1.6883404354169942,4560.930393682869,-0.1010506560828475
13,25,61,5095.757031934593,5091.40332259269,12.501743345048174,5099.756369810772,1.6883252140279879,0.5428340303236229,5094.757031934593,5090.40332259269,11,5096.328287321365,5095.558043520967,5100.327625266606,1.6883404354169942,5095.328287321365,-0.10298772866066545
13,26,61,5646.790788548925,5641.99466744551,13.88548170522125,5650.790190991744,1.6883252140279879,0.5191526635070257,5645.790788548925,5640.99466744551,11,5647.427420475299,5646.515788844968,5651.426822980828,1.6883404354169942,5646.427420475299,-0.10456148755307619
13,27,61,6213.00946835603,6207.758418733782,15.30740782534896,6217.008925221803,1.6883252140279879,0.4977460148225955,6212.00946835603,6206.758418733782,11,6213.713255252016,6212.656847637144,6217.712712175079,1.6883404354169942,6212.713255252016,-0.10586837910663902
13,28,61,6793.085048047379,6787.367825517863,16.764285497908702,6797.08455126521,1.6883252140279879,0.47831813792665284,6792.085048047379,6786.367825517863,11,6793.85763032567,6792.653034960173,6797.8571335961315,1.6883404354169942,6792.85763032567,-0.10697349262390385
13,29,61,7385.8458460812,7379.652278164111,18.25323727356137,7389.845389147355,1.6883252140279879,0.46061578839916983,7384.8458460812,7378.652278164111,11,7386.688737772615,7385.332609945198,7390.688280887362,1.6883404354169942,7385.688737772615,-0.10792202347154321
13,30,61,7990.252107989962,7983.57293819727,19.771692176176057,7994.251685602647,1.6883252140279879,0.4444232145654143,7989.252107989962,7982.57293819727,11,7991.166707689087,7989.655824002915,7995.166285346832,1.6883404354169942,7990.166707689087,-0.10874627282937031
13,31,61,8605.37623950416,8598.203004912255,21.317343571458686,8609.37584729564,1.6883252140279879,0.42955675903300583,8604.37623950416,8597.203004912255,11,8606.363840550224,8604.695127858202,8610.363448383667,1.6883404354169942,8605.363840550224,-0.10946997089539497
13,32,61,9230.386751070779,9222.71168454529,22.888114463624433,9234.386385408085,1.6883252140279879,0.41585987530245166,9229.386751070779,9221.71168454529,11,9231.448550916266,9229.619098791754,9235.448185292795,1.6883404354169942,9230.448550916266,-0.11011099290426157
13,33,61,9864.535121908251,9856.351072535426,24.4821284739162,9868.534779742904,1.6883252140279879,0.4031987729639131,9863.535121908251,9855.351072535426,11,9865.672230650727,9863.679293726476,9869.671888522162,1.6883404354169942,9864.672230650727,-0.11068310336714286
13,34,61,10507.144955297901,10498.445322367848,26.097685312359676,10511.144634051188,1.6883252140279879,0.3914587200130134,10506.144955297901,10497.445322367848,11,10508.3584033928,10506.199397822651,10512.35808218069,1.6883404354169942,10507.3584033928,-0.11119710445953598
13,35,61,11157.602940828085,11148.381618104419,27.733239898410087,11161.602638302471,1.6883252140279879,0.38054095108717384,11156.602940828085,11147.381618104419,11,11158.893686037321,11156.566182779628,11162.893383544353,1.6883404354169942,11157.893686037321,-0.11166161222311709
13,36,61,11815.351254152492,11805.602582178537,29.387384477408457,11819.35096846247,1.6883252140279879,0.3703601025657976,11814.351254152492,11804.602582178537,11,11816.720187782807,11814.221904336258,11820.71990212366,1.6883404354169942,11815.720187782807,-0.11208359512632166
13,37,61,12479.881112307086,12469.599837061365,31.058833237457723,12483.88084182463,1.6883252140279879,0.360842091863772,12478.881112307086,12468.599837061365,11,12481.329064807649,12478.657856374006,12485.328794354473,1.6883404354169942,12480.329064807649,-0.11246875709214041
13,38,61,13150.727267948143,13139.908504672158,32.74640901164401,13154.727011259369,1.6883252140279879,0.3519223649684108,13149.727267948143,13138.908504672158,11,13152.25501394181,13149.40886459648,13156.254757280863,1.6883404354169942,13151.25501394181,-0.11282181598053076
13,39,61,13827.463274351201,13816.102475667873,34.44903174246008,13831.463030221512,1.6883252140279879,0.34354444653695854,13826.463274351201,13815.102475667873,11,13829.07153715841,13826.048551292126,13833.07129305522,1.6883404354169942,13828.07153715841,-0.11314671013469396
13,40,61,14509.697389163548,14497.790316798211,36.165708430274535,14513.697156509474,1.6883252140279879,0.33565873753584613,14508.697389163548,14496.790316798211,11,14511.386844866072,14508.185239079941,14515.38661223728,1.6883404354169942,14510.386844866072,-0.11344675435122586
13,41,61,15197.069012023983,15184.61171159005,37.895524343333406,15201.068789890209,1.6883252140279879,0.3282215151512183,15196.069012023983,15183.61171159005,11,15198.840293143292,15195.458388634766,15202.840071033685,1.6883404354169942,15197.840293143292,-0.11372475935987725
13,42,61,15889.245571810778,15876.23435023321,39.637635307762714,15893.245359351286,1.6883252140279879,0.3211940980767127,15888.245571810778,15875.23435023321,11,15891.09927062642,15887.535486127214,15895.099058190068,1.6883404354169942,15890.09927062642,-0.11398312462282612
13,43,61,16585.919795136968,16572.351200370453,41.39126091502437,16589.91959159946,1.6883252140279879,0.31454214725998736,16584.919795136968,16571.351200370453,11,16587.85646669435,16584.10931189682,16591.85626317903,1.6883404354169942,16586.85646669435,-0.11422391114449561
13,44,61,17286.807300065073,17272.678102797818,43.155678522544896,17290.807104778018,1.6883252140279879,0.30823507789236126,17285.807300065073,17271.678102797818,11,17288.827464904534,17284.895534398674,17292.82726963878,1.6883404354169942,17287.827464904534,-0.11444889939453108
13,45,61,17991.644468765247,17976.951645866855,44.930217936328575,17995.644281127014,1.6883252140279879,0.3022455630380449,17990.644468765247,17975.951645866855,11,17993.748615403125,17989.630583066948,17997.74842778538,1.6883404354169942,17992.748615403125,-0.11465963555829495
13,46,61,18700.18656058583,18684.927280107528,46.71425668771844,18704.186380055602,1.6883252140279879,0.29654911301256326,18699.18656058583,18683.927280107528,11,18702.37514777797,18698.069761588828,18706.37496726748,1.6883404354169942,18701.37514777797,-0.11485746900269174
13,47,61,19412.20603325884,19396.37764079975,48.507215820374924,19416.205859348924,1.6883252140279879,0.2911237176019636,19411.20603325884,19395.37764079975,11,19414.479492066046,19409.98556933492,19418.479318175137,1.6883404354169942,19413.479492066046,-0.11504358265335028
13,48,61,20127.49104502589,20111.09105129681,50.30855612786282,20131.490877295095,1.6883252140279879,0.28594954060476624,20126.49104502589,20110.09105129681,11,20129.84978069907,20125.16620363759,20133.849612986636,1.6883404354169942,20128.84978069907,-0.11521901803524386
13,49,61,20845.844114620275,20828.87018411007,52.11777478430605,20849.843952668423,1.6883252140279879,0.28100865810320513,20844.844114620275,20827.87018411007,11,20848.28850832957,20843.41421997154,20852.28834639545,1.6883404354169942,20847.28850832957,-0.11538469578105845
13,50,61,21567.080919459448,21549.53086005116,53.934402317807375,21571.080762922506,1.6883252140279879,0.2762848334144126,21566.080919459448,21548.53086005116,11,21569.611329883228,21564.54533030361,21573.611173363446,1.6883404354169942,21568.611329883228,-0.11554143279558654
13,51,61,22291.02921524125,22272.900968712376,55.757999887956316,22295.02906378726,1.6883252140279879,0.27176332292429145,22290.02921524125,22271.900968712376,11,22293.645980025245,22288.38732285035,22297.64582858787,1.6883404354169942,22292.645980025245,-0.1156899564595389
13,52,61,23017.527862495,22998.819495764168,57.588156827738906,23021.527715820514,1.6883252140279879,0.2674307080129503,23016.527862495,22997.819495764168,11,23020.231299594256,23014.77908876407,23024.231152935852,1.6883404354169942,23019.231299594256,-0.11583091664367438
13,53,61,23746.42594763894,23727.13564474818,59.42448842636939,23750.425805465864,1.6883252140279879,0.26327474910431714,23745.42594763894,23726.13564474818,11,23749.21635655518,23743.569743310163,23753.21621439771,1.6883404354169942,23748.21635655518,-0.11596489574191764
13,54,61,24477.581987758094,24457.708042474347,61.26663391876065,24481.581849831106,1.6883252140279879,0.2592842585370012,24476.581987758094,24456.708042474347,11,24480.459650682562,24474.617830787836,24484.45951277071,1.6883404354169942,24479.459650682562,-0.11609241733232394
13,55,61,25210.86320974344,25190.404018714253,63.11425466436438,25214.863075827543,1.6883252140279879,0.2554489895034977,25209.86320974344,25189.404018714253,11,25213.828392612388,25207.790603752448,25217.8282587112,1.6883404354169942,25212.828392612388,-0.11621395336317882
13,56,61,25946.144895629368,25925.09895208559,64.96703248822604,25950.144765507903,1.6883252140279879,0.2517595387465147,25945.144895629368,25924.09895208559,11,25949.197849100827,25942.963368500954,25953.19771899366,1.6883404354169942,25948.197849100827,-0.11632993043382149
13,57,61,26683.309787004247,26661.67567493582,66.82466817764569,26687.309660477033,1.6883252140279879,0.2482072610768224,26682.309787004247,26660.67567493582,11,26686.450747366085,26680.018889529118,26690.450620852782,1.6883404354169942,26685.450747366085,-0.11644073512938252
13,58,61,27422.247542249817,27400.023930976167,68.68688010441451,27426.24741913159,1.6883252140279879,0.24478419407438531,27421.247542249817,27399.023930976167,11,27425.476732258532,27418.84684688058,27429.476609153844,1.6883404354169942,27424.476732258532,-0.11654671859395203
13,59,61,28162.854241121266,28140.03988028675,70.55340297097483,28166.854121240252,1.6883252140279879,0.24148299159111528,28161.854241121266,28139.03988028675,11,28166.171870784256,28159.34334081403,28170.171750916434,1.6883404354169942,28165.171870784256,-0.11664820056169087
13,60,61,28905.031931835172,28881.625646749428,72.423986662404,28909.03181503185,1.6883252140279879,0.23829686488038343,28904.031931835172,28880.625646749428,11,28908.438199136286,28901.410438954077,28912.43808234582,1.6883404354169942,28907.438199136286,-0.11674547276027282
14,18,61,3229.7566098896027,3226.00219774519,8.783522716096904,3233.7555656936393,1.6883252140279879,0.8516258273794753,3228.7566098896027,3225.00219774519,11,3230.2202089363254,3227.936008446878,3234.219164881749,1.6883404354169942,3229.2202089363254,-0.17964785477876397
14,19,61,4012.7838475471244,4007.992112347951,11.112475901636577,4016.783006905399,1.6883252140279879,0.7983752812665371,4011.7838475471244,4006.992112347951,11,4013.378435687462,4010.2352873857103,4017.3775951634593,1.6883404354169942,4012.378435687462,-0.18825724853798642
14,20,61,4876.645681162118,4870.884504676898,13.674127920473403,4880.6449893117515,1.6883252140279879,0.7483822436250354,4875.645681162118,4869.884504676898,11,4877.383305551088,4873.323662621072,4881.382613799744,1.6883404354169942,4876.383305551088,-0.19353333231998462
14,21,61,5813.682963079341,5806.857090782661,16.443106651644474,5817.682382663249,1.6883252140279879,0.7026724106627183,5812.682963079341,5805.857090782661,11,5814.574343068859,5809.549108246542,5818.573762737045,1.6883404354169942,5813.574343068859,-0.1968004156373901
14,22,61,6816.573165436092,6808.5974262696545,19.39778377020498,6820.572670363761,1.6883252140279879,0.661479429164607,6815.573165436092,6807.5974262696545,11,6817.627954256462,6811.592395361623,6821.627459256724,1.6883404354169942,6816.627954256462,-0.19886326160781195
14,23,61,7878.656044309528,7869.455020068805,22.519805554942167,7882.655615941575,1.6883252140279879,0.6246088889975062,7877.656044309528,7868.455020068805,11,7879.883022051468,7872.794681070855,7883.882593746759,1.6883404354169942,7878.883022051468,-0.20020507485359837
14,24,61,8994.035690420687,8983.542700601158,25.793448618665746,8998.03531515241,1.6883252140279879,0.5916735258344776,8993.035690420687,8982.542700601158,11,8995.442894853997,8987.260856952378,8999.442519641396,1.6883404354169942,8994.442894853997,-0.2011126861201077
14,25,61,10157.558358996177,10145.71422987289,29.205062602071713,10161.558026697,1.6883252140279879,0.5622268701440994,10156.558358996177,10144.71422987289,11,10159.153174484822,10149.838040988956,10163.152842235133,1.6883404354169942,10158.153174484822,-0.20175498731974637
14,26,61,11364.735169242895,11351.487053983257,32.74265633799714,11368.73487222854,1.6883252140279879,0.5358311521663839,11363.735169242895,11350.487053983257,11,11366.524391895702,11356.03850236634,11370.524094925708,1.6883404354169942,11365.524391895702,-0.20223118427986075
14,27,61,12611.649570032781,12596.949933649712,36.39560427738378,12615.649302374932,1.6883252140279879,0.5120872499943803,12610.649570032781,12595.949933649712,11,12613.639460680168,12601.947122234422,12617.639193062387,1.6883404354169942,12612.639460680168,-0.20259984211304968
14,28,61,13894.86895824453,13878.674750974833,40.15443485265415,13898.868715298311,1.6883252140279879,0.4906445114349115,13893.86895824453,13877.674750974833,11,13897.06528919516,13884.13291931905,13901.065046285377,1.6883404354169942,13896.06528919516,-0.2028960091195819
14,29,61,15211.367845315575,15193.639845672202,44.010670197170214,15215.367623390097,1.6883252140279879,0.4712007690738877,15210.367845315575,15192.639845672202,11,15213.775943270324,15199.572112494476,15217.77572137819,1.6883404354169942,15212.775943270324,-0.20314114339039305
14,30,61,16558.463937609435,16539.166232688047,47.9566978766591,16562.463733734105,1.6883252140279879,0.45349811682557584,16557.463937609435,16538.166232688047,11,16561.08872349549,16545.584117291586,16565.088519650835,1.6883404354169942,16560.08872349549,-0.20334879922928198
14,31,61,17933.765948826916,17912.865520106418,51.98566385903622,17937.76576058286,1.6883252140279879,0.4373172770269399,17932.765948826916,17911.865520106418,11,17936.611974513744,17919.779301613235,17940.611786298046,1.6883404354169942,17935.611974513744,-0.2035278671418184
14,32,61,19335.13118923812,19312.597577309883,56.0913809568927,19339.13101463472,1.6883252140279879,0.4224718992280924,19334.13118923812,19311.597577309883,11,19338.20267111862,19320.016542020516,19342.202496541562,1.6883404354169942,19337.20267111862,-0.20368442146078905
14,33,61,20760.630986870343,20736.436015118772,60.26824963602701,20764.630824253538,1.6883252140279879,0.4088033604158544,20759.630986870343,20735.436015118772,11,20763.931836289918,20744.368629181547,20767.931673697658,1.6883404354169942,20762.931836289918,-0.20382278340490056
14,34,61,22208.52228429828,22182.639827127103,64.51118924011303,22212.52213228142,1.6883252140279879,0.39617625471996526,22207.52228429828,22181.639827127103,11,22212.05613493929,22191.09386026343,22216.05598294539,1.6883404354169942,22211.05613493929,-0.20394614270172576
14,35,61,23677.22409295915,23649.629878150703,68.81557826309957,23681.22395037032,1.6883252140279879,0.3844745830669032,23676.22409295915,23648.629878150703,11,23680.994325421783,23658.612495585687,23684.994182854516,1.6883404354169942,23679.994325421783,-0.2040569297388819
14,36,61,25165.29778772519,25135.969225672357,73.17720245319943,25169.297653566573,1.6883252140279879,0.37359857898243565,25164.29778772519,25134.969225672357,11,25169.30755151013,25145.487058951006,25173.307417371812,1.6883404354169942,25168.30755151013,-0.20415704541427684
14,37,61,26671.43046516282,26640.346499634594,77.59220975957132,26675.430338578994,1.6883252140279879,0.36346208274374736,26670.43046516282,26639.346499634594,11,26675.6826983268,26650.40570326377,26679.682571762136,1.6883404354169942,26674.6826983268,-0.20424800822275355
14,38,61,28194.42077238362,28161.561749112832,82.05707113462591,28198.420652636556,1.6883252140279879,0.3539903751294318,28193.42077238362,28160.561749112832,11,28198.918219160347,28172.16804735192,28202.918099431423,1.6883404354169942,28197.918219160347,-0.20433105183422615
14,39,61,29733.166750182278,29698.514300250394,86.56854641665402,29737.166636631515,1.6883252140279879,0.34511839057870375,29732.166750182278,29697.514300250394,11,29737.91197678567,29709.67302667478,29741.911863252113,1.6883404354169942,29736.91197678567,-0.2044071921874351
14,40,61,31286.65533584165,31250.19227165904,91.12365453311018,31290.65522792834,1.6883252140279879,0.3367892410759857,31285.65533584165,31249.19227165904,11,31291.650744612038,31261.90840330784,31295.650636715094,1.6883404354169942,31290.650744612038,-0.2044772754173576
14,41,61,32853.95324647518,32815.663468560684,95.71964740911179,32857.953143709245,1.6883252140279879,0.32895299362535063,32852.95324647518,32814.663468560684,11,32859.20108867932,32827.94165582689,32863.20098592898,1.6883404354169942,32858.20108867932,-0.20454201292273358
14,42,61,34434.19902069748,34394.067433863915,100.35398708333005,34438.19892264712,1.6883252140279879,0.32156565450659635,34433.19902069748,34393.067433863915,11,34439.70140804513,34406.91202700737,34443.701310009645,1.6883404354169942,34438.70140804513,-0.20460200773509163
14,43,61,36026.59603956044,35984.6084773186,105.02432552925914,36030.595945843466,1.6883252140279879,0.3145883223191011,36025.59603956044,35983.6084773186,11,36032.35495463184,35998.023549948935,36036.3548609291,1.6883404354169942,36031.35495463184,-0.20465777458659115
14,44,61,37630.40638092535,37586.54953700156,109.72848684001951,37634.40629120218,1.6883252140279879,0.30798647907436816,37629.40638092535,37585.54953700156,11,37636.42368662028,37600.53890729622,37640.423596910725,1.6883404354169942,37635.42368662028,-0.20470975581431003
14,45,61,39244.94538746214,39199.20675374378,114.46445143302772,39248.945301429805,1.6883252140279879,0.30172939452635317,39243.94538746214,39198.20675374378,11,39251.22283558046,39213.774003440434,39255.2227495612,1.6883404354169942,39250.22283558046,-0.20475833363875676
14,46,61,40869.57684888523,40821.944658869266,119.23034202961682,40873.57676627248,1.6883252140279879,0.29578962368023304,40868.57684888523,40820.944658869266,11,40876.116087954426,40837.093150528395,40880.11600535424,1.6883404354169942,40875.116087954426,-0.20480384017866446
14,47,61,42503.70871545511,42454.17189281031,124.02441113414667,42507.708636018266,1.6883252140279879,0.2901425812555955,42502.70871545511,42453.17189281031,11,42510.511297866586,42469.90478549944,42514.511218441825,1.6883404354169942,42509.511297866586,-0.20484656532030046
14,48,61,44146.789272957794,44095.33738449384,128.8450298671078,44150.78919647721,1.6883252140279879,0.2847661799340697,44145.789272957794,44094.33738449384,11,44153.856661471356,44111.657647928616,44157.856585002395,1.6883404354169942,44152.856661471356,-0.2048867633851966
14,49,61,45798.30372013498,45744.92693278129,133.69067795474237,45802.303646412096,1.6883252140279879,0.2796405216756899,45797.30372013498,45743.92693278129,11,45805.6372938458,45761.83736031153,45809.63722013413,1.6883404354169942,45804.6372938458,-0.20492465830350634
14,50,61,47457.77109836815,47402.46013974343,138.55993474322608,47461.77102722293,1.6883252140279879,0.2747476333593671,47456.77109836815,47401.46013974343,11,47465.37215819371,47419.96336017697,47469.37208705932,1.6883404354169942,47464.37215819371,-0.20496044816401132
14,51,61,49124.74153072793,49067.48765289637,143.45147110738924,49128.74146199671,1.6883252140279879,0.2700712395806846,49123.74153072793,49066.48765289637,11,49132.611304443046,49085.58614140449,49136.61123572229,1.6883404354169942,49131.611304443046,-0.20499430874736924
14,52,61,50798.79373352985,50739.58867967271,148.3640421446127,50802.79366706345,1.6883252140279879,0.2655965667111484,50797.79373352985,50738.58867967271,11,50806.9333803952,50758.28476775353,50810.933313938935,1.6883404354169942,50805.9333803952,-0.20502639666993822
14,53,61,52479.53276869986,52418.3687424036,153.29648058727068,52483.53270436199,1.6883252140279879,0.26131017336232204,52478.53276869986,52417.3687424036,11,52487.94338372999,52437.66462698692,52491.943319401915,1.6883404354169942,52486.94338372999,-0.205056851810562
14,54,61,54166.58800946761,54103.45764638948,158.24769082600952,54170.58794713344,1.6883252140279879,0.25719980322062375,54165.58800946761,54102.45764638948,11,54175.27062737406,54123.35539832643,54179.2705650494,1.6883404354169942,54174.27062737406,-0.20508579968735385
14,55,61,55859.611295576135,55794.50763724957,163.21664349425677,55863.6112351311,1.6883252140279879,0.25325425691321063,55858.611295576135,55793.50763724957,11,55868.56689440786,55815.00920900716,55872.56683397202,1.6883404354169942,55867.56689440786,-0.20511335308976594
14,56,61,57558.27525721744,57491.19172681552,168.20237052849933,57562.275198556126,1.6883252140279879,0.24946328010664573,57557.27525721744,57490.19172681552,11,57567.504761729455,57512.29895981064,57571.50470307707,1.6883404354169942,57566.504761729455,-0.2051396137568107
14,57,61,59262.27178957137,59193.20216945299,173.203960704878,59266.271732596666,1.6883252140279879,0.24581746550226147,59261.27178957137,59192.20216945299,11,59271.77607436245,59214.91680058529,59275.77601739641,1.6883404354169942,59270.77607436245,-0.20516467367920346
14,58,61,60971.31066206277,60900.24907293784,178.22055552765548,60975.31060668497,1.6883252140279879,0.24230816676691733,60970.31066206277,60899.24907293784,11,60981.090554467286,60922.572740749136,60985.09049909794,1.6883404354169942,60980.090554467286,-0.20518861619397027
14,59,61,62685.11824837182,62612.059129944566,183.25134550428965,62689.11819450795,1.6883252140279879,0.23892742274023365,62684.11824837182,62611.059129944566,11,62695.17453116277,62634.99338036473,62699.17447730712,1.6883404354169942,62694.17453116277,-0.20521151706253926
14,60,61,64403.4363648999,64328.37445783023,188.2955667210179,64407.436312473066,1.6883252140279879,0.23566789052446313,64402.4363648999,64327.37445783023,11,64413.769778792834,64351.9207494862,64417.76972637396,1.6883404354169942,64412.769778792834,-0.20523344522365436
15,19,61,7160.103210189732,7150.005978523981,22.805086463223102,7164.10273885598,1.6883252140279879,0.8482761676877558,7159.103210189732,7149.005978523981,11,7161.427869551208,7151.370638977133,7165.427398300709,1.6883404354169942,7160.427869551208,-0.2472825151190184
15,20,61,8919.787084572046,8906.88753787705,28.74898417817287,8923.786706180636,1.6883252140279879,0.7941787222289826,8918.787084572046,8905.88753787705,11,8921.461833338959,8908.588381534828,8925.461455015431,1.6883404354169942,8920.461833338959,-0.24972897024237517
15,21,61,10865.860071476669,10849.948023666293,35.27894387802758,10869.859760830093,1.6883252140279879,0.7435276247973638,10864.860071476669,10848.948023666293,11,10867.917375418248,10852.025970331051,10871.917064827894,1.6883404354169942,10866.917375418248,-0.2506643223549426
15,22,61,12981.512939008038,12962.399250645769,42.338666740942756,12985.512678973251,1.6883252140279879,0.6973231420651617,12980.512939008038,12961.399250645769,11,12983.982146019482,12964.891438538476,12987.981886031985,1.6883404354169942,12982.982146019482,-0.25079389759714604
15,23,61,15250.553888778477,15228.063076774184,49.87893328353057,15254.55366742259,1.6883252140279879,0.6557663958457676,15249.553888778477,15227.063076774184,11,15253.461745493138,15231.002733565514,15257.461524177616,1.6883404354169942,15252.461745493138,-0.2505289754237778
15,24,61,17658.168179943743,17632.134785867293,57.85679308859517,17662.167988761925,1.6883252140279879,0.6186327540682706,17657.168179943743,17631.134785867293,11,17661.539213592678,17635.55149091152,17665.53902244577,1.6883404354169942,17660.539213592678,-0.25009898766991434
15,25,61,20191.172354967675,20161.43972149867,66.23444914529783,20195.17218776507,1.6883252140279879,0.5855102031242652,20190.172354967675,20160.43972149867,11,20195.02913892383,20165.359841620884,20199.02897175177,1.6883404354169942,20194.02913892383,-0.249624650876588
15,26,61,22837.985095376327,22804.405265898222,74.97832270955986,22841.984947548306,1.6883252140279879,0.555933200452231,22836.985095376327,22803.405265898222,11,22842.348440851976,22808.8524217667,22846.34829305097,1.6883404354169942,22841.348440851976,-0.2491644363801254
15,27,61,25588.470061231368,25550.903971614684,84.05837544837826,25592.469929290768,1.6883252140279879,0.5294497026262781,25587.470061231368,25549.903971614684,11,25593.359170004926,25555.899461576995,25597.359038088456,1.6883404354169942,25592.359170004926,-0.24874292383118016
15,28,61,28433.740950072453,28392.058514535987,93.44762588182098,28437.74083133287,1.6883252140279879,0.5056500329552013,28432.740950072453,28391.058514535987,11,28439.173548665047,28397.621669616805,28443.17342994717,1.6883404354169942,28438.173548665047,-0.24836732171605622
15,29,61,31365.972995530195,31320.052967413634,103.1217836370643,31369.972887889497,1.6883252140279879,0.4841757486639776,31364.972995530195,31319.052967413634,11,31371.965459507657,31326.201437644828,31375.965351886636,1.6883404354169942,31370.965459507657,-0.24803664426157268
15,30,61,34378.23811203111,34327.96773861924,113.05894925368484,34382.23801382093,1.6883252140279879,0.464718908270695,34377.23811203111,34326.96773861924,11,34384.80558325322,34334.71772074986,34388.805485061,1.6883404354169942,34383.80558325322,-0.2477465519027225
15,31,61,37464.36724240655,37409.64177990307,123.23935257190331,37468.36715228557,1.6883252140279879,0.44701729416081326,37463.36724240655,37408.64177990307,11,37471.52373860026,37417.008198950316,37475.52364849576,1.6883404354169942,37470.52373860026,-0.2474917546260355
15,32,61,40618.8376469747,40559.559803257034,133.64511811060186,40622.83756385184,1.6883252140279879,0.4308483798053987,40617.8376469747,40558.559803257034,11,40626.59616311453,40567.5564591299,40630.59608000687,1.6883404354169942,40625.59616311453,-0.24726710603225763
15,33,61,43836.681054940695,43772.76041153764,144.26005370993073,43840.68097791895,1.6883252140279879,0.4160233428640121,43835.681054940695,43771.76041153764,11,43845.05365580281,43781.400099547456,43849.05357879514,1.6883404354169942,43844.05365580281,-0.2470680305425641
15,34,61,47113.40855678441,47044.76100467809,155.06946108942256,47117.408485119064,1.6883252140279879,0.40238166153661536,47112.40855678441,47043.76100467809,11,47122.40646058611,47054.05561615085,47126.40638893386,1.6883404354169942,47121.40646058611,-0.24689063078751972
15,35,61,50444.94871150091,50371.49591979425,166.05996767547262,50448.94864456817,1.6883252140279879,0.3897864581471555,50443.94871150091,50370.49591979425,11,50454.58236518561,50381.45652795121,50458.582298265115,1.6883404354169942,50453.58236518561,-0.2467316550030865
15,36,61,53827.59605972464,53749.264985459515,177.2193782764186,53831.595996997785,1.6883252140279879,0.37812058325311526,53826.59605972464,53748.264985459515,11,53837.87520628972,53759.901919857395,53841.87514357434,1.6883404354169942,53836.87520628972,-0.24658841386571098
15,37,61,57257.96787568098,57174.69031826081,188.53654521484125,57261.9678167119,1.6883252140279879,0.36728336449473176,57256.96787568098,57173.69031826081,11,57268.90161432128,57186.013229243144,57272.901555362965,1.6883404354169942,57267.90161432128,-0.24645868766214996
15,38,61,60732.9675049927,60644.679703586415,200.001254705966,60736.96744939747,1.6883252140279879,0.3571879240621168,60731.9675049927,60643.679703586415,11,60744.56434500757,60656.69761980427,60748.5642894225,1.6883404354169942,60743.56434500757,-0.24634064053271892
15,39,61,64249.75302602147,64156.395296863724,211.60412780268348,64253.752973469134,1.6883252140279879,0.3477589702382359,64248.75302602147,64155.395296863724,11,64262.020935100896,64169.11667610211,64266.02088255815,1.6883404354169942,64261.020935100896,-0.24623274726189828
15,40,61,67805.71026429019,67707.22667465407,223.3365338159005,67809.7102144937,1.6883252140279879,0.33893097881386086,67804.71026429019,67706.22667465407,11,67818.65671156441,67720.65944895672,67822.65666177701,1.6883404354169942,67817.65671156441,-0.24613373376883937
15,41,61,71398.42940445093,71294.7674786199,235.19051451726847,71402.42935716001,1.6883252140279879,0.33064669285025167,71397.42940445093,71293.7674786199,11,71412.0613995265,71308.91909517944,71416.06135224424,1.6883404354169942,71411.0613995265,-0.24604252923492012
15,42,61,75025.68460505187,74916.7950595101,247.15871780323036,75029.68456004716,1.6883252140279879,0.3228558816557757,75024.68460505187,74915.7950595101,11,75040.00873301558,74931.67251772918,75044.00868801912,1.6883404354169942,75039.00873301558,-0.24595822805850334
15,43,61,78685.41614135973,78571.25264568241,259.23433920770924,78689.41609844816,1.6883252140279879,0.315514310731076,78684.41614135973,78570.25264568241,11,78700.43859446111,78586.86252991448,78704.4385515574,1.6883404354169942,78699.43859446111,-0.2458800593994933
15,44,61,82375.71469270372,82256.2336529373,271.41107037590666,82379.7146517144,1.6883252140279879,0.30858288364101355,82374.71469270372,82255.2336529373,11,82391.44129902941,82272.58216276078,82395.44125804762,1.6883404354169942,82390.44129902941,-0.2458073635327577
15,45,61,86094.80746155679,85969.96782361208,283.6830534079144,86098.80742233808,1.6883252140279879,0.3020269243365839,86093.80746155679,85968.96782361208,11,86111.24371104092,85987.06080115712,86115.24367182936,1.6883404354169942,86110.24371104092,-0.24573957238713104
15,46,61,89841.04586612992,89710.80893695925,296.0448404295373,89845.04582854647,1.6883252140279879,0.2958155745296288,89840.04586612992,89709.80893695925,11,89858.19693430125,89728.65189167685,89862.19689672468,1.6883404354169942,89857.19693430125,-0.24567619435795499
15,47,61,93612.89459199327,93477.2238768311,308.49135744316254,93616.89455592405,1.6883252140279879,0.28992128566809444,93611.89459199327,93476.2238768311,11,93630.76536160604,93495.82200858036,93634.76532554344,1.6883404354169942,93629.76536160604,-0.2456168016397536
15,48,61,97408.92182289102,97267.7828762483,321.01787219191226,97412.92178822737,1.6883252140279879,0.28431938895981657,97407.92182289102,97266.7828762483,11,97427.51690359069,97287.14109583375,97431.51686893338,1.6883404354169942,97426.51690359069,-0.24556102047065365
15,49,61,101227.79049908704,101081.15078875647,333.6199653260952,101231.79046573106,1.6883252140279879,0.2789877300398893,101226.79049908704,101080.15078875647,11,101247.11424547098,101101.27373696491,101251.11421212107,1.6883404354169942,101246.11424547098,-0.24550852256826106
15,50,61,105068.2504745536,104916.07925675117,346.29350456914494,105072.25044241684,1.6883252140279879,0.2739063573883925,105067.2504745536,104915.07925675117,11,105088.30700280658,104936.97132182437,105092.30697067567,1.6883404354169942,105087.30700280658,-0.24545901866517875
15,51,61,108929.13146326995,108771.39966834536,359.03462143203217,108933.13143227214,1.6883252140279879,0.2690572556100957,108928.13146326995,108770.39966834536,11,108949.92466641245,108793.06500190162,108953.9246354203,1.6883404354169942,108948.92466641245,-0.24541225265988711
15,52,61,112809.33668032165,112646.0168068893,371.8396901946925,112813.33665039,1.6883252140279879,0.26442411630155754,112808.33668032165,112645.0168068893,11,112830.87024221459,112668.4593391436,112834.87021228844,1.6883404354169942,112829.87024221459,-0.24536799715339055
15,53,61,116707.83709699321,116538.90311518067,384.7053089828959,116711.8370680614,1.6883252140279879,0.2599921405232351,116706.83709699321,116537.90311518067,11,116730.11450525519,116562.12656785904,116734.11447632861,1.6883404354169942,116729.11450525519,-0.2453260492624678
15,54,61,120623.66623966933,120449.09350085568,397.6282825918616,120627.66621167673,1.6883252140279879,0.2557478679602647,120622.66623966933,120448.09350085568,11,120646.69079761977,120473.10140068812,120650.69076963226,1.6883404354169942,120645.69079761977,-0.24528622779906656
15,55,61,124555.91547191447,124375.68062625012,410.60560692528077,124559.91544480556,1.6883252140279879,0.25167902867557007,124554.91547191447,124374.68062625012,11,124579.6903095895,124400.47631571098,124583.6902824855,1.6883404354169942,124578.6903095895,-0.24524837007590963
15,56,61,128503.72970666358,128317.81062633957,423.6344547723216,128507.72968038743,1.6883252140279879,0.24777441407790823,128502.72970666358,128316.81062633957,11,128528.25779100867,128343.39727521988,128532.25776473735,1.6883404354169942,128527.25779100867,-0.24521232981108237
15,57,61,132466.30350240352,132274.6792103917,436.7121630355758,132470.3034769134,1.6883252140279879,0.24402376427694014,132465.30350240352,132273.6792103917,11,132491.5876468051,132301.05982533417,132495.5876213196,1.6883404354169942,132490.5876468051,-0.24517797504495603
15,58,61,136442.87750290625,136245.5281067917,449.8362208579528,136446.877478159,1.6883252140279879,0.24041766945485066,136441.87750290625,136244.5281067917,11,136468.92037593038,136272.7055407468,136472.92035118767,1.6883404354169942,136467.92037593038,-0.2451451863278585
15,59,61,140432.73518494156,140229.64181591856,463.00425896216984,140436.73516089734,1.6883252140279879,0.23694748327847492,140431.73518494156,140228.64181591856,11,140459.53931854357,140257.61877661492,140463.53929450383,1.6883404354169942,140458.53931854357,-0.24511385542583244
15,60,61,144435.19988265776,144226.34463792478,476.2140397815368,144439.19985927988,1.6883252140279879,0.23360524667102472,144434.19988265776,144225.34463792478,11,144462.76767976218,144255.1236962553,144466.76765638855,1.6883404354169942,144461.76767976218,-0.24508388384080848
16,20,61,16031.628096845769,16005.452501935595,57.093416756086825,16035.627886271432,1.6883252140279879,0.8451459556135869,16030.628096845769,16004.452501935595,11,16035.051351729619,16005.452501935595,16039.051141198455,1.6883404354169942,16034.051351729619,-0.27536961730211357
16,21,61,20022.216295883125,19989.665233356853,71.59183584565385,20026.216127269545,1.6883252140279879,0.7902472314621587,20021.216295883125,19988.665233356853,11,20026.501420159737,19989.665233356853,20030.501251580812,1.6883404354169942,20025.501420159737,-0.27388153954283995
16,22,61,24445.53350534687,24405.507446513155,87.51448080778191,24449.533367238222,1.6883252140279879,0.7389737917926881,24444.53350534687,24404.507446513155,11,24450.759726654214,24406.19723444561,24454.759588573917,1.6883404354169942,24449.759726654214,-0.2718815123167894
16,23,61,29264.312783172667,29215.963763260806,104.74043540479288,29268.312667802427,1.6883252140279879,0.6923030840027884,29263.312783172667,29214.963763260806,11,29270.552671626556,29217.810070413023,29274.552556279952,1.6883404354169942,29269.552671626556,-0.2697735804054133
16,24,61,34442.40693963403,34385.05960145654,123.16112922091183,34446.40684160663,1.6883252140279879,0.6504055174540005,34441.40693963403,34384.05960145654,11,34449.72738652385,34388.3710419491,34453.72728851645,1.6883404354169942,34448.72738652385,-0.26777051117696704
16,25,61,39946.569281764394,39879.61918679727,142.67903517617694,39950.56919724263,1.6883252140279879,0.6130274459702258,39945.569281764394,39878.61918679727,11,39955.03217496642,39884.64374231884,39959.032090461864,1.6883404354169942,39954.03217496642,-0.2659664040408452
16,26,61,45747.07914746627,45669.98390440238,163.20603690338305,45751.079073660534,1.6883252140279879,0.5797329345573953,45746.07914746627,45668.98390440238,11,45756.741824385696,45676.91890359667,45760.741750594934,1.6883404354169942,45755.741824385696,-0.26438750296319297
16,27,61,51817.71521689473,51729.985478679264,184.66218056280005,51821.71515173495,1.6883252140279879,0.5500379707791778,51816.71521689473,51728.985478679264,11,51828.6308004387,51738.98946626398,51832.6307352921,1.6883404354169942,51827.6308004387,-0.2630252450977238
16,28,61,58135.43039022774,58036.621881824045,206.9748191042242,58139.43033214856,1.6883252140279879,0.523476704916824,58134.43039022774,58035.621881824045,11,58147.64808097521,58047.82521594765,58151.648022907735,1.6883404354169942,58146.64808097521,-0.2618560432019001
16,29,61,64679.934537771376,64570.26899826642,230.07798020695986,64683.934485568425,1.6883252140279879,0.4996292840792852,64678.934537771376,64569.26899826642,11,64693.49989547671,64583.15452487364,64697.499843284284,1.6883404354169942,64692.49989547671,-0.2608521044075366
16,30,61,71433.28675466741,71312.77247245969,253.91182028608213,71437.28670739949,1.6883252140279879,0.4781297893370444,71432.28675466741,71311.77247245969,11,71448.24197953967,71327.05553439813,71452.24193228128,1.6883404354169942,71447.24197953967,-0.2599867139373733
16,31,61,78379.53715978193,78247.87580197582,278.4220996410865,78383.53711670282,1.6883252140279879,0.4586647692393196,78378.53715978193,78246.87580197582,11,78395.92136811896,78263.59711470825,78399.9213250485,1.6883404354169942,78394.92136811896,-0.25923638999723597
16,32,61,85504.42708876194,85361.34127332272,303.55966221381493,85508.42704927237,1.6883252140279879,0.44096791729711365,85503.42708876194,85360.34127332272,11,85522.27657786658,85378.53851327504,85526.27653838493,1.6883404354169942,85521.27657786658,-0.25858141697219356
16,33,61,92795.14318094906,92640.37500062522,329.2799284635893,92799.14314456197,1.6883252140279879,0.42481364587849024,92794.14318094906,92639.37500062522,11,92814.49167728183,92659.08314481033,92818.49164090202,1.6883404354169942,92813.49167728183,-0.25800563425869605
16,34,61,100240.1166270482,100073.42611915244,355.54241404199666,100244.11659336356,1.6883252140279879,0.410010818986395,100239.1166270482,100072.42611915244,11,100260.99551414451,100093.67772215712,100264.99548046658,1.6883404354169942,100259.99551414451,-0.2574959459887294
16,35,61,107828.85866121104,107650.02231875407,382.31028600393364,107832.85862989693,1.6883252140279879,0.3963971492905874,107827.85866121104,107649.02231875407,11,107851.29718727464,107671.8477457848,107855.2971559668,1.6883404354169942,107850.29718727464,-0.2570417783446864
16,36,61,115551.82465507582,115360.6340277831,409.5499612987156,115555.82462585453,1.6883252140279879,0.38383439950311293,115550.82465507582,115359.6340277831,11,115575.85011950307,115384.06165495452,115579.85009028761,1.6883404354169942,115574.85011950307,-0.25663458358656005
16,37,61,123400.30073288288,123196.5611456127,437.23075020617426,123404.30070552004,1.6883252140279879,0.3722043643147384,123399.30073288288,123195.5611456127,11,123425.93865318918,123221.61753052365,123429.93862583181,1.6883404354169942,123424.93865318918,-0.2562674228612476
16,38,61,131366.30822711546,131149.83761819603,465.3245413448225,131370.30820141183,1.6883252140279879,0.36140554515379847,131365.30822711546,131148.83761819603,11,131393.58248895724,131176.5476532529,131397.58246325876,1.6883404354169942,131392.58248895724,-0.2559346295404202
16,39,61,139442.52240965833,139213.15028399642,493.8055262791375,139446.52238544333,1.6883252140279879,0.3513504133768645,139441.52240965833,139212.15028399642,11,139471.45540120165,139241.5373309264,139475.4553769915,1.6883404354169942,139470.45540120165,-0.2556315432384581
16,40,61,147622.2027847538,147379.76927518455,522.6499583818203,147626.20276188056,1.6883252140279879,0.34196316164255325,147621.2027847538,147378.76927518455,11,147652.8155156782,147409.85528365028,147656.8154928095,1.6883404354169942,147651.8155156782,-0.25535430323724145
16,41,61,155899.1328553797,155643.48787712705,551.8359417230397,155903.13283372077,1.6883252140279879,0.3331778552616727,155898.1328553797,155642.48787712705,11,155931.445065472,155675.29349328455,155935.44504381742,1.6883404354169942,155930.445065472,-0.25509968770918645
16,42,61,164267.56774143048,163998.57023350865,581.3432469730947,164271.56772087497,1.6883252140279879,0.324936909258952,164266.56774143048,163997.57023350865,11,164301.59799738298,164032.11489909256,164305.59797683152,1.6883404354169942,164300.59799738298,-0.25486498874796715
16,43,61,172722.18837051347,172439.70561301764,611.1531490406561,172726.1883509641,1.6883252140279879,0.31718983001279405,172721.18837051347,172438.70561301764,11,172757.95415356488,172475.00765098765,172761.95413401938,1.6883404354169942,172756.95415356488,-0.25464791425979916
16,44,61,181258.0612185943,180961.96821553828,641.2482845417248,181262.06119996545,1.6883252140279879,0.3098921718614185,181257.0612185943,180960.96821553828,11,181295.5790037042,180999.04491099037,181299.5789850791,1.6883404354169942,181294.5790037042,-0.2544465122271978
16,45,61,189870.60277488947,189560.78169529198,671.6125256097653,189874.60275710566,1.6883252140279879,0.3030046686242753,189869.60277488947,189559.78169529198,11,189909.88810242887,189599.64936811157,189913.8880846486,1.6883404354169942,189908.88810242887,-0.25425910956307446
16,46,61,198555.54805355624,198231.88772410378,702.2308686314551,198559.5480365503,1.6883252140279879,0.29649250780591785,198554.54805355624,198230.88772410378,11,198596.615594914,198272.5617945811,198600.61557791146,1.6883404354169942,198595.615594914,-0.2540842644222587
16,47,61,207308.92259352433,206971.3180382094,733.0893345037304,207312.92257723646,1.6883252140279879,0.2903247215955705,207307.92259352433,206970.3180382094,11,207351.786210767,207013.81308957792,207355.78619448235,1.6883404354169942,207350.786210767,-0.2539207270842692
16,48,61,216127.0174800071,215775.36949840983,764.1748804829408,216131.01746438374,1.6883252140279879,0.28447367376807625,216126.0174800071,215774.36949840983,11,216171.69027982902,215819.6993310166,216175.69026420874,1.6883404354169942,216170.69027982902,-0.2537674095718674
16,49,61,225006.3669959066,224640.58177973126,795.475320982446,225010.3669808998,1.6883252140279879,0.27891462565833547,225005.3669959066,224639.58177973126,11,225052.86137930487,224686.75946190106,225056.86136430103,1.6883404354169942,225051.86137930487,-0.25362335964419624
16,50,61,233943.7285716729,233563.71735263136,826.9792568274634,233947.72855723937,1.6883252140279879,0.27362536758708184,233942.7285716729,233562.71735263136,11,233992.05627987292,233611.75526739683,233996.05626544225,1.6883404354169942,233991.05627987292,-0.25348774081723174
16,51,61,242936.06475185408,242541.7434806661,858.6760113969544,242940.06473795485,1.6883252140279879,0.2685859046480978,242935.06475185408,242540.7434806661,11,242986.23690830384,242591.65336800704,242990.23689440734,1.6883404354169942,242985.23690830384,-0.2533598147941162
16,52,61,251980.52693589774,251571.81598330435,890.5555729838748,251984.52692249743,1.6883252140279879,0.2637781878678195,251979.52693589774,251570.81598330435,11,252032.5540847509,251623.6089820971,252036.5540713531,1.6883404354169942,252031.5540847509,-0.25323892781840035
16,53,61,261074.44068691297,260651.2645727186,922.6085430993143,261078.44067397938,1.6883252140279879,0.25918588333456255,261073.44068691297,260650.2645727186,11,261128.33282854452,260704.95125337757,261132.33281561348,1.6883404354169942,261127.33282854452,-0.25312449828281275
16,54,61,270215.29242846166,269777.5795663526,954.8260894738168,270219.2924159655,1.6883252140279879,0.2547941732596622,270214.29242846166,269776.5795663526,11,270271.05905235093,269833.16996948875,270275.05903985735,1.6883404354169942,270270.05905235093,-0.25301600793458734
16,55,61,279400.71737483627,278948.3998417746,987.1999035353558,279404.717362751,1.6883252140279879,0.2505895839655451,279399.71737483627,278947.3998417746,11,279458.3674898282,279005.9035045334,279462.3674777452,1.6883404354169942,279457.3674898282,-0.2529129926389752
16,56,61,288628.4885588329,288161.501879589,1019.7221613516066,288632.488547134,1.6883252140279879,0.2465598366868923,288627.4885588329,288160.501879589,11,288688.03072112135,288220.9278688952,288692.03070942475,1.6883404354169942,288687.03072112135,-0.2528150359617258
16,57,61,297896.5068395386,297414.78978626925,1052.3854890413334,297900.5068282035,1.6883252140279879,0.2426937177448096,297895.5068395386,297413.78978626925,11,297957.94917906134,297476.1467231687,297961.94916772854,1.6883404354169942,297956.94917906134,-0.2527217630382934
16,58,61,307202.79178706184,306706.28619316494,1085.1829300024483,307206.79177607014,1.6883252140279879,0.238980965243777,307201.79178706184,306705.28619316494,11,307266.1420314113,306769.5822787178,307270.14202042186,1.6883404354169942,307265.1420314113,-0.25263283528709485
16,59,61,316545.47335339815,316034.1239431934,1118.1079160157249,316549.4733427311,1.6883252140279879,0.2354121699004162,316544.47335339815,316033.1239431934,11,316610.7388505246,316099.36698081024,316614.7388398595,1.6883404354169942,316609.7388505246,-0.25254794646313405
16,60,61,325922.7842495983,325396.53847523796,1151.1542401496874,325926.7842392379,1.6883252140279879,0.2319786879956335,325921.7842495983,325395.53847523796,11,325989.97198861843,325463.7358942453,325993.97197826026,1.6883404354169942,325988.97198861843,-0.2524668184524882
17,21,61,36240.099813309505,36176.809107631,136.63987712384352,36244.09972014408,1.6883252140279879,0.8421197881981538,36239.099813309505,36175.809107631,11,36248.297242265406,36176.809107631,36252.29714912028,1.6883404354169942,36247.297242265406,-0.2766874378956849
17,22,61,45370.99676726011,45293.07570133384,170.35726941460328,45374.99669284256,1.6883252140279879,0.7864398745432167,45369.99676726011,45292.07570133384,11,45381.15707731225,45294.44826117717,45385.15700291074,1.6883404354169942,45380.15707731225,-0.27141817614345826
17,23,61,55513.711651596765,55416.72588537912,207.384184417496,55517.7115907748,1.6883252140279879,0.7345618040313637,55512.711651596765,55415.72588537912,11,55526.008687728034,55423.2962018844,55530.00862691905,1.6883404354169942,55525.008687728034,-0.2663306278545761
17,24,61,66584.76358651253,66466.74458756768,247.4769121439762,66588.76353580285,1.6883252140279879,0.687441363812946,66583.76358651253,66465.74458756768,11,66599.35883830568,66479.87612933738,66603.35878760669,1.6883404354169942,66598.35883830568,-0.26169479873263757
17,25,61,78502.66713543299,78366.1549309591,290.4084910321304,78506.66709242138,1.6883252140279879,0.6452185250543407,78501.66713543299,78365.1549309591,11,78519.71148316718,78382.68260515331,78523.71144016458,1.6883404354169942,78518.71148316718,-0.2576173680760738
17,26,61,91192.1318813815,91036.95360969828,335.9674076691521,91196.13184435476,1.6883252140279879,0.6076105369105886,91191.1318813815,91035.95360969828,11,91211.76652402878,91056.40700080903,91215.76648700972,1.6883404354169942,91210.76652402878,-0.25410464943343175
17,27,61,104585.59071969832,104410.92392670382,383.9566428686162,104589.59068741312,1.6883252140279879,0.574157383645359,104584.59071969832,104409.92392670382,11,104607.94764681128,104433.47745026693,104611.94761453276,1.6883404354169942,104606.94764681128,-0.2511101951942612
17,28,61,118623.2127910997,118428.26272557874,434.1934017514757,118627.21276263495,1.6883252140279879,0.5443564749248503,118622.2127910997,118427.26272557874,11,118648.4151143623,118454.07363278214,118652.41508590338,1.6883404354169942,118647.4151143623,-0.2485662162253076
17,29,61,133252.21727827715,133036.2264112418,486.50908079105875,133256.2172529373,1.6883252140279879,0.5177281239519417,133251.21727827715,133035.2264112418,11,133280.37958930896,133065.43758410742,133284.37956397422,1.6883404354169942,133279.37958930896,-0.24640174932565959
17,30,61,148425.9650088985,148188.2187312338,540.7490736656744,148429.9649861491,1.6883252140279879,0.4938423358039188,148424.9650088985,148187.2187312338,11,148457.19382696573,148220.9609373456,148461.19380422094,1.6883404354169942,148456.19382696573,-0.24455163843259647
17,31,61,164103.0633328882,163842.89219525372,596.7722668659305,164107.06331231206,1.6883252140279879,0.4723257927618589,164102.0633328882,163841.89219525372,11,164137.4576214027,163879.28584795777,164141.45760083068,1.6883404354169942,164136.4576214027,-0.24295996130600855
17,32,61,180246.57757439135,179963.35700770933,654.4502429561843,180250.57755565803,1.6883252140279879,0.45285963425293463,180245.57757439135,179962.35700770933,11,180284.22929951476,180003.51353126936,180288.22928078522,1.6883404354169942,180283.22929951476,-0.24158047915947314
17,33,61,196823.37039813615,196516.51884729805,713.6662937829412,196827.37038098052,1.6883252140279879,0.43517357481828534,196822.37039813615,196515.51884729805,11,196864.36509249665,196560.54174645594,196868.36507534448,1.6883404354169942,196863.36509249665,-0.2403757290222751
17,34,61,213803.5596414464,213472.53587114572,774.314347397618,213807.5596256532,1.6883252140279879,0.4190390753539375,213802.5596414464,213471.53587114572,11,213847.97694632047,213520.52157862266,213851.97693053048,1.6883404354169942,213846.97694632047,-0.23931565106597877
17,35,61,231160.07537901594,230804.3754518227,836.2978988587796,231164.0753644086,1.6883252140279879,0.4042627901567377,231159.07537901594,230803.3754518227,11,231207.98955497972,230856.41402777008,231211.9895403753,1.6883404354169942,231206.98955497972,-0.2383761910237374
17,36,61,248868.29649765327,248487.45071436654,899.5289946430554,248872.29648408532,1.6883252140279879,0.3906807618640827,248867.29649765327,248486.45071436654,11,248919.7768905023,248543.6264401505,248923.77687693702,1.6883404354169942,248918.7768905023,-0.2375380659773211
17,37,61,266905.7499061226,266499.3199023673,963.9273072931753,266909.74989347154,1.6883252140279879,0.3781534795961664,266904.7499061226,266498.3199023673,11,266960.8613671854,266559.7117727769,266964.8613545369,1.6883404354169942,266959.8613671854,-0.2367857461099893
17,38,61,285251.8590044409,284819.43506886106,1029.4193032052333,285255.85899260355,1.6883252140279879,0.36656175864634927,285250.8590044409,284818.43506886106,11,285310.6622719135,284884.1172395128,285314.66226007836,1.6883404354169942,285309.6622719135,-0.2361066436909064
17,39,61,303887.73114414135,303428.9297802497,1095.9375109778323,303891.73113302997,1.6883252140279879,0.3558033416440955,303886.73114414135,303427.9297802497,11,303950.28318549384,303497.97195508913,303954.28317438456,1.6883404354169942,303949.28318549384,-0.23549047910836104
17,40,61,322795.9763086853,322310.43805044837,1163.4198779985343,322799.97629822465,1.6883252140279879,0.345790108242193,322794.9763086853,322309.43805044837,11,322862.3306199159,322383.9058190585,322866.33060945733,1.6883404354169942,322861.3306199159,-0.2349287929638645
17,41,61,341960.55109441443,341447.93853443617,1231.8092065792378,341964.55108454,1.6883252140279879,0.336445787174,341959.55109441443,341446.93853443617,11,342030.75797767844,341525.89368571196,342034.757967806,1.6883404354169942,342029.75797767844,-0.23441456943458444
17,42,61,361366.62346696237,360826.61949879,1301.0526650191111,361370.6234576183,1.6883252140279879,0.32770407840236976,361365.62346696237,360825.61949879,11,361440.73027499084,360909.1203103934,361444.73026564857,1.6883404354169942,361439.73027499084,-0.2339419459185299
17,43,61,381000.45477335784,380432.7610187786,1371.101355677758,381004.4547644953,1.6883252140279879,0.3195071082755277,380999.45477335784,380431.7610187786,11,381078.5061311775,380519.8624977296,381082.50612231664,1.6883404354169942,381077.5061311775,-0.23350598662351016
17,44,61,400849.29623169353,400253.63162346225,1441.9099378620258,400853.2962232697,1.6883252140279879,0.31180415459806476,400848.29623169353,400252.63162346225,11,400931.33423624246,400345.38574187143,400935.33422782045,1.6883404354169942,400930.33423624246,-0.2331025092347635
17,45,61,420901.29768744414,420277.39719069167,1513.4362942161024,420905.29767942167,1.6883252140279879,0.30455059053765676,420900.29768744414,420276.39719069167,11,420987.362087675,420373.85309533234,420991.36207965424,1.6883404354169942,420986.362087675,-0.2327279457042534
17,46,61,441145.4268352835,440493.040291238,1585.6412387555308,441149.42682762916,1.6883252140279879,0.29770700636287273,441144.4268352835,440492.040291238,11,441235.5551979892,440594.2444914384,441239.55519033637,1.6883404354169942,441234.5551979892,-0.23237923457375267
17,47,61,461571.3974367783,460890.28852106596,1658.4882536549874,461575.3974294629,1.6883252140279879,0.29123847606291214,461570.3974367783,460889.28852106596,11,461665.6252968441,460996.2850746327,461669.6252895299,1.6883404354169942,461664.6252968441,-0.23205373294495532
17,48,61,482169.60531314934,481459.5505784493,1731.9432588956154,482173.6053061463,1.6883252140279879,0.2851139423819911,482168.60531314934,481458.5505784493,11,482267.9663077226,481570.38124531886,482271.9663007209,1.6883404354169942,482266.9663077226,-0.23174914881196887
17,49,61,502931.0710935898,502191.85910769773,1805.9744050494342,502935.0710868758,1.6883252140279879,0.27930569903992836,502930.0710935898,502190.85910769773,11,503033.5970863935,502307.563497413,503037.5970796808,1.6883404354169942,503032.5970863935,-0.23146348311316092
17,50,61,523847.38886023854,523078.81941349985,1880.551888821251,523851.3888537926,1.6883252140279879,0.27378895298152656,523846.38886023854,523077.81941349985,11,523954.1100575411,523199.43512083794,523958.11005109636,1.6883404354169942,523953.1100575411,-0.23119498575787054
17,51,61,544910.6799629115,544112.5633539978,1955.6477863922057,544914.6799567149,1.6883252140279879,0.26854145281891756,544909.6799629115,544111.5633539978,11,545021.6250189428,544238.1260796961,545025.6250127471,1.6883404354169942,545020.6250189428,-0.23094211683411942
17,52,61,566113.5513757693,565285.7077349977,2031.2359025433689,566117.5513698045,1.6883252140279879,0.26354317225929663,566112.5513757693,565284.7077349977,11,566228.7474888089,565416.2514136871,566232.7474828454,1.6883404354169942,566227.7474888089,-0.23070351683979054
17,53,61,587449.0580689299,586591.316760105,2107.291636748064,587453.0580631819,1.6883252140279879,0.2587760393373598,587448.0580689299,586590.316760105,11,587568.5310700774,586726.8736451004,587572.5310643306,1.6883404354169942,587567.5310700774,-0.2304779795185055
17,54,61,608910.6689308031,608022.8679714381,2183.791860648145,608914.6689252574,1.6883252140279879,0.2542237039799178,608909.6689308031,608021.8679714381,11,609034.443366436,608163.4687598264,609038.4433608917,1.6883404354169942,609033.443366436,-0.23026443302991523
17,55,61,630492.2358470258,629574.2214016553,2260.7148078628725,630496.2358416702,1.6883252140279879,0.24987133782108942,630491.2358470258,629573.2214016553,11,630620.3350542375,629719.8952981638,630624.3350488829,1.6883404354169942,630619.3350542375,-0.23006191972173567
17,56,61,652187.9655850048,651239.5914853632,2338.039971371946,652191.9655798273,1.6883252140279879,0.24570546114911782,652186.9655850048,651238.5914853632,11,652320.4117612514,651390.366310287,652324.411756075,1.6883404354169942,652319.4117612514,-0.22986958243956065
17,57,61,673992.3941846119,673013.5214811744,2415.748015600734,673996.394179602,1.6883252140279879,0.24171379286607883,673991.3941846119,673012.5214811744,11,674129.2084547558,673169.4237346704,674133.2084497468,1.6883404354169942,674128.2084547558,-0.22968665134474076
17,58,61,695900.3635918582,694890.8601370428,2493.8206895576477,695904.3635870061,1.6883252140279879,0.23788511997320827,695899.3635918582,694889.8601370428,11,696041.5660671315,695051.9150769939,696045.5660622801,1.6883404354169942,696040.5660671315,-0.2295124324956505
17,59,61,717907.0003029422,716866.7403786441,2572.240752938458,717911.0002982389,1.6883252140279879,0.23420918369130728,717906.0003029422,716865.7403786441,11,718052.6101383915,717032.9720834481,718056.610133689,1.6883404354169942,718051.6101383915,-0.229346299584923
17,60,61,740007.6958145741,738936.5597601348,2650.991905323964,740011.6958100111,1.6883252140279879,0.2306765798285917,740006.6958145741,738935.5597601348,11,740157.731260753,739107.9912025108,740161.7312561908,1.6883404354169942,740156.731260753,-0.22918768482642826
18,22,61,82704.34299701813,82562.73711700995,312.0475994401213,82708.34295619157,1.6883252140279879,0.8390901589293628,82703.34299701813,82561.73711700995,11,82722.48633853867,82581.13032722147,82726.48629772072,1.6883404354169942,82721.48633853867,-0.2503445921701252
18,23,61,103788.13478101666,103622.4085610851,386.8916217762939,103792.13474848341,1.6883252140279879,0.7826247435758359,103787.13478101666,103621.4085610851,11,103810.31792417035,103646.3750425136,103814.3178916438,1.6883404354169942,103809.31792417035,-0.23937834022862017
18,24,61,127256.10644427169,127066.02134259057,469.19796200368916,127260.10641773787,1.6883252140279879,0.7301425439234127,127255.10644427169,127065.02134259057,11,127282.6518664918,127096.34001857323,127286.65183996334,1.6883404354169942,127281.6518664918,-0.2293426336117571
18,25,61,152919.19943998428,152704.35607790956,558.5167119143598,152923.19941790332,1.6883252140279879,0.682577545623121,152918.19943998428,152703.35607790956,11,152950.41310979315,152741.73158302667,152954.41308771653,1.6883404354169942,152949.41310979315,-0.22048102850897963
18,26,61,180591.81803114607,180343.75897572713,654.3942670462375,180595.81801244855,1.6883252140279879,0.6400380943147618,180590.81803114607,180342.75897572713,11,180627.99223059157,180396.68328741525,180631.9922118976,1.6883404354169942,180626.99223059157,-0.21283597386369615
18,27,61,210101.80618546647,209805.7314073355,756.3812811020446,210105.8061693951,1.6883252140279879,0.6022109798759593,210100.80618546647,209804.7314073355,11,210143.2197422725,209888.80832513334,210147.21972620414,1.6883404354169942,210142.2197422725,-0.20632833109086363
18,28,61,241294.16986990295,240947.0245392413,864.0423511572639,241298.16985590913,1.6883252140279879,0.5686109735432788,241293.16986990295,240946.0245392413,11,241341.08733905814,241062.9500870494,241345.08732506688,1.6883404354169942,241340.08733905814,-0.20082119814503563
18,29,61,274031.2419320345,273630.280444599,976.9643619761905,274035.2419197124,1.6883252140279879,0.5387160942799446,274030.2419320345,273629.280444599,11,274083.91274258593,273781.34583363595,274087.9127302661,1.6883404354169942,274082.91274258593,-0.196162151383997
18,30,61,308191.1989766126,307733.9287133416,1094.7619346091135,308195.19896565634,1.6883252140279879,0.5120322932303302,308190.1989766126,307732.9287133416,11,308249.85706157476,307922.1293775074,308253.8570506204,1.6883404354169942,308248.85706157476,-0.19220665539207976
18,31,61,343666.0461561936,343150.18364785163,1217.0799294188043,343670.04614636814,1.6883252140279879,0.4881191268211086,343665.0461561936,343149.18364785163,11,343730.91009301273,343377.2992006641,343734.9100831892,1.6883404354169942,343729.91009301273,-0.18882843726084472
18,32,61,380359.6203197151,379783.0582246596,1343.593632205897,380363.62031083764,1.6883252140279879,0.46659572263869925,380358.6203197151,379782.0582246596,11,380430.8939125846,380050.7074215063,380434.89390370867,1.6883404354169942,380429.8939125846,-0.18592215145688382
18,33,61,418185.8294829544,417546.61193027854,1474.0074377181786,418189.82947487984,1.6883252140279879,0.44713775254513494,418184.8294829544,417545.61193027854,11,418263.7026162896,417856.28890033375,418267.7026082165,1.6883404354169942,418262.7026162896,-0.1834021810008797
18,34,61,457067.17881224566,456364.7791793601,1608.052694357416,457071.17880485806,1.6883252140279879,0.42947095323040924,457066.17881224566,456363.7791793601,11,457151.8284291664,456716.5805007259,457155.8284217801,1.6883404354169942,457150.8284291664,-0.18119988758546246
18,35,61,496933.5619010776,496177.3093672454,1745.4852235623691,496937.5618942826,1.6883252140279879,0.4133638694158452,496932.5619010776,496176.3093672454,11,497025.15303416416,496561.50842452864,497029.1530273704,1.6883404354169942,497024.15303416416,-0.17926054087443777
18,36,61,537721.273620621,536910.0291346698,1886.0827888373287,537725.2736143414,1.6883252140279879,0.3986209988403266,537720.273620621,536909.0291346698,11,537819.960380486,537327.3988772522,537823.9603742074,1.6883404354169942,537818.960380486,-0.17754049868390448
18,37,61,579372.1998730348,578504.9010265535,2029.6427228718242,579376.1998672067,1.6883252140279879,0.3850767750807731,579371.1998730348,578503.9010265535,11,579478.1263648949,578956.1667921201,579482.1263590677,1.6883404354169942,579477.1263648949,-0.1760048365403388
18,38,61,621833.146257878,620908.8006806629,2175.9797534333056,621837.1462524482,1.6883252140279879,0.3725904762896535,621832.146257878,620907.8006806629,11,621946.4474386461,621394.6442606513,621950.4474332167,1.6883404354169942,621945.4474386461,-0.17462544140992617
18,39,61,665055.2756459967,664072.9549427436,2324.9240891715654,665059.2756409196,1.6883252140279879,0.3610419993022224,665054.2756459967,664071.9549427436,11,665176.078102205,664594.0180534536,665180.0780971285,1.6883404354169942,665175.078102205,-0.1733795175380075
18,40,61,708993.6318757717,707952.4662272242,2476.31973147596,708997.631871009,1.6883252140279879,0.35032838528823984,708992.6318757717,707951.4662272242,11,709122.0544819961,708509.3535033428,709126.0544772344,1.6883404354169942,709121.0544819961,-0.17224843745456273
18,41,61,753606.7323010633,752505.9055093603,2630.0229977068907,753610.7322965824,1.6883252140279879,0.3403609750901852,753605.7323010633,752504.9055093603,11,753742.8868600562,753099.1872801498,753746.8868555763,1.6883404354169942,753741.8868600562,-0.17121685741064552
18,42,61,798856.2162036621,797694.9612680826,2785.9012546927847,798860.2161994353,1.6883252140279879,0.33106308167759735,798855.2162036621,797693.9612680826,11,799000.207993143,798325.1761383737,799004.2079889168,1.6883404354169942,798999.207993143,-0.1702720394891755
18,43,61,844706.5391226206,843484.1343510504,2943.831798164717,844710.5391186232,1.6883252140279879,0.32236808317348703,844705.5391226206,843483.1343510504,11,844858.4673948088,844151.7913778096,844862.4673908121,1.6883404354169942,844857.4673948088,-0.1694033250056814
18,44,61,891124.7053673815,889840.4708366543,3103.700882334572,891128.7053635922,1.6883252140279879,0.3142178563439744,891123.7053673815,889839.4708366543,11,891284.6637953032,890546.0516417399,891288.6637915146,1.6883404354169942,891283.6637953032,-0.16860173505912587
18,45,61,938080.032681093,936733.3271178161,3265.402863360288,938084.0326774935,1.6883252140279879,0.30656148540092815,938079.032681093,936732.3271178161,11,938248.1097578701,937477.2877224305,938252.1097542711,1.6883404354169942,938247.1097578701,-0.16785965072107772
18,46,61,985543.944176369,984134.1620952066,3428.839458855482,985547.9441729431,1.6883252140279879,0.2993541936018088,985542.944176369,984133.1620952066,11,985720.223589325,984916.9346290625,985724.2235858995,1.6883404354169942,985719.223589325,-0.16717056835330715
18,47,61,1033489.7836265547,1032016.3528167289,3593.9190742843202,1033493.7836232873,1.6883252140279879,0.29255645560004506,1033488.7836265547,1032015.3528167289,11,1033674.344593193,1032838.3471251461,1033678.3445899264,1.6883404354169942,1033673.344593193,-0.16652889954506014
18,48,61,1081892.6508781111,1080355.03005209,3760.556220032899,1081896.65087499,1.6883252140279879,0.286133256787344,1081891.6508781111,1080354.03005209,11,1082085.5684359504,1081216.6350954028,1082089.56843283,1.6883404354169942,1082084.5684359504,-0.16592981985822447
18,49,61,1130729.2547052903,1129126.9313982686,3928.670990891186,1130733.254702304,1.6883252140279879,0.2800534727026559,1130728.2547052903,1129125.9313982686,11,1130930.599985197,1130028.5165951815,1130934.599982211,1.6883404354169942,1130929.599985197,-0.1653691385274893
18,50,61,1179977.7808627249,1178310.2695083716,4098.188600278448,1179981.7808598632,1.6883252140279879,0.27428934688367307,1179976.7808627249,1178309.2695083716,11,1180187.6213504344,1179252.1859544755,1180191.6213475731,1.6883404354169942,1180186.6213504344,-0.16484320152842818
18,51,61,1229617.7734502456,1227884.613639632,4269.038963174206,1229621.7734474994,1.6883252140279879,0.2688160496386897,1229616.7734502456,1227883.613639632,11,1229836.1732202633,1228867.1952543342,1229840.1732175176,1.6883404354169942,1229835.1732202633,-0.16434880520172815
18,52,61,1279630.027944403,1277830.7828488052,4441.156311404094,1279634.0279417636,1.6883252140279879,0.2636113037804686,1279629.027944403,1277829.7828488052,11,1279857.0478700807,1278854.347390522,1279861.0478674425,1.6883404354169942,1279856.0478700807,-0.16388313118286796
18,53,61,1329996.494553417,1328130.7494043869,4614.47886322618,1330000.494550878,1.6883252140279879,0.258655065852007,1329995.494553417,1328129.7494043869,11,1330232.192501569,1329195.5994295531,1330236.1924990301,1.6883404354169942,1330231.192501569,-0.16344368644386373
18,54,61,1380700.1906848396,1378767.5514236265,4788.948512820255,1380704.1906823935,1.6883252140279879,0.25392925368023983,1380699.1906848396,1378766.5514236265,11,1380944.6216981586,1379873.9752259762,1380948.6216957134,1.6883404354169942,1380943.6216981586,-0.1630282632812646
18,55,61,1431725.1215228469,1429725.2135997042,4964.510558510341,1431729.1215204888,1.6883252140279879,0.24941751248889832,1431724.1215228469,1429724.2135997042,11,1431978.337983996,1430873.48590516,1431982.3379816378,1.6883404354169942,1431977.337983996,-0.1626348945305732
18,56,61,1483056.2077971783,1480988.674994392,5141.113438532379,1483060.2077949012,1.6883252140279879,0.24510501365107007,1483055.2077971783,1480987.674994392,11,1483318.2595795596,1482179.0578822724,1483322.2595772827,1.6883404354169942,1483317.2595795596,-0.16226182444675896
18,57,61,1534679.2199812052,1532543.723323811,5318.708522762727,1534683.2199790052,1.6883252140279879,0.24097828070133454,1534678.2199812052,1532542.723323811,11,1534950.1546024568,1533776.4668587584,1534954.1546002573,1.6883404354169942,1534949.1546024568,-0.16190748045555928
18,58,61,1586580.718246108,1584376.9350754328,5497.249887047632,1586584.7182439792,1.6883252140279879,0.23702503859205445,1586579.718246108,1584375.9350754328,11,1586860.5809922167,1585652.2779079736,1586864.5809900889,1.6883404354169942,1586859.5809922167,-0.16157044815453125
18,59,61,1638747.997571735,1636475.6205753991,5676.6941321141885,1638751.9975696742,1.6883252140279879,0.23323408255792094,1638746.997571735,1636474.6205753991,11,1639036.8316271426,1637793.7906391367,1639040.8316250825,1.6883404354169942,1639035.8316271426,-0.16124945438162275
18,60,61,1691169.0374905097,1688827.7738948052,5857.000207000306,1691173.037488513,1.6883252140279879,0.22959516376142455,1691168.0374905097,1688826.7738948052,11,1691466.8840492032,1690188.9889038014,1691470.8840472067,1.6883404354169942,1691465.8840492032,-0.16094334715712713
19,23,61,190595.79363410128,190298.74024476786,684.0153704109733,190599.79361638514,1.6883252140279879,0.8359473745487694,190594.79363410128,190297.74024476786,11,190631.68170279535,190449.16636868723,190635.68168508244,1.6883404354169942,190630.68170279535,-0.17949686045460053
19,24,61,239752.99021549712,239419.2347478483,846.6443798242324,239756.99020141337,1.6883252140279879,0.7786664725055267,239751.99021549712,239418.2347478483,11,239795.7639674322,239617.83463080117,239799.76395335078,1.6883404354169942,239794.7639674322,-0.15758696753255874
19,25,61,294577.0303829485,294209.11957373196,1027.1786261759937,294581.03037148586,1.6883252140279879,0.7255625386104086,294576.0303829485,294208.11957373196,11,294627.0664404423,294462.8456885753,294631.0664289815,1.6883404354169942,294626.0664404423,-0.13800294141510505
19,26,61,354634.59551353374,354234.31543886726,1224.8040028249168,354638.59550401213,1.6883252140279879,0.6775463504839951,354633.59551353374,354233.31543886726,11,354692.275640416,354549.4600871848,354696.27563089604,1.6883404354169942,354691.275640416,-0.12104226516317738
19,27,61,419498.13345190504,419021.3682231059,1438.5033009560862,419502.13344385574,1.6883252140279879,0.6346919117268517,419497.13345190504,419020.3682231059,11,419563.84824967146,419448.6697649644,419567.84824162343,1.6883404354169942,419562.84824967146,-0.1066463018381535
19,28,61,488769.7785954508,488181.8290507259,1667.1677141789428,488773.77858854225,1.6883252140279879,0.5966528399901103,488768.7785954508,488180.8290507259,11,488843.92227034806,488761.3566800006,488847.9222634405,1.6883404354169942,488842.92227034806,-0.09455742637973322
19,29,61,562090.4205973388,561383.506808554,1909.6876894035793,562094.4205913314,1.6883252140279879,0.5629165025671214,562089.4205973388,561382.506808554,11,562173.38272094,562127.4389111911,562177.3827149336,1.6883404354169942,562172.38272094,-0.08444101636238527
19,30,61,639140.3214779152,638307.5070981645,2165.0094768037566,639144.321472632,1.6883252140279879,0.5329399441066988,639139.3214779152,638306.5070981645,11,639232.479638585,639226.4708538465,639236.4796333025,1.6883404354169942,639231.479638585,-0.07596040787386783
19,31,61,719635.8174596038,718670.8315524275,2432.1621648748064,719639.8174549119,1.6883252140279879,0.5062136878818563,719634.8174596038,718669.8315524275,11,719737.5319938593,719774.2898914287,719741.5319891679,1.6883404354169942,719736.5319938593,-0.0688139169143639
19,32,61,803324.7520684485,802221.8552806966,2710.265267848138,803328.7520642452,1.6883252140279879,0.48228616328008844,803323.7520684485,802220.8552806966,11,803436.3631813421,803518.3897187948,803440.3631771393,1.6883404354169942,803435.3631813421,-0.06274760466669038
19,33,61,889981.9407094362,888735.8288218918,2998.525763891598,889985.9407056423,1.6883252140279879,0.46076853444347277,889980.9407094362,888734.8288218918,11,890103.7674373355,890233.3348129209,890107.7674335417,1.6883404354169942,890102.7674373355,-0.05755515721840547
19,34,61,979405.1778919505,978010.9141234594,3296.230393378937,979409.1778885027,1.6883252140279879,0.44133077619718236,979404.1778919505,978009.9141234594,11,979537.5182723966,979716.7314454856,979541.5182689495,1.6883404354169942,979536.5182723966,-0.053072141556266696
19,35,61,1071411.902484386,1069864.8689076188,3602.736659045165,1071415.9024812344,1.6883252140279879,0.4236945330453408,1071410.902484386,1069863.8689076188,11,1071555.034566345,1071785.8691311597,1071559.034563194,1.6883404354169942,1071554.034566345,-0.049168649808584576
19,36,61,1165836.4694482437,1164132.3313930666,3917.4639614873195,1165840.4694453473,1.6883252140279879,0.4076253912038745,1165835.4694482437,1164131.3313930666,11,1165990.6526035015,1166274.9771489515,1165994.6526006057,1.6883404354169942,1165989.6526035015,-0.045742248940959435
19,37,61,1262527.9252365045,1260662.6038495915,4239.885721046839,1262531.9252338298,1.6883252140279879,0.39292569307300595,1262526.9252365045,1260661.6038495915,11,1262693.4015537088,1263032.990894883,1262697.4015510345,1.6883404354169942,1262692.4015537088,-0.04271197027751291
19,38,61,1361348.1831330655,1359345.290577017,4569.522507821585,1361352.1831305851,1.6883252140279879,0.37942828952517565,1361347.1831330655,1359344.290577017,11,1361525.1789018644,1361921.7227409456,1361529.1788993846,1.6883404354169942,1361524.1789018644,-0.04001345894088797
19,39,61,1462170.5107367327,1460036.891075111,4905.936261832228,1462174.5107344235,1.6883252140279879,0.3669912879260546,1462169.5107367327,1460035.891075111,11,1462359.2378599467,1462814.346411063,1462363.2378576377,1.6883404354169942,1462358.2378599467,-0.037595188900486604
19,40,61,1564878.2614680263,1562611.7351321136,5248.72535676382,1564882.2614658682,1.6883252140279879,0.3554937132027074,1564877.2614680263,1562610.7351321136,11,1565078.9185315853,1565594.1270632334,1565082.9185294276,1.6883404354169942,1565077.9185315853,-0.035415572245188494
19,41,61,1669363.7981283735,1666962.3198252358,5597.520414594926,1669367.7981263506,1.6883252140279879,0.3448319537557411,1669362.7981283735,1666961.3198252358,11,1669576.5716387853,1670153.3439858304,1669580.5716367627,1.6883404354169942,1669575.5716387853,-0.03344075385876656
19,42,61,1775527.569999749,1772989.2174542602,5951.980810756826,1775531.5699978473,1.6883252140279879,0.3349168597672581,1775526.569999749,1772988.2174542602,11,1775752.635343431,1776392.3677283842,1775756.6353415295,1.6883404354169942,1775751.635343431,-0.031642942494729875
19,43,61,1883277.3144158258,1880600.2784987525,6311.791634278382,1883281.3144140327,1.6883252140279879,0.32567137453799094,1883276.3144158258,1880599.2784987525,11,1883514.8367622977,1884218.8608322502,1883518.8367605046,1.6883404354169942,1883513.8367622977,-0.029999125864413303
19,44,61,1992527.360573889,1989709.936077305,6676.661080979868,1992531.3605721942,1.6883252140279879,0.3170285976772305,1992526.360573889,1989708.936077305,11,1992777.4956641414,1993547.0818600247,1992781.4956624468,1.6883404354169942,1992776.4956641414,-0.02849011003763518
19,45,61,2103198.018714809,2100238.5969689223,7046.318186797772,2103202.0187132037,1.6883252140279879,0.30893019647156683,2103197.018714809,2100237.5969689223,11,2103460.913547351,2104297.2741806936,2103464.9135457454,1.6883404354169942,2103459.913547351,-0.027099756840536608
19,46,61,2215215.0411167745,2212112.102508984,7420.510891975022,2215219.0411152504,1.6883252140279879,0.3013250984586548,2215214.0411167745,2212111.102508984,11,2215490.834633723,2216395.1266598958,2215494.834632199,1.6883404354169942,2215489.834633723,-0.025814410095548083
19,47,61,2328509.1442834656,2325261.251744946,7799.00428776852,2328513.1442820155,1.6883252140279879,0.2941684106844505,2328508.1442834656,2325260.251744946,11,2328797.9679693165,2329771.2963077687,2328801.967967866,1.6883404354169942,2328796.9679693165,-0.024622427671327645
19,48,61,2443015.5836110725,2439621.37658818,8181.579071516285,2443019.5836096895,1.6883252140279879,0.2874205228733319,2443014.5836110725,2439620.37658818,11,2443317.561945142,2444360.981885127,2443321.5619437606,1.6883404354169942,2443316.561945142,-0.02351383546233156
19,49,61,2558673.773403815,2555131.9630783102,8568.03024852277,2558677.773402496,1.6883252140279879,0.28104635969214564,2558672.773403815,2555130.9630783102,11,2558989.0243186634,2560103.5442911424,2558993.024317344,1.6883404354169942,2558988.0243186634,-0.022480029111320705
19,50,61,2675426.94630805,2671736.3105384195,8958.165897305369,2675430.9463067865,1.6883252140279879,0.27501475480516535,2675425.94630805,2671735.3105384195,11,2675755.581671767,2676942.1656480688,2675759.5816705045,1.6883404354169942,2675754.581671767,-0.02151355697490196
19,51,61,2793221.847243857,2789381.2261240063,9351.806135691566,2793225.8472426473,1.6883252140279879,0.26929792446442563,2793220.847243857,2789380.2261240063,11,2793563.9732670803,2794823.543289813,2793567.973265872,1.6883404354169942,2793562.9732670803,-0.020607925684183636
19,52,61,2912008.457432218,2908016.7494361927,9748.782084502269,2912012.457431059,1.6883252140279879,0.26387102311560195,2912007.457432218,2908015.7494361927,11,2912364.175014064,2913697.6134588774,2912368.1750129047,1.6883404354169942,2912363.175014064,-0.01975745621338966
19,53,61,3031739.7451286074,3027595.9034494665,10148.935063703384,3031743.7451274926,1.6883252140279879,0.25871176660700035,3031738.7451286074,3027594.9034494665,11,3032109.150180519,3033517.301584614,3032113.1501794057,1.6883404354169942,3032108.150180519,-0.018957151277137915
19,54,61,3152371.4398453766,3148074.4690623526,10552.115757211552,3152375.439844306,1.6883252140279879,0.2538001114354599,3152370.4398453766,3148073.4690623526,11,3152754.6236057687,3154221.7361536333,3152758.623604698,1.6883404354169942,3152753.6236057687,-0.018202610252734692
19,55,61,3273861.8275326076,3269410.7804932063,10958.18355832045,3273865.8275315757,1.6883252140279879,0.24911798068714483,3273860.8275326076,3269409.7804932063,11,3274258.876831393,3275766.078977596,3274262.876830362,1.6883404354169942,3274257.876831393,-0.017489930104318912
19,56,61,3396171.564256836,3391565.539221347,11367.005845077412,3396175.5642558415,1.6883252140279879,0.24464902902206015,3396170.564256836,3391564.539221347,11,3396582.561754081,3398129.9276744593,3396586.5617530867,1.6883404354169942,3396581.561754081,-0.01681564328634923
19,57,61,3519263.5064475276,3514501.644471931,11778.457507031204,3519267.5064465688,1.6883252140279879,0.24037844030700403,3519262.5064475276,3514500.644471931,11,3519688.5309318495,3521276.1286796345,3519692.5309308902,1.6883404354169942,3519687.5309318495,-0.016176658586450024
19,58,61,3643102.55599032,3638184.038822454,12192.420343310183,3643106.555989393,1.6883252140279879,0.236292753043026,3643101.55599032,3638183.038822454,11,3643541.6825513784,3645169.5745670334,3643545.682550452,1.6883404354169942,3643540.6825513784,-0.015570205946406672
19,59,61,3767655.5186062925,3762579.5657736086,12608.782583000015,3767659.5186053957,1.6883252140279879,0.23237970881353034,3767654.5186062925,3762578.5657736086,11,3768108.8188790153,3769777.0623559617,3768112.818878119,1.6883404354169942,3768107.8188790153,-0.014993802793138866
19,60,61,3892890.974167889,3887656.8411757387,13027.43846732254,3892894.974167022,1.6883252140279879,0.22862812078703132,3892889.974167889,3887655.8411757387,11,3893358.5165024023,3895067.1637567226,3893362.516501535,1.6883404354169942,3893357.5165024023,-0.014445210215977096
20,24,61,443842.1769549361,443209.7597474214,1512.8706652069823,443846.17694732826,1.6883252140279879,0.8325678103992178,443841.1769549361,443208.7597474214,11,443898.2838598646,444083.5157280509,443902.28385225777,1.6883404354169942,443897.2838598646,-0.02533343024787512
20,25,61,559681.3485682001,558993.5730661427,1906.6729511167816,559685.3485621668,1.6883252140279879,0.7744116270126381,559680.3485682001,558992.5730661427,11,559743.5123426667,559881.5690956484,559747.5123366342,1.6883404354169942,559742.5123426667,0.0138372690609745
20,26,61,689126.0662148314,688379.2941220304,2357.5485639492385,689130.0662099315,1.6883252140279879,0.7206473426389315,689125.0662148314,688378.2941220304,11,689193.6823638647,689200.9934892135,689197.6823589653,1.6883404354169942,689192.6823638647,0.04659329548128608
20,27,61,831169.5960779717,830131.0819550124,2862.5298011411724,831173.596073909,1.6883252140279879,0.6721597582098469,831168.5960779717,830130.0819550124,11,831242.2224724089,831088.6813878511,831246.2224683467,1.6883404354169942,831241.2224724089,0.07324215469995218
20,28,61,984814.1654047082,983683.7393799092,3417.4751948073667,984818.1654012797,1.6883252140279879,0.6289840465060459,984813.1654047082,983682.7393799092,11,984891.524713957,984551.7429311601,984895.5247105286,1.6883404354169942,984890.524713957,0.09463655530999351
20,29,61,1149128.9847512322,1147905.717372079,4017.9739643867497,1149132.9847482936,1.6883252140279879,0.5907363275771407,1149127.9847512322,1147904.717372079,11,1149210.9339294096,1148663.5697871447,1149214.9339264713,1.6883404354169942,1149209.9339294096,0.11176197114892941
20,30,61,1323272.4240939936,1321954.4894165238,4659.8699491927455,1323276.4240914423,1.6883252140279879,0.5568731046185573,1323271.4240939936,1321953.4894165238,11,1323358.9152509542,1322585.8021928337,1323362.9152484024,1.6883404354169942,1323357.9152509542,0.1255253476782422
20,31,61,1506493.8206583818,1505078.888087212,5339.47526293333,1506497.8206561403,1.6883252140279879,0.5268279365926897,1506492.8206583818,1505077.888087212,11,1506584.8650156409,1505570.2090727186,1506588.8650133994,1.6883404354169942,1506583.8650156409,0.13667944754312247
20,32,61,1698125.8900341834,1696611.4178258986,6053.601107334701,1698129.890032195,1.6883252140279879,0.5000742026321539,1698124.8900341834,1696610.4178258986,11,1698221.5309218161,1696951.2798809682,1698225.5309198278,1.6883404354169942,1698220.5309218161,0.14581673524878386
20,33,61,1897574.1180092823,1895957.5458603906,6799.506133284418,1897578.1180075023,1.6883252140279879,0.4761480811397936,1897573.1180092823,1895956.5458603906,11,1897674.4127355732,1896135.8050163563,1897678.412733794,1.6883404354169942,1897673.4127355732,0.1533908635634219
20,34,61,2104306.243440148,2102585.1051653638,7574.820874250733,2104310.2434385433,1.6883252140279879,0.45465206298175714,2104305.243440148,2102584.1051653638,11,2104411.2520784433,2102592.512569598,2104415.2520768386,1.6883404354169942,2104410.2520784433,0.1597448613683362
20,35,61,2317843.037841123,2315842.959760339,8377.475999200984,2317847.037839667,1.6883252140279879,0.4352499943941136,2317842.037841123,2315841.959760339,11,2317952.8175881733,2315842.9635772714,2317956.8175867167,1.6883404354169942,2317951.8175881733,0.16513726324500105
20,36,61,2537750.6395634315,2535453.9387434456,9205.642679730845,2537754.6395621006,1.6883252140279879,0.41765917885628895,2537749.6395634315,2535452.9387434456,11,2537865.2419444,2535453.943316357,2537869.24194307,1.6883404354169942,2537864.2419444,0.16976345779121182
20,37,61,2763634.3075803714,2761031.2784396405,10057.686756399033,2763638.3075791495,1.6883252140279879,0.40164211264721267,2763633.3075803714,2761030.2784396405,11,2763753.77727506,2761031.28428687,2763757.7772738375,1.6883404354169942,2763752.77727506,0.17377206005699913
20,38,61,2995133.3446158892,2992214.7940636277,10932.134348596444,2995137.3446147614,1.6883252140279879,0.3869989253731881,2995132.3446158892,2992213.7940636277,11,2995257.7198358197,2992214.800910935,2995261.7198346923,1.6883404354169942,2995256.7198358197,0.1772771251833109
20,39,61,3231916.939632877,3228674.145500739,11827.646133724156,3231920.9396318323,1.6883252140279879,0.3735608739091009,3231915.939632877,3228673.145500739,11,3232046.2530287374,3228674.152950282,3232050.253027694,1.6883404354169942,3232045.2530287374,0.18036709953538266
20,40,61,3473680.7244150336,3470105.4013923667,12742.99762187031,3473684.724414061,1.6883252140279879,0.36118491113851836,3473679.7244150336,3470104.4013923667,11,3473815.0028869063,3470105.410367208,3473819.0028859344,1.6883404354169942,3473814.0028869063,0.18311131474262726
20,41,61,3720143.8831217675,3716228.156835354,13677.064008630066,3720147.88312086,1.6883252140279879,0.3497492223760055,3720142.8831217675,3716227.156835354,11,3720283.149238083,3716228.1668987633,3720287.149237175,1.6883404354169942,3720282.149238083,0.1855647228977365
20,42,61,3971046.6964642075,3966783.078080437,14628.808106239256,3971050.696463357,1.6883252140279879,0.33914958415385305,3971045.6964642075,3966782.078080437,11,3971190.968922959,3966783.0892590214,3971194.968922109,1.6883404354169942,3971189.968922959,0.18777133978814955
20,43,61,4226148.432066717,4221529.797263311,15597.27065659404,4226152.432065919,1.6883252140279879,0.32929640064786053,4226147.432066717,4221528.797263311,11,4226297.7263505,4221529.809582465,4226301.7263497,1.6883404354169942,4226296.7263505,0.18976680647078714
20,44,61,4485225.514370264,4480245.07977394,16581.56202609149,4485229.514369511,1.6883252140279879,0.3201122911579617,4485224.514370264,4480244.07977394,11,4485379.843197419,4480245.093819855,4485383.843196666,1.6883404354169942,4485378.843197419,0.1915802393041105
20,45,61,4748069.925408013,4742721.231705989,17580.855360852747,4748073.9254073035,1.6883252140279879,0.31153012143852526,4748068.925408013,4742720.231705989,11,4748229.298993968,4742721.247518491,4748233.298993259,1.6883404354169942,4748228.298993968,0.1932356622888641
20,46,61,5014487.797388889,5008764.68983234,18594.38062329341,5014491.797388214,1.6883252140279879,0.30349139230892025,5014486.797388889,5008763.68983234,11,5014652.224044838,5008764.708065719,5014656.224044165,1.6883404354169942,5014651.224044838,0.1947530486577444
20,47,61,5284298.1676565185,5278194.778706518,19621.419612317903,5284302.16765588,1.6883252140279879,0.29594491497556963,5284297.1676565185,5278193.778706518,11,5284467.654196483,5278194.800057549,5284471.654195843,1.6883404354169942,5284466.654196483,0.19614915703412833
20,48,61,5557331.87196408,5550842.606008733,20661.300924061703,5557335.871963473,1.6883252140279879,0.28884571810226156,5557330.87196408,5550841.606008733,11,5557506.423549008,5550842.630545659,5557510.4235484,1.6883404354169942,5557505.423549008,0.19743813034262805
20,49,61,5833430.556759033,5826550.073041089,21713.396526993518,5833434.556758456,1.6883252140279879,0.28215414144670536,5833429.556759033,5826549.073041089,11,5833610.177001715,5826550.100829354,5833614.177001137,1.6883404354169942,5833609.177001715,0.19863200335002068
20,50,61,6112445.79457016,6105168.9939921275,22777.117700683582,6112449.794569607,1.6883252140279879,0.2758350812942213,6112444.79457016,6105167.9939921275,11,6112630.485994766,6105169.024369412,6112634.485994214,1.6883404354169942,6112629.485994766,0.19974106203374373
20,51,61,6394238.289598091,6386560.299390424,23851.912325718684,6394242.289597564,1.6883252140279879,0.26985735901509006,6394237.289598091,6386559.299390424,11,6394428.053854226,6386560.333152215,6394432.053853697,1.6883404354169942,6394427.053854226,0.20077416277817517
20,52,61,6678677.161297822,6670593.32544243,24937.261474116036,6678681.161297316,1.6883252140279879,0.26419319089714416,6678676.161297822,6670592.32544243,11,6678871.999199959,6670593.362647254,6678875.999199454,1.6883404354169942,6678870.999199959,0.20173896456581875
20,53,61,6965639.297675797,6957145.162794133,26032.67726825792,6965643.297675313,1.6883252140279879,0.2588177403823744,6965638.297675797,6957144.162794133,11,6965839.20926561,6957145.2043051785,6965843.209265127,1.6883404354169942,6965838.20926561,0.2026421407242017
20,54,61,7255008.769450589,7246100.075499053,27137.700059001963,7255012.769450124,1.6883252140279879,0.25370873936594174,7255007.769450589,7246099.075499053,11,7255213.754147633,7246100.121387527,7255217.754147168,1.6883404354169942,7255212.754147633,0.2034895042243678
20,55,61,7546676.298873419,7537348.967002505,28251.896764987425,7546680.29887297,1.6883252140279879,0.2488461651414613,7546675.298873419,7537347.967002505,11,7546886.355459622,7537349.018198356,7546890.355459175,1.6883404354169942,7546885.355459622,0.20428616655850645
20,56,61,7840538.776297977,7830788.900860543,29374.85846946036,7840542.776297548,1.6883252140279879,0.24421196528891725,7840537.776297977,7830787.900860543,11,7840753.9028718015,7830788.957446829,7840757.902871371,1.6883404354169942,7840752.9028718015,0.20503662975763892
20,57,61,8136498.819710262,8126322.658466836,30506.19914521586,8136502.819709847,1.6883252140279879,0.23978982135886912,8136497.819710262,8126321.658466836,11,8136719.014085108,8126322.720523503,8136723.014084694,1.6883404354169942,8136718.014085108,0.20574487127468138
20,58,61,8434464.372843415,8423858.336650219,31645.553964358318,8434468.372843014,1.6883252140279879,0.23556494595027908,8434463.372843415,8423857.336650219,11,8434689.632313855,8423858.406140197,8434693.632313453,1.6883404354169942,8434688.632313855,0.2064144309161116
20,59,61,8734348.33773519,8723308.985348249,32792.57746150003,8734352.337734802,1.6883252140279879,0.2315239071426518,8734347.33773519,8723307.985348249,11,8734578.65934736,8723309.064320099,8734582.659346972,1.6883404354169942,8734577.65934736,0.20704845612647838
20,60,61,9036068.238237234,9024592.269290978,33946.94267143309,9036072.238236861,1.6883252140279879,0.22765447682396892,9036067.238237234,9024591.269290978,11,9036303.618705241,9024592.358402664,9036307.618704867,1.6883404354169942,9036302.618705241,0.2076497686041142
21,25,61,1045582.7592358111,1044199.0058734203,4002.691539952351,1045586.7592325815,1.6883252140279879,0.8287979435682962,1045581.7592358111,1044198.0058734203,11,1045608.3136862785,1044231.7638220435,1045612.3136830493,1.6883404354169942,1045607.3136862785,0.2111834952578899
21,26,61,1321901.0602030423,1319581.6457324822,5311.087861272032,1321905.060200488,1.6883252140279879,0.7696687122394084,1321900.0602030423,1319580.6457324822,11,1321903.564067947,1320459.9144560774,1321907.5640653928,1.6883404354169942,1321902.564067947,0.2495816653210668
21,27,61,1631281.2734384288,1628499.478244243,6847.232524606342,1631285.2734363587,1.6883252140279879,0.7151787283602842,1631280.2734384288,1628498.478244243,11,1631253.7197688476,1629777.7898820038,1631257.7197667772,1.6883404354169942,1631252.7197688476,0.2773860861484028
21,28,61,1971346.956045965,1968180.6606875123,8591.269408765127,1971350.9560442518,1.6883252140279879,0.6661824176074923,1971345.956045965,1968179.6606875123,11,1971283.2368609973,1969803.3902462025,1971287.236859284,1.6883404354169942,1971282.2368609973,0.297572377305316
21,29,61,2339733.8104795036,2336165.5900029116,10521.720949340883,2339737.8104780614,1.6883252140279879,0.6226693710001865,2339732.8104795036,2336164.5900029116,11,2339628.7077110987,2338166.8832858833,2339632.707709655,1.6883404354169942,2339627.7077110987,0.31241416453730736
21,30,61,2734232.581974485,2730244.0052431077,12618.735970616557,2734236.58197325,1.6883252140279879,0.5842117895703001,2734231.581974485,2730243.0052431077,11,2734081.6422182843,2732654.4592592963,2734085.6422170494,1.6883404354169942,2734080.6422182843,0.32351952938436396
21,31,61,3152843.7047064817,3148416.001698206,14865.31398936562,3152847.70470541,1.6883252140279879,0.5502301910949481,3152842.7047064817,3148415.001698206,11,3152643.0767859886,3151263.2283304287,3152647.0767849167,1.6883404354169942,3152642.0767859886,0.33199315894658715
21,32,61,3593781.97856682,3588896.6172408233,17247.37580570694,3593785.9785658806,1.6883252140279879,0.5201309213390204,3593780.97856682,3588895.6172408233,11,3593528.2669630195,3592205.774008938,3593532.26696208,1.6883404354169942,3593527.2669630195,0.3385888314093087
21,33,61,4055458.3875982687,4050097.489403092,19753.33852541849,4055462.3875974356,1.6883252140279879,0.49336764732610555,4055457.3875982687,4050096.489403092,11,4055148.5374610918,4053891.6981760147,4055152.5374602587,1.6883404354169942,4055147.5374610918,0.34382299802123634
21,34,61,4536454.73137374,4530601.296067219,22373.576687036595,4536458.731372996,1.6883252140279879,0.4694625911697864,4536453.73137374,4530600.296067219,11,4536085.9448598325,4534901.982170612,4536089.9448590875,1.6883404354169942,4536084.9448598325,0.34805296310435396
21,35,61,5035498.630956234,5029136.645690743,25099.9420474821,5035502.630955565,1.6883252140279879,0.4480084700342571,5035497.630956234,5029135.645690743,11,5035068.313065744,5033963.787463307,5035072.313065073,1.6883404354169942,5035067.313065744,0.35152909894548173
21,36,61,5551441.772623443,5544556.233629927,27925.38923759731,5551445.772622835,1.6883252140279879,0.42866231003977584,5551440.772623443,5544555.233629927,11,5550947.494167072,5549928.538312251,5550951.494166465,1.6883404354169942,5550946.494167072,0.35442942997559096
21,37,61,6083241.946408947,6075818.826240261,30843.705585219792,6083245.946408392,1.6883252140279879,0.41113665356049933,6083240.946408947,6075817.826240261,11,6082681.418204348,6081753.869415682,6082685.418203793,1.6883404354169942,6082680.418204348,0.3568824837757196
21,38,61,6629948.505162837,6621557.148382817,33849.325745153365,6629952.505162328,1.6883252140279879,0.39519066315802825,6629947.505162837,6621556.148382817,11,6629319.563229615,6628489.028476956,6629323.563229105,1.6883404354169942,6629318.563229615,0.3589825237899326
21,39,61,7190690.598226673,7181150.647761044,36937.20323549952,7190694.598226204,1.6883252140279879,0.3806221262190522,7190689.598226673,7181149.647761044,11,7189991.194129837,7189263.083304574,7189995.1941293655,1.6883404354169942,7189990.194129837,0.3607998044174916
21,40,61,7764667.572603016,7753944.763335248,40102.72068306272,7764671.572602581,1.6883252140279879,0.3672606486396405,7764666.572603016,7753943.763335248,11,7763895.759502052,7763275.296539288,7763899.759501618,1.6883404354169942,7763894.759502052,0.3623874906259783
21,41,61,8351141.030402813,8339202.720636935,43341.62752971288,8351145.030402408,1.6883252140279879,0.354962017620346,8351140.030402813,8339201.720636935,11,8350294.959757488,8349787.189099274,8350298.959757083,1.6883404354169942,8350293.959757488,0.3637864124320241
21,42,61,8949428.165749919,8936243.253044775,46649.99170811236,8949432.16574954,1.6883252140279879,0.34360359560643366,8949427.165749919,8936242.253044775,11,8948506.079960125,8948115.867362667,8948510.079959745,1.6883404354169942,8948505.079960125,0.36502836218038665
21,43,61,9558896.099342776,9544434.932927623,50024.165210593084,9558900.099342423,1.6883252140279879,0.3330805805283837,9558895.099342776,9544433.932927623,11,9557896.326627957,9557628.36246288,9557900.326627601,1.6883404354169942,9557895.326627957,0.36613844796343376
21,44,61,10178956.999965664,10163191.30129827,53460.75363863576,10178960.999965332,1.6883252140279879,0.323302973166556,10178955.999965664,10163190.30129827,11,10177877.949032186,10177736.752745217,10177881.949031852,1.6883404354169942,10177876.949032186,0.36713670381522556
21,45,61,10809063.847072136,10791966.635365099,56956.593054707955,10809067.84707182,1.6883252140279879,0.3141931159174446,10809062.847072136,10791965.635365099,11,10807904.001521172,10807893.916976707,10807908.00152086,1.6883404354169942,10807903.001521172,0.36803932687569557
21,46,61,11448706.715863619,11430252.250358213,60508.72810939192,11448710.715863317,1.6883252140279879,0.30568368912451993,11448705.715863619,11430251.250358213,11,11447464.631235346,11447589.831393868,11447468.631235054,1.6883404354169942,11447463.631235346,0.36885952425630675
21,47,61,12097409.500959383,12077573.194295898,64114.396850529956,12097413.500959104,1.6883252140279879,0.29771607490523405,12097408.500959383,12077572.194295898,11,12096083.801313818,12096348.308318838,12096087.80131354,1.6883404354169942,12096082.801313818,0.3696081947872146
21,48,61,12754727.009833062,12733485.389552584,67771.0104527069,12754731.009832798,1.6883252140279879,0.2902390149103683,12754726.009833062,12733484.389552584,11,12753316.381632036,12753724.05753375,12753320.38163177,1.6883404354169942,12753315.381632036,0.37029438900995754
21,49,61,13420242.372558761,13397573.008375777,71476.14345571921,13420246.372558508,1.6883252140279879,0.2832075035769779,13420241.372558761,13397572.008375777,11,13418745.560460614,13419300.117852671,13418749.56046036,1.6883404354169942,13418744.560460614,0.37092570305668054
21,50,61,14093564.724244842,14069446.170609126,75227.51712469307,14093568.724244604,1.6883252140279879,0.27658187222263636,14093563.724244842,14069445.170609126,11,14091980.529444337,14092685.538501542,14091984.529444098,1.6883404354169942,14091979.529444337,0.3715085374241564
21,51,61,14774327.126433797,14748738.875624627,79022.99169475309,14774331.126433568,1.6883252140279879,0.27032702769966677,14774326.126433797,14748737.875624627,11,14772654.403898109,14773513.295740757,14772658.40389788,1.6883404354169942,14772653.403898109,0.3720483365195247
21,52,61,15462184.69130854,15435107.124154095,82860.55279419893,15462188.691308318,1.6883252140279879,0.26441181532325264,15462183.69130854,15435106.124154095,11,15460422.346368134,15461438.419723023,15460426.346367918,1.6883404354169942,15460421.346368134,0.3725497532316395
21,53,61,16156812.890420595,16128227.219992917,86738.30458243398,16156816.890420381,1.6883252140279879,0.2588084848780847,16156811.890420595,16128226.219992917,11,16154959.875757681,16156136.302781273,16154963.875757473,1.6883404354169942,16154958.875757681,0.37301681135095144
21,54,61,16857906.022002056,16827794.25462271,90654.45789897886,16857910.02200185,1.6883252140279879,0.25349223997948955,16857905.022002056,16827793.25462271,11,16855961.33544606,16857301.162910078,16855965.33544586,1.6883404354169942,16855960.33544606,0.37345296558091523
21,55,61,17565175.822925355,17533520.725770265,94607.32545653016,17565179.82292516,1.6883252140279879,0.24844085697565582,17565174.822925355,17533519.725770265,11,17563138.50448145,17564644.668546252,17563142.504481252,1.6883404354169942,17563137.50448145,0.3738612359179619
21,56,61,18278350.204169326,18245135.246066757,98595.312442788,18278354.204169143,1.6883252140279879,0.24363436054463225,18278349.204169326,18245134.246066757,11,18276219.33312827,18277496.4708702,18276223.33312808,1.6883404354169942,18276218.33312827,0.37424425764514296
21,57,61,18997172.09860161,18962381.418485053,102616.91135336278,18997176.09860143,1.6883252140279879,0.2390547468209098,18997171.09860161,18962380.418485053,11,18994946.79342296,18995980.10103808,18994950.79342278,1.6883404354169942,18994945.79342296,0.37460433560077405
21,58,61,19721398.410211615,19685016.793685175,106670.69733804387,19721402.410211448,1.6883252140279879,0.23468574702823516,19721397.410211615,19685015.793685175,11,19719077.824859824,19719861.792670336,19719081.824859656,1.6883404354169942,19719076.824859824,0.37494351087473615
21,59,61,20450799.053366244,20412811.889299925,110755.31867126374,20450803.053366084,1.6883252140279879,0.23051262301106576,20450798.053366244,20412810.889299925,11,20448382.376813054,20448911.680493586,20448386.37681289,1.6883404354169942,20448381.376813054,0.37526358332081317
21,60,61,21185156.07308382,21145549.327979576,114869.49578069817,21185160.07308366,1.6883252140279879,0.22652199159557418,21185155.07308382,21145548.327979576,11,21182642.526837155,21182912.024678063,21182646.526836995,1.6883404354169942,21182641.526837155,0.375566162398064
22,26,61,2496024.613816229,2491058.0425365116,14093.807018208492,2496028.613814876,1.6883252140279879,0.8244295179953774,2496023.613816229,2491057.0425365116,11,2495696.8905946896,2494972.5140453,2495700.890593337,1.6883404354169942,2495695.8905946896,0.38218104752340404
22,27,61,3164705.4434433207,3158797.1316848393,19330.603155615405,3164709.443442255,1.6883252140279879,0.7641768967968896,3164704.4434433207,3158796.1316848393,11,3164187.464293358,3160436.80047856,3164191.464292291,1.6883404354169942,3164186.464293358,0.3987771950563526
22,28,61,3914934.686449073,3906648.858729774,25458.90920825511,3914938.6864482104,1.6883252140279879,0.7088588983150146,3914933.686449073,3906647.858729774,11,3914189.0774921295,3906648.858729774,3914193.077491267,1.6883404354169942,3914188.0774921295,0.4098640664959368
22,29,61,4740993.635269662,4727983.852893416,32394.723504935107,4740997.63526895,1.6883252140279879,0.6592930215201922,4740992.635269662,4727982.852893416,11,4739986.946981665,4727983.852893416,4739990.946980952,1.6883404354169942,4739985.946981665,0.4175103209408361
22,30,61,5637174.535127738,5621590.562281427,40053.922073363625,5637178.535127138,1.6883252140279879,0.615413378035752,5637173.535127738,5621589.562281427,11,5635877.221724898,5618827.103188275,5635881.221724298,1.6883404354169942,5635876.221724898,0.42294828853291294
22,31,61,6598139.76080871,6580013.175149692,48361.43978178093,6598143.760808196,1.6883252140279879,0.5767388774226921,6598138.76080871,6580012.175149692,11,6596525.686484005,6573921.311121466,6596529.686483493,1.6883404354169942,6596524.686484005,0.4269286165837381
22,32,61,7619058.249109214,7598234.94047571,57254.1218223116,7619062.249108772,1.6883252140279879,0.542646581653734,7619057.249109214,7598233.94047571,11,7617104.073458734,7589812.203927989,7617108.073458291,1.6883404354169942,7617103.073458734,0.4299206894937356
22,33,61,8695616.48093259,8671952.626927424,66680.06904461222,8695620.480932204,1.6883252140279879,0.5125101769754885,8695615.48093259,8671951.626927424,11,8693301.090328263,8662110.195347296,8693305.090327876,1.6883404354169942,8693300.090328263,0.4322256586975589
22,34,61,9823972.820184492,9797334.048379622,76596.62518760537,9823976.820184147,1.6883252140279879,0.48575984840032516,9823971.820184492,9797333.048379622,11,9821276.865764644,9785998.330073996,9821280.865764301,1.6883404354169942,9821275.865764644,0.4340414363978187
22,35,61,11000694.698339382,10968529.325603643,86968.20878647565,11000698.698339075,1.6883252140279879,0.4619013390876304,11000693.698339382,10968528.325603643,11,10997600.268871063,10958057.976160347,10997604.268870756,1.6883404354169942,10997599.268871063,0.4355010319125105
22,36,61,12222697.405317513,12184665.305308016,97764.48185242053,12222701.405317238,1.6883252140279879,0.4405159446218355,12222696.405317513,12184664.305308016,11,12219187.78678863,12175216.835397437,12219191.786788356,1.6883404354169942,12219186.78678863,0.43669577193650716
22,37,61,13487191.368804138,13443048.683861252,108958.97371647054,13487195.36880389,1.6883252140279879,0.4212528190795734,13487190.368804138,13443047.683861252,11,13483250.866930543,13434696.488292163,13483254.86693029,1.6883404354169942,13483249.866930543,0.43768962147795487
22,38,61,14791639.083687799,14741155.540044945,120528.13606275512,14791643.083687572,1.6883252140279879,0.40381908584436693,14791638.083687799,14741154.540044945,11,14787252.912020924,14733969.557224045,14787256.9120207,1.6883404354169942,14787251.912020924,0.4385282259593549
22,39,61,16133720.523327215,16076677.901197452,132450.69102428004,16133724.523327004,1.6883252140279879,0.38797017820089763,16133719.523327215,16076676.901197452,11,16128874.724807555,16070725.27163267,16128878.724807346,1.6883404354169942,16128873.724807555,0.4392448100726256
22,40,61,17511305.38166039,17447496.40630933,144707.19086323673,17511309.381660197,1.6883252140279879,0.37350131372171186,17511304.38166039,17447495.40630933,11,17505986.729233745,17442841.763834216,17505990.729233548,1.6883404354169942,17505985.729233745,0.4398639781417553
22,41,61,18922430.513758805,18851658.05734621,157279.72879106057,18922434.513758626,1.6883252140279879,0.3602403309096817,18922429.513758805,18851657.05734621,11,18916626.47555458,18848363.761331074,18916630.475554403,1.6883404354169942,18916625.47555458,0.4404042456473667
22,42,61,20365281.33962783,20287357.750827227,170151.71584907125,20365285.33962767,1.6883252140279879,0.34804180447109695,20365280.33962783,20287356.750827227,11,20358980.02323963,20285483.891913142,20358984.023239464,1.6883404354169942,20358979.02323963,0.44087977208218426
22,43,61,21838176.267441884,21752922.772521347,183307.73833034732,21838180.26744173,1.6883252140279879,0.3367822722675091,21838175.267441884,21752921.772521347,11,21831366.3793213,21752527.305429675,21831370.379321143,1.6883404354169942,21831365.3793213,0.4413015778269294
22,44,61,23339553.425055772,23247938.63334309,196733.42757027427,23339557.425055634,1.6883252140279879,0.3263563790682941,23339552.425055772,23247937.63334309,11,23332224.230182193,23247938.35556104,23332228.230182048,1.6883404354169942,23332223.230182193,0.4416783039722335
22,45,61,24867959.242256965,24770269.614869818,210415.36952348912,24867963.24225683,1.6883252140279879,0.31667376443199136,24867958.242256965,24770268.614869818,11,24860100.523618307,24770269.291984998,24860104.523618165,1.6883404354169942,24860099.523618307,0.44201685524282913
22,46,61,26422038.496675666,26318170.67718564,224341.01106275633,26422042.496675547,1.6883252140279879,0.30765654458127567,26422037.496675666,26318169.67718564,11,26413640.531181708,26318170.328845154,26413644.531181585,1.6883404354169942,26413639.531181708,0.44232278312874623
22,47,61,28000525.57567907,27890381.30192195,238498.60915762561,28000529.575678956,1.6883252140279879,0.2992372701570409,28000524.57567907,27890380.30192195,11,27991579.108362045,27890380.905750345,27991583.108361926,1.6883404354169942,27991578.108362045,0.44260062839118464
22,48,61,29602236.7463309,29485722.491252817,252877.13821467164,29602240.746330786,1.6883252140279879,0.29135726164451947,29602235.7463309,29485721.491252817,11,29592732.94940418,29485722.046112265,29592736.949404065,1.6883404354169942,29592731.94940418,0.442854117456718
22,49,61,31226063.28113457,31103089.935356878,267466.2601532139,31226067.281134453,1.6883252140279879,0.2839652474208449,31226062.28113457,31103088.935356878,11,31215993.724383116,31103089.488114554,31215997.724383008,1.6883404354169942,31215992.724383116,0.44308635936985935
22,50,61,32870965.315689124,32741448.002902873,282256.24775416835,32870969.31568902,1.6883252140279879,0.27701624152202997,32870964.315689124,32741447.002902873,11,32860321.953061268,32741447.50381922,32860325.95306116,1.6883404354169942,32860320.953061268,0.4432999419830556
22,51,61,34535966.35235317,34399824.091131076,297237.96128744894,34535970.35235307,1.6883252140279879,0.2704706195176747,34535965.35235317,34399823.091131076,11,34524741.50193529,34399823.53914281,34524745.5019352,1.6883404354169942,34524740.50193529,0.44349705203702044
22,52,61,36220148.29021904,36077303.75992537,312402.78861570195,36220152.29021895,1.6883252140279879,0.26429334775431923,36220147.29021904,36077302.75992537,11,36208334.611062914,36077303.18114705,36208338.61106281,1.6883404354169942,36208333.611062914,0.44367953931312076
22,53,61,37922646.95472075,37773026.360431515,327742.6201270745,37922650.95472066,1.6883252140279879,0.25845334113576357,37922645.95472075,37773025.360431515,11,37910237.42606438,37773025.754573606,37910241.4260643,1.6883404354169942,37910236.42606438,0.44384901597964765
22,54,61,39642648.0419812,39486180.81507727,343249.79385706095,39642652.041981116,1.6883252140279879,0.2529229267668599,39642647.0419812,39486179.81507727,11,39629635.947772466,39486180.1754905,39629639.94777238,1.6883404354169942,39629634.947772466,0.4440068284907553
22,55,61,41379383.45568938,41216002.207657725,358917.0806730707,41379387.455689296,1.6883252140279879,0.2476773881348317,41379382.45568938,41216001.207657725,11,41365762.36443224,41216001.46226935,41365766.364432156,1.6883404354169942,41365761.36443224,0.44415416605397773
22,56,61,43132127.962063506,42961768.14781861,374737.64441134274,43132131.96206342,1.6883252140279879,0.24269458328360188,43132126.962063506,42961767.14781861,11,43117891.70773206,42961767.26322334,43117895.70773198,1.6883404354169942,43117890.70773206,0.44429205475612343
22,57,61,44900196.14163328,44722795.97354233,390705.0165156304,44900200.141633205,1.6883252140279879,0.23795461890850444,44900195.14163328,44722794.97354233,11,44885338.821158335,44722794.979500555,44885342.82115826,1.6883404354169942,44885337.821158335,0.4444213821385199
22,58,61,46682939.61292601,46498439.913925305,406813.0853945966,46682943.61292593,1.6883252140279879,0.2334395716901427,46682938.61292601,46498438.913925305,11,46667455.56237583,46498438.77508644,46667459.562375754,1.6883404354169942,46667454.56237583,0.4445429378057878
22,59,61,48479744.4938572,48288088.558530055,423056.04443102906,48479748.49385712,1.6883252140279879,0.2291332522553623,48479743.4938572,48288087.558530055,11,48463628.28418167,48288087.3069345,48463632.2841816,1.6883404354169942,48463627.28418167,0.4446574121882481
22,60,61,50290029.078388326,50091162.53919831,439428.39784364204,50290033.07838826,1.6883252140279879,0.22502099915684606,50290028.078388326,50091161.53919831,11,50273275.49904201,50091161.17313135,50273279.499041945,1.6883404354169942,50273274.49904201,0.44476543162246235
23,27,61,6053634.461832842,6029159.752603271,55972.17605669761,6053638.461832283,1.6883252140279879,0.8191564651289628,6053633.461832842,6029158.752603271,11,6051444.160818843,6029159.732094579,6051448.160818285,1.6883404354169942,6051443.160818843,0.44823478485743296
23,28,61,7700714.476952755,7669011.831347613,77096.96257029186,7700718.476952318,1.6883252140279879,0.7575515145861854,7700713.476952755,7669010.831347613,11,7697571.452204672,7669011.797797423,7697575.452204234,1.6883404354169942,7697570.452204672,0.4536387734411232
23,29,61,9552815.158865904,9512907.559572235,101726.99987125861,9552819.158865552,1.6883252140279879,0.7012479810920542,9552814.158865904,9512906.559572235,11,9548551.331236705,9512907.46988166,9548555.33123635,1.6883404354169942,9548550.331236705,0.4572347771959949
23,30,61,11595839.094313541,11546822.914103514,129546.415505639,11595843.094313255,1.6883252140279879,0.6510167805988445,11595838.094313541,11546821.914103514,11,11590302.319727167,11546822.760168519,11590306.319726875,1.6883404354169942,11590301.319727167,0.45971703393295266
23,31,61,13815677.503060602,13756722.581328163,160238.93090373854,13815681.503060356,1.6883252140279879,0.606721918012748,13815676.503060602,13756721.581328163,11,13808731.515614444,13756722.39594524,13808735.5156142,1.6883404354169942,13808730.515614444,0.4614872313553312
23,32,61,16199139.029669864,16129482.830813937,193521.68998363937,16199143.029669655,1.6883252140279879,0.5678151644421897,16199138.029669864,16129481.830813937,11,16190661.660101108,16129482.611724103,16190665.6601009,1.6883404354169942,16190660.660101108,0.4627872448762708
23,33,61,18734297.76051197,18653237.450043604,229155.69234491512,18734301.76051179,1.6883252140279879,0.5336190929517918,18734296.76051197,18653236.450043604,11,18724178.611441318,18653237.241295602,18724182.611441135,1.6883404354169942,18724177.611441318,0.463767809064693
23,34,61,21410516.325463578,21317401.052689336,266943.36298402376,21410520.325463425,1.6883252140279879,0.5034666759846673,21410515.325463578,21317400.052689336,11,21398654.55492895,21317400.803164165,21398658.554928795,1.6883404354169942,21398653.55492895,0.4645256354844705
23,35,61,24218324.895595632,24112548.992757306,306721.1535615907,24218328.895595487,1.6883252140279879,0.47675902848584667,24218323.895595632,24112547.992757306,11,24204627.50490099,24112548.700386494,24204631.504900847,1.6883404354169942,24204626.50490099,0.4651243902664298
23,36,61,27149258.85613928,27030256.42900557,348351.5540844455,27149262.856139164,1.6883252140279879,0.45298165826290343,27149257.85613928,27030255.42900557,11,27133639.354483005,27030256.028762113,27133643.354482878,1.6883404354169942,27133638.354483005,0.4656069998018588
23,37,61,30195703.1180129,30062943.42828254,391716.3406060255,30195707.11801279,1.6883252140279879,0.43170197315418707,30195702.1180129,30062942.42828254,11,30178080.502275255,30062942.914978497,30178084.502275143,1.6883404354169942,30178079.502275255,0.46600301931869154
23,38,61,33350760.061348893,33203744.077933136,436711.6773086029,33350764.061348792,1.6883252140279879,0.4125596595300075,33350759.061348893,33203743.077933136,11,33331058.164522007,33203743.44652018,33331062.16452191,1.6883404354169942,33331057.164522007,0.4663331518686871
23,39,61,36608142.936444,36446400.27584858,483244.61700885295,36608146.93644391,1.6883252140279879,0.39525541466194736,36608141.936444,36446399.27584858,11,36586289.97213323,36446399.68390612,36586293.97213313,1.6883404354169942,36586288.97213323,0.46661225798180617
23,40,61,39962091.47877812,39785178.07314052,531230.7317602414,39962095.478778034,1.6883252140279879,0.37954031892035034,39962090.47877812,39785177.07314052,11,39938019.46569964,39785177.348548494,39938023.46569957,1.6883404354169942,39938018.46569964,0.4668511832270531
23,41,61,43407304.69895361,43214800.75785477,580592.5908914589,43407308.698953524,1.6883252140279879,0.365206652822537,43407303.69895361,43214799.75785477,11,43380949.27199579,43214799.89562609,43380953.27199571,1.6883404354169942,43380948.27199579,0.46705795168408354
23,42,61,46938886.75385212,46730394.727128334,631258.5916234276,46938890.75385205,1.6883252140279879,0.3520802842622009,46938885.75385212,46730393.727128334,11,46910186.85367603,46730393.62215072,46910190.853675954,1.6883404354169942,46910185.85367603,0.4672386176506746
23,43,61,50552302.58214036,50327445.78940939,683162.2749928525,50552306.58214027,1.6883252140279879,0.3400144796087365,50552301.58214036,50327444.78940939,11,50521200.23727202,50327444.32613002,50521204.23727195,1.6883404354169942,50521199.23727202,0.46739786334688976
23,44,61,54243340.71283496,54001761.28512478,736241.6946384687,54243344.7128349,1.6883252140279879,0.32888492577345285,54243339.71283496,54001760.28512478,11,54209780.82291408,54001759.67780348,54209784.82291401,1.6883404354169942,54209779.82291408,0.46753928002098893
23,45,61,58008081.73878572,57749440.1021355,790439.0215316033,58008085.738785654,1.6883252140279879,0.3185857303153706,58008080.73878572,57749439.1021355,11,57972011.85679324,57749438.22718693,57972015.85679319,1.6883404354169942,57972010.85679324,0.4676657248444299
23,46,61,61842871.061245896,61566844.198232874,845700.1016251552,61842875.06124585,1.6883252140279879,0.3090262147360796,61842870.061245896,61566843.198232874,11,61804241.273573756,61566842.17467579,61804245.27357369,1.6883404354169942,61804240.273573756,0.4677794567732852
23,47,61,65744295.14431649,65450575.82546589,901974.2835551475,65744299.14431644,1.6883252140279879,0.3001283299392824,65744294.14431649,65450574.82546589,11,65703057.94067876,65450573.516837426,65703061.94067871,1.6883404354169942,65703056.94067876,0.46788232220180603
23,48,61,69709160.59498596,69397456.17617455,959213.964545745,69709164.59498592,1.6883252140279879,0.29182456450098065,69709159.59498596,69397455.17617455,11,69665270.6459114,69397453.57516602,69665274.64591135,1.6883404354169942,69665269.6459114,0.46797581246381964
23,49,61,73734475.62106064,73404507.0103629,1017374.5110678402,73734479.62106061,1.6883252140279879,0.2840562478216323,73734474.62106064,73404506.0103629,11,73687889.61830185,73404504.4039785,73687893.61830181,1.6883404354169942,73687888.61830185,0.4680611802913221
23,50,61,77817433.49230327,77468934.85935584,1076413.8839445624,77817437.49230321,1.6883252140279879,0.2767721684341629,77817432.49230327,77468933.85935584,11,77768110.09243435,77468931.94223009,77768114.09243429,1.6883404354169942,77768109.09243435,0.4681394456505521
23,51,61,81955397.80888163,81588115.28450345,1136292.5835229391,81955401.80888157,1.6883252140279879,0.2699274319845417,81955396.80888163,81588114.28450345,11,81903297.53066927,81588112.04978055,81903301.53066923,1.6883404354169942,81903296.53066927,0.46821147045348066
23,52,61,86145889.1085459,85759580.06218493,1196973.3703063892,86145893.10854585,1.6883252140279879,0.2634825249092254,86145888.1085459,85759579.06218493,11,86090974.212785,85759576.67081967,86090978.21278496,1.6883404354169942,86090973.212785,0.4682779682135886
23,53,61,90386572.88255434,89981005.75636196,1258421.176977208,90386576.8825543,1.6883252140279879,0.25740253970883836,90386571.88255434,89981004.75636196,11,90328807.26289012,89981002.20661278,90328811.26289006,1.6883404354169942,90328806.26289012,0.4683395960692173
23,54,61,94675248.67130812,94250201.7106327,1320602.8406528928,94675252.6713081,1.6883252140279879,0.251656523370723,94675247.67130812,94250200.7106327,11,94614597.77853397,94250198.00083606,94614601.77853395,1.6883404354169942,94614596.77853397,0.4683968520162794
23,55,61,99009840.27627559,98565101.86533488,1383487.0695153293,99009844.27627556,1.6883252140279879,0.24621693626137858,99009839.27627559,98565100.86533488,11,98946271.0097816,98565097.58213083,98946275.00978158,1.6883404354169942,98946270.0097816,0.46845020617029914
23,56,61,103388386.77092978,102923753.97906825,1447044.266181233,103388390.77092974,1.6883252140279879,0.24105919797430614,103388385.77092978,102923752.97906825,11,103321867.37923847,102923748.84474435,103321871.37923846,1.6883404354169942,103321866.37923847,0.46850004991563227
23,57,61,107809034.30698195,107324312.68165815,1511246.4012841799,107809038.30698194,1.6883252140279879,0.23616129951508022,107809033.30698195,107324311.68165815,11,107739534.3875071,107324306.88075837,107739538.38750707,1.6883404354169942,107739533.3875071,0.46854671404546644
23,58,61,112270028.67523709,111765031.86302538,1576067.0148756474,112270032.67523704,1.6883252140279879,0.23150347474231261,112270027.67523709,111765030.86302538,11,112197519.03978918,111765025.17429854,112197523.03978916,1.6883404354169942,112197518.03978918,0.468590502132127
23,59,61,116769708.50055416,116244257.81865638,1641480.927295044,116769712.50055413,1.6883252140279879,0.22706792696178374,116769707.50055416,116244256.81865638,11,116694161.1647693,116244250.44157259,116694165.16476926,1.6883404354169942,116694160.1647693,0.46863167422950375
23,60,61,121306499.0248708,120760423.03331134,1707464.3204133122,121306503.02487077,1.6883252140279879,0.22283858462099365,121306498.0248708,120760422.03331134,11,121227887.11828123,120760414.95663415,121227891.11828122,1.6883404354169942,121227886.11828123,0.4686704841987449
24,28,61,14974173.40996686,14904776.271245677,225000.30654109406,14974177.409966633,1.6883252140279879,0.8124926439605497,14974172.40996686,14904775.271245677,11,14963674.226055114,14904776.1407766,14963678.226054888,1.6883404354169942,14963673.226055114,0.47019496428001345
24,29,61,19124330.636664487,19033477.93385999,309638.38843322766,19124334.63666431,1.6883252140279879,0.7491795896641672,19124329.636664487,19033476.93385999,11,19109636.506574027,19033477.335585676,19109640.50657385,1.6883404354169942,19109635.506574027,0.47202183326920816
24,30,61,23803254.761838138,23687872.02979283,408325.90761916287,23803258.761838004,1.6883252140279879,0.691643978919537,23803253.761838138,23687871.02979283,11,23783647.40977378,23687871.08160654,23783651.409773637,1.6883404354169942,23783646.40977378,0.4732547314990776
24,31,61,28975086.542523205,28832328.82416807,519856.5081577357,28975090.542523082,1.6883252140279879,0.6405956220428488,28975085.542523205,28832327.82416807,11,28949910.873540495,28832327.709707092,28949914.87354038,1.6883404354169942,28949909.873540495,0.47411580547342824
24,32,61,34603843.33416109,34431099.35577262,643008.9709739548,34603847.334161,1.6883252140279879,0.5958061125939098,34603842.33416109,34431098.35577262,11,34572508.24688458,34431098.05860558,34572512.24688447,1.6883404354169942,34572507.24688458,0.47473583713594397
24,33,61,40655922.236251846,40450796.14493062,776683.2805000338,40655926.236251764,1.6883252140279879,0.5566389328827318,40655921.236251846,40450795.14493062,11,40617894.05646923,40450794.91801724,40617898.05646914,1.6883404354169942,40617893.05646923,0.4751948778212549
24,34,61,47101020.477873184,46861305.96722817,919944.8021874991,47101024.47787312,1.6883252140279879,0.5223453145052949,47101019.477873184,46861304.96722817,11,47055813.80183046,46861304.51017742,47055817.801830396,1.6883404354169942,47055812.80183046,0.47554346037021566
24,35,61,53912176.478785634,53635830.37411744,1072017.1037446323,53912180.478785574,1.6883252140279879,0.4922052156278624,53912175.478785634,53635829.37411744,11,53859345.9891062,53635828.67370073,53859349.98910615,1.6883404354169942,53859344.9891062,0.47581438205431564
24,36,61,61065428.85923279,60750549.33638442,1232254.355145867,61065432.85923272,1.6883252140279879,0.46558213603238796,61065427.85923279,60750548.33638442,11,61004562.32659736,60750547.00300687,61004566.326597326,1.6883404354169942,61004561.32659736,0.47602948969590125
24,37,61,68539373.79698165,68184181.19943096,1400110.6306378464,68539377.7969816,1.6883252140279879,0.4419356026728332,68539372.79698165,68184180.19943096,11,68470086.4644686,68184178.1995873,68470090.46446855,1.6883404354169942,68470085.4644686,0.4762036444987251
24,38,61,76314749.75995147,75917573.09929685,1575114.8870382402,76314753.75995141,1.6883252140279879,0.42081533226051143,76314748.75995147,75917572.09929685,11,76236680.74610744,75917569.40030211,76236684.7461074,1.6883404354169942,76236679.74610744,0.47634705013214973
24,39,61,84374090.63904497,83933355.55092868,1756851.7411987297,84374094.63904494,1.6883252140279879,0.40184908912651285,84374089.63904497,83933354.55092868,11,84286900.45565407,83933352.11522344,84286904.45565401,1.6883404354169942,84286899.45565407,0.4764669844710473
24,40,61,92701451.77235787,92215672.20689163,1944948.0562233604,92701455.77235785,1.6883252140279879,0.3847295712469021,92701450.77235787,92215671.20689163,11,92604819.08126082,92215667.97744203,92604823.08126079,1.6883404354169942,92604818.08126082,0.47656870123089534
24,41,61,101282195.54832913,100749966.68514235,2139064.3086368465,101282199.5483291,1.6883252140279879,0.3692025250527846,101282194.54832913,100749965.68514235,11,101175816.29046465,100749961.6293199,101175820.29046464,1.6883404354169942,101175815.29046465,0.47665599948775345
24,42,61,110102823.51695101,109522814.17436533,2338887.945287237,110102827.51695101,1.6883252140279879,0.35505670241210396,110102822.51695101,109522813.17436533,11,109986409.28164695,109522807.63647895,109986413.28164692,1.6883404354169942,109986408.28164695,0.4767317136028257
24,43,61,119150842.9229414,118521791.63110717,2544129.758200163,119150846.92294139,1.6883252140279879,0.34211566271544525,119150841.9229414,118521790.63110717,11,119024119.8881103,118521782.88504964,119024123.88811027,1.6883404354169942,119024118.8881103,0.47679805613263376
24,44,61,128414657.37716377,127735363.74039194,2754520.538610073,128414661.37716374,1.6883252140279879,0.3302311921230339,128414656.37716377,127735362.74039194,11,128277365.23419437,127735354.12607247,128277369.23419434,1.6883404354169942,128277364.23419437,0.4768566448082446
24,45,61,137883476.46134225,137152801.7941055,2969809.219851588,137883480.4613422,1.6883252140279879,0.31927806374442586,137883475.46134225,137152800.7941055,11,137735367.3223171,137152790.53189775,137735371.3223171,1.6883404354169942,137735366.3223171,0.4769087836383197
24,46,61,147547238.5836267,146764098.55226302,3189760.6370382826,147547242.5836267,1.6883252140279879,0.3091498541137384,147547237.5836267,146764097.55226302,11,147388076.48089746,146764086.39260343,147388080.48089746,1.6883404354169942,147388075.48089746,0.4769554676333127
24,47,61,157396544.65435717,156559907.7016615,3414155.0230859644,157396548.65435717,1.6883252140279879,0.29975561755588265,157396543.65435717,156559906.7016615,11,157226104.9701257,156559893.77800113,157226108.97012568,1.6883404354169942,157226103.9701257,0.4769975286458189
24,48,61,167422600.0090396,166531482.77798036,3642785.6397032854,167422604.0090396,1.6883252140279879,0.2910172114912461,167422599.0090396,166531481.77798036,11,167240668.313303,166531467.04143032,167240672.31330296,1.6883404354169942,167240667.313303,0.47703561180315807
24,49,61,177617163.23956168,176670626.7943036,3875458.7448976864,177617167.23956165,1.6883252140279879,0.28286715347639785,177617162.23956168,176670625.7943036,11,177423534.467344,176670611.07614473,177423538.46734396,1.6883404354169942,177423533.467344,0.47707028699455434
24,50,61,187972500.64764804,186969651.22899917,4111991.6427189303,187972504.64764798,1.6883252140279879,0.2752468816329632,187972499.64764804,186969650.22899917,11,187766978.97040346,186969633.5757666,187766982.9704034,1.6883404354169942,187766977.97040346,0.4771019890810458
24,51,61,198481346.0893021,197421329.19949314,4352212.750066074,198481350.0893021,1.6883252140279879,0.26810534223619326,198481345.0893021,197421328.19949314,11,198263744.43519065,197421309.56513694,198263748.43519065,1.6883404354169942,198263743.43519065,0.47713109464354186
24,52,61,209136863.95389068,208018861.9474039,4595960.21116207,209136867.95389062,1.6883252140279879,0.2613978308068747,209136862.95389068,208018860.9474039,11,208907003.43254435,208018841.36626306,208907007.43254435,1.6883404354169942,208907002.43254435,0.4771578923634759
24,53,61,219932616.4321862,218755849.52070725,4843081.660729314,219932620.43218616,1.6883252140279879,0.25508504570682666,219932615.4321862,218755848.52070725,11,219690325.79448196,218755827.98207188,219690329.79448196,1.6883404354169942,219690324.79448196,0.47718271282921165
24,54,61,230862533.49929962,229626253.5029993,5093432.828177958,230862537.49929962,1.6883252140279879,0.24913229575531518,230862532.49929962,229626252.5029993,11,230607648.8203696,229626230.99664414,230607652.82036954,1.6883404354169942,230607647.8203696,0.4772057277476912
24,55,61,241920886.3764822,240624379.9088651,5346877.6108084805,241920890.3764822,1.6883252140279879,0.2435088467606386,241920885.3764822,240624378.9088651,11,241653250.48961744,240624354.53603488,241653254.48961744,1.6883404354169942,241653249.48961744,0.4772271565306796
24,56,61,253102262.81205195,251744845.8489425,5603287.247899776,253102266.81205195,1.6883252140279879,0.23818737736490472,253102261.81205195,251744844.8489425,11,252821724.8265379,251744815.05703783,252821728.8265379,1.6883404354169942,252821723.8265379,0.4772471582563249
24,57,61,264401544.52975762,262982560.3530856,5862539.684267182,264401548.52975762,1.6883252140279879,0.2331435226707686,264401543.52975762,262982559.3530856,11,264107959.95641384,262982525.33577776,264107963.95641384,1.6883404354169942,264107958.95641384,0.4772658585113908
24,58,61,275813886.9234034,274332705.8509912,6124519.871760293,275813890.9234034,1.6883252140279879,0.22835547564702705,275813885.9234034,274332704.8509912,11,275507116.91302025,274332665.1629102,275507120.91302025,1.6883404354169942,275507115.91302025,0.47728338873849985
24,59,61,287334700.44099575,285790718.41150063,6389118.079781251,287334704.44099575,1.6883252140279879,0.22380367064560033,287334699.44099575,285790717.41150063,11,287014611.8493072,285790673.34842676,287014615.8493072,1.6883404354169942,287014610.8493072,0.47729985312146006
24,60,61,298959633.6792783,297352270.7307646,6656230.628383525,298959637.6792783,1.6883252140279879,0.21947049547958333,298959632.6792783,297352269.7307646,11,298626098.5800455,297352221.21585935,298626102.5800455,1.6883404354169942,298626097.5800455,0.47731538487099334
25,29,61,38005893.96720881,37793023.882593825,909689.7189500609,38005897.96720871,1.6883252140279879,0.8035982897644887,38005892.96720881,37793022.882593825,11,37959962.81600341,37793020.929864794,37959966.81600333,1.6883404354169942,37959961.81600341,0.47800724747451695
25,30,61,48788087.73006672,48505014.62908815,1254553.8364200164,48788091.73006664,1.6883252140279879,0.7379985427496745,48788086.73006672,48505013.62908815,11,48724218.56126161,48505009.95255409,48724222.56126154,1.6883404354169942,48724217.56126161,0.47870225389127213
25,31,61,60984038.55096413,60619845.121156245,1658013.6392814615,60984042.55096407,1.6883252140279879,0.6788280184569283,60984037.55096413,60619844.121156245,11,60899130.96064145,60619839.804925054,60899134.96064138,1.6883404354169942,60899129.96064145,0.4791821531641936
25,32,61,74498570.60666628,74043141.27701913,2115281.6248842385,74498574.60666624,1.6883252140279879,0.6267125858756517,74498569.60666628,74043140.27701913,11,74389780.88088897,74043135.21413438,74389784.88088894,1.6883404354169942,74389779.88088897,0.4795239463169489
25,33,61,89235830.77245694,88679892.29881266,2621408.9625825686,89235834.77245688,1.6883252140279879,0.5812955301958938,89235829.77245694,88679891.29881266,11,89100580.61779475,88679887.0164257,89100584.6177947,1.6883404354169942,89100579.61779475,0.47977426101379356
25,34,61,105106479.02734694,104441543.64714314,3171890.124760001,105106483.02734691,1.6883252140279879,0.5418179171988142,105106478.02734694,104441542.64714314,11,104942429.94812511,104441537.32304572,104942433.94812508,1.6883404354169942,104942428.94812511,0.4799622355829832
25,35,61,122030285.77448998,121248551.23980623,3762875.2490709717,122030289.77448995,1.6883252140279879,0.5074324487168602,122030284.77448998,121248550.23980623,11,121835305.22250405,121248543.80406593,121835309.222504,1.6883404354169942,121835304.22250405,0.48010668823654873
25,36,61,139936184.31277195,139030437.86707747,4391156.313260108,139936188.31277192,1.6883252140279879,0.47734625344688714,139936183.31277195,139030436.86707747,11,139708310.63210112,139030426.89173755,139708314.63210106,1.6883404354169942,139708309.63210112,0.4802201439514437
25,37,61,158761239.94580004,157724765.25156766,5054057.859079573,158761243.94580004,1.6883252140279879,0.4508714770314416,158761238.94580004,157724764.25156766,11,158498651.43088412,157724750.52370572,158498655.4308841,1.6883404354169942,158498650.43088412,0.4803111133904581
25,38,61,178449361.56875736,177275874.60946292,5749318.075999791,178449365.5687573,1.6883252140279879,0.42743239915467257,178449360.56875736,177275873.60946292,11,178150356.26029736,177275855.92015985,178150360.26029733,1.6883404354169942,178150355.26029736,0.480385288395263
25,39,61,198950112.6678889,197633703.6013086,6474982.957354596,198950116.66788888,1.6883252140279879,0.4065549445887932,198950111.6678889,197633702.6013086,11,198613094.39418495,197633687.14885142,198613098.3941849,1.6883404354169942,198613093.39418495,0.48044679253602324
25,40,61,220217746.8212603,218752843.8086827,7229327.098081152,220217750.82126027,1.6883252140279879,0.3878509660888221,220217745.8212603,218752842.8086827,11,219841206.00199547,218752822.77299505,219841210.00199547,1.6883404354169942,219841205.00199547,0.48049860303076003
25,41,61,242210455.8433479,240591795.426216,8010801.106530516,242210459.8433479,1.6883252140279879,0.371002624642491,242210454.8433479,240591794.426216,11,241792965.61020595,240591769.59356764,241792969.61020595,1.6883404354169942,241792964.61020595,0.48054278804116896
25,42,61,264889796.80395526,263112389.78982237,8817990.470348338,264889800.80395526,1.6883252140279879,0.355748731804914,264889795.80395526,263112388.78982237,11,264430004.06942853,263112354.8537966,264430008.06942853,1.6883404354169942,264430003.06942853,0.48058088785080133
25,43,61,288220253.97651505,286279374.0130826,9649594.05365973,288220257.97651505,1.6883252140279879,0.3418735350926351,288220252.97651505,286279373.0130826,11,287716874.2549215,286279325.16163576,287716878.2549215,1.6883404354169942,287716873.2549215,0.4806141684762655
25,44,61,312168891.0226266,310060030.9995817,10504404.27627342,312168895.0226266,1.6883252140279879,0.32919772047186907,312168890.0226266,310060029.9995817,11,311620702.9752052,310059977.09246385,311620706.9752052,1.6883404354169942,311620701.9752052,0.48064345189002855
25,45,61,336705075.107006,334423963.7490351,11381297.457350058,336705079.107006,1.6883252140279879,0.31757130331191324,336705074.107006,334423962.7490351,11,336110914.92208886,334423899.5958961,336110918.92208886,1.6883404354169942,336110913.92208886,0.4806694489179225
25,46,61,361800246.11614764,359342810.67146623,12279221.2586893,361800250.11614764,1.6883252140279879,0.3068680014922809,361800245.11614764,359342809.67146623,11,361159005.6664288,359342741.2855952,361159009.6664288,1.6883404354169942,361159004.6664288,0.48069265148479173
25,47,61,387427723.1810594,384790089.47435266,13197193.94686311,387427727.1810594,1.6883252140279879,0.29698087009533586,387427722.1810594,384790088.47435266,11,386738347.70874935,384790009.04124266,386738351.70874935,1.6883404354169942,386738346.70874935,0.4807135148730604
25,48,61,413562536.7335668,410741008.4739096,14134290.82826642,413562540.7335668,1.6883252140279879,0.28781874656639034,413562535.7335668,410741007.4739096,11,412824018.5881742,410740916.65489715,412824022.5881742,1.6883404354169942,412824017.5881742,0.480732349798402
25,49,61,440181282.4274542,437172324.81217754,15089646.337953707,440181286.4274542,1.6883252140279879,0.2793035102213108,440181281.4274542,437172323.81217754,11,439392656.53623426,437172233.9918357,439392660.53623426,1.6883404354169942,439392655.53623426,0.48074948859655464
25,50,61,467261991.26681757,464062244.7222771,16062442.858905088,467261995.26681757,1.6883252140279879,0.2713678335033961,467261990.26681757,464062243.7222771,11,466422335.74026394,464062141.6703296,466422339.74026394,1.6883404354169942,466422334.74026394,0.4807651399792767
25,51,61,494784018.01216626,491390265.97112256,17051913.305319455,494784022.01216626,1.6883252140279879,0.2639534072685722,494784017.01216626,491390264.97112256,11,493892451.84516466,491390150.36646724,493892455.84516466,1.6883404354169942,493892450.84516466,0.4807795073153022
25,52,61,522727934.4346308,519137094.26410925,18057333.509456724,522727938.4346308,1.6883252140279879,0.25700949483186,522727933.4346308,519137093.26410925,11,521783614.79598325,519136973.1602962,521783618.79598325,1.6883404354169942,521783613.79598325,0.48079270687126674
25,53,61,551075437.694569,547284574.3563261,19078022.324418653,551075441.694569,1.6883252140279879,0.25049172500959627,551075436.694569,547284573.3563261,11,550077557.1418494,547284447.6919372,550077561.1418494,1.6883404354169942,550077556.1418494,0.4808049903669032
25,54,61,579809264.5076448,575815554.2821984,20113333.51157002,579809268.5076448,1.6883252140279879,0.2443611506675195,579809263.5076448,575815553.2821984,11,578757049.8677799,575815421.9986486,578757053.8677799,1.6883404354169942,578757048.8677799,0.4808163753419476
25,55,61,608913118.2201507,604713882.5288097,21162657.78761245,608913122.2201507,1.6883252140279879,0.238583442710841,608913117.2201507,604713881.5288097,11,607805827.4188503,604713725.4878075,607805831.4188503,1.6883404354169942,607805826.4188503,0.4808270082930672
25,56,61,638371598.3226279,633964253.9897362,22225418.540684424,638371602.3226279,1.6883252140279879,0.23312822711871847,638371597.3226279,633964252.9897362,11,637208518.111222,633964060.4129059,637208522.111222,1.6883404354169942,637208517.111222,0.4808369575640194
25,57,61,668170135.982425,663552203.9930615,23301068.511897147,668170139.982425,1.6883252140279879,0.2279685233750406,668170134.982425,663552202.9930615,11,666950583.5111437,663551982.0699728,666950587.5111437,1.6883404354169942,666950582.5111437,0.4808462648568878
25,58,61,698294937.3205335,693464039.8304807,24389093.179756463,698294941.3205335,1.6883252140279879,0.223080297172968,698294936.3205335,693464038.8304807,11,697018255.4741135,693463779.5350657,697018259.4741135,1.6883404354169942,697018254.4741135,0.48085500374589124
25,59,61,728732930.8631277,723686786.0590473,25489000.048151836,728732934.8631277,1.6883252140279879,0.21844206730296273,728732929.8631277,723686785.0590473,11,727398489.5635806,723686496.3240583,727398493.5635806,1.6883404354169942,727398488.5635806,0.4808632172215176
25,60,61,759471720.8378791,754208136.5559874,26600324.730907988,759471724.8378791,1.6883252140279879,0.2140345641051073,759471719.8378791,754208135.5559874,11,758078914.1930658,754207816.8226414,758078918.1930658,1.6883404354169942,758078913.1930658,0.48087101732763615
