N,P,A_start,A,d_L,d_R,d_b,x_A,x_chain,delta_center,causal_lower,causal_upper,L_causal,f_causal,analysis_status,cell_valid_compensation,PAPER30_SUPPORTED,n_supported_bandwidths,f_supported,rho_strong,rho_weak,R_C_worst,modular_failure_reason,first_failure_state_index,first_failure_s,first_failure_gamma,first_failure_lambda_min,first_failure_lambda_max,first_failure_numerical_rank,numerical_rank_tolerance
8,1,0,0-1-2-3,0,4,0,1.5,3.5,2.0,0,4,5,0.625,MODULAR_SECTOR_UNDEFINED_RANK_DEFICIENT,False,,,nan,nan,nan,nan,POSITIVITY_GATE_FAIL,0,0.0,0.0,-3.3250351471764e-17,0.7404689526062453,4,1e-12
8,1,1,1-2-3-4,1,3,1,2.5,3.5,1.0,0,5,6,0.75,MODULAR_SECTOR_UNDEFINED_RANK_DEFICIENT,False,,,nan,nan,nan,nan,POSITIVITY_GATE_FAIL,0,0.0,0.0,-5.566634677916449e-17,0.6535926380275197,8,1e-12
8,1,2,2-3-4-5,2,2,2,3.5,3.5,0.0,1,6,6,0.75,MODULAR_SECTOR_UNDEFINED_RANK_DEFICIENT,False,,,nan,nan,nan,nan,POSITIVITY_GATE_FAIL,0,0.0,0.0,-5.256494757643531e-17,0.6535926380275197,8,1e-12
8,1,3,3-4-5-6,3,1,1,4.5,3.5,1.0,2,7,6,0.75,MODULAR_SECTOR_UNDEFINED_RANK_DEFICIENT,False,,,nan,nan,nan,nan,POSITIVITY_GATE_FAIL,0,0.0,0.0,-5.40151099587288e-17,0.6535926380275198,8,1e-12
8,1,4,4-5-6-7,4,0,0,5.5,3.5,2.0,3,7,5,0.625,MODULAR_SECTOR_UNDEFINED_RANK_DEFICIENT,False,,,nan,nan,nan,nan,POSITIVITY_GATE_FAIL,0,0.0,0.0,-5.4120701820529575e-17,0.7404689526062453,4,1e-12
8,2,0,0-1-2-3,0,4,0,1.5,3.5,2.0,0,5,6,0.75,MODULAR_SECTOR_UNDEFINED_RANK_DEFICIENT,False,,,nan,nan,nan,nan,POSITIVITY_GATE_FAIL,0,0.0,0.0,-1.0810239759532259e-17,0.6283691297531141,8,1e-12
8,2,1,1-2-3-4,1,3,1,2.5,3.5,1.0,0,6,7,0.875,PREREGISTERED_PRIMARY_ANALYSIS_COMPLETED,True,False,0,0.0,0.1327149457187114,0.3587325410377678,0.9823867431828792,,-1,nan,nan,nan,nan,-1,1e-12
8,2,2,2-3-4-5,2,2,2,3.5,3.5,0.0,0,7,8,1.0,PREREGISTERED_PRIMARY_ANALYSIS_COMPLETED,True,False,0,0.0,0.01088542234645004,0.29199228588448656,0.9998815075803396,,-1,nan,nan,nan,nan,-1,1e-12
8,2,3,3-4-5-6,3,1,1,4.5,3.5,1.0,1,7,7,0.875,PREREGISTERED_PRIMARY_ANALYSIS_COMPLETED,True,False,0,0.0,0.13271494571242992,0.3587325409578036,0.9823867431845464,,-1,nan,nan,nan,nan,-1,1e-12
8,2,4,4-5-6-7,4,0,0,5.5,3.5,2.0,2,7,6,0.75,MODULAR_SECTOR_UNDEFINED_RANK_DEFICIENT,False,,,nan,nan,nan,nan,POSITIVITY_GATE_FAIL,0,0.0,0.0,-8.475649835453181e-17,0.6283691297531139,8,1e-12
8,3,0,0-1-2-3,0,4,0,1.5,3.5,2.0,0,6,7,0.875,PREREGISTERED_PRIMARY_ANALYSIS_COMPLETED,True,False,0,0.0,0.8619240025203895,0.9906736538306137,0.2570870138792329,,-1,nan,nan,nan,nan,-1,1e-12
8,3,1,1-2-3-4,1,3,1,2.5,3.5,1.0,0,7,8,1.0,PREREGISTERED_PRIMARY_ANALYSIS_COMPLETED,True,False,0,0.0,0.8563308315878807,0.9812448278596124,0.26669750687200894,,-1,nan,nan,nan,nan,-1,1e-12
8,3,2,2-3-4-5,2,2,2,3.5,3.5,0.0,0,7,8,1.0,PREREGISTERED_PRIMARY_ANALYSIS_COMPLETED,True,False,0,0.0,0.5280854095685608,0.7763841934326376,0.721125800200805,,-1,nan,nan,nan,nan,-1,1e-12
8,3,3,3-4-5-6,3,1,1,4.5,3.5,1.0,0,7,8,1.0,PREREGISTERED_PRIMARY_ANALYSIS_COMPLETED,True,False,0,0.0,0.8563308316093587,0.9812448278921088,0.26669750683522464,,-1,nan,nan,nan,nan,-1,1e-12
8,3,4,4-5-6-7,4,0,0,5.5,3.5,2.0,1,7,7,0.875,PREREGISTERED_PRIMARY_ANALYSIS_COMPLETED,True,False,0,0.0,0.8619240025151722,0.9906736538242579,0.2570870138882255,,-1,nan,nan,nan,nan,-1,1e-12
8,4,0,0-1-2-3,0,4,0,1.5,3.5,2.0,0,7,8,1.0,PREREGISTERED_PRIMARY_ANALYSIS_COMPLETED,True,True,5,1.0,-0.9910038506668828,-0.9644347256072845,0.06986566004280156,,-1,nan,nan,nan,nan,-1,1e-12
8,4,1,1-2-3-4,1,3,1,2.5,3.5,1.0,0,7,8,1.0,PREREGISTERED_PRIMARY_ANALYSIS_COMPLETED,True,True,5,1.0,-0.9930850829821938,-0.9520582747540622,0.09358504147231858,,-1,nan,nan,nan,nan,-1,1e-12
8,4,2,2-3-4-5,2,2,2,3.5,3.5,0.0,0,7,8,1.0,PREREGISTERED_PRIMARY_ANALYSIS_COMPLETED,True,False,0,0.0,0.21816453080828033,0.4785293780582208,0.9524042374972029,,-1,nan,nan,nan,nan,-1,1e-12
8,4,3,3-4-5-6,3,1,1,4.5,3.5,1.0,0,7,8,1.0,PREREGISTERED_PRIMARY_ANALYSIS_COMPLETED,True,True,5,1.0,-0.9930850829821802,-0.9520582747540111,0.09358504147241517,,-1,nan,nan,nan,nan,-1,1e-12
8,4,4,4-5-6-7,4,0,0,5.5,3.5,2.0,0,7,8,1.0,PREREGISTERED_PRIMARY_ANALYSIS_COMPLETED,True,True,5,1.0,-0.991003850667131,-0.9644347256087518,0.06986566003997143,,-1,nan,nan,nan,nan,-1,1e-12
8,5,0,0-1-2-3,0,4,0,1.5,3.5,2.0,0,7,8,1.0,PREREGISTERED_PRIMARY_ANALYSIS_COMPLETED,True,False,0,0.0,0.6127035286120709,0.9717477229165239,0.6245943860263171,,-1,nan,nan,nan,nan,-1,1e-12
8,5,1,1-2-3-4,1,3,1,2.5,3.5,1.0,0,7,8,1.0,PREREGISTERED_PRIMARY_ANALYSIS_COMPLETED,True,False,0,0.0,0.6072315263211004,0.9704280995617456,0.6312698734417473,,-1,nan,nan,nan,nan,-1,1e-12
8,5,2,2-3-4-5,2,2,2,3.5,3.5,0.0,0,7,8,1.0,PREREGISTERED_PRIMARY_ANALYSIS_COMPLETED,True,False,1,0.2,-0.9570716892777001,0.15064703635303137,0.9773054704380482,,-1,nan,nan,nan,nan,-1,1e-12
8,5,3,3-4-5-6,3,1,1,4.5,3.5,1.0,0,7,8,1.0,PREREGISTERED_PRIMARY_ANALYSIS_COMPLETED,True,False,0,0.0,0.6072315263234344,0.9704280995514711,0.6312698734389124,,-1,nan,nan,nan,nan,-1,1e-12
8,5,4,4-5-6-7,4,0,0,5.5,3.5,2.0,0,7,8,1.0,PREREGISTERED_PRIMARY_ANALYSIS_COMPLETED,True,False,0,0.0,0.6127035286135706,0.9717477229157084,0.6245943860244795,,-1,nan,nan,nan,nan,-1,1e-12
8,6,0,0-1-2-3,0,4,0,1.5,3.5,2.0,0,7,8,1.0,PREREGISTERED_PRIMARY_ANALYSIS_COMPLETED,True,True,5,1.0,-0.9934671987186887,-0.9822376327371591,0.03520923283490139,,-1,nan,nan,nan,nan,-1,1e-12
8,6,1,1-2-3-4,1,3,1,2.5,3.5,1.0,0,7,8,1.0,PREREGISTERED_PRIMARY_ANALYSIS_COMPLETED,True,False,0,0.0,-0.8218172131705949,-0.5960027635566956,0.6447807058327816,,-1,nan,nan,nan,nan,-1,1e-12
8,6,2,2-3-4-5,2,2,2,3.5,3.5,0.0,0,7,8,1.0,PREREGISTERED_PRIMARY_ANALYSIS_COMPLETED,True,True,5,1.0,-0.9814421462698141,-0.9528523495443952,0.09207239996772591,,-1,nan,nan,nan,nan,-1,1e-12
8,6,3,3-4-5-6,3,1,1,4.5,3.5,1.0,0,7,8,1.0,PREREGISTERED_PRIMARY_ANALYSIS_COMPLETED,True,False,0,0.0,-0.8218172131727395,-0.5960027635706386,0.6447807058161612,,-1,nan,nan,nan,nan,-1,1e-12
8,6,4,4-5-6-7,4,0,0,5.5,3.5,2.0,0,7,8,1.0,PREREGISTERED_PRIMARY_ANALYSIS_COMPLETED,True,True,5,1.0,-0.9934671987187893,-0.9822376327373046,0.0352092328346153,,-1,nan,nan,nan,nan,-1,1e-12
8,7,0,0-1-2-3,0,4,0,1.5,3.5,2.0,0,7,8,1.0,PREREGISTERED_PRIMARY_ANALYSIS_COMPLETED,True,False,0,0.0,0.7462616286003686,0.8937263056292122,0.4430935816787259,,-1,nan,nan,nan,nan,-1,1e-12
8,7,1,1-2-3-4,1,3,1,2.5,3.5,1.0,0,7,8,1.0,PREREGISTERED_PRIMARY_ANALYSIS_COMPLETED,True,True,5,1.0,-0.9937772091199466,-0.9773430384751028,0.0448005851442535,,-1,nan,nan,nan,nan,-1,1e-12
8,7,2,2-3-4-5,2,2,2,3.5,3.5,0.0,0,7,8,1.0,PREREGISTERED_PRIMARY_ANALYSIS_COMPLETED,True,True,5,1.0,-0.9912635654480783,-0.9647308849072485,0.06929431970607794,,-1,nan,nan,nan,nan,-1,1e-12
8,7,3,3-4-5-6,3,1,1,4.5,3.5,1.0,0,7,8,1.0,PREREGISTERED_PRIMARY_ANALYSIS_COMPLETED,True,True,5,1.0,-0.9937772091203385,-0.9773430384752819,0.044800585143904066,,-1,nan,nan,nan,nan,-1,1e-12
8,7,4,4-5-6-7,4,0,0,5.5,3.5,2.0,0,7,8,1.0,PREREGISTERED_PRIMARY_ANALYSIS_COMPLETED,True,False,0,0.0,0.7462616285899077,0.8937263056118065,0.44309358169433843,,-1,nan,nan,nan,nan,-1,1e-12
8,8,0,0-1-2-3,0,4,0,1.5,3.5,2.0,0,7,8,1.0,PREREGISTERED_PRIMARY_ANALYSIS_COMPLETED,True,False,0,0.0,-0.8338200660228003,0.6238113154962287,0.9581078210422588,,-1,nan,nan,nan,nan,-1,1e-12
8,8,1,1-2-3-4,1,3,1,2.5,3.5,1.0,0,7,8,1.0,PREREGISTERED_PRIMARY_ANALYSIS_COMPLETED,True,True,5,1.0,-0.9870118375855478,-0.9755825110664033,0.048238764101371144,,-1,nan,nan,nan,nan,-1,1e-12
8,8,2,2-3-4-5,2,2,2,3.5,3.5,0.0,0,7,8,1.0,PREREGISTERED_PRIMARY_ANALYSIS_COMPLETED,True,False,3,0.6,-0.939141150797856,-0.8883120887819618,0.210901632923828,,-1,nan,nan,nan,nan,-1,1e-12
8,8,3,3-4-5-6,3,1,1,4.5,3.5,1.0,0,7,8,1.0,PREREGISTERED_PRIMARY_ANALYSIS_COMPLETED,True,True,5,1.0,-0.987011837584311,-0.9755825110645674,0.048238764104951766,,-1,nan,nan,nan,nan,-1,1e-12
8,8,4,4-5-6-7,4,0,0,5.5,3.5,2.0,0,7,8,1.0,PREREGISTERED_PRIMARY_ANALYSIS_COMPLETED,True,False,0,0.0,-0.8338200660781311,0.6238113155118752,0.9581078210387269,,-1,nan,nan,nan,nan,-1,1e-12
8,9,0,0-1-2-3,0,4,0,1.5,3.5,2.0,0,7,8,1.0,PREREGISTERED_PRIMARY_ANALYSIS_COMPLETED,True,True,5,1.0,-0.9958502813117772,-0.9933133214792857,0.013328645371788357,,-1,nan,nan,nan,nan,-1,1e-12
8,9,1,1-2-3-4,1,3,1,2.5,3.5,1.0,0,7,8,1.0,PREREGISTERED_PRIMARY_ANALYSIS_COMPLETED,True,False,1,0.2,-0.933589731939688,-0.86469657191373,0.25229983852064375,,-1,nan,nan,nan,nan,-1,1e-12
8,9,2,2-3-4-5,2,2,2,3.5,3.5,0.0,0,7,8,1.0,PREREGISTERED_PRIMARY_ANALYSIS_COMPLETED,True,False,0,0.0,-0.716115054118282,-0.16624590175088957,0.9723623001510339,,-1,nan,nan,nan,nan,-1,1e-12
8,9,3,3-4-5-6,3,1,1,4.5,3.5,1.0,0,7,8,1.0,PREREGISTERED_PRIMARY_ANALYSIS_COMPLETED,True,False,1,0.2,-0.9335897319366852,-0.8646965719131766,0.2522998385216011,,-1,nan,nan,nan,nan,-1,1e-12
8,9,4,4-5-6-7,4,0,0,5.5,3.5,2.0,0,7,8,1.0,PREREGISTERED_PRIMARY_ANALYSIS_COMPLETED,True,True,5,1.0,-0.9958502813086775,-0.9933133214767074,0.013328645376912196,,-1,nan,nan,nan,nan,-1,1e-12
8,10,0,0-1-2-3,0,4,0,1.5,3.5,2.0,0,7,8,1.0,PREREGISTERED_PRIMARY_ANALYSIS_COMPLETED,True,False,0,0.0,0.2367914938329071,0.8310803037978722,0.9439297884483802,,-1,nan,nan,nan,nan,-1,1e-12
8,10,1,1-2-3-4,1,3,1,2.5,3.5,1.0,0,7,8,1.0,PREREGISTERED_PRIMARY_ANALYSIS_COMPLETED,True,False,0,0.0,0.10862514260084231,0.6513311965716205,0.9882005783949468,,-1,nan,nan,nan,nan,-1,1e-12
8,10,2,2-3-4-5,2,2,2,3.5,3.5,0.0,0,7,8,1.0,PREREGISTERED_PRIMARY_ANALYSIS_COMPLETED,True,False,0,0.0,0.7988341435947304,0.9162644573544982,0.3618640110272732,,-1,nan,nan,nan,nan,-1,1e-12
8,10,3,3-4-5-6,3,1,1,4.5,3.5,1.0,0,7,8,1.0,PREREGISTERED_PRIMARY_ANALYSIS_COMPLETED,True,False,0,0.0,0.10862514260230859,0.651331196585955,0.9882005783946279,,-1,nan,nan,nan,nan,-1,1e-12
8,10,4,4-5-6-7,4,0,0,5.5,3.5,2.0,0,7,8,1.0,PREREGISTERED_PRIMARY_ANALYSIS_COMPLETED,True,False,0,0.0,0.2367914938279351,0.83108030381197,0.9439297884507346,,-1,nan,nan,nan,nan,-1,1e-12
8,11,0,0-1-2-3,0,4,0,1.5,3.5,2.0,0,7,8,1.0,PREREGISTERED_PRIMARY_ANALYSIS_COMPLETED,True,False,0,0.0,-0.7638879860959885,-0.4006222570319831,0.8395018071705996,,-1,nan,nan,nan,nan,-1,1e-12
8,11,1,1-2-3-4,1,3,1,2.5,3.5,1.0,0,7,8,1.0,PREREGISTERED_PRIMARY_ANALYSIS_COMPLETED,True,True,5,1.0,-0.9829426908044067,-0.8974866273236799,0.19451775377516597,,-1,nan,nan,nan,nan,-1,1e-12
8,11,2,2-3-4-5,2,2,2,3.5,3.5,0.0,0,7,8,1.0,PREREGISTERED_PRIMARY_ANALYSIS_COMPLETED,True,False,0,0.0,-0.7557730184480747,-0.3906316680310664,0.8474068999312666,,-1,nan,nan,nan,nan,-1,1e-12
8,11,3,3-4-5-6,3,1,1,4.5,3.5,1.0,0,7,8,1.0,PREREGISTERED_PRIMARY_ANALYSIS_COMPLETED,True,True,5,1.0,-0.9829426908058981,-0.8974866273237329,0.19451775377507138,,-1,nan,nan,nan,nan,-1,1e-12
8,11,4,4-5-6-7,4,0,0,5.5,3.5,2.0,0,7,8,1.0,PREREGISTERED_PRIMARY_ANALYSIS_COMPLETED,True,False,0,0.0,-0.7638879860986336,-0.40062225703364945,0.8395018071692646,,-1,nan,nan,nan,nan,-1,1e-12
8,12,0,0-1-2-3,0,4,0,1.5,3.5,2.0,0,7,8,1.0,PREREGISTERED_PRIMARY_ANALYSIS_COMPLETED,True,False,1,0.2,-0.9658947420514817,-0.05607379956056427,0.996855729002842,,-1,nan,nan,nan,nan,-1,1e-12
8,12,1,1-2-3-4,1,3,1,2.5,3.5,1.0,0,7,8,1.0,PREREGISTERED_PRIMARY_ANALYSIS_COMPLETED,True,False,0,0.0,-0.2722583857831681,0.11914664701969281,0.9994825079324777,,-1,nan,nan,nan,nan,-1,1e-12
8,12,2,2-3-4-5,2,2,2,3.5,3.5,0.0,0,7,8,1.0,PREREGISTERED_PRIMARY_ANALYSIS_COMPLETED,True,False,0,0.0,-0.03786888985934098,0.35361994921178025,0.9999451344433412,,-1,nan,nan,nan,nan,-1,1e-12
8,12,3,3-4-5-6,3,1,1,4.5,3.5,1.0,0,7,8,1.0,PREREGISTERED_PRIMARY_ANALYSIS_COMPLETED,True,False,0,0.0,-0.2722583858041813,0.11914664701896181,0.9994825079325032,,-1,nan,nan,nan,nan,-1,1e-12
8,12,4,4-5-6-7,4,0,0,5.5,3.5,2.0,0,7,8,1.0,PREREGISTERED_PRIMARY_ANALYSIS_COMPLETED,True,False,1,0.2,-0.9658947420529455,-0.05607379955987004,0.9968557290029194,,-1,nan,nan,nan,nan,-1,1e-12
10,1,0,0-1-2-3,0,6,0,1.5,4.5,3.0,0,4,5,0.5,MODULAR_SECTOR_UNDEFINED_RANK_DEFICIENT,False,,,nan,nan,nan,nan,POSITIVITY_GATE_FAIL,0,0.0,0.0,-8.228419069791163e-17,0.7404689526062449,4,1e-12
10,1,1,1-2-3-4,1,5,1,2.5,4.5,2.0,0,5,6,0.6,MODULAR_SECTOR_UNDEFINED_RANK_DEFICIENT,False,,,nan,nan,nan,nan,POSITIVITY_GATE_FAIL,0,0.0,0.0,-7.271024079529198e-17,0.6535926380275198,8,1e-12
10,1,2,2-3-4-5,2,4,2,3.5,4.5,1.0,1,6,6,0.6,MODULAR_SECTOR_UNDEFINED_RANK_DEFICIENT,False,,,nan,nan,nan,nan,POSITIVITY_GATE_FAIL,0,0.0,0.0,-8.697508642415517e-17,0.6535926380275195,8,1e-12
10,1,3,3-4-5-6,3,3,3,4.5,4.5,0.0,2,7,6,0.6,MODULAR_SECTOR_UNDEFINED_RANK_DEFICIENT,False,,,nan,nan,nan,nan,POSITIVITY_GATE_FAIL,0,0.0,0.0,-9.53339215576099e-17,0.6535926380275192,8,1e-12
10,1,4,4-5-6-7,4,2,2,5.5,4.5,1.0,3,8,6,0.6,MODULAR_SECTOR_UNDEFINED_RANK_DEFICIENT,False,,,nan,nan,nan,nan,POSITIVITY_GATE_FAIL,0,0.0,0.0,-7.133304055062269e-17,0.6535926380275193,8,1e-12
10,1,5,5-6-7-8,5,1,1,6.5,4.5,2.0,4,9,6,0.6,MODULAR_SECTOR_UNDEFINED_RANK_DEFICIENT,False,,,nan,nan,nan,nan,POSITIVITY_GATE_FAIL,0,0.0,0.0,-6.230590178437908e-17,0.6535926380275192,8,1e-12
10,1,6,6-7-8-9,6,0,0,7.5,4.5,3.0,5,9,5,0.5,MODULAR_SECTOR_UNDEFINED_RANK_DEFICIENT,False,,,nan,nan,nan,nan,POSITIVITY_GATE_FAIL,0,0.0,0.0,-5.532823229665492e-17,0.7404689526062447,4,1e-12
10,2,0,0-1-2-3,0,6,0,1.5,4.5,3.0,0,5,6,0.6,MODULAR_SECTOR_UNDEFINED_RANK_DEFICIENT,False,,,nan,nan,nan,nan,POSITIVITY_GATE_FAIL,0,0.0,0.0,-6.3515519679780995e-18,0.6283691297531133,8,1e-12
10,2,1,1-2-3-4,1,5,1,2.5,4.5,2.0,0,6,7,0.7,PREREGISTERED_PRIMARY_ANALYSIS_COMPLETED,True,False,0,0.0,0.1327149457415814,0.35873254136212185,0.982386743176809,,-1,nan,nan,nan,nan,-1,1e-12
10,2,2,2-3-4-5,2,4,2,3.5,4.5,1.0,0,7,8,0.8,PREREGISTERED_PRIMARY_ANALYSIS_COMPLETED,True,False,0,0.0,0.010885422359933353,0.29199228642439196,0.9998815075800457,,-1,nan,nan,nan,nan,-1,1e-12
10,2,3,3-4-5-6,3,3,3,4.5,4.5,0.0,1,8,8,0.8,PREREGISTERED_PRIMARY_ANALYSIS_COMPLETED,True,False,0,0.0,0.010885422346062438,0.29199228607608885,0.999881507580348,,-1,nan,nan,nan,nan,-1,1e-12
10,2,4,4-5-6-7,4,2,2,5.5,4.5,1.0,2,9,8,0.8,PREREGISTERED_PRIMARY_ANALYSIS_COMPLETED,True,False,0,0.0,0.010885422361470809,0.2919922864531666,0.9998815075800126,,-1,nan,nan,nan,nan,-1,1e-12
10,2,5,5-6-7-8,5,1,1,6.5,4.5,2.0,3,9,7,0.7,PREREGISTERED_PRIMARY_ANALYSIS_COMPLETED,True,False,0,0.0,0.13271494573468987,0.35873254127750637,0.9823867431786382,,-1,nan,nan,nan,nan,-1,1e-12
10,2,6,6-7-8-9,6,0,0,7.5,4.5,3.0,4,9,6,0.6,MODULAR_SECTOR_UNDEFINED_RANK_DEFICIENT,False,,,nan,nan,nan,nan,POSITIVITY_GATE_FAIL,0,0.0,0.0,-2.4099308325962052e-17,0.6283691297531134,8,1e-12
10,3,0,0-1-2-3,0,6,0,1.5,4.5,3.0,0,6,7,0.7,PREREGISTERED_PRIMARY_ANALYSIS_COMPLETED,True,False,0,0.0,0.861924002558025,0.9906736538311681,0.257087013814354,,-1,nan,nan,nan,nan,-1,1e-12
10,3,1,1-2-3-4,1,5,1,2.5,4.5,2.0,0,7,8,0.8,PREREGISTERED_PRIMARY_ANALYSIS_COMPLETED,True,False,0,0.0,0.8563308316108634,0.9812448279056613,0.26669750683264704,,-1,nan,nan,nan,nan,-1,1e-12
10,3,2,2-3-4-5,2,4,2,3.5,4.5,1.0,0,8,9,0.9,PREREGISTERED_PRIMARY_ANALYSIS_COMPLETED,True,False,0,0.0,0.5728268024650327,0.78292377926706,0.6718694543776861,,-1,nan,nan,nan,nan,-1,1e-12
10,3,3,3-4-5-6,3,3,3,4.5,4.5,0.0,0,9,10,1.0,PREREGISTERED_PRIMARY_ANALYSIS_COMPLETED,True,False,0,0.0,0.6070420467823494,0.8173197494736919,0.6314999534382956,,-1,nan,nan,nan,nan,-1,1e-12
10,3,4,4-5-6-7,4,2,2,5.5,4.5,1.0,1,9,9,0.9,PREREGISTERED_PRIMARY_ANALYSIS_COMPLETED,True,False,0,0.0,0.5728268023943416,0.7829237792395821,0.6718694544586742,,-1,nan,nan,nan,nan,-1,1e-12
10,3,5,5-6-7-8,5,1,1,6.5,4.5,2.0,2,9,8,0.8,PREREGISTERED_PRIMARY_ANALYSIS_COMPLETED,True,False,0,0.0,0.8563308316059831,0.9812448278883994,0.26669750684100524,,-1,nan,nan,nan,nan,-1,1e-12
10,3,6,6-7-8-9,6,0,0,7.5,4.5,3.0,3,9,7,0.7,PREREGISTERED_PRIMARY_ANALYSIS_COMPLETED,True,False,0,0.0,0.8619240025652469,0.9906736538316844,0.2570870138019033,,-1,nan,nan,nan,nan,-1,1e-12
10,4,0,0-1-2-3,0,6,0,1.5,4.5,3.0,0,7,8,0.8,PREREGISTERED_PRIMARY_ANALYSIS_COMPLETED,True,True,5,1.0,-0.9910038506676256,-0.9644347256123035,0.06986566003312167,,-1,nan,nan,nan,nan,-1,1e-12
10,4,1,1-2-3-4,1,5,1,2.5,4.5,2.0,0,8,9,0.9,PREREGISTERED_PRIMARY_ANALYSIS_COMPLETED,True,True,5,1.0,-0.993086410329006,-0.9520948905509541,0.09351531938676697,,-1,nan,nan,nan,nan,-1,1e-12
10,4,2,2-3-4-5,2,4,2,3.5,4.5,1.0,0,9,10,1.0,PREREGISTERED_PRIMARY_ANALYSIS_COMPLETED,True,False,0,0.0,0.16412857222637192,0.4054289036145359,0.9730618117789326,,-1,nan,nan,nan,nan,-1,1e-12
10,4,3,3-4-5-6,3,3,3,4.5,4.5,0.0,0,9,10,1.0,PREREGISTERED_PRIMARY_ANALYSIS_COMPLETED,True,False,0,0.0,0.09829923630632484,0.43054903087185675,0.9903372601415935,,-1,nan,nan,nan,nan,-1,1e-12
10,4,4,4-5-6-7,4,2,2,5.5,4.5,1.0,0,9,10,1.0,PREREGISTERED_PRIMARY_ANALYSIS_COMPLETED,True,False,0,0.0,0.16412857222737806,0.4054289036557507,0.9730618117786023,,-1,nan,nan,nan,nan,-1,1e-12
10,4,5,5-6-7-8,5,1,1,6.5,4.5,2.0,1,9,9,0.9,PREREGISTERED_PRIMARY_ANALYSIS_COMPLETED,True,True,5,1.0,-0.9930864103290388,-0.9520948905509804,0.0935153193867161,,-1,nan,nan,nan,nan,-1,1e-12
10,4,6,6-7-8-9,6,0,0,7.5,4.5,3.0,2,9,8,0.8,PREREGISTERED_PRIMARY_ANALYSIS_COMPLETED,True,True,5,1.0,-0.9910038506674858,-0.9644347256109439,0.06986566003574422,,-1,nan,nan,nan,nan,-1,1e-12
10,5,0,0-1-2-3,0,6,0,1.5,4.5,3.0,0,8,9,0.9,PREREGISTERED_PRIMARY_ANALYSIS_COMPLETED,True,False,0,0.0,0.6128924470733179,0.9717109946583037,0.6243628483204802,,-1,nan,nan,nan,nan,-1,1e-12
10,5,1,1-2-3-4,1,5,1,2.5,4.5,2.0,0,9,10,1.0,PREREGISTERED_PRIMARY_ANALYSIS_COMPLETED,True,False,0,0.0,0.6417750975163493,0.9741479182211236,0.58812472420788,,-1,nan,nan,nan,nan,-1,1e-12
10,5,2,2-3-4-5,2,4,2,3.5,4.5,1.0,0,9,10,1.0,PREREGISTERED_PRIMARY_ANALYSIS_COMPLETED,True,False,0,0.0,0.4988559299505242,0.8858278574034704,0.7511427611531976,,-1,nan,nan,nan,nan,-1,1e-12
10,5,3,3-4-5-6,3,3,3,4.5,4.5,0.0,0,9,10,1.0,PREREGISTERED_PRIMARY_ANALYSIS_COMPLETED,True,False,0,0.0,-0.4498012712332935,0.5415743210499985,0.9954082471584649,,-1,nan,nan,nan,nan,-1,1e-12
10,5,4,4-5-6-7,4,2,2,5.5,4.5,1.0,0,9,10,1.0,PREREGISTERED_PRIMARY_ANALYSIS_COMPLETED,True,False,0,0.0,0.4988559299469519,0.8858278573984489,0.7511427611567615,,-1,nan,nan,nan,nan,-1,1e-12
10,5,5,5-6-7-8,5,1,1,6.5,4.5,2.0,0,9,10,1.0,PREREGISTERED_PRIMARY_ANALYSIS_COMPLETED,True,False,0,0.0,0.6417750975222603,0.9741479182235393,0.5881247242002935,,-1,nan,nan,nan,nan,-1,1e-12
10,5,6,6-7-8-9,6,0,0,7.5,4.5,3.0,1,9,9,0.9,PREREGISTERED_PRIMARY_ANALYSIS_COMPLETED,True,False,0,0.0,0.6128924470674763,0.9717109946527424,0.6243628483276407,,-1,nan,nan,nan,nan,-1,1e-12
10,6,0,0-1-2-3,0,6,0,1.5,4.5,3.0,0,9,10,1.0,PREREGISTERED_PRIMARY_ANALYSIS_COMPLETED,True,True,5,1.0,-0.9925486404569884,-0.9804103192505168,0.03879560590710052,,-1,nan,nan,nan,nan,-1,1e-12
10,6,1,1-2-3-4,1,5,1,2.5,4.5,2.0,0,9,10,1.0,PREREGISTERED_PRIMARY_ANALYSIS_COMPLETED,True,False,0,0.0,-0.8170310933182139,-0.6562255695293314,0.569368001895905,,-1,nan,nan,nan,nan,-1,1e-12
10,6,2,2-3-4-5,2,4,2,3.5,4.5,1.0,0,9,10,1.0,PREREGISTERED_PRIMARY_ANALYSIS_COMPLETED,True,False,4,0.8,-0.9475574630281255,-0.8927450644239555,0.2030062499466678,,-1,nan,nan,nan,nan,-1,1e-12
10,6,3,3-4-5-6,3,3,3,4.5,4.5,0.0,0,9,10,1.0,PREREGISTERED_PRIMARY_ANALYSIS_COMPLETED,True,False,2,0.4,-0.9777662974848649,-0.5471826411711318,0.7005911572009842,,-1,nan,nan,nan,nan,-1,1e-12
10,6,4,4-5-6-7,4,2,2,5.5,4.5,1.0,0,9,10,1.0,PREREGISTERED_PRIMARY_ANALYSIS_COMPLETED,True,False,4,0.8,-0.9475574630278985,-0.8927450644221945,0.2030062499498124,,-1,nan,nan,nan,nan,-1,1e-12
10,6,5,5-6-7-8,5,1,1,6.5,4.5,2.0,0,9,10,1.0,PREREGISTERED_PRIMARY_ANALYSIS_COMPLETED,True,False,0,0.0,-0.8170310933175581,-0.6562255695228986,0.5693680019043482,,-1,nan,nan,nan,nan,-1,1e-12
10,6,6,6-7-8-9,6,0,0,7.5,4.5,3.0,0,9,10,1.0,PREREGISTERED_PRIMARY_ANALYSIS_COMPLETED,True,True,5,1.0,-0.9925486404564227,-0.980410319250106,0.03879560590790473,,-1,nan,nan,nan,nan,-1,1e-12
10,7,0,0-1-2-3,0,6,0,1.5,4.5,3.0,0,9,10,1.0,PREREGISTERED_PRIMARY_ANALYSIS_COMPLETED,True,False,0,0.0,0.5443534115145056,0.7496521967452952,0.7036793633725194,,-1,nan,nan,nan,nan,-1,1e-12
10,7,1,1-2-3-4,1,5,1,2.5,4.5,2.0,0,9,10,1.0,PREREGISTERED_PRIMARY_ANALYSIS_COMPLETED,True,False,0,0.0,-0.6846589734659145,0.3575496070931609,0.9987375597476871,,-1,nan,nan,nan,nan,-1,1e-12
10,7,2,2-3-4-5,2,4,2,3.5,4.5,1.0,0,9,10,1.0,PREREGISTERED_PRIMARY_ANALYSIS_COMPLETED,True,False,0,0.0,-0.7752924133323175,-0.4823780026896535,0.7673114625211408,,-1,nan,nan,nan,nan,-1,1e-12
10,7,3,3-4-5-6,3,3,3,4.5,4.5,0.0,0,9,10,1.0,PREREGISTERED_PRIMARY_ANALYSIS_COMPLETED,True,False,0,0.0,-0.7131116348531584,-0.2107329769602976,0.9555916124214507,,-1,nan,nan,nan,nan,-1,1e-12
10,7,4,4-5-6-7,4,2,2,5.5,4.5,1.0,0,9,10,1.0,PREREGISTERED_PRIMARY_ANALYSIS_COMPLETED,True,False,0,0.0,-0.7752924133364227,-0.4823780027090256,0.7673114625024513,,-1,nan,nan,nan,nan,-1,1e-12
10,7,5,5-6-7-8,5,1,1,6.5,4.5,2.0,0,9,10,1.0,PREREGISTERED_PRIMARY_ANALYSIS_COMPLETED,True,False,0,0.0,-0.6846589734706141,0.3575496070999224,0.9987375597476421,,-1,nan,nan,nan,nan,-1,1e-12
10,7,6,6-7-8-9,6,0,0,7.5,4.5,3.0,0,9,10,1.0,PREREGISTERED_PRIMARY_ANALYSIS_COMPLETED,True,False,0,0.0,0.5443534114835642,0.749652196621452,0.7036793634062053,,-1,nan,nan,nan,nan,-1,1e-12
10,8,0,0-1-2-3,0,6,0,1.5,4.5,3.0,0,9,10,1.0,PREREGISTERED_PRIMARY_ANALYSIS_COMPLETED,True,False,0,0.0,-0.6737193472697488,0.5752210510099256,0.9785119890744981,,-1,nan,nan,nan,nan,-1,1e-12
10,8,1,1-2-3-4,1,5,1,2.5,4.5,2.0,0,9,10,1.0,PREREGISTERED_PRIMARY_ANALYSIS_COMPLETED,True,False,1,0.2,-0.9100459836827562,0.023054870841446192,0.9994684729304845,,-1,nan,nan,nan,nan,-1,1e-12
10,8,2,2-3-4-5,2,4,2,3.5,4.5,1.0,0,9,10,1.0,PREREGISTERED_PRIMARY_ANALYSIS_COMPLETED,True,False,1,0.2,-0.9008179558836669,-0.8302950410998955,0.31061014472492265,,-1,nan,nan,nan,nan,-1,1e-12
10,8,3,3-4-5-6,3,3,3,4.5,4.5,0.0,0,9,10,1.0,PREREGISTERED_PRIMARY_ANALYSIS_COMPLETED,True,False,0,0.0,-0.7557894261494381,-0.4131680446564978,0.8292921668747264,,-1,nan,nan,nan,nan,-1,1e-12
10,8,4,4-5-6-7,4,2,2,5.5,4.5,1.0,0,9,10,1.0,PREREGISTERED_PRIMARY_ANALYSIS_COMPLETED,True,False,1,0.2,-0.9008179558834635,-0.830295041098357,0.31061014472747783,,-1,nan,nan,nan,nan,-1,1e-12
10,8,5,5-6-7-8,5,1,1,6.5,4.5,2.0,0,9,10,1.0,PREREGISTERED_PRIMARY_ANALYSIS_COMPLETED,True,False,1,0.2,-0.9100459836583608,0.02305487082185691,0.9994684729313873,,-1,nan,nan,nan,nan,-1,1e-12
10,8,6,6-7-8-9,6,0,0,7.5,4.5,3.0,0,9,10,1.0,PREREGISTERED_PRIMARY_ANALYSIS_COMPLETED,True,False,0,0.0,-0.6737193476798534,0.5752210510573387,0.9785119890634102,,-1,nan,nan,nan,nan,-1,1e-12
10,9,0,0-1-2-3,0,6,0,1.5,4.5,3.0,0,9,10,1.0,PREREGISTERED_PRIMARY_ANALYSIS_COMPLETED,True,False,0,0.0,-0.5361082001786189,0.48647697016963665,0.9861303932574115,,-1,nan,nan,nan,nan,-1,1e-12
10,9,1,1-2-3-4,1,5,1,2.5,4.5,2.0,0,9,10,1.0,PREREGISTERED_PRIMARY_ANALYSIS_COMPLETED,True,False,0,0.0,0.679285198612722,0.8908520607961966,0.5385716189456748,,-1,nan,nan,nan,nan,-1,1e-12
10,9,2,2-3-4-5,2,4,2,3.5,4.5,1.0,0,9,10,1.0,PREREGISTERED_PRIMARY_ANALYSIS_COMPLETED,True,True,5,1.0,-0.9961147709723557,-0.9845765300660918,0.030609056443013642,,-1,nan,nan,nan,nan,-1,1e-12
10,9,3,3-4-5-6,3,3,3,4.5,4.5,0.0,0,9,10,1.0,PREREGISTERED_PRIMARY_ANALYSIS_COMPLETED,True,True,5,1.0,-0.9932561596475679,-0.9747731427997032,0.049817320076389934,,-1,nan,nan,nan,nan,-1,1e-12
10,9,4,4-5-6-7,4,2,2,5.5,4.5,1.0,0,9,10,1.0,PREREGISTERED_PRIMARY_ANALYSIS_COMPLETED,True,True,5,1.0,-0.9961147709723128,-0.9845765300660038,0.030609056443187867,,-1,nan,nan,nan,nan,-1,1e-12
10,9,5,5-6-7-8,5,1,1,6.5,4.5,2.0,0,9,10,1.0,PREREGISTERED_PRIMARY_ANALYSIS_COMPLETED,True,False,0,0.0,0.6792851986843667,0.8908520609173753,0.5385716188483405,,-1,nan,nan,nan,nan,-1,1e-12
10,9,6,6-7-8-9,6,0,0,7.5,4.5,3.0,0,9,10,1.0,PREREGISTERED_PRIMARY_ANALYSIS_COMPLETED,True,False,0,0.0,-0.5361082002121526,0.48647697015870145,0.9861303932592883,,-1,nan,nan,nan,nan,-1,1e-12
10,10,0,0-1-2-3,0,6,0,1.5,4.5,3.0,0,9,10,1.0,PREREGISTERED_PRIMARY_ANALYSIS_COMPLETED,True,False,1,0.2,-0.9205583960406142,0.3223975763063087,0.9994051715570945,,-1,nan,nan,nan,nan,-1,1e-12
10,10,1,1-2-3-4,1,5,1,2.5,4.5,2.0,0,9,10,1.0,PREREGISTERED_PRIMARY_ANALYSIS_COMPLETED,True,False,0,0.0,0.05985944842524972,0.7156902035308764,0.9964168464342252,,-1,nan,nan,nan,nan,-1,1e-12
10,10,2,2-3-4-5,2,4,2,3.5,4.5,1.0,0,9,10,1.0,PREREGISTERED_PRIMARY_ANALYSIS_COMPLETED,True,False,0,0.0,0.15421979927214222,0.757012871395149,0.9762162535124601,,-1,nan,nan,nan,nan,-1,1e-12
10,10,3,3-4-5-6,3,3,3,4.5,4.5,0.0,0,9,10,1.0,PREREGISTERED_PRIMARY_ANALYSIS_COMPLETED,True,False,0,0.0,0.3104540360839753,0.9085931953735245,0.9036182914791699,,-1,nan,nan,nan,nan,-1,1e-12
10,10,4,4-5-6-7,4,2,2,5.5,4.5,1.0,0,9,10,1.0,PREREGISTERED_PRIMARY_ANALYSIS_COMPLETED,True,False,0,0.0,0.15421979927166565,0.7570128713893414,0.976216253512607,,-1,nan,nan,nan,nan,-1,1e-12
10,10,5,5-6-7-8,5,1,1,6.5,4.5,2.0,0,9,10,1.0,PREREGISTERED_PRIMARY_ANALYSIS_COMPLETED,True,False,0,0.0,0.05985944842544938,0.7156902035248798,0.9964168464342009,,-1,nan,nan,nan,nan,-1,1e-12
10,10,6,6-7-8-9,6,0,0,7.5,4.5,3.0,0,9,10,1.0,PREREGISTERED_PRIMARY_ANALYSIS_COMPLETED,True,False,1,0.2,-0.9205583960679471,0.3223975763091201,0.9994051715574761,,-1,nan,nan,nan,nan,-1,1e-12
10,11,0,0-1-2-3,0,6,0,1.5,4.5,3.0,0,9,10,1.0,PREREGISTERED_PRIMARY_ANALYSIS_COMPLETED,True,False,0,0.0,-0.37488927693080215,-0.045047684400025025,0.9979707061301955,,-1,nan,nan,nan,nan,-1,1e-12
10,11,1,1-2-3-4,1,5,1,2.5,4.5,2.0,0,9,10,1.0,PREREGISTERED_PRIMARY_ANALYSIS_COMPLETED,True,True,5,1.0,-0.9712915023015852,-0.9302363110027708,0.13466040569195534,,-1,nan,nan,nan,nan,-1,1e-12
10,11,2,2-3-4-5,2,4,2,3.5,4.5,1.0,0,9,10,1.0,PREREGISTERED_PRIMARY_ANALYSIS_COMPLETED,True,False,1,0.2,-0.9129312644961342,-0.610293533784396,0.6275418026209544,,-1,nan,nan,nan,nan,-1,1e-12
10,11,3,3-4-5-6,3,3,3,4.5,4.5,0.0,0,9,10,1.0,PREREGISTERED_PRIMARY_ANALYSIS_COMPLETED,True,False,0,0.0,-0.6077267127790057,-0.34664301527676994,0.8798386199598288,,-1,nan,nan,nan,nan,-1,1e-12
10,11,4,4-5-6-7,4,2,2,5.5,4.5,1.0,0,9,10,1.0,PREREGISTERED_PRIMARY_ANALYSIS_COMPLETED,True,False,1,0.2,-0.9129312645032774,-0.6102935338225575,0.6275418025743752,,-1,nan,nan,nan,nan,-1,1e-12
10,11,5,5-6-7-8,5,1,1,6.5,4.5,2.0,0,9,10,1.0,PREREGISTERED_PRIMARY_ANALYSIS_COMPLETED,True,True,5,1.0,-0.9712915022995924,-0.9302363109902274,0.13466040571529278,,-1,nan,nan,nan,nan,-1,1e-12
10,11,6,6-7-8-9,6,0,0,7.5,4.5,3.0,0,9,10,1.0,PREREGISTERED_PRIMARY_ANALYSIS_COMPLETED,True,False,0,0.0,-0.3748892769211273,-0.04504768439812714,0.9979707061303666,,-1,nan,nan,nan,nan,-1,1e-12
10,12,0,0-1-2-3,0,6,0,1.5,4.5,3.0,0,9,10,1.0,PREREGISTERED_PRIMARY_ANALYSIS_COMPLETED,True,False,0,0.0,-0.5029365992198555,-0.00906069365664203,0.9999179038304606,,-1,nan,nan,nan,nan,-1,1e-12
10,12,1,1-2-3-4,1,5,1,2.5,4.5,2.0,0,9,10,1.0,PREREGISTERED_PRIMARY_ANALYSIS_COMPLETED,True,False,0,0.0,-0.7697686160883941,0.18871253042469524,0.997296049561795,,-1,nan,nan,nan,nan,-1,1e-12
10,12,2,2-3-4-5,2,4,2,3.5,4.5,1.0,0,9,10,1.0,PREREGISTERED_PRIMARY_ANALYSIS_COMPLETED,True,False,0,0.0,-0.01704075663404941,0.5323603468403744,0.9997096126133391,,-1,nan,nan,nan,nan,-1,1e-12
10,12,3,3-4-5-6,3,3,3,4.5,4.5,0.0,0,9,10,1.0,PREREGISTERED_PRIMARY_ANALYSIS_COMPLETED,True,False,0,0.0,0.6005924112305353,0.8434255823582303,0.6392887555722916,,-1,nan,nan,nan,nan,-1,1e-12
10,12,4,4-5-6-7,4,2,2,5.5,4.5,1.0,0,9,10,1.0,PREREGISTERED_PRIMARY_ANALYSIS_COMPLETED,True,False,0,0.0,-0.01704075663364356,0.5323603468643151,0.9997096126133528,,-1,nan,nan,nan,nan,-1,1e-12
10,12,5,5-6-7-8,5,1,1,6.5,4.5,2.0,0,9,10,1.0,PREREGISTERED_PRIMARY_ANALYSIS_COMPLETED,True,False,0,0.0,-0.7697686160115298,0.1887125304205788,0.9972960495620316,,-1,nan,nan,nan,nan,-1,1e-12
10,12,6,6-7-8-9,6,0,0,7.5,4.5,3.0,0,9,10,1.0,PREREGISTERED_PRIMARY_ANALYSIS_COMPLETED,True,False,0,0.0,-0.5029365992245497,-0.009060693655946868,0.9999179038304732,,-1,nan,nan,nan,nan,-1,1e-12
12,1,0,0-1-2-3,0,8,0,1.5,5.5,4.0,0,4,5,0.4166666666666667,MODULAR_SECTOR_UNDEFINED_RANK_DEFICIENT,False,,,nan,nan,nan,nan,POSITIVITY_GATE_FAIL,0,0.0,0.0,-1.9629556933855735e-16,0.7404689526062449,4,1e-12
12,1,1,1-2-3-4,1,7,1,2.5,5.5,3.0,0,5,6,0.5,MODULAR_SECTOR_UNDEFINED_RANK_DEFICIENT,False,,,nan,nan,nan,nan,POSITIVITY_GATE_FAIL,0,0.0,0.0,-9.187246946516308e-17,0.6535926380275192,8,1e-12
12,1,2,2-3-4-5,2,6,2,3.5,5.5,2.0,1,6,6,0.5,MODULAR_SECTOR_UNDEFINED_RANK_DEFICIENT,False,,,nan,nan,nan,nan,POSITIVITY_GATE_FAIL,0,0.0,0.0,-8.315733965819034e-17,0.6535926380275192,8,1e-12
12,1,3,3-4-5-6,3,5,3,4.5,5.5,1.0,2,7,6,0.5,MODULAR_SECTOR_UNDEFINED_RANK_DEFICIENT,False,,,nan,nan,nan,nan,POSITIVITY_GATE_FAIL,0,0.0,0.0,-9.867223302733524e-17,0.6535926380275191,8,1e-12
12,1,4,4-5-6-7,4,4,4,5.5,5.5,0.0,3,8,6,0.5,MODULAR_SECTOR_UNDEFINED_RANK_DEFICIENT,False,,,nan,nan,nan,nan,POSITIVITY_GATE_FAIL,0,0.0,0.0,-7.987578571782985e-17,0.6535926380275193,8,1e-12
12,1,5,5-6-7-8,5,3,3,6.5,5.5,1.0,4,9,6,0.5,MODULAR_SECTOR_UNDEFINED_RANK_DEFICIENT,False,,,nan,nan,nan,nan,POSITIVITY_GATE_FAIL,0,0.0,0.0,-8.986606578219934e-17,0.6535926380275194,8,1e-12
12,1,6,6-7-8-9,6,2,2,7.5,5.5,2.0,5,10,6,0.5,MODULAR_SECTOR_UNDEFINED_RANK_DEFICIENT,False,,,nan,nan,nan,nan,POSITIVITY_GATE_FAIL,0,0.0,0.0,-1.1255837543649093e-16,0.6535926380275193,8,1e-12
12,1,7,7-8-9-10,7,1,1,8.5,5.5,3.0,6,11,6,0.5,MODULAR_SECTOR_UNDEFINED_RANK_DEFICIENT,False,,,nan,nan,nan,nan,POSITIVITY_GATE_FAIL,0,0.0,0.0,-6.587849215980916e-17,0.6535926380275192,8,1e-12
12,1,8,8-9-10-11,8,0,0,9.5,5.5,4.0,7,11,5,0.4166666666666667,MODULAR_SECTOR_UNDEFINED_RANK_DEFICIENT,False,,,nan,nan,nan,nan,POSITIVITY_GATE_FAIL,0,0.0,0.0,-2.052096362278094e-16,0.7404689526062447,4,1e-12
12,2,0,0-1-2-3,0,8,0,1.5,5.5,4.0,0,5,6,0.5,MODULAR_SECTOR_UNDEFINED_RANK_DEFICIENT,False,,,nan,nan,nan,nan,POSITIVITY_GATE_FAIL,0,0.0,0.0,-6.118669503641554e-17,0.6283691297531131,8,1e-12
12,2,1,1-2-3-4,1,7,1,2.5,5.5,3.0,0,6,7,0.5833333333333334,PREREGISTERED_PRIMARY_ANALYSIS_COMPLETED,True,False,0,0.0,0.13271494573921583,0.35873254131533333,0.9823867431774369,,-1,nan,nan,nan,nan,-1,1e-12
12,2,2,2-3-4-5,2,6,2,3.5,5.5,2.0,0,7,8,0.6666666666666666,PREREGISTERED_PRIMARY_ANALYSIS_COMPLETED,True,False,0,0.0,0.010885422367754872,0.29199228634612057,0.9998815075798758,,-1,nan,nan,nan,nan,-1,1e-12
12,2,3,3-4-5-6,3,5,3,4.5,5.5,1.0,1,8,8,0.6666666666666666,PREREGISTERED_PRIMARY_ANALYSIS_COMPLETED,True,False,0,0.0,0.010885422377344535,0.2919922866301424,0.9998815075796669,,-1,nan,nan,nan,nan,-1,1e-12
12,2,4,4-5-6-7,4,4,4,5.5,5.5,0.0,2,9,8,0.6666666666666666,PREREGISTERED_PRIMARY_ANALYSIS_COMPLETED,True,False,0,0.0,0.010885422324354929,0.29199228597956317,0.9998815075808206,,-1,nan,nan,nan,nan,-1,1e-12
12,2,5,5-6-7-8,5,3,3,6.5,5.5,1.0,3,10,8,0.6666666666666666,PREREGISTERED_PRIMARY_ANALYSIS_COMPLETED,True,False,0,0.0,0.01088542237789393,0.2919922866447687,0.999881507579655,,-1,nan,nan,nan,nan,-1,1e-12
12,2,6,6-7-8-9,6,2,2,7.5,5.5,2.0,4,11,8,0.6666666666666666,PREREGISTERED_PRIMARY_ANALYSIS_COMPLETED,True,False,0,0.0,0.010885422363113035,0.29199228626238805,0.9998815075799765,,-1,nan,nan,nan,nan,-1,1e-12
12,2,7,7-8-9-10,7,1,1,8.5,5.5,3.0,5,11,7,0.5833333333333334,PREREGISTERED_PRIMARY_ANALYSIS_COMPLETED,True,False,0,0.0,0.13271494574672696,0.35873254139212707,0.9823867431754433,,-1,nan,nan,nan,nan,-1,1e-12
12,2,8,8-9-10-11,8,0,0,9.5,5.5,4.0,6,11,6,0.5,MODULAR_SECTOR_UNDEFINED_RANK_DEFICIENT,False,,,nan,nan,nan,nan,POSITIVITY_GATE_FAIL,0,0.0,0.0,-3.606185975941707e-17,0.6283691297531134,8,1e-12
12,3,0,0-1-2-3,0,8,0,1.5,5.5,4.0,0,6,7,0.5833333333333334,PREREGISTERED_PRIMARY_ANALYSIS_COMPLETED,True,False,0,0.0,0.8619240025765089,0.9906736537896973,0.25708701378249155,,-1,nan,nan,nan,nan,-1,1e-12
12,3,1,1-2-3-4,1,7,1,2.5,5.5,3.0,0,7,8,0.6666666666666666,PREREGISTERED_PRIMARY_ANALYSIS_COMPLETED,True,False,0,0.0,0.8563308315830374,0.9812448278667112,0.26669750688030436,,-1,nan,nan,nan,nan,-1,1e-12
12,3,2,2-3-4-5,2,6,2,3.5,5.5,2.0,0,8,9,0.75,PREREGISTERED_PRIMARY_ANALYSIS_COMPLETED,True,False,0,0.0,0.5728268022829086,0.7829237790184956,0.671869454586338,,-1,nan,nan,nan,nan,-1,1e-12
12,3,3,3-4-5-6,3,5,3,4.5,5.5,1.0,0,9,10,0.8333333333333334,PREREGISTERED_PRIMARY_ANALYSIS_COMPLETED,True,False,0,0.0,0.6070420465409769,0.8173197491179862,0.6314999537313432,,-1,nan,nan,nan,nan,-1,1e-12
12,3,4,4-5-6-7,4,4,4,5.5,5.5,0.0,1,10,10,0.8333333333333334,PREREGISTERED_PRIMARY_ANALYSIS_COMPLETED,True,False,0,0.0,0.6070420467686591,0.8173197493134313,0.6314999534549169,,-1,nan,nan,nan,nan,-1,1e-12
12,3,5,5-6-7-8,5,3,3,6.5,5.5,1.0,2,11,10,0.8333333333333334,PREREGISTERED_PRIMARY_ANALYSIS_COMPLETED,True,False,0,0.0,0.6070420466473786,0.8173197492375609,0.631499953602162,,-1,nan,nan,nan,nan,-1,1e-12
12,3,6,6-7-8-9,6,2,2,7.5,5.5,2.0,3,11,9,0.75,PREREGISTERED_PRIMARY_ANALYSIS_COMPLETED,True,False,0,0.0,0.5728268023470109,0.7829237790400959,0.6718694545128983,,-1,nan,nan,nan,nan,-1,1e-12
12,3,7,7-8-9-10,7,1,1,8.5,5.5,3.0,4,11,8,0.6666666666666666,PREREGISTERED_PRIMARY_ANALYSIS_COMPLETED,True,False,0,0.0,0.8563308315853927,0.9812448278688011,0.26669750687626964,,-1,nan,nan,nan,nan,-1,1e-12
12,3,8,8-9-10-11,8,0,0,9.5,5.5,4.0,5,11,7,0.5833333333333334,PREREGISTERED_PRIMARY_ANALYSIS_COMPLETED,True,False,0,0.0,0.86192400257751,0.990673653793027,0.2570870137807651,,-1,nan,nan,nan,nan,-1,1e-12
12,4,0,0-1-2-3,0,8,0,1.5,5.5,4.0,0,7,8,0.6666666666666666,PREREGISTERED_PRIMARY_ANALYSIS_COMPLETED,True,True,5,1.0,-0.9910038506662309,-0.9644347256019689,0.06986566005305557,,-1,nan,nan,nan,nan,-1,1e-12
12,4,1,1-2-3-4,1,7,1,2.5,5.5,3.0,0,8,9,0.75,PREREGISTERED_PRIMARY_ANALYSIS_COMPLETED,True,True,5,1.0,-0.9930864103290044,-0.9520948905505335,0.09351531938756781,,-1,nan,nan,nan,nan,-1,1e-12
12,4,2,2-3-4-5,2,6,2,3.5,5.5,2.0,0,9,10,0.8333333333333334,PREREGISTERED_PRIMARY_ANALYSIS_COMPLETED,True,False,0,0.0,0.1641285722124692,0.4054289035467728,0.9730618117834959,,-1,nan,nan,nan,nan,-1,1e-12
12,4,3,3-4-5-6,3,5,3,4.5,5.5,1.0,0,10,11,0.9166666666666666,PREREGISTERED_PRIMARY_ANALYSIS_COMPLETED,True,False,0,0.0,0.09803573370645519,0.4303888023304858,0.990388994916637,,-1,nan,nan,nan,nan,-1,1e-12
12,4,4,4-5-6-7,4,4,4,5.5,5.5,0.0,0,11,12,1.0,PREREGISTERED_PRIMARY_ANALYSIS_COMPLETED,True,False,0,0.0,0.09775554736737871,0.4302240649527263,0.9904438529589042,,-1,nan,nan,nan,nan,-1,1e-12
12,4,5,5-6-7-8,5,3,3,6.5,5.5,1.0,1,11,11,0.9166666666666666,PREREGISTERED_PRIMARY_ANALYSIS_COMPLETED,True,False,0,0.0,0.09803573371621728,0.4303888023393754,0.9903889949147225,,-1,nan,nan,nan,nan,-1,1e-12
12,4,6,6-7-8-9,6,2,2,7.5,5.5,2.0,2,11,10,0.8333333333333334,PREREGISTERED_PRIMARY_ANALYSIS_COMPLETED,True,False,0,0.0,0.16412857222498703,0.40542890365682543,0.973061811779387,,-1,nan,nan,nan,nan,-1,1e-12
12,4,7,7-8-9-10,7,1,1,8.5,5.5,3.0,3,11,9,0.75,PREREGISTERED_PRIMARY_ANALYSIS_COMPLETED,True,True,5,1.0,-0.993086410328987,-0.9520948905506541,0.09351531938733862,,-1,nan,nan,nan,nan,-1,1e-12
12,4,8,8-9-10-11,8,0,0,9.5,5.5,4.0,4,11,8,0.6666666666666666,PREREGISTERED_PRIMARY_ANALYSIS_COMPLETED,True,True,5,1.0,-0.9910038506661244,-0.9644347256022073,0.06986566005259445,,-1,nan,nan,nan,nan,-1,1e-12
12,5,0,0-1-2-3,0,8,0,1.5,5.5,4.0,0,8,9,0.75,PREREGISTERED_PRIMARY_ANALYSIS_COMPLETED,True,False,0,0.0,0.6128924470914265,0.9717109945805252,0.6243628482982833,,-1,nan,nan,nan,nan,-1,1e-12
12,5,1,1-2-3-4,1,7,1,2.5,5.5,3.0,0,9,10,0.8333333333333334,PREREGISTERED_PRIMARY_ANALYSIS_COMPLETED,True,False,0,0.0,0.6417750975426244,0.9741479181827645,0.5881247241741554,,-1,nan,nan,nan,nan,-1,1e-12
12,5,2,2-3-4-5,2,6,2,3.5,5.5,2.0,0,10,11,0.9166666666666666,PREREGISTERED_PRIMARY_ANALYSIS_COMPLETED,True,False,0,0.0,0.49931362113123884,0.8861493658226135,0.7506859077528099,,-1,nan,nan,nan,nan,-1,1e-12
12,5,3,3-4-5-6,3,5,3,4.5,5.5,1.0,0,11,12,1.0,PREREGISTERED_PRIMARY_ANALYSIS_COMPLETED,True,False,0,0.0,-0.4596703887198173,0.5469307925959992,0.9945713677728657,,-1,nan,nan,nan,nan,-1,1e-12
12,5,4,4-5-6-7,4,4,4,5.5,5.5,0.0,0,11,12,1.0,PREREGISTERED_PRIMARY_ANALYSIS_COMPLETED,True,False,0,0.0,-0.4472270590432092,0.5414924837276935,0.9947955833719748,,-1,nan,nan,nan,nan,-1,1e-12
12,5,5,5-6-7-8,5,3,3,6.5,5.5,1.0,0,11,12,1.0,PREREGISTERED_PRIMARY_ANALYSIS_COMPLETED,True,False,0,0.0,-0.45967038874947175,0.546930792584125,0.9945713677737663,,-1,nan,nan,nan,nan,-1,1e-12
12,5,6,6-7-8-9,6,2,2,7.5,5.5,2.0,1,11,11,0.9166666666666666,PREREGISTERED_PRIMARY_ANALYSIS_COMPLETED,True,False,0,0.0,0.49931362113615874,0.8861493658251587,0.7506859077478962,,-1,nan,nan,nan,nan,-1,1e-12
12,5,7,7-8-9-10,7,1,1,8.5,5.5,3.0,2,11,10,0.8333333333333334,PREREGISTERED_PRIMARY_ANALYSIS_COMPLETED,True,False,0,0.0,0.6417750975395596,0.9741479181690971,0.5881247241780883,,-1,nan,nan,nan,nan,-1,1e-12
12,5,8,8-9-10-11,8,0,0,9.5,5.5,4.0,3,11,9,0.75,PREREGISTERED_PRIMARY_ANALYSIS_COMPLETED,True,False,0,0.0,0.6128924470953135,0.9717109945530217,0.6243628482935183,,-1,nan,nan,nan,nan,-1,1e-12
12,6,0,0-1-2-3,0,8,0,1.5,5.5,4.0,0,9,10,0.8333333333333334,PREREGISTERED_PRIMARY_ANALYSIS_COMPLETED,True,True,5,1.0,-0.9925486404537318,-0.9804103192479913,0.038795605912052035,,-1,nan,nan,nan,nan,-1,1e-12
12,6,1,1-2-3-4,1,7,1,2.5,5.5,3.0,0,10,11,0.9166666666666666,PREREGISTERED_PRIMARY_ANALYSIS_COMPLETED,True,False,0,0.0,-0.8170162142480666,-0.6561654509874023,0.5694469009304995,,-1,nan,nan,nan,nan,-1,1e-12
12,6,2,2-3-4-5,2,6,2,3.5,5.5,2.0,0,11,12,1.0,PREREGISTERED_PRIMARY_ANALYSIS_COMPLETED,True,False,3,0.6,-0.9457300034556816,-0.8908859418889535,0.20632223854463122,,-1,nan,nan,nan,nan,-1,1e-12
12,6,3,3-4-5-6,3,5,3,4.5,5.5,1.0,0,11,12,1.0,PREREGISTERED_PRIMARY_ANALYSIS_COMPLETED,True,False,1,0.2,-0.9296824690286116,-0.2714173523955492,0.9263326208185902,,-1,nan,nan,nan,nan,-1,1e-12
12,6,4,4-5-6-7,4,4,4,5.5,5.5,0.0,0,11,12,1.0,PREREGISTERED_PRIMARY_ANALYSIS_COMPLETED,True,False,0,0.0,-0.4342984076351219,0.5094309981430178,0.9891930731237045,,-1,nan,nan,nan,nan,-1,1e-12
12,6,5,5-6-7-8,5,3,3,6.5,5.5,1.0,0,11,12,1.0,PREREGISTERED_PRIMARY_ANALYSIS_COMPLETED,True,False,1,0.2,-0.9296824690938196,-0.2714173524118453,0.9263326208097439,,-1,nan,nan,nan,nan,-1,1e-12
12,6,6,6-7-8-9,6,2,2,7.5,5.5,2.0,0,11,12,1.0,PREREGISTERED_PRIMARY_ANALYSIS_COMPLETED,True,False,3,0.6,-0.9457300034673363,-0.890885941893193,0.20632223853707884,,-1,nan,nan,nan,nan,-1,1e-12
12,6,7,7-8-9-10,7,1,1,8.5,5.5,3.0,1,11,11,0.9166666666666666,PREREGISTERED_PRIMARY_ANALYSIS_COMPLETED,True,False,0,0.0,-0.8170162142509239,-0.6561654510028685,0.569446900910202,,-1,nan,nan,nan,nan,-1,1e-12
12,6,8,8-9-10-11,8,0,0,9.5,5.5,4.0,2,11,10,0.8333333333333334,PREREGISTERED_PRIMARY_ANALYSIS_COMPLETED,True,True,5,1.0,-0.9925486404534974,-0.9804103192478701,0.03879560591229039,,-1,nan,nan,nan,nan,-1,1e-12
12,7,0,0-1-2-3,0,8,0,1.5,5.5,4.0,0,10,11,0.9166666666666666,PREREGISTERED_PRIMARY_ANALYSIS_COMPLETED,True,False,0,0.0,0.5443333285945153,0.7496340697385127,0.7037012273812153,,-1,nan,nan,nan,nan,-1,1e-12
12,7,1,1-2-3-4,1,7,1,2.5,5.5,3.0,0,11,12,1.0,PREREGISTERED_PRIMARY_ANALYSIS_COMPLETED,True,False,0,0.0,-0.6789243293725337,0.3746234892358108,0.9977111449500398,,-1,nan,nan,nan,nan,-1,1e-12
12,7,2,2-3-4-5,2,6,2,3.5,5.5,2.0,0,11,12,1.0,PREREGISTERED_PRIMARY_ANALYSIS_COMPLETED,True,False,0,0.0,-0.7672272145462317,-0.501922096100945,0.7480742094456337,,-1,nan,nan,nan,nan,-1,1e-12
12,7,3,3-4-5-6,3,5,3,4.5,5.5,1.0,0,11,12,1.0,PREREGISTERED_PRIMARY_ANALYSIS_COMPLETED,True,False,3,0.6,-0.9761363442602509,-0.6215456503784337,0.6136810044956494,,-1,nan,nan,nan,nan,-1,1e-12
12,7,4,4-5-6-7,4,4,4,5.5,5.5,0.0,0,11,12,1.0,PREREGISTERED_PRIMARY_ANALYSIS_COMPLETED,True,False,1,0.2,-0.9036564607455764,0.27748807736344183,0.9951925918722211,,-1,nan,nan,nan,nan,-1,1e-12
12,7,5,5-6-7-8,5,3,3,6.5,5.5,1.0,0,11,12,1.0,PREREGISTERED_PRIMARY_ANALYSIS_COMPLETED,True,False,3,0.6,-0.9761363442603783,-0.621545650361711,0.6136810045164368,,-1,nan,nan,nan,nan,-1,1e-12
12,7,6,6-7-8-9,6,2,2,7.5,5.5,2.0,0,11,12,1.0,PREREGISTERED_PRIMARY_ANALYSIS_COMPLETED,True,False,0,0.0,-0.7672272145479172,-0.5019220960929348,0.7480742094536745,,-1,nan,nan,nan,nan,-1,1e-12
12,7,7,7-8-9-10,7,1,1,8.5,5.5,3.0,0,11,12,1.0,PREREGISTERED_PRIMARY_ANALYSIS_COMPLETED,True,False,0,0.0,-0.6789243293742211,0.3746234892742017,0.9977111449497053,,-1,nan,nan,nan,nan,-1,1e-12
12,7,8,8-9-10-11,8,0,0,9.5,5.5,4.0,1,11,11,0.9166666666666666,PREREGISTERED_PRIMARY_ANALYSIS_COMPLETED,True,False,0,0.0,0.5443333286517406,0.7496340698491875,0.7037012273189164,,-1,nan,nan,nan,nan,-1,1e-12
12,8,0,0-1-2-3,0,8,0,1.5,5.5,4.0,0,11,12,1.0,PREREGISTERED_PRIMARY_ANALYSIS_COMPLETED,True,False,0,0.0,-0.6729955329614493,0.5752700010829692,0.9786744289812955,,-1,nan,nan,nan,nan,-1,1e-12
12,8,1,1-2-3-4,1,7,1,2.5,5.5,3.0,0,11,12,1.0,PREREGISTERED_PRIMARY_ANALYSIS_COMPLETED,True,False,0,0.0,-0.7485080987977489,0.24729070742654766,0.9769401832425827,,-1,nan,nan,nan,nan,-1,1e-12
12,8,2,2-3-4-5,2,6,2,3.5,5.5,2.0,0,11,12,1.0,PREREGISTERED_PRIMARY_ANALYSIS_COMPLETED,True,False,0,0.0,0.29126467969485176,0.769218937121177,0.9151648863622555,,-1,nan,nan,nan,nan,-1,1e-12
12,8,3,3-4-5-6,3,5,3,4.5,5.5,1.0,0,11,12,1.0,PREREGISTERED_PRIMARY_ANALYSIS_COMPLETED,True,False,0,0.0,0.24564103769334286,0.7673758055785503,0.9396604806009379,,-1,nan,nan,nan,nan,-1,1e-12
12,8,4,4-5-6-7,4,4,4,5.5,5.5,0.0,0,11,12,1.0,PREREGISTERED_PRIMARY_ANALYSIS_COMPLETED,True,False,2,0.4,-0.9808097280918612,-0.7819535323613854,0.38854867322755227,,-1,nan,nan,nan,nan,-1,1e-12
12,8,5,5-6-7-8,5,3,3,6.5,5.5,1.0,0,11,12,1.0,PREREGISTERED_PRIMARY_ANALYSIS_COMPLETED,True,False,0,0.0,0.245641037692048,0.7673758055629828,0.9396604806015743,,-1,nan,nan,nan,nan,-1,1e-12
12,8,6,6-7-8-9,6,2,2,7.5,5.5,2.0,0,11,12,1.0,PREREGISTERED_PRIMARY_ANALYSIS_COMPLETED,True,False,0,0.0,0.2912646796901346,0.7692189370951488,0.9151648863650034,,-1,nan,nan,nan,nan,-1,1e-12
12,8,7,7-8-9-10,7,1,1,8.5,5.5,3.0,0,11,12,1.0,PREREGISTERED_PRIMARY_ANALYSIS_COMPLETED,True,False,0,0.0,-0.7485080988266697,0.24729070749567011,0.9769401832385111,,-1,nan,nan,nan,nan,-1,1e-12
12,8,8,8-9-10-11,8,0,0,9.5,5.5,4.0,0,11,12,1.0,PREREGISTERED_PRIMARY_ANALYSIS_COMPLETED,True,False,0,0.0,-0.67299553297272,0.5752700010739398,0.9786744289837723,,-1,nan,nan,nan,nan,-1,1e-12
12,9,0,0-1-2-3,0,8,0,1.5,5.5,4.0,0,11,12,1.0,PREREGISTERED_PRIMARY_ANALYSIS_COMPLETED,True,False,0,0.0,-0.5093150294383155,0.5081938844644055,0.9908660710364781,,-1,nan,nan,nan,nan,-1,1e-12
12,9,1,1-2-3-4,1,7,1,2.5,5.5,3.0,0,11,12,1.0,PREREGISTERED_PRIMARY_ANALYSIS_COMPLETED,True,False,0,0.0,0.3744475487223006,0.6353633770902232,0.8597890332558602,,-1,nan,nan,nan,nan,-1,1e-12
12,9,2,2-3-4-5,2,6,2,3.5,5.5,2.0,0,11,12,1.0,PREREGISTERED_PRIMARY_ANALYSIS_COMPLETED,True,True,5,1.0,-0.9845318125867369,-0.9640994315040204,0.07051228617362426,,-1,nan,nan,nan,nan,-1,1e-12
12,9,3,3-4-5-6,3,5,3,4.5,5.5,1.0,0,11,12,1.0,PREREGISTERED_PRIMARY_ANALYSIS_COMPLETED,True,False,0,0.0,-0.4691479415619675,0.8162596195978667,0.9656243730694835,,-1,nan,nan,nan,nan,-1,1e-12
12,9,4,4-5-6-7,4,4,4,5.5,5.5,0.0,0,11,12,1.0,PREREGISTERED_PRIMARY_ANALYSIS_COMPLETED,True,False,2,0.4,-0.9192662873317371,-0.17487677826792578,0.969418112422631,,-1,nan,nan,nan,nan,-1,1e-12
12,9,5,5-6-7-8,5,3,3,6.5,5.5,1.0,0,11,12,1.0,PREREGISTERED_PRIMARY_ANALYSIS_COMPLETED,True,False,0,0.0,-0.4691479415627642,0.8162596195880778,0.9656243730691508,,-1,nan,nan,nan,nan,-1,1e-12
12,9,6,6-7-8-9,6,2,2,7.5,5.5,2.0,0,11,12,1.0,PREREGISTERED_PRIMARY_ANALYSIS_COMPLETED,True,True,5,1.0,-0.9845318125852853,-0.9640994315032135,0.07051228617518042,,-1,nan,nan,nan,nan,-1,1e-12
12,9,7,7-8-9-10,7,1,1,8.5,5.5,3.0,0,11,12,1.0,PREREGISTERED_PRIMARY_ANALYSIS_COMPLETED,True,False,0,0.0,0.3744475487131153,0.6353633772192796,0.8597890332627391,,-1,nan,nan,nan,nan,-1,1e-12
12,9,8,8-9-10-11,8,0,0,9.5,5.5,4.0,0,11,12,1.0,PREREGISTERED_PRIMARY_ANALYSIS_COMPLETED,True,False,0,0.0,-0.5093150295772781,0.5081938844693085,0.9908660710353879,,-1,nan,nan,nan,nan,-1,1e-12
12,10,0,0-1-2-3,0,8,0,1.5,5.5,4.0,0,11,12,1.0,PREREGISTERED_PRIMARY_ANALYSIS_COMPLETED,True,False,0,0.0,-0.8086631729843763,0.4526072985946711,0.9744457701913245,,-1,nan,nan,nan,nan,-1,1e-12
12,10,1,1-2-3-4,1,7,1,2.5,5.5,3.0,0,11,12,1.0,PREREGISTERED_PRIMARY_ANALYSIS_COMPLETED,True,False,0,0.0,-0.5616113339264496,0.5888869237244558,0.9953909327708115,,-1,nan,nan,nan,nan,-1,1e-12
12,10,2,2-3-4-5,2,6,2,3.5,5.5,2.0,0,11,12,1.0,PREREGISTERED_PRIMARY_ANALYSIS_COMPLETED,True,False,0,0.0,-0.5525088033971195,0.4878443005916362,0.972064705181245,,-1,nan,nan,nan,nan,-1,1e-12
12,10,3,3-4-5-6,3,5,3,4.5,5.5,1.0,0,11,12,1.0,PREREGISTERED_PRIMARY_ANALYSIS_COMPLETED,True,True,5,1.0,-0.990389381180533,-0.9742897491879908,0.05075948462720237,,-1,nan,nan,nan,nan,-1,1e-12
12,10,4,4-5-6-7,4,4,4,5.5,5.5,0.0,0,11,12,1.0,PREREGISTERED_PRIMARY_ANALYSIS_COMPLETED,True,True,5,1.0,-0.9810897377592087,-0.9373848027360503,0.12130973159949557,,-1,nan,nan,nan,nan,-1,1e-12
12,10,5,5-6-7-8,5,3,3,6.5,5.5,1.0,0,11,12,1.0,PREREGISTERED_PRIMARY_ANALYSIS_COMPLETED,True,True,5,1.0,-0.9903893811789767,-0.9742897491875522,0.05075948462805704,,-1,nan,nan,nan,nan,-1,1e-12
12,10,6,6-7-8-9,6,2,2,7.5,5.5,2.0,0,11,12,1.0,PREREGISTERED_PRIMARY_ANALYSIS_COMPLETED,True,False,0,0.0,-0.552508803410858,0.4878443005931893,0.9720647051806266,,-1,nan,nan,nan,nan,-1,1e-12
12,10,7,7-8-9-10,7,1,1,8.5,5.5,3.0,0,11,12,1.0,PREREGISTERED_PRIMARY_ANALYSIS_COMPLETED,True,False,0,0.0,-0.5616113340118782,0.5888869237323703,0.9953909327704048,,-1,nan,nan,nan,nan,-1,1e-12
12,10,8,8-9-10-11,8,0,0,9.5,5.5,4.0,0,11,12,1.0,PREREGISTERED_PRIMARY_ANALYSIS_COMPLETED,True,False,0,0.0,-0.8086631731088285,0.4526072986098757,0.974445770189164,,-1,nan,nan,nan,nan,-1,1e-12
12,11,0,0-1-2-3,0,8,0,1.5,5.5,4.0,0,11,12,1.0,PREREGISTERED_PRIMARY_ANALYSIS_COMPLETED,True,False,1,0.2,-0.9442591442811588,0.29593457413999524,0.9969037624959857,,-1,nan,nan,nan,nan,-1,1e-12
12,11,1,1-2-3-4,1,7,1,2.5,5.5,3.0,0,11,12,1.0,PREREGISTERED_PRIMARY_ANALYSIS_COMPLETED,True,False,0,0.0,-0.4693574949904855,0.5093315132827713,0.9983671925650714,,-1,nan,nan,nan,nan,-1,1e-12
12,11,2,2-3-4-5,2,6,2,3.5,5.5,2.0,0,11,12,1.0,PREREGISTERED_PRIMARY_ANALYSIS_COMPLETED,True,False,0,0.0,-0.8916634072723261,0.5845941923152935,0.9078438654129003,,-1,nan,nan,nan,nan,-1,1e-12
12,11,3,3-4-5-6,3,5,3,4.5,5.5,1.0,0,11,12,1.0,PREREGISTERED_PRIMARY_ANALYSIS_COMPLETED,True,True,5,1.0,-0.9982325832750975,-0.9930932243730274,0.013765847704383268,,-1,nan,nan,nan,nan,-1,1e-12
12,11,4,4-5-6-7,4,4,4,5.5,5.5,0.0,0,11,12,1.0,PREREGISTERED_PRIMARY_ANALYSIS_COMPLETED,True,True,5,1.0,-0.9932171948470931,-0.984281295340898,0.031190331642044357,,-1,nan,nan,nan,nan,-1,1e-12
12,11,5,5-6-7-8,5,3,3,6.5,5.5,1.0,0,11,12,1.0,PREREGISTERED_PRIMARY_ANALYSIS_COMPLETED,True,True,5,1.0,-0.9982325832748048,-0.9930932243729103,0.013765847704616172,,-1,nan,nan,nan,nan,-1,1e-12
12,11,6,6-7-8-9,6,2,2,7.5,5.5,2.0,0,11,12,1.0,PREREGISTERED_PRIMARY_ANALYSIS_COMPLETED,True,False,0,0.0,-0.8916634072355082,0.5845941923151703,0.9078438654129481,,-1,nan,nan,nan,nan,-1,1e-12
12,11,7,7-8-9-10,7,1,1,8.5,5.5,3.0,0,11,12,1.0,PREREGISTERED_PRIMARY_ANALYSIS_COMPLETED,True,False,0,0.0,-0.46935749495074314,0.5093315132802019,0.9983671925648594,,-1,nan,nan,nan,nan,-1,1e-12
12,11,8,8-9-10-11,8,0,0,9.5,5.5,4.0,0,11,12,1.0,PREREGISTERED_PRIMARY_ANALYSIS_COMPLETED,True,False,1,0.2,-0.9442591438971627,0.29593457411059926,0.9969037624955996,,-1,nan,nan,nan,nan,-1,1e-12
12,12,0,0-1-2-3,0,8,0,1.5,5.5,4.0,0,11,12,1.0,PREREGISTERED_PRIMARY_ANALYSIS_COMPLETED,True,False,2,0.4,-0.9885726063279509,0.0550866482331187,0.9969654611864408,,-1,nan,nan,nan,nan,-1,1e-12
12,12,1,1-2-3-4,1,7,1,2.5,5.5,3.0,0,11,12,1.0,PREREGISTERED_PRIMARY_ANALYSIS_COMPLETED,True,False,0,0.0,-0.7768135433251111,0.4526656838286578,0.9753344203075582,,-1,nan,nan,nan,nan,-1,1e-12
12,12,2,2-3-4-5,2,6,2,3.5,5.5,2.0,0,11,12,1.0,PREREGISTERED_PRIMARY_ANALYSIS_COMPLETED,True,False,0,0.0,-0.7303552467449153,-0.4061591842702581,0.8350347170329183,,-1,nan,nan,nan,nan,-1,1e-12
12,12,3,3-4-5-6,3,5,3,4.5,5.5,1.0,0,11,12,1.0,PREREGISTERED_PRIMARY_ANALYSIS_COMPLETED,True,False,0,0.0,-0.4374195999763982,0.18176310505096893,0.9995956001984133,,-1,nan,nan,nan,nan,-1,1e-12
12,12,4,4-5-6-7,4,4,4,5.5,5.5,0.0,0,11,12,1.0,PREREGISTERED_PRIMARY_ANALYSIS_COMPLETED,True,False,0,0.0,-0.13797274517753347,0.04359476577675353,0.9980994963968701,,-1,nan,nan,nan,nan,-1,1e-12
12,12,5,5-6-7-8,5,3,3,6.5,5.5,1.0,0,11,12,1.0,PREREGISTERED_PRIMARY_ANALYSIS_COMPLETED,True,False,0,0.0,-0.4374195999766138,0.18176310504766383,0.9995956001983757,,-1,nan,nan,nan,nan,-1,1e-12
12,12,6,6-7-8-9,6,2,2,7.5,5.5,2.0,0,11,12,1.0,PREREGISTERED_PRIMARY_ANALYSIS_COMPLETED,True,False,0,0.0,-0.7303552467597976,-0.4061591843048546,0.835034717004815,,-1,nan,nan,nan,nan,-1,1e-12
12,12,7,7-8-9-10,7,1,1,8.5,5.5,3.0,0,11,12,1.0,PREREGISTERED_PRIMARY_ANALYSIS_COMPLETED,True,False,0,0.0,-0.7768135431150313,0.452665683817898,0.9753344203089408,,-1,nan,nan,nan,nan,-1,1e-12
12,12,8,8-9-10-11,8,0,0,9.5,5.5,4.0,0,11,12,1.0,PREREGISTERED_PRIMARY_ANALYSIS_COMPLETED,True,False,2,0.4,-0.9885726062883148,0.05508664818799845,0.9969654611914117,,-1,nan,nan,nan,nan,-1,1e-12
14,1,0,0-1-2-3,0,10,0,1.5,6.5,5.0,0,4,5,0.35714285714285715,MODULAR_SECTOR_UNDEFINED_RANK_DEFICIENT,False,,,nan,nan,nan,nan,POSITIVITY_GATE_FAIL,0,0.0,0.0,-2.316210359603694e-16,0.7404689526062445,4,1e-12
14,1,1,1-2-3-4,1,9,1,2.5,6.5,4.0,0,5,6,0.42857142857142855,MODULAR_SECTOR_UNDEFINED_RANK_DEFICIENT,False,,,nan,nan,nan,nan,POSITIVITY_GATE_FAIL,0,0.0,0.0,-3.0718724534108016e-16,0.6535926380275194,8,1e-12
14,1,2,2-3-4-5,2,8,2,3.5,6.5,3.0,1,6,6,0.42857142857142855,MODULAR_SECTOR_UNDEFINED_RANK_DEFICIENT,False,,,nan,nan,nan,nan,POSITIVITY_GATE_FAIL,0,0.0,0.0,-1.6355115397431366e-16,0.6535926380275193,8,1e-12
14,1,3,3-4-5-6,3,7,3,4.5,6.5,2.0,2,7,6,0.42857142857142855,MODULAR_SECTOR_UNDEFINED_RANK_DEFICIENT,False,,,nan,nan,nan,nan,POSITIVITY_GATE_FAIL,0,0.0,0.0,-2.4397339795871865e-16,0.6535926380275197,8,1e-12
14,1,4,4-5-6-7,4,6,4,5.5,6.5,1.0,3,8,6,0.42857142857142855,MODULAR_SECTOR_UNDEFINED_RANK_DEFICIENT,False,,,nan,nan,nan,nan,POSITIVITY_GATE_FAIL,0,0.0,0.0,-1.680507721567933e-16,0.6535926380275191,8,1e-12
14,1,5,5-6-7-8,5,5,5,6.5,6.5,0.0,4,9,6,0.42857142857142855,MODULAR_SECTOR_UNDEFINED_RANK_DEFICIENT,False,,,nan,nan,nan,nan,POSITIVITY_GATE_FAIL,0,0.0,0.0,-1.5558069414541762e-16,0.6535926380275191,8,1e-12
14,1,6,6-7-8-9,6,4,4,7.5,6.5,1.0,5,10,6,0.42857142857142855,MODULAR_SECTOR_UNDEFINED_RANK_DEFICIENT,False,,,nan,nan,nan,nan,POSITIVITY_GATE_FAIL,0,0.0,0.0,-1.527807269533275e-16,0.6535926380275191,8,1e-12
14,1,7,7-8-9-10,7,3,3,8.5,6.5,2.0,6,11,6,0.42857142857142855,MODULAR_SECTOR_UNDEFINED_RANK_DEFICIENT,False,,,nan,nan,nan,nan,POSITIVITY_GATE_FAIL,0,0.0,0.0,-1.5447786603762246e-16,0.6535926380275193,8,1e-12
14,1,8,8-9-10-11,8,2,2,9.5,6.5,3.0,7,12,6,0.42857142857142855,MODULAR_SECTOR_UNDEFINED_RANK_DEFICIENT,False,,,nan,nan,nan,nan,POSITIVITY_GATE_FAIL,0,0.0,0.0,-2.0926255968136513e-16,0.6535926380275192,8,1e-12
14,1,9,9-10-11-12,9,1,1,10.5,6.5,4.0,8,13,6,0.42857142857142855,MODULAR_SECTOR_UNDEFINED_RANK_DEFICIENT,False,,,nan,nan,nan,nan,POSITIVITY_GATE_FAIL,0,0.0,0.0,-1.8745498110361664e-16,0.653592638027519,8,1e-12
14,1,10,10-11-12-13,10,0,0,11.5,6.5,5.0,9,13,5,0.35714285714285715,MODULAR_SECTOR_UNDEFINED_RANK_DEFICIENT,False,,,nan,nan,nan,nan,POSITIVITY_GATE_FAIL,0,0.0,0.0,-2.1208097965367883e-16,0.7404689526062445,4,1e-12
14,2,0,0-1-2-3,0,10,0,1.5,6.5,5.0,0,5,6,0.42857142857142855,MODULAR_SECTOR_UNDEFINED_RANK_DEFICIENT,False,,,nan,nan,nan,nan,POSITIVITY_GATE_FAIL,0,0.0,0.0,-1.8421633464842948e-16,0.6283691297531129,8,1e-12
14,2,1,1-2-3-4,1,9,1,2.5,6.5,4.0,0,6,7,0.5,PREREGISTERED_PRIMARY_ANALYSIS_COMPLETED,True,False,0,0.0,0.1327149457083294,0.35873254124537285,0.9823867431856355,,-1,nan,nan,nan,nan,-1,1e-12
14,2,2,2-3-4-5,2,8,2,3.5,6.5,3.0,0,7,8,0.5714285714285714,PREREGISTERED_PRIMARY_ANALYSIS_COMPLETED,True,False,0,0.0,0.010885422348510141,0.2919922859918935,0.9998815075802946,,-1,nan,nan,nan,nan,-1,1e-12
14,2,3,3-4-5-6,3,7,3,4.5,6.5,2.0,1,8,8,0.5714285714285714,PREREGISTERED_PRIMARY_ANALYSIS_COMPLETED,True,False,0,0.0,0.010885422375710316,0.29199228668608695,0.9998815075797026,,-1,nan,nan,nan,nan,-1,1e-12
14,2,4,4-5-6-7,4,6,4,5.5,6.5,1.0,2,9,8,0.5714285714285714,PREREGISTERED_PRIMARY_ANALYSIS_COMPLETED,True,False,0,0.0,0.010885422299025768,0.2919922853402513,0.9998815075813718,,-1,nan,nan,nan,nan,-1,1e-12
14,2,5,5-6-7-8,5,5,5,6.5,6.5,0.0,3,10,8,0.5714285714285714,PREREGISTERED_PRIMARY_ANALYSIS_COMPLETED,True,False,0,0.0,0.010885422295690759,0.2919922856225372,0.9998815075814443,,-1,nan,nan,nan,nan,-1,1e-12
14,2,6,6-7-8-9,6,4,4,7.5,6.5,1.0,4,11,8,0.5714285714285714,PREREGISTERED_PRIMARY_ANALYSIS_COMPLETED,True,False,0,0.0,0.010885422304596024,0.29199228541868505,0.9998815075812504,,-1,nan,nan,nan,nan,-1,1e-12
14,2,7,7-8-9-10,7,3,3,8.5,6.5,2.0,5,12,8,0.5714285714285714,PREREGISTERED_PRIMARY_ANALYSIS_COMPLETED,True,False,0,0.0,0.01088542237786595,0.2919922867739555,0.9998815075796552,,-1,nan,nan,nan,nan,-1,1e-12
14,2,8,8-9-10-11,8,2,2,9.5,6.5,3.0,6,13,8,0.5714285714285714,PREREGISTERED_PRIMARY_ANALYSIS_COMPLETED,True,False,0,0.0,0.01088542235168385,0.2919922860828613,0.9998815075802255,,-1,nan,nan,nan,nan,-1,1e-12
14,2,9,9-10-11-12,9,1,1,10.5,6.5,4.0,7,13,7,0.5,PREREGISTERED_PRIMARY_ANALYSIS_COMPLETED,True,False,0,0.0,0.13271494571403794,0.3587325413096011,0.9823867431841199,,-1,nan,nan,nan,nan,-1,1e-12
14,2,10,10-11-12-13,10,0,0,11.5,6.5,5.0,8,13,6,0.42857142857142855,MODULAR_SECTOR_UNDEFINED_RANK_DEFICIENT,False,,,nan,nan,nan,nan,POSITIVITY_GATE_FAIL,0,0.0,0.0,-1.1682043953678833e-16,0.6283691297531129,8,1e-12
14,3,0,0-1-2-3,0,10,0,1.5,6.5,5.0,0,6,7,0.5,PREREGISTERED_PRIMARY_ANALYSIS_COMPLETED,True,False,0,0.0,0.8619240025864534,0.9906736538329812,0.2570870137653473,,-1,nan,nan,nan,nan,-1,1e-12
14,3,1,1-2-3-4,1,9,1,2.5,6.5,4.0,0,7,8,0.5714285714285714,PREREGISTERED_PRIMARY_ANALYSIS_COMPLETED,True,False,0,0.0,0.8563308315946874,0.9812448278944691,0.2666975068603514,,-1,nan,nan,nan,nan,-1,1e-12
14,3,2,2-3-4-5,2,8,2,3.5,6.5,3.0,0,8,9,0.6428571428571429,PREREGISTERED_PRIMARY_ANALYSIS_COMPLETED,True,False,0,0.0,0.5728268039748425,0.7829237807785915,0.6718694526479669,,-1,nan,nan,nan,nan,-1,1e-12
14,3,3,3-4-5-6,3,7,3,4.5,6.5,2.0,0,9,10,0.7142857142857143,PREREGISTERED_PRIMARY_ANALYSIS_COMPLETED,True,False,0,0.0,0.6070420476677718,0.8173197502136236,0.6314999523633189,,-1,nan,nan,nan,nan,-1,1e-12
14,3,4,4-5-6-7,4,6,4,5.5,6.5,1.0,1,10,10,0.7142857142857143,PREREGISTERED_PRIMARY_ANALYSIS_COMPLETED,True,False,0,0.0,0.6070420475397023,0.8173197500407567,0.6314999525188054,,-1,nan,nan,nan,nan,-1,1e-12
14,3,5,5-6-7-8,5,5,5,6.5,6.5,0.0,2,11,10,0.7142857142857143,PREREGISTERED_PRIMARY_ANALYSIS_COMPLETED,True,False,0,0.0,0.6070420464901634,0.8173197492435429,0.6314999537930344,,-1,nan,nan,nan,nan,-1,1e-12
14,3,6,6-7-8-9,6,4,4,7.5,6.5,1.0,3,12,10,0.7142857142857143,PREREGISTERED_PRIMARY_ANALYSIS_COMPLETED,True,False,0,0.0,0.6070420474731272,0.8173197499828525,0.6314999525996337,,-1,nan,nan,nan,nan,-1,1e-12
14,3,7,7-8-9-10,7,3,3,8.5,6.5,2.0,4,13,10,0.7142857142857143,PREREGISTERED_PRIMARY_ANALYSIS_COMPLETED,True,False,0,0.0,0.607042047862905,0.817319750420303,0.6314999521264105,,-1,nan,nan,nan,nan,-1,1e-12
14,3,8,8-9-10-11,8,2,2,9.5,6.5,3.0,5,13,9,0.6428571428571429,PREREGISTERED_PRIMARY_ANALYSIS_COMPLETED,True,False,0,0.0,0.5728268039856307,0.782923780789986,0.6718694526356082,,-1,nan,nan,nan,nan,-1,1e-12
14,3,9,9-10-11-12,9,1,1,10.5,6.5,4.0,6,13,8,0.5714285714285714,PREREGISTERED_PRIMARY_ANALYSIS_COMPLETED,True,False,0,0.0,0.8563308315811362,0.98124482785968,0.2666975068835593,,-1,nan,nan,nan,nan,-1,1e-12
14,3,10,10-11-12-13,10,0,0,11.5,6.5,5.0,7,13,7,0.5,PREREGISTERED_PRIMARY_ANALYSIS_COMPLETED,True,False,0,0.0,0.8619240025794273,0.9906736538213674,0.25708701377746057,,-1,nan,nan,nan,nan,-1,1e-12
14,4,0,0-1-2-3,0,10,0,1.5,6.5,5.0,0,7,8,0.5714285714285714,PREREGISTERED_PRIMARY_ANALYSIS_COMPLETED,True,True,5,1.0,-0.9910038506681362,-0.9644347256175998,0.06986566002290456,,-1,nan,nan,nan,nan,-1,1e-12
14,4,1,1-2-3-4,1,9,1,2.5,6.5,4.0,0,8,9,0.6428571428571429,PREREGISTERED_PRIMARY_ANALYSIS_COMPLETED,True,True,5,1.0,-0.9930864103295752,-0.952094890550099,0.09351531938839543,,-1,nan,nan,nan,nan,-1,1e-12
14,4,2,2-3-4-5,2,8,2,3.5,6.5,3.0,0,9,10,0.7142857142857143,PREREGISTERED_PRIMARY_ANALYSIS_COMPLETED,True,False,0,0.0,0.16412857218384383,0.4054289035174911,0.9730618117928926,,-1,nan,nan,nan,nan,-1,1e-12
14,4,3,3-4-5-6,3,7,3,4.5,6.5,2.0,0,10,11,0.7857142857142857,PREREGISTERED_PRIMARY_ANALYSIS_COMPLETED,True,False,0,0.0,0.09803573372040843,0.43038880234533766,0.990388994913901,,-1,nan,nan,nan,nan,-1,1e-12
14,4,4,4-5-6-7,4,6,4,5.5,6.5,1.0,0,11,12,0.8571428571428571,PREREGISTERED_PRIMARY_ANALYSIS_COMPLETED,True,False,0,0.0,0.09775554748743188,0.4302240650885027,0.9904438529354325,,-1,nan,nan,nan,nan,-1,1e-12
14,4,5,5-6-7-8,5,5,5,6.5,6.5,0.0,1,12,12,0.8571428571428571,PREREGISTERED_PRIMARY_ANALYSIS_COMPLETED,True,False,0,0.0,0.09775554751084665,0.43022406511863165,0.9904438529308546,,-1,nan,nan,nan,nan,-1,1e-12
14,4,6,6-7-8-9,6,4,4,7.5,6.5,1.0,2,13,12,0.8571428571428571,PREREGISTERED_PRIMARY_ANALYSIS_COMPLETED,True,False,0,0.0,0.09775554747633279,0.4302240650806071,0.9904438529376026,,-1,nan,nan,nan,nan,-1,1e-12
14,4,7,7-8-9-10,7,3,3,8.5,6.5,2.0,3,13,11,0.7857142857142857,PREREGISTERED_PRIMARY_ANALYSIS_COMPLETED,True,False,0,0.0,0.09803573372918872,0.4303888023564784,0.9903889949121797,,-1,nan,nan,nan,nan,-1,1e-12
14,4,8,8-9-10-11,8,2,2,9.5,6.5,3.0,4,13,10,0.7142857142857143,PREREGISTERED_PRIMARY_ANALYSIS_COMPLETED,True,False,0,0.0,0.16412857220324673,0.4054289036589047,0.9730618117865236,,-1,nan,nan,nan,nan,-1,1e-12
14,4,9,9-10-11-12,9,1,1,10.5,6.5,4.0,5,13,9,0.6428571428571429,PREREGISTERED_PRIMARY_ANALYSIS_COMPLETED,True,True,5,1.0,-0.9930864103295114,-0.9520948905500802,0.09351531938842957,,-1,nan,nan,nan,nan,-1,1e-12
14,4,10,10-11-12-13,10,0,0,11.5,6.5,5.0,6,13,8,0.5714285714285714,PREREGISTERED_PRIMARY_ANALYSIS_COMPLETED,True,True,5,1.0,-0.9910038506682,-0.9644347256200394,0.06986566001819956,,-1,nan,nan,nan,nan,-1,1e-12
14,5,0,0-1-2-3,0,10,0,1.5,6.5,5.0,0,8,9,0.6428571428571429,PREREGISTERED_PRIMARY_ANALYSIS_COMPLETED,True,False,0,0.0,0.612892447108077,0.9717109946955338,0.6243628482778731,,-1,nan,nan,nan,nan,-1,1e-12
14,5,1,1-2-3-4,1,9,1,2.5,6.5,4.0,0,9,10,0.7142857142857143,PREREGISTERED_PRIMARY_ANALYSIS_COMPLETED,True,False,0,0.0,0.6417750975712844,0.9741479181808319,0.5881247241373684,,-1,nan,nan,nan,nan,-1,1e-12
14,5,2,2-3-4-5,2,8,2,3.5,6.5,3.0,0,10,11,0.7857142857142857,PREREGISTERED_PRIMARY_ANALYSIS_COMPLETED,True,False,0,0.0,0.4993136211342135,0.8861493658226608,0.750685907749839,,-1,nan,nan,nan,nan,-1,1e-12
14,5,3,3-4-5-6,3,7,3,4.5,6.5,2.0,0,11,12,0.8571428571428571,PREREGISTERED_PRIMARY_ANALYSIS_COMPLETED,True,False,0,0.0,-0.45967038866044835,0.5469307925464939,0.9945713677763535,,-1,nan,nan,nan,nan,-1,1e-12
14,5,4,4-5-6-7,4,6,4,5.5,6.5,1.0,0,12,13,0.9285714285714286,PREREGISTERED_PRIMARY_ANALYSIS_COMPLETED,True,False,0,0.0,-0.447207203557673,0.5415028016097518,0.9948021280088127,,-1,nan,nan,nan,nan,-1,1e-12
14,5,5,5-6-7-8,5,5,5,6.5,6.5,0.0,0,13,14,1.0,PREREGISTERED_PRIMARY_ANALYSIS_COMPLETED,True,False,0,0.0,-0.44718587209505456,0.5415124776584362,0.99480872732742,,-1,nan,nan,nan,nan,-1,1e-12
14,5,6,6-7-8-9,6,4,4,7.5,6.5,1.0,1,13,13,0.9285714285714286,PREREGISTERED_PRIMARY_ANALYSIS_COMPLETED,True,False,0,0.0,-0.4472072035800647,0.5415028016179722,0.9948021280081912,,-1,nan,nan,nan,nan,-1,1e-12
14,5,7,7-8-9-10,7,3,3,8.5,6.5,2.0,2,13,12,0.8571428571428571,PREREGISTERED_PRIMARY_ANALYSIS_COMPLETED,True,False,0,0.0,-0.45967038848247826,0.54693079251101,0.9945713677791154,,-1,nan,nan,nan,nan,-1,1e-12
14,5,8,8-9-10-11,8,2,2,9.5,6.5,3.0,3,13,11,0.7857142857142857,PREREGISTERED_PRIMARY_ANALYSIS_COMPLETED,True,False,0,0.0,0.49931362113879624,0.886149365826768,0.7506859077452628,,-1,nan,nan,nan,nan,-1,1e-12
14,5,9,9-10-11-12,9,1,1,10.5,6.5,4.0,4,13,10,0.7142857142857143,PREREGISTERED_PRIMARY_ANALYSIS_COMPLETED,True,False,0,0.0,0.6417750975718282,0.9741479181870206,0.5881247241366703,,-1,nan,nan,nan,nan,-1,1e-12
14,5,10,10-11-12-13,10,0,0,11.5,6.5,5.0,5,13,9,0.6428571428571429,PREREGISTERED_PRIMARY_ANALYSIS_COMPLETED,True,False,0,0.0,0.6128924471098306,0.971710994688028,0.6243628482757234,,-1,nan,nan,nan,nan,-1,1e-12
14,6,0,0-1-2-3,0,10,0,1.5,6.5,5.0,0,9,10,0.7142857142857143,PREREGISTERED_PRIMARY_ANALYSIS_COMPLETED,True,True,5,1.0,-0.9925486404534004,-0.9804103192477743,0.03879560591247724,,-1,nan,nan,nan,nan,-1,1e-12
14,6,1,1-2-3-4,1,9,1,2.5,6.5,4.0,0,10,11,0.7857142857142857,PREREGISTERED_PRIMARY_ANALYSIS_COMPLETED,True,False,0,0.0,-0.8170162142514442,-0.6561654509945901,0.5694469009210662,,-1,nan,nan,nan,nan,-1,1e-12
14,6,2,2-3-4-5,2,8,2,3.5,6.5,3.0,0,11,12,0.8571428571428571,PREREGISTERED_PRIMARY_ANALYSIS_COMPLETED,True,False,3,0.6,-0.9457300034383385,-0.8908859418798085,0.2063222385609265,,-1,nan,nan,nan,nan,-1,1e-12
14,6,3,3-4-5-6,3,7,3,4.5,6.5,2.0,0,12,13,0.9285714285714286,PREREGISTERED_PRIMARY_ANALYSIS_COMPLETED,True,False,1,0.2,-0.929716582317366,-0.27146375408938306,0.926307430215699,,-1,nan,nan,nan,nan,-1,1e-12
14,6,4,4-5-6-7,4,6,4,5.5,6.5,1.0,0,13,14,1.0,PREREGISTERED_PRIMARY_ANALYSIS_COMPLETED,True,False,0,0.0,-0.4286410986633942,0.5081855761520965,0.9895000067952384,,-1,nan,nan,nan,nan,-1,1e-12
14,6,5,5-6-7-8,5,5,5,6.5,6.5,0.0,0,13,14,1.0,PREREGISTERED_PRIMARY_ANALYSIS_COMPLETED,True,False,0,0.0,-0.42053878585550153,0.507209045762034,0.9900738761113838,,-1,nan,nan,nan,nan,-1,1e-12
14,6,6,6-7-8-9,6,4,4,7.5,6.5,1.0,0,13,14,1.0,PREREGISTERED_PRIMARY_ANALYSIS_COMPLETED,True,False,0,0.0,-0.42864109872375433,0.5081855761718275,0.9895000067939997,,-1,nan,nan,nan,nan,-1,1e-12
14,6,7,7-8-9-10,7,3,3,8.5,6.5,2.0,1,13,13,0.9285714285714286,PREREGISTERED_PRIMARY_ANALYSIS_COMPLETED,True,False,1,0.2,-0.9297165820971178,-0.27146375395722133,0.9263074302874534,,-1,nan,nan,nan,nan,-1,1e-12
14,6,8,8-9-10-11,8,2,2,9.5,6.5,3.0,2,13,12,0.8571428571428571,PREREGISTERED_PRIMARY_ANALYSIS_COMPLETED,True,False,3,0.6,-0.9457300034375713,-0.8908859418792802,0.20632223856186757,,-1,nan,nan,nan,nan,-1,1e-12
14,6,9,9-10-11-12,9,1,1,10.5,6.5,4.0,3,13,11,0.7857142857142857,PREREGISTERED_PRIMARY_ANALYSIS_COMPLETED,True,False,0,0.0,-0.8170162142493448,-0.6561654509835474,0.5694469009355576,,-1,nan,nan,nan,nan,-1,1e-12
14,6,10,10-11-12-13,10,0,0,11.5,6.5,5.0,4,13,10,0.7142857142857143,PREREGISTERED_PRIMARY_ANALYSIS_COMPLETED,True,True,5,1.0,-0.9925486404536283,-0.9804103192481816,0.03879560591167846,,-1,nan,nan,nan,nan,-1,1e-12
14,7,0,0-1-2-3,0,10,0,1.5,6.5,5.0,0,10,11,0.7857142857142857,PREREGISTERED_PRIMARY_ANALYSIS_COMPLETED,True,False,0,0.0,0.5443333287493359,0.7496340705817603,0.7037012272126674,,-1,nan,nan,nan,nan,-1,1e-12
14,7,1,1-2-3-4,1,9,1,2.5,6.5,4.0,0,11,12,0.8571428571428571,PREREGISTERED_PRIMARY_ANALYSIS_COMPLETED,True,False,0,0.0,-0.6789243293727572,0.3746234892211896,0.9977111449501849,,-1,nan,nan,nan,nan,-1,1e-12
14,7,2,2-3-4-5,2,8,2,3.5,6.5,3.0,0,12,13,0.9285714285714286,PREREGISTERED_PRIMARY_ANALYSIS_COMPLETED,True,False,0,0.0,-0.767223851506293,-0.5019386512984456,0.7480575903326973,,-1,nan,nan,nan,nan,-1,1e-12
14,7,3,3-4-5-6,3,7,3,4.5,6.5,2.0,0,13,14,1.0,PREREGISTERED_PRIMARY_ANALYSIS_COMPLETED,True,False,3,0.6,-0.9760799051303359,-0.5986313151947829,0.6416405484681641,,-1,nan,nan,nan,nan,-1,1e-12
14,7,4,4-5-6-7,4,6,4,5.5,6.5,1.0,0,13,14,1.0,PREREGISTERED_PRIMARY_ANALYSIS_COMPLETED,True,False,1,0.2,-0.9235873160291553,0.2809708222331509,0.9944356256590009,,-1,nan,nan,nan,nan,-1,1e-12
14,7,5,5-6-7-8,5,5,5,6.5,6.5,0.0,0,13,14,1.0,PREREGISTERED_PRIMARY_ANALYSIS_COMPLETED,True,False,0,0.0,-0.8763926458395334,0.38000455130021105,0.9974060402380215,,-1,nan,nan,nan,nan,-1,1e-12
14,7,6,6-7-8-9,6,4,4,7.5,6.5,1.0,0,13,14,1.0,PREREGISTERED_PRIMARY_ANALYSIS_COMPLETED,True,False,1,0.2,-0.9235873149182708,0.28097082222862096,0.9944356256768013,,-1,nan,nan,nan,nan,-1,1e-12
14,7,7,7-8-9-10,7,3,3,8.5,6.5,2.0,0,13,14,1.0,PREREGISTERED_PRIMARY_ANALYSIS_COMPLETED,True,False,3,0.6,-0.9760799051344009,-0.5986313152226375,0.6416405484348155,,-1,nan,nan,nan,nan,-1,1e-12
14,7,8,8-9-10-11,8,2,2,9.5,6.5,3.0,1,13,13,0.9285714285714286,PREREGISTERED_PRIMARY_ANALYSIS_COMPLETED,True,False,0,0.0,-0.7672238515261688,-0.5019386513304334,0.7480575903005856,,-1,nan,nan,nan,nan,-1,1e-12
14,7,9,9-10-11-12,9,1,1,10.5,6.5,4.0,2,13,12,0.8571428571428571,PREREGISTERED_PRIMARY_ANALYSIS_COMPLETED,True,False,0,0.0,-0.6789243293747146,0.37462348921580213,0.9977111449500393,,-1,nan,nan,nan,nan,-1,1e-12
14,7,10,10-11-12-13,10,0,0,11.5,6.5,5.0,3,13,11,0.7857142857142857,PREREGISTERED_PRIMARY_ANALYSIS_COMPLETED,True,False,0,0.0,0.5443333287158306,0.749634070458717,0.7037012272491436,,-1,nan,nan,nan,nan,-1,1e-12
14,8,0,0-1-2-3,0,10,0,1.5,6.5,5.0,0,11,12,0.8571428571428571,PREREGISTERED_PRIMARY_ANALYSIS_COMPLETED,True,False,0,0.0,-0.6729955335400821,0.5752700011515077,0.9786744289770845,,-1,nan,nan,nan,nan,-1,1e-12
14,8,1,1-2-3-4,1,9,1,2.5,6.5,4.0,0,12,13,0.9285714285714286,PREREGISTERED_PRIMARY_ANALYSIS_COMPLETED,True,False,0,0.0,-0.7485038047435805,0.24728062674679965,0.9769382290412482,,-1,nan,nan,nan,nan,-1,1e-12
14,8,2,2-3-4-5,2,8,2,3.5,6.5,3.0,0,13,14,1.0,PREREGISTERED_PRIMARY_ANALYSIS_COMPLETED,True,False,0,0.0,0.29142414994591176,0.7692564919075728,0.9150719648283026,,-1,nan,nan,nan,nan,-1,1e-12
14,8,3,3-4-5-6,3,7,3,4.5,6.5,2.0,0,13,14,1.0,PREREGISTERED_PRIMARY_ANALYSIS_COMPLETED,True,False,0,0.0,0.2702573504706836,0.7950923733458924,0.926960964516566,,-1,nan,nan,nan,nan,-1,1e-12
14,8,4,4-5-6-7,4,6,4,5.5,6.5,1.0,0,13,14,1.0,PREREGISTERED_PRIMARY_ANALYSIS_COMPLETED,True,False,1,0.2,-0.9502131259451204,-0.5046863119361255,0.7452917265443115,,-1,nan,nan,nan,nan,-1,1e-12
14,8,5,5-6-7-8,5,5,5,6.5,6.5,0.0,0,13,14,1.0,PREREGISTERED_PRIMARY_ANALYSIS_COMPLETED,True,False,2,0.4,-0.983296523564011,0.11241017155321012,0.9873639533313778,,-1,nan,nan,nan,nan,-1,1e-12
14,8,6,6-7-8-9,6,4,4,7.5,6.5,1.0,0,13,14,1.0,PREREGISTERED_PRIMARY_ANALYSIS_COMPLETED,True,False,1,0.2,-0.950213125888804,-0.5046863118630701,0.7452917266180521,,-1,nan,nan,nan,nan,-1,1e-12
14,8,7,7-8-9-10,7,3,3,8.5,6.5,2.0,0,13,14,1.0,PREREGISTERED_PRIMARY_ANALYSIS_COMPLETED,True,False,0,0.0,0.27025735047149035,0.795092373355021,0.92696096451613,,-1,nan,nan,nan,nan,-1,1e-12
14,8,8,8-9-10-11,8,2,2,9.5,6.5,3.0,0,13,14,1.0,PREREGISTERED_PRIMARY_ANALYSIS_COMPLETED,True,False,0,0.0,0.29142414994389854,0.7692564918939894,0.9150719648294762,,-1,nan,nan,nan,nan,-1,1e-12
14,8,9,9-10-11-12,9,1,1,10.5,6.5,4.0,1,13,13,0.9285714285714286,PREREGISTERED_PRIMARY_ANALYSIS_COMPLETED,True,False,0,0.0,-0.7485038047437332,0.24728062677365797,0.9769382290399743,,-1,nan,nan,nan,nan,-1,1e-12
14,8,10,10-11-12-13,10,0,0,11.5,6.5,5.0,2,13,12,0.8571428571428571,PREREGISTERED_PRIMARY_ANALYSIS_COMPLETED,True,False,0,0.0,-0.6729955336636553,0.5752700011888048,0.9786744289694163,,-1,nan,nan,nan,nan,-1,1e-12
14,9,0,0-1-2-3,0,10,0,1.5,6.5,5.0,0,12,13,0.9285714285714286,PREREGISTERED_PRIMARY_ANALYSIS_COMPLETED,True,False,0,0.0,-0.5093144236624133,0.5081942659852102,0.9908661575418001,,-1,nan,nan,nan,nan,-1,1e-12
14,9,1,1-2-3-4,1,9,1,2.5,6.5,4.0,0,13,14,1.0,PREREGISTERED_PRIMARY_ANALYSIS_COMPLETED,True,False,0,0.0,0.3741210079672372,0.6350293038149599,0.8600334713975785,,-1,nan,nan,nan,nan,-1,1e-12
14,9,2,2-3-4-5,2,8,2,3.5,6.5,3.0,0,13,14,1.0,PREREGISTERED_PRIMARY_ANALYSIS_COMPLETED,True,True,5,1.0,-0.982848014919356,-0.9624127777585159,0.07376164520713717,,-1,nan,nan,nan,nan,-1,1e-12
14,9,3,3-4-5-6,3,7,3,4.5,6.5,2.0,0,13,14,1.0,PREREGISTERED_PRIMARY_ANALYSIS_COMPLETED,True,False,0,0.0,-0.4595348153105184,0.7516000514924557,0.9630297409423084,,-1,nan,nan,nan,nan,-1,1e-12
14,9,4,4-5-6-7,4,6,4,5.5,6.5,1.0,0,13,14,1.0,PREREGISTERED_PRIMARY_ANALYSIS_COMPLETED,True,True,5,1.0,-0.9637246655221313,-0.9427634500315182,0.11119707728466849,,-1,nan,nan,nan,nan,-1,1e-12
14,9,5,5-6-7-8,5,5,5,6.5,6.5,0.0,0,13,14,1.0,PREREGISTERED_PRIMARY_ANALYSIS_COMPLETED,True,False,1,0.2,-0.9433019848350541,-0.0827505425107926,0.9931523477141696,,-1,nan,nan,nan,nan,-1,1e-12
14,9,6,6-7-8-9,6,4,4,7.5,6.5,1.0,0,13,14,1.0,PREREGISTERED_PRIMARY_ANALYSIS_COMPLETED,True,True,5,1.0,-0.9637246655248423,-0.9427634500342743,0.1111970772794728,,-1,nan,nan,nan,nan,-1,1e-12
14,9,7,7-8-9-10,7,3,3,8.5,6.5,2.0,0,13,14,1.0,PREREGISTERED_PRIMARY_ANALYSIS_COMPLETED,True,False,0,0.0,-0.45953481530843493,0.7516000514753945,0.9630297409426585,,-1,nan,nan,nan,nan,-1,1e-12
14,9,8,8-9-10-11,8,2,2,9.5,6.5,3.0,0,13,14,1.0,PREREGISTERED_PRIMARY_ANALYSIS_COMPLETED,True,True,5,1.0,-0.9828480149189815,-0.9624127777582362,0.07376164520767561,,-1,nan,nan,nan,nan,-1,1e-12
14,9,9,9-10-11-12,9,1,1,10.5,6.5,4.0,0,13,14,1.0,PREREGISTERED_PRIMARY_ANALYSIS_COMPLETED,True,False,0,0.0,0.3741210080182739,0.6350293040666859,0.8600334713593903,,-1,nan,nan,nan,nan,-1,1e-12
14,9,10,10-11-12-13,10,0,0,11.5,6.5,5.0,1,13,13,0.9285714285714286,PREREGISTERED_PRIMARY_ANALYSIS_COMPLETED,True,False,0,0.0,-0.5093144235715387,0.5081942659546114,0.9908661575451545,,-1,nan,nan,nan,nan,-1,1e-12
14,10,0,0-1-2-3,0,10,0,1.5,6.5,5.0,0,13,14,1.0,PREREGISTERED_PRIMARY_ANALYSIS_COMPLETED,True,False,0,0.0,-0.8085482126844071,0.4526522469763746,0.9744192165559828,,-1,nan,nan,nan,nan,-1,1e-12
14,10,1,1-2-3-4,1,9,1,2.5,6.5,4.0,0,13,14,1.0,PREREGISTERED_PRIMARY_ANALYSIS_COMPLETED,True,False,0,0.0,-0.5614640809396516,0.5883877495063168,0.9955135317604303,,-1,nan,nan,nan,nan,-1,1e-12
14,10,2,2-3-4-5,2,8,2,3.5,6.5,3.0,0,13,14,1.0,PREREGISTERED_PRIMARY_ANALYSIS_COMPLETED,True,False,0,0.0,0.14213774658053607,0.5645071820843041,0.9797968609970069,,-1,nan,nan,nan,nan,-1,1e-12
14,10,3,3-4-5-6,3,7,3,4.5,6.5,2.0,0,13,14,1.0,PREREGISTERED_PRIMARY_ANALYSIS_COMPLETED,True,False,0,0.0,0.1904109026893056,0.6589338608956306,0.9637436881370436,,-1,nan,nan,nan,nan,-1,1e-12
14,10,4,4-5-6-7,4,6,4,5.5,6.5,1.0,0,13,14,1.0,PREREGISTERED_PRIMARY_ANALYSIS_COMPLETED,True,False,0,0.0,-0.7221375723190366,0.34163003065927094,0.975092764162174,,-1,nan,nan,nan,nan,-1,1e-12
14,10,5,5-6-7-8,5,5,5,6.5,6.5,0.0,0,13,14,1.0,PREREGISTERED_PRIMARY_ANALYSIS_COMPLETED,True,False,1,0.2,-0.9324295572719802,-0.5788595756159144,0.6649215917177631,,-1,nan,nan,nan,nan,-1,1e-12
14,10,6,6-7-8-9,6,4,4,7.5,6.5,1.0,0,13,14,1.0,PREREGISTERED_PRIMARY_ANALYSIS_COMPLETED,True,False,0,0.0,-0.7221375723623331,0.3416300306658734,0.9750927641604958,,-1,nan,nan,nan,nan,-1,1e-12
14,10,7,7-8-9-10,7,3,3,8.5,6.5,2.0,0,13,14,1.0,PREREGISTERED_PRIMARY_ANALYSIS_COMPLETED,True,False,0,0.0,0.1904109026826361,0.658933860831432,0.9637436881395833,,-1,nan,nan,nan,nan,-1,1e-12
14,10,8,8-9-10-11,8,2,2,9.5,6.5,3.0,0,13,14,1.0,PREREGISTERED_PRIMARY_ANALYSIS_COMPLETED,True,False,0,0.0,0.14213774657282102,0.564507182076881,0.9797968609992005,,-1,nan,nan,nan,nan,-1,1e-12
14,10,9,9-10-11-12,9,1,1,10.5,6.5,4.0,0,13,14,1.0,PREREGISTERED_PRIMARY_ANALYSIS_COMPLETED,True,False,0,0.0,-0.5614640813292584,0.5883877495512677,0.995513531758851,,-1,nan,nan,nan,nan,-1,1e-12
14,10,10,10-11-12-13,10,0,0,11.5,6.5,5.0,0,13,14,1.0,PREREGISTERED_PRIMARY_ANALYSIS_COMPLETED,True,False,0,0.0,-0.8085482128319658,0.4526522469830048,0.9744192165543516,,-1,nan,nan,nan,nan,-1,1e-12
14,11,0,0-1-2-3,0,10,0,1.5,6.5,5.0,0,13,14,1.0,PREREGISTERED_PRIMARY_ANALYSIS_COMPLETED,True,False,1,0.2,-0.9447686530029926,0.2958538997770637,0.9968802819440268,,-1,nan,nan,nan,nan,-1,1e-12
14,11,1,1-2-3-4,1,9,1,2.5,6.5,4.0,0,13,14,1.0,PREREGISTERED_PRIMARY_ANALYSIS_COMPLETED,True,False,0,0.0,-0.3921007570810189,0.540901549626723,0.9999618724440843,,-1,nan,nan,nan,nan,-1,1e-12
14,11,2,2-3-4-5,2,8,2,3.5,6.5,3.0,0,13,14,1.0,PREREGISTERED_PRIMARY_ANALYSIS_COMPLETED,True,False,0,0.0,0.03233889664151784,0.5792183148614928,0.9989541957640089,,-1,nan,nan,nan,nan,-1,1e-12
14,11,3,3-4-5-6,3,7,3,4.5,6.5,2.0,0,13,14,1.0,PREREGISTERED_PRIMARY_ANALYSIS_COMPLETED,True,True,5,1.0,-0.9911753109220803,-0.9217549803178399,0.1503677562592581,,-1,nan,nan,nan,nan,-1,1e-12
14,11,4,4-5-6-7,4,6,4,5.5,6.5,1.0,0,13,14,1.0,PREREGISTERED_PRIMARY_ANALYSIS_COMPLETED,True,True,5,1.0,-0.9879830676568858,-0.9207503474135268,0.15221879773787003,,-1,nan,nan,nan,nan,-1,1e-12
14,11,5,5-6-7-8,5,5,5,6.5,6.5,0.0,0,13,14,1.0,PREREGISTERED_PRIMARY_ANALYSIS_COMPLETED,True,False,0,0.0,-0.8619824594729829,-0.09886917334335467,0.9902248865624016,,-1,nan,nan,nan,nan,-1,1e-12
14,11,6,6-7-8-9,6,4,4,7.5,6.5,1.0,0,13,14,1.0,PREREGISTERED_PRIMARY_ANALYSIS_COMPLETED,True,True,5,1.0,-0.9879830676572983,-0.9207503474348402,0.15221879769862098,,-1,nan,nan,nan,nan,-1,1e-12
14,11,7,7-8-9-10,7,3,3,8.5,6.5,2.0,0,13,14,1.0,PREREGISTERED_PRIMARY_ANALYSIS_COMPLETED,True,True,5,1.0,-0.9911753109207083,-0.9217549803103459,0.15036775627307417,,-1,nan,nan,nan,nan,-1,1e-12
14,11,8,8-9-10-11,8,2,2,9.5,6.5,3.0,0,13,14,1.0,PREREGISTERED_PRIMARY_ANALYSIS_COMPLETED,True,False,0,0.0,0.03233889665915569,0.5792183148865276,0.9989541957628684,,-1,nan,nan,nan,nan,-1,1e-12
14,11,9,9-10-11-12,9,1,1,10.5,6.5,4.0,0,13,14,1.0,PREREGISTERED_PRIMARY_ANALYSIS_COMPLETED,True,False,0,0.0,-0.3921007571327085,0.5409015496329503,0.9999618724440609,,-1,nan,nan,nan,nan,-1,1e-12
14,11,10,10-11-12-13,10,0,0,11.5,6.5,5.0,0,13,14,1.0,PREREGISTERED_PRIMARY_ANALYSIS_COMPLETED,True,False,1,0.2,-0.944768653631489,0.2958538998074109,0.9968802819433288,,-1,nan,nan,nan,nan,-1,1e-12
14,12,0,0-1-2-3,0,10,0,1.5,6.5,5.0,0,13,14,1.0,PREREGISTERED_PRIMARY_ANALYSIS_COMPLETED,True,False,2,0.4,-0.9846069723812145,0.0915713397155056,0.9916146897427075,,-1,nan,nan,nan,nan,-1,1e-12
14,12,1,1-2-3-4,1,9,1,2.5,6.5,4.0,0,13,14,1.0,PREREGISTERED_PRIMARY_ANALYSIS_COMPLETED,True,False,0,0.0,-0.72261079298263,0.5084337963195009,0.9508642318806824,,-1,nan,nan,nan,nan,-1,1e-12
14,12,2,2-3-4-5,2,8,2,3.5,6.5,3.0,0,13,14,1.0,PREREGISTERED_PRIMARY_ANALYSIS_COMPLETED,True,False,0,0.0,-0.6104761041350972,0.6068980726583378,0.9893693282038306,,-1,nan,nan,nan,nan,-1,1e-12
14,12,3,3-4-5-6,3,7,3,4.5,6.5,2.0,0,13,14,1.0,PREREGISTERED_PRIMARY_ANALYSIS_COMPLETED,True,False,1,0.2,-0.8947076754854454,0.6344472903860283,0.9645595513556902,,-1,nan,nan,nan,nan,-1,1e-12
14,12,4,4-5-6-7,4,6,4,5.5,6.5,1.0,0,13,14,1.0,PREREGISTERED_PRIMARY_ANALYSIS_COMPLETED,True,True,5,1.0,-0.9945319944422268,-0.9866066033123854,0.026607410300398062,,-1,nan,nan,nan,nan,-1,1e-12
14,12,5,5-6-7-8,5,5,5,6.5,6.5,0.0,0,13,14,1.0,PREREGISTERED_PRIMARY_ANALYSIS_COMPLETED,True,True,5,1.0,-0.9868768341833606,-0.9535273495844402,0.09078559359447258,,-1,nan,nan,nan,nan,-1,1e-12
14,12,6,6-7-8-9,6,4,4,7.5,6.5,1.0,0,13,14,1.0,PREREGISTERED_PRIMARY_ANALYSIS_COMPLETED,True,True,5,1.0,-0.9945319944423623,-0.9866066033124805,0.026607410300209286,,-1,nan,nan,nan,nan,-1,1e-12
14,12,7,7-8-9-10,7,3,3,8.5,6.5,2.0,0,13,14,1.0,PREREGISTERED_PRIMARY_ANALYSIS_COMPLETED,True,False,1,0.2,-0.8947076755088588,0.6344472903873233,0.9645595513547786,,-1,nan,nan,nan,nan,-1,1e-12
14,12,8,8-9-10-11,8,2,2,9.5,6.5,3.0,0,13,14,1.0,PREREGISTERED_PRIMARY_ANALYSIS_COMPLETED,True,False,0,0.0,-0.6104761041482614,0.6068980726554465,0.9893693282045344,,-1,nan,nan,nan,nan,-1,1e-12
14,12,9,9-10-11-12,9,1,1,10.5,6.5,4.0,0,13,14,1.0,PREREGISTERED_PRIMARY_ANALYSIS_COMPLETED,True,False,0,0.0,-0.7226107934516649,0.5084337963578872,0.9508642318549497,,-1,nan,nan,nan,nan,-1,1e-12
14,12,10,10-11-12-13,10,0,0,11.5,6.5,5.0,0,13,14,1.0,PREREGISTERED_PRIMARY_ANALYSIS_COMPLETED,True,False,2,0.4,-0.9846069722279044,0.09157133979207438,0.9916146897286844,,-1,nan,nan,nan,nan,-1,1e-12
16,1,0,0-1-2-3,0,12,0,1.5,7.5,6.0,0,4,5,0.3125,MODULAR_SECTOR_UNDEFINED_RANK_DEFICIENT,False,,,nan,nan,nan,nan,POSITIVITY_GATE_FAIL,0,0.0,0.0,-3.754964214430416e-16,0.7404689526062438,4,1e-12
16,1,1,1-2-3-4,1,11,1,2.5,7.5,5.0,0,5,6,0.375,MODULAR_SECTOR_UNDEFINED_RANK_DEFICIENT,False,,,nan,nan,nan,nan,POSITIVITY_GATE_FAIL,0,0.0,0.0,-1.9587744788694136e-16,0.6535926380275191,8,1e-12
16,1,2,2-3-4-5,2,10,2,3.5,7.5,4.0,1,6,6,0.375,MODULAR_SECTOR_UNDEFINED_RANK_DEFICIENT,False,,,nan,nan,nan,nan,POSITIVITY_GATE_FAIL,0,0.0,0.0,-5.78650532474843e-16,0.6535926380275191,8,1e-12
16,1,3,3-4-5-6,3,9,3,4.5,7.5,3.0,2,7,6,0.375,MODULAR_SECTOR_UNDEFINED_RANK_DEFICIENT,False,,,nan,nan,nan,nan,POSITIVITY_GATE_FAIL,0,0.0,0.0,-3.143993343281392e-16,0.6535926380275193,8,1e-12
16,1,4,4-5-6-7,4,8,4,5.5,7.5,2.0,3,8,6,0.375,MODULAR_SECTOR_UNDEFINED_RANK_DEFICIENT,False,,,nan,nan,nan,nan,POSITIVITY_GATE_FAIL,0,0.0,0.0,-1.7530973031587051e-16,0.6535926380275194,8,1e-12
16,1,5,5-6-7-8,5,7,5,6.5,7.5,1.0,4,9,6,0.375,MODULAR_SECTOR_UNDEFINED_RANK_DEFICIENT,False,,,nan,nan,nan,nan,POSITIVITY_GATE_FAIL,0,0.0,0.0,-2.0896413853308558e-16,0.6535926380275193,8,1e-12
16,1,6,6-7-8-9,6,6,6,7.5,7.5,0.0,5,10,6,0.375,MODULAR_SECTOR_UNDEFINED_RANK_DEFICIENT,False,,,nan,nan,nan,nan,POSITIVITY_GATE_FAIL,0,0.0,0.0,-2.8730928103220084e-16,0.6535926380275189,8,1e-12
16,1,7,7-8-9-10,7,5,5,8.5,7.5,1.0,6,11,6,0.375,MODULAR_SECTOR_UNDEFINED_RANK_DEFICIENT,False,,,nan,nan,nan,nan,POSITIVITY_GATE_FAIL,0,0.0,0.0,-2.659132262493863e-16,0.6535926380275192,8,1e-12
16,1,8,8-9-10-11,8,4,4,9.5,7.5,2.0,7,12,6,0.375,MODULAR_SECTOR_UNDEFINED_RANK_DEFICIENT,False,,,nan,nan,nan,nan,POSITIVITY_GATE_FAIL,0,0.0,0.0,-2.207387386961022e-16,0.6535926380275192,8,1e-12
16,1,9,9-10-11-12,9,3,3,10.5,7.5,3.0,8,13,6,0.375,MODULAR_SECTOR_UNDEFINED_RANK_DEFICIENT,False,,,nan,nan,nan,nan,POSITIVITY_GATE_FAIL,0,0.0,0.0,-2.4679479709237155e-16,0.653592638027519,8,1e-12
16,1,10,10-11-12-13,10,2,2,11.5,7.5,4.0,9,14,6,0.375,MODULAR_SECTOR_UNDEFINED_RANK_DEFICIENT,False,,,nan,nan,nan,nan,POSITIVITY_GATE_FAIL,0,0.0,0.0,-2.7297061476635273e-16,0.6535926380275191,8,1e-12
16,1,11,11-12-13-14,11,1,1,12.5,7.5,5.0,10,15,6,0.375,MODULAR_SECTOR_UNDEFINED_RANK_DEFICIENT,False,,,nan,nan,nan,nan,POSITIVITY_GATE_FAIL,0,0.0,0.0,-2.333413931069914e-16,0.6535926380275191,8,1e-12
16,1,12,12-13-14-15,12,0,0,13.5,7.5,6.0,11,15,5,0.3125,MODULAR_SECTOR_UNDEFINED_RANK_DEFICIENT,False,,,nan,nan,nan,nan,POSITIVITY_GATE_FAIL,0,0.0,0.0,-4.48366140801713e-16,0.740468952606244,4,1e-12
16,2,0,0-1-2-3,0,12,0,1.5,7.5,6.0,0,5,6,0.375,MODULAR_SECTOR_UNDEFINED_RANK_DEFICIENT,False,,,nan,nan,nan,nan,POSITIVITY_GATE_FAIL,0,0.0,0.0,-1.1467023474417808e-16,0.6283691297531123,8,1e-12
16,2,1,1-2-3-4,1,11,1,2.5,7.5,5.0,0,6,7,0.4375,PREREGISTERED_PRIMARY_ANALYSIS_COMPLETED,True,False,0,0.0,0.1327149455954489,0.35873253969786184,0.982386743215597,,-1,nan,nan,nan,nan,-1,1e-12
16,2,2,2-3-4-5,2,10,2,3.5,7.5,4.0,0,7,8,0.5,PREREGISTERED_PRIMARY_ANALYSIS_COMPLETED,True,False,0,0.0,0.010885422284736358,0.29199228468936983,0.9998815075816828,,-1,nan,nan,nan,nan,-1,1e-12
16,2,3,3-4-5-6,3,9,3,4.5,7.5,3.0,1,8,8,0.5,PREREGISTERED_PRIMARY_ANALYSIS_COMPLETED,True,False,0,0.0,0.010885422323676659,0.29199228508481884,0.999881507580835,,-1,nan,nan,nan,nan,-1,1e-12
16,2,4,4-5-6-7,4,8,4,5.5,7.5,2.0,2,9,8,0.5,PREREGISTERED_PRIMARY_ANALYSIS_COMPLETED,True,False,0,0.0,0.010885422354764031,0.2919922852593756,0.9998815075801585,,-1,nan,nan,nan,nan,-1,1e-12
16,2,5,5-6-7-8,5,7,5,6.5,7.5,1.0,3,10,8,0.5,PREREGISTERED_PRIMARY_ANALYSIS_COMPLETED,True,False,0,0.0,0.010885422342771471,0.2919922852454932,0.9998815075804192,,-1,nan,nan,nan,nan,-1,1e-12
16,2,6,6-7-8-9,6,6,6,7.5,7.5,0.0,4,11,8,0.5,PREREGISTERED_PRIMARY_ANALYSIS_COMPLETED,True,False,0,0.0,0.010885422427669813,0.29199228686095025,0.9998815075785713,,-1,nan,nan,nan,nan,-1,1e-12
16,2,7,7-8-9-10,7,5,5,8.5,7.5,1.0,5,12,8,0.5,PREREGISTERED_PRIMARY_ANALYSIS_COMPLETED,True,False,0,0.0,0.010885422340327276,0.2919922852345679,0.9998815075804727,,-1,nan,nan,nan,nan,-1,1e-12
16,2,8,8-9-10-11,8,4,4,9.5,7.5,2.0,6,13,8,0.5,PREREGISTERED_PRIMARY_ANALYSIS_COMPLETED,True,False,0,0.0,0.010885422350910418,0.29199228524777326,0.9998815075802423,,-1,nan,nan,nan,nan,-1,1e-12
16,2,9,9-10-11-12,9,3,3,10.5,7.5,3.0,7,14,8,0.5,PREREGISTERED_PRIMARY_ANALYSIS_COMPLETED,True,False,0,0.0,0.0108854223298816,0.2919922852162982,0.9998815075807005,,-1,nan,nan,nan,nan,-1,1e-12
16,2,10,10-11-12-13,10,2,2,11.5,7.5,4.0,8,15,8,0.5,PREREGISTERED_PRIMARY_ANALYSIS_COMPLETED,True,False,0,0.0,0.010885422279563805,0.29199228462075605,0.9998815075817957,,-1,nan,nan,nan,nan,-1,1e-12
16,2,11,11-12-13-14,11,1,1,12.5,7.5,5.0,9,15,7,0.4375,PREREGISTERED_PRIMARY_ANALYSIS_COMPLETED,True,False,0,0.0,0.1327149455930505,0.35873253971457264,0.9823867432162338,,-1,nan,nan,nan,nan,-1,1e-12
16,2,12,12-13-14-15,12,0,0,13.5,7.5,6.0,10,15,6,0.375,MODULAR_SECTOR_UNDEFINED_RANK_DEFICIENT,False,,,nan,nan,nan,nan,POSITIVITY_GATE_FAIL,0,0.0,0.0,-6.165874783510104e-17,0.6283691297531125,8,1e-12
16,3,0,0-1-2-3,0,12,0,1.5,7.5,6.0,0,6,7,0.4375,PREREGISTERED_PRIMARY_ANALYSIS_COMPLETED,True,False,0,0.0,0.8619240026706805,0.9906736537670611,0.2570870136201523,,-1,nan,nan,nan,nan,-1,1e-12
16,3,1,1-2-3-4,1,11,1,2.5,7.5,5.0,0,7,8,0.5,PREREGISTERED_PRIMARY_ANALYSIS_COMPLETED,True,False,0,0.0,0.8563308316211967,0.9812448279278368,0.266697506814949,,-1,nan,nan,nan,nan,-1,1e-12
16,3,2,2-3-4-5,2,10,2,3.5,7.5,4.0,0,8,9,0.5625,PREREGISTERED_PRIMARY_ANALYSIS_COMPLETED,True,False,0,0.0,0.5728268019140046,0.7829237785455945,0.6718694550089738,,-1,nan,nan,nan,nan,-1,1e-12
16,3,3,3-4-5-6,3,9,3,4.5,7.5,3.0,0,9,10,0.625,PREREGISTERED_PRIMARY_ANALYSIS_COMPLETED,True,False,0,0.0,0.6070420469324171,0.8173197495279906,0.6314999532561012,,-1,nan,nan,nan,nan,-1,1e-12
16,3,4,4-5-6-7,4,8,4,5.5,7.5,2.0,1,10,10,0.625,PREREGISTERED_PRIMARY_ANALYSIS_COMPLETED,True,False,0,0.0,0.6070420460773605,0.8173197483210153,0.6314999542942115,,-1,nan,nan,nan,nan,-1,1e-12
16,3,5,5-6-7-8,5,7,5,6.5,7.5,1.0,2,11,10,0.625,PREREGISTERED_PRIMARY_ANALYSIS_COMPLETED,True,False,0,0.0,0.6070420463914818,0.8173197490653141,0.6314999539128417,,-1,nan,nan,nan,nan,-1,1e-12
16,3,6,6-7-8-9,6,6,6,7.5,7.5,0.0,3,12,10,0.625,PREREGISTERED_PRIMARY_ANALYSIS_COMPLETED,True,False,0,0.0,0.607042046015284,0.8173197487144482,0.6314999543695777,,-1,nan,nan,nan,nan,-1,1e-12
16,3,7,7-8-9-10,7,5,5,8.5,7.5,1.0,4,13,10,0.625,PREREGISTERED_PRIMARY_ANALYSIS_COMPLETED,True,False,0,0.0,0.6070420464276978,0.8173197490996248,0.6314999538688728,,-1,nan,nan,nan,nan,-1,1e-12
16,3,8,8-9-10-11,8,4,4,9.5,7.5,2.0,5,14,10,0.625,PREREGISTERED_PRIMARY_ANALYSIS_COMPLETED,True,False,0,0.0,0.6070420460062126,0.8173197482457744,0.6314999543805915,,-1,nan,nan,nan,nan,-1,1e-12
16,3,9,9-10-11-12,9,3,3,10.5,7.5,3.0,6,15,10,0.625,PREREGISTERED_PRIMARY_ANALYSIS_COMPLETED,True,False,0,0.0,0.6070420469277793,0.8173197495092123,0.6314999532617318,,-1,nan,nan,nan,nan,-1,1e-12
16,3,10,10-11-12-13,10,2,2,11.5,7.5,4.0,7,15,9,0.5625,PREREGISTERED_PRIMARY_ANALYSIS_COMPLETED,True,False,0,0.0,0.5728268019463049,0.7829237785608832,0.6718694549719694,,-1,nan,nan,nan,nan,-1,1e-12
16,3,11,11-12-13-14,11,1,1,12.5,7.5,5.0,8,15,8,0.5,PREREGISTERED_PRIMARY_ANALYSIS_COMPLETED,True,False,0,0.0,0.856330831616755,0.98124482792338,0.26669750682255716,,-1,nan,nan,nan,nan,-1,1e-12
16,3,12,12-13-14-15,12,0,0,13.5,7.5,6.0,9,15,7,0.4375,PREREGISTERED_PRIMARY_ANALYSIS_COMPLETED,True,False,0,0.0,0.8619240026515285,0.9906736537661224,0.25708701365316855,,-1,nan,nan,nan,nan,-1,1e-12
16,4,0,0-1-2-3,0,12,0,1.5,7.5,6.0,0,7,8,0.5,PREREGISTERED_PRIMARY_ANALYSIS_COMPLETED,True,True,5,1.0,-0.9910038506651574,-0.9644347255962269,0.06986566006413032,,-1,nan,nan,nan,nan,-1,1e-12
16,4,1,1-2-3-4,1,11,1,2.5,7.5,5.0,0,8,9,0.5625,PREREGISTERED_PRIMARY_ANALYSIS_COMPLETED,True,True,5,1.0,-0.9930864103282273,-0.9520948905507102,0.09351531938723022,,-1,nan,nan,nan,nan,-1,1e-12
16,4,2,2-3-4-5,2,10,2,3.5,7.5,4.0,0,9,10,0.625,PREREGISTERED_PRIMARY_ANALYSIS_COMPLETED,True,False,0,0.0,0.1641285722460282,0.40542890361263423,0.9730618117724799,,-1,nan,nan,nan,nan,-1,1e-12
16,4,3,3-4-5-6,3,9,3,4.5,7.5,3.0,0,10,11,0.6875,PREREGISTERED_PRIMARY_ANALYSIS_COMPLETED,True,False,0,0.0,0.09803573376001766,0.43038880238096255,0.9903889949061349,,-1,nan,nan,nan,nan,-1,1e-12
16,4,4,4-5-6-7,4,8,4,5.5,7.5,2.0,0,11,12,0.75,PREREGISTERED_PRIMARY_ANALYSIS_COMPLETED,True,False,0,0.0,0.09775554746124525,0.43022406507185196,0.9904438529405523,,-1,nan,nan,nan,nan,-1,1e-12
16,4,5,5-6-7-8,5,7,5,6.5,7.5,1.0,1,12,12,0.75,PREREGISTERED_PRIMARY_ANALYSIS_COMPLETED,True,False,0,0.0,0.09775554747526741,0.4302240650972399,0.9904438529378105,,-1,nan,nan,nan,nan,-1,1e-12
16,4,6,6-7-8-9,6,6,6,7.5,7.5,0.0,2,13,12,0.75,PREREGISTERED_PRIMARY_ANALYSIS_COMPLETED,True,False,0,0.0,0.09775554740035096,0.4302240650069343,0.9904438529524577,,-1,nan,nan,nan,nan,-1,1e-12
16,4,7,7-8-9-10,7,5,5,8.5,7.5,1.0,3,14,12,0.75,PREREGISTERED_PRIMARY_ANALYSIS_COMPLETED,True,False,0,0.0,0.09775554748482618,0.43022406510198125,0.9904438529359418,,-1,nan,nan,nan,nan,-1,1e-12
16,4,8,8-9-10-11,8,4,4,9.5,7.5,2.0,4,15,12,0.75,PREREGISTERED_PRIMARY_ANALYSIS_COMPLETED,True,False,0,0.0,0.09775554747226028,0.43022406508128747,0.9904438529383982,,-1,nan,nan,nan,nan,-1,1e-12
16,4,9,9-10-11-12,9,3,3,10.5,7.5,3.0,5,15,11,0.6875,PREREGISTERED_PRIMARY_ANALYSIS_COMPLETED,True,False,0,0.0,0.09803573376133204,0.4303888023778128,0.9903889949058774,,-1,nan,nan,nan,nan,-1,1e-12
16,4,10,10-11-12-13,10,2,2,11.5,7.5,4.0,6,15,10,0.625,PREREGISTERED_PRIMARY_ANALYSIS_COMPLETED,True,False,0,0.0,0.16412857224059063,0.40542890359210804,0.9730618117742649,,-1,nan,nan,nan,nan,-1,1e-12
16,4,11,11-12-13-14,11,1,1,12.5,7.5,5.0,7,15,9,0.5625,PREREGISTERED_PRIMARY_ANALYSIS_COMPLETED,True,True,5,1.0,-0.9930864103282498,-0.9520948905508337,0.09351531938699537,,-1,nan,nan,nan,nan,-1,1e-12
16,4,12,12-13-14-15,12,0,0,13.5,7.5,6.0,8,15,8,0.5,PREREGISTERED_PRIMARY_ANALYSIS_COMPLETED,True,True,5,1.0,-0.9910038506658394,-0.9644347255991429,0.06986566005850672,,-1,nan,nan,nan,nan,-1,1e-12
16,5,0,0-1-2-3,0,12,0,1.5,7.5,6.0,0,8,9,0.5625,PREREGISTERED_PRIMARY_ANALYSIS_COMPLETED,True,False,0,0.0,0.6128924471008277,0.9717109949375666,0.6243628482867591,,-1,nan,nan,nan,nan,-1,1e-12
16,5,1,1-2-3-4,1,11,1,2.5,7.5,5.0,0,9,10,0.625,PREREGISTERED_PRIMARY_ANALYSIS_COMPLETED,True,False,0,0.0,0.6417750975870644,0.9741479185002065,0.5881247241171138,,-1,nan,nan,nan,nan,-1,1e-12
16,5,2,2-3-4-5,2,10,2,3.5,7.5,4.0,0,10,11,0.6875,PREREGISTERED_PRIMARY_ANALYSIS_COMPLETED,True,False,0,0.0,0.49931362110160143,0.8861493657800822,0.7506859077824064,,-1,nan,nan,nan,nan,-1,1e-12
16,5,3,3-4-5-6,3,9,3,4.5,7.5,3.0,0,11,12,0.75,PREREGISTERED_PRIMARY_ANALYSIS_COMPLETED,True,False,0,0.0,-0.45967039173937846,0.5469307931022623,0.9945713677319981,,-1,nan,nan,nan,nan,-1,1e-12
16,5,4,4-5-6-7,4,8,4,5.5,7.5,2.0,0,12,13,0.8125,PREREGISTERED_PRIMARY_ANALYSIS_COMPLETED,True,False,0,0.0,-0.4472072075741078,0.5415028025148776,0.9948021279420362,,-1,nan,nan,nan,nan,-1,1e-12
16,5,5,5-6-7-8,5,7,5,6.5,7.5,1.0,0,13,14,0.875,PREREGISTERED_PRIMARY_ANALYSIS_COMPLETED,True,False,0,0.0,-0.4471858767952008,0.5415124785145485,0.9948087272676625,,-1,nan,nan,nan,nan,-1,1e-12
16,5,6,6-7-8-9,6,6,6,7.5,7.5,0.0,1,14,14,0.875,PREREGISTERED_PRIMARY_ANALYSIS_COMPLETED,True,False,0,0.0,-0.4471858788373588,0.5415124789061757,0.9948087272405257,,-1,nan,nan,nan,nan,-1,1e-12
16,5,7,7-8-9-10,7,5,5,8.5,7.5,1.0,2,15,14,0.875,PREREGISTERED_PRIMARY_ANALYSIS_COMPLETED,True,False,0,0.0,-0.44718587685554495,0.5415124785242851,0.9948087272669569,,-1,nan,nan,nan,nan,-1,1e-12
16,5,8,8-9-10-11,8,4,4,9.5,7.5,2.0,3,15,13,0.8125,PREREGISTERED_PRIMARY_ANALYSIS_COMPLETED,True,False,0,0.0,-0.4472072078093731,0.5415028025383968,0.9948021279404667,,-1,nan,nan,nan,nan,-1,1e-12
16,5,9,9-10-11-12,9,3,3,10.5,7.5,3.0,4,15,12,0.75,PREREGISTERED_PRIMARY_ANALYSIS_COMPLETED,True,False,0,0.0,-0.45967039192492565,0.5469307931006088,0.9945713677328221,,-1,nan,nan,nan,nan,-1,1e-12
16,5,10,10-11-12-13,10,2,2,11.5,7.5,4.0,5,15,11,0.6875,PREREGISTERED_PRIMARY_ANALYSIS_COMPLETED,True,False,0,0.0,0.4993136211126415,0.8861493657916292,0.7506859077713813,,-1,nan,nan,nan,nan,-1,1e-12
16,5,11,11-12-13-14,11,1,1,12.5,7.5,5.0,6,15,10,0.625,PREREGISTERED_PRIMARY_ANALYSIS_COMPLETED,True,False,0,0.0,0.6417750975878245,0.9741479185125788,0.5881247241161387,,-1,nan,nan,nan,nan,-1,1e-12
16,5,12,12-13-14-15,12,0,0,13.5,7.5,6.0,7,15,9,0.5625,PREREGISTERED_PRIMARY_ANALYSIS_COMPLETED,True,False,0,0.0,0.6128924470984763,0.9717109949472332,0.6243628482896417,,-1,nan,nan,nan,nan,-1,1e-12
16,6,0,0-1-2-3,0,12,0,1.5,7.5,6.0,0,9,10,0.625,PREREGISTERED_PRIMARY_ANALYSIS_COMPLETED,True,True,5,1.0,-0.9925486404259889,-0.9804103192282542,0.03879560595075237,,-1,nan,nan,nan,nan,-1,1e-12
16,6,1,1-2-3-4,1,11,1,2.5,7.5,5.0,0,10,11,0.6875,PREREGISTERED_PRIMARY_ANALYSIS_COMPLETED,True,False,0,0.0,-0.817016214280238,-0.6561654511518107,0.5694469007147409,,-1,nan,nan,nan,nan,-1,1e-12
16,6,2,2-3-4-5,2,10,2,3.5,7.5,4.0,0,11,12,0.75,PREREGISTERED_PRIMARY_ANALYSIS_COMPLETED,True,False,3,0.6,-0.9457300035607162,-0.8908859419593581,0.20632223841918887,,-1,nan,nan,nan,nan,-1,1e-12
16,6,3,3-4-5-6,3,9,3,4.5,7.5,3.0,0,12,13,0.8125,PREREGISTERED_PRIMARY_ANALYSIS_COMPLETED,True,False,1,0.2,-0.9297165816632976,-0.2714637540171155,0.9263074302549351,,-1,nan,nan,nan,nan,-1,1e-12
16,6,4,4-5-6-7,4,8,4,5.5,7.5,2.0,0,13,14,0.875,PREREGISTERED_PRIMARY_ANALYSIS_COMPLETED,True,False,0,0.0,-0.42864109589834376,0.5081855756563977,0.9895000068229515,,-1,nan,nan,nan,nan,-1,1e-12
16,6,5,5-6-7-8,5,7,5,6.5,7.5,1.0,0,14,15,0.9375,PREREGISTERED_PRIMARY_ANALYSIS_COMPLETED,True,False,0,0.0,-0.42052294563806186,0.5072055837428312,0.9900746664831142,,-1,nan,nan,nan,nan,-1,1e-12
16,6,6,6-7-8-9,6,6,6,7.5,7.5,0.0,0,15,16,1.0,PREREGISTERED_PRIMARY_ANALYSIS_COMPLETED,True,False,0,0.0,-0.4205070511739723,0.5072021232965453,0.9900754627683347,,-1,nan,nan,nan,nan,-1,1e-12
16,6,7,7-8-9-10,7,5,5,8.5,7.5,1.0,1,15,15,0.9375,PREREGISTERED_PRIMARY_ANALYSIS_COMPLETED,True,False,0,0.0,-0.42052294586553,0.5072055837717299,0.9900746664786964,,-1,nan,nan,nan,nan,-1,1e-12
16,6,8,8-9-10-11,8,4,4,9.5,7.5,2.0,2,15,14,0.875,PREREGISTERED_PRIMARY_ANALYSIS_COMPLETED,True,False,0,0.0,-0.42864109637806436,0.5081855756945644,0.9895000068195144,,-1,nan,nan,nan,nan,-1,1e-12
16,6,9,9-10-11-12,9,3,3,10.5,7.5,3.0,3,15,13,0.8125,PREREGISTERED_PRIMARY_ANALYSIS_COMPLETED,True,False,1,0.2,-0.9297165815914489,-0.2714637539095512,0.9263074303133347,,-1,nan,nan,nan,nan,-1,1e-12
16,6,10,10-11-12-13,10,2,2,11.5,7.5,4.0,4,15,12,0.75,PREREGISTERED_PRIMARY_ANALYSIS_COMPLETED,True,False,3,0.6,-0.9457300035555604,-0.8908859419559556,0.20632223842525033,,-1,nan,nan,nan,nan,-1,1e-12
16,6,11,11-12-13-14,11,1,1,12.5,7.5,5.0,5,15,11,0.6875,PREREGISTERED_PRIMARY_ANALYSIS_COMPLETED,True,False,0,0.0,-0.8170162142783091,-0.6561654511414946,0.5694469007282791,,-1,nan,nan,nan,nan,-1,1e-12
16,6,12,12-13-14-15,12,0,0,13.5,7.5,6.0,6,15,10,0.625,PREREGISTERED_PRIMARY_ANALYSIS_COMPLETED,True,True,5,1.0,-0.9925486404262439,-0.9804103192284802,0.03879560595030995,,-1,nan,nan,nan,nan,-1,1e-12
16,7,0,0-1-2-3,0,12,0,1.5,7.5,6.0,0,10,11,0.6875,PREREGISTERED_PRIMARY_ANALYSIS_COMPLETED,True,False,0,0.0,0.5443333282096591,0.7496340700046963,0.7037012278001956,,-1,nan,nan,nan,nan,-1,1e-12
16,7,1,1-2-3-4,1,11,1,2.5,7.5,5.0,0,11,12,0.75,PREREGISTERED_PRIMARY_ANALYSIS_COMPLETED,True,False,0,0.0,-0.6789243294068655,0.374623489161352,0.9977111449500221,,-1,nan,nan,nan,nan,-1,1e-12
16,7,2,2-3-4-5,2,10,2,3.5,7.5,4.0,0,12,13,0.8125,PREREGISTERED_PRIMARY_ANALYSIS_COMPLETED,True,False,0,0.0,-0.7672238516265809,-0.5019386514915609,0.7480575901388332,,-1,nan,nan,nan,nan,-1,1e-12
16,7,3,3-4-5-6,3,9,3,4.5,7.5,3.0,0,13,14,0.875,PREREGISTERED_PRIMARY_ANALYSIS_COMPLETED,True,False,3,0.6,-0.9760799050924869,-0.5986313146791225,0.6416405490855455,,-1,nan,nan,nan,nan,-1,1e-12
16,7,4,4-5-6-7,4,8,4,5.5,7.5,2.0,0,14,15,0.9375,PREREGISTERED_PRIMARY_ANALYSIS_COMPLETED,True,False,1,0.2,-0.9235917007086664,0.28096403261584757,0.9944343478506737,,-1,nan,nan,nan,nan,-1,1e-12
16,7,5,5-6-7-8,5,7,5,6.5,7.5,1.0,0,15,16,1.0,PREREGISTERED_PRIMARY_ANALYSIS_COMPLETED,True,False,0,0.0,-0.8765209043111135,0.3802722943171528,0.9973796948436318,,-1,nan,nan,nan,nan,-1,1e-12
16,7,6,6-7-8-9,6,6,6,7.5,7.5,0.0,0,15,16,1.0,PREREGISTERED_PRIMARY_ANALYSIS_COMPLETED,True,False,0,0.0,-0.876555432066131,0.380604594968162,0.9973424692981595,,-1,nan,nan,nan,nan,-1,1e-12
16,7,7,7-8-9-10,7,5,5,8.5,7.5,1.0,0,15,16,1.0,PREREGISTERED_PRIMARY_ANALYSIS_COMPLETED,True,False,0,0.0,-0.8765209046230387,0.3802722943376439,0.9973796948403532,,-1,nan,nan,nan,nan,-1,1e-12
16,7,8,8-9-10-11,8,4,4,9.5,7.5,2.0,1,15,15,0.9375,PREREGISTERED_PRIMARY_ANALYSIS_COMPLETED,True,False,1,0.2,-0.9235917004332737,0.2809640326289975,0.994434347854697,,-1,nan,nan,nan,nan,-1,1e-12
16,7,9,9-10-11-12,9,3,3,10.5,7.5,3.0,2,15,14,0.875,PREREGISTERED_PRIMARY_ANALYSIS_COMPLETED,True,False,3,0.6,-0.9760799050909539,-0.5986313146399262,0.6416405491324738,,-1,nan,nan,nan,nan,-1,1e-12
16,7,10,10-11-12-13,10,2,2,11.5,7.5,4.0,3,15,13,0.8125,PREREGISTERED_PRIMARY_ANALYSIS_COMPLETED,True,False,0,0.0,-0.7672238516381908,-0.5019386515208287,0.7480575901094522,,-1,nan,nan,nan,nan,-1,1e-12
16,7,11,11-12-13-14,11,1,1,12.5,7.5,5.0,4,15,12,0.75,PREREGISTERED_PRIMARY_ANALYSIS_COMPLETED,True,False,0,0.0,-0.6789243294119518,0.374623489207442,0.9977111449496467,,-1,nan,nan,nan,nan,-1,1e-12
16,7,12,12-13-14-15,12,0,0,13.5,7.5,6.0,5,15,11,0.6875,PREREGISTERED_PRIMARY_ANALYSIS_COMPLETED,True,False,0,0.0,0.5443333281729306,0.7496340698730218,0.7037012278401811,,-1,nan,nan,nan,nan,-1,1e-12
16,8,0,0-1-2-3,0,12,0,1.5,7.5,6.0,0,11,12,0.75,PREREGISTERED_PRIMARY_ANALYSIS_COMPLETED,True,False,0,0.0,-0.6729955304307405,0.5752700009576602,0.9786744290284896,,-1,nan,nan,nan,nan,-1,1e-12
16,8,1,1-2-3-4,1,11,1,2.5,7.5,5.0,0,12,13,0.8125,PREREGISTERED_PRIMARY_ANALYSIS_COMPLETED,True,False,0,0.0,-0.7485038048665604,0.2472806269332168,0.9769382290330811,,-1,nan,nan,nan,nan,-1,1e-12
16,8,2,2-3-4-5,2,10,2,3.5,7.5,4.0,0,13,14,0.875,PREREGISTERED_PRIMARY_ANALYSIS_COMPLETED,True,False,0,0.0,0.2914241499538494,0.7692564919539946,0.9150719648236767,,-1,nan,nan,nan,nan,-1,1e-12
16,8,3,3-4-5-6,3,9,3,4.5,7.5,3.0,0,14,15,0.9375,PREREGISTERED_PRIMARY_ANALYSIS_COMPLETED,True,False,0,0.0,0.27025871583245886,0.795093965916096,0.92696022651659,,-1,nan,nan,nan,nan,-1,1e-12
16,8,4,4-5-6-7,4,8,4,5.5,7.5,2.0,0,15,16,1.0,PREREGISTERED_PRIMARY_ANALYSIS_COMPLETED,True,False,1,0.2,-0.950592487644792,-0.5050826554128558,0.7448915112010983,,-1,nan,nan,nan,nan,-1,1e-12
16,8,5,5-6-7-8,5,7,5,6.5,7.5,1.0,0,15,16,1.0,PREREGISTERED_PRIMARY_ANALYSIS_COMPLETED,True,False,2,0.4,-0.9833598896598671,0.11474025781549622,0.9868346732364336,,-1,nan,nan,nan,nan,-1,1e-12
16,8,6,6-7-8-9,6,6,6,7.5,7.5,0.0,0,15,16,1.0,PREREGISTERED_PRIMARY_ANALYSIS_COMPLETED,True,False,2,0.4,-0.9837184850199503,0.12458372027620786,0.9844788966421395,,-1,nan,nan,nan,nan,-1,1e-12
16,8,7,7-8-9-10,7,5,5,8.5,7.5,1.0,0,15,16,1.0,PREREGISTERED_PRIMARY_ANALYSIS_COMPLETED,True,False,2,0.4,-0.9833598896521094,0.11474025778062588,0.9868346732444352,,-1,nan,nan,nan,nan,-1,1e-12
16,8,8,8-9-10-11,8,4,4,9.5,7.5,2.0,0,15,16,1.0,PREREGISTERED_PRIMARY_ANALYSIS_COMPLETED,True,False,1,0.2,-0.9505924875888784,-0.5050826553459803,0.7448915112686537,,-1,nan,nan,nan,nan,-1,1e-12
16,8,9,9-10-11-12,9,3,3,10.5,7.5,3.0,1,15,15,0.9375,PREREGISTERED_PRIMARY_ANALYSIS_COMPLETED,True,False,0,0.0,0.2702587158344899,0.7950939659239858,0.9269602265154924,,-1,nan,nan,nan,nan,-1,1e-12
16,8,10,10-11-12-13,10,2,2,11.5,7.5,4.0,2,15,14,0.875,PREREGISTERED_PRIMARY_ANALYSIS_COMPLETED,True,False,0,0.0,0.2914241499518692,0.7692564919492773,0.9150719648248306,,-1,nan,nan,nan,nan,-1,1e-12
16,8,11,11-12-13-14,11,1,1,12.5,7.5,5.0,3,15,13,0.8125,PREREGISTERED_PRIMARY_ANALYSIS_COMPLETED,True,False,0,0.0,-0.7485038048088493,0.2472806268356296,0.9769382290379202,,-1,nan,nan,nan,nan,-1,1e-12
16,8,12,12-13-14-15,12,0,0,13.5,7.5,6.0,4,15,12,0.75,PREREGISTERED_PRIMARY_ANALYSIS_COMPLETED,True,False,0,0.0,-0.6729955300747835,0.5752700009236621,0.9786744290361373,,-1,nan,nan,nan,nan,-1,1e-12
16,9,0,0-1-2-3,0,12,0,1.5,7.5,6.0,0,12,13,0.8125,PREREGISTERED_PRIMARY_ANALYSIS_COMPLETED,True,False,0,0.0,-0.5093144246960118,0.508194266038746,0.9908661575427208,,-1,nan,nan,nan,nan,-1,1e-12
16,9,1,1-2-3-4,1,11,1,2.5,7.5,5.0,0,13,14,0.875,PREREGISTERED_PRIMARY_ANALYSIS_COMPLETED,True,False,0,0.0,0.3741210088074918,0.6350293085662307,0.8600334707688646,,-1,nan,nan,nan,nan,-1,1e-12
16,9,2,2-3-4-5,2,10,2,3.5,7.5,4.0,0,14,15,0.9375,PREREGISTERED_PRIMARY_ANALYSIS_COMPLETED,True,True,5,1.0,-0.9828480076603715,-0.9624127807145222,0.07376163951734098,,-1,nan,nan,nan,nan,-1,1e-12
16,9,3,3-4-5-6,3,9,3,4.5,7.5,3.0,0,15,16,1.0,PREREGISTERED_PRIMARY_ANALYSIS_COMPLETED,True,False,0,0.0,-0.45989157629495797,0.7513981322295095,0.9628681266360939,,-1,nan,nan,nan,nan,-1,1e-12
16,9,4,4-5-6-7,4,8,4,5.5,7.5,2.0,0,15,16,1.0,PREREGISTERED_PRIMARY_ANALYSIS_COMPLETED,True,True,5,1.0,-0.9654534419172457,-0.9442978387579312,0.1083015917170999,,-1,nan,nan,nan,nan,-1,1e-12
16,9,5,5-6-7-8,5,7,5,6.5,7.5,1.0,0,15,16,1.0,PREREGISTERED_PRIMARY_ANALYSIS_COMPLETED,True,False,1,0.2,-0.9150361998618826,0.0020000175033870293,0.9999959999299862,,-1,nan,nan,nan,nan,-1,1e-12
16,9,6,6-7-8-9,6,6,6,7.5,7.5,0.0,0,15,16,1.0,PREREGISTERED_PRIMARY_ANALYSIS_COMPLETED,True,False,2,0.4,-0.9894594364250519,0.09075697347358459,0.9917631717659151,,-1,nan,nan,nan,nan,-1,1e-12
16,9,7,7-8-9-10,7,5,5,8.5,7.5,1.0,0,15,16,1.0,PREREGISTERED_PRIMARY_ANALYSIS_COMPLETED,True,False,1,0.2,-0.9150361997483893,0.002000017513266734,0.9999959999299465,,-1,nan,nan,nan,nan,-1,1e-12
16,9,8,8-9-10-11,8,4,4,9.5,7.5,2.0,0,15,16,1.0,PREREGISTERED_PRIMARY_ANALYSIS_COMPLETED,True,True,5,1.0,-0.965453441916609,-0.9442978387606324,0.10830159171199864,,-1,nan,nan,nan,nan,-1,1e-12
16,9,9,9-10-11-12,9,3,3,10.5,7.5,3.0,0,15,16,1.0,PREREGISTERED_PRIMARY_ANALYSIS_COMPLETED,True,False,0,0.0,-0.4598915762939283,0.7513981322345472,0.96286812663617,,-1,nan,nan,nan,nan,-1,1e-12
16,9,10,10-11-12-13,10,2,2,11.5,7.5,4.0,1,15,15,0.9375,PREREGISTERED_PRIMARY_ANALYSIS_COMPLETED,True,True,5,1.0,-0.982848007669859,-0.9624127807189923,0.07376163950873578,,-1,nan,nan,nan,nan,-1,1e-12
16,9,11,11-12-13-14,11,1,1,12.5,7.5,5.0,2,15,14,0.875,PREREGISTERED_PRIMARY_ANALYSIS_COMPLETED,True,False,0,0.0,0.37412100870155046,0.6350293082312708,0.8600334708481346,,-1,nan,nan,nan,nan,-1,1e-12
16,9,12,12-13-14-15,12,0,0,13.5,7.5,6.0,3,15,13,0.8125,PREREGISTERED_PRIMARY_ANALYSIS_COMPLETED,True,False,0,0.0,-0.5093144249189403,0.5081942660706905,0.9908661575392258,,-1,nan,nan,nan,nan,-1,1e-12
16,10,0,0-1-2-3,0,12,0,1.5,7.5,6.0,0,13,14,0.875,PREREGISTERED_PRIMARY_ANALYSIS_COMPLETED,True,False,0,0.0,-0.8085482133964019,0.4526522470059031,0.9744192165532907,,-1,nan,nan,nan,nan,-1,1e-12
16,10,1,1-2-3-4,1,11,1,2.5,7.5,5.0,0,14,15,0.9375,PREREGISTERED_PRIMARY_ANALYSIS_COMPLETED,True,False,0,0.0,-0.5614640634795172,0.5883877355289172,0.9955135331574413,,-1,nan,nan,nan,nan,-1,1e-12
16,10,2,2-3-4-5,2,10,2,3.5,7.5,4.0,0,15,16,1.0,PREREGISTERED_PRIMARY_ANALYSIS_COMPLETED,True,False,0,0.0,0.14211850059293396,0.5644868269755909,0.9798023317892167,,-1,nan,nan,nan,nan,-1,1e-12
16,10,3,3-4-5-6,3,9,3,4.5,7.5,3.0,0,15,16,1.0,PREREGISTERED_PRIMARY_ANALYSIS_COMPLETED,True,False,0,0.0,0.19523794033985736,0.6612541715921721,0.9618821466518503,,-1,nan,nan,nan,nan,-1,1e-12
16,10,4,4-5-6-7,4,8,4,5.5,7.5,2.0,0,15,16,1.0,PREREGISTERED_PRIMARY_ANALYSIS_COMPLETED,True,False,0,0.0,-0.7696860928605049,0.3228378752225621,0.9850310549505503,,-1,nan,nan,nan,nan,-1,1e-12
16,10,5,5-6-7-8,5,7,5,6.5,7.5,1.0,0,15,16,1.0,PREREGISTERED_PRIMARY_ANALYSIS_COMPLETED,True,False,0,0.0,-0.8854159989230389,-0.45310810867096174,0.7946930418566239,,-1,nan,nan,nan,nan,-1,1e-12
16,10,6,6-7-8-9,6,6,6,7.5,7.5,0.0,0,15,16,1.0,PREREGISTERED_PRIMARY_ANALYSIS_COMPLETED,True,False,1,0.2,-0.9518002995767657,0.13966626304943433,0.9804933349658064,,-1,nan,nan,nan,nan,-1,1e-12
16,10,7,7-8-9-10,7,5,5,8.5,7.5,1.0,0,15,16,1.0,PREREGISTERED_PRIMARY_ANALYSIS_COMPLETED,True,False,0,0.0,-0.8854159990209393,-0.4531081087104958,0.7946930418207973,,-1,nan,nan,nan,nan,-1,1e-12
16,10,8,8-9-10-11,8,4,4,9.5,7.5,2.0,0,15,16,1.0,PREREGISTERED_PRIMARY_ANALYSIS_COMPLETED,True,False,0,0.0,-0.7696860928627416,0.322837875220202,0.9850310549508896,,-1,nan,nan,nan,nan,-1,1e-12
16,10,9,9-10-11-12,9,3,3,10.5,7.5,3.0,0,15,16,1.0,PREREGISTERED_PRIMARY_ANALYSIS_COMPLETED,True,False,0,0.0,0.1952379403441869,0.6612541716299131,0.9618821466501598,,-1,nan,nan,nan,nan,-1,1e-12
16,10,10,10-11-12-13,10,2,2,11.5,7.5,4.0,0,15,16,1.0,PREREGISTERED_PRIMARY_ANALYSIS_COMPLETED,True,False,0,0.0,0.14211850060125975,0.5644868269821685,0.9798023317868498,,-1,nan,nan,nan,nan,-1,1e-12
16,10,11,11-12-13-14,11,1,1,12.5,7.5,5.0,1,15,15,0.9375,PREREGISTERED_PRIMARY_ANALYSIS_COMPLETED,True,False,0,0.0,-0.5614640635220126,0.5883877355336152,0.9955135331575616,,-1,nan,nan,nan,nan,-1,1e-12
16,10,12,12-13-14-15,12,0,0,13.5,7.5,6.0,2,15,14,0.875,PREREGISTERED_PRIMARY_ANALYSIS_COMPLETED,True,False,0,0.0,-0.8085482134910646,0.45265224702409,0.9744192165523141,,-1,nan,nan,nan,nan,-1,1e-12
16,11,0,0-1-2-3,0,12,0,1.5,7.5,6.0,0,14,15,0.9375,PREREGISTERED_PRIMARY_ANALYSIS_COMPLETED,True,False,1,0.2,-0.9447686576643669,0.2958539015771106,0.9968802820950072,,-1,nan,nan,nan,nan,-1,1e-12
16,11,1,1-2-3-4,1,11,1,2.5,7.5,5.0,0,15,16,1.0,PREREGISTERED_PRIMARY_ANALYSIS_COMPLETED,True,False,0,0.0,-0.3920884005777828,0.5409054843123551,0.9999617907799861,,-1,nan,nan,nan,nan,-1,1e-12
16,11,2,2-3-4-5,2,10,2,3.5,7.5,4.0,0,15,16,1.0,PREREGISTERED_PRIMARY_ANALYSIS_COMPLETED,True,False,0,0.0,0.03251393364591935,0.5789294022913272,0.9989428441188688,,-1,nan,nan,nan,nan,-1,1e-12
16,11,3,3-4-5-6,3,9,3,4.5,7.5,3.0,0,15,16,1.0,PREREGISTERED_PRIMARY_ANALYSIS_COMPLETED,True,False,3,0.6,-0.9870552824953696,-0.893985259620518,0.20079035558123426,,-1,nan,nan,nan,nan,-1,1e-12
16,11,4,4-5-6-7,4,8,4,5.5,7.5,2.0,0,15,16,1.0,PREREGISTERED_PRIMARY_ANALYSIS_COMPLETED,True,False,0,0.0,-0.5108946569148544,-0.29623648493325183,0.9122439449943912,,-1,nan,nan,nan,nan,-1,1e-12
16,11,5,5-6-7-8,5,7,5,6.5,7.5,1.0,0,15,16,1.0,PREREGISTERED_PRIMARY_ANALYSIS_COMPLETED,True,False,0,0.0,-0.5727192858559694,-0.5445453597008255,0.7034703512282988,,-1,nan,nan,nan,nan,-1,1e-12
16,11,6,6-7-8-9,6,6,6,7.5,7.5,0.0,0,15,16,1.0,PREREGISTERED_PRIMARY_ANALYSIS_COMPLETED,True,False,1,0.2,-0.9445266236253885,-0.47489248492154307,0.7744771277650419,,-1,nan,nan,nan,nan,-1,1e-12
16,11,7,7-8-9-10,7,5,5,8.5,7.5,1.0,0,15,16,1.0,PREREGISTERED_PRIMARY_ANALYSIS_COMPLETED,True,False,0,0.0,-0.5727192858383054,-0.5445453596187365,0.7034703513177011,,-1,nan,nan,nan,nan,-1,1e-12
16,11,8,8-9-10-11,8,4,4,9.5,7.5,2.0,0,15,16,1.0,PREREGISTERED_PRIMARY_ANALYSIS_COMPLETED,True,False,0,0.0,-0.5108946569220967,-0.29623648493530325,0.9122439449931764,,-1,nan,nan,nan,nan,-1,1e-12
16,11,9,9-10-11-12,9,3,3,10.5,7.5,3.0,0,15,16,1.0,PREREGISTERED_PRIMARY_ANALYSIS_COMPLETED,True,False,3,0.6,-0.9870552824957771,-0.8939852596209046,0.2007903555805443,,-1,nan,nan,nan,nan,-1,1e-12
16,11,10,10-11-12-13,10,2,2,11.5,7.5,4.0,0,15,16,1.0,PREREGISTERED_PRIMARY_ANALYSIS_COMPLETED,True,False,0,0.0,0.03251393365520505,0.5789294022961131,0.9989428441182648,,-1,nan,nan,nan,nan,-1,1e-12
16,11,11,11-12-13-14,11,1,1,12.5,7.5,5.0,0,15,16,1.0,PREREGISTERED_PRIMARY_ANALYSIS_COMPLETED,True,False,0,0.0,-0.3920884005221678,0.5409054843101755,0.9999617907800018,,-1,nan,nan,nan,nan,-1,1e-12
16,11,12,12-13-14-15,12,0,0,13.5,7.5,6.0,1,15,15,0.9375,PREREGISTERED_PRIMARY_ANALYSIS_COMPLETED,True,False,1,0.2,-0.9447686576720097,0.2958539015899789,0.9968802820968402,,-1,nan,nan,nan,nan,-1,1e-12
16,12,0,0-1-2-3,0,12,0,1.5,7.5,6.0,0,15,16,1.0,PREREGISTERED_PRIMARY_ANALYSIS_COMPLETED,True,False,2,0.4,-0.9846063997900528,0.09157513812738337,0.9916139940769508,,-1,nan,nan,nan,nan,-1,1e-12
16,12,1,1-2-3-4,1,11,1,2.5,7.5,5.0,0,15,16,1.0,PREREGISTERED_PRIMARY_ANALYSIS_COMPLETED,True,False,0,0.0,-0.7218709497861562,0.5086291311913863,0.9511782116151102,,-1,nan,nan,nan,nan,-1,1e-12
16,12,2,2-3-4-5,2,10,2,3.5,7.5,4.0,0,15,16,1.0,PREREGISTERED_PRIMARY_ANALYSIS_COMPLETED,True,False,0,0.0,-0.6032619029793685,0.6020108965496719,0.9905441150679363,,-1,nan,nan,nan,nan,-1,1e-12
16,12,3,3-4-5-6,3,9,3,4.5,7.5,3.0,0,15,16,1.0,PREREGISTERED_PRIMARY_ANALYSIS_COMPLETED,True,False,0,0.0,-0.5138151095804947,0.624037749741163,0.9717295984325074,,-1,nan,nan,nan,nan,-1,1e-12
16,12,4,4-5-6-7,4,8,4,5.5,7.5,2.0,0,15,16,1.0,PREREGISTERED_PRIMARY_ANALYSIS_COMPLETED,True,False,0,0.0,-0.4942687178738928,0.31171497512690455,0.9985970146205823,,-1,nan,nan,nan,nan,-1,1e-12
16,12,5,5-6-7-8,5,7,5,6.5,7.5,1.0,0,15,16,1.0,PREREGISTERED_PRIMARY_ANALYSIS_COMPLETED,True,False,0,0.0,-0.7116838856969927,-0.07171133377104097,0.9948574846087784,,-1,nan,nan,nan,nan,-1,1e-12
16,12,6,6-7-8-9,6,6,6,7.5,7.5,0.0,0,15,16,1.0,PREREGISTERED_PRIMARY_ANALYSIS_COMPLETED,True,False,1,0.2,-0.9013685707242083,-0.05653356193269881,0.9968039563752018,,-1,nan,nan,nan,nan,-1,1e-12
16,12,7,7-8-9-10,7,5,5,8.5,7.5,1.0,0,15,16,1.0,PREREGISTERED_PRIMARY_ANALYSIS_COMPLETED,True,False,0,0.0,-0.7116838858007748,-0.07171133377847821,0.9948574846077116,,-1,nan,nan,nan,nan,-1,1e-12
16,12,8,8-9-10-11,8,4,4,9.5,7.5,2.0,0,15,16,1.0,PREREGISTERED_PRIMARY_ANALYSIS_COMPLETED,True,False,0,0.0,-0.49426871790076793,0.31171497515449803,0.9985970146200909,,-1,nan,nan,nan,nan,-1,1e-12
16,12,9,9-10-11-12,9,3,3,10.5,7.5,3.0,0,15,16,1.0,PREREGISTERED_PRIMARY_ANALYSIS_COMPLETED,True,False,0,0.0,-0.5138151095810773,0.6240377497268571,0.9717295984365226,,-1,nan,nan,nan,nan,-1,1e-12
16,12,10,10-11-12-13,10,2,2,11.5,7.5,4.0,0,15,16,1.0,PREREGISTERED_PRIMARY_ANALYSIS_COMPLETED,True,False,0,0.0,-0.6032619025999355,0.60201089655075,0.9905441150679608,,-1,nan,nan,nan,nan,-1,1e-12
16,12,11,11-12-13-14,11,1,1,12.5,7.5,5.0,0,15,16,1.0,PREREGISTERED_PRIMARY_ANALYSIS_COMPLETED,True,False,0,0.0,-0.7218709500991818,0.508629131196027,0.9511782116123922,,-1,nan,nan,nan,nan,-1,1e-12
16,12,12,12-13-14-15,12,0,0,13.5,7.5,6.0,0,15,16,1.0,PREREGISTERED_PRIMARY_ANALYSIS_COMPLETED,True,False,2,0.4,-0.9846063999018814,0.09157513804765044,0.9916139940915535,,-1,nan,nan,nan,nan,-1,1e-12
