N,P,A_start,A,d_L,d_R,d_b,x_A,x_chain,delta_center,causal_lower,causal_upper,L_causal,f_causal,analysis_status,cell_valid_compensation,bandwidth_fraction_gamma_range,bandwidth_absolute,pearson_residuals,spearman_residuals,alpha_optimal,R_C,P1_negative_pearson,P2_alpha_in_window,P3_R_C_le_0p20,bandwidth_supported,modular_failure_reason,first_failure_state_index,first_failure_gamma
8,1,0,0-1-2-3,0,4,0,1.5,3.5,2.0,0,4,5,0.625,MODULAR_SECTOR_UNDEFINED_RANK_DEFICIENT,False,0.05,0.04724883899717964,nan,nan,nan,nan,,,,,POSITIVITY_GATE_FAIL,0,0.0
8,1,0,0-1-2-3,0,4,0,1.5,3.5,2.0,0,4,5,0.625,MODULAR_SECTOR_UNDEFINED_RANK_DEFICIENT,False,0.1,0.09449767799435928,nan,nan,nan,nan,,,,,POSITIVITY_GATE_FAIL,0,0.0
8,1,0,0-1-2-3,0,4,0,1.5,3.5,2.0,0,4,5,0.625,MODULAR_SECTOR_UNDEFINED_RANK_DEFICIENT,False,0.2,0.18899535598871856,nan,nan,nan,nan,,,,,POSITIVITY_GATE_FAIL,0,0.0
8,1,0,0-1-2-3,0,4,0,1.5,3.5,2.0,0,4,5,0.625,MODULAR_SECTOR_UNDEFINED_RANK_DEFICIENT,False,0.3,0.2834930339830778,nan,nan,nan,nan,,,,,POSITIVITY_GATE_FAIL,0,0.0
8,1,0,0-1-2-3,0,4,0,1.5,3.5,2.0,0,4,5,0.625,MODULAR_SECTOR_UNDEFINED_RANK_DEFICIENT,False,0.4,0.3779907119774371,nan,nan,nan,nan,,,,,POSITIVITY_GATE_FAIL,0,0.0
8,1,1,1-2-3-4,1,3,1,2.5,3.5,1.0,0,5,6,0.75,MODULAR_SECTOR_UNDEFINED_RANK_DEFICIENT,False,0.05,0.04724883899717964,nan,nan,nan,nan,,,,,POSITIVITY_GATE_FAIL,0,0.0
8,1,1,1-2-3-4,1,3,1,2.5,3.5,1.0,0,5,6,0.75,MODULAR_SECTOR_UNDEFINED_RANK_DEFICIENT,False,0.1,0.09449767799435928,nan,nan,nan,nan,,,,,POSITIVITY_GATE_FAIL,0,0.0
8,1,1,1-2-3-4,1,3,1,2.5,3.5,1.0,0,5,6,0.75,MODULAR_SECTOR_UNDEFINED_RANK_DEFICIENT,False,0.2,0.18899535598871856,nan,nan,nan,nan,,,,,POSITIVITY_GATE_FAIL,0,0.0
8,1,1,1-2-3-4,1,3,1,2.5,3.5,1.0,0,5,6,0.75,MODULAR_SECTOR_UNDEFINED_RANK_DEFICIENT,False,0.3,0.2834930339830778,nan,nan,nan,nan,,,,,POSITIVITY_GATE_FAIL,0,0.0
8,1,1,1-2-3-4,1,3,1,2.5,3.5,1.0,0,5,6,0.75,MODULAR_SECTOR_UNDEFINED_RANK_DEFICIENT,False,0.4,0.3779907119774371,nan,nan,nan,nan,,,,,POSITIVITY_GATE_FAIL,0,0.0
8,1,2,2-3-4-5,2,2,2,3.5,3.5,0.0,1,6,6,0.75,MODULAR_SECTOR_UNDEFINED_RANK_DEFICIENT,False,0.05,0.04724883899717964,nan,nan,nan,nan,,,,,POSITIVITY_GATE_FAIL,0,0.0
8,1,2,2-3-4-5,2,2,2,3.5,3.5,0.0,1,6,6,0.75,MODULAR_SECTOR_UNDEFINED_RANK_DEFICIENT,False,0.1,0.09449767799435928,nan,nan,nan,nan,,,,,POSITIVITY_GATE_FAIL,0,0.0
8,1,2,2-3-4-5,2,2,2,3.5,3.5,0.0,1,6,6,0.75,MODULAR_SECTOR_UNDEFINED_RANK_DEFICIENT,False,0.2,0.18899535598871856,nan,nan,nan,nan,,,,,POSITIVITY_GATE_FAIL,0,0.0
8,1,2,2-3-4-5,2,2,2,3.5,3.5,0.0,1,6,6,0.75,MODULAR_SECTOR_UNDEFINED_RANK_DEFICIENT,False,0.3,0.2834930339830778,nan,nan,nan,nan,,,,,POSITIVITY_GATE_FAIL,0,0.0
8,1,2,2-3-4-5,2,2,2,3.5,3.5,0.0,1,6,6,0.75,MODULAR_SECTOR_UNDEFINED_RANK_DEFICIENT,False,0.4,0.3779907119774371,nan,nan,nan,nan,,,,,POSITIVITY_GATE_FAIL,0,0.0
8,1,3,3-4-5-6,3,1,1,4.5,3.5,1.0,2,7,6,0.75,MODULAR_SECTOR_UNDEFINED_RANK_DEFICIENT,False,0.05,0.04724883899717964,nan,nan,nan,nan,,,,,POSITIVITY_GATE_FAIL,0,0.0
8,1,3,3-4-5-6,3,1,1,4.5,3.5,1.0,2,7,6,0.75,MODULAR_SECTOR_UNDEFINED_RANK_DEFICIENT,False,0.1,0.09449767799435928,nan,nan,nan,nan,,,,,POSITIVITY_GATE_FAIL,0,0.0
8,1,3,3-4-5-6,3,1,1,4.5,3.5,1.0,2,7,6,0.75,MODULAR_SECTOR_UNDEFINED_RANK_DEFICIENT,False,0.2,0.18899535598871856,nan,nan,nan,nan,,,,,POSITIVITY_GATE_FAIL,0,0.0
8,1,3,3-4-5-6,3,1,1,4.5,3.5,1.0,2,7,6,0.75,MODULAR_SECTOR_UNDEFINED_RANK_DEFICIENT,False,0.3,0.2834930339830778,nan,nan,nan,nan,,,,,POSITIVITY_GATE_FAIL,0,0.0
8,1,3,3-4-5-6,3,1,1,4.5,3.5,1.0,2,7,6,0.75,MODULAR_SECTOR_UNDEFINED_RANK_DEFICIENT,False,0.4,0.3779907119774371,nan,nan,nan,nan,,,,,POSITIVITY_GATE_FAIL,0,0.0
8,1,4,4-5-6-7,4,0,0,5.5,3.5,2.0,3,7,5,0.625,MODULAR_SECTOR_UNDEFINED_RANK_DEFICIENT,False,0.05,0.04724883899717964,nan,nan,nan,nan,,,,,POSITIVITY_GATE_FAIL,0,0.0
8,1,4,4-5-6-7,4,0,0,5.5,3.5,2.0,3,7,5,0.625,MODULAR_SECTOR_UNDEFINED_RANK_DEFICIENT,False,0.1,0.09449767799435928,nan,nan,nan,nan,,,,,POSITIVITY_GATE_FAIL,0,0.0
8,1,4,4-5-6-7,4,0,0,5.5,3.5,2.0,3,7,5,0.625,MODULAR_SECTOR_UNDEFINED_RANK_DEFICIENT,False,0.2,0.18899535598871856,nan,nan,nan,nan,,,,,POSITIVITY_GATE_FAIL,0,0.0
8,1,4,4-5-6-7,4,0,0,5.5,3.5,2.0,3,7,5,0.625,MODULAR_SECTOR_UNDEFINED_RANK_DEFICIENT,False,0.3,0.2834930339830778,nan,nan,nan,nan,,,,,POSITIVITY_GATE_FAIL,0,0.0
8,1,4,4-5-6-7,4,0,0,5.5,3.5,2.0,3,7,5,0.625,MODULAR_SECTOR_UNDEFINED_RANK_DEFICIENT,False,0.4,0.3779907119774371,nan,nan,nan,nan,,,,,POSITIVITY_GATE_FAIL,0,0.0
8,2,0,0-1-2-3,0,4,0,1.5,3.5,2.0,0,5,6,0.75,MODULAR_SECTOR_UNDEFINED_RANK_DEFICIENT,False,0.05,0.04724883899717964,nan,nan,nan,nan,,,,,POSITIVITY_GATE_FAIL,0,0.0
8,2,0,0-1-2-3,0,4,0,1.5,3.5,2.0,0,5,6,0.75,MODULAR_SECTOR_UNDEFINED_RANK_DEFICIENT,False,0.1,0.09449767799435928,nan,nan,nan,nan,,,,,POSITIVITY_GATE_FAIL,0,0.0
8,2,0,0-1-2-3,0,4,0,1.5,3.5,2.0,0,5,6,0.75,MODULAR_SECTOR_UNDEFINED_RANK_DEFICIENT,False,0.2,0.18899535598871856,nan,nan,nan,nan,,,,,POSITIVITY_GATE_FAIL,0,0.0
8,2,0,0-1-2-3,0,4,0,1.5,3.5,2.0,0,5,6,0.75,MODULAR_SECTOR_UNDEFINED_RANK_DEFICIENT,False,0.3,0.2834930339830778,nan,nan,nan,nan,,,,,POSITIVITY_GATE_FAIL,0,0.0
8,2,0,0-1-2-3,0,4,0,1.5,3.5,2.0,0,5,6,0.75,MODULAR_SECTOR_UNDEFINED_RANK_DEFICIENT,False,0.4,0.3779907119774371,nan,nan,nan,nan,,,,,POSITIVITY_GATE_FAIL,0,0.0
8,2,1,1-2-3-4,1,3,1,2.5,3.5,1.0,0,6,7,0.875,PREREGISTERED_PRIMARY_ANALYSIS_COMPLETED,True,0.05,0.04724883899717964,0.3587325410377678,-0.43670745272525024,-0.35873254103776775,0.8713109640005859,False,False,False,False,,-1,nan
8,2,1,1-2-3-4,1,3,1,2.5,3.5,1.0,0,6,7,0.875,PREREGISTERED_PRIMARY_ANALYSIS_COMPLETED,True,0.1,0.09449767799435928,0.20617643790400994,-0.5835372636262514,-0.20617643790400994,0.9574912764532141,False,False,False,False,,-1,nan
8,2,1,1-2-3-4,1,3,1,2.5,3.5,1.0,0,6,7,0.875,PREREGISTERED_PRIMARY_ANALYSIS_COMPLETED,True,0.2,0.18899535598871856,0.1327149457187114,-0.6720800889877642,-0.13271494571871142,0.9823867431828792,False,False,False,False,,-1,nan
8,2,1,1-2-3-4,1,3,1,2.5,3.5,1.0,0,6,7,0.875,PREREGISTERED_PRIMARY_ANALYSIS_COMPLETED,True,0.3,0.2834930339830778,0.14450078038834283,-0.5848720800889877,-0.1445007803883429,0.9791195244671597,False,False,False,False,,-1,nan
8,2,1,1-2-3-4,1,3,1,2.5,3.5,1.0,0,6,7,0.875,PREREGISTERED_PRIMARY_ANALYSIS_COMPLETED,True,0.4,0.3779907119774371,0.1976125745389968,-0.3045606229143492,-0.1976125745389969,0.9609492703840694,False,False,False,False,,-1,nan
8,2,2,2-3-4-5,2,2,2,3.5,3.5,0.0,0,7,8,1.0,PREREGISTERED_PRIMARY_ANALYSIS_COMPLETED,True,0.05,0.04724883899717964,0.29199228588448656,-0.47897664071190205,-0.2919922858844867,0.9147405049839525,False,False,False,False,,-1,nan
8,2,2,2-3-4-5,2,2,2,3.5,3.5,0.0,0,7,8,1.0,PREREGISTERED_PRIMARY_ANALYSIS_COMPLETED,True,0.1,0.09449767799435928,0.13907529998048562,-0.6013348164627365,-0.1390752999804856,0.980658060935338,False,False,False,False,,-1,nan
8,2,2,2-3-4-5,2,2,2,3.5,3.5,0.0,0,7,8,1.0,PREREGISTERED_PRIMARY_ANALYSIS_COMPLETED,True,0.2,0.18899535598871856,0.030716486930340126,-0.7032258064516129,-0.030716486930340146,0.999056497430658,False,False,False,False,,-1,nan
8,2,2,2-3-4-5,2,2,2,3.5,3.5,0.0,0,7,8,1.0,PREREGISTERED_PRIMARY_ANALYSIS_COMPLETED,True,0.3,0.2834930339830778,0.01088542234645004,-0.7299221357063403,-0.010885422346450117,0.9998815075803396,False,False,False,False,,-1,nan
8,2,2,2-3-4-5,2,2,2,3.5,3.5,0.0,0,7,8,1.0,PREREGISTERED_PRIMARY_ANALYSIS_COMPLETED,True,0.4,0.3779907119774371,0.04165401449466165,-0.7027808676307008,-0.04165401449466169,0.9982649430764785,False,False,False,False,,-1,nan
8,2,3,3-4-5-6,3,1,1,4.5,3.5,1.0,1,7,7,0.875,PREREGISTERED_PRIMARY_ANALYSIS_COMPLETED,True,0.05,0.04724883899717964,0.3587325409578036,-0.43670745272525024,-0.35873254095780366,0.8713109640579578,False,False,False,False,,-1,nan
8,2,3,3-4-5-6,3,1,1,4.5,3.5,1.0,1,7,7,0.875,PREREGISTERED_PRIMARY_ANALYSIS_COMPLETED,True,0.1,0.09449767799435928,0.20617643788387793,-0.5835372636262514,-0.20617643788387782,0.9574912764615157,False,False,False,False,,-1,nan
8,2,3,3-4-5-6,3,1,1,4.5,3.5,1.0,1,7,7,0.875,PREREGISTERED_PRIMARY_ANALYSIS_COMPLETED,True,0.2,0.18899535598871856,0.13271494571242992,-0.6720800889877642,-0.13271494571243003,0.9823867431845464,False,False,False,False,,-1,nan
8,2,3,3-4-5-6,3,1,1,4.5,3.5,1.0,1,7,7,0.875,PREREGISTERED_PRIMARY_ANALYSIS_COMPLETED,True,0.3,0.2834930339830778,0.14450078038337508,-0.5848720800889877,-0.14450078038337513,0.9791195244685956,False,False,False,False,,-1,nan
8,2,3,3-4-5-6,3,1,1,4.5,3.5,1.0,1,7,7,0.875,PREREGISTERED_PRIMARY_ANALYSIS_COMPLETED,True,0.4,0.3779907119774371,0.19761257453365033,-0.3045606229143492,-0.19761257453365036,0.9609492703861822,False,False,False,False,,-1,nan
8,2,4,4-5-6-7,4,0,0,5.5,3.5,2.0,2,7,6,0.75,MODULAR_SECTOR_UNDEFINED_RANK_DEFICIENT,False,0.05,0.04724883899717964,nan,nan,nan,nan,,,,,POSITIVITY_GATE_FAIL,0,0.0
8,2,4,4-5-6-7,4,0,0,5.5,3.5,2.0,2,7,6,0.75,MODULAR_SECTOR_UNDEFINED_RANK_DEFICIENT,False,0.1,0.09449767799435928,nan,nan,nan,nan,,,,,POSITIVITY_GATE_FAIL,0,0.0
8,2,4,4-5-6-7,4,0,0,5.5,3.5,2.0,2,7,6,0.75,MODULAR_SECTOR_UNDEFINED_RANK_DEFICIENT,False,0.2,0.18899535598871856,nan,nan,nan,nan,,,,,POSITIVITY_GATE_FAIL,0,0.0
8,2,4,4-5-6-7,4,0,0,5.5,3.5,2.0,2,7,6,0.75,MODULAR_SECTOR_UNDEFINED_RANK_DEFICIENT,False,0.3,0.2834930339830778,nan,nan,nan,nan,,,,,POSITIVITY_GATE_FAIL,0,0.0
8,2,4,4-5-6-7,4,0,0,5.5,3.5,2.0,2,7,6,0.75,MODULAR_SECTOR_UNDEFINED_RANK_DEFICIENT,False,0.4,0.3779907119774371,nan,nan,nan,nan,,,,,POSITIVITY_GATE_FAIL,0,0.0
8,3,0,0-1-2-3,0,4,0,1.5,3.5,2.0,0,6,7,0.875,PREREGISTERED_PRIMARY_ANALYSIS_COMPLETED,True,0.05,0.04724883899717964,0.9906736538306137,-0.024249165739710785,-0.9906736538306139,0.018565711605900707,False,False,True,False,,-1,nan
8,3,0,0-1-2-3,0,4,0,1.5,3.5,2.0,0,6,7,0.875,PREREGISTERED_PRIMARY_ANALYSIS_COMPLETED,True,0.1,0.09449767799435928,0.9734945754402239,-0.15372636262513903,-0.9734945754402242,0.052308311588458854,False,False,True,False,,-1,nan
8,3,0,0-1-2-3,0,4,0,1.5,3.5,2.0,0,6,7,0.875,PREREGISTERED_PRIMARY_ANALYSIS_COMPLETED,True,0.2,0.18899535598871856,0.9249571625126412,0.015350389321468297,-0.9249571625126416,0.14445424751656324,False,False,True,False,,-1,nan
8,3,0,0-1-2-3,0,4,0,1.5,3.5,2.0,0,6,7,0.875,PREREGISTERED_PRIMARY_ANALYSIS_COMPLETED,True,0.3,0.2834930339830778,0.8824799113268611,0.3890989988876529,-0.8824799113268617,0.2212292061045352,False,False,False,False,,-1,nan
8,3,0,0-1-2-3,0,4,0,1.5,3.5,2.0,0,6,7,0.875,PREREGISTERED_PRIMARY_ANALYSIS_COMPLETED,True,0.4,0.3779907119774371,0.8619240025203895,0.6587319243604004,-0.8619240025203885,0.2570870138792329,False,False,False,False,,-1,nan
8,3,1,1-2-3-4,1,3,1,2.5,3.5,1.0,0,7,8,1.0,PREREGISTERED_PRIMARY_ANALYSIS_COMPLETED,True,0.05,0.04724883899717964,0.9812448278596124,0.23515016685205786,-0.9812448278596123,0.037158587798759135,False,False,True,False,,-1,nan
8,3,1,1-2-3-4,1,3,1,2.5,3.5,1.0,0,7,8,1.0,PREREGISTERED_PRIMARY_ANALYSIS_COMPLETED,True,0.1,0.09449767799435928,0.9468162369352242,0.0932146829810901,-0.9468162369352245,0.10353901347582045,False,False,True,False,,-1,nan
8,3,1,1-2-3-4,1,3,1,2.5,3.5,1.0,0,7,8,1.0,PREREGISTERED_PRIMARY_ANALYSIS_COMPLETED,True,0.2,0.18899535598871856,0.8964702516789997,0.1897664071190211,-0.8964702516789999,0.19634108785459073,False,False,True,False,,-1,nan
8,3,1,1-2-3-4,1,3,1,2.5,3.5,1.0,0,7,8,1.0,PREREGISTERED_PRIMARY_ANALYSIS_COMPLETED,True,0.3,0.2834930339830778,0.8660937781474273,0.37174638487208006,-0.8660937781474273,0.24988156745431545,False,False,False,False,,-1,nan
8,3,1,1-2-3-4,1,3,1,2.5,3.5,1.0,0,7,8,1.0,PREREGISTERED_PRIMARY_ANALYSIS_COMPLETED,True,0.4,0.3779907119774371,0.8563308315878807,0.49499443826473855,-0.8563308315878804,0.26669750687200894,False,False,False,False,,-1,nan
8,3,2,2-3-4-5,2,2,2,3.5,3.5,0.0,0,7,8,1.0,PREREGISTERED_PRIMARY_ANALYSIS_COMPLETED,True,0.05,0.04724883899717964,0.730669483425149,0.12525027808676306,-0.730669483425149,0.46612210599122583,False,False,False,False,,-1,nan
8,3,2,2-3-4-5,2,2,2,3.5,3.5,0.0,0,7,8,1.0,PREREGISTERED_PRIMARY_ANALYSIS_COMPLETED,True,0.1,0.09449767799435928,0.5280854095685608,0.0389321468298109,-0.5280854095685609,0.721125800200805,False,False,False,False,,-1,nan
8,3,2,2-3-4-5,2,2,2,3.5,3.5,0.0,0,7,8,1.0,PREREGISTERED_PRIMARY_ANALYSIS_COMPLETED,True,0.2,0.18899535598871856,0.6069949696135866,-0.014905450500556172,-0.6069949696135868,0.631557106863801,False,False,False,False,,-1,nan
8,3,2,2-3-4-5,2,2,2,3.5,3.5,0.0,0,7,8,1.0,PREREGISTERED_PRIMARY_ANALYSIS_COMPLETED,True,0.3,0.2834930339830778,0.7245597983789833,0.034037819799777526,-0.7245597983789832,0.4750130985730071,False,False,False,False,,-1,nan
8,3,2,2-3-4-5,2,2,2,3.5,3.5,0.0,0,7,8,1.0,PREREGISTERED_PRIMARY_ANALYSIS_COMPLETED,True,0.4,0.3779907119774371,0.7763841934326376,0.2186874304783092,-0.7763841934326379,0.39722758418795273,False,False,False,False,,-1,nan
8,3,3,3-4-5-6,3,1,1,4.5,3.5,1.0,0,7,8,1.0,PREREGISTERED_PRIMARY_ANALYSIS_COMPLETED,True,0.05,0.04724883899717964,0.9812448278921088,0.23515016685205786,-0.9812448278921087,0.03715858773498591,False,False,True,False,,-1,nan
8,3,3,3-4-5-6,3,1,1,4.5,3.5,1.0,0,7,8,1.0,PREREGISTERED_PRIMARY_ANALYSIS_COMPLETED,True,0.1,0.09449767799435928,0.9468162369751236,0.0932146829810901,-0.9468162369751238,0.10353901340026679,False,False,True,False,,-1,nan
8,3,3,3-4-5-6,3,1,1,4.5,3.5,1.0,0,7,8,1.0,PREREGISTERED_PRIMARY_ANALYSIS_COMPLETED,True,0.2,0.18899535598871856,0.8964702517105915,0.1897664071190211,-0.8964702517105919,0.196341087797948,False,False,True,False,,-1,nan
8,3,3,3-4-5-6,3,1,1,4.5,3.5,1.0,0,7,8,1.0,PREREGISTERED_PRIMARY_ANALYSIS_COMPLETED,True,0.3,0.2834930339830778,0.8660937781727496,0.37174638487208006,-0.8660937781727497,0.24988156741045267,False,False,False,False,,-1,nan
8,3,3,3-4-5-6,3,1,1,4.5,3.5,1.0,0,7,8,1.0,PREREGISTERED_PRIMARY_ANALYSIS_COMPLETED,True,0.4,0.3779907119774371,0.8563308316093587,0.49499443826473855,-0.8563308316093584,0.26669750683522464,False,False,False,False,,-1,nan
8,3,4,4-5-6-7,4,0,0,5.5,3.5,2.0,1,7,7,0.875,PREREGISTERED_PRIMARY_ANALYSIS_COMPLETED,True,0.05,0.04724883899717964,0.9906736538242579,-0.024249165739710785,-0.9906736538242591,0.01856571161849386,False,False,True,False,,-1,nan
8,3,4,4-5-6-7,4,0,0,5.5,3.5,2.0,1,7,7,0.875,PREREGISTERED_PRIMARY_ANALYSIS_COMPLETED,True,0.1,0.09449767799435928,0.9734945754373809,-0.15372636262513903,-0.973494575437381,0.052308311593993684,False,False,True,False,,-1,nan
8,3,4,4-5-6-7,4,0,0,5.5,3.5,2.0,1,7,7,0.875,PREREGISTERED_PRIMARY_ANALYSIS_COMPLETED,True,0.2,0.18899535598871856,0.924957162514463,0.015350389321468297,-0.924957162514463,0.1444542475131933,False,False,True,False,,-1,nan
8,3,4,4-5-6-7,4,0,0,5.5,3.5,2.0,1,7,7,0.875,PREREGISTERED_PRIMARY_ANALYSIS_COMPLETED,True,0.3,0.2834930339830778,0.882479911326014,0.3890989988876529,-0.8824799113260141,0.22122920610603092,False,False,False,False,,-1,nan
8,3,4,4-5-6-7,4,0,0,5.5,3.5,2.0,1,7,7,0.875,PREREGISTERED_PRIMARY_ANALYSIS_COMPLETED,True,0.4,0.3779907119774371,0.8619240025151722,0.6587319243604004,-0.8619240025151723,0.2570870138882255,False,False,False,False,,-1,nan
8,4,0,0-1-2-3,0,4,0,1.5,3.5,2.0,0,7,8,1.0,PREREGISTERED_PRIMARY_ANALYSIS_COMPLETED,True,0.05,0.04724883899717964,-0.9644347256072845,-0.6649610678531702,0.9644347256072845,0.06986566004280156,True,True,True,True,,-1,nan
8,4,0,0-1-2-3,0,4,0,1.5,3.5,2.0,0,7,8,1.0,PREREGISTERED_PRIMARY_ANALYSIS_COMPLETED,True,0.1,0.09449767799435928,-0.9707850519596464,-0.6756395995550611,0.9707850519596463,0.057576382891707224,True,True,True,True,,-1,nan
8,4,0,0-1-2-3,0,4,0,1.5,3.5,2.0,0,7,8,1.0,PREREGISTERED_PRIMARY_ANALYSIS_COMPLETED,True,0.2,0.18899535598871856,-0.9849390481816853,-0.8812013348164627,0.9849390481816855,0.029895071366955784,True,True,True,True,,-1,nan
8,4,0,0-1-2-3,0,4,0,1.5,3.5,2.0,0,7,8,1.0,PREREGISTERED_PRIMARY_ANALYSIS_COMPLETED,True,0.3,0.2834930339830778,-0.9890356974220801,-0.9817575083426029,0.9890356974220802,0.0218083892248199,True,True,True,True,,-1,nan
8,4,0,0-1-2-3,0,4,0,1.5,3.5,2.0,0,7,8,1.0,PREREGISTERED_PRIMARY_ANALYSIS_COMPLETED,True,0.4,0.3779907119774371,-0.9910038506668828,-0.9092324805339266,0.9910038506668832,0.017911367963409884,True,True,True,True,,-1,nan
8,4,1,1-2-3-4,1,3,1,2.5,3.5,1.0,0,7,8,1.0,PREREGISTERED_PRIMARY_ANALYSIS_COMPLETED,True,0.05,0.04724883899717964,-0.9930850829821938,-0.9555061179087875,0.9930850829821928,0.013782017958250577,True,True,True,True,,-1,nan
8,4,1,1-2-3-4,1,3,1,2.5,3.5,1.0,0,7,8,1.0,PREREGISTERED_PRIMARY_ANALYSIS_COMPLETED,True,0.1,0.09449767799435928,-0.9848684716032166,-0.9515016685205783,0.9848684716032166,0.030034093641943864,True,True,True,True,,-1,nan
8,4,1,1-2-3-4,1,3,1,2.5,3.5,1.0,0,7,8,1.0,PREREGISTERED_PRIMARY_ANALYSIS_COMPLETED,True,0.2,0.18899535598871856,-0.9679491118617143,-0.9724137931034482,0.967949111861714,0.0630745168461189,True,True,True,True,,-1,nan
8,4,1,1-2-3-4,1,3,1,2.5,3.5,1.0,0,7,8,1.0,PREREGISTERED_PRIMARY_ANALYSIS_COMPLETED,True,0.3,0.2834930339830778,-0.9560932622773938,-0.9853170189098998,0.9560932622773937,0.08588567382776988,True,True,True,True,,-1,nan
8,4,1,1-2-3-4,1,3,1,2.5,3.5,1.0,0,7,8,1.0,PREREGISTERED_PRIMARY_ANALYSIS_COMPLETED,True,0.4,0.3779907119774371,-0.9520582747540622,-0.9483870967741934,0.9520582747540621,0.09358504147231858,True,True,True,True,,-1,nan
8,4,2,2-3-4-5,2,2,2,3.5,3.5,0.0,0,7,8,1.0,PREREGISTERED_PRIMARY_ANALYSIS_COMPLETED,True,0.05,0.04724883899717964,0.4785293780582208,0.013125695216907676,-0.4785293780582206,0.7710096343352122,False,False,False,False,,-1,nan
8,4,2,2-3-4-5,2,2,2,3.5,3.5,0.0,0,7,8,1.0,PREREGISTERED_PRIMARY_ANALYSIS_COMPLETED,True,0.1,0.09449767799435928,0.2815961356516925,0.017130144605116793,-0.28159613565169256,0.9207036163860337,False,False,False,False,,-1,nan
8,4,2,2-3-4-5,2,2,2,3.5,3.5,0.0,0,7,8,1.0,PREREGISTERED_PRIMARY_ANALYSIS_COMPLETED,True,0.2,0.18899535598871856,0.21816453080828033,0.21156840934371526,-0.21816453080828035,0.9524042374972029,False,False,False,False,,-1,nan
8,4,2,2-3-4-5,2,2,2,3.5,3.5,0.0,0,7,8,1.0,PREREGISTERED_PRIMARY_ANALYSIS_COMPLETED,True,0.3,0.2834930339830778,0.31148943892404884,0.34949944382647385,-0.31148943892404884,0.9029743294387812,False,False,False,False,,-1,nan
8,4,2,2-3-4-5,2,2,2,3.5,3.5,0.0,0,7,8,1.0,PREREGISTERED_PRIMARY_ANALYSIS_COMPLETED,True,0.4,0.3779907119774371,0.4218906661196911,0.47408231368186876,-0.4218906661196911,0.8220082658410832,False,False,False,False,,-1,nan
8,4,3,3-4-5-6,3,1,1,4.5,3.5,1.0,0,7,8,1.0,PREREGISTERED_PRIMARY_ANALYSIS_COMPLETED,True,0.05,0.04724883899717964,-0.9930850829821802,-0.9555061179087875,0.9930850829821799,0.013782017958276962,True,True,True,True,,-1,nan
8,4,3,3-4-5-6,3,1,1,4.5,3.5,1.0,0,7,8,1.0,PREREGISTERED_PRIMARY_ANALYSIS_COMPLETED,True,0.1,0.09449767799435928,-0.9848684716032322,-0.9515016685205783,0.9848684716032319,0.030034093641913385,True,True,True,True,,-1,nan
8,4,3,3-4-5-6,3,1,1,4.5,3.5,1.0,0,7,8,1.0,PREREGISTERED_PRIMARY_ANALYSIS_COMPLETED,True,0.2,0.18899535598871856,-0.9679491118617456,-0.9724137931034482,0.9679491118617456,0.06307451684605757,True,True,True,True,,-1,nan
8,4,3,3-4-5-6,3,1,1,4.5,3.5,1.0,0,7,8,1.0,PREREGISTERED_PRIMARY_ANALYSIS_COMPLETED,True,0.3,0.2834930339830778,-0.9560932622773827,-0.9853170189098998,0.956093262277383,0.08588567382779126,True,True,True,True,,-1,nan
8,4,3,3-4-5-6,3,1,1,4.5,3.5,1.0,0,7,8,1.0,PREREGISTERED_PRIMARY_ANALYSIS_COMPLETED,True,0.4,0.3779907119774371,-0.9520582747540111,-0.9483870967741934,0.9520582747540117,0.09358504147241517,True,True,True,True,,-1,nan
8,4,4,4-5-6-7,4,0,0,5.5,3.5,2.0,0,7,8,1.0,PREREGISTERED_PRIMARY_ANALYSIS_COMPLETED,True,0.05,0.04724883899717964,-0.9644347256087518,-0.6649610678531702,0.9644347256087523,0.06986566003997143,True,True,True,True,,-1,nan
8,4,4,4-5-6-7,4,0,0,5.5,3.5,2.0,0,7,8,1.0,PREREGISTERED_PRIMARY_ANALYSIS_COMPLETED,True,0.1,0.09449767799435928,-0.9707850519609627,-0.6756395995550611,0.9707850519609629,0.05757638288915004,True,True,True,True,,-1,nan
8,4,4,4-5-6-7,4,0,0,5.5,3.5,2.0,0,7,8,1.0,PREREGISTERED_PRIMARY_ANALYSIS_COMPLETED,True,0.2,0.18899535598871856,-0.9849390481822322,-0.8812013348164627,0.9849390481822327,0.029895071365877705,True,True,True,True,,-1,nan
8,4,4,4-5-6-7,4,0,0,5.5,3.5,2.0,0,7,8,1.0,PREREGISTERED_PRIMARY_ANALYSIS_COMPLETED,True,0.3,0.2834930339830778,-0.9890356974224063,-0.9817575083426029,0.9890356974224066,0.02180838922417453,True,True,True,True,,-1,nan
8,4,4,4-5-6-7,4,0,0,5.5,3.5,2.0,0,7,8,1.0,PREREGISTERED_PRIMARY_ANALYSIS_COMPLETED,True,0.4,0.3779907119774371,-0.991003850667131,-0.9092324805339266,0.9910038506671319,0.017911367962917594,True,True,True,True,,-1,nan
8,5,0,0-1-2-3,0,4,0,1.5,3.5,2.0,0,7,8,1.0,PREREGISTERED_PRIMARY_ANALYSIS_COMPLETED,True,0.05,0.04724883899717964,0.9717477229165239,-0.2413793103448276,-0.9717477229165241,0.05570636300655095,False,False,True,False,,-1,nan
8,5,0,0-1-2-3,0,4,0,1.5,3.5,2.0,0,7,8,1.0,PREREGISTERED_PRIMARY_ANALYSIS_COMPLETED,True,0.1,0.09449767799435928,0.8831900043821015,-0.27608453837597335,-0.883190004382101,0.21997541615954416,False,False,False,False,,-1,nan
8,5,0,0-1-2-3,0,4,0,1.5,3.5,2.0,0,7,8,1.0,PREREGISTERED_PRIMARY_ANALYSIS_COMPLETED,True,0.2,0.18899535598871856,0.6849172145393496,-0.12747497219132367,-0.6849172145393493,0.5308884092276588,False,False,False,False,,-1,nan
8,5,0,0-1-2-3,0,4,0,1.5,3.5,2.0,0,7,8,1.0,PREREGISTERED_PRIMARY_ANALYSIS_COMPLETED,True,0.3,0.2834930339830778,0.6127035286120709,0.09410456062291435,-0.612703528612071,0.6245943860263171,False,False,False,False,,-1,nan
8,5,0,0-1-2-3,0,4,0,1.5,3.5,2.0,0,7,8,1.0,PREREGISTERED_PRIMARY_ANALYSIS_COMPLETED,True,0.4,0.3779907119774371,0.6272770549465179,0.40155728587319245,-0.627277054946518,0.606523496337623,False,False,False,False,,-1,nan
8,5,1,1-2-3-4,1,3,1,2.5,3.5,1.0,0,7,8,1.0,PREREGISTERED_PRIMARY_ANALYSIS_COMPLETED,True,0.05,0.04724883899717964,0.9704280995617456,-0.21557285873192436,-0.9704280995617447,0.05826930358097964,False,False,True,False,,-1,nan
8,5,1,1-2-3-4,1,3,1,2.5,3.5,1.0,0,7,8,1.0,PREREGISTERED_PRIMARY_ANALYSIS_COMPLETED,True,0.1,0.09449767799435928,0.8788668763921175,-0.25428253615127916,-0.8788668763921182,0.22759301358076126,False,False,False,False,,-1,nan
8,5,1,1-2-3-4,1,3,1,2.5,3.5,1.0,0,7,8,1.0,PREREGISTERED_PRIMARY_ANALYSIS_COMPLETED,True,0.2,0.18899535598871856,0.6805553753639195,-0.09098998887652948,-0.6805553753639196,0.5368443810632748,False,False,False,False,,-1,nan
8,5,1,1-2-3-4,1,3,1,2.5,3.5,1.0,0,7,8,1.0,PREREGISTERED_PRIMARY_ANALYSIS_COMPLETED,True,0.3,0.2834930339830778,0.6072315263211004,0.17953281423804227,-0.6072315263211004,0.6312698734417473,False,False,False,False,,-1,nan
8,5,1,1-2-3-4,1,3,1,2.5,3.5,1.0,0,7,8,1.0,PREREGISTERED_PRIMARY_ANALYSIS_COMPLETED,True,0.4,0.3779907119774371,0.6199874276843825,0.46696329254727476,-0.619987427684383,0.615615589513302,False,False,False,False,,-1,nan
8,5,2,2-3-4-5,2,2,2,3.5,3.5,0.0,0,7,8,1.0,PREREGISTERED_PRIMARY_ANALYSIS_COMPLETED,True,0.05,0.04724883899717964,-0.9570716892777001,-0.3450500556173526,0.9570716892777003,0.08401378158312953,True,True,True,True,,-1,nan
8,5,2,2-3-4-5,2,2,2,3.5,3.5,0.0,0,7,8,1.0,PREREGISTERED_PRIMARY_ANALYSIS_COMPLETED,True,0.1,0.09449767799435928,-0.8542739415720312,-0.3045606229143492,0.8542739415720306,0.2702160327509863,True,True,False,False,,-1,nan
8,5,2,2-3-4-5,2,2,2,3.5,3.5,0.0,0,7,8,1.0,PREREGISTERED_PRIMARY_ANALYSIS_COMPLETED,True,0.2,0.18899535598871856,-0.603898072484208,-0.10166852057842046,0.6038980724842077,0.6353071180498587,True,False,False,False,,-1,nan
8,5,2,2-3-4-5,2,2,2,3.5,3.5,0.0,0,7,8,1.0,PREREGISTERED_PRIMARY_ANALYSIS_COMPLETED,True,0.3,0.2834930339830778,-0.16481289895741874,0.08876529477196884,0.16481289895741874,0.9728367083372518,True,False,False,False,,-1,nan
8,5,2,2-3-4-5,2,2,2,3.5,3.5,0.0,0,7,8,1.0,PREREGISTERED_PRIMARY_ANALYSIS_COMPLETED,True,0.4,0.3779907119774371,0.15064703635303137,0.31167964404894327,-0.15064703635303137,0.9773054704380482,False,False,False,False,,-1,nan
8,5,3,3-4-5-6,3,1,1,4.5,3.5,1.0,0,7,8,1.0,PREREGISTERED_PRIMARY_ANALYSIS_COMPLETED,True,0.05,0.04724883899717964,0.9704280995514711,-0.21557285873192436,-0.9704280995514714,0.05826930360091997,False,False,True,False,,-1,nan
8,5,3,3-4-5-6,3,1,1,4.5,3.5,1.0,0,7,8,1.0,PREREGISTERED_PRIMARY_ANALYSIS_COMPLETED,True,0.1,0.09449767799435928,0.8788668763889042,-0.25428253615127916,-0.8788668763889044,0.22759301358641063,False,False,False,False,,-1,nan
8,5,3,3-4-5-6,3,1,1,4.5,3.5,1.0,0,7,8,1.0,PREREGISTERED_PRIMARY_ANALYSIS_COMPLETED,True,0.2,0.18899535598871856,0.680555375366011,-0.09098998887652948,-0.6805553753660111,0.5368443810604281,False,False,False,False,,-1,nan
8,5,3,3-4-5-6,3,1,1,4.5,3.5,1.0,0,7,8,1.0,PREREGISTERED_PRIMARY_ANALYSIS_COMPLETED,True,0.3,0.2834930339830778,0.6072315263234344,0.17953281423804227,-0.6072315263234344,0.6312698734389124,False,False,False,False,,-1,nan
8,5,3,3-4-5-6,3,1,1,4.5,3.5,1.0,0,7,8,1.0,PREREGISTERED_PRIMARY_ANALYSIS_COMPLETED,True,0.4,0.3779907119774371,0.6199874276864493,0.46696329254727476,-0.6199874276864489,0.61561558951074,False,False,False,False,,-1,nan
8,5,4,4-5-6-7,4,0,0,5.5,3.5,2.0,0,7,8,1.0,PREREGISTERED_PRIMARY_ANALYSIS_COMPLETED,True,0.05,0.04724883899717964,0.9717477229157084,-0.2413793103448276,-0.9717477229157083,0.055706363008135175,False,False,True,False,,-1,nan
8,5,4,4-5-6-7,4,0,0,5.5,3.5,2.0,0,7,8,1.0,PREREGISTERED_PRIMARY_ANALYSIS_COMPLETED,True,0.1,0.09449767799435928,0.8831900043818789,-0.27608453837597335,-0.883190004381879,0.21997541615993718,False,False,False,False,,-1,nan
8,5,4,4-5-6-7,4,0,0,5.5,3.5,2.0,0,7,8,1.0,PREREGISTERED_PRIMARY_ANALYSIS_COMPLETED,True,0.2,0.18899535598871856,0.6849172145408594,-0.12747497219132367,-0.6849172145408601,0.5308884092255898,False,False,False,False,,-1,nan
8,5,4,4-5-6-7,4,0,0,5.5,3.5,2.0,0,7,8,1.0,PREREGISTERED_PRIMARY_ANALYSIS_COMPLETED,True,0.3,0.2834930339830778,0.6127035286135706,0.09410456062291435,-0.6127035286135705,0.6245943860244795,False,False,False,False,,-1,nan
8,5,4,4-5-6-7,4,0,0,5.5,3.5,2.0,0,7,8,1.0,PREREGISTERED_PRIMARY_ANALYSIS_COMPLETED,True,0.4,0.3779907119774371,0.6272770549478391,0.40155728587319245,-0.6272770549478389,0.6065234963359658,False,False,False,False,,-1,nan
8,6,0,0-1-2-3,0,4,0,1.5,3.5,2.0,0,7,8,1.0,PREREGISTERED_PRIMARY_ANALYSIS_COMPLETED,True,0.05,0.04724883899717964,-0.9934671987186887,-0.9813125695216908,0.9934671987186886,0.013022925070041809,True,True,True,True,,-1,nan
8,6,0,0-1-2-3,0,4,0,1.5,3.5,2.0,0,7,8,1.0,PREREGISTERED_PRIMARY_ANALYSIS_COMPLETED,True,0.1,0.09449767799435928,-0.9834823066935743,-0.985761957730812,0.9834823066935741,0.03276255242068672,True,True,True,True,,-1,nan
8,6,0,0-1-2-3,0,4,0,1.5,3.5,2.0,0,7,8,1.0,PREREGISTERED_PRIMARY_ANALYSIS_COMPLETED,True,0.2,0.18899535598871856,-0.9822376327371591,-0.9844271412680755,0.9822376327371594,0.03520923283490139,True,True,True,True,,-1,nan
8,6,0,0-1-2-3,0,4,0,1.5,3.5,2.0,0,7,8,1.0,PREREGISTERED_PRIMARY_ANALYSIS_COMPLETED,True,0.3,0.2834930339830778,-0.9879405470239652,-0.9390433815350391,0.9879405470239646,0.02397347554598909,True,True,True,True,,-1,nan
8,6,0,0-1-2-3,0,4,0,1.5,3.5,2.0,0,7,8,1.0,PREREGISTERED_PRIMARY_ANALYSIS_COMPLETED,True,0.4,0.3779907119774371,-0.9909426107430578,-0.992880978865406,0.9909426107430577,0.018032742213732394,True,True,True,True,,-1,nan
8,6,1,1-2-3-4,1,3,1,2.5,3.5,1.0,0,7,8,1.0,PREREGISTERED_PRIMARY_ANALYSIS_COMPLETED,True,0.05,0.04724883899717964,-0.667563667047345,-0.9430478309232482,0.667563667047345,0.5543587504383016,True,False,False,False,,-1,nan
8,6,1,1-2-3-4,1,3,1,2.5,3.5,1.0,0,7,8,1.0,PREREGISTERED_PRIMARY_ANALYSIS_COMPLETED,True,0.1,0.09449767799435928,-0.5960027635566956,-0.875417130144605,0.5960027635566952,0.6447807058327816,True,False,False,False,,-1,nan
8,6,1,1-2-3-4,1,3,1,2.5,3.5,1.0,0,7,8,1.0,PREREGISTERED_PRIMARY_ANALYSIS_COMPLETED,True,0.2,0.18899535598871856,-0.7165007908274912,-0.6889877641824249,0.716500790827491,0.48662661674358015,True,False,False,False,,-1,nan
8,6,1,1-2-3-4,1,3,1,2.5,3.5,1.0,0,7,8,1.0,PREREGISTERED_PRIMARY_ANALYSIS_COMPLETED,True,0.3,0.2834930339830778,-0.787566287152634,-0.49899888765294764,0.7875662871526335,0.3797393433406149,True,False,False,False,,-1,nan
8,6,1,1-2-3-4,1,3,1,2.5,3.5,1.0,0,7,8,1.0,PREREGISTERED_PRIMARY_ANALYSIS_COMPLETED,True,0.4,0.3779907119774371,-0.8218172131705949,-0.47141268075639603,0.8218172131705948,0.32461646813651696,True,True,False,False,,-1,nan
8,6,2,2-3-4-5,2,2,2,3.5,3.5,0.0,0,7,8,1.0,PREREGISTERED_PRIMARY_ANALYSIS_COMPLETED,True,0.05,0.04724883899717964,-0.9814421462698141,-0.5461624026696329,0.9814421462698147,0.03677131352530104,True,True,True,True,,-1,nan
8,6,2,2-3-4-5,2,2,2,3.5,3.5,0.0,0,7,8,1.0,PREREGISTERED_PRIMARY_ANALYSIS_COMPLETED,True,0.1,0.09449767799435928,-0.955664300713031,-0.5515016685205784,0.9556643007130309,0.08670574434267439,True,True,True,True,,-1,nan
8,6,2,2-3-4-5,2,2,2,3.5,3.5,0.0,0,7,8,1.0,PREREGISTERED_PRIMARY_ANALYSIS_COMPLETED,True,0.2,0.18899535598871856,-0.9528523495443952,-0.8607341490545051,0.9528523495443952,0.09207239996772591,True,True,True,True,,-1,nan
8,6,2,2-3-4-5,2,2,2,3.5,3.5,0.0,0,7,8,1.0,PREREGISTERED_PRIMARY_ANALYSIS_COMPLETED,True,0.3,0.2834930339830778,-0.9616544114117371,-0.7579532814238041,0.9616544114117372,0.07522079301234592,True,True,True,True,,-1,nan
8,6,2,2-3-4-5,2,2,2,3.5,3.5,0.0,0,7,8,1.0,PREREGISTERED_PRIMARY_ANALYSIS_COMPLETED,True,0.4,0.3779907119774371,-0.9672708866386128,-0.5733036707452726,0.9672708866386124,0.06438703186135204,True,True,True,True,,-1,nan
8,6,3,3-4-5-6,3,1,1,4.5,3.5,1.0,0,7,8,1.0,PREREGISTERED_PRIMARY_ANALYSIS_COMPLETED,True,0.05,0.04724883899717964,-0.667563667077609,-0.9430478309232482,0.6675636670776091,0.5543587503978956,True,False,False,False,,-1,nan
8,6,3,3-4-5-6,3,1,1,4.5,3.5,1.0,0,7,8,1.0,PREREGISTERED_PRIMARY_ANALYSIS_COMPLETED,True,0.1,0.09449767799435928,-0.5960027635706386,-0.875417130144605,0.5960027635706385,0.6447807058161612,True,False,False,False,,-1,nan
8,6,3,3-4-5-6,3,1,1,4.5,3.5,1.0,0,7,8,1.0,PREREGISTERED_PRIMARY_ANALYSIS_COMPLETED,True,0.2,0.18899535598871856,-0.7165007908331406,-0.6889877641824249,0.7165007908331407,0.4866266167354837,True,False,False,False,,-1,nan
8,6,3,3-4-5-6,3,1,1,4.5,3.5,1.0,0,7,8,1.0,PREREGISTERED_PRIMARY_ANALYSIS_COMPLETED,True,0.3,0.2834930339830778,-0.7875662871556462,-0.49899888765294764,0.7875662871556461,0.3797393433358702,True,False,False,False,,-1,nan
8,6,3,3-4-5-6,3,1,1,4.5,3.5,1.0,0,7,8,1.0,PREREGISTERED_PRIMARY_ANALYSIS_COMPLETED,True,0.4,0.3779907119774371,-0.8218172131727395,-0.47141268075639603,0.8218172131727394,0.32461646813299233,True,True,False,False,,-1,nan
8,6,4,4-5-6-7,4,0,0,5.5,3.5,2.0,0,7,8,1.0,PREREGISTERED_PRIMARY_ANALYSIS_COMPLETED,True,0.05,0.04724883899717964,-0.9934671987187893,-0.9813125695216908,0.9934671987187891,0.013022925069842142,True,True,True,True,,-1,nan
8,6,4,4-5-6-7,4,0,0,5.5,3.5,2.0,0,7,8,1.0,PREREGISTERED_PRIMARY_ANALYSIS_COMPLETED,True,0.1,0.09449767799435928,-0.9834823066938435,-0.985761957730812,0.9834823066938437,0.03276255242015673,True,True,True,True,,-1,nan
8,6,4,4-5-6-7,4,0,0,5.5,3.5,2.0,0,7,8,1.0,PREREGISTERED_PRIMARY_ANALYSIS_COMPLETED,True,0.2,0.18899535598871856,-0.9822376327373046,-0.9844271412680755,0.9822376327373048,0.0352092328346153,True,True,True,True,,-1,nan
8,6,4,4-5-6-7,4,0,0,5.5,3.5,2.0,0,7,8,1.0,PREREGISTERED_PRIMARY_ANALYSIS_COMPLETED,True,0.3,0.2834930339830778,-0.987940547024088,-0.9390433815350391,0.987940547024088,0.02397347554574624,True,True,True,True,,-1,nan
8,6,4,4-5-6-7,4,0,0,5.5,3.5,2.0,0,7,8,1.0,PREREGISTERED_PRIMARY_ANALYSIS_COMPLETED,True,0.4,0.3779907119774371,-0.9909426107431673,-0.992880978865406,0.9909426107431676,0.018032742213516074,True,True,True,True,,-1,nan
8,7,0,0-1-2-3,0,4,0,1.5,3.5,2.0,0,7,8,1.0,PREREGISTERED_PRIMARY_ANALYSIS_COMPLETED,True,0.05,0.04724883899717964,0.8937263056292122,-0.3931034482758621,-0.8937263056292124,0.20125329062635955,False,False,False,False,,-1,nan
8,7,0,0-1-2-3,0,4,0,1.5,3.5,2.0,0,7,8,1.0,PREREGISTERED_PRIMARY_ANALYSIS_COMPLETED,True,0.1,0.09449767799435928,0.785822436670267,-0.314349276974416,-0.7858224366702671,0.38248309802560443,False,False,False,False,,-1,nan
8,7,0,0-1-2-3,0,4,0,1.5,3.5,2.0,0,7,8,1.0,PREREGISTERED_PRIMARY_ANALYSIS_COMPLETED,True,0.2,0.18899535598871856,0.7462616286003686,0.4295884315906563,-0.7462616286003686,0.4430935816787259,False,False,False,False,,-1,nan
8,7,0,0-1-2-3,0,4,0,1.5,3.5,2.0,0,7,8,1.0,PREREGISTERED_PRIMARY_ANALYSIS_COMPLETED,True,0.3,0.2834930339830778,0.782893074986914,0.7276974416017797,-0.782893074986914,0.3870784331375343,False,False,False,False,,-1,nan
8,7,0,0-1-2-3,0,4,0,1.5,3.5,2.0,0,7,8,1.0,PREREGISTERED_PRIMARY_ANALYSIS_COMPLETED,True,0.4,0.3779907119774371,0.8220299032488602,0.8433815350389321,-0.8220299032488605,0.3242668381646696,False,False,False,False,,-1,nan
8,7,1,1-2-3-4,1,3,1,2.5,3.5,1.0,0,7,8,1.0,PREREGISTERED_PRIMARY_ANALYSIS_COMPLETED,True,0.05,0.04724883899717964,-0.9937772091199466,-0.9337041156840934,0.993777209119947,0.012406858633769571,True,True,True,True,,-1,nan
8,7,1,1-2-3-4,1,3,1,2.5,3.5,1.0,0,7,8,1.0,PREREGISTERED_PRIMARY_ANALYSIS_COMPLETED,True,0.1,0.09449767799435928,-0.9868584532579704,-0.7859844271412681,0.9868584532579707,0.02611039323328551,True,True,True,True,,-1,nan
8,7,1,1-2-3-4,1,3,1,2.5,3.5,1.0,0,7,8,1.0,PREREGISTERED_PRIMARY_ANALYSIS_COMPLETED,True,0.2,0.18899535598871856,-0.9789242019052393,-0.7050055617352614,0.9789242019052395,0.04170740692418975,True,True,True,True,,-1,nan
8,7,1,1-2-3-4,1,3,1,2.5,3.5,1.0,0,7,8,1.0,PREREGISTERED_PRIMARY_ANALYSIS_COMPLETED,True,0.3,0.2834930339830778,-0.9773430384751028,-0.7192436040044494,0.9773430384751027,0.0448005851442535,True,True,True,True,,-1,nan
8,7,1,1-2-3-4,1,3,1,2.5,3.5,1.0,0,7,8,1.0,PREREGISTERED_PRIMARY_ANALYSIS_COMPLETED,True,0.4,0.3779907119774371,-0.9782675475206798,-0.6876529477196887,0.9782675475206796,0.04299260546787463,True,True,True,True,,-1,nan
8,7,2,2-3-4-5,2,2,2,3.5,3.5,0.0,0,7,8,1.0,PREREGISTERED_PRIMARY_ANALYSIS_COMPLETED,True,0.05,0.04724883899717964,-0.9912635654480783,-0.8438264738598443,0.9912635654480778,0.017396543815163545,True,True,True,True,,-1,nan
8,7,2,2-3-4-5,2,2,2,3.5,3.5,0.0,0,7,8,1.0,PREREGISTERED_PRIMARY_ANALYSIS_COMPLETED,True,0.1,0.09449767799435928,-0.9810600242660862,-0.7370411568409344,0.9810600242660865,0.037521228787026115,True,True,True,True,,-1,nan
8,7,2,2-3-4-5,2,2,2,3.5,3.5,0.0,0,7,8,1.0,PREREGISTERED_PRIMARY_ANALYSIS_COMPLETED,True,0.2,0.18899535598871856,-0.9691482632388564,-0.6511679644048943,0.9691482632388568,0.06075164386110726,True,True,True,True,,-1,nan
8,7,2,2-3-4-5,2,2,2,3.5,3.5,0.0,0,7,8,1.0,PREREGISTERED_PRIMARY_ANALYSIS_COMPLETED,True,0.3,0.2834930339830778,-0.9647685453457309,-0.643159065628476,0.9647685453457309,0.06922165391148268,True,True,True,True,,-1,nan
8,7,2,2-3-4-5,2,2,2,3.5,3.5,0.0,0,7,8,1.0,PREREGISTERED_PRIMARY_ANALYSIS_COMPLETED,True,0.4,0.3779907119774371,-0.9647308849072485,-0.6320355951056729,0.9647308849072482,0.06929431970607794,True,True,True,True,,-1,nan
8,7,3,3-4-5-6,3,1,1,4.5,3.5,1.0,0,7,8,1.0,PREREGISTERED_PRIMARY_ANALYSIS_COMPLETED,True,0.05,0.04724883899717964,-0.9937772091203385,-0.9337041156840934,0.9937772091203375,0.012406858632992004,True,True,True,True,,-1,nan
8,7,3,3-4-5-6,3,1,1,4.5,3.5,1.0,0,7,8,1.0,PREREGISTERED_PRIMARY_ANALYSIS_COMPLETED,True,0.1,0.09449767799435928,-0.9868584532583005,-0.7859844271412681,0.9868584532583012,0.0261103932326339,True,True,True,True,,-1,nan
8,7,3,3-4-5-6,3,1,1,4.5,3.5,1.0,0,7,8,1.0,PREREGISTERED_PRIMARY_ANALYSIS_COMPLETED,True,0.2,0.18899535598871856,-0.9789242019054464,-0.7050055617352614,0.9789242019054466,0.041707406923784225,True,True,True,True,,-1,nan
8,7,3,3-4-5-6,3,1,1,4.5,3.5,1.0,0,7,8,1.0,PREREGISTERED_PRIMARY_ANALYSIS_COMPLETED,True,0.3,0.2834930339830778,-0.9773430384752819,-0.7192436040044494,0.9773430384752817,0.044800585143904066,True,True,True,True,,-1,nan
8,7,3,3-4-5-6,3,1,1,4.5,3.5,1.0,0,7,8,1.0,PREREGISTERED_PRIMARY_ANALYSIS_COMPLETED,True,0.4,0.3779907119774371,-0.9782675475208509,-0.6876529477196887,0.9782675475208512,0.042992605467539025,True,True,True,True,,-1,nan
8,7,4,4-5-6-7,4,0,0,5.5,3.5,2.0,0,7,8,1.0,PREREGISTERED_PRIMARY_ANALYSIS_COMPLETED,True,0.05,0.04724883899717964,0.8937263056118065,-0.3931034482758621,-0.893726305611807,0.20125329065747175,False,False,False,False,,-1,nan
8,7,4,4-5-6-7,4,0,0,5.5,3.5,2.0,0,7,8,1.0,PREREGISTERED_PRIMARY_ANALYSIS_COMPLETED,True,0.1,0.09449767799435928,0.7858224366546948,-0.314349276974416,-0.7858224366546952,0.3824830980500779,False,False,False,False,,-1,nan
8,7,4,4-5-6-7,4,0,0,5.5,3.5,2.0,0,7,8,1.0,PREREGISTERED_PRIMARY_ANALYSIS_COMPLETED,True,0.2,0.18899535598871856,0.7462616285899077,0.4295884315906563,-0.7462616285899079,0.44309358169433843,False,False,False,False,,-1,nan
8,7,4,4-5-6-7,4,0,0,5.5,3.5,2.0,0,7,8,1.0,PREREGISTERED_PRIMARY_ANALYSIS_COMPLETED,True,0.3,0.2834930339830778,0.7828930749794801,0.7276974416017797,-0.7828930749794795,0.3870784331491747,False,False,False,False,,-1,nan
8,7,4,4-5-6-7,4,0,0,5.5,3.5,2.0,0,7,8,1.0,PREREGISTERED_PRIMARY_ANALYSIS_COMPLETED,True,0.4,0.3779907119774371,0.8220299032430429,0.8433815350389321,-0.8220299032430431,0.32426683817423335,False,False,False,False,,-1,nan
8,8,0,0-1-2-3,0,4,0,1.5,3.5,2.0,0,7,8,1.0,PREREGISTERED_PRIMARY_ANALYSIS_COMPLETED,True,0.05,0.04724883899717964,-0.8338200660228003,-0.47452725250278077,0.8338200660228002,0.3047440974977326,True,True,False,False,,-1,nan
8,8,0,0-1-2-3,0,4,0,1.5,3.5,2.0,0,7,8,1.0,PREREGISTERED_PRIMARY_ANALYSIS_COMPLETED,True,0.1,0.09449767799435928,-0.5866654016597328,-0.196440489432703,0.5866654016597329,0.6558237064954247,True,False,False,False,,-1,nan
8,8,0,0-1-2-3,0,4,0,1.5,3.5,2.0,0,7,8,1.0,PREREGISTERED_PRIMARY_ANALYSIS_COMPLETED,True,0.2,0.18899535598871856,0.20467578986714863,0.16173526140155728,-0.2046757898671485,0.9581078210422588,False,False,False,False,,-1,nan
8,8,0,0-1-2-3,0,4,0,1.5,3.5,2.0,0,7,8,1.0,PREREGISTERED_PRIMARY_ANALYSIS_COMPLETED,True,0.3,0.2834930339830778,0.5075672263007012,0.3481646273637375,-0.5075672263007011,0.7423755107854129,False,False,False,False,,-1,nan
8,8,0,0-1-2-3,0,4,0,1.5,3.5,2.0,0,7,8,1.0,PREREGISTERED_PRIMARY_ANALYSIS_COMPLETED,True,0.4,0.3779907119774371,0.6238113154962287,0.5052280311457175,-0.6238113154962284,0.6108594426588645,False,False,False,False,,-1,nan
8,8,1,1-2-3-4,1,3,1,2.5,3.5,1.0,0,7,8,1.0,PREREGISTERED_PRIMARY_ANALYSIS_COMPLETED,True,0.05,0.04724883899717964,-0.9870118375855478,-0.9078976640711901,0.9870118375855487,0.025807632465998393,True,True,True,True,,-1,nan
8,8,1,1-2-3-4,1,3,1,2.5,3.5,1.0,0,7,8,1.0,PREREGISTERED_PRIMARY_ANALYSIS_COMPLETED,True,0.1,0.09449767799435928,-0.9758486785239914,-0.9332591768631814,0.9758486785239916,0.04771935662298005,True,True,True,True,,-1,nan
8,8,1,1-2-3-4,1,3,1,2.5,3.5,1.0,0,7,8,1.0,PREREGISTERED_PRIMARY_ANALYSIS_COMPLETED,True,0.2,0.18899535598871856,-0.9755825110664033,-0.9474972191323694,0.9755825110664033,0.048238764101371144,True,True,True,True,,-1,nan
8,8,1,1-2-3-4,1,3,1,2.5,3.5,1.0,0,7,8,1.0,PREREGISTERED_PRIMARY_ANALYSIS_COMPLETED,True,0.3,0.2834930339830778,-0.9807021719040017,-0.9154616240266963,0.9807021719040016,0.0382232500227737,True,True,True,True,,-1,nan
8,8,1,1-2-3-4,1,3,1,2.5,3.5,1.0,0,7,8,1.0,PREREGISTERED_PRIMARY_ANALYSIS_COMPLETED,True,0.4,0.3779907119774371,-0.9841000528677317,-0.8776418242491658,0.9841000528677324,0.03154708594572751,True,True,True,True,,-1,nan
8,8,2,2-3-4-5,2,2,2,3.5,3.5,0.0,0,7,8,1.0,PREREGISTERED_PRIMARY_ANALYSIS_COMPLETED,True,0.05,0.04724883899717964,-0.939141150797856,-0.8723025583982202,0.9391411507978562,0.11801389887807866,True,True,True,True,,-1,nan
8,8,2,2-3-4-5,2,2,2,3.5,3.5,0.0,0,7,8,1.0,PREREGISTERED_PRIMARY_ANALYSIS_COMPLETED,True,0.1,0.09449767799435928,-0.8883120887819618,-0.892769744160178,0.8883120887819621,0.210901632923828,True,True,False,False,,-1,nan
8,8,2,2-3-4-5,2,2,2,3.5,3.5,0.0,0,7,8,1.0,PREREGISTERED_PRIMARY_ANALYSIS_COMPLETED,True,0.2,0.18899535598871856,-0.8925444647930303,-0.8562847608453837,0.8925444647930301,0.20336437836732343,True,True,False,False,,-1,nan
8,8,2,2-3-4-5,2,2,2,3.5,3.5,0.0,0,7,8,1.0,PREREGISTERED_PRIMARY_ANALYSIS_COMPLETED,True,0.3,0.2834930339830778,-0.9105391860419164,-0.7521690767519467,0.9105391860419159,0.17091839068212492,True,True,True,True,,-1,nan
8,8,2,2-3-4-5,2,2,2,3.5,3.5,0.0,0,7,8,1.0,PREREGISTERED_PRIMARY_ANALYSIS_COMPLETED,True,0.4,0.3779907119774371,-0.9225994509251405,-0.5866518353726363,0.9225994509251405,0.14881025315262902,True,True,True,True,,-1,nan
8,8,3,3-4-5-6,3,1,1,4.5,3.5,1.0,0,7,8,1.0,PREREGISTERED_PRIMARY_ANALYSIS_COMPLETED,True,0.05,0.04724883899717964,-0.987011837584311,-0.9078976640711901,0.9870118375843117,0.02580763246844017,True,True,True,True,,-1,nan
8,8,3,3-4-5-6,3,1,1,4.5,3.5,1.0,0,7,8,1.0,PREREGISTERED_PRIMARY_ANALYSIS_COMPLETED,True,0.1,0.09449767799435928,-0.9758486785213779,-0.9332591768631814,0.9758486785213777,0.04771935662808085,True,True,True,True,,-1,nan
8,8,3,3-4-5-6,3,1,1,4.5,3.5,1.0,0,7,8,1.0,PREREGISTERED_PRIMARY_ANALYSIS_COMPLETED,True,0.2,0.18899535598871856,-0.9755825110645674,-0.9474972191323694,0.9755825110645683,0.048238764104951766,True,True,True,True,,-1,nan
8,8,3,3-4-5-6,3,1,1,4.5,3.5,1.0,0,7,8,1.0,PREREGISTERED_PRIMARY_ANALYSIS_COMPLETED,True,0.3,0.2834930339830778,-0.9807021719027834,-0.9154616240266963,0.980702171902784,0.03822325002516247,True,True,True,True,,-1,nan
8,8,3,3-4-5-6,3,1,1,4.5,3.5,1.0,0,7,8,1.0,PREREGISTERED_PRIMARY_ANALYSIS_COMPLETED,True,0.4,0.3779907119774371,-0.9841000528667859,-0.8776418242491658,0.9841000528667855,0.03154708594758941,True,True,True,True,,-1,nan
8,8,4,4-5-6-7,4,0,0,5.5,3.5,2.0,0,7,8,1.0,PREREGISTERED_PRIMARY_ANALYSIS_COMPLETED,True,0.05,0.04724883899717964,-0.8338200660781311,-0.47452725250278077,0.8338200660781312,0.30474409740546077,True,True,False,False,,-1,nan
8,8,4,4-5-6-7,4,0,0,5.5,3.5,2.0,0,7,8,1.0,PREREGISTERED_PRIMARY_ANALYSIS_COMPLETED,True,0.1,0.09449767799435928,-0.5866654016925766,-0.196440489432703,0.5866654016925767,0.6558237064568875,True,False,False,False,,-1,nan
8,8,4,4-5-6-7,4,0,0,5.5,3.5,2.0,0,7,8,1.0,PREREGISTERED_PRIMARY_ANALYSIS_COMPLETED,True,0.2,0.18899535598871856,0.20467578987577575,0.16173526140155728,-0.20467578987577578,0.9581078210387269,False,False,False,False,,-1,nan
8,8,4,4-5-6-7,4,0,0,5.5,3.5,2.0,0,7,8,1.0,PREREGISTERED_PRIMARY_ANALYSIS_COMPLETED,True,0.3,0.2834930339830778,0.5075672263164107,0.3481646273637375,-0.5075672263164105,0.7423755107694656,False,False,False,False,,-1,nan
8,8,4,4-5-6-7,4,0,0,5.5,3.5,2.0,0,7,8,1.0,PREREGISTERED_PRIMARY_ANALYSIS_COMPLETED,True,0.4,0.3779907119774371,0.6238113155118752,0.5052280311457175,-0.6238113155118752,0.6108594426393436,False,False,False,False,,-1,nan
8,9,0,0-1-2-3,0,4,0,1.5,3.5,2.0,0,7,8,1.0,PREREGISTERED_PRIMARY_ANALYSIS_COMPLETED,True,0.05,0.04724883899717964,-0.9958502813117772,-0.9176863181312569,0.9958502813117772,0.008282217211253795,True,True,True,True,,-1,nan
8,9,0,0-1-2-3,0,4,0,1.5,3.5,2.0,0,7,8,1.0,PREREGISTERED_PRIMARY_ANALYSIS_COMPLETED,True,0.1,0.09449767799435928,-0.9933133214792857,-0.9448275862068966,0.9933133214792864,0.013328645371788357,True,True,True,True,,-1,nan
8,9,0,0-1-2-3,0,4,0,1.5,3.5,2.0,0,7,8,1.0,PREREGISTERED_PRIMARY_ANALYSIS_COMPLETED,True,0.2,0.18899535598871856,-0.9937443563057108,-0.9897664071190211,0.9937443563057101,0.012472154310549422,True,True,True,True,,-1,nan
8,9,0,0-1-2-3,0,4,0,1.5,3.5,2.0,0,7,8,1.0,PREREGISTERED_PRIMARY_ANALYSIS_COMPLETED,True,0.3,0.2834930339830778,-0.9941175841818082,-0.946162402669633,0.9941175841818086,0.01173022882052461,True,True,True,True,,-1,nan
8,9,0,0-1-2-3,0,4,0,1.5,3.5,2.0,0,7,8,1.0,PREREGISTERED_PRIMARY_ANALYSIS_COMPLETED,True,0.4,0.3779907119774371,-0.99470385526112,-0.9706340378197997,0.99470385526112,0.010564240328665408,True,True,True,True,,-1,nan
8,9,1,1-2-3-4,1,3,1,2.5,3.5,1.0,0,7,8,1.0,PREREGISTERED_PRIMARY_ANALYSIS_COMPLETED,True,0.05,0.04724883899717964,-0.933589731939688,-0.9483870967741934,0.9335897319396884,0.12841021241678152,True,True,True,True,,-1,nan
8,9,1,1-2-3-4,1,3,1,2.5,3.5,1.0,0,7,8,1.0,PREREGISTERED_PRIMARY_ANALYSIS_COMPLETED,True,0.1,0.09449767799435928,-0.8823511369673858,-0.9733036707452726,0.8823511369673855,0.2214564710923616,True,True,False,False,,-1,nan
8,9,1,1-2-3-4,1,3,1,2.5,3.5,1.0,0,7,8,1.0,PREREGISTERED_PRIMARY_ANALYSIS_COMPLETED,True,0.2,0.18899535598871856,-0.86469657191373,-0.9652947719688543,0.8646965719137298,0.25229983852064375,True,True,False,False,,-1,nan
8,9,1,1-2-3-4,1,3,1,2.5,3.5,1.0,0,7,8,1.0,PREREGISTERED_PRIMARY_ANALYSIS_COMPLETED,True,0.3,0.2834930339830778,-0.8721727032357105,-0.7948832035595106,0.87217270323571,0.2393147757305137,True,True,False,False,,-1,nan
8,9,1,1-2-3-4,1,3,1,2.5,3.5,1.0,0,7,8,1.0,PREREGISTERED_PRIMARY_ANALYSIS_COMPLETED,True,0.4,0.3779907119774371,-0.8836239118875047,-0.7935483870967741,0.8836239118875044,0.21920878234062416,True,True,False,False,,-1,nan
8,9,2,2-3-4-5,2,2,2,3.5,3.5,0.0,0,7,8,1.0,PREREGISTERED_PRIMARY_ANALYSIS_COMPLETED,True,0.05,0.04724883899717964,-0.716115054118282,-0.5061179087875418,0.7161150541182821,0.4871792292651697,True,False,False,False,,-1,nan
8,9,2,2-3-4-5,2,2,2,3.5,3.5,0.0,0,7,8,1.0,PREREGISTERED_PRIMARY_ANALYSIS_COMPLETED,True,0.1,0.09449767799435928,-0.44461250935176466,-0.23025583982202447,0.4446125093517647,0.8023197165279271,True,False,False,False,,-1,nan
8,9,2,2-3-4-5,2,2,2,3.5,3.5,0.0,0,7,8,1.0,PREREGISTERED_PRIMARY_ANALYSIS_COMPLETED,True,0.2,0.18899535598871856,-0.36447899661601074,0.06874304783092325,0.36447899661601063,0.8671550610257859,True,False,False,False,,-1,nan
8,9,2,2-3-4-5,2,2,2,3.5,3.5,0.0,0,7,8,1.0,PREREGISTERED_PRIMARY_ANALYSIS_COMPLETED,True,0.3,0.2834930339830778,-0.28148289453956277,0.13548387096774192,0.2814828945395628,0.9207673800816297,True,False,False,False,,-1,nan
8,9,2,2-3-4-5,2,2,2,3.5,3.5,0.0,0,7,8,1.0,PREREGISTERED_PRIMARY_ANALYSIS_COMPLETED,True,0.4,0.3779907119774371,-0.16624590175088957,0.22269187986651834,0.16624590175088952,0.9723623001510339,True,False,False,False,,-1,nan
8,9,3,3-4-5-6,3,1,1,4.5,3.5,1.0,0,7,8,1.0,PREREGISTERED_PRIMARY_ANALYSIS_COMPLETED,True,0.05,0.04724883899717964,-0.9335897319366852,-0.9483870967741934,0.9335897319366854,0.12841021242238876,True,True,True,True,,-1,nan
8,9,3,3-4-5-6,3,1,1,4.5,3.5,1.0,0,7,8,1.0,PREREGISTERED_PRIMARY_ANALYSIS_COMPLETED,True,0.1,0.09449767799435928,-0.8823511369650746,-0.9733036707452726,0.8823511369650744,0.2214564710964404,True,True,False,False,,-1,nan
8,9,3,3-4-5-6,3,1,1,4.5,3.5,1.0,0,7,8,1.0,PREREGISTERED_PRIMARY_ANALYSIS_COMPLETED,True,0.2,0.18899535598871856,-0.8646965719131766,-0.9652947719688543,0.8646965719131766,0.2522998385216011,True,True,False,False,,-1,nan
8,9,3,3-4-5-6,3,1,1,4.5,3.5,1.0,0,7,8,1.0,PREREGISTERED_PRIMARY_ANALYSIS_COMPLETED,True,0.3,0.2834930339830778,-0.8721727032357909,-0.7948832035595106,0.8721727032357907,0.23931477573037344,True,True,False,False,,-1,nan
8,9,3,3-4-5-6,3,1,1,4.5,3.5,1.0,0,7,8,1.0,PREREGISTERED_PRIMARY_ANALYSIS_COMPLETED,True,0.4,0.3779907119774371,-0.8836239118877502,-0.7935483870967741,0.8836239118877499,0.21920878234019014,True,True,False,False,,-1,nan
8,9,4,4-5-6-7,4,0,0,5.5,3.5,2.0,0,7,8,1.0,PREREGISTERED_PRIMARY_ANALYSIS_COMPLETED,True,0.05,0.04724883899717964,-0.9958502813086775,-0.9176863181312569,0.9958502813086774,0.008282217217428202,True,True,True,True,,-1,nan
8,9,4,4-5-6-7,4,0,0,5.5,3.5,2.0,0,7,8,1.0,PREREGISTERED_PRIMARY_ANALYSIS_COMPLETED,True,0.1,0.09449767799435928,-0.9933133214767074,-0.9448275862068966,0.993313321476707,0.013328645376912196,True,True,True,True,,-1,nan
8,9,4,4-5-6-7,4,0,0,5.5,3.5,2.0,0,7,8,1.0,PREREGISTERED_PRIMARY_ANALYSIS_COMPLETED,True,0.2,0.18899535598871856,-0.993744356304392,-0.9897664071190211,0.9937443563043915,0.012472154313171122,True,True,True,True,,-1,nan
8,9,4,4-5-6-7,4,0,0,5.5,3.5,2.0,0,7,8,1.0,PREREGISTERED_PRIMARY_ANALYSIS_COMPLETED,True,0.3,0.2834930339830778,-0.9941175841806402,-0.946162402669633,0.9941175841806407,0.011730228822847822,True,True,True,True,,-1,nan
8,9,4,4-5-6-7,4,0,0,5.5,3.5,2.0,0,7,8,1.0,PREREGISTERED_PRIMARY_ANALYSIS_COMPLETED,True,0.4,0.3779907119774371,-0.9947038552600199,-0.9706340378197997,0.99470385526002,0.010564240330853326,True,True,True,True,,-1,nan
8,10,0,0-1-2-3,0,4,0,1.5,3.5,2.0,0,7,8,1.0,PREREGISTERED_PRIMARY_ANALYSIS_COMPLETED,True,0.05,0.04724883899717964,0.8310803037978722,-0.39265850945494996,-0.8310803037978722,0.3093055286392361,False,False,False,False,,-1,nan
8,10,0,0-1-2-3,0,4,0,1.5,3.5,2.0,0,7,8,1.0,PREREGISTERED_PRIMARY_ANALYSIS_COMPLETED,True,0.1,0.09449767799435928,0.48289981383737485,-0.507007786429366,-0.4828998138373754,0.7668077697958284,False,False,False,False,,-1,nan
8,10,0,0-1-2-3,0,4,0,1.5,3.5,2.0,0,7,8,1.0,PREREGISTERED_PRIMARY_ANALYSIS_COMPLETED,True,0.2,0.18899535598871856,0.2367914938329071,-0.4460511679644049,-0.2367914938329072,0.9439297884483802,False,False,False,False,,-1,nan
8,10,0,0-1-2-3,0,4,0,1.5,3.5,2.0,0,7,8,1.0,PREREGISTERED_PRIMARY_ANALYSIS_COMPLETED,True,0.3,0.2834930339830778,0.2588222213656895,-0.16529477196885425,-0.2588222213656896,0.9330110577273298,False,False,False,False,,-1,nan
8,10,0,0-1-2-3,0,4,0,1.5,3.5,2.0,0,7,8,1.0,PREREGISTERED_PRIMARY_ANALYSIS_COMPLETED,True,0.4,0.3779907119774371,0.35317240955309176,0.2204671857619577,-0.35317240955309187,0.8752692491304633,False,False,False,False,,-1,nan
8,10,1,1-2-3-4,1,3,1,2.5,3.5,1.0,0,7,8,1.0,PREREGISTERED_PRIMARY_ANALYSIS_COMPLETED,True,0.05,0.04724883899717964,0.6513311965716205,-0.47986651835372635,-0.6513311965716211,0.5757676723725804,False,False,False,False,,-1,nan
8,10,1,1-2-3-4,1,3,1,2.5,3.5,1.0,0,7,8,1.0,PREREGISTERED_PRIMARY_ANALYSIS_COMPLETED,True,0.1,0.09449767799435928,0.29162336125320454,-0.5506117908787541,-0.29162336125320465,0.9149558151713824,False,False,False,False,,-1,nan
8,10,1,1-2-3-4,1,3,1,2.5,3.5,1.0,0,7,8,1.0,PREREGISTERED_PRIMARY_ANALYSIS_COMPLETED,True,0.2,0.18899535598871856,0.10862514260084231,-0.4264738598442714,-0.10862514260084227,0.9882005783949468,False,False,False,False,,-1,nan
8,10,1,1-2-3-4,1,3,1,2.5,3.5,1.0,0,7,8,1.0,PREREGISTERED_PRIMARY_ANALYSIS_COMPLETED,True,0.3,0.2834930339830778,0.15406136878383564,-0.030033370411568408,-0.15406136878383545,0.9762650946484509,False,False,False,False,,-1,nan
8,10,1,1-2-3-4,1,3,1,2.5,3.5,1.0,0,7,8,1.0,PREREGISTERED_PRIMARY_ANALYSIS_COMPLETED,True,0.4,0.3779907119774371,0.26192860084275366,0.435817575083426,-0.26192860084275355,0.9313934080605576,False,False,False,False,,-1,nan
8,10,2,2-3-4-5,2,2,2,3.5,3.5,0.0,0,7,8,1.0,PREREGISTERED_PRIMARY_ANALYSIS_COMPLETED,True,0.05,0.04724883899717964,0.9162644573544982,0.17063403781979977,-0.9162644573544981,0.1604594441888679,False,False,True,False,,-1,nan
8,10,2,2-3-4-5,2,2,2,3.5,3.5,0.0,0,7,8,1.0,PREREGISTERED_PRIMARY_ANALYSIS_COMPLETED,True,0.1,0.09449767799435928,0.8334768412679512,0.1599555061179088,-0.833476841267951,0.3053163550699989,False,False,False,False,,-1,nan
8,10,2,2-3-4-5,2,2,2,3.5,3.5,0.0,0,7,8,1.0,PREREGISTERED_PRIMARY_ANALYSIS_COMPLETED,True,0.2,0.18899535598871856,0.7988341435947304,0.15061179087875418,-0.7988341435947307,0.3618640110272732,False,False,False,False,,-1,nan
8,10,2,2-3-4-5,2,2,2,3.5,3.5,0.0,0,7,8,1.0,PREREGISTERED_PRIMARY_ANALYSIS_COMPLETED,True,0.3,0.2834930339830778,0.7998744909488185,0.08654060066740822,-0.7998744909488182,0.3602007987293689,False,False,False,False,,-1,nan
8,10,2,2-3-4-5,2,2,2,3.5,3.5,0.0,0,7,8,1.0,PREREGISTERED_PRIMARY_ANALYSIS_COMPLETED,True,0.4,0.3779907119774371,0.8096610242416133,0.41446051167964404,-0.8096610242416139,0.34444902582402126,False,False,False,False,,-1,nan
8,10,3,3-4-5-6,3,1,1,4.5,3.5,1.0,0,7,8,1.0,PREREGISTERED_PRIMARY_ANALYSIS_COMPLETED,True,0.05,0.04724883899717964,0.651331196585955,-0.47986651835372635,-0.6513311965859552,0.5757676723539079,False,False,False,False,,-1,nan
8,10,3,3-4-5-6,3,1,1,4.5,3.5,1.0,0,7,8,1.0,PREREGISTERED_PRIMARY_ANALYSIS_COMPLETED,True,0.1,0.09449767799435928,0.29162336125807803,-0.5506117908787541,-0.291623361258078,0.9149558151685405,False,False,False,False,,-1,nan
8,10,3,3-4-5-6,3,1,1,4.5,3.5,1.0,0,7,8,1.0,PREREGISTERED_PRIMARY_ANALYSIS_COMPLETED,True,0.2,0.18899535598871856,0.10862514260230859,-0.4264738598442714,-0.10862514260230856,0.9882005783946279,False,False,False,False,,-1,nan
8,10,3,3-4-5-6,3,1,1,4.5,3.5,1.0,0,7,8,1.0,PREREGISTERED_PRIMARY_ANALYSIS_COMPLETED,True,0.3,0.2834930339830778,0.15406136878476837,-0.030033370411568408,-0.15406136878476837,0.9762650946481636,False,False,False,False,,-1,nan
8,10,3,3-4-5-6,3,1,1,4.5,3.5,1.0,0,7,8,1.0,PREREGISTERED_PRIMARY_ANALYSIS_COMPLETED,True,0.4,0.3779907119774371,0.261928600843722,0.435817575083426,-0.2619286008437222,0.9313934080600507,False,False,False,False,,-1,nan
8,10,4,4-5-6-7,4,0,0,5.5,3.5,2.0,0,7,8,1.0,PREREGISTERED_PRIMARY_ANALYSIS_COMPLETED,True,0.05,0.04724883899717964,0.83108030381197,-0.39265850945494996,-0.8310803038119698,0.3093055286158037,False,False,False,False,,-1,nan
8,10,4,4-5-6-7,4,0,0,5.5,3.5,2.0,0,7,8,1.0,PREREGISTERED_PRIMARY_ANALYSIS_COMPLETED,True,0.1,0.09449767799435928,0.48289981383033714,-0.507007786429366,-0.4828998138303373,0.7668077698026257,False,False,False,False,,-1,nan
8,10,4,4-5-6-7,4,0,0,5.5,3.5,2.0,0,7,8,1.0,PREREGISTERED_PRIMARY_ANALYSIS_COMPLETED,True,0.2,0.18899535598871856,0.2367914938279351,-0.4460511679644049,-0.23679149382793507,0.9439297884507346,False,False,False,False,,-1,nan
8,10,4,4-5-6-7,4,0,0,5.5,3.5,2.0,0,7,8,1.0,PREREGISTERED_PRIMARY_ANALYSIS_COMPLETED,True,0.3,0.2834930339830778,0.2588222213617543,-0.16529477196885425,-0.2588222213617543,0.933011057729367,False,False,False,False,,-1,nan
8,10,4,4-5-6-7,4,0,0,5.5,3.5,2.0,0,7,8,1.0,PREREGISTERED_PRIMARY_ANALYSIS_COMPLETED,True,0.4,0.3779907119774371,0.35317240954944296,0.2204671857619577,-0.3531724095494431,0.8752692491330403,False,False,False,False,,-1,nan
8,11,0,0-1-2-3,0,4,0,1.5,3.5,2.0,0,7,8,1.0,PREREGISTERED_PRIMARY_ANALYSIS_COMPLETED,True,0.05,0.04724883899717964,-0.7638879860959885,-0.8625139043381533,0.7638879860959884,0.4164751446982149,True,False,False,False,,-1,nan
8,11,0,0-1-2-3,0,4,0,1.5,3.5,2.0,0,7,8,1.0,PREREGISTERED_PRIMARY_ANALYSIS_COMPLETED,True,0.1,0.09449767799435928,-0.5262217793538186,-0.8869855394883204,0.5262217793538186,0.7230906389337012,True,False,False,False,,-1,nan
8,11,0,0-1-2-3,0,4,0,1.5,3.5,2.0,0,7,8,1.0,PREREGISTERED_PRIMARY_ANALYSIS_COMPLETED,True,0.2,0.18899535598871856,-0.510065624353997,-0.8905450500556173,0.5100656243539967,0.7398330588523675,True,False,False,False,,-1,nan
8,11,0,0-1-2-3,0,4,0,1.5,3.5,2.0,0,7,8,1.0,PREREGISTERED_PRIMARY_ANALYSIS_COMPLETED,True,0.3,0.2834930339830778,-0.4795594798137388,-0.8389321468298109,0.4795594798137385,0.7700227053207763,True,False,False,False,,-1,nan
8,11,0,0-1-2-3,0,4,0,1.5,3.5,2.0,0,7,8,1.0,PREREGISTERED_PRIMARY_ANALYSIS_COMPLETED,True,0.4,0.3779907119774371,-0.4006222570319831,-0.7566184649610679,0.4006222570319832,0.8395018071705996,True,False,False,False,,-1,nan
8,11,1,1-2-3-4,1,3,1,2.5,3.5,1.0,0,7,8,1.0,PREREGISTERED_PRIMARY_ANALYSIS_COMPLETED,True,0.05,0.04724883899717964,-0.9829426908044067,0.006006674082313682,0.9829426908044073,0.033823666594191705,True,True,True,True,,-1,nan
8,11,1,1-2-3-4,1,3,1,2.5,3.5,1.0,0,7,8,1.0,PREREGISTERED_PRIMARY_ANALYSIS_COMPLETED,True,0.1,0.09449767799435928,-0.9565261426251201,-0.16840934371523916,0.9565261426251204,0.08505773847470807,True,True,True,True,,-1,nan
8,11,1,1-2-3-4,1,3,1,2.5,3.5,1.0,0,7,8,1.0,PREREGISTERED_PRIMARY_ANALYSIS_COMPLETED,True,0.2,0.18899535598871856,-0.9280487128445157,-0.5301446051167964,0.9280487128445157,0.13872558658763814,True,True,True,True,,-1,nan
8,11,1,1-2-3-4,1,3,1,2.5,3.5,1.0,0,7,8,1.0,PREREGISTERED_PRIMARY_ANALYSIS_COMPLETED,True,0.3,0.2834930339830778,-0.9093838177313914,-0.4589543937708565,0.9093838177313917,0.17302107204827918,True,True,True,True,,-1,nan
8,11,1,1-2-3-4,1,3,1,2.5,3.5,1.0,0,7,8,1.0,PREREGISTERED_PRIMARY_ANALYSIS_COMPLETED,True,0.4,0.3779907119774371,-0.8974866273236799,-0.39221357063403783,0.8974866273236799,0.19451775377516597,True,True,True,True,,-1,nan
8,11,2,2-3-4-5,2,2,2,3.5,3.5,0.0,0,7,8,1.0,PREREGISTERED_PRIMARY_ANALYSIS_COMPLETED,True,0.05,0.04724883899717964,-0.4406194570002291,-0.37619577308120133,0.44061945700022864,0.8058544941128232,True,False,False,False,,-1,nan
8,11,2,2-3-4-5,2,2,2,3.5,3.5,0.0,0,7,8,1.0,PREREGISTERED_PRIMARY_ANALYSIS_COMPLETED,True,0.1,0.09449767799435928,-0.3906316680310664,-0.5150166852057843,0.39063166803106636,0.8474068999312666,True,False,False,False,,-1,nan
8,11,2,2-3-4-5,2,2,2,3.5,3.5,0.0,0,7,8,1.0,PREREGISTERED_PRIMARY_ANALYSIS_COMPLETED,True,0.2,0.18899535598871856,-0.5679027495999409,-0.5305895439377085,0.5679027495999407,0.6774864669968269,True,False,False,False,,-1,nan
8,11,2,2-3-4-5,2,2,2,3.5,3.5,0.0,0,7,8,1.0,PREREGISTERED_PRIMARY_ANALYSIS_COMPLETED,True,0.3,0.2834930339830778,-0.7031855304852396,-0.4838709677419355,0.7031855304852395,0.5055301097161922,True,False,False,False,,-1,nan
8,11,2,2-3-4-5,2,2,2,3.5,3.5,0.0,0,7,8,1.0,PREREGISTERED_PRIMARY_ANALYSIS_COMPLETED,True,0.4,0.3779907119774371,-0.7557730184480747,-0.5385984427141268,0.7557730184480752,0.42880714458588554,True,False,False,False,,-1,nan
8,11,3,3-4-5-6,3,1,1,4.5,3.5,1.0,0,7,8,1.0,PREREGISTERED_PRIMARY_ANALYSIS_COMPLETED,True,0.05,0.04724883899717964,-0.9829426908058981,0.006006674082313682,0.9829426908058986,0.0338236665912604,True,True,True,True,,-1,nan
8,11,3,3-4-5-6,3,1,1,4.5,3.5,1.0,0,7,8,1.0,PREREGISTERED_PRIMARY_ANALYSIS_COMPLETED,True,0.1,0.09449767799435928,-0.9565261426236207,-0.16840934371523916,0.9565261426236202,0.08505773847757778,True,True,True,True,,-1,nan
8,11,3,3-4-5-6,3,1,1,4.5,3.5,1.0,0,7,8,1.0,PREREGISTERED_PRIMARY_ANALYSIS_COMPLETED,True,0.2,0.18899535598871856,-0.9280487128428221,-0.5301446051167964,0.9280487128428224,0.13872558659078033,True,True,True,True,,-1,nan
8,11,3,3-4-5-6,3,1,1,4.5,3.5,1.0,0,7,8,1.0,PREREGISTERED_PRIMARY_ANALYSIS_COMPLETED,True,0.3,0.2834930339830778,-0.909383817730803,-0.4589543937708565,0.9093838177308036,0.17302107204934955,True,True,True,True,,-1,nan
8,11,3,3-4-5-6,3,1,1,4.5,3.5,1.0,0,7,8,1.0,PREREGISTERED_PRIMARY_ANALYSIS_COMPLETED,True,0.4,0.3779907119774371,-0.8974866273237329,-0.39221357063403783,0.8974866273237327,0.19451775377507138,True,True,True,True,,-1,nan
8,11,4,4-5-6-7,4,0,0,5.5,3.5,2.0,0,7,8,1.0,PREREGISTERED_PRIMARY_ANALYSIS_COMPLETED,True,0.05,0.04724883899717964,-0.7638879860986336,-0.8625139043381533,0.7638879860986337,0.41647514469417335,True,False,False,False,,-1,nan
8,11,4,4-5-6-7,4,0,0,5.5,3.5,2.0,0,7,8,1.0,PREREGISTERED_PRIMARY_ANALYSIS_COMPLETED,True,0.1,0.09449767799435928,-0.5262217793558152,-0.8869855394883204,0.5262217793558152,0.7230906389315999,True,False,False,False,,-1,nan
8,11,4,4-5-6-7,4,0,0,5.5,3.5,2.0,0,7,8,1.0,PREREGISTERED_PRIMARY_ANALYSIS_COMPLETED,True,0.2,0.18899535598871856,-0.5100656243562316,-0.8905450500556173,0.5100656243562316,0.7398330588500875,True,False,False,False,,-1,nan
8,11,4,4-5-6-7,4,0,0,5.5,3.5,2.0,0,7,8,1.0,PREREGISTERED_PRIMARY_ANALYSIS_COMPLETED,True,0.3,0.2834930339830778,-0.47955947981571095,-0.8389321468298109,0.47955947981571073,0.7700227053188846,True,False,False,False,,-1,nan
8,11,4,4-5-6-7,4,0,0,5.5,3.5,2.0,0,7,8,1.0,PREREGISTERED_PRIMARY_ANALYSIS_COMPLETED,True,0.4,0.3779907119774371,-0.40062225703364945,-0.7566184649610679,0.4006222570336497,0.8395018071692646,True,False,False,False,,-1,nan
8,12,0,0-1-2-3,0,4,0,1.5,3.5,2.0,0,7,8,1.0,PREREGISTERED_PRIMARY_ANALYSIS_COMPLETED,True,0.05,0.04724883899717964,-0.9658947420514817,-0.7819799777530589,0.9658947420514816,0.06704734727730162,True,True,True,True,,-1,nan
8,12,0,0-1-2-3,0,4,0,1.5,3.5,2.0,0,7,8,1.0,PREREGISTERED_PRIMARY_ANALYSIS_COMPLETED,True,0.1,0.09449767799435928,-0.8162641647390664,-0.8398220244716351,0.816264164739066,0.3337128133628344,True,True,False,False,,-1,nan
8,12,0,0-1-2-3,0,4,0,1.5,3.5,2.0,0,7,8,1.0,PREREGISTERED_PRIMARY_ANALYSIS_COMPLETED,True,0.2,0.18899535598871856,-0.534083386381365,-0.7134593993325918,0.5340833863813648,0.714754936391414,True,False,False,False,,-1,nan
8,12,0,0-1-2-3,0,4,0,1.5,3.5,2.0,0,7,8,1.0,PREREGISTERED_PRIMARY_ANALYSIS_COMPLETED,True,0.3,0.2834930339830778,-0.25625752599531537,-0.45984427141268075,0.2562575259953154,0.9343320803707602,True,False,False,False,,-1,nan
8,12,0,0-1-2-3,0,4,0,1.5,3.5,2.0,0,7,8,1.0,PREREGISTERED_PRIMARY_ANALYSIS_COMPLETED,True,0.4,0.3779907119774371,-0.05607379956056427,-0.2667408231368187,0.056073799560564304,0.996855729002842,True,False,False,False,,-1,nan
8,12,1,1-2-3-4,1,3,1,2.5,3.5,1.0,0,7,8,1.0,PREREGISTERED_PRIMARY_ANALYSIS_COMPLETED,True,0.05,0.04724883899717964,-0.2722583857831681,-0.11190211345939934,0.272258385783168,0.9258753713707436,True,False,False,False,,-1,nan
8,12,1,1-2-3-4,1,3,1,2.5,3.5,1.0,0,7,8,1.0,PREREGISTERED_PRIMARY_ANALYSIS_COMPLETED,True,0.1,0.09449767799435928,-0.11266571064393292,-0.40289210233592887,0.11266571064393292,0.9873064376450974,True,False,False,False,,-1,nan
8,12,1,1-2-3-4,1,3,1,2.5,3.5,1.0,0,7,8,1.0,PREREGISTERED_PRIMARY_ANALYSIS_COMPLETED,True,0.2,0.18899535598871856,-0.0736521951092753,-0.7357063403781979,0.07365219510927531,0.9945753541555852,True,False,False,False,,-1,nan
8,12,1,1-2-3-4,1,3,1,2.5,3.5,1.0,0,7,8,1.0,PREREGISTERED_PRIMARY_ANALYSIS_COMPLETED,True,0.3,0.2834930339830778,0.022748451980784113,-0.6453837597330366,-0.022748451980784123,0.9994825079324777,False,False,False,False,,-1,nan
8,12,1,1-2-3-4,1,3,1,2.5,3.5,1.0,0,7,8,1.0,PREREGISTERED_PRIMARY_ANALYSIS_COMPLETED,True,0.4,0.3779907119774371,0.11914664701969281,-0.4767519466073415,-0.11914664701969276,0.9858040765039645,False,False,False,False,,-1,nan
8,12,2,2-3-4-5,2,2,2,3.5,3.5,0.0,0,7,8,1.0,PREREGISTERED_PRIMARY_ANALYSIS_COMPLETED,True,0.05,0.04724883899717964,-0.03786888985934098,-0.6031145717463848,0.037868889859340976,0.9985659471808209,True,False,False,False,,-1,nan
8,12,2,2-3-4-5,2,2,2,3.5,3.5,0.0,0,7,8,1.0,PREREGISTERED_PRIMARY_ANALYSIS_COMPLETED,True,0.1,0.09449767799435928,-0.007407128772931323,-0.41401557285873186,0.007407128772931325,0.9999451344433412,True,False,False,False,,-1,nan
8,12,2,2-3-4-5,2,2,2,3.5,3.5,0.0,0,7,8,1.0,PREREGISTERED_PRIMARY_ANALYSIS_COMPLETED,True,0.2,0.18899535598871856,0.08429498974322486,-0.07808676307007786,-0.08429498974322484,0.9928943547041899,False,False,False,False,,-1,nan
8,12,2,2-3-4-5,2,2,2,3.5,3.5,0.0,0,7,8,1.0,PREREGISTERED_PRIMARY_ANALYSIS_COMPLETED,True,0.3,0.2834930339830778,0.2515030548932161,0.07274749721913237,-0.25150305489321606,0.9367462133793801,False,False,False,False,,-1,nan
8,12,2,2-3-4-5,2,2,2,3.5,3.5,0.0,0,7,8,1.0,PREREGISTERED_PRIMARY_ANALYSIS_COMPLETED,True,0.4,0.3779907119774371,0.35361994921178025,0.1096774193548387,-0.35361994921178014,0.8749529315194583,False,False,False,False,,-1,nan
8,12,3,3-4-5-6,3,1,1,4.5,3.5,1.0,0,7,8,1.0,PREREGISTERED_PRIMARY_ANALYSIS_COMPLETED,True,0.05,0.04724883899717964,-0.2722583858041813,-0.11190211345939934,0.27225838580418127,0.9258753713593013,True,False,False,False,,-1,nan
8,12,3,3-4-5-6,3,1,1,4.5,3.5,1.0,0,7,8,1.0,PREREGISTERED_PRIMARY_ANALYSIS_COMPLETED,True,0.1,0.09449767799435928,-0.11266571064690228,-0.40289210233592887,0.11266571064690226,0.9873064376444284,True,False,False,False,,-1,nan
8,12,3,3-4-5-6,3,1,1,4.5,3.5,1.0,0,7,8,1.0,PREREGISTERED_PRIMARY_ANALYSIS_COMPLETED,True,0.2,0.18899535598871856,-0.07365219510932774,-0.7357063403781979,0.07365219510932777,0.9945753541555774,True,False,False,False,,-1,nan
8,12,3,3-4-5-6,3,1,1,4.5,3.5,1.0,0,7,8,1.0,PREREGISTERED_PRIMARY_ANALYSIS_COMPLETED,True,0.3,0.2834930339830778,0.022748451980233484,-0.6453837597330366,-0.02274845198023349,0.9994825079325032,False,False,False,False,,-1,nan
8,12,3,3-4-5-6,3,1,1,4.5,3.5,1.0,0,7,8,1.0,PREREGISTERED_PRIMARY_ANALYSIS_COMPLETED,True,0.4,0.3779907119774371,0.11914664701896181,-0.4767519466073415,-0.11914664701896187,0.9858040765041388,False,False,False,False,,-1,nan
8,12,4,4-5-6-7,4,0,0,5.5,3.5,2.0,0,7,8,1.0,PREREGISTERED_PRIMARY_ANALYSIS_COMPLETED,True,0.05,0.04724883899717964,-0.9658947420529455,-0.7819799777530589,0.9658947420529459,0.06704734727447395,True,True,True,True,,-1,nan
8,12,4,4-5-6-7,4,0,0,5.5,3.5,2.0,0,7,8,1.0,PREREGISTERED_PRIMARY_ANALYSIS_COMPLETED,True,0.1,0.09449767799435928,-0.8162641647328747,-0.8398220244716351,0.8162641647328744,0.33371281337294323,True,True,False,False,,-1,nan
8,12,4,4-5-6-7,4,0,0,5.5,3.5,2.0,0,7,8,1.0,PREREGISTERED_PRIMARY_ANALYSIS_COMPLETED,True,0.2,0.18899535598871856,-0.5340833863767779,-0.7134593993325918,0.5340833863767779,0.7147549363963134,True,False,False,False,,-1,nan
8,12,4,4-5-6-7,4,0,0,5.5,3.5,2.0,0,7,8,1.0,PREREGISTERED_PRIMARY_ANALYSIS_COMPLETED,True,0.3,0.2834930339830778,-0.2562575259933328,-0.45984427141268075,0.2562575259933328,0.9343320803717763,True,False,False,False,,-1,nan
8,12,4,4-5-6-7,4,0,0,5.5,3.5,2.0,0,7,8,1.0,PREREGISTERED_PRIMARY_ANALYSIS_COMPLETED,True,0.4,0.3779907119774371,-0.05607379955987004,-0.2667408231368187,0.05607379955987003,0.9968557290029194,True,False,False,False,,-1,nan
10,1,0,0-1-2-3,0,6,0,1.5,4.5,3.0,0,4,5,0.5,MODULAR_SECTOR_UNDEFINED_RANK_DEFICIENT,False,0.05,0.04724883899717964,nan,nan,nan,nan,,,,,POSITIVITY_GATE_FAIL,0,0.0
10,1,0,0-1-2-3,0,6,0,1.5,4.5,3.0,0,4,5,0.5,MODULAR_SECTOR_UNDEFINED_RANK_DEFICIENT,False,0.1,0.09449767799435928,nan,nan,nan,nan,,,,,POSITIVITY_GATE_FAIL,0,0.0
10,1,0,0-1-2-3,0,6,0,1.5,4.5,3.0,0,4,5,0.5,MODULAR_SECTOR_UNDEFINED_RANK_DEFICIENT,False,0.2,0.18899535598871856,nan,nan,nan,nan,,,,,POSITIVITY_GATE_FAIL,0,0.0
10,1,0,0-1-2-3,0,6,0,1.5,4.5,3.0,0,4,5,0.5,MODULAR_SECTOR_UNDEFINED_RANK_DEFICIENT,False,0.3,0.2834930339830778,nan,nan,nan,nan,,,,,POSITIVITY_GATE_FAIL,0,0.0
10,1,0,0-1-2-3,0,6,0,1.5,4.5,3.0,0,4,5,0.5,MODULAR_SECTOR_UNDEFINED_RANK_DEFICIENT,False,0.4,0.3779907119774371,nan,nan,nan,nan,,,,,POSITIVITY_GATE_FAIL,0,0.0
10,1,1,1-2-3-4,1,5,1,2.5,4.5,2.0,0,5,6,0.6,MODULAR_SECTOR_UNDEFINED_RANK_DEFICIENT,False,0.05,0.04724883899717964,nan,nan,nan,nan,,,,,POSITIVITY_GATE_FAIL,0,0.0
10,1,1,1-2-3-4,1,5,1,2.5,4.5,2.0,0,5,6,0.6,MODULAR_SECTOR_UNDEFINED_RANK_DEFICIENT,False,0.1,0.09449767799435928,nan,nan,nan,nan,,,,,POSITIVITY_GATE_FAIL,0,0.0
10,1,1,1-2-3-4,1,5,1,2.5,4.5,2.0,0,5,6,0.6,MODULAR_SECTOR_UNDEFINED_RANK_DEFICIENT,False,0.2,0.18899535598871856,nan,nan,nan,nan,,,,,POSITIVITY_GATE_FAIL,0,0.0
10,1,1,1-2-3-4,1,5,1,2.5,4.5,2.0,0,5,6,0.6,MODULAR_SECTOR_UNDEFINED_RANK_DEFICIENT,False,0.3,0.2834930339830778,nan,nan,nan,nan,,,,,POSITIVITY_GATE_FAIL,0,0.0
10,1,1,1-2-3-4,1,5,1,2.5,4.5,2.0,0,5,6,0.6,MODULAR_SECTOR_UNDEFINED_RANK_DEFICIENT,False,0.4,0.3779907119774371,nan,nan,nan,nan,,,,,POSITIVITY_GATE_FAIL,0,0.0
10,1,2,2-3-4-5,2,4,2,3.5,4.5,1.0,1,6,6,0.6,MODULAR_SECTOR_UNDEFINED_RANK_DEFICIENT,False,0.05,0.04724883899717964,nan,nan,nan,nan,,,,,POSITIVITY_GATE_FAIL,0,0.0
10,1,2,2-3-4-5,2,4,2,3.5,4.5,1.0,1,6,6,0.6,MODULAR_SECTOR_UNDEFINED_RANK_DEFICIENT,False,0.1,0.09449767799435928,nan,nan,nan,nan,,,,,POSITIVITY_GATE_FAIL,0,0.0
10,1,2,2-3-4-5,2,4,2,3.5,4.5,1.0,1,6,6,0.6,MODULAR_SECTOR_UNDEFINED_RANK_DEFICIENT,False,0.2,0.18899535598871856,nan,nan,nan,nan,,,,,POSITIVITY_GATE_FAIL,0,0.0
10,1,2,2-3-4-5,2,4,2,3.5,4.5,1.0,1,6,6,0.6,MODULAR_SECTOR_UNDEFINED_RANK_DEFICIENT,False,0.3,0.2834930339830778,nan,nan,nan,nan,,,,,POSITIVITY_GATE_FAIL,0,0.0
10,1,2,2-3-4-5,2,4,2,3.5,4.5,1.0,1,6,6,0.6,MODULAR_SECTOR_UNDEFINED_RANK_DEFICIENT,False,0.4,0.3779907119774371,nan,nan,nan,nan,,,,,POSITIVITY_GATE_FAIL,0,0.0
10,1,3,3-4-5-6,3,3,3,4.5,4.5,0.0,2,7,6,0.6,MODULAR_SECTOR_UNDEFINED_RANK_DEFICIENT,False,0.05,0.04724883899717964,nan,nan,nan,nan,,,,,POSITIVITY_GATE_FAIL,0,0.0
10,1,3,3-4-5-6,3,3,3,4.5,4.5,0.0,2,7,6,0.6,MODULAR_SECTOR_UNDEFINED_RANK_DEFICIENT,False,0.1,0.09449767799435928,nan,nan,nan,nan,,,,,POSITIVITY_GATE_FAIL,0,0.0
10,1,3,3-4-5-6,3,3,3,4.5,4.5,0.0,2,7,6,0.6,MODULAR_SECTOR_UNDEFINED_RANK_DEFICIENT,False,0.2,0.18899535598871856,nan,nan,nan,nan,,,,,POSITIVITY_GATE_FAIL,0,0.0
10,1,3,3-4-5-6,3,3,3,4.5,4.5,0.0,2,7,6,0.6,MODULAR_SECTOR_UNDEFINED_RANK_DEFICIENT,False,0.3,0.2834930339830778,nan,nan,nan,nan,,,,,POSITIVITY_GATE_FAIL,0,0.0
10,1,3,3-4-5-6,3,3,3,4.5,4.5,0.0,2,7,6,0.6,MODULAR_SECTOR_UNDEFINED_RANK_DEFICIENT,False,0.4,0.3779907119774371,nan,nan,nan,nan,,,,,POSITIVITY_GATE_FAIL,0,0.0
10,1,4,4-5-6-7,4,2,2,5.5,4.5,1.0,3,8,6,0.6,MODULAR_SECTOR_UNDEFINED_RANK_DEFICIENT,False,0.05,0.04724883899717964,nan,nan,nan,nan,,,,,POSITIVITY_GATE_FAIL,0,0.0
10,1,4,4-5-6-7,4,2,2,5.5,4.5,1.0,3,8,6,0.6,MODULAR_SECTOR_UNDEFINED_RANK_DEFICIENT,False,0.1,0.09449767799435928,nan,nan,nan,nan,,,,,POSITIVITY_GATE_FAIL,0,0.0
10,1,4,4-5-6-7,4,2,2,5.5,4.5,1.0,3,8,6,0.6,MODULAR_SECTOR_UNDEFINED_RANK_DEFICIENT,False,0.2,0.18899535598871856,nan,nan,nan,nan,,,,,POSITIVITY_GATE_FAIL,0,0.0
10,1,4,4-5-6-7,4,2,2,5.5,4.5,1.0,3,8,6,0.6,MODULAR_SECTOR_UNDEFINED_RANK_DEFICIENT,False,0.3,0.2834930339830778,nan,nan,nan,nan,,,,,POSITIVITY_GATE_FAIL,0,0.0
10,1,4,4-5-6-7,4,2,2,5.5,4.5,1.0,3,8,6,0.6,MODULAR_SECTOR_UNDEFINED_RANK_DEFICIENT,False,0.4,0.3779907119774371,nan,nan,nan,nan,,,,,POSITIVITY_GATE_FAIL,0,0.0
10,1,5,5-6-7-8,5,1,1,6.5,4.5,2.0,4,9,6,0.6,MODULAR_SECTOR_UNDEFINED_RANK_DEFICIENT,False,0.05,0.04724883899717964,nan,nan,nan,nan,,,,,POSITIVITY_GATE_FAIL,0,0.0
10,1,5,5-6-7-8,5,1,1,6.5,4.5,2.0,4,9,6,0.6,MODULAR_SECTOR_UNDEFINED_RANK_DEFICIENT,False,0.1,0.09449767799435928,nan,nan,nan,nan,,,,,POSITIVITY_GATE_FAIL,0,0.0
10,1,5,5-6-7-8,5,1,1,6.5,4.5,2.0,4,9,6,0.6,MODULAR_SECTOR_UNDEFINED_RANK_DEFICIENT,False,0.2,0.18899535598871856,nan,nan,nan,nan,,,,,POSITIVITY_GATE_FAIL,0,0.0
10,1,5,5-6-7-8,5,1,1,6.5,4.5,2.0,4,9,6,0.6,MODULAR_SECTOR_UNDEFINED_RANK_DEFICIENT,False,0.3,0.2834930339830778,nan,nan,nan,nan,,,,,POSITIVITY_GATE_FAIL,0,0.0
10,1,5,5-6-7-8,5,1,1,6.5,4.5,2.0,4,9,6,0.6,MODULAR_SECTOR_UNDEFINED_RANK_DEFICIENT,False,0.4,0.3779907119774371,nan,nan,nan,nan,,,,,POSITIVITY_GATE_FAIL,0,0.0
10,1,6,6-7-8-9,6,0,0,7.5,4.5,3.0,5,9,5,0.5,MODULAR_SECTOR_UNDEFINED_RANK_DEFICIENT,False,0.05,0.04724883899717964,nan,nan,nan,nan,,,,,POSITIVITY_GATE_FAIL,0,0.0
10,1,6,6-7-8-9,6,0,0,7.5,4.5,3.0,5,9,5,0.5,MODULAR_SECTOR_UNDEFINED_RANK_DEFICIENT,False,0.1,0.09449767799435928,nan,nan,nan,nan,,,,,POSITIVITY_GATE_FAIL,0,0.0
10,1,6,6-7-8-9,6,0,0,7.5,4.5,3.0,5,9,5,0.5,MODULAR_SECTOR_UNDEFINED_RANK_DEFICIENT,False,0.2,0.18899535598871856,nan,nan,nan,nan,,,,,POSITIVITY_GATE_FAIL,0,0.0
10,1,6,6-7-8-9,6,0,0,7.5,4.5,3.0,5,9,5,0.5,MODULAR_SECTOR_UNDEFINED_RANK_DEFICIENT,False,0.3,0.2834930339830778,nan,nan,nan,nan,,,,,POSITIVITY_GATE_FAIL,0,0.0
10,1,6,6-7-8-9,6,0,0,7.5,4.5,3.0,5,9,5,0.5,MODULAR_SECTOR_UNDEFINED_RANK_DEFICIENT,False,0.4,0.3779907119774371,nan,nan,nan,nan,,,,,POSITIVITY_GATE_FAIL,0,0.0
10,2,0,0-1-2-3,0,6,0,1.5,4.5,3.0,0,5,6,0.6,MODULAR_SECTOR_UNDEFINED_RANK_DEFICIENT,False,0.05,0.04724883899717964,nan,nan,nan,nan,,,,,POSITIVITY_GATE_FAIL,0,0.0
10,2,0,0-1-2-3,0,6,0,1.5,4.5,3.0,0,5,6,0.6,MODULAR_SECTOR_UNDEFINED_RANK_DEFICIENT,False,0.1,0.09449767799435928,nan,nan,nan,nan,,,,,POSITIVITY_GATE_FAIL,0,0.0
10,2,0,0-1-2-3,0,6,0,1.5,4.5,3.0,0,5,6,0.6,MODULAR_SECTOR_UNDEFINED_RANK_DEFICIENT,False,0.2,0.18899535598871856,nan,nan,nan,nan,,,,,POSITIVITY_GATE_FAIL,0,0.0
10,2,0,0-1-2-3,0,6,0,1.5,4.5,3.0,0,5,6,0.6,MODULAR_SECTOR_UNDEFINED_RANK_DEFICIENT,False,0.3,0.2834930339830778,nan,nan,nan,nan,,,,,POSITIVITY_GATE_FAIL,0,0.0
10,2,0,0-1-2-3,0,6,0,1.5,4.5,3.0,0,5,6,0.6,MODULAR_SECTOR_UNDEFINED_RANK_DEFICIENT,False,0.4,0.3779907119774371,nan,nan,nan,nan,,,,,POSITIVITY_GATE_FAIL,0,0.0
10,2,1,1-2-3-4,1,5,1,2.5,4.5,2.0,0,6,7,0.7,PREREGISTERED_PRIMARY_ANALYSIS_COMPLETED,True,0.05,0.04724883899717964,0.35873254136212185,-0.43670745272525024,-0.35873254136212207,0.8713109637678734,False,False,False,False,,-1,nan
10,2,1,1-2-3-4,1,5,1,2.5,4.5,2.0,0,6,7,0.7,PREREGISTERED_PRIMARY_ANALYSIS_COMPLETED,True,0.1,0.09449767799435928,0.20617643798191376,-0.5835372636262514,-0.20617643798191368,0.9574912764210897,False,False,False,False,,-1,nan
10,2,1,1-2-3-4,1,5,1,2.5,4.5,2.0,0,6,7,0.7,PREREGISTERED_PRIMARY_ANALYSIS_COMPLETED,True,0.2,0.18899535598871856,0.1327149457415814,-0.6720800889877642,-0.13271494574158132,0.982386743176809,False,False,False,False,,-1,nan
10,2,1,1-2-3-4,1,5,1,2.5,4.5,2.0,0,6,7,0.7,PREREGISTERED_PRIMARY_ANALYSIS_COMPLETED,True,0.3,0.2834930339830778,0.14450078040507133,-0.5848720800889877,-0.14450078040507144,0.9791195244623254,False,False,False,False,,-1,nan
10,2,1,1-2-3-4,1,5,1,2.5,4.5,2.0,0,6,7,0.7,PREREGISTERED_PRIMARY_ANALYSIS_COMPLETED,True,0.4,0.3779907119774371,0.19761257455654613,-0.3045606229143492,-0.19761257455654616,0.9609492703771331,False,False,False,False,,-1,nan
10,2,2,2-3-4-5,2,4,2,3.5,4.5,1.0,0,7,8,0.8,PREREGISTERED_PRIMARY_ANALYSIS_COMPLETED,True,0.05,0.04724883899717964,0.29199228642439196,-0.47897664071190205,-0.2919922864243921,0.9147405046686558,False,False,False,False,,-1,nan
10,2,2,2-3-4-5,2,4,2,3.5,4.5,1.0,0,7,8,0.8,PREREGISTERED_PRIMARY_ANALYSIS_COMPLETED,True,0.1,0.09449767799435928,0.13907530009148636,-0.6013348164627365,-0.13907530009148633,0.9806580609044632,False,False,False,False,,-1,nan
10,2,2,2-3-4-5,2,4,2,3.5,4.5,1.0,0,7,8,0.8,PREREGISTERED_PRIMARY_ANALYSIS_COMPLETED,True,0.2,0.18899535598871856,0.03071648695075039,-0.7032258064516129,-0.030716486950750427,0.9990564974294045,False,False,False,False,,-1,nan
10,2,2,2-3-4-5,2,4,2,3.5,4.5,1.0,0,7,8,0.8,PREREGISTERED_PRIMARY_ANALYSIS_COMPLETED,True,0.3,0.2834930339830778,0.010885422359933353,-0.7299221357063403,-0.010885422359933332,0.9998815075800457,False,False,False,False,,-1,nan
10,2,2,2-3-4-5,2,4,2,3.5,4.5,1.0,0,7,8,0.8,PREREGISTERED_PRIMARY_ANALYSIS_COMPLETED,True,0.4,0.3779907119774371,0.04165401451122264,-0.7027808676307008,-0.0416540145112226,0.9982649430750993,False,False,False,False,,-1,nan
10,2,3,3-4-5-6,3,3,3,4.5,4.5,0.0,1,8,8,0.8,PREREGISTERED_PRIMARY_ANALYSIS_COMPLETED,True,0.05,0.04724883899717964,0.29199228607608885,-0.47897664071190205,-0.29199228607608896,0.9147405048720597,False,False,False,False,,-1,nan
10,2,3,3-4-5-6,3,3,3,4.5,4.5,0.0,1,8,8,0.8,PREREGISTERED_PRIMARY_ANALYSIS_COMPLETED,True,0.1,0.09449767799435928,0.13907530001395177,-0.6013348164627365,-0.13907530001395169,0.9806580609260294,False,False,False,False,,-1,nan
10,2,3,3-4-5-6,3,3,3,4.5,4.5,0.0,1,8,8,0.8,PREREGISTERED_PRIMARY_ANALYSIS_COMPLETED,True,0.2,0.18899535598871856,0.030716486932462816,-0.7032258064516129,-0.03071648693246285,0.9990564974305278,False,False,False,False,,-1,nan
10,2,3,3-4-5-6,3,3,3,4.5,4.5,0.0,1,8,8,0.8,PREREGISTERED_PRIMARY_ANALYSIS_COMPLETED,True,0.3,0.2834930339830778,0.010885422346062438,-0.7299221357063403,-0.010885422346062419,0.999881507580348,False,False,False,False,,-1,nan
10,2,3,3-4-5-6,3,3,3,4.5,4.5,0.0,1,8,8,0.8,PREREGISTERED_PRIMARY_ANALYSIS_COMPLETED,True,0.4,0.3779907119774371,0.041654014494957876,-0.7027808676307008,-0.041654014494957856,0.9982649430764534,False,False,False,False,,-1,nan
10,2,4,4-5-6-7,4,2,2,5.5,4.5,1.0,2,9,8,0.8,PREREGISTERED_PRIMARY_ANALYSIS_COMPLETED,True,0.05,0.04724883899717964,0.2919922864531666,-0.47897664071190205,-0.29199228645316677,0.9147405046518519,False,False,False,False,,-1,nan
10,2,4,4-5-6-7,4,2,2,5.5,4.5,1.0,2,9,8,0.8,PREREGISTERED_PRIMARY_ANALYSIS_COMPLETED,True,0.1,0.09449767799435928,0.1390753000986956,-0.6013348164627365,-0.13907530009869548,0.9806580609024576,False,False,False,False,,-1,nan
10,2,4,4-5-6-7,4,2,2,5.5,4.5,1.0,2,9,8,0.8,PREREGISTERED_PRIMARY_ANALYSIS_COMPLETED,True,0.2,0.18899535598871856,0.03071648695262577,-0.7032258064516129,-0.030716486952625816,0.9990564974292891,False,False,False,False,,-1,nan
10,2,4,4-5-6-7,4,2,2,5.5,4.5,1.0,2,9,8,0.8,PREREGISTERED_PRIMARY_ANALYSIS_COMPLETED,True,0.3,0.2834930339830778,0.010885422361470809,-0.7299221357063403,-0.010885422361470783,0.9998815075800126,False,False,False,False,,-1,nan
10,2,4,4-5-6-7,4,2,2,5.5,4.5,1.0,2,9,8,0.8,PREREGISTERED_PRIMARY_ANALYSIS_COMPLETED,True,0.4,0.3779907119774371,0.04165401451332093,-0.7027808676307008,-0.041654014513320875,0.9982649430749243,False,False,False,False,,-1,nan
10,2,5,5-6-7-8,5,1,1,6.5,4.5,2.0,3,9,7,0.7,PREREGISTERED_PRIMARY_ANALYSIS_COMPLETED,True,0.05,0.04724883899717964,0.35873254127750637,-0.43670745272525024,-0.3587325412775064,0.8713109638285821,False,False,False,False,,-1,nan
10,2,5,5-6-7-8,5,1,1,6.5,4.5,2.0,3,9,7,0.7,PREREGISTERED_PRIMARY_ANALYSIS_COMPLETED,True,0.1,0.09449767799435928,0.20617643796288465,-0.5835372636262514,-0.20617643796288465,0.9574912764289364,False,False,False,False,,-1,nan
10,2,5,5-6-7-8,5,1,1,6.5,4.5,2.0,3,9,7,0.7,PREREGISTERED_PRIMARY_ANALYSIS_COMPLETED,True,0.2,0.18899535598871856,0.13271494573468987,-0.6720800889877642,-0.13271494573468984,0.9823867431786382,False,False,False,False,,-1,nan
10,2,5,5-6-7-8,5,1,1,6.5,4.5,2.0,3,9,7,0.7,PREREGISTERED_PRIMARY_ANALYSIS_COMPLETED,True,0.3,0.2834930339830778,0.14450078039946448,-0.5848720800889877,-0.14450078039946443,0.9791195244639456,False,False,False,False,,-1,nan
10,2,5,5-6-7-8,5,1,1,6.5,4.5,2.0,3,9,7,0.7,PREREGISTERED_PRIMARY_ANALYSIS_COMPLETED,True,0.4,0.3779907119774371,0.19761257455073541,-0.3045606229143492,-0.1976125745507354,0.9609492703794298,False,False,False,False,,-1,nan
10,2,6,6-7-8-9,6,0,0,7.5,4.5,3.0,4,9,6,0.6,MODULAR_SECTOR_UNDEFINED_RANK_DEFICIENT,False,0.05,0.04724883899717964,nan,nan,nan,nan,,,,,POSITIVITY_GATE_FAIL,0,0.0
10,2,6,6-7-8-9,6,0,0,7.5,4.5,3.0,4,9,6,0.6,MODULAR_SECTOR_UNDEFINED_RANK_DEFICIENT,False,0.1,0.09449767799435928,nan,nan,nan,nan,,,,,POSITIVITY_GATE_FAIL,0,0.0
10,2,6,6-7-8-9,6,0,0,7.5,4.5,3.0,4,9,6,0.6,MODULAR_SECTOR_UNDEFINED_RANK_DEFICIENT,False,0.2,0.18899535598871856,nan,nan,nan,nan,,,,,POSITIVITY_GATE_FAIL,0,0.0
10,2,6,6-7-8-9,6,0,0,7.5,4.5,3.0,4,9,6,0.6,MODULAR_SECTOR_UNDEFINED_RANK_DEFICIENT,False,0.3,0.2834930339830778,nan,nan,nan,nan,,,,,POSITIVITY_GATE_FAIL,0,0.0
10,2,6,6-7-8-9,6,0,0,7.5,4.5,3.0,4,9,6,0.6,MODULAR_SECTOR_UNDEFINED_RANK_DEFICIENT,False,0.4,0.3779907119774371,nan,nan,nan,nan,,,,,POSITIVITY_GATE_FAIL,0,0.0
10,3,0,0-1-2-3,0,6,0,1.5,4.5,3.0,0,6,7,0.7,PREREGISTERED_PRIMARY_ANALYSIS_COMPLETED,True,0.05,0.04724883899717964,0.9906736538311681,-0.024249165739710785,-0.9906736538311673,0.018565711604804087,False,False,True,False,,-1,nan
10,3,0,0-1-2-3,0,6,0,1.5,4.5,3.0,0,6,7,0.7,PREREGISTERED_PRIMARY_ANALYSIS_COMPLETED,True,0.1,0.09449767799435928,0.9734945754492204,-0.15372636262513903,-0.9734945754492201,0.05230831157094183,False,False,True,False,,-1,nan
10,3,0,0-1-2-3,0,6,0,1.5,4.5,3.0,0,6,7,0.7,PREREGISTERED_PRIMARY_ANALYSIS_COMPLETED,True,0.2,0.18899535598871856,0.9249571625420564,0.015350389321468297,-0.9249571625420558,0.14445424746214833,False,False,True,False,,-1,nan
10,3,0,0-1-2-3,0,6,0,1.5,4.5,3.0,0,6,7,0.7,PREREGISTERED_PRIMARY_ANALYSIS_COMPLETED,True,0.3,0.2834930339830778,0.8824799113646075,0.3890989988876529,-0.8824799113646075,0.2212292060379147,False,False,False,False,,-1,nan
10,3,0,0-1-2-3,0,6,0,1.5,4.5,3.0,0,6,7,0.7,PREREGISTERED_PRIMARY_ANALYSIS_COMPLETED,True,0.4,0.3779907119774371,0.861924002558025,0.6587319243604004,-0.8619240025580244,0.257087013814354,False,False,False,False,,-1,nan
10,3,1,1-2-3-4,1,5,1,2.5,4.5,2.0,0,7,8,0.8,PREREGISTERED_PRIMARY_ANALYSIS_COMPLETED,True,0.05,0.04724883899717964,0.9812448279056613,0.23515016685205786,-0.9812448279056604,0.037158587708390554,False,False,True,False,,-1,nan
10,3,1,1-2-3-4,1,5,1,2.5,4.5,2.0,0,7,8,0.8,PREREGISTERED_PRIMARY_ANALYSIS_COMPLETED,True,0.1,0.09449767799435928,0.9468162369870863,0.0932146829810901,-0.946816236987086,0.10353901337761397,False,False,True,False,,-1,nan
10,3,1,1-2-3-4,1,5,1,2.5,4.5,2.0,0,7,8,0.8,PREREGISTERED_PRIMARY_ANALYSIS_COMPLETED,True,0.2,0.18899535598871856,0.8964702517161586,0.1897664071190211,-0.8964702517161591,0.1963410877879674,False,False,True,False,,-1,nan
10,3,1,1-2-3-4,1,5,1,2.5,4.5,2.0,0,7,8,0.8,PREREGISTERED_PRIMARY_ANALYSIS_COMPLETED,True,0.3,0.2834930339830778,0.8660937781753834,0.37174638487208006,-0.8660937781753829,0.24988156740589085,False,False,False,False,,-1,nan
10,3,1,1-2-3-4,1,5,1,2.5,4.5,2.0,0,7,8,0.8,PREREGISTERED_PRIMARY_ANALYSIS_COMPLETED,True,0.4,0.3779907119774371,0.8563308316108634,0.49499443826473855,-0.8563308316108632,0.26669750683264704,False,False,False,False,,-1,nan
10,3,2,2-3-4-5,2,4,2,3.5,4.5,1.0,0,8,9,0.9,PREREGISTERED_PRIMARY_ANALYSIS_COMPLETED,True,0.05,0.04724883899717964,0.78292377926706,0.1439377085650723,-0.7829237792670604,0.38703035585818374,False,False,False,False,,-1,nan
10,3,2,2-3-4-5,2,4,2,3.5,4.5,1.0,0,8,9,0.9,PREREGISTERED_PRIMARY_ANALYSIS_COMPLETED,True,0.1,0.09449767799435928,0.5728268024650327,0.028253615127919914,-0.5728268024650329,0.6718694543776861,False,False,False,False,,-1,nan
10,3,2,2-3-4-5,2,4,2,3.5,4.5,1.0,0,8,9,0.9,PREREGISTERED_PRIMARY_ANALYSIS_COMPLETED,True,0.2,0.18899535598871856,0.6203510640452933,0.0037819799777530586,-0.620351064045293,0.6151645573378728,False,False,False,False,,-1,nan
10,3,2,2-3-4-5,2,4,2,3.5,4.5,1.0,0,8,9,0.9,PREREGISTERED_PRIMARY_ANALYSIS_COMPLETED,True,0.3,0.2834930339830778,0.7292796789099392,0.033592880978865404,-0.7292796789099394,0.46815114992901574,False,False,False,False,,-1,nan
10,3,2,2-3-4-5,2,4,2,3.5,4.5,1.0,0,8,9,0.9,PREREGISTERED_PRIMARY_ANALYSIS_COMPLETED,True,0.4,0.3779907119774371,0.7793138253136016,0.22803114571746386,-0.7793138253136019,0.3926699616750807,False,False,False,False,,-1,nan
10,3,3,3-4-5-6,3,3,3,4.5,4.5,0.0,0,9,10,1.0,PREREGISTERED_PRIMARY_ANALYSIS_COMPLETED,True,0.05,0.04724883899717964,0.8173197494736919,0.13281423804226916,-0.8173197494736917,0.33198842712026183,False,False,False,False,,-1,nan
10,3,3,3-4-5-6,3,3,3,4.5,4.5,0.0,0,9,10,1.0,PREREGISTERED_PRIMARY_ANALYSIS_COMPLETED,True,0.1,0.09449767799435928,0.6070420467823494,0.02736373748609566,-0.6070420467823495,0.6314999534382956,False,False,False,False,,-1,nan
10,3,3,3-4-5-6,3,3,3,4.5,4.5,0.0,0,9,10,1.0,PREREGISTERED_PRIMARY_ANALYSIS_COMPLETED,True,0.2,0.18899535598871856,0.6304419787745748,0.021134593993325918,-0.6304419787745751,0.6025429113987988,False,False,False,False,,-1,nan
10,3,3,3-4-5-6,3,3,3,4.5,4.5,0.0,0,9,10,1.0,PREREGISTERED_PRIMARY_ANALYSIS_COMPLETED,True,0.3,0.2834930339830778,0.7318967055015221,0.0064516129032258064,-0.7318967055015222,0.46432721247601827,False,False,False,False,,-1,nan
10,3,3,3-4-5-6,3,3,3,4.5,4.5,0.0,0,9,10,1.0,PREREGISTERED_PRIMARY_ANALYSIS_COMPLETED,True,0.4,0.3779907119774371,0.7802744644449833,0.2253615127919911,-0.7802744644449839,0.3911717601350939,False,False,False,False,,-1,nan
10,3,4,4-5-6-7,4,2,2,5.5,4.5,1.0,1,9,9,0.9,PREREGISTERED_PRIMARY_ANALYSIS_COMPLETED,True,0.05,0.04724883899717964,0.7829237792395821,0.1439377085650723,-0.7829237792395813,0.3870303559012107,False,False,False,False,,-1,nan
10,3,4,4-5-6-7,4,2,2,5.5,4.5,1.0,1,9,9,0.9,PREREGISTERED_PRIMARY_ANALYSIS_COMPLETED,True,0.1,0.09449767799435928,0.5728268023943416,0.028253615127919914,-0.5728268023943415,0.6718694544586742,False,False,False,False,,-1,nan
10,3,4,4-5-6-7,4,2,2,5.5,4.5,1.0,1,9,9,0.9,PREREGISTERED_PRIMARY_ANALYSIS_COMPLETED,True,0.2,0.18899535598871856,0.620351063963098,0.0037819799777530586,-0.6203510639630982,0.6151645574398522,False,False,False,False,,-1,nan
10,3,4,4-5-6-7,4,2,2,5.5,4.5,1.0,1,9,9,0.9,PREREGISTERED_PRIMARY_ANALYSIS_COMPLETED,True,0.3,0.2834930339830778,0.7292796788302713,0.033592880978865404,-0.729279678830271,0.46815115004521685,False,False,False,False,,-1,nan
10,3,4,4-5-6-7,4,2,2,5.5,4.5,1.0,1,9,9,0.9,PREREGISTERED_PRIMARY_ANALYSIS_COMPLETED,True,0.4,0.3779907119774371,0.7793138252416341,0.22803114571746386,-0.7793138252416337,0.39266996178725233,False,False,False,False,,-1,nan
10,3,5,5-6-7-8,5,1,1,6.5,4.5,2.0,2,9,8,0.8,PREREGISTERED_PRIMARY_ANALYSIS_COMPLETED,True,0.05,0.04724883899717964,0.9812448278883994,0.23515016685205786,-0.9812448278883987,0.03715858774226623,False,False,True,False,,-1,nan
10,3,5,5-6-7-8,5,1,1,6.5,4.5,2.0,2,9,8,0.8,PREREGISTERED_PRIMARY_ANALYSIS_COMPLETED,True,0.1,0.09449767799435928,0.946816236971788,0.0932146829810901,-0.9468162369717874,0.10353901340658414,False,False,True,False,,-1,nan
10,3,5,5-6-7-8,5,1,1,6.5,4.5,2.0,2,9,8,0.8,PREREGISTERED_PRIMARY_ANALYSIS_COMPLETED,True,0.2,0.18899535598871856,0.8964702517069886,0.1897664071190211,-0.8964702517069887,0.1963410878044082,False,False,True,False,,-1,nan
10,3,5,5-6-7-8,5,1,1,6.5,4.5,2.0,2,9,8,0.8,PREREGISTERED_PRIMARY_ANALYSIS_COMPLETED,True,0.3,0.2834930339830778,0.8660937781691298,0.37174638487208006,-0.86609377816913,0.24988156741672213,False,False,False,False,,-1,nan
10,3,5,5-6-7-8,5,1,1,6.5,4.5,2.0,2,9,8,0.8,PREREGISTERED_PRIMARY_ANALYSIS_COMPLETED,True,0.4,0.3779907119774371,0.8563308316059831,0.49499443826473855,-0.8563308316059828,0.26669750684100524,False,False,False,False,,-1,nan
10,3,6,6-7-8-9,6,0,0,7.5,4.5,3.0,3,9,7,0.7,PREREGISTERED_PRIMARY_ANALYSIS_COMPLETED,True,0.05,0.04724883899717964,0.9906736538316844,-0.024249165739710785,-0.9906736538316842,0.018565711603780514,False,False,True,False,,-1,nan
10,3,6,6-7-8-9,6,0,0,7.5,4.5,3.0,3,9,7,0.7,PREREGISTERED_PRIMARY_ANALYSIS_COMPLETED,True,0.1,0.09449767799435928,0.9734945754489813,-0.15372636262513903,-0.9734945754489814,0.05230831157140813,False,False,True,False,,-1,nan
10,3,6,6-7-8-9,6,0,0,7.5,4.5,3.0,3,9,7,0.7,PREREGISTERED_PRIMARY_ANALYSIS_COMPLETED,True,0.2,0.18899535598871856,0.9249571625408104,0.015350389321468297,-0.924957162540811,0.1444542474644515,False,False,True,False,,-1,nan
10,3,6,6-7-8-9,6,0,0,7.5,4.5,3.0,3,9,7,0.7,PREREGISTERED_PRIMARY_ANALYSIS_COMPLETED,True,0.3,0.2834930339830778,0.8824799113672905,0.3890989988876529,-0.8824799113672909,0.22122920603317875,False,False,False,False,,-1,nan
10,3,6,6-7-8-9,6,0,0,7.5,4.5,3.0,3,9,7,0.7,PREREGISTERED_PRIMARY_ANALYSIS_COMPLETED,True,0.4,0.3779907119774371,0.8619240025652469,0.6587319243604004,-0.8619240025652477,0.2570870138019033,False,False,False,False,,-1,nan
10,4,0,0-1-2-3,0,6,0,1.5,4.5,3.0,0,7,8,0.8,PREREGISTERED_PRIMARY_ANALYSIS_COMPLETED,True,0.05,0.04724883899717964,-0.9644347256123035,-0.6649610678531702,0.9644347256123031,0.06986566003312167,True,True,True,True,,-1,nan
10,4,0,0-1-2-3,0,6,0,1.5,4.5,3.0,0,7,8,0.8,PREREGISTERED_PRIMARY_ANALYSIS_COMPLETED,True,0.1,0.09449767799435928,-0.9707850519634325,-0.6756395995550611,0.9707850519634323,0.057576382884355556,True,True,True,True,,-1,nan
10,4,0,0-1-2-3,0,6,0,1.5,4.5,3.0,0,7,8,0.8,PREREGISTERED_PRIMARY_ANALYSIS_COMPLETED,True,0.2,0.18899535598871856,-0.9849390481833483,-0.8812013348164627,0.9849390481833481,0.029895071363679356,True,True,True,True,,-1,nan
10,4,0,0-1-2-3,0,6,0,1.5,4.5,3.0,0,7,8,0.8,PREREGISTERED_PRIMARY_ANALYSIS_COMPLETED,True,0.3,0.2834930339830778,-0.9890356974230777,-0.9817575083426029,0.9890356974230773,0.021808389222845725,True,True,True,True,,-1,nan
10,4,0,0-1-2-3,0,6,0,1.5,4.5,3.0,0,7,8,0.8,PREREGISTERED_PRIMARY_ANALYSIS_COMPLETED,True,0.4,0.3779907119774371,-0.9910038506676256,-0.9092324805339266,0.9910038506676262,0.017911367961938065,True,True,True,True,,-1,nan
10,4,1,1-2-3-4,1,5,1,2.5,4.5,2.0,0,8,9,0.9,PREREGISTERED_PRIMARY_ANALYSIS_COMPLETED,True,0.05,0.04724883899717964,-0.993086410329006,-0.9555061179087875,0.9930864103290059,0.01377938161984919,True,True,True,True,,-1,nan
10,4,1,1-2-3-4,1,5,1,2.5,4.5,2.0,0,8,9,0.9,PREREGISTERED_PRIMARY_ANALYSIS_COMPLETED,True,0.1,0.09449767799435928,-0.984872285528304,-0.9515016685205783,0.9848722855283043,0.030026581198253983,True,True,True,True,,-1,nan
10,4,1,1-2-3-4,1,5,1,2.5,4.5,2.0,0,8,9,0.9,PREREGISTERED_PRIMARY_ANALYSIS_COMPLETED,True,0.2,0.18899535598871856,-0.9679628027339559,-0.9724137931034482,0.9679628027339561,0.06304801252342436,True,True,True,True,,-1,nan
10,4,1,1-2-3-4,1,5,1,2.5,4.5,2.0,0,8,9,0.9,PREREGISTERED_PRIMARY_ANALYSIS_COMPLETED,True,0.3,0.2834930339830778,-0.9561211112248859,-0.9853170189098998,0.9561211112248861,0.08583242067008985,True,True,True,True,,-1,nan
10,4,1,1-2-3-4,1,5,1,2.5,4.5,2.0,0,8,9,0.9,PREREGISTERED_PRIMARY_ANALYSIS_COMPLETED,True,0.4,0.3779907119774371,-0.9520948905509541,-0.9483870967741934,0.9520948905509542,0.09351531938676697,True,True,True,True,,-1,nan
10,4,2,2-3-4-5,2,4,2,3.5,4.5,1.0,0,9,10,1.0,PREREGISTERED_PRIMARY_ANALYSIS_COMPLETED,True,0.05,0.04724883899717964,0.4054289036145359,-0.22313681868743046,-0.405428903614536,0.8356274041139156,False,False,False,False,,-1,nan
10,4,2,2-3-4-5,2,4,2,3.5,4.5,1.0,0,9,10,1.0,PREREGISTERED_PRIMARY_ANALYSIS_COMPLETED,True,0.1,0.09449767799435928,0.22335300156388446,-0.5092324805339266,-0.2233530015638845,0.9501134366924034,False,False,False,False,,-1,nan
10,4,2,2-3-4-5,2,4,2,3.5,4.5,1.0,0,9,10,1.0,PREREGISTERED_PRIMARY_ANALYSIS_COMPLETED,True,0.2,0.18899535598871856,0.16412857222637192,0.08120133481646273,-0.1641285722263719,0.9730618117789326,False,False,False,False,,-1,nan
10,4,2,2-3-4-5,2,4,2,3.5,4.5,1.0,0,9,10,1.0,PREREGISTERED_PRIMARY_ANALYSIS_COMPLETED,True,0.3,0.2834930339830778,0.2661876104081658,0.35839822024471635,-0.2661876104081657,0.9291441560651905,False,False,False,False,,-1,nan
10,4,2,2-3-4-5,2,4,2,3.5,4.5,1.0,0,9,10,1.0,PREREGISTERED_PRIMARY_ANALYSIS_COMPLETED,True,0.4,0.3779907119774371,0.38374616688870833,0.46785317018909905,-0.3837461668887084,0.8527388793982238,False,False,False,False,,-1,nan
10,4,3,3-4-5-6,3,3,3,4.5,4.5,0.0,0,9,10,1.0,PREREGISTERED_PRIMARY_ANALYSIS_COMPLETED,True,0.05,0.04724883899717964,0.18948484622962042,-0.3414905450500556,-0.1894848462296204,0.9640954930493372,False,False,False,False,,-1,nan
10,4,3,3-4-5-6,3,3,3,4.5,4.5,0.0,0,9,10,1.0,PREREGISTERED_PRIMARY_ANALYSIS_COMPLETED,True,0.1,0.09449767799435928,0.09829923630632484,-0.4896551724137932,-0.09829923630632488,0.9903372601415935,False,False,False,False,,-1,nan
10,4,3,3-4-5-6,3,3,3,4.5,4.5,0.0,0,9,10,1.0,PREREGISTERED_PRIMARY_ANALYSIS_COMPLETED,True,0.2,0.18899535598871856,0.11619797444241343,-0.28231368186874306,-0.1161979744424134,0.9864980307354804,False,False,False,False,,-1,nan
10,4,3,3-4-5-6,3,3,3,4.5,4.5,0.0,0,9,10,1.0,PREREGISTERED_PRIMARY_ANALYSIS_COMPLETED,True,0.3,0.2834930339830778,0.2841076970358032,0.4197997775305895,-0.28410769703580324,0.919282816485012,False,False,False,False,,-1,nan
10,4,3,3-4-5-6,3,3,3,4.5,4.5,0.0,0,9,10,1.0,PREREGISTERED_PRIMARY_ANALYSIS_COMPLETED,True,0.4,0.3779907119774371,0.43054903087185675,0.5506117908787541,-0.43054903087185686,0.8146275320153049,False,False,False,False,,-1,nan
10,4,4,4-5-6-7,4,2,2,5.5,4.5,1.0,0,9,10,1.0,PREREGISTERED_PRIMARY_ANALYSIS_COMPLETED,True,0.05,0.04724883899717964,0.4054289036557507,-0.22313681868743046,-0.4054289036557509,0.8356274040804959,False,False,False,False,,-1,nan
10,4,4,4-5-6-7,4,2,2,5.5,4.5,1.0,0,9,10,1.0,PREREGISTERED_PRIMARY_ANALYSIS_COMPLETED,True,0.1,0.09449767799435928,0.22335300156917076,-0.5092324805339266,-0.22335300156917096,0.950113436690042,False,False,False,False,,-1,nan
10,4,4,4-5-6-7,4,2,2,5.5,4.5,1.0,0,9,10,1.0,PREREGISTERED_PRIMARY_ANALYSIS_COMPLETED,True,0.2,0.18899535598871856,0.16412857222737806,0.08120133481646273,-0.1641285722273781,0.9730618117786023,False,False,False,False,,-1,nan
10,4,4,4-5-6-7,4,2,2,5.5,4.5,1.0,0,9,10,1.0,PREREGISTERED_PRIMARY_ANALYSIS_COMPLETED,True,0.3,0.2834930339830778,0.2661876104094117,0.35839822024471635,-0.26618761040941163,0.9291441560645272,False,False,False,False,,-1,nan
10,4,4,4-5-6-7,4,2,2,5.5,4.5,1.0,0,9,10,1.0,PREREGISTERED_PRIMARY_ANALYSIS_COMPLETED,True,0.4,0.3779907119774371,0.38374616689021623,0.46785317018909905,-0.38374616689021607,0.8527388793970662,False,False,False,False,,-1,nan
10,4,5,5-6-7-8,5,1,1,6.5,4.5,2.0,1,9,9,0.9,PREREGISTERED_PRIMARY_ANALYSIS_COMPLETED,True,0.05,0.04724883899717964,-0.9930864103290388,-0.9555061179087875,0.9930864103290382,0.013779381619784467,True,True,True,True,,-1,nan
10,4,5,5-6-7-8,5,1,1,6.5,4.5,2.0,1,9,9,0.9,PREREGISTERED_PRIMARY_ANALYSIS_COMPLETED,True,0.1,0.09449767799435928,-0.9848722855283322,-0.9515016685205783,0.9848722855283326,0.030026581198198517,True,True,True,True,,-1,nan
10,4,5,5-6-7-8,5,1,1,6.5,4.5,2.0,1,9,9,0.9,PREREGISTERED_PRIMARY_ANALYSIS_COMPLETED,True,0.2,0.18899535598871856,-0.9679628027339672,-0.9724137931034482,0.9679628027339672,0.06304801252340303,True,True,True,True,,-1,nan
10,4,5,5-6-7-8,5,1,1,6.5,4.5,2.0,1,9,9,0.9,PREREGISTERED_PRIMARY_ANALYSIS_COMPLETED,True,0.3,0.2834930339830778,-0.9561211112249022,-0.9853170189098998,0.9561211112249025,0.08583242067005761,True,True,True,True,,-1,nan
10,4,5,5-6-7-8,5,1,1,6.5,4.5,2.0,1,9,9,0.9,PREREGISTERED_PRIMARY_ANALYSIS_COMPLETED,True,0.4,0.3779907119774371,-0.9520948905509804,-0.9483870967741934,0.9520948905509805,0.0935153193867161,True,True,True,True,,-1,nan
10,4,6,6-7-8-9,6,0,0,7.5,4.5,3.0,2,9,8,0.8,PREREGISTERED_PRIMARY_ANALYSIS_COMPLETED,True,0.05,0.04724883899717964,-0.9644347256109439,-0.6649610678531702,0.9644347256109437,0.06986566003574422,True,True,True,True,,-1,nan
10,4,6,6-7-8-9,6,0,0,7.5,4.5,3.0,2,9,8,0.8,PREREGISTERED_PRIMARY_ANALYSIS_COMPLETED,True,0.1,0.09449767799435928,-0.9707850519620678,-0.6756395995550611,0.9707850519620674,0.0575763828870057,True,True,True,True,,-1,nan
10,4,6,6-7-8-9,6,0,0,7.5,4.5,3.0,2,9,8,0.8,PREREGISTERED_PRIMARY_ANALYSIS_COMPLETED,True,0.2,0.18899535598871856,-0.9849390481829166,-0.8812013348164627,0.9849390481829159,0.029895071364531074,True,True,True,True,,-1,nan
10,4,6,6-7-8-9,6,0,0,7.5,4.5,3.0,2,9,8,0.8,PREREGISTERED_PRIMARY_ANALYSIS_COMPLETED,True,0.3,0.2834930339830778,-0.9890356974228789,-0.9817575083426029,0.989035697422879,0.021808389223239674,True,True,True,True,,-1,nan
10,4,6,6-7-8-9,6,0,0,7.5,4.5,3.0,2,9,8,0.8,PREREGISTERED_PRIMARY_ANALYSIS_COMPLETED,True,0.4,0.3779907119774371,-0.9910038506674858,-0.9092324805339266,0.9910038506674856,0.01791136796221528,True,True,True,True,,-1,nan
10,5,0,0-1-2-3,0,6,0,1.5,4.5,3.0,0,8,9,0.9,PREREGISTERED_PRIMARY_ANALYSIS_COMPLETED,True,0.05,0.04724883899717964,0.9717109946583037,-0.2413793103448276,-0.9717109946583034,0.05577774286017036,False,False,True,False,,-1,nan
10,5,0,0-1-2-3,0,6,0,1.5,4.5,3.0,0,8,9,0.9,PREREGISTERED_PRIMARY_ANALYSIS_COMPLETED,True,0.1,0.09449767799435928,0.883226895209504,-0.27608453837597335,-0.8832268952095035,0.21991025157858013,False,False,False,False,,-1,nan
10,5,0,0-1-2-3,0,6,0,1.5,4.5,3.0,0,8,9,0.9,PREREGISTERED_PRIMARY_ANALYSIS_COMPLETED,True,0.2,0.18899535598871856,0.6850474965742357,-0.12747497219132367,-0.6850474965742358,0.5307099274373722,False,False,False,False,,-1,nan
10,5,0,0-1-2-3,0,6,0,1.5,4.5,3.0,0,8,9,0.9,PREREGISTERED_PRIMARY_ANALYSIS_COMPLETED,True,0.3,0.2834930339830778,0.6128924470733179,0.09410456062291435,-0.6128924470733181,0.6243628483204802,False,False,False,False,,-1,nan
10,5,0,0-1-2-3,0,6,0,1.5,4.5,3.0,0,8,9,0.9,PREREGISTERED_PRIMARY_ANALYSIS_COMPLETED,True,0.4,0.3779907119774371,0.6274782307365743,0.40155728587319245,-0.6274782307365744,0.6062710699516984,False,False,False,False,,-1,nan
10,5,1,1-2-3-4,1,5,1,2.5,4.5,2.0,0,9,10,1.0,PREREGISTERED_PRIMARY_ANALYSIS_COMPLETED,True,0.05,0.04724883899717964,0.9741479182211236,-0.20934371523915463,-0.9741479182211236,0.051035833425451364,False,False,True,False,,-1,nan
10,5,1,1-2-3-4,1,5,1,2.5,4.5,2.0,0,9,10,1.0,PREREGISTERED_PRIMARY_ANALYSIS_COMPLETED,True,0.1,0.09449767799435928,0.8953748958116786,-0.24048943270300333,-0.8953748958116776,0.19830379595022682,False,False,True,False,,-1,nan
10,5,1,1-2-3-4,1,5,1,2.5,4.5,2.0,0,9,10,1.0,PREREGISTERED_PRIMARY_ANALYSIS_COMPLETED,True,0.2,0.18899535598871856,0.7149768546200002,-0.05761957730812013,-0.7149768546200005,0.48880809735769093,False,False,False,False,,-1,nan
10,5,1,1-2-3-4,1,5,1,2.5,4.5,2.0,0,9,10,1.0,PREREGISTERED_PRIMARY_ANALYSIS_COMPLETED,True,0.3,0.2834930339830778,0.6417750975163493,0.1768631813125695,-0.6417750975163494,0.58812472420788,False,False,False,False,,-1,nan
10,5,1,1-2-3-4,1,5,1,2.5,4.5,2.0,0,9,10,1.0,PREREGISTERED_PRIMARY_ANALYSIS_COMPLETED,True,0.4,0.3779907119774371,0.6498806758687431,0.48031145717463847,-0.6498806758687432,0.577655107132386,False,False,False,False,,-1,nan
10,5,2,2-3-4-5,2,4,2,3.5,4.5,1.0,0,9,10,1.0,PREREGISTERED_PRIMARY_ANALYSIS_COMPLETED,True,0.05,0.04724883899717964,0.8858278574034704,-0.3864293659621802,-0.8858278574034707,0.21530900704797687,False,False,False,False,,-1,nan
10,5,2,2-3-4-5,2,4,2,3.5,4.5,1.0,0,9,10,1.0,PREREGISTERED_PRIMARY_ANALYSIS_COMPLETED,True,0.1,0.09449767799435928,0.7314001200522313,-0.28142380422691876,-0.731400120052232,0.4650538643875811,False,False,False,False,,-1,nan
10,5,2,2-3-4-5,2,4,2,3.5,4.5,1.0,0,9,10,1.0,PREREGISTERED_PRIMARY_ANALYSIS_COMPLETED,True,0.2,0.18899535598871856,0.5755514016678727,0.1870967741935484,-0.5755514016678728,0.6687405840381467,False,False,False,False,,-1,nan
10,5,2,2-3-4-5,2,4,2,3.5,4.5,1.0,0,9,10,1.0,PREREGISTERED_PRIMARY_ANALYSIS_COMPLETED,True,0.3,0.2834930339830778,0.5091393023689816,0.14616240266963293,-0.5091393023689819,0.7407771707832267,False,False,False,False,,-1,nan
10,5,2,2-3-4-5,2,4,2,3.5,4.5,1.0,0,9,10,1.0,PREREGISTERED_PRIMARY_ANALYSIS_COMPLETED,True,0.4,0.3779907119774371,0.4988559299505242,0.14705228031145717,-0.49885592995052414,0.7511427611531976,False,False,False,False,,-1,nan
10,5,3,3-4-5-6,3,3,3,4.5,4.5,0.0,0,9,10,1.0,PREREGISTERED_PRIMARY_ANALYSIS_COMPLETED,True,0.05,0.04724883899717964,-0.4498012712332935,-0.6529477196885429,0.44980127123329344,0.7976788163969132,True,False,False,False,,-1,nan
10,5,3,3-4-5-6,3,3,3,4.5,4.5,0.0,0,9,10,1.0,PREREGISTERED_PRIMARY_ANALYSIS_COMPLETED,True,0.1,0.09449767799435928,-0.33214658989201384,-0.7334816462736374,0.3321465898920138,0.8896786428231063,True,False,False,False,,-1,nan
10,5,3,3-4-5-6,3,3,3,4.5,4.5,0.0,0,9,10,1.0,PREREGISTERED_PRIMARY_ANALYSIS_COMPLETED,True,0.2,0.18899535598871856,0.06776247369698996,-0.21156840934371526,-0.06776247369698994,0.9954082471584649,False,False,False,False,,-1,nan
10,5,3,3-4-5-6,3,3,3,4.5,4.5,0.0,0,9,10,1.0,PREREGISTERED_PRIMARY_ANALYSIS_COMPLETED,True,0.3,0.2834930339830778,0.3876833255071696,0.5403781979977753,-0.38768332550716944,0.8497016391237018,False,False,False,False,,-1,nan
10,5,3,3-4-5-6,3,3,3,4.5,4.5,0.0,0,9,10,1.0,PREREGISTERED_PRIMARY_ANALYSIS_COMPLETED,True,0.4,0.3779907119774371,0.5415743210499985,0.6333704115684093,-0.5415743210499985,0.7066972547792334,False,False,False,False,,-1,nan
10,5,4,4-5-6-7,4,2,2,5.5,4.5,1.0,0,9,10,1.0,PREREGISTERED_PRIMARY_ANALYSIS_COMPLETED,True,0.05,0.04724883899717964,0.8858278573984489,-0.3864293659621802,-0.885827857398448,0.21530900705687403,False,False,False,False,,-1,nan
10,5,4,4-5-6-7,4,2,2,5.5,4.5,1.0,0,9,10,1.0,PREREGISTERED_PRIMARY_ANALYSIS_COMPLETED,True,0.1,0.09449767799435928,0.7314001200465364,-0.28142380422691876,-0.7314001200465367,0.4650538643959118,False,False,False,False,,-1,nan
10,5,4,4-5-6-7,4,2,2,5.5,4.5,1.0,0,9,10,1.0,PREREGISTERED_PRIMARY_ANALYSIS_COMPLETED,True,0.2,0.18899535598871856,0.5755514016625422,0.1870967741935484,-0.5755514016625426,0.6687405840442827,False,False,False,False,,-1,nan
10,5,4,4-5-6-7,4,2,2,5.5,4.5,1.0,0,9,10,1.0,PREREGISTERED_PRIMARY_ANALYSIS_COMPLETED,True,0.3,0.2834930339830778,0.5091393023644614,0.14616240266963293,-0.5091393023644616,0.7407771707878297,False,False,False,False,,-1,nan
10,5,4,4-5-6-7,4,2,2,5.5,4.5,1.0,0,9,10,1.0,PREREGISTERED_PRIMARY_ANALYSIS_COMPLETED,True,0.4,0.3779907119774371,0.4988559299469519,0.14705228031145717,-0.498855929946952,0.7511427611567615,False,False,False,False,,-1,nan
10,5,5,5-6-7-8,5,1,1,6.5,4.5,2.0,0,9,10,1.0,PREREGISTERED_PRIMARY_ANALYSIS_COMPLETED,True,0.05,0.04724883899717964,0.9741479182235393,-0.20934371523915463,-0.9741479182235403,0.051035833420742936,False,False,True,False,,-1,nan
10,5,5,5-6-7-8,5,1,1,6.5,4.5,2.0,0,9,10,1.0,PREREGISTERED_PRIMARY_ANALYSIS_COMPLETED,True,0.1,0.09449767799435928,0.8953748958163835,-0.24048943270300333,-0.8953748958163826,0.19830379594180123,False,False,True,False,,-1,nan
10,5,5,5-6-7-8,5,1,1,6.5,4.5,2.0,0,9,10,1.0,PREREGISTERED_PRIMARY_ANALYSIS_COMPLETED,True,0.2,0.18899535598871856,0.714976854626927,-0.05761957730812013,-0.7149768546269271,0.4888080973477862,False,False,False,False,,-1,nan
10,5,5,5-6-7-8,5,1,1,6.5,4.5,2.0,0,9,10,1.0,PREREGISTERED_PRIMARY_ANALYSIS_COMPLETED,True,0.3,0.2834930339830778,0.6417750975222603,0.1768631813125695,-0.6417750975222601,0.5881247242002935,False,False,False,False,,-1,nan
10,5,5,5-6-7-8,5,1,1,6.5,4.5,2.0,0,9,10,1.0,PREREGISTERED_PRIMARY_ANALYSIS_COMPLETED,True,0.4,0.3779907119774371,0.6498806758736728,0.48031145717463847,-0.6498806758736729,0.5776551071259778,False,False,False,False,,-1,nan
10,5,6,6-7-8-9,6,0,0,7.5,4.5,3.0,1,9,9,0.9,PREREGISTERED_PRIMARY_ANALYSIS_COMPLETED,True,0.05,0.04724883899717964,0.9717109946527424,-0.2413793103448276,-0.9717109946527422,0.055777742870978815,False,False,True,False,,-1,nan
10,5,6,6-7-8-9,6,0,0,7.5,4.5,3.0,1,9,9,0.9,PREREGISTERED_PRIMARY_ANALYSIS_COMPLETED,True,0.1,0.09449767799435928,0.8832268952031891,-0.27608453837597335,-0.8832268952031891,0.21991025158973515,False,False,False,False,,-1,nan
10,5,6,6-7-8-9,6,0,0,7.5,4.5,3.0,1,9,9,0.9,PREREGISTERED_PRIMARY_ANALYSIS_COMPLETED,True,0.2,0.18899535598871856,0.6850474965673516,-0.12747497219132367,-0.6850474965673516,0.5307099274468041,False,False,False,False,,-1,nan
10,5,6,6-7-8-9,6,0,0,7.5,4.5,3.0,1,9,9,0.9,PREREGISTERED_PRIMARY_ANALYSIS_COMPLETED,True,0.3,0.2834930339830778,0.6128924470674763,0.09410456062291435,-0.6128924470674763,0.6243628483276407,False,False,False,False,,-1,nan
10,5,6,6-7-8-9,6,0,0,7.5,4.5,3.0,1,9,9,0.9,PREREGISTERED_PRIMARY_ANALYSIS_COMPLETED,True,0.4,0.3779907119774371,0.6274782307316764,0.40155728587319245,-0.6274782307316767,0.6062710699578447,False,False,False,False,,-1,nan
10,6,0,0-1-2-3,0,6,0,1.5,4.5,3.0,0,9,10,1.0,PREREGISTERED_PRIMARY_ANALYSIS_COMPLETED,True,0.05,0.04724883899717964,-0.9925486404569884,-0.9835372636262512,0.9925486404569885,0.014847196326983758,True,True,True,True,,-1,nan
10,6,0,0-1-2-3,0,6,0,1.5,4.5,3.0,0,9,10,1.0,PREREGISTERED_PRIMARY_ANALYSIS_COMPLETED,True,0.1,0.09449767799435928,-0.9814036851022945,-0.9870967741935484,0.9814036851022946,0.03684680686763654,True,True,True,True,,-1,nan
10,6,0,0-1-2-3,0,6,0,1.5,4.5,3.0,0,9,10,1.0,PREREGISTERED_PRIMARY_ANALYSIS_COMPLETED,True,0.2,0.18899535598871856,-0.9804103192505168,-0.9835372636262512,0.9804103192505164,0.03879560590710052,True,True,True,True,,-1,nan
10,6,0,0-1-2-3,0,6,0,1.5,4.5,3.0,0,9,10,1.0,PREREGISTERED_PRIMARY_ANALYSIS_COMPLETED,True,0.3,0.2834930339830778,-0.9869333126386981,-0.9426028921023359,0.9869333126386983,0.02596263640400563,True,True,True,True,,-1,nan
10,6,0,0-1-2-3,0,6,0,1.5,4.5,3.0,0,9,10,1.0,PREREGISTERED_PRIMARY_ANALYSIS_COMPLETED,True,0.4,0.3779907119774371,-0.99025994189898,-0.9942157953281423,0.99025994189898,0.019385247470228063,True,True,True,True,,-1,nan
10,6,1,1-2-3-4,1,5,1,2.5,4.5,2.0,0,9,10,1.0,PREREGISTERED_PRIMARY_ANALYSIS_COMPLETED,True,0.05,0.04724883899717964,-0.75512215134242,-0.9661846496106785,0.7551221513424201,0.42979053655199545,True,False,False,False,,-1,nan
10,6,1,1-2-3-4,1,5,1,2.5,4.5,2.0,0,9,10,1.0,PREREGISTERED_PRIMARY_ANALYSIS_COMPLETED,True,0.1,0.09449767799435928,-0.6562255695293314,-0.9510567296996663,0.6562255695293311,0.569368001895905,True,False,False,False,,-1,nan
10,6,1,1-2-3-4,1,5,1,2.5,4.5,2.0,0,9,10,1.0,PREREGISTERED_PRIMARY_ANALYSIS_COMPLETED,True,0.2,0.18899535598871856,-0.7317294402313937,-0.8949944382647386,0.7317294402313935,0.4645720262986519,True,False,False,False,,-1,nan
10,6,1,1-2-3-4,1,5,1,2.5,4.5,2.0,0,9,10,1.0,PREREGISTERED_PRIMARY_ANALYSIS_COMPLETED,True,0.3,0.2834930339830778,-0.787849525320533,-0.6413793103448275,0.7878495253205331,0.37929312545221083,True,False,False,False,,-1,nan
10,6,1,1-2-3-4,1,5,1,2.5,4.5,2.0,0,9,10,1.0,PREREGISTERED_PRIMARY_ANALYSIS_COMPLETED,True,0.4,0.3779907119774371,-0.8170310933182139,-0.517686318131257,0.8170310933182141,0.33246019255124415,True,True,False,False,,-1,nan
10,6,2,2-3-4-5,2,4,2,3.5,4.5,1.0,0,9,10,1.0,PREREGISTERED_PRIMARY_ANALYSIS_COMPLETED,True,0.05,0.04724883899717964,-0.9475574630281255,-0.9314794215795328,0.9475574630281256,0.1021348542597022,True,True,True,True,,-1,nan
10,6,2,2-3-4-5,2,4,2,3.5,4.5,1.0,0,9,10,1.0,PREREGISTERED_PRIMARY_ANALYSIS_COMPLETED,True,0.1,0.09449767799435928,-0.8968947883997926,-0.9301446051167965,0.8968947883997929,0.19557973854129104,True,True,True,True,,-1,nan
10,6,2,2-3-4-5,2,4,2,3.5,4.5,1.0,0,9,10,1.0,PREREGISTERED_PRIMARY_ANALYSIS_COMPLETED,True,0.2,0.18899535598871856,-0.8927450644239555,-0.9612903225806452,0.8927450644239555,0.2030062499466678,True,True,False,False,,-1,nan
10,6,2,2-3-4-5,2,4,2,3.5,4.5,1.0,0,9,10,1.0,PREREGISTERED_PRIMARY_ANALYSIS_COMPLETED,True,0.3,0.2834930339830778,-0.9082269596548884,-0.7886540600667409,0.9082269596548884,0.17512378975603765,True,True,True,True,,-1,nan
10,6,2,2-3-4-5,2,4,2,3.5,4.5,1.0,0,9,10,1.0,PREREGISTERED_PRIMARY_ANALYSIS_COMPLETED,True,0.4,0.3779907119774371,-0.9206794147560304,-0.5915461624026696,0.9206794147560298,0.15234941524449364,True,True,True,True,,-1,nan
10,6,3,3-4-5-6,3,3,3,4.5,4.5,0.0,0,9,10,1.0,PREREGISTERED_PRIMARY_ANALYSIS_COMPLETED,True,0.05,0.04724883899717964,-0.9777662974848649,-0.5305895439377085,0.9777662974848653,0.04397306750273847,True,True,True,True,,-1,nan
10,6,3,3-4-5-6,3,3,3,4.5,4.5,0.0,0,9,10,1.0,PREREGISTERED_PRIMARY_ANALYSIS_COMPLETED,True,0.1,0.09449767799435928,-0.9369808625366632,-0.44160177975528364,0.9369808625366637,0.12206686324004977,True,True,True,True,,-1,nan
10,6,3,3-4-5-6,3,3,3,4.5,4.5,0.0,0,9,10,1.0,PREREGISTERED_PRIMARY_ANALYSIS_COMPLETED,True,0.2,0.18899535598871856,-0.7864097583091418,-0.4273637374860957,0.7864097583091413,0.3815596920361574,True,False,False,False,,-1,nan
10,6,3,3-4-5-6,3,3,3,4.5,4.5,0.0,0,9,10,1.0,PREREGISTERED_PRIMARY_ANALYSIS_COMPLETED,True,0.3,0.2834930339830778,-0.5849206908912068,-0.36462736373748605,0.5849206908912065,0.6578677853673536,True,False,False,False,,-1,nan
10,6,3,3-4-5-6,3,3,3,4.5,4.5,0.0,0,9,10,1.0,PREREGISTERED_PRIMARY_ANALYSIS_COMPLETED,True,0.4,0.3779907119774371,-0.5471826411711318,-0.2849833147942158,0.5471826411711322,0.7005911572009842,True,False,False,False,,-1,nan
10,6,4,4-5-6-7,4,2,2,5.5,4.5,1.0,0,9,10,1.0,PREREGISTERED_PRIMARY_ANALYSIS_COMPLETED,True,0.05,0.04724883899717964,-0.9475574630278985,-0.9314794215795328,0.9475574630278985,0.10213485426013293,True,True,True,True,,-1,nan
10,6,4,4-5-6-7,4,2,2,5.5,4.5,1.0,0,9,10,1.0,PREREGISTERED_PRIMARY_ANALYSIS_COMPLETED,True,0.1,0.09449767799435928,-0.896894788397225,-0.9301446051167965,0.8968947883972249,0.19557973854589641,True,True,True,True,,-1,nan
10,6,4,4-5-6-7,4,2,2,5.5,4.5,1.0,0,9,10,1.0,PREREGISTERED_PRIMARY_ANALYSIS_COMPLETED,True,0.2,0.18899535598871856,-0.8927450644221945,-0.9612903225806452,0.8927450644221941,0.2030062499498124,True,True,False,False,,-1,nan
10,6,4,4-5-6-7,4,2,2,5.5,4.5,1.0,0,9,10,1.0,PREREGISTERED_PRIMARY_ANALYSIS_COMPLETED,True,0.3,0.2834930339830778,-0.9082269596537786,-0.7886540600667409,0.9082269596537789,0.17512378975805357,True,True,True,True,,-1,nan
10,6,4,4-5-6-7,4,2,2,5.5,4.5,1.0,0,9,10,1.0,PREREGISTERED_PRIMARY_ANALYSIS_COMPLETED,True,0.4,0.3779907119774371,-0.9206794147551888,-0.5915461624026696,0.9206794147551887,0.15234941524604337,True,True,True,True,,-1,nan
10,6,5,5-6-7-8,5,1,1,6.5,4.5,2.0,0,9,10,1.0,PREREGISTERED_PRIMARY_ANALYSIS_COMPLETED,True,0.05,0.04724883899717964,-0.7551221513302118,-0.9661846496106785,0.7551221513302114,0.4297905365704329,True,False,False,False,,-1,nan
10,6,5,5-6-7-8,5,1,1,6.5,4.5,2.0,0,9,10,1.0,PREREGISTERED_PRIMARY_ANALYSIS_COMPLETED,True,0.1,0.09449767799435928,-0.6562255695228986,-0.9510567296996663,0.656225569522898,0.5693680019043482,True,False,False,False,,-1,nan
10,6,5,5-6-7-8,5,1,1,6.5,4.5,2.0,0,9,10,1.0,PREREGISTERED_PRIMARY_ANALYSIS_COMPLETED,True,0.2,0.18899535598871856,-0.7317294402293152,-0.8949944382647386,0.7317294402293153,0.46457202630169303,True,False,False,False,,-1,nan
10,6,5,5-6-7-8,5,1,1,6.5,4.5,2.0,0,9,10,1.0,PREREGISTERED_PRIMARY_ANALYSIS_COMPLETED,True,0.3,0.2834930339830778,-0.7878495253195446,-0.6413793103448275,0.7878495253195446,0.3792931254537685,True,False,False,False,,-1,nan
10,6,5,5-6-7-8,5,1,1,6.5,4.5,2.0,0,9,10,1.0,PREREGISTERED_PRIMARY_ANALYSIS_COMPLETED,True,0.4,0.3779907119774371,-0.8170310933175581,-0.517686318131257,0.8170310933175577,0.3324601925523162,True,True,False,False,,-1,nan
10,6,6,6-7-8-9,6,0,0,7.5,4.5,3.0,0,9,10,1.0,PREREGISTERED_PRIMARY_ANALYSIS_COMPLETED,True,0.05,0.04724883899717964,-0.9925486404564227,-0.9835372636262512,0.9925486404564222,0.014847196328107649,True,True,True,True,,-1,nan
10,6,6,6-7-8-9,6,0,0,7.5,4.5,3.0,0,9,10,1.0,PREREGISTERED_PRIMARY_ANALYSIS_COMPLETED,True,0.1,0.09449767799435928,-0.9814036851014081,-0.9870967741935484,0.9814036851014074,0.036846806869376615,True,True,True,True,,-1,nan
10,6,6,6-7-8-9,6,0,0,7.5,4.5,3.0,0,9,10,1.0,PREREGISTERED_PRIMARY_ANALYSIS_COMPLETED,True,0.2,0.18899535598871856,-0.980410319250106,-0.9835372636262512,0.9804103192501065,0.03879560590790473,True,True,True,True,,-1,nan
10,6,6,6-7-8-9,6,0,0,7.5,4.5,3.0,0,9,10,1.0,PREREGISTERED_PRIMARY_ANALYSIS_COMPLETED,True,0.3,0.2834930339830778,-0.9869333126386037,-0.9426028921023359,0.9869333126386038,0.025962636404192316,True,True,True,True,,-1,nan
10,6,6,6-7-8-9,6,0,0,7.5,4.5,3.0,0,9,10,1.0,PREREGISTERED_PRIMARY_ANALYSIS_COMPLETED,True,0.4,0.3779907119774371,-0.9902599418989879,-0.9942157953281423,0.9902599418989886,0.019385247470212655,True,True,True,True,,-1,nan
10,7,0,0-1-2-3,0,6,0,1.5,4.5,3.0,0,9,10,1.0,PREREGISTERED_PRIMARY_ANALYSIS_COMPLETED,True,0.05,0.04724883899717964,0.7496521967452952,-0.3828698553948832,-0.749652196745295,0.43802158391495377,False,False,False,False,,-1,nan
10,7,0,0-1-2-3,0,6,0,1.5,4.5,3.0,0,9,10,1.0,PREREGISTERED_PRIMARY_ANALYSIS_COMPLETED,True,0.1,0.09449767799435928,0.5778014732268075,-0.37263626251390436,-0.5778014732268076,0.6661454575369309,False,False,False,False,,-1,nan
10,7,0,0-1-2-3,0,6,0,1.5,4.5,3.0,0,9,10,1.0,PREREGISTERED_PRIMARY_ANALYSIS_COMPLETED,True,0.2,0.18899535598871856,0.5443534115145056,0.13281423804226916,-0.5443534115145056,0.7036793633725194,False,False,False,False,,-1,nan
10,7,0,0-1-2-3,0,6,0,1.5,4.5,3.0,0,9,10,1.0,PREREGISTERED_PRIMARY_ANALYSIS_COMPLETED,True,0.3,0.2834930339830778,0.6251661296162019,0.47541713014460507,-0.6251661296162018,0.6091673103806984,False,False,False,False,,-1,nan
10,7,0,0-1-2-3,0,6,0,1.5,4.5,3.0,0,9,10,1.0,PREREGISTERED_PRIMARY_ANALYSIS_COMPLETED,True,0.4,0.3779907119774371,0.7003429429211353,0.611123470522803,-0.7003429429211347,0.5095197623005637,False,False,False,False,,-1,nan
10,7,1,1-2-3-4,1,5,1,2.5,4.5,2.0,0,9,10,1.0,PREREGISTERED_PRIMARY_ANALYSIS_COMPLETED,True,0.05,0.04724883899717964,0.3575496070931609,-0.6551724137931034,-0.35754960709316097,0.8721582784675261,False,False,False,False,,-1,nan
10,7,1,1-2-3-4,1,5,1,2.5,4.5,2.0,0,9,10,1.0,PREREGISTERED_PRIMARY_ANALYSIS_COMPLETED,True,0.1,0.09449767799435928,0.03553083523241237,-0.7486095661846496,-0.03553083523241239,0.9987375597476871,False,False,False,False,,-1,nan
10,7,1,1-2-3-4,1,5,1,2.5,4.5,2.0,0,9,10,1.0,PREREGISTERED_PRIMARY_ANALYSIS_COMPLETED,True,0.2,0.18899535598871856,-0.39046031383657814,-0.796662958843159,0.39046031383657837,0.8475407433186408,True,False,False,False,,-1,nan
10,7,1,1-2-3-4,1,5,1,2.5,4.5,2.0,0,9,10,1.0,PREREGISTERED_PRIMARY_ANALYSIS_COMPLETED,True,0.3,0.2834930339830778,-0.6021047253688232,-0.3984427141268076,0.6021047253688235,0.6374698996885336,True,False,False,False,,-1,nan
10,7,1,1-2-3-4,1,5,1,2.5,4.5,2.0,0,9,10,1.0,PREREGISTERED_PRIMARY_ANALYSIS_COMPLETED,True,0.4,0.3779907119774371,-0.6846589734659145,-0.26896551724137935,0.6846589734659143,0.5312420900526005,True,False,False,False,,-1,nan
10,7,2,2-3-4-5,2,4,2,3.5,4.5,1.0,0,9,10,1.0,PREREGISTERED_PRIMARY_ANALYSIS_COMPLETED,True,0.05,0.04724883899717964,-0.5543000728346263,-0.8874304783092326,0.5543000728346263,0.6927514292555279,True,False,False,False,,-1,nan
10,7,2,2-3-4-5,2,4,2,3.5,4.5,1.0,0,9,10,1.0,PREREGISTERED_PRIMARY_ANALYSIS_COMPLETED,True,0.1,0.09449767799435928,-0.4823780026896535,-0.8309232480533927,0.4823780026896535,0.7673114625211408,True,False,False,False,,-1,nan
10,7,2,2-3-4-5,2,4,2,3.5,4.5,1.0,0,9,10,1.0,PREREGISTERED_PRIMARY_ANALYSIS_COMPLETED,True,0.2,0.18899535598871856,-0.6197649414126835,-0.7899888765294771,0.6197649414126835,0.6158914173957332,True,False,False,False,,-1,nan
10,7,2,2-3-4-5,2,4,2,3.5,4.5,1.0,0,9,10,1.0,PREREGISTERED_PRIMARY_ANALYSIS_COMPLETED,True,0.3,0.2834930339830778,-0.73356284888182,-0.6262513904338153,0.7335628488818199,0.46188554674038823,True,False,False,False,,-1,nan
10,7,2,2-3-4-5,2,4,2,3.5,4.5,1.0,0,9,10,1.0,PREREGISTERED_PRIMARY_ANALYSIS_COMPLETED,True,0.4,0.3779907119774371,-0.7752924133323175,-0.4496106785317019,0.7752924133323179,0.39892167382935095,True,False,False,False,,-1,nan
10,7,3,3-4-5-6,3,3,3,4.5,4.5,0.0,0,9,10,1.0,PREREGISTERED_PRIMARY_ANALYSIS_COMPLETED,True,0.05,0.04724883899717964,-0.7131116348531584,-0.5848720800889877,0.7131116348531585,0.49147179623705567,True,False,False,False,,-1,nan
10,7,3,3-4-5-6,3,3,3,4.5,4.5,0.0,0,9,10,1.0,PREREGISTERED_PRIMARY_ANALYSIS_COMPLETED,True,0.1,0.09449767799435928,-0.40642512080780824,-0.23737486095661847,0.40642512080780785,0.8348186211763586,True,False,False,False,,-1,nan
10,7,3,3-4-5-6,3,3,3,4.5,4.5,0.0,0,9,10,1.0,PREREGISTERED_PRIMARY_ANALYSIS_COMPLETED,True,0.2,0.18899535598871856,-0.2107329769602976,-0.07408231368186874,0.21073297696029755,0.9555916124214507,True,False,False,False,,-1,nan
10,7,3,3-4-5-6,3,3,3,4.5,4.5,0.0,0,9,10,1.0,PREREGISTERED_PRIMARY_ANALYSIS_COMPLETED,True,0.3,0.2834930339830778,-0.46836481345625847,-0.2849833147942158,0.46836481345625863,0.7806344015160838,True,False,False,False,,-1,nan
10,7,3,3-4-5-6,3,3,3,4.5,4.5,0.0,0,9,10,1.0,PREREGISTERED_PRIMARY_ANALYSIS_COMPLETED,True,0.4,0.3779907119774371,-0.6121834392442014,-0.3993325917686318,0.6121834392442013,0.6252314367151414,True,False,False,False,,-1,nan
10,7,4,4-5-6-7,4,2,2,5.5,4.5,1.0,0,9,10,1.0,PREREGISTERED_PRIMARY_ANALYSIS_COMPLETED,True,0.05,0.04724883899717964,-0.5543000728976379,-0.8874304783092326,0.5543000728976379,0.6927514291856733,True,False,False,False,,-1,nan
10,7,4,4-5-6-7,4,2,2,5.5,4.5,1.0,0,9,10,1.0,PREREGISTERED_PRIMARY_ANALYSIS_COMPLETED,True,0.1,0.09449767799435928,-0.4823780027090256,-0.8309232480533927,0.4823780027090257,0.7673114625024513,True,False,False,False,,-1,nan
10,7,4,4-5-6-7,4,2,2,5.5,4.5,1.0,0,9,10,1.0,PREREGISTERED_PRIMARY_ANALYSIS_COMPLETED,True,0.2,0.18899535598871856,-0.6197649414203551,-0.7899888765294771,0.6197649414203553,0.6158914173862239,True,False,False,False,,-1,nan
10,7,4,4-5-6-7,4,2,2,5.5,4.5,1.0,0,9,10,1.0,PREREGISTERED_PRIMARY_ANALYSIS_COMPLETED,True,0.3,0.2834930339830778,-0.7335628488868589,-0.6262513904338153,0.733562848886859,0.46188554673299526,True,False,False,False,,-1,nan
10,7,4,4-5-6-7,4,2,2,5.5,4.5,1.0,0,9,10,1.0,PREREGISTERED_PRIMARY_ANALYSIS_COMPLETED,True,0.4,0.3779907119774371,-0.7752924133364227,-0.4496106785317019,0.775292413336422,0.39892167382298555,True,False,False,False,,-1,nan
10,7,5,5-6-7-8,5,1,1,6.5,4.5,2.0,0,9,10,1.0,PREREGISTERED_PRIMARY_ANALYSIS_COMPLETED,True,0.05,0.04724883899717964,0.3575496070999224,-0.6551724137931034,-0.35754960709992245,0.8721582784626909,False,False,False,False,,-1,nan
10,7,5,5-6-7-8,5,1,1,6.5,4.5,2.0,0,9,10,1.0,PREREGISTERED_PRIMARY_ANALYSIS_COMPLETED,True,0.1,0.09449767799435928,0.035530835233045885,-0.7486095661846496,-0.03553083523304588,0.9987375597476421,False,False,False,False,,-1,nan
10,7,5,5-6-7-8,5,1,1,6.5,4.5,2.0,0,9,10,1.0,PREREGISTERED_PRIMARY_ANALYSIS_COMPLETED,True,0.2,0.18899535598871856,-0.39046031384162566,-0.796662958843159,0.39046031384162566,0.8475407433146993,True,False,False,False,,-1,nan
10,7,5,5-6-7-8,5,1,1,6.5,4.5,2.0,0,9,10,1.0,PREREGISTERED_PRIMARY_ANALYSIS_COMPLETED,True,0.3,0.2834930339830778,-0.6021047253738243,-0.3984427141268076,0.6021047253738241,0.6374698996825122,True,False,False,False,,-1,nan
10,7,5,5-6-7-8,5,1,1,6.5,4.5,2.0,0,9,10,1.0,PREREGISTERED_PRIMARY_ANALYSIS_COMPLETED,True,0.4,0.3779907119774371,-0.6846589734706141,-0.26896551724137935,0.6846589734706139,0.5312420900461652,True,False,False,False,,-1,nan
10,7,6,6-7-8-9,6,0,0,7.5,4.5,3.0,0,9,10,1.0,PREREGISTERED_PRIMARY_ANALYSIS_COMPLETED,True,0.05,0.04724883899717964,0.749652196621452,-0.3828698553948832,-0.7496521966214521,0.43802158410063163,False,False,False,False,,-1,nan
10,7,6,6-7-8-9,6,0,0,7.5,4.5,3.0,0,9,10,1.0,PREREGISTERED_PRIMARY_ANALYSIS_COMPLETED,True,0.1,0.09449767799435928,0.5778014731640924,-0.37263626251390436,-0.577801473164092,0.6661454576094048,False,False,False,False,,-1,nan
10,7,6,6-7-8-9,6,0,0,7.5,4.5,3.0,0,9,10,1.0,PREREGISTERED_PRIMARY_ANALYSIS_COMPLETED,True,0.2,0.18899535598871856,0.5443534114835642,0.13281423804226916,-0.5443534114835643,0.7036793634062053,False,False,False,False,,-1,nan
10,7,6,6-7-8-9,6,0,0,7.5,4.5,3.0,0,9,10,1.0,PREREGISTERED_PRIMARY_ANALYSIS_COMPLETED,True,0.3,0.2834930339830778,0.6251661295937069,0.47541713014460507,-0.6251661295937067,0.6091673104088248,False,False,False,False,,-1,nan
10,7,6,6-7-8-9,6,0,0,7.5,4.5,3.0,0,9,10,1.0,PREREGISTERED_PRIMARY_ANALYSIS_COMPLETED,True,0.4,0.3779907119774371,0.7003429429030489,0.611123470522803,-0.7003429429030485,0.5095197623258974,False,False,False,False,,-1,nan
10,8,0,0-1-2-3,0,6,0,1.5,4.5,3.0,0,9,10,1.0,PREREGISTERED_PRIMARY_ANALYSIS_COMPLETED,True,0.05,0.04724883899717964,-0.6737193472697488,-0.7041156840934372,0.6737193472697491,0.5461022411144234,True,False,False,False,,-1,nan
10,8,0,0-1-2-3,0,6,0,1.5,4.5,3.0,0,9,10,1.0,PREREGISTERED_PRIMARY_ANALYSIS_COMPLETED,True,0.1,0.09449767799435928,-0.48803202233017096,-0.4220244716351501,0.48803202233017084,0.7618247451803232,True,False,False,False,,-1,nan
10,8,0,0-1-2-3,0,6,0,1.5,4.5,3.0,0,9,10,1.0,PREREGISTERED_PRIMARY_ANALYSIS_COMPLETED,True,0.2,0.18899535598871856,-0.1465878948805186,0.05494994438264739,0.1465878948805186,0.9785119890744981,True,False,False,False,,-1,nan
10,8,0,0-1-2-3,0,6,0,1.5,4.5,3.0,0,9,10,1.0,PREREGISTERED_PRIMARY_ANALYSIS_COMPLETED,True,0.3,0.2834930339830778,0.3481630143074568,0.5279199110122358,-0.3481630143074568,0.8787825154683457,False,False,False,False,,-1,nan
10,8,0,0-1-2-3,0,6,0,1.5,4.5,3.0,0,9,10,1.0,PREREGISTERED_PRIMARY_ANALYSIS_COMPLETED,True,0.4,0.3779907119774371,0.5752210510099256,0.7081201334816463,-0.5752210510099255,0.6691207424750367,False,False,False,False,,-1,nan
10,8,1,1-2-3-4,1,5,1,2.5,4.5,2.0,0,9,10,1.0,PREREGISTERED_PRIMARY_ANALYSIS_COMPLETED,True,0.05,0.04724883899717964,0.023054870841446192,-0.6186874304783093,-0.023054870841446213,0.9994684729304845,False,False,False,False,,-1,nan
10,8,1,1-2-3-4,1,5,1,2.5,4.5,2.0,0,9,10,1.0,PREREGISTERED_PRIMARY_ANALYSIS_COMPLETED,True,0.1,0.09449767799435928,-0.364921839922076,-0.7103448275862069,0.364921839922076,0.8668320507478867,True,False,False,False,,-1,nan
10,8,1,1-2-3-4,1,5,1,2.5,4.5,2.0,0,9,10,1.0,PREREGISTERED_PRIMARY_ANALYSIS_COMPLETED,True,0.2,0.18899535598871856,-0.7425982815905093,-0.6627363737486095,0.7425982815905096,0.4485477921788226,True,False,False,False,,-1,nan
10,8,1,1-2-3-4,1,5,1,2.5,4.5,2.0,0,9,10,1.0,PREREGISTERED_PRIMARY_ANALYSIS_COMPLETED,True,0.3,0.2834930339830778,-0.8721728890793594,-0.5835372636262514,0.8721728890793594,0.2393144515549632,True,True,False,False,,-1,nan
10,8,1,1-2-3-4,1,5,1,2.5,4.5,2.0,0,9,10,1.0,PREREGISTERED_PRIMARY_ANALYSIS_COMPLETED,True,0.4,0.3779907119774371,-0.9100459836827562,-0.6458286985539488,0.9100459836827564,0.17181630758288485,True,True,True,True,,-1,nan
10,8,2,2-3-4-5,2,4,2,3.5,4.5,1.0,0,9,10,1.0,PREREGISTERED_PRIMARY_ANALYSIS_COMPLETED,True,0.05,0.04724883899717964,-0.88076835385159,-0.8763070077864292,0.8807683538515902,0.22424710685356072,True,True,False,False,,-1,nan
10,8,2,2-3-4-5,2,4,2,3.5,4.5,1.0,0,9,10,1.0,PREREGISTERED_PRIMARY_ANALYSIS_COMPLETED,True,0.1,0.09449767799435928,-0.8302950410998955,-0.8838709677419355,0.8302950410998956,0.31061014472492265,True,True,False,False,,-1,nan
10,8,2,2-3-4-5,2,4,2,3.5,4.5,1.0,0,9,10,1.0,PREREGISTERED_PRIMARY_ANALYSIS_COMPLETED,True,0.2,0.18899535598871856,-0.8608673621883546,-0.9390433815350391,0.8608673621883542,0.2589073847188645,True,True,False,False,,-1,nan
10,8,2,2-3-4-5,2,4,2,3.5,4.5,1.0,0,9,10,1.0,PREREGISTERED_PRIMARY_ANALYSIS_COMPLETED,True,0.3,0.2834930339830778,-0.8852121116796194,-0.7886540600667409,0.8852121116796192,0.21639951733570928,True,True,False,False,,-1,nan
10,8,2,2-3-4-5,2,4,2,3.5,4.5,1.0,0,9,10,1.0,PREREGISTERED_PRIMARY_ANALYSIS_COMPLETED,True,0.4,0.3779907119774371,-0.9008179558836669,-0.7308120133481646,0.900817955883667,0.18852701035757155,True,True,True,True,,-1,nan
10,8,3,3-4-5-6,3,3,3,4.5,4.5,0.0,0,9,10,1.0,PREREGISTERED_PRIMARY_ANALYSIS_COMPLETED,True,0.05,0.04724883899717964,-0.4835891014983631,-0.8558398220244716,0.48358910149836337,0.7661415809120059,True,False,False,False,,-1,nan
10,8,3,3-4-5-6,3,3,3,4.5,4.5,0.0,0,9,10,1.0,PREREGISTERED_PRIMARY_ANALYSIS_COMPLETED,True,0.1,0.09449767799435928,-0.4131680446564978,-0.8344827586206897,0.41316804465649787,0.8292921668747264,True,False,False,False,,-1,nan
10,8,3,3-4-5-6,3,3,3,4.5,4.5,0.0,0,9,10,1.0,PREREGISTERED_PRIMARY_ANALYSIS_COMPLETED,True,0.2,0.18899535598871856,-0.5792806669395203,-0.846496106785317,0.5792806669395201,0.6644339089101046,True,False,False,False,,-1,nan
10,8,3,3-4-5-6,3,3,3,4.5,4.5,0.0,0,9,10,1.0,PREREGISTERED_PRIMARY_ANALYSIS_COMPLETED,True,0.3,0.2834930339830778,-0.7028555837585239,-0.8144605116796441,0.7028555837585237,0.5059940283794645,True,False,False,False,,-1,nan
10,8,3,3-4-5-6,3,3,3,4.5,4.5,0.0,0,9,10,1.0,PREREGISTERED_PRIMARY_ANALYSIS_COMPLETED,True,0.4,0.3779907119774371,-0.7557894261494381,-0.6618464961067854,0.755789426149438,0.4287823433207033,True,False,False,False,,-1,nan
10,8,4,4-5-6-7,4,2,2,5.5,4.5,1.0,0,9,10,1.0,PREREGISTERED_PRIMARY_ANALYSIS_COMPLETED,True,0.05,0.04724883899717964,-0.8807683538527085,-0.8763070077864292,0.8807683538527085,0.22424710685159022,True,True,False,False,,-1,nan
10,8,4,4-5-6-7,4,2,2,5.5,4.5,1.0,0,9,10,1.0,PREREGISTERED_PRIMARY_ANALYSIS_COMPLETED,True,0.1,0.09449767799435928,-0.830295041098357,-0.8838709677419355,0.8302950410983573,0.31061014472747783,True,True,False,False,,-1,nan
10,8,4,4-5-6-7,4,2,2,5.5,4.5,1.0,0,9,10,1.0,PREREGISTERED_PRIMARY_ANALYSIS_COMPLETED,True,0.2,0.18899535598871856,-0.8608673621873277,-0.9390433815350391,0.8608673621873274,0.2589073847206333,True,True,False,False,,-1,nan
10,8,4,4-5-6-7,4,2,2,5.5,4.5,1.0,0,9,10,1.0,PREREGISTERED_PRIMARY_ANALYSIS_COMPLETED,True,0.3,0.2834930339830778,-0.8852121116791958,-0.7886540600667409,0.8852121116791952,0.21639951733645985,True,True,False,False,,-1,nan
10,8,4,4-5-6-7,4,2,2,5.5,4.5,1.0,0,9,10,1.0,PREREGISTERED_PRIMARY_ANALYSIS_COMPLETED,True,0.4,0.3779907119774371,-0.9008179558834635,-0.7308120133481646,0.9008179558834635,0.18852701035793906,True,True,True,True,,-1,nan
10,8,5,5-6-7-8,5,1,1,6.5,4.5,2.0,0,9,10,1.0,PREREGISTERED_PRIMARY_ANALYSIS_COMPLETED,True,0.05,0.04724883899717964,0.02305487082185691,-0.6186874304783093,-0.023054870821856945,0.9994684729313873,False,False,False,False,,-1,nan
10,8,5,5-6-7-8,5,1,1,6.5,4.5,2.0,0,9,10,1.0,PREREGISTERED_PRIMARY_ANALYSIS_COMPLETED,True,0.1,0.09449767799435928,-0.3649218398686867,-0.7103448275862069,0.36492183986868676,0.8668320507868524,True,False,False,False,,-1,nan
10,8,5,5-6-7-8,5,1,1,6.5,4.5,2.0,0,9,10,1.0,PREREGISTERED_PRIMARY_ANALYSIS_COMPLETED,True,0.2,0.18899535598871856,-0.7425982815363935,-0.6627363737486095,0.7425982815363932,0.44854779225919533,True,False,False,False,,-1,nan
10,8,5,5-6-7-8,5,1,1,6.5,4.5,2.0,0,9,10,1.0,PREREGISTERED_PRIMARY_ANALYSIS_COMPLETED,True,0.3,0.2834930339830778,-0.8721728890465659,-0.5835372636262514,0.8721728890465659,0.239314451612166,True,True,False,False,,-1,nan
10,8,5,5-6-7-8,5,1,1,6.5,4.5,2.0,0,9,10,1.0,PREREGISTERED_PRIMARY_ANALYSIS_COMPLETED,True,0.4,0.3779907119774371,-0.9100459836583608,-0.6458286985539488,0.9100459836583609,0.17181630762728667,True,True,True,True,,-1,nan
10,8,6,6-7-8-9,6,0,0,7.5,4.5,3.0,0,9,10,1.0,PREREGISTERED_PRIMARY_ANALYSIS_COMPLETED,True,0.05,0.04724883899717964,-0.6737193476798534,-0.7041156840934372,0.6737193476798534,0.5461022405618329,True,False,False,False,,-1,nan
10,8,6,6-7-8-9,6,0,0,7.5,4.5,3.0,0,9,10,1.0,PREREGISTERED_PRIMARY_ANALYSIS_COMPLETED,True,0.1,0.09449767799435928,-0.48803202251027217,-0.4220244716351501,0.48803202251027217,0.761824745004533,True,False,False,False,,-1,nan
10,8,6,6-7-8-9,6,0,0,7.5,4.5,3.0,0,9,10,1.0,PREREGISTERED_PRIMARY_ANALYSIS_COMPLETED,True,0.2,0.18899535598871856,-0.1465878949183378,0.05494994438264739,0.14658789491833776,0.9785119890634102,True,False,False,False,,-1,nan
10,8,6,6-7-8-9,6,0,0,7.5,4.5,3.0,0,9,10,1.0,PREREGISTERED_PRIMARY_ANALYSIS_COMPLETED,True,0.3,0.2834930339830778,0.3481630143433495,0.5279199110122358,-0.3481630143433497,0.8787825154433524,False,False,False,False,,-1,nan
10,8,6,6-7-8-9,6,0,0,7.5,4.5,3.0,0,9,10,1.0,PREREGISTERED_PRIMARY_ANALYSIS_COMPLETED,True,0.4,0.3779907119774371,0.5752210510573387,0.7081201334816463,-0.5752210510573385,0.6691207424204907,False,False,False,False,,-1,nan
10,9,0,0-1-2-3,0,6,0,1.5,4.5,3.0,0,9,10,1.0,PREREGISTERED_PRIMARY_ANALYSIS_COMPLETED,True,0.05,0.04724883899717964,-0.5361082001786189,-0.7432703003337041,0.5361082001786187,0.7125879977012418,True,False,False,False,,-1,nan
10,9,0,0-1-2-3,0,6,0,1.5,4.5,3.0,0,9,10,1.0,PREREGISTERED_PRIMARY_ANALYSIS_COMPLETED,True,0.1,0.09449767799435928,-0.3816468969195197,-0.6395995550611792,0.3816468969195195,0.8543456460717018,True,False,False,False,,-1,nan
10,9,0,0-1-2-3,0,6,0,1.5,4.5,3.0,0,9,10,1.0,PREREGISTERED_PRIMARY_ANALYSIS_COMPLETED,True,0.2,0.18899535598871856,-0.11776929456606379,0.010456062291434927,0.1177692945660639,0.9861303932574115,True,False,False,False,,-1,nan
10,9,0,0-1-2-3,0,6,0,1.5,4.5,3.0,0,9,10,1.0,PREREGISTERED_PRIMARY_ANALYSIS_COMPLETED,True,0.3,0.2834930339830778,0.27346523827919667,0.4166852057842047,-0.2734652382791967,0.925216763452902,False,False,False,False,,-1,nan
10,9,0,0-1-2-3,0,6,0,1.5,4.5,3.0,0,9,10,1.0,PREREGISTERED_PRIMARY_ANALYSIS_COMPLETED,True,0.4,0.3779907119774371,0.48647697016963665,0.6266963292547274,-0.48647697016963665,0.7633401574945705,False,False,False,False,,-1,nan
10,9,1,1-2-3-4,1,5,1,2.5,4.5,2.0,0,9,10,1.0,PREREGISTERED_PRIMARY_ANALYSIS_COMPLETED,True,0.05,0.04724883899717964,0.8908520607961966,-0.2449388209121246,-0.8908520607961969,0.2063826057751694,False,False,False,False,,-1,nan
10,9,1,1-2-3-4,1,5,1,2.5,4.5,2.0,0,9,10,1.0,PREREGISTERED_PRIMARY_ANALYSIS_COMPLETED,True,0.1,0.09449767799435928,0.7624011784748549,-0.4064516129032258,-0.7624011784748553,0.4187444430601524,False,False,False,False,,-1,nan
10,9,1,1-2-3-4,1,5,1,2.5,4.5,2.0,0,9,10,1.0,PREREGISTERED_PRIMARY_ANALYSIS_COMPLETED,True,0.2,0.18899535598871856,0.679285198612722,-0.010011123470522802,-0.679285198612722,0.5385716189456748,False,False,False,False,,-1,nan
10,9,1,1-2-3-4,1,5,1,2.5,4.5,2.0,0,9,10,1.0,PREREGISTERED_PRIMARY_ANALYSIS_COMPLETED,True,0.3,0.2834930339830778,0.7644912776166407,0.6533926585094549,-0.7644912776166406,0.41555308644807654,False,False,False,False,,-1,nan
10,9,1,1-2-3-4,1,5,1,2.5,4.5,2.0,0,9,10,1.0,PREREGISTERED_PRIMARY_ANALYSIS_COMPLETED,True,0.4,0.3779907119774371,0.8313042072714526,0.8714126807563959,-0.8313042072714523,0.3089333149727823,False,False,False,False,,-1,nan
10,9,2,2-3-4-5,2,4,2,3.5,4.5,1.0,0,9,10,1.0,PREREGISTERED_PRIMARY_ANALYSIS_COMPLETED,True,0.05,0.04724883899717964,-0.9961147709723557,-0.5728587319243604,0.996114770972356,0.007755363050691053,True,True,True,True,,-1,nan
10,9,2,2-3-4-5,2,4,2,3.5,4.5,1.0,0,9,10,1.0,PREREGISTERED_PRIMARY_ANALYSIS_COMPLETED,True,0.1,0.09449767799435928,-0.9911870831437094,-0.6088987764182424,0.9911870831437092,0.017548166209065165,True,True,True,True,,-1,nan
10,9,2,2-3-4-5,2,4,2,3.5,4.5,1.0,0,9,10,1.0,PREREGISTERED_PRIMARY_ANALYSIS_COMPLETED,True,0.2,0.18899535598871856,-0.9856809982202136,-0.6409343715239153,0.9856809982202138,0.028432969747603207,True,True,True,True,,-1,nan
10,9,2,2-3-4-5,2,4,2,3.5,4.5,1.0,0,9,10,1.0,PREREGISTERED_PRIMARY_ANALYSIS_COMPLETED,True,0.3,0.2834930339830778,-0.9846048572762994,-0.6565072302558399,0.9846048572762994,0.030553275027918464,True,True,True,True,,-1,nan
10,9,2,2-3-4-5,2,4,2,3.5,4.5,1.0,0,9,10,1.0,PREREGISTERED_PRIMARY_ANALYSIS_COMPLETED,True,0.4,0.3779907119774371,-0.9845765300660918,-0.6418242491657397,0.9845765300660924,0.030609056443013642,True,True,True,True,,-1,nan
10,9,3,3-4-5-6,3,3,3,4.5,4.5,0.0,0,9,10,1.0,PREREGISTERED_PRIMARY_ANALYSIS_COMPLETED,True,0.05,0.04724883899717964,-0.9932561596475679,-0.8273637374860956,0.9932561596475682,0.013442201322165033,True,True,True,True,,-1,nan
10,9,3,3-4-5-6,3,3,3,4.5,4.5,0.0,0,9,10,1.0,PREREGISTERED_PRIMARY_ANALYSIS_COMPLETED,True,0.1,0.09449767799435928,-0.9853081465460252,-0.6,0.9853081465460249,0.029167856350036547,True,True,True,True,,-1,nan
10,9,3,3-4-5-6,3,3,3,4.5,4.5,0.0,0,9,10,1.0,PREREGISTERED_PRIMARY_ANALYSIS_COMPLETED,True,0.2,0.18899535598871856,-0.9769655497644839,-0.36774193548387096,0.9769655497644834,0.04553831457337992,True,True,True,True,,-1,nan
10,9,3,3-4-5-6,3,3,3,4.5,4.5,0.0,0,9,10,1.0,PREREGISTERED_PRIMARY_ANALYSIS_COMPLETED,True,0.3,0.2834930339830778,-0.9747731427997032,-0.4994438264738598,0.9747731427997026,0.049817320076389934,True,True,True,True,,-1,nan
10,9,3,3-4-5-6,3,3,3,4.5,4.5,0.0,0,9,10,1.0,PREREGISTERED_PRIMARY_ANALYSIS_COMPLETED,True,0.4,0.3779907119774371,-0.9749595302875522,-0.5470522803114571,0.9749595302875521,0.04945391430147543,True,True,True,True,,-1,nan
10,9,4,4-5-6-7,4,2,2,5.5,4.5,1.0,0,9,10,1.0,PREREGISTERED_PRIMARY_ANALYSIS_COMPLETED,True,0.05,0.04724883899717964,-0.9961147709723128,-0.5728587319243604,0.9961147709723126,0.007755363050776812,True,True,True,True,,-1,nan
10,9,4,4-5-6-7,4,2,2,5.5,4.5,1.0,0,9,10,1.0,PREREGISTERED_PRIMARY_ANALYSIS_COMPLETED,True,0.1,0.09449767799435928,-0.9911870831436902,-0.6088987764182424,0.9911870831436905,0.017548166209103194,True,True,True,True,,-1,nan
10,9,4,4-5-6-7,4,2,2,5.5,4.5,1.0,0,9,10,1.0,PREREGISTERED_PRIMARY_ANALYSIS_COMPLETED,True,0.2,0.18899535598871856,-0.9856809982201966,-0.6409343715239153,0.9856809982201973,0.028432969747635834,True,True,True,True,,-1,nan
10,9,4,4-5-6-7,4,2,2,5.5,4.5,1.0,0,9,10,1.0,PREREGISTERED_PRIMARY_ANALYSIS_COMPLETED,True,0.3,0.2834930339830778,-0.9846048572762425,-0.6565072302558399,0.9846048572762426,0.03055327502802981,True,True,True,True,,-1,nan
10,9,4,4-5-6-7,4,2,2,5.5,4.5,1.0,0,9,10,1.0,PREREGISTERED_PRIMARY_ANALYSIS_COMPLETED,True,0.4,0.3779907119774371,-0.9845765300660038,-0.6418242491657397,0.9845765300660038,0.030609056443187867,True,True,True,True,,-1,nan
10,9,5,5-6-7-8,5,1,1,6.5,4.5,2.0,0,9,10,1.0,PREREGISTERED_PRIMARY_ANALYSIS_COMPLETED,True,0.05,0.04724883899717964,0.8908520609173753,-0.2449388209121246,-0.8908520609173749,0.20638260555926577,False,False,False,False,,-1,nan
10,9,5,5-6-7-8,5,1,1,6.5,4.5,2.0,0,9,10,1.0,PREREGISTERED_PRIMARY_ANALYSIS_COMPLETED,True,0.1,0.09449767799435928,0.762401178586283,-0.4064516129032258,-0.7624011785862831,0.41874444289024626,False,False,False,False,,-1,nan
10,9,5,5-6-7-8,5,1,1,6.5,4.5,2.0,0,9,10,1.0,PREREGISTERED_PRIMARY_ANALYSIS_COMPLETED,True,0.2,0.18899535598871856,0.6792851986843667,-0.010011123470522802,-0.6792851986843665,0.5385716188483405,False,False,False,False,,-1,nan
10,9,5,5-6-7-8,5,1,1,6.5,4.5,2.0,0,9,10,1.0,PREREGISTERED_PRIMARY_ANALYSIS_COMPLETED,True,0.3,0.2834930339830778,0.7644912776680258,0.6533926585094549,-0.7644912776680258,0.41555308636950933,False,False,False,False,,-1,nan
10,9,5,5-6-7-8,5,1,1,6.5,4.5,2.0,0,9,10,1.0,PREREGISTERED_PRIMARY_ANALYSIS_COMPLETED,True,0.4,0.3779907119774371,0.8313042073109788,0.8714126807563959,-0.831304207310979,0.30893331490706527,False,False,False,False,,-1,nan
10,9,6,6-7-8-9,6,0,0,7.5,4.5,3.0,0,9,10,1.0,PREREGISTERED_PRIMARY_ANALYSIS_COMPLETED,True,0.05,0.04724883899717964,-0.5361082002121526,-0.7432703003337041,0.5361082002121522,0.7125879976652869,True,False,False,False,,-1,nan
10,9,6,6-7-8-9,6,0,0,7.5,4.5,3.0,0,9,10,1.0,PREREGISTERED_PRIMARY_ANALYSIS_COMPLETED,True,0.1,0.09449767799435928,-0.3816468969044019,-0.6395995550611792,0.38164689690440173,0.8543456460832409,True,False,False,False,,-1,nan
10,9,6,6-7-8-9,6,0,0,7.5,4.5,3.0,0,9,10,1.0,PREREGISTERED_PRIMARY_ANALYSIS_COMPLETED,True,0.2,0.18899535598871856,-0.11776929455809701,0.010456062291434927,0.11776929455809715,0.9861303932592883,True,False,False,False,,-1,nan
10,9,6,6-7-8-9,6,0,0,7.5,4.5,3.0,0,9,10,1.0,PREREGISTERED_PRIMARY_ANALYSIS_COMPLETED,True,0.3,0.2834930339830778,0.2734652382730478,0.4166852057842047,-0.27346523827304786,0.9252167634562651,False,False,False,False,,-1,nan
10,9,6,6-7-8-9,6,0,0,7.5,4.5,3.0,0,9,10,1.0,PREREGISTERED_PRIMARY_ANALYSIS_COMPLETED,True,0.4,0.3779907119774371,0.48647697015870145,0.6266963292547274,-0.4864769701587015,0.7633401575052098,False,False,False,False,,-1,nan
10,10,0,0-1-2-3,0,6,0,1.5,4.5,3.0,0,9,10,1.0,PREREGISTERED_PRIMARY_ANALYSIS_COMPLETED,True,0.05,0.04724883899717964,-0.9205583960406142,-0.6854282536151279,0.9205583960406141,0.15257223947913132,True,True,True,True,,-1,nan
10,10,0,0-1-2-3,0,6,0,1.5,4.5,3.0,0,9,10,1.0,PREREGISTERED_PRIMARY_ANALYSIS_COMPLETED,True,0.1,0.09449767799435928,-0.8155287013835544,-0.3704115684093437,0.8155287013835542,0.3349129372196539,True,True,False,False,,-1,nan
10,10,0,0-1-2-3,0,6,0,1.5,4.5,3.0,0,9,10,1.0,PREREGISTERED_PRIMARY_ANALYSIS_COMPLETED,True,0.2,0.18899535598871856,-0.5392440289257054,0.005561735261401557,0.5392440289257049,0.7092158772679731,True,False,False,False,,-1,nan
10,10,0,0-1-2-3,0,6,0,1.5,4.5,3.0,0,9,10,1.0,PREREGISTERED_PRIMARY_ANALYSIS_COMPLETED,True,0.3,0.2834930339830778,-0.024389105004192464,0.4122358175750834,0.024389105004192467,0.9994051715570945,True,False,False,False,,-1,nan
10,10,0,0-1-2-3,0,6,0,1.5,4.5,3.0,0,9,10,1.0,PREREGISTERED_PRIMARY_ANALYSIS_COMPLETED,True,0.4,0.3779907119774371,0.3223975763063087,0.7721913236929923,-0.3223975763063087,0.8960598027918181,False,False,False,False,,-1,nan
10,10,1,1-2-3-4,1,5,1,2.5,4.5,2.0,0,9,10,1.0,PREREGISTERED_PRIMARY_ANALYSIS_COMPLETED,True,0.05,0.04724883899717964,0.7156902035308764,-0.4905450500556173,-0.7156902035308766,0.4877875325699322,False,False,False,False,,-1,nan
10,10,1,1-2-3-4,1,5,1,2.5,4.5,2.0,0,9,10,1.0,PREREGISTERED_PRIMARY_ANALYSIS_COMPLETED,True,0.1,0.09449767799435928,0.4134194593894197,-0.4206896551724138,-0.41341945938941976,0.8290843505981599,False,False,False,False,,-1,nan
10,10,1,1-2-3-4,1,5,1,2.5,4.5,2.0,0,9,10,1.0,PREREGISTERED_PRIMARY_ANALYSIS_COMPLETED,True,0.2,0.18899535598871856,0.15842934030911152,-0.022914349276974413,-0.15842934030911154,0.9749001441292199,False,False,False,False,,-1,nan
10,10,1,1-2-3-4,1,5,1,2.5,4.5,2.0,0,9,10,1.0,PREREGISTERED_PRIMARY_ANALYSIS_COMPLETED,True,0.3,0.2834930339830778,0.05985944842524972,0.057174638487208,-0.05985944842524974,0.9964168464342252,False,False,False,False,,-1,nan
10,10,1,1-2-3-4,1,5,1,2.5,4.5,2.0,0,9,10,1.0,PREREGISTERED_PRIMARY_ANALYSIS_COMPLETED,True,0.4,0.3779907119774371,0.062041917671381765,0.09899888765294772,-0.06204191767138178,0.9961508004516573,False,False,False,False,,-1,nan
10,10,2,2-3-4-5,2,4,2,3.5,4.5,1.0,0,9,10,1.0,PREREGISTERED_PRIMARY_ANALYSIS_COMPLETED,True,0.05,0.04724883899717964,0.757012871395149,-0.2266963292547275,-0.7570128713951496,0.4269315125420711,False,False,False,False,,-1,nan
10,10,2,2-3-4-5,2,4,2,3.5,4.5,1.0,0,9,10,1.0,PREREGISTERED_PRIMARY_ANALYSIS_COMPLETED,True,0.1,0.09449767799435928,0.48797353584768066,-0.3161290322580645,-0.4879735358476806,0.7618818283123124,False,False,False,False,,-1,nan
10,10,2,2-3-4-5,2,4,2,3.5,4.5,1.0,0,9,10,1.0,PREREGISTERED_PRIMARY_ANALYSIS_COMPLETED,True,0.2,0.18899535598871856,0.24325919466618978,-0.5003337041156841,-0.24325919466618984,0.940824964210357,False,False,False,False,,-1,nan
10,10,2,2-3-4-5,2,4,2,3.5,4.5,1.0,0,9,10,1.0,PREREGISTERED_PRIMARY_ANALYSIS_COMPLETED,True,0.3,0.2834930339830778,0.15421979927214222,-0.3539488320355951,-0.15421979927214222,0.9762162535124601,False,False,False,False,,-1,nan
10,10,2,2-3-4-5,2,4,2,3.5,4.5,1.0,0,9,10,1.0,PREREGISTERED_PRIMARY_ANALYSIS_COMPLETED,True,0.4,0.3779907119774371,0.17226260305245122,0.22625139043381537,-0.1722626030524513,0.9703255955895939,False,False,False,False,,-1,nan
10,10,3,3-4-5-6,3,3,3,4.5,4.5,0.0,0,9,10,1.0,PREREGISTERED_PRIMARY_ANALYSIS_COMPLETED,True,0.05,0.04724883899717964,0.9085931953735245,0.07007786429365963,-0.9085931953735237,0.17445840532092882,False,False,True,False,,-1,nan
10,10,3,3-4-5-6,3,3,3,4.5,4.5,0.0,0,9,10,1.0,PREREGISTERED_PRIMARY_ANALYSIS_COMPLETED,True,0.1,0.09449767799435928,0.6978244648025492,-0.16885428253615126,-0.6978244648025496,0.5130410163230354,False,False,False,False,,-1,nan
10,10,3,3-4-5-6,3,3,3,4.5,4.5,0.0,0,9,10,1.0,PREREGISTERED_PRIMARY_ANALYSIS_COMPLETED,True,0.2,0.18899535598871856,0.41202272574539595,-0.24716351501668518,-0.41202272574539595,0.8302372734693343,False,False,False,False,,-1,nan
10,10,3,3-4-5-6,3,3,3,4.5,4.5,0.0,0,9,10,1.0,PREREGISTERED_PRIMARY_ANALYSIS_COMPLETED,True,0.3,0.2834930339830778,0.3104540360839753,0.3979977753058954,-0.31045403608397537,0.9036182914791699,False,False,False,False,,-1,nan
10,10,3,3-4-5-6,3,3,3,4.5,4.5,0.0,0,9,10,1.0,PREREGISTERED_PRIMARY_ANALYSIS_COMPLETED,True,0.4,0.3779907119774371,0.33410233881808415,0.4220244716351501,-0.3341023388180841,0.888375627196286,False,False,False,False,,-1,nan
10,10,4,4-5-6-7,4,2,2,5.5,4.5,1.0,0,9,10,1.0,PREREGISTERED_PRIMARY_ANALYSIS_COMPLETED,True,0.05,0.04724883899717964,0.7570128713893414,-0.2266963292547275,-0.7570128713893416,0.4269315125508644,False,False,False,False,,-1,nan
10,10,4,4-5-6-7,4,2,2,5.5,4.5,1.0,0,9,10,1.0,PREREGISTERED_PRIMARY_ANALYSIS_COMPLETED,True,0.1,0.09449767799435928,0.4879735358453026,-0.3161290322580645,-0.48797353584530256,0.7618818283146331,False,False,False,False,,-1,nan
10,10,4,4-5-6-7,4,2,2,5.5,4.5,1.0,0,9,10,1.0,PREREGISTERED_PRIMARY_ANALYSIS_COMPLETED,True,0.2,0.18899535598871856,0.2432591946654115,-0.5003337041156841,-0.24325919466541154,0.9408249642107352,False,False,False,False,,-1,nan
10,10,4,4-5-6-7,4,2,2,5.5,4.5,1.0,0,9,10,1.0,PREREGISTERED_PRIMARY_ANALYSIS_COMPLETED,True,0.3,0.2834930339830778,0.15421979927166565,-0.3539488320355951,-0.1542197992716656,0.976216253512607,False,False,False,False,,-1,nan
10,10,4,4-5-6-7,4,2,2,5.5,4.5,1.0,0,9,10,1.0,PREREGISTERED_PRIMARY_ANALYSIS_COMPLETED,True,0.4,0.3779907119774371,0.17226260305189872,0.22625139043381537,-0.1722626030518987,0.9703255955897843,False,False,False,False,,-1,nan
10,10,5,5-6-7-8,5,1,1,6.5,4.5,2.0,0,9,10,1.0,PREREGISTERED_PRIMARY_ANALYSIS_COMPLETED,True,0.05,0.04724883899717964,0.7156902035248798,-0.4905450500556173,-0.7156902035248798,0.4877875325785157,False,False,False,False,,-1,nan
10,10,5,5-6-7-8,5,1,1,6.5,4.5,2.0,0,9,10,1.0,PREREGISTERED_PRIMARY_ANALYSIS_COMPLETED,True,0.1,0.09449767799435928,0.41341945938655245,-0.4206896551724138,-0.4134194593865522,0.829084350600531,False,False,False,False,,-1,nan
10,10,5,5-6-7-8,5,1,1,6.5,4.5,2.0,0,9,10,1.0,PREREGISTERED_PRIMARY_ANALYSIS_COMPLETED,True,0.2,0.18899535598871856,0.15842934030873043,-0.022914349276974413,-0.15842934030873043,0.9749001441293402,False,False,False,False,,-1,nan
10,10,5,5-6-7-8,5,1,1,6.5,4.5,2.0,0,9,10,1.0,PREREGISTERED_PRIMARY_ANALYSIS_COMPLETED,True,0.3,0.2834930339830778,0.05985944842544938,0.057174638487208,-0.059859448425449414,0.9964168464342009,False,False,False,False,,-1,nan
10,10,5,5-6-7-8,5,1,1,6.5,4.5,2.0,0,9,10,1.0,PREREGISTERED_PRIMARY_ANALYSIS_COMPLETED,True,0.4,0.3779907119774371,0.06204191767179534,0.09899888765294772,-0.062041917671795295,0.9961508004516061,False,False,False,False,,-1,nan
10,10,6,6-7-8-9,6,0,0,7.5,4.5,3.0,0,9,10,1.0,PREREGISTERED_PRIMARY_ANALYSIS_COMPLETED,True,0.05,0.04724883899717964,-0.9205583960679471,-0.6854282536151279,0.9205583960679464,0.1525722394288094,True,True,True,True,,-1,nan
10,10,6,6-7-8-9,6,0,0,7.5,4.5,3.0,0,9,10,1.0,PREREGISTERED_PRIMARY_ANALYSIS_COMPLETED,True,0.1,0.09449767799435928,-0.8155287013878699,-0.3704115684093437,0.8155287013878705,0.3349129372126139,True,True,False,False,,-1,nan
10,10,6,6-7-8-9,6,0,0,7.5,4.5,3.0,0,9,10,1.0,PREREGISTERED_PRIMARY_ANALYSIS_COMPLETED,True,0.2,0.18899535598871856,-0.5392440289096133,0.005561735261401557,0.5392440289096132,0.7092158772853281,True,False,False,False,,-1,nan
10,10,6,6-7-8-9,6,0,0,7.5,4.5,3.0,0,9,10,1.0,PREREGISTERED_PRIMARY_ANALYSIS_COMPLETED,True,0.3,0.2834930339830778,-0.02438910499636557,0.4122358175750834,0.024389104996365613,0.9994051715574761,True,False,False,False,,-1,nan
10,10,6,6-7-8-9,6,0,0,7.5,4.5,3.0,0,9,10,1.0,PREREGISTERED_PRIMARY_ANALYSIS_COMPLETED,True,0.4,0.3779907119774371,0.3223975763091201,0.7721913236929923,-0.3223975763091201,0.8960598027900055,False,False,False,False,,-1,nan
10,11,0,0-1-2-3,0,6,0,1.5,4.5,3.0,0,9,10,1.0,PREREGISTERED_PRIMARY_ANALYSIS_COMPLETED,True,0.05,0.04724883899717964,-0.3497439489729569,-0.8149054505005562,0.349743948972957,0.8776791701568016,True,False,False,False,,-1,nan
10,11,0,0-1-2-3,0,6,0,1.5,4.5,3.0,0,9,10,1.0,PREREGISTERED_PRIMARY_ANALYSIS_COMPLETED,True,0.1,0.09449767799435928,-0.16590586438620095,-0.3984427141268076,0.16590586438620097,0.9724752441622678,True,False,False,False,,-1,nan
10,11,0,0-1-2-3,0,6,0,1.5,4.5,3.0,0,9,10,1.0,PREREGISTERED_PRIMARY_ANALYSIS_COMPLETED,True,0.2,0.18899535598871856,-0.045047684400025025,-0.010011123470522802,0.045047684400024976,0.9979707061301955,True,False,False,False,,-1,nan
10,11,0,0-1-2-3,0,6,0,1.5,4.5,3.0,0,9,10,1.0,PREREGISTERED_PRIMARY_ANALYSIS_COMPLETED,True,0.3,0.2834930339830778,-0.2282502110238862,-0.15194660734149054,0.22825021102388632,0.9479018411675514,True,False,False,False,,-1,nan
10,11,0,0-1-2-3,0,6,0,1.5,4.5,3.0,0,9,10,1.0,PREREGISTERED_PRIMARY_ANALYSIS_COMPLETED,True,0.4,0.3779907119774371,-0.37488927693080215,-0.23515016685205786,0.3748892769308023,0.8594580300423001,True,False,False,False,,-1,nan
10,11,1,1-2-3-4,1,5,1,2.5,4.5,2.0,0,9,10,1.0,PREREGISTERED_PRIMARY_ANALYSIS_COMPLETED,True,0.05,0.04724883899717964,-0.9513853361928815,-0.9038932146829811,0.9513853361928811,0.09486594207715851,True,True,True,True,,-1,nan
10,11,1,1-2-3-4,1,5,1,2.5,4.5,2.0,0,9,10,1.0,PREREGISTERED_PRIMARY_ANALYSIS_COMPLETED,True,0.1,0.09449767799435928,-0.9302363110027708,-0.8994438264738599,0.9302363110027715,0.13466040569195534,True,True,True,True,,-1,nan
10,11,1,1-2-3-4,1,5,1,2.5,4.5,2.0,0,9,10,1.0,PREREGISTERED_PRIMARY_ANALYSIS_COMPLETED,True,0.2,0.18899535598871856,-0.9528682109618825,-0.9590656284760846,0.9528682109618826,0.09204217253830173,True,True,True,True,,-1,nan
10,11,1,1-2-3-4,1,5,1,2.5,4.5,2.0,0,9,10,1.0,PREREGISTERED_PRIMARY_ANALYSIS_COMPLETED,True,0.3,0.2834930339830778,-0.9657059887389021,-0.921245828698554,0.9657059887389019,0.06741194331381917,True,True,True,True,,-1,nan
10,11,1,1-2-3-4,1,5,1,2.5,4.5,2.0,0,9,10,1.0,PREREGISTERED_PRIMARY_ANALYSIS_COMPLETED,True,0.4,0.3779907119774371,-0.9712915023015852,-0.8309232480533927,0.9712915023015855,0.05659281755672863,True,True,True,True,,-1,nan
10,11,2,2-3-4-5,2,4,2,3.5,4.5,1.0,0,9,10,1.0,PREREGISTERED_PRIMARY_ANALYSIS_COMPLETED,True,0.05,0.04724883899717964,-0.6675137149592739,-0.9403781979977753,0.6675137149592738,0.5544254403412691,True,False,False,False,,-1,nan
10,11,2,2-3-4-5,2,4,2,3.5,4.5,1.0,0,9,10,1.0,PREREGISTERED_PRIMARY_ANALYSIS_COMPLETED,True,0.1,0.09449767799435928,-0.610293533784396,-0.9172413793103448,0.6102935337843962,0.6275418026209544,True,False,False,False,,-1,nan
10,11,2,2-3-4-5,2,4,2,3.5,4.5,1.0,0,9,10,1.0,PREREGISTERED_PRIMARY_ANALYSIS_COMPLETED,True,0.2,0.18899535598871856,-0.7757373203785263,-0.8901001112347052,0.7757373203785262,0.3982316097719435,True,False,False,False,,-1,nan
10,11,2,2-3-4-5,2,4,2,3.5,4.5,1.0,0,9,10,1.0,PREREGISTERED_PRIMARY_ANALYSIS_COMPLETED,True,0.3,0.2834930339830778,-0.8759616048839431,-0.7441601779755282,0.8759616048839431,0.23269126676914662,True,True,False,False,,-1,nan
10,11,2,2-3-4-5,2,4,2,3.5,4.5,1.0,0,9,10,1.0,PREREGISTERED_PRIMARY_ANALYSIS_COMPLETED,True,0.4,0.3779907119774371,-0.9129312644961342,-0.6836484983314793,0.9129312644961343,0.16655650630548913,True,True,True,True,,-1,nan
10,11,3,3-4-5-6,3,3,3,4.5,4.5,0.0,0,9,10,1.0,PREREGISTERED_PRIMARY_ANALYSIS_COMPLETED,True,0.05,0.04724883899717964,-0.6077267127790057,-0.1599555061179088,0.6077267127790058,0.6306682425748239,True,False,False,False,,-1,nan
10,11,3,3-4-5-6,3,3,3,4.5,4.5,0.0,0,9,10,1.0,PREREGISTERED_PRIMARY_ANALYSIS_COMPLETED,True,0.1,0.09449767799435928,-0.40568130089627163,-0.071412680756396,0.40568130089627163,0.8354226821031087,True,False,False,False,,-1,nan
10,11,3,3-4-5-6,3,3,3,4.5,4.5,0.0,0,9,10,1.0,PREREGISTERED_PRIMARY_ANALYSIS_COMPLETED,True,0.2,0.18899535598871856,-0.41324950643744485,-0.19154616240266964,0.4132495064374449,0.8292248454292079,True,False,False,False,,-1,nan
10,11,3,3-4-5-6,3,3,3,4.5,4.5,0.0,0,9,10,1.0,PREREGISTERED_PRIMARY_ANALYSIS_COMPLETED,True,0.3,0.2834930339830778,-0.40641012342896243,-0.07586206896551724,0.4064101234289624,0.8348308115744554,True,False,False,False,,-1,nan
10,11,3,3-4-5-6,3,3,3,4.5,4.5,0.0,0,9,10,1.0,PREREGISTERED_PRIMARY_ANALYSIS_COMPLETED,True,0.4,0.3779907119774371,-0.34664301527676994,0.05183537263626252,0.3466430152767698,0.8798386199598288,True,False,False,False,,-1,nan
10,11,4,4-5-6-7,4,2,2,5.5,4.5,1.0,0,9,10,1.0,PREREGISTERED_PRIMARY_ANALYSIS_COMPLETED,True,0.05,0.04724883899717964,-0.6675137150537785,-0.9403781979977753,0.6675137150537788,0.5544254402151031,True,False,False,False,,-1,nan
10,11,4,4-5-6-7,4,2,2,5.5,4.5,1.0,0,9,10,1.0,PREREGISTERED_PRIMARY_ANALYSIS_COMPLETED,True,0.1,0.09449767799435928,-0.6102935338225575,-0.9172413793103448,0.6102935338225571,0.6275418025743752,True,False,False,False,,-1,nan
10,11,4,4-5-6-7,4,2,2,5.5,4.5,1.0,0,9,10,1.0,PREREGISTERED_PRIMARY_ANALYSIS_COMPLETED,True,0.2,0.18899535598871856,-0.7757373203955068,-0.8901001112347052,0.7757373203955074,0.39823160974559835,True,False,False,False,,-1,nan
10,11,4,4-5-6-7,4,2,2,5.5,4.5,1.0,0,9,10,1.0,PREREGISTERED_PRIMARY_ANALYSIS_COMPLETED,True,0.3,0.2834930339830778,-0.8759616048936872,-0.7441601779755282,0.8759616048936877,0.23269126675207502,True,True,False,False,,-1,nan
10,11,4,4-5-6-7,4,2,2,5.5,4.5,1.0,0,9,10,1.0,PREREGISTERED_PRIMARY_ANALYSIS_COMPLETED,True,0.4,0.3779907119774371,-0.9129312645032774,-0.6836484983314793,0.9129312645032774,0.16655650629244717,True,True,True,True,,-1,nan
10,11,5,5-6-7-8,5,1,1,6.5,4.5,2.0,0,9,10,1.0,PREREGISTERED_PRIMARY_ANALYSIS_COMPLETED,True,0.05,0.04724883899717964,-0.9513853361723532,-0.9038932146829811,0.9513853361723532,0.0948659421162177,True,True,True,True,,-1,nan
10,11,5,5-6-7-8,5,1,1,6.5,4.5,2.0,0,9,10,1.0,PREREGISTERED_PRIMARY_ANALYSIS_COMPLETED,True,0.1,0.09449767799435928,-0.9302363109902274,-0.8994438264738599,0.9302363109902275,0.13466040571529278,True,True,True,True,,-1,nan
10,11,5,5-6-7-8,5,1,1,6.5,4.5,2.0,0,9,10,1.0,PREREGISTERED_PRIMARY_ANALYSIS_COMPLETED,True,0.2,0.18899535598871856,-0.9528682109568979,-0.9590656284760846,0.9528682109568972,0.09204217254780152,True,True,True,True,,-1,nan
10,11,5,5-6-7-8,5,1,1,6.5,4.5,2.0,0,9,10,1.0,PREREGISTERED_PRIMARY_ANALYSIS_COMPLETED,True,0.3,0.2834930339830778,-0.9657059887361735,-0.921245828698554,0.9657059887361733,0.0674119433190896,True,True,True,True,,-1,nan
10,11,5,5-6-7-8,5,1,1,6.5,4.5,2.0,0,9,10,1.0,PREREGISTERED_PRIMARY_ANALYSIS_COMPLETED,True,0.4,0.3779907119774371,-0.9712915022995924,-0.8309232480533927,0.9712915022995919,0.05659281756060156,True,True,True,True,,-1,nan
10,11,6,6-7-8-9,6,0,0,7.5,4.5,3.0,0,9,10,1.0,PREREGISTERED_PRIMARY_ANALYSIS_COMPLETED,True,0.05,0.04724883899717964,-0.3497439490266708,-0.8149054505005562,0.34974394902667066,0.8776791701192297,True,False,False,False,,-1,nan
10,11,6,6-7-8-9,6,0,0,7.5,4.5,3.0,0,9,10,1.0,PREREGISTERED_PRIMARY_ANALYSIS_COMPLETED,True,0.1,0.09449767799435928,-0.16590586438440844,-0.3984427141268076,0.16590586438440857,0.9724752441628626,True,False,False,False,,-1,nan
10,11,6,6-7-8-9,6,0,0,7.5,4.5,3.0,0,9,10,1.0,PREREGISTERED_PRIMARY_ANALYSIS_COMPLETED,True,0.2,0.18899535598871856,-0.04504768439812714,-0.010011123470522802,0.0450476843981271,0.9979707061303666,True,False,False,False,,-1,nan
10,11,6,6-7-8-9,6,0,0,7.5,4.5,3.0,0,9,10,1.0,PREREGISTERED_PRIMARY_ANALYSIS_COMPLETED,True,0.3,0.2834930339830778,-0.22825021101700302,-0.15194660734149054,0.2282502110170032,0.9479018411706933,True,False,False,False,,-1,nan
10,11,6,6-7-8-9,6,0,0,7.5,4.5,3.0,0,9,10,1.0,PREREGISTERED_PRIMARY_ANALYSIS_COMPLETED,True,0.4,0.3779907119774371,-0.3748892769211273,-0.23515016685205786,0.3748892769211273,0.8594580300495545,True,False,False,False,,-1,nan
10,12,0,0-1-2-3,0,6,0,1.5,4.5,3.0,0,9,10,1.0,PREREGISTERED_PRIMARY_ANALYSIS_COMPLETED,True,0.05,0.04724883899717964,-0.00906069365664203,-0.5719688542825361,0.00906069365664209,0.9999179038304606,True,False,False,False,,-1,nan
10,12,0,0-1-2-3,0,6,0,1.5,4.5,3.0,0,9,10,1.0,PREREGISTERED_PRIMARY_ANALYSIS_COMPLETED,True,0.1,0.09449767799435928,-0.10181262884285835,-0.5546162402669632,0.10181262884285835,0.9896341886081063,True,False,False,False,,-1,nan
10,12,0,0-1-2-3,0,6,0,1.5,4.5,3.0,0,9,10,1.0,PREREGISTERED_PRIMARY_ANALYSIS_COMPLETED,True,0.2,0.18899535598871856,-0.2886270522379998,-0.4487208008898776,0.28862705223799984,0.9166944247164031,True,False,False,False,,-1,nan
10,12,0,0-1-2-3,0,6,0,1.5,4.5,3.0,0,9,10,1.0,PREREGISTERED_PRIMARY_ANALYSIS_COMPLETED,True,0.3,0.2834930339830778,-0.4483657401898699,-0.26184649610678534,0.44836574018987,0.7989681630239901,True,False,False,False,,-1,nan
10,12,0,0-1-2-3,0,6,0,1.5,4.5,3.0,0,9,10,1.0,PREREGISTERED_PRIMARY_ANALYSIS_COMPLETED,True,0.4,0.3779907119774371,-0.5029365992198555,-0.2729699666295884,0.5029365992198552,0.7470547771651668,True,False,False,False,,-1,nan
10,12,1,1-2-3-4,1,5,1,2.5,4.5,2.0,0,9,10,1.0,PREREGISTERED_PRIMARY_ANALYSIS_COMPLETED,True,0.05,0.04724883899717964,-0.7697686160883941,-0.8126807563959955,0.7697686160883941,0.40745627768535886,True,False,False,False,,-1,nan
10,12,1,1-2-3-4,1,5,1,2.5,4.5,2.0,0,9,10,1.0,PREREGISTERED_PRIMARY_ANALYSIS_COMPLETED,True,0.1,0.09449767799435928,-0.5440690811056145,-0.7868743047830923,0.5440690811056146,0.7039888349848923,True,False,False,False,,-1,nan
10,12,1,1-2-3-4,1,5,1,2.5,4.5,2.0,0,9,10,1.0,PREREGISTERED_PRIMARY_ANALYSIS_COMPLETED,True,0.2,0.18899535598871856,-0.1976950431261068,-0.5145717463848721,0.19769504312610678,0.9609166699233663,True,False,False,False,,-1,nan
10,12,1,1-2-3-4,1,5,1,2.5,4.5,2.0,0,9,10,1.0,PREREGISTERED_PRIMARY_ANALYSIS_COMPLETED,True,0.3,0.2834930339830778,0.05199952344209781,0.058954393770856504,-0.051999523442097816,0.997296049561795,False,False,False,False,,-1,nan
10,12,1,1-2-3-4,1,5,1,2.5,4.5,2.0,0,9,10,1.0,PREREGISTERED_PRIMARY_ANALYSIS_COMPLETED,True,0.4,0.3779907119774371,0.18871253042469524,0.33704115684093433,-0.18871253042469527,0.9643875808607086,False,False,False,False,,-1,nan
10,12,2,2-3-4-5,2,4,2,3.5,4.5,1.0,0,9,10,1.0,PREREGISTERED_PRIMARY_ANALYSIS_COMPLETED,True,0.05,0.04724883899717964,0.5323603468403744,-0.4420467185761958,-0.5323603468403743,0.7165924611119964,False,False,False,False,,-1,nan
10,12,2,2-3-4-5,2,4,2,3.5,4.5,1.0,0,9,10,1.0,PREREGISTERED_PRIMARY_ANALYSIS_COMPLETED,True,0.1,0.09449767799435928,0.24327203308431675,-0.5555061179087876,-0.24327203308431675,0.9408187179190235,False,False,False,False,,-1,nan
10,12,2,2-3-4-5,2,4,2,3.5,4.5,1.0,0,9,10,1.0,PREREGISTERED_PRIMARY_ANALYSIS_COMPLETED,True,0.2,0.18899535598871856,0.024737389754492575,-0.5105672969966629,-0.024737389754492578,0.9993880615481342,False,False,False,False,,-1,nan
10,12,2,2-3-4-5,2,4,2,3.5,4.5,1.0,0,9,10,1.0,PREREGISTERED_PRIMARY_ANALYSIS_COMPLETED,True,0.3,0.2834930339830778,-0.01704075663404941,-0.029588431590656286,0.01704075663404938,0.9997096126133391,True,False,False,False,,-1,nan
10,12,2,2-3-4-5,2,4,2,3.5,4.5,1.0,0,9,10,1.0,PREREGISTERED_PRIMARY_ANALYSIS_COMPLETED,True,0.4,0.3779907119774371,0.03815550887724442,0.21913236929922134,-0.038155508877244435,0.9985441571423185,False,False,False,False,,-1,nan
10,12,3,3-4-5-6,3,3,3,4.5,4.5,0.0,0,9,10,1.0,PREREGISTERED_PRIMARY_ANALYSIS_COMPLETED,True,0.05,0.04724883899717964,0.8434255823582303,0.06162402669632924,-0.8434255823582301,0.28863328702368085,False,False,False,False,,-1,nan
10,12,3,3-4-5-6,3,3,3,4.5,4.5,0.0,0,9,10,1.0,PREREGISTERED_PRIMARY_ANALYSIS_COMPLETED,True,0.1,0.09449767799435928,0.6729367865847141,-0.06473859844271414,-0.6729367865847138,0.547156081261039,False,False,False,False,,-1,nan
10,12,3,3-4-5-6,3,3,3,4.5,4.5,0.0,0,9,10,1.0,PREREGISTERED_PRIMARY_ANALYSIS_COMPLETED,True,0.2,0.18899535598871856,0.6005924112305353,-0.1604004449388209,-0.6005924112305349,0.6392887555722916,False,False,False,False,,-1,nan
10,12,3,3-4-5-6,3,3,3,4.5,4.5,0.0,0,9,10,1.0,PREREGISTERED_PRIMARY_ANALYSIS_COMPLETED,True,0.3,0.2834930339830778,0.6782100173499497,0.014460511679644046,-0.6782100173499493,0.540031172366181,False,False,False,False,,-1,nan
10,12,3,3-4-5-6,3,3,3,4.5,4.5,0.0,0,9,10,1.0,PREREGISTERED_PRIMARY_ANALYSIS_COMPLETED,True,0.4,0.3779907119774371,0.7423820703373575,0.6605116796440489,-0.742382070337357,0.44886886164161915,False,False,False,False,,-1,nan
10,12,4,4-5-6-7,4,2,2,5.5,4.5,1.0,0,9,10,1.0,PREREGISTERED_PRIMARY_ANALYSIS_COMPLETED,True,0.05,0.04724883899717964,0.5323603468643151,-0.4420467185761958,-0.5323603468643147,0.7165924610865065,False,False,False,False,,-1,nan
10,12,4,4-5-6-7,4,2,2,5.5,4.5,1.0,0,9,10,1.0,PREREGISTERED_PRIMARY_ANALYSIS_COMPLETED,True,0.1,0.09449767799435928,0.24327203308769182,-0.5555061179087876,-0.2432720330876917,0.9408187179173806,False,False,False,False,,-1,nan
10,12,4,4-5-6-7,4,2,2,5.5,4.5,1.0,0,9,10,1.0,PREREGISTERED_PRIMARY_ANALYSIS_COMPLETED,True,0.2,0.18899535598871856,0.02473738975522841,-0.5105672969966629,-0.0247373897552284,0.9993880615480978,False,False,False,False,,-1,nan
10,12,4,4-5-6-7,4,2,2,5.5,4.5,1.0,0,9,10,1.0,PREREGISTERED_PRIMARY_ANALYSIS_COMPLETED,True,0.3,0.2834930339830778,-0.01704075663364356,-0.029588431590656286,0.017040756633643572,0.9997096126133528,True,False,False,False,,-1,nan
10,12,4,4-5-6-7,4,2,2,5.5,4.5,1.0,0,9,10,1.0,PREREGISTERED_PRIMARY_ANALYSIS_COMPLETED,True,0.4,0.3779907119774371,0.038155508877406465,0.21913236929922134,-0.038155508877406465,0.998544157142306,False,False,False,False,,-1,nan
10,12,5,5-6-7-8,5,1,1,6.5,4.5,2.0,0,9,10,1.0,PREREGISTERED_PRIMARY_ANALYSIS_COMPLETED,True,0.05,0.04724883899717964,-0.7697686160115298,-0.8126807563959955,0.7697686160115296,0.40745627780369437,True,False,False,False,,-1,nan
10,12,5,5-6-7-8,5,1,1,6.5,4.5,2.0,0,9,10,1.0,PREREGISTERED_PRIMARY_ANALYSIS_COMPLETED,True,0.1,0.09449767799435928,-0.5440690810707489,-0.7868743047830923,0.544069081070749,0.7039888350228304,True,False,False,False,,-1,nan
10,12,5,5-6-7-8,5,1,1,6.5,4.5,2.0,0,9,10,1.0,PREREGISTERED_PRIMARY_ANALYSIS_COMPLETED,True,0.2,0.18899535598871856,-0.19769504312135072,-0.5145717463848721,0.19769504312135064,0.9609166699252473,True,False,False,False,,-1,nan
10,12,5,5-6-7-8,5,1,1,6.5,4.5,2.0,0,9,10,1.0,PREREGISTERED_PRIMARY_ANALYSIS_COMPLETED,True,0.3,0.2834930339830778,0.05199952343981915,0.058954393770856504,-0.05199952343981915,0.9972960495620316,False,False,False,False,,-1,nan
10,12,5,5-6-7-8,5,1,1,6.5,4.5,2.0,0,9,10,1.0,PREREGISTERED_PRIMARY_ANALYSIS_COMPLETED,True,0.4,0.3779907119774371,0.1887125304205788,0.33704115684093433,-0.18871253042057884,0.964387580862262,False,False,False,False,,-1,nan
10,12,6,6-7-8-9,6,0,0,7.5,4.5,3.0,0,9,10,1.0,PREREGISTERED_PRIMARY_ANALYSIS_COMPLETED,True,0.05,0.04724883899717964,-0.009060693655946868,-0.5719688542825361,0.009060693655946863,0.9999179038304732,True,False,False,False,,-1,nan
10,12,6,6-7-8-9,6,0,0,7.5,4.5,3.0,0,9,10,1.0,PREREGISTERED_PRIMARY_ANALYSIS_COMPLETED,True,0.1,0.09449767799435928,-0.10181262884449363,-0.5546162402669632,0.10181262884449363,0.9896341886077734,True,False,False,False,,-1,nan
10,12,6,6-7-8-9,6,0,0,7.5,4.5,3.0,0,9,10,1.0,PREREGISTERED_PRIMARY_ANALYSIS_COMPLETED,True,0.2,0.18899535598871856,-0.2886270522413604,-0.4487208008898776,0.28862705224136054,0.9166944247144628,True,False,False,False,,-1,nan
10,12,6,6-7-8-9,6,0,0,7.5,4.5,3.0,0,9,10,1.0,PREREGISTERED_PRIMARY_ANALYSIS_COMPLETED,True,0.3,0.2834930339830778,-0.44836574019427117,-0.26184649610678534,0.44836574019427117,0.7989681630200434,True,False,False,False,,-1,nan
10,12,6,6-7-8-9,6,0,0,7.5,4.5,3.0,0,9,10,1.0,PREREGISTERED_PRIMARY_ANALYSIS_COMPLETED,True,0.4,0.3779907119774371,-0.5029365992245497,-0.2729699666295884,0.5029365992245497,0.7470547771604445,True,False,False,False,,-1,nan
12,1,0,0-1-2-3,0,8,0,1.5,5.5,4.0,0,4,5,0.4166666666666667,MODULAR_SECTOR_UNDEFINED_RANK_DEFICIENT,False,0.05,0.04724883899717964,nan,nan,nan,nan,,,,,POSITIVITY_GATE_FAIL,0,0.0
12,1,0,0-1-2-3,0,8,0,1.5,5.5,4.0,0,4,5,0.4166666666666667,MODULAR_SECTOR_UNDEFINED_RANK_DEFICIENT,False,0.1,0.09449767799435928,nan,nan,nan,nan,,,,,POSITIVITY_GATE_FAIL,0,0.0
12,1,0,0-1-2-3,0,8,0,1.5,5.5,4.0,0,4,5,0.4166666666666667,MODULAR_SECTOR_UNDEFINED_RANK_DEFICIENT,False,0.2,0.18899535598871856,nan,nan,nan,nan,,,,,POSITIVITY_GATE_FAIL,0,0.0
12,1,0,0-1-2-3,0,8,0,1.5,5.5,4.0,0,4,5,0.4166666666666667,MODULAR_SECTOR_UNDEFINED_RANK_DEFICIENT,False,0.3,0.2834930339830778,nan,nan,nan,nan,,,,,POSITIVITY_GATE_FAIL,0,0.0
12,1,0,0-1-2-3,0,8,0,1.5,5.5,4.0,0,4,5,0.4166666666666667,MODULAR_SECTOR_UNDEFINED_RANK_DEFICIENT,False,0.4,0.3779907119774371,nan,nan,nan,nan,,,,,POSITIVITY_GATE_FAIL,0,0.0
12,1,1,1-2-3-4,1,7,1,2.5,5.5,3.0,0,5,6,0.5,MODULAR_SECTOR_UNDEFINED_RANK_DEFICIENT,False,0.05,0.04724883899717964,nan,nan,nan,nan,,,,,POSITIVITY_GATE_FAIL,0,0.0
12,1,1,1-2-3-4,1,7,1,2.5,5.5,3.0,0,5,6,0.5,MODULAR_SECTOR_UNDEFINED_RANK_DEFICIENT,False,0.1,0.09449767799435928,nan,nan,nan,nan,,,,,POSITIVITY_GATE_FAIL,0,0.0
12,1,1,1-2-3-4,1,7,1,2.5,5.5,3.0,0,5,6,0.5,MODULAR_SECTOR_UNDEFINED_RANK_DEFICIENT,False,0.2,0.18899535598871856,nan,nan,nan,nan,,,,,POSITIVITY_GATE_FAIL,0,0.0
12,1,1,1-2-3-4,1,7,1,2.5,5.5,3.0,0,5,6,0.5,MODULAR_SECTOR_UNDEFINED_RANK_DEFICIENT,False,0.3,0.2834930339830778,nan,nan,nan,nan,,,,,POSITIVITY_GATE_FAIL,0,0.0
12,1,1,1-2-3-4,1,7,1,2.5,5.5,3.0,0,5,6,0.5,MODULAR_SECTOR_UNDEFINED_RANK_DEFICIENT,False,0.4,0.3779907119774371,nan,nan,nan,nan,,,,,POSITIVITY_GATE_FAIL,0,0.0
12,1,2,2-3-4-5,2,6,2,3.5,5.5,2.0,1,6,6,0.5,MODULAR_SECTOR_UNDEFINED_RANK_DEFICIENT,False,0.05,0.04724883899717964,nan,nan,nan,nan,,,,,POSITIVITY_GATE_FAIL,0,0.0
12,1,2,2-3-4-5,2,6,2,3.5,5.5,2.0,1,6,6,0.5,MODULAR_SECTOR_UNDEFINED_RANK_DEFICIENT,False,0.1,0.09449767799435928,nan,nan,nan,nan,,,,,POSITIVITY_GATE_FAIL,0,0.0
12,1,2,2-3-4-5,2,6,2,3.5,5.5,2.0,1,6,6,0.5,MODULAR_SECTOR_UNDEFINED_RANK_DEFICIENT,False,0.2,0.18899535598871856,nan,nan,nan,nan,,,,,POSITIVITY_GATE_FAIL,0,0.0
12,1,2,2-3-4-5,2,6,2,3.5,5.5,2.0,1,6,6,0.5,MODULAR_SECTOR_UNDEFINED_RANK_DEFICIENT,False,0.3,0.2834930339830778,nan,nan,nan,nan,,,,,POSITIVITY_GATE_FAIL,0,0.0
12,1,2,2-3-4-5,2,6,2,3.5,5.5,2.0,1,6,6,0.5,MODULAR_SECTOR_UNDEFINED_RANK_DEFICIENT,False,0.4,0.3779907119774371,nan,nan,nan,nan,,,,,POSITIVITY_GATE_FAIL,0,0.0
12,1,3,3-4-5-6,3,5,3,4.5,5.5,1.0,2,7,6,0.5,MODULAR_SECTOR_UNDEFINED_RANK_DEFICIENT,False,0.05,0.04724883899717964,nan,nan,nan,nan,,,,,POSITIVITY_GATE_FAIL,0,0.0
12,1,3,3-4-5-6,3,5,3,4.5,5.5,1.0,2,7,6,0.5,MODULAR_SECTOR_UNDEFINED_RANK_DEFICIENT,False,0.1,0.09449767799435928,nan,nan,nan,nan,,,,,POSITIVITY_GATE_FAIL,0,0.0
12,1,3,3-4-5-6,3,5,3,4.5,5.5,1.0,2,7,6,0.5,MODULAR_SECTOR_UNDEFINED_RANK_DEFICIENT,False,0.2,0.18899535598871856,nan,nan,nan,nan,,,,,POSITIVITY_GATE_FAIL,0,0.0
12,1,3,3-4-5-6,3,5,3,4.5,5.5,1.0,2,7,6,0.5,MODULAR_SECTOR_UNDEFINED_RANK_DEFICIENT,False,0.3,0.2834930339830778,nan,nan,nan,nan,,,,,POSITIVITY_GATE_FAIL,0,0.0
12,1,3,3-4-5-6,3,5,3,4.5,5.5,1.0,2,7,6,0.5,MODULAR_SECTOR_UNDEFINED_RANK_DEFICIENT,False,0.4,0.3779907119774371,nan,nan,nan,nan,,,,,POSITIVITY_GATE_FAIL,0,0.0
12,1,4,4-5-6-7,4,4,4,5.5,5.5,0.0,3,8,6,0.5,MODULAR_SECTOR_UNDEFINED_RANK_DEFICIENT,False,0.05,0.04724883899717964,nan,nan,nan,nan,,,,,POSITIVITY_GATE_FAIL,0,0.0
12,1,4,4-5-6-7,4,4,4,5.5,5.5,0.0,3,8,6,0.5,MODULAR_SECTOR_UNDEFINED_RANK_DEFICIENT,False,0.1,0.09449767799435928,nan,nan,nan,nan,,,,,POSITIVITY_GATE_FAIL,0,0.0
12,1,4,4-5-6-7,4,4,4,5.5,5.5,0.0,3,8,6,0.5,MODULAR_SECTOR_UNDEFINED_RANK_DEFICIENT,False,0.2,0.18899535598871856,nan,nan,nan,nan,,,,,POSITIVITY_GATE_FAIL,0,0.0
12,1,4,4-5-6-7,4,4,4,5.5,5.5,0.0,3,8,6,0.5,MODULAR_SECTOR_UNDEFINED_RANK_DEFICIENT,False,0.3,0.2834930339830778,nan,nan,nan,nan,,,,,POSITIVITY_GATE_FAIL,0,0.0
12,1,4,4-5-6-7,4,4,4,5.5,5.5,0.0,3,8,6,0.5,MODULAR_SECTOR_UNDEFINED_RANK_DEFICIENT,False,0.4,0.3779907119774371,nan,nan,nan,nan,,,,,POSITIVITY_GATE_FAIL,0,0.0
12,1,5,5-6-7-8,5,3,3,6.5,5.5,1.0,4,9,6,0.5,MODULAR_SECTOR_UNDEFINED_RANK_DEFICIENT,False,0.05,0.04724883899717964,nan,nan,nan,nan,,,,,POSITIVITY_GATE_FAIL,0,0.0
12,1,5,5-6-7-8,5,3,3,6.5,5.5,1.0,4,9,6,0.5,MODULAR_SECTOR_UNDEFINED_RANK_DEFICIENT,False,0.1,0.09449767799435928,nan,nan,nan,nan,,,,,POSITIVITY_GATE_FAIL,0,0.0
12,1,5,5-6-7-8,5,3,3,6.5,5.5,1.0,4,9,6,0.5,MODULAR_SECTOR_UNDEFINED_RANK_DEFICIENT,False,0.2,0.18899535598871856,nan,nan,nan,nan,,,,,POSITIVITY_GATE_FAIL,0,0.0
12,1,5,5-6-7-8,5,3,3,6.5,5.5,1.0,4,9,6,0.5,MODULAR_SECTOR_UNDEFINED_RANK_DEFICIENT,False,0.3,0.2834930339830778,nan,nan,nan,nan,,,,,POSITIVITY_GATE_FAIL,0,0.0
12,1,5,5-6-7-8,5,3,3,6.5,5.5,1.0,4,9,6,0.5,MODULAR_SECTOR_UNDEFINED_RANK_DEFICIENT,False,0.4,0.3779907119774371,nan,nan,nan,nan,,,,,POSITIVITY_GATE_FAIL,0,0.0
12,1,6,6-7-8-9,6,2,2,7.5,5.5,2.0,5,10,6,0.5,MODULAR_SECTOR_UNDEFINED_RANK_DEFICIENT,False,0.05,0.04724883899717964,nan,nan,nan,nan,,,,,POSITIVITY_GATE_FAIL,0,0.0
12,1,6,6-7-8-9,6,2,2,7.5,5.5,2.0,5,10,6,0.5,MODULAR_SECTOR_UNDEFINED_RANK_DEFICIENT,False,0.1,0.09449767799435928,nan,nan,nan,nan,,,,,POSITIVITY_GATE_FAIL,0,0.0
12,1,6,6-7-8-9,6,2,2,7.5,5.5,2.0,5,10,6,0.5,MODULAR_SECTOR_UNDEFINED_RANK_DEFICIENT,False,0.2,0.18899535598871856,nan,nan,nan,nan,,,,,POSITIVITY_GATE_FAIL,0,0.0
12,1,6,6-7-8-9,6,2,2,7.5,5.5,2.0,5,10,6,0.5,MODULAR_SECTOR_UNDEFINED_RANK_DEFICIENT,False,0.3,0.2834930339830778,nan,nan,nan,nan,,,,,POSITIVITY_GATE_FAIL,0,0.0
12,1,6,6-7-8-9,6,2,2,7.5,5.5,2.0,5,10,6,0.5,MODULAR_SECTOR_UNDEFINED_RANK_DEFICIENT,False,0.4,0.3779907119774371,nan,nan,nan,nan,,,,,POSITIVITY_GATE_FAIL,0,0.0
12,1,7,7-8-9-10,7,1,1,8.5,5.5,3.0,6,11,6,0.5,MODULAR_SECTOR_UNDEFINED_RANK_DEFICIENT,False,0.05,0.04724883899717964,nan,nan,nan,nan,,,,,POSITIVITY_GATE_FAIL,0,0.0
12,1,7,7-8-9-10,7,1,1,8.5,5.5,3.0,6,11,6,0.5,MODULAR_SECTOR_UNDEFINED_RANK_DEFICIENT,False,0.1,0.09449767799435928,nan,nan,nan,nan,,,,,POSITIVITY_GATE_FAIL,0,0.0
12,1,7,7-8-9-10,7,1,1,8.5,5.5,3.0,6,11,6,0.5,MODULAR_SECTOR_UNDEFINED_RANK_DEFICIENT,False,0.2,0.18899535598871856,nan,nan,nan,nan,,,,,POSITIVITY_GATE_FAIL,0,0.0
12,1,7,7-8-9-10,7,1,1,8.5,5.5,3.0,6,11,6,0.5,MODULAR_SECTOR_UNDEFINED_RANK_DEFICIENT,False,0.3,0.2834930339830778,nan,nan,nan,nan,,,,,POSITIVITY_GATE_FAIL,0,0.0
12,1,7,7-8-9-10,7,1,1,8.5,5.5,3.0,6,11,6,0.5,MODULAR_SECTOR_UNDEFINED_RANK_DEFICIENT,False,0.4,0.3779907119774371,nan,nan,nan,nan,,,,,POSITIVITY_GATE_FAIL,0,0.0
12,1,8,8-9-10-11,8,0,0,9.5,5.5,4.0,7,11,5,0.4166666666666667,MODULAR_SECTOR_UNDEFINED_RANK_DEFICIENT,False,0.05,0.04724883899717964,nan,nan,nan,nan,,,,,POSITIVITY_GATE_FAIL,0,0.0
12,1,8,8-9-10-11,8,0,0,9.5,5.5,4.0,7,11,5,0.4166666666666667,MODULAR_SECTOR_UNDEFINED_RANK_DEFICIENT,False,0.1,0.09449767799435928,nan,nan,nan,nan,,,,,POSITIVITY_GATE_FAIL,0,0.0
12,1,8,8-9-10-11,8,0,0,9.5,5.5,4.0,7,11,5,0.4166666666666667,MODULAR_SECTOR_UNDEFINED_RANK_DEFICIENT,False,0.2,0.18899535598871856,nan,nan,nan,nan,,,,,POSITIVITY_GATE_FAIL,0,0.0
12,1,8,8-9-10-11,8,0,0,9.5,5.5,4.0,7,11,5,0.4166666666666667,MODULAR_SECTOR_UNDEFINED_RANK_DEFICIENT,False,0.3,0.2834930339830778,nan,nan,nan,nan,,,,,POSITIVITY_GATE_FAIL,0,0.0
12,1,8,8-9-10-11,8,0,0,9.5,5.5,4.0,7,11,5,0.4166666666666667,MODULAR_SECTOR_UNDEFINED_RANK_DEFICIENT,False,0.4,0.3779907119774371,nan,nan,nan,nan,,,,,POSITIVITY_GATE_FAIL,0,0.0
12,2,0,0-1-2-3,0,8,0,1.5,5.5,4.0,0,5,6,0.5,MODULAR_SECTOR_UNDEFINED_RANK_DEFICIENT,False,0.05,0.04724883899717964,nan,nan,nan,nan,,,,,POSITIVITY_GATE_FAIL,0,0.0
12,2,0,0-1-2-3,0,8,0,1.5,5.5,4.0,0,5,6,0.5,MODULAR_SECTOR_UNDEFINED_RANK_DEFICIENT,False,0.1,0.09449767799435928,nan,nan,nan,nan,,,,,POSITIVITY_GATE_FAIL,0,0.0
12,2,0,0-1-2-3,0,8,0,1.5,5.5,4.0,0,5,6,0.5,MODULAR_SECTOR_UNDEFINED_RANK_DEFICIENT,False,0.2,0.18899535598871856,nan,nan,nan,nan,,,,,POSITIVITY_GATE_FAIL,0,0.0
12,2,0,0-1-2-3,0,8,0,1.5,5.5,4.0,0,5,6,0.5,MODULAR_SECTOR_UNDEFINED_RANK_DEFICIENT,False,0.3,0.2834930339830778,nan,nan,nan,nan,,,,,POSITIVITY_GATE_FAIL,0,0.0
12,2,0,0-1-2-3,0,8,0,1.5,5.5,4.0,0,5,6,0.5,MODULAR_SECTOR_UNDEFINED_RANK_DEFICIENT,False,0.4,0.3779907119774371,nan,nan,nan,nan,,,,,POSITIVITY_GATE_FAIL,0,0.0
12,2,1,1-2-3-4,1,7,1,2.5,5.5,3.0,0,6,7,0.5833333333333334,PREREGISTERED_PRIMARY_ANALYSIS_COMPLETED,True,0.05,0.04724883899717964,0.35873254131533333,-0.43670745272525024,-0.35873254131533333,0.8713109638014427,False,False,False,False,,-1,nan
12,2,1,1-2-3-4,1,7,1,2.5,5.5,3.0,0,6,7,0.5833333333333334,PREREGISTERED_PRIMARY_ANALYSIS_COMPLETED,True,0.1,0.09449767799435928,0.20617643796617513,-0.5835372636262514,-0.20617643796617519,0.9574912764275797,False,False,False,False,,-1,nan
12,2,1,1-2-3-4,1,7,1,2.5,5.5,3.0,0,6,7,0.5833333333333334,PREREGISTERED_PRIMARY_ANALYSIS_COMPLETED,True,0.2,0.18899535598871856,0.13271494573921583,-0.6720800889877642,-0.1327149457392159,0.9823867431774369,False,False,False,False,,-1,nan
12,2,1,1-2-3-4,1,7,1,2.5,5.5,3.0,0,6,7,0.5833333333333334,PREREGISTERED_PRIMARY_ANALYSIS_COMPLETED,True,0.3,0.2834930339830778,0.14450078040472045,-0.5848720800889877,-0.14450078040472053,0.979119524462427,False,False,False,False,,-1,nan
12,2,1,1-2-3-4,1,7,1,2.5,5.5,3.0,0,6,7,0.5833333333333334,PREREGISTERED_PRIMARY_ANALYSIS_COMPLETED,True,0.4,0.3779907119774371,0.1976125745572222,-0.3045606229143492,-0.19761257455722225,0.9609492703768661,False,False,False,False,,-1,nan
12,2,2,2-3-4-5,2,6,2,3.5,5.5,2.0,0,7,8,0.6666666666666666,PREREGISTERED_PRIMARY_ANALYSIS_COMPLETED,True,0.05,0.04724883899717964,0.29199228634612057,-0.47897664071190205,-0.2919922863461205,0.9147405047143651,False,False,False,False,,-1,nan
12,2,2,2-3-4-5,2,6,2,3.5,5.5,2.0,0,7,8,0.6666666666666666,PREREGISTERED_PRIMARY_ANALYSIS_COMPLETED,True,0.1,0.09449767799435928,0.1390753000953717,-0.6013348164627365,-0.1390753000953717,0.980658060903382,False,False,False,False,,-1,nan
12,2,2,2-3-4-5,2,6,2,3.5,5.5,2.0,0,7,8,0.6666666666666666,PREREGISTERED_PRIMARY_ANALYSIS_COMPLETED,True,0.2,0.18899535598871856,0.030716486957524224,-0.7032258064516129,-0.03071648695752423,0.9990564974289879,False,False,False,False,,-1,nan
12,2,2,2-3-4-5,2,6,2,3.5,5.5,2.0,0,7,8,0.6666666666666666,PREREGISTERED_PRIMARY_ANALYSIS_COMPLETED,True,0.3,0.2834930339830778,0.010885422367754872,-0.7299221357063403,-0.010885422367754923,0.9998815075798758,False,False,False,False,,-1,nan
12,2,2,2-3-4-5,2,6,2,3.5,5.5,2.0,0,7,8,0.6666666666666666,PREREGISTERED_PRIMARY_ANALYSIS_COMPLETED,True,0.4,0.3779907119774371,0.041654014521250504,-0.7027808676307008,-0.041654014521250525,0.9982649430742638,False,False,False,False,,-1,nan
12,2,3,3-4-5-6,3,5,3,4.5,5.5,1.0,1,8,8,0.6666666666666666,PREREGISTERED_PRIMARY_ANALYSIS_COMPLETED,True,0.05,0.04724883899717964,0.2919922866301424,-0.47897664071190205,-0.2919922866301425,0.9147405045485006,False,False,False,False,,-1,nan
12,2,3,3-4-5-6,3,5,3,4.5,5.5,1.0,1,8,8,0.6666666666666666,PREREGISTERED_PRIMARY_ANALYSIS_COMPLETED,True,0.1,0.09449767799435928,0.1390753001527305,-0.6013348164627365,-0.13907530015273054,0.980658060887428,False,False,False,False,,-1,nan
12,2,3,3-4-5-6,3,5,3,4.5,5.5,1.0,1,8,8,0.6666666666666666,PREREGISTERED_PRIMARY_ANALYSIS_COMPLETED,True,0.2,0.18899535598871856,0.030716486969489424,-0.7032258064516129,-0.030716486969489424,0.9990564974282529,False,False,False,False,,-1,nan
12,2,3,3-4-5-6,3,5,3,4.5,5.5,1.0,1,8,8,0.6666666666666666,PREREGISTERED_PRIMARY_ANALYSIS_COMPLETED,True,0.3,0.2834930339830778,0.010885422377344535,-0.7299221357063403,-0.010885422377344564,0.9998815075796669,False,False,False,False,,-1,nan
12,2,3,3-4-5-6,3,5,3,4.5,5.5,1.0,1,8,8,0.6666666666666666,PREREGISTERED_PRIMARY_ANALYSIS_COMPLETED,True,0.4,0.3779907119774371,0.04165401453268254,-0.7027808676307008,-0.04165401453268256,0.9982649430733114,False,False,False,False,,-1,nan
12,2,4,4-5-6-7,4,4,4,5.5,5.5,0.0,2,9,8,0.6666666666666666,PREREGISTERED_PRIMARY_ANALYSIS_COMPLETED,True,0.05,0.04724883899717964,0.29199228597956317,-0.47897664071190205,-0.29199228597956295,0.9147405049284291,False,False,False,False,,-1,nan
12,2,4,4-5-6-7,4,4,4,5.5,5.5,0.0,2,9,8,0.6666666666666666,PREREGISTERED_PRIMARY_ANALYSIS_COMPLETED,True,0.1,0.09449767799435928,0.13907529996057244,-0.6013348164627365,-0.1390752999605725,0.980658060940877,False,False,False,False,,-1,nan
12,2,4,4-5-6-7,4,4,4,5.5,5.5,0.0,2,9,8,0.6666666666666666,PREREGISTERED_PRIMARY_ANALYSIS_COMPLETED,True,0.2,0.18899535598871856,0.030716486908505928,-0.7032258064516129,-0.030716486908505907,0.9990564974319995,False,False,False,False,,-1,nan
12,2,4,4-5-6-7,4,4,4,5.5,5.5,0.0,2,9,8,0.6666666666666666,PREREGISTERED_PRIMARY_ANALYSIS_COMPLETED,True,0.3,0.2834930339830778,0.010885422324354929,-0.7299221357063403,-0.01088542232435492,0.9998815075808206,False,False,False,False,,-1,nan
12,2,4,4-5-6-7,4,4,4,5.5,5.5,0.0,2,9,8,0.6666666666666666,PREREGISTERED_PRIMARY_ANALYSIS_COMPLETED,True,0.4,0.3779907119774371,0.04165401447109901,-0.7027808676307008,-0.041654014471099024,0.9982649430784415,False,False,False,False,,-1,nan
12,2,5,5-6-7-8,5,3,3,6.5,5.5,1.0,3,10,8,0.6666666666666666,PREREGISTERED_PRIMARY_ANALYSIS_COMPLETED,True,0.05,0.04724883899717964,0.2919922866447687,-0.47897664071190205,-0.291992286644769,0.9147405045399593,False,False,False,False,,-1,nan
12,2,5,5-6-7-8,5,3,3,6.5,5.5,1.0,3,10,8,0.6666666666666666,PREREGISTERED_PRIMARY_ANALYSIS_COMPLETED,True,0.1,0.09449767799435928,0.1390753001559909,-0.6013348164627365,-0.1390753001559909,0.9806580608865205,False,False,False,False,,-1,nan
12,2,5,5-6-7-8,5,3,3,6.5,5.5,1.0,3,10,8,0.6666666666666666,PREREGISTERED_PRIMARY_ANALYSIS_COMPLETED,True,0.2,0.18899535598871856,0.03071648697064163,-0.7032258064516129,-0.030716486970641575,0.9990564974281823,False,False,False,False,,-1,nan
12,2,5,5-6-7-8,5,3,3,6.5,5.5,1.0,3,10,8,0.6666666666666666,PREREGISTERED_PRIMARY_ANALYSIS_COMPLETED,True,0.3,0.2834930339830778,0.01088542237789393,-0.7299221357063403,-0.01088542237789397,0.999881507579655,False,False,False,False,,-1,nan
12,2,5,5-6-7-8,5,3,3,6.5,5.5,1.0,3,10,8,0.6666666666666666,PREREGISTERED_PRIMARY_ANALYSIS_COMPLETED,True,0.4,0.3779907119774371,0.04165401453327579,-0.7027808676307008,-0.0416540145332758,0.9982649430732617,False,False,False,False,,-1,nan
12,2,6,6-7-8-9,6,2,2,7.5,5.5,2.0,4,11,8,0.6666666666666666,PREREGISTERED_PRIMARY_ANALYSIS_COMPLETED,True,0.05,0.04724883899717964,0.29199228626238805,-0.47897664071190205,-0.2919922862623878,0.9147405047632637,False,False,False,False,,-1,nan
12,2,6,6-7-8-9,6,2,2,7.5,5.5,2.0,4,11,8,0.6666666666666666,PREREGISTERED_PRIMARY_ANALYSIS_COMPLETED,True,0.1,0.09449767799435928,0.1390753000762209,-0.6013348164627365,-0.13907530007622093,0.9806580609087093,False,False,False,False,,-1,nan
12,2,6,6-7-8-9,6,2,2,7.5,5.5,2.0,4,11,8,0.6666666666666666,PREREGISTERED_PRIMARY_ANALYSIS_COMPLETED,True,0.2,0.18899535598871856,0.030716486951298683,-0.7032258064516129,-0.030716486951298725,0.9990564974293706,False,False,False,False,,-1,nan
12,2,6,6-7-8-9,6,2,2,7.5,5.5,2.0,4,11,8,0.6666666666666666,PREREGISTERED_PRIMARY_ANALYSIS_COMPLETED,True,0.3,0.2834930339830778,0.010885422363113035,-0.7299221357063403,-0.010885422363113092,0.9998815075799765,False,False,False,False,,-1,nan
12,2,6,6-7-8-9,6,2,2,7.5,5.5,2.0,4,11,8,0.6666666666666666,PREREGISTERED_PRIMARY_ANALYSIS_COMPLETED,True,0.4,0.3779907119774371,0.04165401451626812,-0.7027808676307008,-0.04165401451626811,0.9982649430746782,False,False,False,False,,-1,nan
12,2,7,7-8-9-10,7,1,1,8.5,5.5,3.0,5,11,7,0.5833333333333334,PREREGISTERED_PRIMARY_ANALYSIS_COMPLETED,True,0.05,0.04724883899717964,0.35873254139212707,-0.43670745272525024,-0.35873254139212707,0.8713109637463459,False,False,False,False,,-1,nan
12,2,7,7-8-9-10,7,1,1,8.5,5.5,3.0,5,11,7,0.5833333333333334,PREREGISTERED_PRIMARY_ANALYSIS_COMPLETED,True,0.1,0.09449767799435928,0.20617643799003044,-0.5835372636262514,-0.20617643799003038,0.957491276417743,False,False,False,False,,-1,nan
12,2,7,7-8-9-10,7,1,1,8.5,5.5,3.0,5,11,7,0.5833333333333334,PREREGISTERED_PRIMARY_ANALYSIS_COMPLETED,True,0.2,0.18899535598871856,0.13271494574672696,-0.6720800889877642,-0.13271494574672693,0.9823867431754433,False,False,False,False,,-1,nan
12,2,7,7-8-9-10,7,1,1,8.5,5.5,3.0,5,11,7,0.5833333333333334,PREREGISTERED_PRIMARY_ANALYSIS_COMPLETED,True,0.3,0.2834930339830778,0.14450078041014858,-0.5848720800889877,-0.1445007804101485,0.9791195244608579,False,False,False,False,,-1,nan
12,2,7,7-8-9-10,7,1,1,8.5,5.5,3.0,5,11,7,0.5833333333333334,PREREGISTERED_PRIMARY_ANALYSIS_COMPLETED,True,0.4,0.3779907119774371,0.19761257456289386,-0.3045606229143492,-0.19761257456289383,0.9609492703746246,False,False,False,False,,-1,nan
12,2,8,8-9-10-11,8,0,0,9.5,5.5,4.0,6,11,6,0.5,MODULAR_SECTOR_UNDEFINED_RANK_DEFICIENT,False,0.05,0.04724883899717964,nan,nan,nan,nan,,,,,POSITIVITY_GATE_FAIL,0,0.0
12,2,8,8-9-10-11,8,0,0,9.5,5.5,4.0,6,11,6,0.5,MODULAR_SECTOR_UNDEFINED_RANK_DEFICIENT,False,0.1,0.09449767799435928,nan,nan,nan,nan,,,,,POSITIVITY_GATE_FAIL,0,0.0
12,2,8,8-9-10-11,8,0,0,9.5,5.5,4.0,6,11,6,0.5,MODULAR_SECTOR_UNDEFINED_RANK_DEFICIENT,False,0.2,0.18899535598871856,nan,nan,nan,nan,,,,,POSITIVITY_GATE_FAIL,0,0.0
12,2,8,8-9-10-11,8,0,0,9.5,5.5,4.0,6,11,6,0.5,MODULAR_SECTOR_UNDEFINED_RANK_DEFICIENT,False,0.3,0.2834930339830778,nan,nan,nan,nan,,,,,POSITIVITY_GATE_FAIL,0,0.0
12,2,8,8-9-10-11,8,0,0,9.5,5.5,4.0,6,11,6,0.5,MODULAR_SECTOR_UNDEFINED_RANK_DEFICIENT,False,0.4,0.3779907119774371,nan,nan,nan,nan,,,,,POSITIVITY_GATE_FAIL,0,0.0
12,3,0,0-1-2-3,0,8,0,1.5,5.5,4.0,0,6,7,0.5833333333333334,PREREGISTERED_PRIMARY_ANALYSIS_COMPLETED,True,0.05,0.04724883899717964,0.9906736537896973,-0.024249165739710785,-0.9906736537896973,0.01856571168697046,False,False,True,False,,-1,nan
12,3,0,0-1-2-3,0,8,0,1.5,5.5,4.0,0,6,7,0.5833333333333334,PREREGISTERED_PRIMARY_ANALYSIS_COMPLETED,True,0.1,0.09449767799435928,0.9734945754312024,-0.15372636262513903,-0.9734945754312031,0.05230831160602279,False,False,True,False,,-1,nan
12,3,0,0-1-2-3,0,8,0,1.5,5.5,4.0,0,6,7,0.5833333333333334,PREREGISTERED_PRIMARY_ANALYSIS_COMPLETED,True,0.2,0.18899535598871856,0.9249571625556471,0.015350389321468297,-0.9249571625556468,0.14445424743700666,False,False,True,False,,-1,nan
12,3,0,0-1-2-3,0,8,0,1.5,5.5,4.0,0,6,7,0.5833333333333334,PREREGISTERED_PRIMARY_ANALYSIS_COMPLETED,True,0.3,0.2834930339830778,0.8824799113851698,0.3890989988876529,-0.88247991138517,0.22122920600162255,False,False,False,False,,-1,nan
12,3,0,0-1-2-3,0,8,0,1.5,5.5,4.0,0,6,7,0.5833333333333334,PREREGISTERED_PRIMARY_ANALYSIS_COMPLETED,True,0.4,0.3779907119774371,0.8619240025765089,0.6587319243604004,-0.8619240025765084,0.25708701378249155,False,False,False,False,,-1,nan
12,3,1,1-2-3-4,1,7,1,2.5,5.5,3.0,0,7,8,0.6666666666666666,PREREGISTERED_PRIMARY_ANALYSIS_COMPLETED,True,0.05,0.04724883899717964,0.9812448278667112,0.23515016685205786,-0.9812448278667116,0.03715858778482743,False,False,True,False,,-1,nan
12,3,1,1-2-3-4,1,7,1,2.5,5.5,3.0,0,7,8,0.6666666666666666,PREREGISTERED_PRIMARY_ANALYSIS_COMPLETED,True,0.1,0.09449767799435928,0.9468162369350561,0.0932146829810901,-0.9468162369350565,0.10353901347613961,False,False,True,False,,-1,nan
12,3,1,1-2-3-4,1,7,1,2.5,5.5,3.0,0,7,8,0.6666666666666666,PREREGISTERED_PRIMARY_ANALYSIS_COMPLETED,True,0.2,0.18899535598871856,0.8964702516746504,0.1897664071190211,-0.8964702516746511,0.19634108786238832,False,False,True,False,,-1,nan
12,3,1,1-2-3-4,1,7,1,2.5,5.5,3.0,0,7,8,0.6666666666666666,PREREGISTERED_PRIMARY_ANALYSIS_COMPLETED,True,0.3,0.2834930339830778,0.8660937781424054,0.37174638487208006,-0.866093778142406,0.24988156746301365,False,False,False,False,,-1,nan
12,3,1,1-2-3-4,1,7,1,2.5,5.5,3.0,0,7,8,0.6666666666666666,PREREGISTERED_PRIMARY_ANALYSIS_COMPLETED,True,0.4,0.3779907119774371,0.8563308315830374,0.49499443826473855,-0.8563308315830372,0.26669750688030436,False,False,False,False,,-1,nan
12,3,2,2-3-4-5,2,6,2,3.5,5.5,2.0,0,8,9,0.75,PREREGISTERED_PRIMARY_ANALYSIS_COMPLETED,True,0.05,0.04724883899717964,0.7829237790184956,0.1439377085650723,-0.7829237790184961,0.38703035624739707,False,False,False,False,,-1,nan
12,3,2,2-3-4-5,2,6,2,3.5,5.5,2.0,0,8,9,0.75,PREREGISTERED_PRIMARY_ANALYSIS_COMPLETED,True,0.1,0.09449767799435928,0.5728268022829086,0.028253615127919914,-0.5728268022829083,0.671869454586338,False,False,False,False,,-1,nan
12,3,2,2-3-4-5,2,6,2,3.5,5.5,2.0,0,8,9,0.75,PREREGISTERED_PRIMARY_ANALYSIS_COMPLETED,True,0.2,0.18899535598871856,0.6203510639213623,0.0037819799777530586,-0.620351063921362,0.615164557491634,False,False,False,False,,-1,nan
12,3,2,2-3-4-5,2,6,2,3.5,5.5,2.0,0,8,9,0.75,PREREGISTERED_PRIMARY_ANALYSIS_COMPLETED,True,0.3,0.2834930339830778,0.7292796787922429,0.033592880978865404,-0.7292796787922423,0.4681511501006834,False,False,False,False,,-1,nan
12,3,2,2-3-4-5,2,6,2,3.5,5.5,2.0,0,8,9,0.75,PREREGISTERED_PRIMARY_ANALYSIS_COMPLETED,True,0.4,0.3779907119774371,0.7793138252035865,0.22803114571746386,-0.779313825203586,0.39266996184655456,False,False,False,False,,-1,nan
12,3,3,3-4-5-6,3,5,3,4.5,5.5,1.0,0,9,10,0.8333333333333334,PREREGISTERED_PRIMARY_ANALYSIS_COMPLETED,True,0.05,0.04724883899717964,0.8173197491179862,0.13281423804226916,-0.8173197491179867,0.33198842770171155,False,False,False,False,,-1,nan
12,3,3,3-4-5-6,3,5,3,4.5,5.5,1.0,0,9,10,0.8333333333333334,PREREGISTERED_PRIMARY_ANALYSIS_COMPLETED,True,0.1,0.09449767799435928,0.6070420465409769,0.02736373748609566,-0.6070420465409765,0.6314999537313432,False,False,False,False,,-1,nan
12,3,3,3-4-5-6,3,5,3,4.5,5.5,1.0,0,9,10,0.8333333333333334,PREREGISTERED_PRIMARY_ANALYSIS_COMPLETED,True,0.2,0.18899535598871856,0.6304419786340946,0.021134593993325918,-0.6304419786340949,0.6025429115759279,False,False,False,False,,-1,nan
12,3,3,3-4-5-6,3,5,3,4.5,5.5,1.0,0,9,10,0.8333333333333334,PREREGISTERED_PRIMARY_ANALYSIS_COMPLETED,True,0.3,0.2834930339830778,0.7318967053717392,0.0064516129032258064,-0.7318967053717396,0.4643272126659932,False,False,False,False,,-1,nan
12,3,3,3-4-5-6,3,5,3,4.5,5.5,1.0,0,9,10,0.8333333333333334,PREREGISTERED_PRIMARY_ANALYSIS_COMPLETED,True,0.4,0.3779907119774371,0.7802744643233516,0.2253615127919911,-0.780274464323352,0.391171760324906,False,False,False,False,,-1,nan
12,3,4,4-5-6-7,4,4,4,5.5,5.5,0.0,1,10,10,0.8333333333333334,PREREGISTERED_PRIMARY_ANALYSIS_COMPLETED,True,0.05,0.04724883899717964,0.8173197493134313,0.13281423804226916,-0.8173197493134309,0.3319884273822306,False,False,False,False,,-1,nan
12,3,4,4-5-6-7,4,4,4,5.5,5.5,0.0,1,10,10,0.8333333333333334,PREREGISTERED_PRIMARY_ANALYSIS_COMPLETED,True,0.1,0.09449767799435928,0.6070420467686591,0.02736373748609566,-0.6070420467686595,0.6314999534549169,False,False,False,False,,-1,nan
12,3,4,4-5-6-7,4,4,4,5.5,5.5,0.0,1,10,10,0.8333333333333334,PREREGISTERED_PRIMARY_ANALYSIS_COMPLETED,True,0.2,0.18899535598871856,0.6304419788377225,0.021134593993325918,-0.6304419788377223,0.6025429113191766,False,False,False,False,,-1,nan
12,3,4,4-5-6-7,4,4,4,5.5,5.5,0.0,1,10,10,0.8333333333333334,PREREGISTERED_PRIMARY_ANALYSIS_COMPLETED,True,0.3,0.2834930339830778,0.7318967055666225,0.0064516129032258064,-0.7318967055666227,0.46432721238072444,False,False,False,False,,-1,nan
12,3,4,4-5-6-7,4,4,4,5.5,5.5,0.0,1,10,10,0.8333333333333334,PREREGISTERED_PRIMARY_ANALYSIS_COMPLETED,True,0.4,0.3779907119774371,0.7802744645018009,0.2253615127919911,-0.7802744645018007,0.39117176004642834,False,False,False,False,,-1,nan
12,3,5,5-6-7-8,5,3,3,6.5,5.5,1.0,2,11,10,0.8333333333333334,PREREGISTERED_PRIMARY_ANALYSIS_COMPLETED,True,0.05,0.04724883899717964,0.8173197492375609,0.13281423804226916,-0.8173197492375605,0.3319884275062508,False,False,False,False,,-1,nan
12,3,5,5-6-7-8,5,3,3,6.5,5.5,1.0,2,11,10,0.8333333333333334,PREREGISTERED_PRIMARY_ANALYSIS_COMPLETED,True,0.1,0.09449767799435928,0.6070420466473786,0.02736373748609566,-0.6070420466473787,0.631499953602162,False,False,False,False,,-1,nan
12,3,5,5-6-7-8,5,3,3,6.5,5.5,1.0,2,11,10,0.8333333333333334,PREREGISTERED_PRIMARY_ANALYSIS_COMPLETED,True,0.2,0.18899535598871856,0.6304419787188829,0.021134593993325918,-0.6304419787188829,0.6025429114690196,False,False,False,False,,-1,nan
12,3,5,5-6-7-8,5,3,3,6.5,5.5,1.0,2,11,10,0.8333333333333334,PREREGISTERED_PRIMARY_ANALYSIS_COMPLETED,True,0.3,0.2834930339830778,0.7318967054511378,0.0064516129032258064,-0.7318967054511378,0.4643272125497705,False,False,False,False,,-1,nan
12,3,5,5-6-7-8,5,3,3,6.5,5.5,1.0,2,11,10,0.8333333333333334,PREREGISTERED_PRIMARY_ANALYSIS_COMPLETED,True,0.4,0.3779907119774371,0.7802744643958064,0.2253615127919911,-0.780274464395806,0.3911717602118378,False,False,False,False,,-1,nan
12,3,6,6-7-8-9,6,2,2,7.5,5.5,2.0,3,11,9,0.75,PREREGISTERED_PRIMARY_ANALYSIS_COMPLETED,True,0.05,0.04724883899717964,0.7829237790400959,0.1439377085650723,-0.7829237790400956,0.38703035621357473,False,False,False,False,,-1,nan
12,3,6,6-7-8-9,6,2,2,7.5,5.5,2.0,3,11,9,0.75,PREREGISTERED_PRIMARY_ANALYSIS_COMPLETED,True,0.1,0.09449767799435928,0.5728268023470109,0.028253615127919914,-0.5728268023470112,0.6718694545128983,False,False,False,False,,-1,nan
12,3,6,6-7-8-9,6,2,2,7.5,5.5,2.0,3,11,9,0.75,PREREGISTERED_PRIMARY_ANALYSIS_COMPLETED,True,0.2,0.18899535598871856,0.6203510640005834,0.0037819799777530586,-0.6203510640005835,0.6151645573933442,False,False,False,False,,-1,nan
12,3,6,6-7-8-9,6,2,2,7.5,5.5,2.0,3,11,9,0.75,PREREGISTERED_PRIMARY_ANALYSIS_COMPLETED,True,0.3,0.2834930339830778,0.7292796788711096,0.033592880978865404,-0.7292796788711096,0.46815114998565155,False,False,False,False,,-1,nan
12,3,6,6-7-8-9,6,2,2,7.5,5.5,2.0,3,11,9,0.75,PREREGISTERED_PRIMARY_ANALYSIS_COMPLETED,True,0.4,0.3779907119774371,0.7793138252761765,0.22803114571746386,-0.7793138252761763,0.3926699617334131,False,False,False,False,,-1,nan
12,3,7,7-8-9-10,7,1,1,8.5,5.5,3.0,4,11,8,0.6666666666666666,PREREGISTERED_PRIMARY_ANALYSIS_COMPLETED,True,0.05,0.04724883899717964,0.9812448278688011,0.23515016685205786,-0.9812448278688003,0.037158587780728315,False,False,True,False,,-1,nan
12,3,7,7-8-9-10,7,1,1,8.5,5.5,3.0,4,11,8,0.6666666666666666,PREREGISTERED_PRIMARY_ANALYSIS_COMPLETED,True,0.1,0.09449767799435928,0.946816236936177,0.0932146829810901,-0.9468162369361773,0.10353901347401702,False,False,True,False,,-1,nan
12,3,7,7-8-9-10,7,1,1,8.5,5.5,3.0,4,11,8,0.6666666666666666,PREREGISTERED_PRIMARY_ANALYSIS_COMPLETED,True,0.2,0.18899535598871856,0.8964702516764219,0.1897664071190211,-0.8964702516764217,0.1963410878592134,False,False,True,False,,-1,nan
12,3,7,7-8-9-10,7,1,1,8.5,5.5,3.0,4,11,8,0.6666666666666666,PREREGISTERED_PRIMARY_ANALYSIS_COMPLETED,True,0.3,0.2834930339830778,0.8660937781447209,0.37174638487208006,-0.8660937781447214,0.2498815674590018,False,False,False,False,,-1,nan
12,3,7,7-8-9-10,7,1,1,8.5,5.5,3.0,4,11,8,0.6666666666666666,PREREGISTERED_PRIMARY_ANALYSIS_COMPLETED,True,0.4,0.3779907119774371,0.8563308315853927,0.49499443826473855,-0.8563308315853934,0.26669750687626964,False,False,False,False,,-1,nan
12,3,8,8-9-10-11,8,0,0,9.5,5.5,4.0,5,11,7,0.5833333333333334,PREREGISTERED_PRIMARY_ANALYSIS_COMPLETED,True,0.05,0.04724883899717964,0.990673653793027,-0.024249165739710785,-0.9906736537930269,0.018565711680374145,False,False,True,False,,-1,nan
12,3,8,8-9-10-11,8,0,0,9.5,5.5,4.0,5,11,7,0.5833333333333334,PREREGISTERED_PRIMARY_ANALYSIS_COMPLETED,True,0.1,0.09449767799435928,0.9734945754337357,-0.15372636262513903,-0.9734945754337367,0.05230831160108932,False,False,True,False,,-1,nan
12,3,8,8-9-10-11,8,0,0,9.5,5.5,4.0,5,11,7,0.5833333333333334,PREREGISTERED_PRIMARY_ANALYSIS_COMPLETED,True,0.2,0.18899535598871856,0.9249571625583353,0.015350389321468297,-0.924957162558335,0.14445424743203333,False,False,True,False,,-1,nan
12,3,8,8-9-10-11,8,0,0,9.5,5.5,4.0,5,11,7,0.5833333333333334,PREREGISTERED_PRIMARY_ANALYSIS_COMPLETED,True,0.3,0.2834930339830778,0.8824799113870979,0.3890989988876529,-0.882479911387098,0.22122920599821955,False,False,False,False,,-1,nan
12,3,8,8-9-10-11,8,0,0,9.5,5.5,4.0,5,11,7,0.5833333333333334,PREREGISTERED_PRIMARY_ANALYSIS_COMPLETED,True,0.4,0.3779907119774371,0.86192400257751,0.6587319243604004,-0.8619240025775095,0.2570870137807651,False,False,False,False,,-1,nan
12,4,0,0-1-2-3,0,8,0,1.5,5.5,4.0,0,7,8,0.6666666666666666,PREREGISTERED_PRIMARY_ANALYSIS_COMPLETED,True,0.05,0.04724883899717964,-0.9644347256019689,-0.6649610678531702,0.9644347256019687,0.06986566005305557,True,True,True,True,,-1,nan
12,4,0,0-1-2-3,0,8,0,1.5,5.5,4.0,0,7,8,0.6666666666666666,PREREGISTERED_PRIMARY_ANALYSIS_COMPLETED,True,0.1,0.09449767799435928,-0.9707850519528081,-0.6756395995550611,0.9707850519528081,0.05757638290498353,True,True,True,True,,-1,nan
12,4,0,0-1-2-3,0,8,0,1.5,5.5,4.0,0,7,8,0.6666666666666666,PREREGISTERED_PRIMARY_ANALYSIS_COMPLETED,True,0.2,0.18899535598871856,-0.9849390481797212,-0.8812013348164627,0.9849390481797211,0.029895071370824214,True,True,True,True,,-1,nan
12,4,0,0-1-2-3,0,8,0,1.5,5.5,4.0,0,7,8,0.6666666666666666,PREREGISTERED_PRIMARY_ANALYSIS_COMPLETED,True,0.3,0.2834930339830778,-0.9890356974212269,-0.9817575083426029,0.9890356974212273,0.02180838922650699,True,True,True,True,,-1,nan
12,4,0,0-1-2-3,0,8,0,1.5,5.5,4.0,0,7,8,0.6666666666666666,PREREGISTERED_PRIMARY_ANALYSIS_COMPLETED,True,0.4,0.3779907119774371,-0.9910038506662309,-0.9092324805339266,0.9910038506662304,0.01791136796470343,True,True,True,True,,-1,nan
12,4,1,1-2-3-4,1,7,1,2.5,5.5,3.0,0,8,9,0.75,PREREGISTERED_PRIMARY_ANALYSIS_COMPLETED,True,0.05,0.04724883899717964,-0.9930864103290044,-0.9555061179087875,0.9930864103290042,0.01377938161985214,True,True,True,True,,-1,nan
12,4,1,1-2-3-4,1,7,1,2.5,5.5,3.0,0,8,9,0.75,PREREGISTERED_PRIMARY_ANALYSIS_COMPLETED,True,0.1,0.09449767799435928,-0.9848722855283113,-0.9515016685205783,0.9848722855283111,0.030026581198240844,True,True,True,True,,-1,nan
12,4,1,1-2-3-4,1,7,1,2.5,5.5,3.0,0,8,9,0.75,PREREGISTERED_PRIMARY_ANALYSIS_COMPLETED,True,0.2,0.18899535598871856,-0.96796280273394,-0.9724137931034482,0.9679628027339413,0.06304801252345364,True,True,True,True,,-1,nan
12,4,1,1-2-3-4,1,7,1,2.5,5.5,3.0,0,8,9,0.75,PREREGISTERED_PRIMARY_ANALYSIS_COMPLETED,True,0.3,0.2834930339830778,-0.9561211112246296,-0.9853170189098998,0.9561211112246296,0.08583242067057949,True,True,True,True,,-1,nan
12,4,1,1-2-3-4,1,7,1,2.5,5.5,3.0,0,8,9,0.75,PREREGISTERED_PRIMARY_ANALYSIS_COMPLETED,True,0.4,0.3779907119774371,-0.9520948905505335,-0.9483870967741934,0.9520948905505334,0.09351531938756781,True,True,True,True,,-1,nan
12,4,2,2-3-4-5,2,6,2,3.5,5.5,2.0,0,9,10,0.8333333333333334,PREREGISTERED_PRIMARY_ANALYSIS_COMPLETED,True,0.05,0.04724883899717964,0.4054289035467728,-0.22313681868743046,-0.40542890354677324,0.8356274041688614,False,False,False,False,,-1,nan
12,4,2,2-3-4-5,2,6,2,3.5,5.5,2.0,0,9,10,0.8333333333333334,PREREGISTERED_PRIMARY_ANALYSIS_COMPLETED,True,0.1,0.09449767799435928,0.22335300153784982,-0.5092324805339266,-0.22335300153784984,0.9501134367040333,False,False,False,False,,-1,nan
12,4,2,2-3-4-5,2,6,2,3.5,5.5,2.0,0,9,10,0.8333333333333334,PREREGISTERED_PRIMARY_ANALYSIS_COMPLETED,True,0.2,0.18899535598871856,0.1641285722124692,0.08120133481646273,-0.16412857221246918,0.9730618117834959,False,False,False,False,,-1,nan
12,4,2,2-3-4-5,2,6,2,3.5,5.5,2.0,0,9,10,0.8333333333333334,PREREGISTERED_PRIMARY_ANALYSIS_COMPLETED,True,0.3,0.2834930339830778,0.26618761039629096,0.35839822024471635,-0.266187610396291,0.9291441560715121,False,False,False,False,,-1,nan
12,4,2,2-3-4-5,2,6,2,3.5,5.5,2.0,0,9,10,0.8333333333333334,PREREGISTERED_PRIMARY_ANALYSIS_COMPLETED,True,0.4,0.3779907119774371,0.3837461668775413,0.46785317018909905,-0.3837461668775412,0.8527388794067944,False,False,False,False,,-1,nan
12,4,3,3-4-5-6,3,5,3,4.5,5.5,1.0,0,10,11,0.9166666666666666,PREREGISTERED_PRIMARY_ANALYSIS_COMPLETED,True,0.05,0.04724883899717964,0.18913814457329553,-0.3477196885428253,-0.1891381445732956,0.9642267622673714,False,False,False,False,,-1,nan
12,4,3,3-4-5-6,3,5,3,4.5,5.5,1.0,0,10,11,0.9166666666666666,PREREGISTERED_PRIMARY_ANALYSIS_COMPLETED,True,0.1,0.09449767799435928,0.09803573370645519,-0.4896551724137932,-0.09803573370645519,0.990388994916637,False,False,False,False,,-1,nan
12,4,3,3-4-5-6,3,5,3,4.5,5.5,1.0,0,10,11,0.9166666666666666,PREREGISTERED_PRIMARY_ANALYSIS_COMPLETED,True,0.2,0.18899535598871856,0.11593683374646593,-0.28231368186874306,-0.11593683374646598,0.9865586505808442,False,False,False,False,,-1,nan
12,4,3,3-4-5-6,3,5,3,4.5,5.5,1.0,0,10,11,0.9166666666666666,PREREGISTERED_PRIMARY_ANALYSIS_COMPLETED,True,0.3,0.2834930339830778,0.2839043259348613,0.4197997775305895,-0.2839043259348612,0.9193983337154722,False,False,False,False,,-1,nan
12,4,3,3-4-5-6,3,5,3,4.5,5.5,1.0,0,10,11,0.9166666666666666,PREREGISTERED_PRIMARY_ANALYSIS_COMPLETED,True,0.4,0.3779907119774371,0.4303888023304858,0.5506117908787541,-0.430388802330486,0.8147654788285296,False,False,False,False,,-1,nan
12,4,4,4-5-6-7,4,4,4,5.5,5.5,0.0,0,11,12,1.0,PREREGISTERED_PRIMARY_ANALYSIS_COMPLETED,True,0.05,0.04724883899717964,0.1887628673421469,-0.3477196885428253,-0.1887628673421469,0.9643685799127713,False,False,False,False,,-1,nan
12,4,4,4-5-6-7,4,4,4,5.5,5.5,0.0,0,11,12,1.0,PREREGISTERED_PRIMARY_ANALYSIS_COMPLETED,True,0.1,0.09449767799435928,0.09775554736737871,-0.4896551724137932,-0.09775554736737874,0.9904438529589042,False,False,False,False,,-1,nan
12,4,4,4-5-6-7,4,4,4,5.5,5.5,0.0,0,11,12,1.0,PREREGISTERED_PRIMARY_ANALYSIS_COMPLETED,True,0.2,0.18899535598871856,0.11566471882129943,-0.28231368186874306,-0.11566471882129943,0.9866216728199895,False,False,False,False,,-1,nan
12,4,4,4-5-6-7,4,4,4,5.5,5.5,0.0,0,11,12,1.0,PREREGISTERED_PRIMARY_ANALYSIS_COMPLETED,True,0.3,0.2834930339830778,0.28369415017223953,0.4197997775305895,-0.28369415017223953,0.9195176291580508,False,False,False,False,,-1,nan
12,4,4,4-5-6-7,4,4,4,5.5,5.5,0.0,0,11,12,1.0,PREREGISTERED_PRIMARY_ANALYSIS_COMPLETED,True,0.4,0.3779907119774371,0.4302240649527263,0.5506117908787541,-0.4302240649527263,0.8149072539355521,False,False,False,False,,-1,nan
12,4,5,5-6-7-8,5,3,3,6.5,5.5,1.0,1,11,11,0.9166666666666666,PREREGISTERED_PRIMARY_ANALYSIS_COMPLETED,True,0.05,0.04724883899717964,0.18913814461880757,-0.3477196885428253,-0.18913814461880749,0.9642267622501549,False,False,False,False,,-1,nan
12,4,5,5-6-7-8,5,3,3,6.5,5.5,1.0,1,11,11,0.9166666666666666,PREREGISTERED_PRIMARY_ANALYSIS_COMPLETED,True,0.1,0.09449767799435928,0.09803573371621728,-0.4896551724137932,-0.09803573371621727,0.9903889949147225,False,False,False,False,,-1,nan
12,4,5,5-6-7-8,5,3,3,6.5,5.5,1.0,1,11,11,0.9166666666666666,PREREGISTERED_PRIMARY_ANALYSIS_COMPLETED,True,0.2,0.18899535598871856,0.11593683375270479,-0.28231368186874306,-0.11593683375270482,0.9865586505793976,False,False,False,False,,-1,nan
12,4,5,5-6-7-8,5,3,3,6.5,5.5,1.0,1,11,11,0.9166666666666666,PREREGISTERED_PRIMARY_ANALYSIS_COMPLETED,True,0.3,0.2834930339830778,0.2839043259432538,0.4197997775305895,-0.2839043259432539,0.9193983337107066,False,False,False,False,,-1,nan
12,4,5,5-6-7-8,5,3,3,6.5,5.5,1.0,1,11,11,0.9166666666666666,PREREGISTERED_PRIMARY_ANALYSIS_COMPLETED,True,0.4,0.3779907119774371,0.4303888023393754,0.5506117908787541,-0.4303888023393753,0.8147654788208782,False,False,False,False,,-1,nan
12,4,6,6-7-8-9,6,2,2,7.5,5.5,2.0,2,11,10,0.8333333333333334,PREREGISTERED_PRIMARY_ANALYSIS_COMPLETED,True,0.05,0.04724883899717964,0.40542890365682543,-0.22313681868743046,-0.4054289036568257,0.8356274040796244,False,False,False,False,,-1,nan
12,4,6,6-7-8-9,6,2,2,7.5,5.5,2.0,2,11,10,0.8333333333333334,PREREGISTERED_PRIMARY_ANALYSIS_COMPLETED,True,0.1,0.09449767799435928,0.22335300156500093,-0.5092324805339266,-0.22335300156500093,0.950113436691905,False,False,False,False,,-1,nan
12,4,6,6-7-8-9,6,2,2,7.5,5.5,2.0,2,11,10,0.8333333333333334,PREREGISTERED_PRIMARY_ANALYSIS_COMPLETED,True,0.2,0.18899535598871856,0.16412857222498703,0.08120133481646273,-0.16412857222498706,0.973061811779387,False,False,False,False,,-1,nan
12,4,6,6-7-8-9,6,2,2,7.5,5.5,2.0,2,11,10,0.8333333333333334,PREREGISTERED_PRIMARY_ANALYSIS_COMPLETED,True,0.3,0.2834930339830778,0.26618761040873645,0.35839822024471635,-0.26618761040873634,0.9291441560648867,False,False,False,False,,-1,nan
12,4,6,6-7-8-9,6,2,2,7.5,5.5,2.0,2,11,10,0.8333333333333334,PREREGISTERED_PRIMARY_ANALYSIS_COMPLETED,True,0.4,0.3779907119774371,0.38374616689056934,0.46785317018909905,-0.3837461668905693,0.8527388793967952,False,False,False,False,,-1,nan
12,4,7,7-8-9-10,7,1,1,8.5,5.5,3.0,3,11,9,0.75,PREREGISTERED_PRIMARY_ANALYSIS_COMPLETED,True,0.05,0.04724883899717964,-0.993086410328987,-0.9555061179087875,0.993086410328987,0.013779381619887324,True,True,True,True,,-1,nan
12,4,7,7-8-9-10,7,1,1,8.5,5.5,3.0,3,11,9,0.75,PREREGISTERED_PRIMARY_ANALYSIS_COMPLETED,True,0.1,0.09449767799435928,-0.9848722855282341,-0.9515016685205783,0.9848722855282346,0.030026581198391664,True,True,True,True,,-1,nan
12,4,7,7-8-9-10,7,1,1,8.5,5.5,3.0,3,11,9,0.75,PREREGISTERED_PRIMARY_ANALYSIS_COMPLETED,True,0.2,0.18899535598871856,-0.9679628027338631,-0.9724137931034482,0.9679628027338631,0.06304801252360481,True,True,True,True,,-1,nan
12,4,7,7-8-9-10,7,1,1,8.5,5.5,3.0,3,11,9,0.75,PREREGISTERED_PRIMARY_ANALYSIS_COMPLETED,True,0.3,0.2834930339830778,-0.9561211112246555,-0.9853170189098998,0.9561211112246554,0.08583242067053057,True,True,True,True,,-1,nan
12,4,7,7-8-9-10,7,1,1,8.5,5.5,3.0,3,11,9,0.75,PREREGISTERED_PRIMARY_ANALYSIS_COMPLETED,True,0.4,0.3779907119774371,-0.9520948905506541,-0.9483870967741934,0.9520948905506539,0.09351531938733862,True,True,True,True,,-1,nan
12,4,8,8-9-10-11,8,0,0,9.5,5.5,4.0,4,11,8,0.6666666666666666,PREREGISTERED_PRIMARY_ANALYSIS_COMPLETED,True,0.05,0.04724883899717964,-0.9644347256022073,-0.6649610678531702,0.9644347256022077,0.06986566005259445,True,True,True,True,,-1,nan
12,4,8,8-9-10-11,8,0,0,9.5,5.5,4.0,4,11,8,0.6666666666666666,PREREGISTERED_PRIMARY_ANALYSIS_COMPLETED,True,0.1,0.09449767799435928,-0.970785051952372,-0.6756395995550611,0.9707850519523717,0.057576382905831246,True,True,True,True,,-1,nan
12,4,8,8-9-10-11,8,0,0,9.5,5.5,4.0,4,11,8,0.6666666666666666,PREREGISTERED_PRIMARY_ANALYSIS_COMPLETED,True,0.2,0.18899535598871856,-0.9849390481794806,-0.8812013348164627,0.9849390481794801,0.02989507137129994,True,True,True,True,,-1,nan
12,4,8,8-9-10-11,8,0,0,9.5,5.5,4.0,4,11,8,0.6666666666666666,PREREGISTERED_PRIMARY_ANALYSIS_COMPLETED,True,0.3,0.2834930339830778,-0.9890356974210907,-0.9817575083426029,0.9890356974210904,0.021808389226777452,True,True,True,True,,-1,nan
12,4,8,8-9-10-11,8,0,0,9.5,5.5,4.0,4,11,8,0.6666666666666666,PREREGISTERED_PRIMARY_ANALYSIS_COMPLETED,True,0.4,0.3779907119774371,-0.9910038506661244,-0.9092324805339266,0.9910038506661241,0.01791136796491404,True,True,True,True,,-1,nan
12,5,0,0-1-2-3,0,8,0,1.5,5.5,4.0,0,8,9,0.75,PREREGISTERED_PRIMARY_ANALYSIS_COMPLETED,True,0.05,0.04724883899717964,0.9717109945805252,-0.2413793103448276,-0.9717109945805252,0.05577774301132698,False,False,True,False,,-1,nan
12,5,0,0-1-2-3,0,8,0,1.5,5.5,4.0,0,8,9,0.75,PREREGISTERED_PRIMARY_ANALYSIS_COMPLETED,True,0.1,0.09449767799435928,0.8832268951803205,-0.27608453837597335,-0.8832268951803207,0.2199102516301312,False,False,False,False,,-1,nan
12,5,0,0-1-2-3,0,8,0,1.5,5.5,4.0,0,8,9,0.75,PREREGISTERED_PRIMARY_ANALYSIS_COMPLETED,True,0.2,0.18899535598871856,0.6850474965884542,-0.12747497219132367,-0.6850474965884539,0.5307099274178922,False,False,False,False,,-1,nan
12,5,0,0-1-2-3,0,8,0,1.5,5.5,4.0,0,8,9,0.75,PREREGISTERED_PRIMARY_ANALYSIS_COMPLETED,True,0.3,0.2834930339830778,0.6128924470914265,0.09410456062291435,-0.6128924470914263,0.6243628482982833,False,False,False,False,,-1,nan
12,5,0,0-1-2-3,0,8,0,1.5,5.5,4.0,0,8,9,0.75,PREREGISTERED_PRIMARY_ANALYSIS_COMPLETED,True,0.4,0.3779907119774371,0.6274782307528972,0.40155728587319245,-0.6274782307528972,0.6062710699312137,False,False,False,False,,-1,nan
12,5,1,1-2-3-4,1,7,1,2.5,5.5,3.0,0,9,10,0.8333333333333334,PREREGISTERED_PRIMARY_ANALYSIS_COMPLETED,True,0.05,0.04724883899717964,0.9741479181827645,-0.20934371523915463,-0.9741479181827647,0.0510358335001853,False,False,True,False,,-1,nan
12,5,1,1-2-3-4,1,7,1,2.5,5.5,3.0,0,9,10,0.8333333333333334,PREREGISTERED_PRIMARY_ANALYSIS_COMPLETED,True,0.1,0.09449767799435928,0.8953748958051633,-0.24048943270300333,-0.8953748958051629,0.19830379596189326,False,False,True,False,,-1,nan
12,5,1,1-2-3-4,1,7,1,2.5,5.5,3.0,0,9,10,0.8333333333333334,PREREGISTERED_PRIMARY_ANALYSIS_COMPLETED,True,0.2,0.18899535598871856,0.7149768546458929,-0.05761957730812013,-0.7149768546458933,0.4888080973206653,False,False,False,False,,-1,nan
12,5,1,1-2-3-4,1,7,1,2.5,5.5,3.0,0,9,10,0.8333333333333334,PREREGISTERED_PRIMARY_ANALYSIS_COMPLETED,True,0.3,0.2834930339830778,0.6417750975426244,0.1768631813125695,-0.6417750975426239,0.5881247241741554,False,False,False,False,,-1,nan
12,5,1,1-2-3-4,1,7,1,2.5,5.5,3.0,0,9,10,0.8333333333333334,PREREGISTERED_PRIMARY_ANALYSIS_COMPLETED,True,0.4,0.3779907119774371,0.6498806758915392,0.48031145717463847,-0.6498806758915392,0.5776551071027558,False,False,False,False,,-1,nan
12,5,2,2-3-4-5,2,6,2,3.5,5.5,2.0,0,10,11,0.9166666666666666,PREREGISTERED_PRIMARY_ANALYSIS_COMPLETED,True,0.05,0.04724883899717964,0.8861493658226135,-0.3864293659621802,-0.8861493658226134,0.2147393014521799,False,False,False,False,,-1,nan
12,5,2,2-3-4-5,2,6,2,3.5,5.5,2.0,0,10,11,0.9166666666666666,PREREGISTERED_PRIMARY_ANALYSIS_COMPLETED,True,0.1,0.09449767799435928,0.7319819002039442,-0.28142380422691876,-0.7319819002039442,0.46420249777382283,False,False,False,False,,-1,nan
12,5,2,2-3-4-5,2,6,2,3.5,5.5,2.0,0,10,11,0.9166666666666666,PREREGISTERED_PRIMARY_ANALYSIS_COMPLETED,True,0.2,0.18899535598871856,0.5761226622751194,0.1870967741935484,-0.5761226622751194,0.668082678013029,False,False,False,False,,-1,nan
12,5,2,2-3-4-5,2,6,2,3.5,5.5,2.0,0,10,11,0.9166666666666666,PREREGISTERED_PRIMARY_ANALYSIS_COMPLETED,True,0.3,0.2834930339830778,0.5096425361018183,0.14616240266963293,-0.5096425361018183,0.7402644853957068,False,False,False,False,,-1,nan
12,5,2,2-3-4-5,2,6,2,3.5,5.5,2.0,0,10,11,0.9166666666666666,PREREGISTERED_PRIMARY_ANALYSIS_COMPLETED,True,0.4,0.3779907119774371,0.49931362113123884,0.14705228031145717,-0.49931362113123884,0.7506859077528099,False,False,False,False,,-1,nan
12,5,3,3-4-5-6,3,5,3,4.5,5.5,1.0,0,11,12,1.0,PREREGISTERED_PRIMARY_ANALYSIS_COMPLETED,True,0.05,0.04724883899717964,-0.4596703887198173,-0.6480533926585095,0.45967038871981736,0.7887031337341719,True,False,False,False,,-1,nan
12,5,3,3-4-5-6,3,5,3,4.5,5.5,1.0,0,11,12,1.0,PREREGISTERED_PRIMARY_ANALYSIS_COMPLETED,True,0.1,0.09449767799435928,-0.33498537233823,-0.7299221357063403,0.33498537233823017,0.8877848003194173,True,False,False,False,,-1,nan
12,5,3,3-4-5-6,3,5,3,4.5,5.5,1.0,0,11,12,1.0,PREREGISTERED_PRIMARY_ANALYSIS_COMPLETED,True,0.2,0.18899535598871856,0.07367925235189506,-0.21245828698553948,-0.07367925235189508,0.9945713677728657,False,False,False,False,,-1,nan
12,5,3,3-4-5-6,3,5,3,4.5,5.5,1.0,0,11,12,1.0,PREREGISTERED_PRIMARY_ANALYSIS_COMPLETED,True,0.3,0.2834930339830778,0.39367673905520656,0.5550611790878754,-0.3936767390552065,0.8450186251268585,False,False,False,False,,-1,nan
12,5,3,3-4-5-6,3,5,3,4.5,5.5,1.0,0,11,12,1.0,PREREGISTERED_PRIMARY_ANALYSIS_COMPLETED,True,0.4,0.3779907119774371,0.5469307925959992,0.6387096774193549,-0.546930792595999,0.7008667081103122,False,False,False,False,,-1,nan
12,5,4,4-5-6-7,4,4,4,5.5,5.5,0.0,0,11,12,1.0,PREREGISTERED_PRIMARY_ANALYSIS_COMPLETED,True,0.05,0.04724883899717964,-0.4472270590432092,-0.6462736373748609,0.44722705904320914,0.7999879576595621,True,False,False,False,,-1,nan
12,5,4,4-5-6-7,4,4,4,5.5,5.5,0.0,0,11,12,1.0,PREREGISTERED_PRIMARY_ANALYSIS_COMPLETED,True,0.1,0.09449767799435928,-0.32861095666142437,-0.7268075639599554,0.32861095666142454,0.8920148391620635,True,False,False,False,,-1,nan
12,5,4,4-5-6-7,4,4,4,5.5,5.5,0.0,0,11,12,1.0,PREREGISTERED_PRIMARY_ANALYSIS_COMPLETED,True,0.2,0.18899535598871856,0.07214164281484979,-0.21245828698553948,-0.07214164281484978,0.9947955833719748,False,False,False,False,,-1,nan
12,5,4,4-5-6-7,4,4,4,5.5,5.5,0.0,0,11,12,1.0,PREREGISTERED_PRIMARY_ANALYSIS_COMPLETED,True,0.3,0.2834930339830778,0.3883960696433568,0.5470522803114571,-0.3883960696433567,0.8491484930855927,False,False,False,False,,-1,nan
12,5,4,4-5-6-7,4,4,4,5.5,5.5,0.0,0,11,12,1.0,PREREGISTERED_PRIMARY_ANALYSIS_COMPLETED,True,0.4,0.3779907119774371,0.5414924837276935,0.6387096774193549,-0.5414924837276933,0.7067858900664139,False,False,False,False,,-1,nan
12,5,5,5-6-7-8,5,3,3,6.5,5.5,1.0,0,11,12,1.0,PREREGISTERED_PRIMARY_ANALYSIS_COMPLETED,True,0.05,0.04724883899717964,-0.45967038874947175,-0.6480533926585095,0.4596703887494719,0.7887031337069095,True,False,False,False,,-1,nan
12,5,5,5-6-7-8,5,3,3,6.5,5.5,1.0,0,11,12,1.0,PREREGISTERED_PRIMARY_ANALYSIS_COMPLETED,True,0.1,0.09449767799435928,-0.3349853723253142,-0.7299221357063403,0.3349853723253144,0.8877848003280706,True,False,False,False,,-1,nan
12,5,5,5-6-7-8,5,3,3,6.5,5.5,1.0,0,11,12,1.0,PREREGISTERED_PRIMARY_ANALYSIS_COMPLETED,True,0.2,0.18899535598871856,0.07367925234578303,-0.21245828698553948,-0.07367925234578301,0.9945713677737663,False,False,False,False,,-1,nan
12,5,5,5-6-7-8,5,3,3,6.5,5.5,1.0,0,11,12,1.0,PREREGISTERED_PRIMARY_ANALYSIS_COMPLETED,True,0.3,0.2834930339830778,0.393676739043352,0.5550611790878754,-0.3936767390433521,0.8450186251361925,False,False,False,False,,-1,nan
12,5,5,5-6-7-8,5,3,3,6.5,5.5,1.0,0,11,12,1.0,PREREGISTERED_PRIMARY_ANALYSIS_COMPLETED,True,0.4,0.3779907119774371,0.546930792584125,0.6387096774193549,-0.546930792584125,0.7008667081233007,False,False,False,False,,-1,nan
12,5,6,6-7-8-9,6,2,2,7.5,5.5,2.0,1,11,11,0.9166666666666666,PREREGISTERED_PRIMARY_ANALYSIS_COMPLETED,True,0.05,0.04724883899717964,0.8861493658251587,-0.3864293659621802,-0.8861493658251584,0.21473930144766898,False,False,False,False,,-1,nan
12,5,6,6-7-8-9,6,2,2,7.5,5.5,2.0,1,11,11,0.9166666666666666,PREREGISTERED_PRIMARY_ANALYSIS_COMPLETED,True,0.1,0.09449767799435928,0.7319819002087554,-0.28142380422691876,-0.7319819002087555,0.46420249776677963,False,False,False,False,,-1,nan
12,5,6,6-7-8-9,6,2,2,7.5,5.5,2.0,1,11,11,0.9166666666666666,PREREGISTERED_PRIMARY_ANALYSIS_COMPLETED,True,0.2,0.18899535598871856,0.5761226622804209,0.1870967741935484,-0.5761226622804209,0.6680826780069201,False,False,False,False,,-1,nan
12,5,6,6-7-8-9,6,2,2,7.5,5.5,2.0,1,11,11,0.9166666666666666,PREREGISTERED_PRIMARY_ANALYSIS_COMPLETED,True,0.3,0.2834930339830778,0.5096425361070233,0.14616240266963293,-0.5096425361070236,0.7402644853904012,False,False,False,False,,-1,nan
12,5,6,6-7-8-9,6,2,2,7.5,5.5,2.0,1,11,11,0.9166666666666666,PREREGISTERED_PRIMARY_ANALYSIS_COMPLETED,True,0.4,0.3779907119774371,0.49931362113615874,0.14705228031145717,-0.49931362113615907,0.7506859077478962,False,False,False,False,,-1,nan
12,5,7,7-8-9-10,7,1,1,8.5,5.5,3.0,2,11,10,0.8333333333333334,PREREGISTERED_PRIMARY_ANALYSIS_COMPLETED,True,0.05,0.04724883899717964,0.9741479181690971,-0.20934371523915463,-0.9741479181690963,0.05103583352681539,False,False,True,False,,-1,nan
12,5,7,7-8-9-10,7,1,1,8.5,5.5,3.0,2,11,10,0.8333333333333334,PREREGISTERED_PRIMARY_ANALYSIS_COMPLETED,True,0.1,0.09449767799435928,0.8953748957970161,-0.24048943270300333,-0.8953748957970171,0.1983037959764814,False,False,True,False,,-1,nan
12,5,7,7-8-9-10,7,1,1,8.5,5.5,3.0,2,11,10,0.8333333333333334,PREREGISTERED_PRIMARY_ANALYSIS_COMPLETED,True,0.2,0.18899535598871856,0.7149768546413553,-0.05761957730812013,-0.7149768546413547,0.4888080973271548,False,False,False,False,,-1,nan
12,5,7,7-8-9-10,7,1,1,8.5,5.5,3.0,2,11,10,0.8333333333333334,PREREGISTERED_PRIMARY_ANALYSIS_COMPLETED,True,0.3,0.2834930339830778,0.6417750975395596,0.1768631813125695,-0.6417750975395596,0.5881247241780883,False,False,False,False,,-1,nan
12,5,7,7-8-9-10,7,1,1,8.5,5.5,3.0,2,11,10,0.8333333333333334,PREREGISTERED_PRIMARY_ANALYSIS_COMPLETED,True,0.4,0.3779907119774371,0.6498806758891473,0.48031145717463847,-0.6498806758891477,0.5776551071058649,False,False,False,False,,-1,nan
12,5,8,8-9-10-11,8,0,0,9.5,5.5,4.0,3,11,9,0.75,PREREGISTERED_PRIMARY_ANALYSIS_COMPLETED,True,0.05,0.04724883899717964,0.9717109945530217,-0.2413793103448276,-0.971710994553022,0.05577774306477737,False,False,True,False,,-1,nan
12,5,8,8-9-10-11,8,0,0,9.5,5.5,4.0,3,11,9,0.75,PREREGISTERED_PRIMARY_ANALYSIS_COMPLETED,True,0.1,0.09449767799435928,0.8832268951713226,-0.27608453837597335,-0.8832268951713228,0.21991025164602543,False,False,False,False,,-1,nan
12,5,8,8-9-10-11,8,0,0,9.5,5.5,4.0,3,11,9,0.75,PREREGISTERED_PRIMARY_ANALYSIS_COMPLETED,True,0.2,0.18899535598871856,0.6850474965913953,-0.12747497219132367,-0.6850474965913952,0.5307099274138626,False,False,False,False,,-1,nan
12,5,8,8-9-10-11,8,0,0,9.5,5.5,4.0,3,11,9,0.75,PREREGISTERED_PRIMARY_ANALYSIS_COMPLETED,True,0.3,0.2834930339830778,0.6128924470953135,0.09410456062291435,-0.6128924470953139,0.6243628482935183,False,False,False,False,,-1,nan
12,5,8,8-9-10-11,8,0,0,9.5,5.5,4.0,3,11,9,0.75,PREREGISTERED_PRIMARY_ANALYSIS_COMPLETED,True,0.4,0.3779907119774371,0.6274782307564307,0.40155728587319245,-0.6274782307564309,0.6062710699267793,False,False,False,False,,-1,nan
12,6,0,0-1-2-3,0,8,0,1.5,5.5,4.0,0,9,10,0.8333333333333334,PREREGISTERED_PRIMARY_ANALYSIS_COMPLETED,True,0.05,0.04724883899717964,-0.9925486404537318,-0.9835372636262512,0.9925486404537315,0.01484719633344938,True,True,True,True,,-1,nan
12,6,0,0-1-2-3,0,8,0,1.5,5.5,4.0,0,9,10,0.8333333333333334,PREREGISTERED_PRIMARY_ANALYSIS_COMPLETED,True,0.1,0.09449767799435928,-0.9814036850954925,-0.9870967741935484,0.981403685095492,0.03684680688098779,True,True,True,True,,-1,nan
12,6,0,0-1-2-3,0,8,0,1.5,5.5,4.0,0,9,10,0.8333333333333334,PREREGISTERED_PRIMARY_ANALYSIS_COMPLETED,True,0.2,0.18899535598871856,-0.9804103192479913,-0.9835372636262512,0.9804103192479905,0.038795605912052035,True,True,True,True,,-1,nan
12,6,0,0-1-2-3,0,8,0,1.5,5.5,4.0,0,9,10,0.8333333333333334,PREREGISTERED_PRIMARY_ANALYSIS_COMPLETED,True,0.3,0.2834930339830778,-0.986933312639062,-0.9426028921023359,0.9869333126390623,0.02596263640328707,True,True,True,True,,-1,nan
12,6,0,0-1-2-3,0,8,0,1.5,5.5,4.0,0,9,10,0.8333333333333334,PREREGISTERED_PRIMARY_ANALYSIS_COMPLETED,True,0.4,0.3779907119774371,-0.9902599419001374,-0.9942157953281423,0.9902599419001378,0.01938524746793603,True,True,True,True,,-1,nan
12,6,1,1-2-3-4,1,7,1,2.5,5.5,3.0,0,10,11,0.9166666666666666,PREREGISTERED_PRIMARY_ANALYSIS_COMPLETED,True,0.05,0.04724883899717964,-0.7550566705624623,-0.9661846496106785,0.7550566705624624,0.42988942423912885,True,False,False,False,,-1,nan
12,6,1,1-2-3-4,1,7,1,2.5,5.5,3.0,0,10,11,0.9166666666666666,PREREGISTERED_PRIMARY_ANALYSIS_COMPLETED,True,0.1,0.09449767799435928,-0.6561654509874023,-0.9510567296996663,0.6561654509874018,0.5694469009304995,True,False,False,False,,-1,nan
12,6,1,1-2-3-4,1,7,1,2.5,5.5,3.0,0,10,11,0.9166666666666666,PREREGISTERED_PRIMARY_ANALYSIS_COMPLETED,True,0.2,0.18899535598871856,-0.7316990646087759,-0.8949944382647386,0.7316990646087755,0.46461647885064256,True,False,False,False,,-1,nan
12,6,1,1-2-3-4,1,7,1,2.5,5.5,3.0,0,10,11,0.9166666666666666,PREREGISTERED_PRIMARY_ANALYSIS_COMPLETED,True,0.3,0.2834930339830778,-0.7878306561752514,-0.6413793103448275,0.7878306561752516,0.37932285719047276,True,False,False,False,,-1,nan
12,6,1,1-2-3-4,1,7,1,2.5,5.5,3.0,0,10,11,0.9166666666666666,PREREGISTERED_PRIMARY_ANALYSIS_COMPLETED,True,0.4,0.3779907119774371,-0.8170162142480666,-0.517686318131257,0.8170162142480664,0.3324845056557576,True,True,False,False,,-1,nan
12,6,2,2-3-4-5,2,6,2,3.5,5.5,2.0,0,11,12,1.0,PREREGISTERED_PRIMARY_ANALYSIS_COMPLETED,True,0.05,0.04724883899717964,-0.9457300034556816,-0.9314794215795328,0.9457300034556813,0.10559476056371656,True,True,True,True,,-1,nan
12,6,2,2-3-4-5,2,6,2,3.5,5.5,2.0,0,11,12,1.0,PREREGISTERED_PRIMARY_ANALYSIS_COMPLETED,True,0.1,0.09449767799435928,-0.8942102096086995,-0.9310344827586206,0.8942102096086999,0.20038810103156512,True,True,False,False,,-1,nan
12,6,2,2-3-4-5,2,6,2,3.5,5.5,2.0,0,11,12,1.0,PREREGISTERED_PRIMARY_ANALYSIS_COMPLETED,True,0.2,0.18899535598871856,-0.8908859418889535,-0.9621802002224694,0.8908859418889544,0.20632223854463122,True,True,False,False,,-1,nan
12,6,2,2-3-4-5,2,6,2,3.5,5.5,2.0,0,11,12,1.0,PREREGISTERED_PRIMARY_ANALYSIS_COMPLETED,True,0.3,0.2834930339830778,-0.9068867239075673,-0.7824249165739711,0.9068867239075677,0.17755647000019914,True,True,True,True,,-1,nan
12,6,2,2-3-4-5,2,6,2,3.5,5.5,2.0,0,11,12,1.0,PREREGISTERED_PRIMARY_ANALYSIS_COMPLETED,True,0.4,0.3779907119774371,-0.9195891326046834,-0.5915461624026696,0.9195891326046838,0.1543558271953654,True,True,True,True,,-1,nan
12,6,3,3-4-5-6,3,5,3,4.5,5.5,1.0,0,11,12,1.0,PREREGISTERED_PRIMARY_ANALYSIS_COMPLETED,True,0.05,0.04724883899717964,-0.9296824690286116,-0.8020022246941045,0.9296824690286117,0.13569050678086444,True,True,True,True,,-1,nan
12,6,3,3-4-5-6,3,5,3,4.5,5.5,1.0,0,11,12,1.0,PREREGISTERED_PRIMARY_ANALYSIS_COMPLETED,True,0.1,0.09449767799435928,-0.829128460773979,-0.8184649610678532,0.8291284607739792,0.3125459955345722,True,True,False,False,,-1,nan
12,6,3,3-4-5-6,3,5,3,4.5,5.5,1.0,0,11,12,1.0,PREREGISTERED_PRIMARY_ANALYSIS_COMPLETED,True,0.2,0.18899535598871856,-0.6041018088631571,-0.4251390433815351,0.604101808863157,0.6350610045282614,True,False,False,False,,-1,nan
12,6,3,3-4-5-6,3,5,3,4.5,5.5,1.0,0,11,12,1.0,PREREGISTERED_PRIMARY_ANALYSIS_COMPLETED,True,0.3,0.2834930339830778,-0.3571124571566517,-0.1568409343715239,0.3571124571566516,0.8724706929435386,True,False,False,False,,-1,nan
12,6,3,3-4-5-6,3,5,3,4.5,5.5,1.0,0,11,12,1.0,PREREGISTERED_PRIMARY_ANALYSIS_COMPLETED,True,0.4,0.3779907119774371,-0.2714173523955492,-0.06651835372636263,0.2714173523955493,0.9263326208185902,True,False,False,False,,-1,nan
12,6,4,4-5-6-7,4,4,4,5.5,5.5,0.0,0,11,12,1.0,PREREGISTERED_PRIMARY_ANALYSIS_COMPLETED,True,0.05,0.04724883899717964,-0.4342984076351219,-0.6333704115684093,0.43429840763512206,0.8113848931255975,True,False,False,False,,-1,nan
12,6,4,4-5-6-7,4,4,4,5.5,5.5,0.0,0,11,12,1.0,PREREGISTERED_PRIMARY_ANALYSIS_COMPLETED,True,0.1,0.09449767799435928,-0.3196800079098537,-0.714349276974416,0.3196800079098537,0.8978046925427556,True,False,False,False,,-1,nan
12,6,4,4-5-6-7,4,4,4,5.5,5.5,0.0,0,11,12,1.0,PREREGISTERED_PRIMARY_ANALYSIS_COMPLETED,True,0.2,0.18899535598871856,-0.10395637006117332,-0.2507230255839822,0.10395637006117336,0.9891930731237045,True,False,False,False,,-1,nan
12,6,4,4-5-6-7,4,4,4,5.5,5.5,0.0,0,11,12,1.0,PREREGISTERED_PRIMARY_ANALYSIS_COMPLETED,True,0.3,0.2834930339830778,0.2880174633577503,0.49855394883203563,-0.28801746335775036,0.917045940800967,False,False,False,False,,-1,nan
12,6,4,4-5-6-7,4,4,4,5.5,5.5,0.0,0,11,12,1.0,PREREGISTERED_PRIMARY_ANALYSIS_COMPLETED,True,0.4,0.3779907119774371,0.5094309981430178,0.7067853170189099,-0.5094309981430178,0.7404800581310086,False,False,False,False,,-1,nan
12,6,5,5-6-7-8,5,3,3,6.5,5.5,1.0,0,11,12,1.0,PREREGISTERED_PRIMARY_ANALYSIS_COMPLETED,True,0.05,0.04724883899717964,-0.9296824690938196,-0.8020022246941045,0.92968246909382,0.13569050665961915,True,True,True,True,,-1,nan
12,6,5,5-6-7-8,5,3,3,6.5,5.5,1.0,0,11,12,1.0,PREREGISTERED_PRIMARY_ANALYSIS_COMPLETED,True,0.1,0.09449767799435928,-0.8291284608121611,-0.8184649610678532,0.8291284608121615,0.3125459954712566,True,True,False,False,,-1,nan
12,6,5,5-6-7-8,5,3,3,6.5,5.5,1.0,0,11,12,1.0,PREREGISTERED_PRIMARY_ANALYSIS_COMPLETED,True,0.2,0.18899535598871856,-0.6041018088846689,-0.4251390433815351,0.6041018088846692,0.6350610045022707,True,False,False,False,,-1,nan
12,6,5,5-6-7-8,5,3,3,6.5,5.5,1.0,0,11,12,1.0,PREREGISTERED_PRIMARY_ANALYSIS_COMPLETED,True,0.3,0.2834930339830778,-0.35711245717299417,-0.1568409343715239,0.3571124571729945,0.8724706929318661,True,False,False,False,,-1,nan
12,6,5,5-6-7-8,5,3,3,6.5,5.5,1.0,0,11,12,1.0,PREREGISTERED_PRIMARY_ANALYSIS_COMPLETED,True,0.4,0.3779907119774371,-0.2714173524118453,-0.06651835372636263,0.2714173524118453,0.9263326208097439,True,False,False,False,,-1,nan
12,6,6,6-7-8-9,6,2,2,7.5,5.5,2.0,0,11,12,1.0,PREREGISTERED_PRIMARY_ANALYSIS_COMPLETED,True,0.05,0.04724883899717964,-0.9457300034673363,-0.9314794215795328,0.9457300034673367,0.10559476054167213,True,True,True,True,,-1,nan
12,6,6,6-7-8-9,6,2,2,7.5,5.5,2.0,0,11,12,1.0,PREREGISTERED_PRIMARY_ANALYSIS_COMPLETED,True,0.1,0.09449767799435928,-0.8942102096184683,-0.9310344827586206,0.8942102096184683,0.20038810101409466,True,True,False,False,,-1,nan
12,6,6,6-7-8-9,6,2,2,7.5,5.5,2.0,0,11,12,1.0,PREREGISTERED_PRIMARY_ANALYSIS_COMPLETED,True,0.2,0.18899535598871856,-0.890885941893193,-0.9621802002224694,0.8908859418931929,0.20632223853707884,True,True,False,False,,-1,nan
12,6,6,6-7-8-9,6,2,2,7.5,5.5,2.0,0,11,12,1.0,PREREGISTERED_PRIMARY_ANALYSIS_COMPLETED,True,0.3,0.2834930339830778,-0.9068867239098933,-0.7824249165739711,0.9068867239098931,0.17755646999598115,True,True,True,True,,-1,nan
12,6,6,6-7-8-9,6,2,2,7.5,5.5,2.0,0,11,12,1.0,PREREGISTERED_PRIMARY_ANALYSIS_COMPLETED,True,0.4,0.3779907119774371,-0.9195891326063542,-0.5915461624026696,0.9195891326063539,0.15435582719229363,True,True,True,True,,-1,nan
12,6,7,7-8-9-10,7,1,1,8.5,5.5,3.0,1,11,11,0.9166666666666666,PREREGISTERED_PRIMARY_ANALYSIS_COMPLETED,True,0.05,0.04724883899717964,-0.755056670581737,-0.9661846496106785,0.7550566705817368,0.4298894242100222,True,False,False,False,,-1,nan
12,6,7,7-8-9-10,7,1,1,8.5,5.5,3.0,1,11,11,0.9166666666666666,PREREGISTERED_PRIMARY_ANALYSIS_COMPLETED,True,0.1,0.09449767799435928,-0.6561654510028685,-0.9510567296996663,0.6561654510028686,0.569446900910202,True,False,False,False,,-1,nan
12,6,7,7-8-9-10,7,1,1,8.5,5.5,3.0,1,11,11,0.9166666666666666,PREREGISTERED_PRIMARY_ANALYSIS_COMPLETED,True,0.2,0.18899535598871856,-0.7316990646159732,-0.8949944382647386,0.7316990646159727,0.46461647884011037,True,False,False,False,,-1,nan
12,6,7,7-8-9-10,7,1,1,8.5,5.5,3.0,1,11,11,0.9166666666666666,PREREGISTERED_PRIMARY_ANALYSIS_COMPLETED,True,0.3,0.2834930339830778,-0.7878306561792565,-0.6413793103448275,0.7878306561792566,0.3793228571841622,True,False,False,False,,-1,nan
12,6,7,7-8-9-10,7,1,1,8.5,5.5,3.0,1,11,11,0.9166666666666666,PREREGISTERED_PRIMARY_ANALYSIS_COMPLETED,True,0.4,0.3779907119774371,-0.8170162142509239,-0.517686318131257,0.8170162142509237,0.3324845056510884,True,True,False,False,,-1,nan
12,6,8,8-9-10-11,8,0,0,9.5,5.5,4.0,2,11,10,0.8333333333333334,PREREGISTERED_PRIMARY_ANALYSIS_COMPLETED,True,0.05,0.04724883899717964,-0.9925486404534974,-0.9835372636262512,0.9925486404534979,0.01484719633391389,True,True,True,True,,-1,nan
12,6,8,8-9-10-11,8,0,0,9.5,5.5,4.0,2,11,10,0.8333333333333334,PREREGISTERED_PRIMARY_ANALYSIS_COMPLETED,True,0.1,0.09449767799435928,-0.9814036850951591,-0.9870967741935484,0.9814036850951592,0.03684680688164189,True,True,True,True,,-1,nan
12,6,8,8-9-10-11,8,0,0,9.5,5.5,4.0,2,11,10,0.8333333333333334,PREREGISTERED_PRIMARY_ANALYSIS_COMPLETED,True,0.2,0.18899535598871856,-0.9804103192478701,-0.9835372636262512,0.9804103192478694,0.03879560591229039,True,True,True,True,,-1,nan
12,6,8,8-9-10-11,8,0,0,9.5,5.5,4.0,2,11,10,0.8333333333333334,PREREGISTERED_PRIMARY_ANALYSIS_COMPLETED,True,0.3,0.2834930339830778,-0.9869333126389889,-0.9426028921023359,0.9869333126389888,0.025962636403432195,True,True,True,True,,-1,nan
12,6,8,8-9-10-11,8,0,0,9.5,5.5,4.0,2,11,10,0.8333333333333334,PREREGISTERED_PRIMARY_ANALYSIS_COMPLETED,True,0.4,0.3779907119774371,-0.9902599419000798,-0.9942157953281423,0.9902599419000796,0.019385247468050523,True,True,True,True,,-1,nan
12,7,0,0-1-2-3,0,8,0,1.5,5.5,4.0,0,10,11,0.9166666666666666,PREREGISTERED_PRIMARY_ANALYSIS_COMPLETED,True,0.05,0.04724883899717964,0.7496340697385127,-0.3828698553948832,-0.7496340697385129,0.4380487614872748,False,False,False,False,,-1,nan
12,7,0,0-1-2-3,0,8,0,1.5,5.5,4.0,0,10,11,0.9166666666666666,PREREGISTERED_PRIMARY_ANALYSIS_COMPLETED,True,0.1,0.09449767799435928,0.5777795020929979,-0.37263626251390436,-0.5777795020929976,0.6661708469611675,False,False,False,False,,-1,nan
12,7,0,0-1-2-3,0,8,0,1.5,5.5,4.0,0,10,11,0.9166666666666666,PREREGISTERED_PRIMARY_ANALYSIS_COMPLETED,True,0.2,0.18899535598871856,0.5443333285945153,0.13281423804226916,-0.5443333285945153,0.7037012273812153,False,False,False,False,,-1,nan
12,7,0,0-1-2-3,0,8,0,1.5,5.5,4.0,0,10,11,0.9166666666666666,PREREGISTERED_PRIMARY_ANALYSIS_COMPLETED,True,0.3,0.2834930339830778,0.6251513058122546,0.47541713014460507,-0.625151305812255,0.6091858448412325,False,False,False,False,,-1,nan
12,7,0,0-1-2-3,0,8,0,1.5,5.5,4.0,0,10,11,0.9166666666666666,PREREGISTERED_PRIMARY_ANALYSIS_COMPLETED,True,0.4,0.3779907119774371,0.7003320506900205,0.611123470522803,-0.7003320506900205,0.5095350187763104,False,False,False,False,,-1,nan
12,7,1,1-2-3-4,1,7,1,2.5,5.5,3.0,0,11,12,1.0,PREREGISTERED_PRIMARY_ANALYSIS_COMPLETED,True,0.05,0.04724883899717964,0.3746234892358108,-0.6382647385984427,-0.3746234892358107,0.8596572413127864,False,False,False,False,,-1,nan
12,7,1,1-2-3-4,1,7,1,2.5,5.5,3.0,0,11,12,1.0,PREREGISTERED_PRIMARY_ANALYSIS_COMPLETED,True,0.1,0.09449767799435928,0.04784197999623284,-0.7397107897664071,-0.04784197999623282,0.9977111449500398,False,False,False,False,,-1,nan
12,7,1,1-2-3-4,1,7,1,2.5,5.5,3.0,0,11,12,1.0,PREREGISTERED_PRIMARY_ANALYSIS_COMPLETED,True,0.2,0.18899535598871856,-0.3813649473866287,-0.7917686318131256,0.3813649473866288,0.8545607769047939,True,False,False,False,,-1,nan
12,7,1,1-2-3-4,1,7,1,2.5,5.5,3.0,0,11,12,1.0,PREREGISTERED_PRIMARY_ANALYSIS_COMPLETED,True,0.3,0.2834930339830778,-0.5954652099039249,-0.3913236929922136,0.5954652099039252,0.6454211837940743,True,False,False,False,,-1,nan
12,7,1,1-2-3-4,1,7,1,2.5,5.5,3.0,0,11,12,1.0,PREREGISTERED_PRIMARY_ANALYSIS_COMPLETED,True,0.4,0.3779907119774371,-0.6789243293725337,-0.26896551724137935,0.6789243293725339,0.5390617549860551,True,False,False,False,,-1,nan
12,7,2,2-3-4-5,2,6,2,3.5,5.5,2.0,0,11,12,1.0,PREREGISTERED_PRIMARY_ANALYSIS_COMPLETED,True,0.05,0.04724883899717964,-0.6801516218329594,-0.9025583982202448,0.680151621832959,0.5373937713179953,True,False,False,False,,-1,nan
12,7,2,2-3-4-5,2,6,2,3.5,5.5,2.0,0,11,12,1.0,PREREGISTERED_PRIMARY_ANALYSIS_COMPLETED,True,0.1,0.09449767799435928,-0.501922096100945,-0.8553948832035595,0.5019220961009451,0.7480742094456337,True,False,False,False,,-1,nan
12,7,2,2-3-4-5,2,6,2,3.5,5.5,2.0,0,11,12,1.0,PREREGISTERED_PRIMARY_ANALYSIS_COMPLETED,True,0.2,0.18899535598871856,-0.6123186042188875,-0.7806451612903226,0.6123186042188873,0.6250659269274338,True,False,False,False,,-1,nan
12,7,2,2-3-4-5,2,6,2,3.5,5.5,2.0,0,11,12,1.0,PREREGISTERED_PRIMARY_ANALYSIS_COMPLETED,True,0.3,0.2834930339830778,-0.7243848212070025,-0.6351501668520578,0.7243848212070024,0.4752666308048991,True,False,False,False,,-1,nan
12,7,2,2-3-4-5,2,6,2,3.5,5.5,2.0,0,11,12,1.0,PREREGISTERED_PRIMARY_ANALYSIS_COMPLETED,True,0.4,0.3779907119774371,-0.7672272145462317,-0.4776418242491657,0.7672272145462319,0.4113624012596305,True,False,False,False,,-1,nan
12,7,3,3-4-5-6,3,5,3,4.5,5.5,1.0,0,11,12,1.0,PREREGISTERED_PRIMARY_ANALYSIS_COMPLETED,True,0.05,0.04724883899717964,-0.6215456503784337,-0.9274749721913237,0.6215456503784341,0.6136810044956494,True,False,False,False,,-1,nan
12,7,3,3-4-5-6,3,5,3,4.5,5.5,1.0,0,11,12,1.0,PREREGISTERED_PRIMARY_ANALYSIS_COMPLETED,True,0.1,0.09449767799435928,-0.7641104883216444,-0.9279199110122357,0.7641104883216443,0.41613516163685815,True,False,False,False,,-1,nan
12,7,3,3-4-5-6,3,5,3,4.5,5.5,1.0,0,11,12,1.0,PREREGISTERED_PRIMARY_ANALYSIS_COMPLETED,True,0.2,0.18899535598871856,-0.9336054649099508,-0.8144605116796441,0.9336054649099516,0.12838083589027285,True,True,True,True,,-1,nan
12,7,3,3-4-5-6,3,5,3,4.5,5.5,1.0,0,11,12,1.0,PREREGISTERED_PRIMARY_ANALYSIS_COMPLETED,True,0.3,0.2834930339830778,-0.9671347521795579,-0.7254727474972191,0.9671347521795577,0.06465037112658517,True,True,True,True,,-1,nan
12,7,3,3-4-5-6,3,5,3,4.5,5.5,1.0,0,11,12,1.0,PREREGISTERED_PRIMARY_ANALYSIS_COMPLETED,True,0.4,0.3779907119774371,-0.9761363442602509,-0.7833147942157953,0.9761363442602513,0.04715783741423277,True,True,True,True,,-1,nan
12,7,4,4-5-6-7,4,4,4,5.5,5.5,0.0,0,11,12,1.0,PREREGISTERED_PRIMARY_ANALYSIS_COMPLETED,True,0.05,0.04724883899717964,-0.9036564607455764,-0.7076751946607341,0.9036564607455764,0.18340500095277892,True,True,True,True,,-1,nan
12,7,4,4-5-6-7,4,4,4,5.5,5.5,0.0,0,11,12,1.0,PREREGISTERED_PRIMARY_ANALYSIS_COMPLETED,True,0.1,0.09449767799435928,-0.7985084358974847,-0.6858731924360401,0.7985084358974845,0.36238427780055316,True,False,False,False,,-1,nan
12,7,4,4-5-6-7,4,4,4,5.5,5.5,0.0,0,11,12,1.0,PREREGISTERED_PRIMARY_ANALYSIS_COMPLETED,True,0.2,0.18899535598871856,-0.5545284821499143,-0.00867630700778643,0.554528482149915,0.6924981624845116,True,False,False,False,,-1,nan
12,7,4,4-5-6-7,4,4,4,5.5,5.5,0.0,0,11,12,1.0,PREREGISTERED_PRIMARY_ANALYSIS_COMPLETED,True,0.3,0.2834930339830778,-0.06933547524736898,0.4353726362625139,0.06933547524736895,0.9951925918722211,True,False,False,False,,-1,nan
12,7,4,4-5-6-7,4,4,4,5.5,5.5,0.0,0,11,12,1.0,PREREGISTERED_PRIMARY_ANALYSIS_COMPLETED,True,0.4,0.3779907119774371,0.27748807736344183,0.7810901001112347,-0.2774880773634419,0.9230003669211404,False,False,False,False,,-1,nan
12,7,5,5-6-7-8,5,3,3,6.5,5.5,1.0,0,11,12,1.0,PREREGISTERED_PRIMARY_ANALYSIS_COMPLETED,True,0.05,0.04724883899717964,-0.621545650361711,-0.9274749721913237,0.6215456503617115,0.6136810045164368,True,False,False,False,,-1,nan
12,7,5,5-6-7-8,5,3,3,6.5,5.5,1.0,0,11,12,1.0,PREREGISTERED_PRIMARY_ANALYSIS_COMPLETED,True,0.1,0.09449767799435928,-0.7641104883235299,-0.9279199110122357,0.7641104883235298,0.4161351616339768,True,False,False,False,,-1,nan
12,7,5,5-6-7-8,5,3,3,6.5,5.5,1.0,0,11,12,1.0,PREREGISTERED_PRIMARY_ANALYSIS_COMPLETED,True,0.2,0.18899535598871856,-0.9336054649110229,-0.8144605116796441,0.9336054649110228,0.12838083588827268,True,True,True,True,,-1,nan
12,7,5,5-6-7-8,5,3,3,6.5,5.5,1.0,0,11,12,1.0,PREREGISTERED_PRIMARY_ANALYSIS_COMPLETED,True,0.3,0.2834930339830778,-0.9671347521798639,-0.7254727474972191,0.9671347521798641,0.06465037112599344,True,True,True,True,,-1,nan
12,7,5,5-6-7-8,5,3,3,6.5,5.5,1.0,0,11,12,1.0,PREREGISTERED_PRIMARY_ANALYSIS_COMPLETED,True,0.4,0.3779907119774371,-0.9761363442603783,-0.7833147942157953,0.9761363442603784,0.04715783741398399,True,True,True,True,,-1,nan
12,7,6,6-7-8-9,6,2,2,7.5,5.5,2.0,0,11,12,1.0,PREREGISTERED_PRIMARY_ANALYSIS_COMPLETED,True,0.05,0.04724883899717964,-0.6801516217821546,-0.9025583982202448,0.6801516217821548,0.5373937713871051,True,False,False,False,,-1,nan
12,7,6,6-7-8-9,6,2,2,7.5,5.5,2.0,0,11,12,1.0,PREREGISTERED_PRIMARY_ANALYSIS_COMPLETED,True,0.1,0.09449767799435928,-0.5019220960929348,-0.8553948832035595,0.5019220960929353,0.7480742094536745,True,False,False,False,,-1,nan
12,7,6,6-7-8-9,6,2,2,7.5,5.5,2.0,0,11,12,1.0,PREREGISTERED_PRIMARY_ANALYSIS_COMPLETED,True,0.2,0.18899535598871856,-0.6123186042184104,-0.7806451612903226,0.6123186042184106,0.6250659269280174,True,False,False,False,,-1,nan
12,7,6,6-7-8-9,6,2,2,7.5,5.5,2.0,0,11,12,1.0,PREREGISTERED_PRIMARY_ANALYSIS_COMPLETED,True,0.3,0.2834930339830778,-0.724384821208162,-0.6351501668520578,0.7243848212081618,0.4752666308032188,True,False,False,False,,-1,nan
12,7,6,6-7-8-9,6,2,2,7.5,5.5,2.0,0,11,12,1.0,PREREGISTERED_PRIMARY_ANALYSIS_COMPLETED,True,0.4,0.3779907119774371,-0.7672272145479172,-0.4776418242491657,0.7672272145479174,0.41136240125704393,True,False,False,False,,-1,nan
12,7,7,7-8-9-10,7,1,1,8.5,5.5,3.0,0,11,12,1.0,PREREGISTERED_PRIMARY_ANALYSIS_COMPLETED,True,0.05,0.04724883899717964,0.3746234892742017,-0.6382647385984427,-0.3746234892742016,0.8596572412840224,False,False,False,False,,-1,nan
12,7,7,7-8-9-10,7,1,1,8.5,5.5,3.0,0,11,12,1.0,PREREGISTERED_PRIMARY_ANALYSIS_COMPLETED,True,0.1,0.09449767799435928,0.04784197999972758,-0.7397107897664071,-0.04784197999972763,0.9977111449497053,False,False,False,False,,-1,nan
12,7,7,7-8-9-10,7,1,1,8.5,5.5,3.0,0,11,12,1.0,PREREGISTERED_PRIMARY_ANALYSIS_COMPLETED,True,0.2,0.18899535598871856,-0.3813649473891962,-0.7917686318131256,0.3813649473891962,0.8545607769028355,True,False,False,False,,-1,nan
12,7,7,7-8-9-10,7,1,1,8.5,5.5,3.0,0,11,12,1.0,PREREGISTERED_PRIMARY_ANALYSIS_COMPLETED,True,0.3,0.2834930339830778,-0.5954652099059917,-0.3913236929922136,0.5954652099059914,0.6454211837916134,True,False,False,False,,-1,nan
12,7,7,7-8-9-10,7,1,1,8.5,5.5,3.0,0,11,12,1.0,PREREGISTERED_PRIMARY_ANALYSIS_COMPLETED,True,0.4,0.3779907119774371,-0.6789243293742211,-0.26896551724137935,0.6789243293742211,0.5390617549837642,True,False,False,False,,-1,nan
12,7,8,8-9-10-11,8,0,0,9.5,5.5,4.0,1,11,11,0.9166666666666666,PREREGISTERED_PRIMARY_ANALYSIS_COMPLETED,True,0.05,0.04724883899717964,0.7496340698491875,-0.3828698553948832,-0.7496340698491876,0.43804876132134357,False,False,False,False,,-1,nan
12,7,8,8-9-10-11,8,0,0,9.5,5.5,4.0,1,11,11,0.9166666666666666,PREREGISTERED_PRIMARY_ANALYSIS_COMPLETED,True,0.1,0.09449767799435928,0.5777795021798529,-0.37263626251390436,-0.5777795021798526,0.6661708468608014,False,False,False,False,,-1,nan
12,7,8,8-9-10-11,8,0,0,9.5,5.5,4.0,1,11,11,0.9166666666666666,PREREGISTERED_PRIMARY_ANALYSIS_COMPLETED,True,0.2,0.18899535598871856,0.5443333286517406,0.13281423804226916,-0.5443333286517404,0.7037012273189164,False,False,False,False,,-1,nan
12,7,8,8-9-10-11,8,0,0,9.5,5.5,4.0,1,11,11,0.9166666666666666,PREREGISTERED_PRIMARY_ANALYSIS_COMPLETED,True,0.3,0.2834930339830778,0.6251513058571663,0.47541713014460507,-0.6251513058571666,0.6091858447850792,False,False,False,False,,-1,nan
12,7,8,8-9-10-11,8,0,0,9.5,5.5,4.0,1,11,11,0.9166666666666666,PREREGISTERED_PRIMARY_ANALYSIS_COMPLETED,True,0.4,0.3779907119774371,0.700332050726977,0.611123470522803,-0.7003320507269775,0.5095350187245463,False,False,False,False,,-1,nan
12,8,0,0-1-2-3,0,8,0,1.5,5.5,4.0,0,11,12,1.0,PREREGISTERED_PRIMARY_ANALYSIS_COMPLETED,True,0.05,0.04724883899717964,-0.6729955329614493,-0.7041156840934372,0.672995532961449,0.5470770126139349,True,False,False,False,,-1,nan
12,8,0,0-1-2-3,0,8,0,1.5,5.5,4.0,0,11,12,1.0,PREREGISTERED_PRIMARY_ANALYSIS_COMPLETED,True,0.1,0.09449767799435928,-0.4872922951400909,-0.4162402669632926,0.48729229514009054,0.7625462190971029,True,False,False,False,,-1,nan
12,8,0,0-1-2-3,0,8,0,1.5,5.5,4.0,0,11,12,1.0,PREREGISTERED_PRIMARY_ANALYSIS_COMPLETED,True,0.2,0.18899535598871856,-0.1460327737828203,0.05494994438264739,0.14603277378282045,0.9786744289812955,True,False,False,False,,-1,nan
12,8,0,0-1-2-3,0,8,0,1.5,5.5,4.0,0,11,12,1.0,PREREGISTERED_PRIMARY_ANALYSIS_COMPLETED,True,0.3,0.2834930339830778,0.3483531065057276,0.5279199110122358,-0.34835310650572754,0.8786501131878093,False,False,False,False,,-1,nan
12,8,0,0-1-2-3,0,8,0,1.5,5.5,4.0,0,11,12,1.0,PREREGISTERED_PRIMARY_ANALYSIS_COMPLETED,True,0.4,0.3779907119774371,0.5752700010829692,0.7081201334816463,-0.5752700010829691,0.6690644258540007,False,False,False,False,,-1,nan
12,8,1,1-2-3-4,1,7,1,2.5,5.5,3.0,0,11,12,1.0,PREREGISTERED_PRIMARY_ANALYSIS_COMPLETED,True,0.05,0.04724883899717964,0.24729070742654766,-0.5817575083426029,-0.2472907074265477,0.9388473060204775,False,False,False,False,,-1,nan
12,8,1,1-2-3-4,1,7,1,2.5,5.5,3.0,0,11,12,1.0,PREREGISTERED_PRIMARY_ANALYSIS_COMPLETED,True,0.1,0.09449767799435928,-0.15185459083418343,-0.6324805339265851,0.15185459083418343,0.9769401832425827,True,False,False,False,,-1,nan
12,8,1,1-2-3-4,1,7,1,2.5,5.5,3.0,0,11,12,1.0,PREREGISTERED_PRIMARY_ANALYSIS_COMPLETED,True,0.2,0.18899535598871856,-0.5168656599155871,-0.531924360400445,0.516865659915587,0.7328498896000247,True,False,False,False,,-1,nan
12,8,1,1-2-3-4,1,7,1,2.5,5.5,3.0,0,11,12,1.0,PREREGISTERED_PRIMARY_ANALYSIS_COMPLETED,True,0.3,0.2834930339830778,-0.6883540762469875,-0.38954393770856505,0.6883540762469871,0.5261686657141565,True,False,False,False,,-1,nan
12,8,1,1-2-3-4,1,7,1,2.5,5.5,3.0,0,11,12,1.0,PREREGISTERED_PRIMARY_ANALYSIS_COMPLETED,True,0.4,0.3779907119774371,-0.7485080987977489,-0.43359288097886545,0.7485080987977488,0.4397356260341792,True,False,False,False,,-1,nan
12,8,2,2-3-4-5,2,6,2,3.5,5.5,2.0,0,11,12,1.0,PREREGISTERED_PRIMARY_ANALYSIS_COMPLETED,True,0.05,0.04724883899717964,0.769218937121177,-0.46785317018909905,-0.7692189371211773,0.40830222677416633,False,False,False,False,,-1,nan
12,8,2,2-3-4-5,2,6,2,3.5,5.5,2.0,0,11,12,1.0,PREREGISTERED_PRIMARY_ANALYSIS_COMPLETED,True,0.1,0.09449767799435928,0.48226176126655806,-0.4700778642936596,-0.48226176126655834,0.7674235936200773,False,False,False,False,,-1,nan
12,8,2,2-3-4-5,2,6,2,3.5,5.5,2.0,0,11,12,1.0,PREREGISTERED_PRIMARY_ANALYSIS_COMPLETED,True,0.2,0.18899535598871856,0.2945741275606002,-0.09010011123470522,-0.2945741275606001,0.9132260833719111,False,False,False,False,,-1,nan
12,8,2,2-3-4-5,2,6,2,3.5,5.5,2.0,0,11,12,1.0,PREREGISTERED_PRIMARY_ANALYSIS_COMPLETED,True,0.3,0.2834930339830778,0.29126467969485176,0.3539488320355951,-0.29126467969485187,0.9151648863622555,False,False,False,False,,-1,nan
12,8,2,2-3-4-5,2,6,2,3.5,5.5,2.0,0,11,12,1.0,PREREGISTERED_PRIMARY_ANALYSIS_COMPLETED,True,0.4,0.3779907119774371,0.3607194592780849,0.41045606229143494,-0.36071945927808513,0.8698814716981258,False,False,False,False,,-1,nan
12,8,3,3-4-5-6,3,5,3,4.5,5.5,1.0,0,11,12,1.0,PREREGISTERED_PRIMARY_ANALYSIS_COMPLETED,True,0.05,0.04724883899717964,0.7673758055785503,-0.37263626251390436,-0.7673758055785509,0.41113437301267,False,False,False,False,,-1,nan
12,8,3,3-4-5-6,3,5,3,4.5,5.5,1.0,0,11,12,1.0,PREREGISTERED_PRIMARY_ANALYSIS_COMPLETED,True,0.1,0.09449767799435928,0.4609385500883003,-0.48698553948832035,-0.46093855008830015,0.7875356530424955,False,False,False,False,,-1,nan
12,8,3,3-4-5-6,3,5,3,4.5,5.5,1.0,0,11,12,1.0,PREREGISTERED_PRIMARY_ANALYSIS_COMPLETED,True,0.2,0.18899535598871856,0.24564103769334286,-0.4682981090100112,-0.24564103769334283,0.9396604806009379,False,False,False,False,,-1,nan
12,8,3,3-4-5-6,3,5,3,4.5,5.5,1.0,0,11,12,1.0,PREREGISTERED_PRIMARY_ANALYSIS_COMPLETED,True,0.3,0.2834930339830778,0.2506665245810808,-0.14126807563959956,-0.2506665245810808,0.9371662934544426,False,False,False,False,,-1,nan
12,8,3,3-4-5-6,3,5,3,4.5,5.5,1.0,0,11,12,1.0,PREREGISTERED_PRIMARY_ANALYSIS_COMPLETED,True,0.4,0.3779907119774371,0.33278327931486196,0.300111234705228,-0.33278327931486185,0.8892552890084467,False,False,False,False,,-1,nan
12,8,4,4-5-6-7,4,4,4,5.5,5.5,0.0,0,11,12,1.0,PREREGISTERED_PRIMARY_ANALYSIS_COMPLETED,True,0.05,0.04724883899717964,-0.9808097280918612,-0.6133481646273637,0.9808097280918616,0.03801227728036845,True,True,True,True,,-1,nan
12,8,4,4-5-6-7,4,4,4,5.5,5.5,0.0,0,11,12,1.0,PREREGISTERED_PRIMARY_ANALYSIS_COMPLETED,True,0.1,0.09449767799435928,-0.9383544236035276,-0.435817575083426,0.9383544236035282,0.11949097570369083,True,True,True,True,,-1,nan
12,8,4,4-5-6-7,4,4,4,5.5,5.5,0.0,0,11,12,1.0,PREREGISTERED_PRIMARY_ANALYSIS_COMPLETED,True,0.2,0.18899535598871856,-0.8364788006836306,-0.4638487208008899,0.83647880068363,0.3003032160068756,True,True,False,False,,-1,nan
12,8,4,4-5-6-7,4,4,4,5.5,5.5,0.0,0,11,12,1.0,PREREGISTERED_PRIMARY_ANALYSIS_COMPLETED,True,0.3,0.2834930339830778,-0.7819535323613854,-0.5305895439377085,0.781953532361385,0.38854867322755227,True,False,False,False,,-1,nan
12,8,4,4-5-6-7,4,4,4,5.5,5.5,0.0,0,11,12,1.0,PREREGISTERED_PRIMARY_ANALYSIS_COMPLETED,True,0.4,0.3779907119774371,-0.801576687228781,-0.5688542825361512,0.8015766872287813,0.35747481449133295,True,True,False,False,,-1,nan
12,8,5,5-6-7-8,5,3,3,6.5,5.5,1.0,0,11,12,1.0,PREREGISTERED_PRIMARY_ANALYSIS_COMPLETED,True,0.05,0.04724883899717964,0.7673758055629828,-0.37263626251390436,-0.7673758055629825,0.41113437303656397,False,False,False,False,,-1,nan
12,8,5,5-6-7-8,5,3,3,6.5,5.5,1.0,0,11,12,1.0,PREREGISTERED_PRIMARY_ANALYSIS_COMPLETED,True,0.1,0.09449767799435928,0.46093855008356455,-0.48698553948832035,-0.4609385500835647,0.7875356530468614,False,False,False,False,,-1,nan
12,8,5,5-6-7-8,5,3,3,6.5,5.5,1.0,0,11,12,1.0,PREREGISTERED_PRIMARY_ANALYSIS_COMPLETED,True,0.2,0.18899535598871856,0.245641037692048,-0.4682981090100112,-0.245641037692048,0.9396604806015743,False,False,False,False,,-1,nan
12,8,5,5-6-7-8,5,3,3,6.5,5.5,1.0,0,11,12,1.0,PREREGISTERED_PRIMARY_ANALYSIS_COMPLETED,True,0.3,0.2834930339830778,0.2506665245801889,-0.14126807563959956,-0.250666524580189,0.9371662934548894,False,False,False,False,,-1,nan
12,8,5,5-6-7-8,5,3,3,6.5,5.5,1.0,0,11,12,1.0,PREREGISTERED_PRIMARY_ANALYSIS_COMPLETED,True,0.4,0.3779907119774371,0.33278327931403956,0.300111234705228,-0.3327832793140396,0.8892552890089935,False,False,False,False,,-1,nan
12,8,6,6-7-8-9,6,2,2,7.5,5.5,2.0,0,11,12,1.0,PREREGISTERED_PRIMARY_ANALYSIS_COMPLETED,True,0.05,0.04724883899717964,0.7692189370951488,-0.46785317018909905,-0.7692189370951488,0.4083022268142096,False,False,False,False,,-1,nan
12,8,6,6-7-8-9,6,2,2,7.5,5.5,2.0,0,11,12,1.0,PREREGISTERED_PRIMARY_ANALYSIS_COMPLETED,True,0.1,0.09449767799435928,0.482261761250322,-0.4700778642936596,-0.48226176125032183,0.7674235936357379,False,False,False,False,,-1,nan
12,8,6,6-7-8-9,6,2,2,7.5,5.5,2.0,0,11,12,1.0,PREREGISTERED_PRIMARY_ANALYSIS_COMPLETED,True,0.2,0.18899535598871856,0.2945741275537468,-0.09010011123470522,-0.29457412755374673,0.913226083375949,False,False,False,False,,-1,nan
12,8,6,6-7-8-9,6,2,2,7.5,5.5,2.0,0,11,12,1.0,PREREGISTERED_PRIMARY_ANALYSIS_COMPLETED,True,0.3,0.2834930339830778,0.2912646796901346,0.3539488320355951,-0.2912646796901348,0.9151648863650034,False,False,False,False,,-1,nan
12,8,6,6-7-8-9,6,2,2,7.5,5.5,2.0,0,11,12,1.0,PREREGISTERED_PRIMARY_ANALYSIS_COMPLETED,True,0.4,0.3779907119774371,0.36071945927382626,0.41045606229143494,-0.36071945927382615,0.8698814717011986,False,False,False,False,,-1,nan
12,8,7,7-8-9-10,7,1,1,8.5,5.5,3.0,0,11,12,1.0,PREREGISTERED_PRIMARY_ANALYSIS_COMPLETED,True,0.05,0.04724883899717964,0.24729070749567011,-0.5817575083426029,-0.24729070749567023,0.938847305986291,False,False,False,False,,-1,nan
12,8,7,7-8-9-10,7,1,1,8.5,5.5,3.0,0,11,12,1.0,PREREGISTERED_PRIMARY_ANALYSIS_COMPLETED,True,0.1,0.09449767799435928,-0.15185459084759073,-0.6324805339265851,0.1518545908475909,0.9769401832385111,True,False,False,False,,-1,nan
12,8,7,7-8-9-10,7,1,1,8.5,5.5,3.0,0,11,12,1.0,PREREGISTERED_PRIMARY_ANALYSIS_COMPLETED,True,0.2,0.18899535598871856,-0.5168656599510224,-0.531924360400445,0.5168656599510224,0.7328498895633941,True,False,False,False,,-1,nan
12,8,7,7-8-9-10,7,1,1,8.5,5.5,3.0,0,11,12,1.0,PREREGISTERED_PRIMARY_ANALYSIS_COMPLETED,True,0.3,0.2834930339830778,-0.6883540762791608,-0.38954393770856505,0.6883540762791606,0.5261686656698636,True,False,False,False,,-1,nan
12,8,7,7-8-9-10,7,1,1,8.5,5.5,3.0,0,11,12,1.0,PREREGISTERED_PRIMARY_ANALYSIS_COMPLETED,True,0.4,0.3779907119774371,-0.7485080988266697,-0.43359288097886545,0.74850809882667,0.43973562599088445,True,False,False,False,,-1,nan
12,8,8,8-9-10-11,8,0,0,9.5,5.5,4.0,0,11,12,1.0,PREREGISTERED_PRIMARY_ANALYSIS_COMPLETED,True,0.05,0.04724883899717964,-0.67299553297272,-0.7041156840934372,0.6729955329727202,0.5470770125987647,True,False,False,False,,-1,nan
12,8,8,8-9-10-11,8,0,0,9.5,5.5,4.0,0,11,12,1.0,PREREGISTERED_PRIMARY_ANALYSIS_COMPLETED,True,0.1,0.09449767799435928,-0.4872922951210706,-0.4162402669632926,0.4872922951210704,0.7625462191156396,True,False,False,False,,-1,nan
12,8,8,8-9-10-11,8,0,0,9.5,5.5,4.0,0,11,12,1.0,PREREGISTERED_PRIMARY_ANALYSIS_COMPLETED,True,0.2,0.18899535598871856,-0.1460327737743402,0.05494994438264739,0.14603277377434015,0.9786744289837723,True,False,False,False,,-1,nan
12,8,8,8-9-10-11,8,0,0,9.5,5.5,4.0,0,11,12,1.0,PREREGISTERED_PRIMARY_ANALYSIS_COMPLETED,True,0.3,0.2834930339830778,0.34835310649979906,0.5279199110122358,-0.34835310649979906,0.8786501131919394,False,False,False,False,,-1,nan
12,8,8,8-9-10-11,8,0,0,9.5,5.5,4.0,0,11,12,1.0,PREREGISTERED_PRIMARY_ANALYSIS_COMPLETED,True,0.4,0.3779907119774371,0.5752700010739398,0.7081201334816463,-0.57527000107394,0.6690644258643892,False,False,False,False,,-1,nan
12,9,0,0-1-2-3,0,8,0,1.5,5.5,4.0,0,11,12,1.0,PREREGISTERED_PRIMARY_ANALYSIS_COMPLETED,True,0.05,0.04724883899717964,-0.5093150294383155,-0.7454949944382647,0.5093150294383155,0.7405982007882477,True,False,False,False,,-1,nan
12,9,0,0-1-2-3,0,8,0,1.5,5.5,4.0,0,11,12,1.0,PREREGISTERED_PRIMARY_ANALYSIS_COMPLETED,True,0.1,0.09449767799435928,-0.3602923568065298,-0.6231368186874304,0.3602923568065298,0.870189417626796,True,False,False,False,,-1,nan
12,9,0,0-1-2-3,0,8,0,1.5,5.5,4.0,0,11,12,1.0,PREREGISTERED_PRIMARY_ANALYSIS_COMPLETED,True,0.2,0.18899535598871856,-0.09557159077635104,0.03492769744160178,0.09557159077635113,0.9908660710364781,True,False,False,False,,-1,nan
12,9,0,0-1-2-3,0,8,0,1.5,5.5,4.0,0,11,12,1.0,PREREGISTERED_PRIMARY_ANALYSIS_COMPLETED,True,0.3,0.2834930339830778,0.2968043436187488,0.44694104560622916,-0.2968043436187489,0.9119071816090434,False,False,False,False,,-1,nan
12,9,0,0-1-2-3,0,8,0,1.5,5.5,4.0,0,11,12,1.0,PREREGISTERED_PRIMARY_ANALYSIS_COMPLETED,True,0.4,0.3779907119774371,0.5081938844644055,0.6533926585094549,-0.5081938844644057,0.7417389757929783,False,False,False,False,,-1,nan
12,9,1,1-2-3-4,1,7,1,2.5,5.5,3.0,0,11,12,1.0,PREREGISTERED_PRIMARY_ANALYSIS_COMPLETED,True,0.05,0.04724883899717964,0.6353633770902232,-0.2360400444938821,-0.6353633770902231,0.5963133790525069,False,False,False,False,,-1,nan
12,9,1,1-2-3-4,1,7,1,2.5,5.5,3.0,0,11,12,1.0,PREREGISTERED_PRIMARY_ANALYSIS_COMPLETED,True,0.1,0.09449767799435928,0.4313572736865668,-0.4211345939933259,-0.43135727368656684,0.8139309024376923,False,False,False,False,,-1,nan
12,9,1,1-2-3-4,1,7,1,2.5,5.5,3.0,0,11,12,1.0,PREREGISTERED_PRIMARY_ANALYSIS_COMPLETED,True,0.2,0.18899535598871856,0.3744475487223006,-0.3913236929922136,-0.3744475487223008,0.8597890332558602,False,False,False,False,,-1,nan
12,9,1,1-2-3-4,1,7,1,2.5,5.5,3.0,0,11,12,1.0,PREREGISTERED_PRIMARY_ANALYSIS_COMPLETED,True,0.3,0.2834930339830778,0.5048680059552735,0.34060066740823136,-0.5048680059552735,0.7451082965627461,False,False,False,False,,-1,nan
12,9,1,1-2-3-4,1,7,1,2.5,5.5,3.0,0,11,12,1.0,PREREGISTERED_PRIMARY_ANALYSIS_COMPLETED,True,0.4,0.3779907119774371,0.6159422159545244,0.607119021134594,-0.6159422159545244,0.6206151866050298,False,False,False,False,,-1,nan
12,9,2,2-3-4-5,2,6,2,3.5,5.5,2.0,0,11,12,1.0,PREREGISTERED_PRIMARY_ANALYSIS_COMPLETED,True,0.05,0.04724883899717964,-0.9845318125867369,-0.9341490545050056,0.9845318125867364,0.030697110004674795,True,True,True,True,,-1,nan
12,9,2,2-3-4-5,2,6,2,3.5,5.5,2.0,0,11,12,1.0,PREREGISTERED_PRIMARY_ANALYSIS_COMPLETED,True,0.1,0.09449767799435928,-0.9710607719016986,-0.9448275862068966,0.9710607719016988,0.05704097727367769,True,True,True,True,,-1,nan
12,9,2,2-3-4-5,2,6,2,3.5,5.5,2.0,0,11,12,1.0,PREREGISTERED_PRIMARY_ANALYSIS_COMPLETED,True,0.2,0.18899535598871856,-0.9640994315040204,-0.9630700778642937,0.9640994315040207,0.07051228617362426,True,True,True,True,,-1,nan
12,9,2,2-3-4-5,2,6,2,3.5,5.5,2.0,0,11,12,1.0,PREREGISTERED_PRIMARY_ANALYSIS_COMPLETED,True,0.3,0.2834930339830778,-0.9659244650163631,-0.8674082313681868,0.965924465016363,0.06698992788285262,True,True,True,True,,-1,nan
12,9,2,2-3-4-5,2,6,2,3.5,5.5,2.0,0,11,12,1.0,PREREGISTERED_PRIMARY_ANALYSIS_COMPLETED,True,0.4,0.3779907119774371,-0.969409604170721,-0.8860956618464961,0.9694096041707208,0.06024501934156568,True,True,True,True,,-1,nan
12,9,3,3-4-5-6,3,5,3,4.5,5.5,1.0,0,11,12,1.0,PREREGISTERED_PRIMARY_ANALYSIS_COMPLETED,True,0.05,0.04724883899717964,0.8162596195978667,-0.5243604004449388,-0.8162596195978664,0.33372023341394663,False,False,False,False,,-1,nan
12,9,3,3-4-5-6,3,5,3,4.5,5.5,1.0,0,11,12,1.0,PREREGISTERED_PRIMARY_ANALYSIS_COMPLETED,True,0.1,0.09449767799435928,0.6671356815084334,-0.5470522803114571,-0.6671356815084334,0.5549299824582783,False,False,False,False,,-1,nan
12,9,3,3-4-5-6,3,5,3,4.5,5.5,1.0,0,11,12,1.0,PREREGISTERED_PRIMARY_ANALYSIS_COMPLETED,True,0.2,0.18899535598871856,0.32439865791405825,-0.6751946607341489,-0.3243986579140583,0.8947655107435578,False,False,False,False,,-1,nan
12,9,3,3-4-5-6,3,5,3,4.5,5.5,1.0,0,11,12,1.0,PREREGISTERED_PRIMARY_ANALYSIS_COMPLETED,True,0.3,0.2834930339830778,-0.18540665287555502,-0.7494994438264738,0.18540665287555516,0.9656243730694835,True,False,False,False,,-1,nan
12,9,3,3-4-5-6,3,5,3,4.5,5.5,1.0,0,11,12,1.0,PREREGISTERED_PRIMARY_ANALYSIS_COMPLETED,True,0.4,0.3779907119774371,-0.4691479415619675,-0.7993325917686318,0.46914794156196743,0.7799002089281688,True,False,False,False,,-1,nan
12,9,4,4-5-6-7,4,4,4,5.5,5.5,0.0,0,11,12,1.0,PREREGISTERED_PRIMARY_ANALYSIS_COMPLETED,True,0.05,0.04724883899717964,-0.17487677826792578,-0.3704115684093437,0.17487677826792575,0.969418112422631,True,False,False,False,,-1,nan
12,9,4,4-5-6-7,4,4,4,5.5,5.5,0.0,0,11,12,1.0,PREREGISTERED_PRIMARY_ANALYSIS_COMPLETED,True,0.1,0.09449767799435928,-0.5819988685158128,-0.6809788654060066,0.5819988685158124,0.6612773170463138,True,False,False,False,,-1,nan
12,9,4,4-5-6-7,4,4,4,5.5,5.5,0.0,0,11,12,1.0,PREREGISTERED_PRIMARY_ANALYSIS_COMPLETED,True,0.2,0.18899535598871856,-0.840862838272233,-0.8242491657397107,0.8408628382722327,0.29294968721276554,True,True,False,False,,-1,nan
12,9,4,4-5-6-7,4,4,4,5.5,5.5,0.0,0,11,12,1.0,PREREGISTERED_PRIMARY_ANALYSIS_COMPLETED,True,0.3,0.2834930339830778,-0.9010498224697207,-0.5639599555061179,0.9010498224697202,0.1881092174272852,True,True,True,True,,-1,nan
12,9,4,4-5-6-7,4,4,4,5.5,5.5,0.0,0,11,12,1.0,PREREGISTERED_PRIMARY_ANALYSIS_COMPLETED,True,0.4,0.3779907119774371,-0.9192662873317371,-0.6120133481646273,0.919266287331737,0.15494949297532384,True,True,True,True,,-1,nan
12,9,5,5-6-7-8,5,3,3,6.5,5.5,1.0,0,11,12,1.0,PREREGISTERED_PRIMARY_ANALYSIS_COMPLETED,True,0.05,0.04724883899717964,0.8162596195880778,-0.5243604004449388,-0.8162596195880776,0.33372023342992685,False,False,False,False,,-1,nan
12,9,5,5-6-7-8,5,3,3,6.5,5.5,1.0,0,11,12,1.0,PREREGISTERED_PRIMARY_ANALYSIS_COMPLETED,True,0.1,0.09449767799435928,0.6671356815041759,-0.5470522803114571,-0.6671356815041752,0.5549299824639587,False,False,False,False,,-1,nan
12,9,5,5-6-7-8,5,3,3,6.5,5.5,1.0,0,11,12,1.0,PREREGISTERED_PRIMARY_ANALYSIS_COMPLETED,True,0.2,0.18899535598871856,0.3243986579128875,-0.6751946607341489,-0.32439865791288747,0.8947655107443173,False,False,False,False,,-1,nan
12,9,5,5-6-7-8,5,3,3,6.5,5.5,1.0,0,11,12,1.0,PREREGISTERED_PRIMARY_ANALYSIS_COMPLETED,True,0.3,0.2834930339830778,-0.18540665287645275,-0.7494994438264738,0.1854066528764527,0.9656243730691508,True,False,False,False,,-1,nan
12,9,5,5-6-7-8,5,3,3,6.5,5.5,1.0,0,11,12,1.0,PREREGISTERED_PRIMARY_ANALYSIS_COMPLETED,True,0.4,0.3779907119774371,-0.4691479415627642,-0.7993325917686318,0.469147941562764,0.7799002089274215,True,False,False,False,,-1,nan
12,9,6,6-7-8-9,6,2,2,7.5,5.5,2.0,0,11,12,1.0,PREREGISTERED_PRIMARY_ANALYSIS_COMPLETED,True,0.05,0.04724883899717964,-0.9845318125852853,-0.9341490545050056,0.9845318125852852,0.030697110007533647,True,True,True,True,,-1,nan
12,9,6,6-7-8-9,6,2,2,7.5,5.5,2.0,0,11,12,1.0,PREREGISTERED_PRIMARY_ANALYSIS_COMPLETED,True,0.1,0.09449767799435928,-0.971060771899765,-0.9448275862068966,0.9710607718997654,0.057040977277432604,True,True,True,True,,-1,nan
12,9,6,6-7-8-9,6,2,2,7.5,5.5,2.0,0,11,12,1.0,PREREGISTERED_PRIMARY_ANALYSIS_COMPLETED,True,0.2,0.18899535598871856,-0.9640994315032135,-0.9630700778642937,0.9640994315032136,0.07051228617518042,True,True,True,True,,-1,nan
12,9,6,6-7-8-9,6,2,2,7.5,5.5,2.0,0,11,12,1.0,PREREGISTERED_PRIMARY_ANALYSIS_COMPLETED,True,0.3,0.2834930339830778,-0.965924465016132,-0.8674082313681868,0.9659244650161325,0.06698992788329863,True,True,True,True,,-1,nan
12,9,6,6-7-8-9,6,2,2,7.5,5.5,2.0,0,11,12,1.0,PREREGISTERED_PRIMARY_ANALYSIS_COMPLETED,True,0.4,0.3779907119774371,-0.969409604170681,-0.8860956618464961,0.9694096041706806,0.06024501934164411,True,True,True,True,,-1,nan
12,9,7,7-8-9-10,7,1,1,8.5,5.5,3.0,0,11,12,1.0,PREREGISTERED_PRIMARY_ANALYSIS_COMPLETED,True,0.05,0.04724883899717964,0.6353633772192796,-0.2360400444938821,-0.6353633772192796,0.5963133788885109,False,False,False,False,,-1,nan
12,9,7,7-8-9-10,7,1,1,8.5,5.5,3.0,0,11,12,1.0,PREREGISTERED_PRIMARY_ANALYSIS_COMPLETED,True,0.1,0.09449767799435928,0.43135727370348986,-0.4211345939933259,-0.43135727370348975,0.8139309024230925,False,False,False,False,,-1,nan
12,9,7,7-8-9-10,7,1,1,8.5,5.5,3.0,0,11,12,1.0,PREREGISTERED_PRIMARY_ANALYSIS_COMPLETED,True,0.2,0.18899535598871856,0.3744475487131153,-0.3913236929922136,-0.3744475487131151,0.8597890332627391,False,False,False,False,,-1,nan
12,9,7,7-8-9-10,7,1,1,8.5,5.5,3.0,0,11,12,1.0,PREREGISTERED_PRIMARY_ANALYSIS_COMPLETED,True,0.3,0.2834930339830778,0.5048680059453946,0.34060066740823136,-0.5048680059453945,0.7451082965727212,False,False,False,False,,-1,nan
12,9,7,7-8-9-10,7,1,1,8.5,5.5,3.0,0,11,12,1.0,PREREGISTERED_PRIMARY_ANALYSIS_COMPLETED,True,0.4,0.3779907119774371,0.6159422159458409,0.607119021134594,-0.615942215945841,0.620615186615727,False,False,False,False,,-1,nan
12,9,8,8-9-10-11,8,0,0,9.5,5.5,4.0,0,11,12,1.0,PREREGISTERED_PRIMARY_ANALYSIS_COMPLETED,True,0.05,0.04724883899717964,-0.5093150295772781,-0.7454949944382647,0.5093150295772779,0.7405982006466965,True,False,False,False,,-1,nan
12,9,8,8-9-10-11,8,0,0,9.5,5.5,4.0,0,11,12,1.0,PREREGISTERED_PRIMARY_ANALYSIS_COMPLETED,True,0.1,0.09449767799435928,-0.3602923568374472,-0.6231368186874304,0.3602923568374469,0.870189417604518,True,False,False,False,,-1,nan
12,9,8,8-9-10-11,8,0,0,9.5,5.5,4.0,0,11,12,1.0,PREREGISTERED_PRIMARY_ANALYSIS_COMPLETED,True,0.2,0.18899535598871856,-0.09557159078205134,0.03492769744160178,0.0955715907820514,0.9908660710353879,True,False,False,False,,-1,nan
12,9,8,8-9-10-11,8,0,0,9.5,5.5,4.0,0,11,12,1.0,PREREGISTERED_PRIMARY_ANALYSIS_COMPLETED,True,0.3,0.2834930339830778,0.2968043436216745,0.44694104560622916,-0.29680434362167446,0.9119071816073071,False,False,False,False,,-1,nan
12,9,8,8-9-10-11,8,0,0,9.5,5.5,4.0,0,11,12,1.0,PREREGISTERED_PRIMARY_ANALYSIS_COMPLETED,True,0.4,0.3779907119774371,0.5081938844693085,0.6533926585094549,-0.5081938844693086,0.7417389757879951,False,False,False,False,,-1,nan
12,10,0,0-1-2-3,0,8,0,1.5,5.5,4.0,0,11,12,1.0,PREREGISTERED_PRIMARY_ANALYSIS_COMPLETED,True,0.05,0.04724883899717964,-0.8086631729843763,-0.7090100111234705,0.8086631729843765,0.34606387265884025,True,True,False,False,,-1,nan
12,10,0,0-1-2-3,0,8,0,1.5,5.5,4.0,0,11,12,1.0,PREREGISTERED_PRIMARY_ANALYSIS_COMPLETED,True,0.1,0.09449767799435928,-0.6298639735111182,-0.3619577308120133,0.6298639735111179,0.6032713748727853,True,False,False,False,,-1,nan
12,10,0,0-1-2-3,0,8,0,1.5,5.5,4.0,0,11,12,1.0,PREREGISTERED_PRIMARY_ANALYSIS_COMPLETED,True,0.2,0.18899535598871856,-0.31754956455070704,0.059844271412680755,0.31754956455070743,0.899162274053656,True,False,False,False,,-1,nan
12,10,0,0-1-2-3,0,8,0,1.5,5.5,4.0,0,11,12,1.0,PREREGISTERED_PRIMARY_ANALYSIS_COMPLETED,True,0.3,0.2834930339830778,0.1598569041633025,0.5038932146829811,-0.15985690416330242,0.9744457701913245,False,False,False,False,,-1,nan
12,10,0,0-1-2-3,0,8,0,1.5,5.5,4.0,0,11,12,1.0,PREREGISTERED_PRIMARY_ANALYSIS_COMPLETED,True,0.4,0.3779907119774371,0.4526072985946711,0.7152391546162402,-0.4526072985946711,0.7951466332588342,False,False,False,False,,-1,nan
12,10,1,1-2-3-4,1,7,1,2.5,5.5,3.0,0,11,12,1.0,PREREGISTERED_PRIMARY_ANALYSIS_COMPLETED,True,0.05,0.04724883899717964,-0.5616113339264496,-0.6622914349276974,0.5616113339264495,0.6845927096053536,True,False,False,False,,-1,nan
12,10,1,1-2-3-4,1,7,1,2.5,5.5,3.0,0,11,12,1.0,PREREGISTERED_PRIMARY_ANALYSIS_COMPLETED,True,0.1,0.09449767799435928,-0.3997129523945531,-0.7236929922135705,0.3997129523945531,0.8402295556880293,True,False,False,False,,-1,nan
12,10,1,1-2-3-4,1,7,1,2.5,5.5,3.0,0,11,12,1.0,PREREGISTERED_PRIMARY_ANALYSIS_COMPLETED,True,0.2,0.18899535598871856,0.06789011142418551,-0.09766407119021134,-0.06789011142418548,0.9953909327708115,False,False,False,False,,-1,nan
12,10,1,1-2-3-4,1,7,1,2.5,5.5,3.0,0,11,12,1.0,PREREGISTERED_PRIMARY_ANALYSIS_COMPLETED,True,0.3,0.2834930339830778,0.43601443271329987,0.5412680756395996,-0.4360144327132999,0.8098914144656992,False,False,False,False,,-1,nan
12,10,1,1-2-3-4,1,7,1,2.5,5.5,3.0,0,11,12,1.0,PREREGISTERED_PRIMARY_ANALYSIS_COMPLETED,True,0.4,0.3779907119774371,0.5888869237244558,0.6565072302558399,-0.588886923724456,0.653212191066347,False,False,False,False,,-1,nan
12,10,2,2-3-4-5,2,6,2,3.5,5.5,2.0,0,11,12,1.0,PREREGISTERED_PRIMARY_ANALYSIS_COMPLETED,True,0.05,0.04724883899717964,-0.5525088033971195,-0.6827586206896552,0.5525088033971195,0.6947340221686831,True,False,False,False,,-1,nan
12,10,2,2-3-4-5,2,6,2,3.5,5.5,2.0,0,11,12,1.0,PREREGISTERED_PRIMARY_ANALYSIS_COMPLETED,True,0.1,0.09449767799435928,-0.16713854976861264,-0.6654060066740823,0.16713854976861267,0.972064705181245,True,False,False,False,,-1,nan
12,10,2,2-3-4-5,2,6,2,3.5,5.5,2.0,0,11,12,1.0,PREREGISTERED_PRIMARY_ANALYSIS_COMPLETED,True,0.2,0.18899535598871856,0.25958685294045575,0.10166852057842046,-0.2595868529404556,0.9326146657804706,False,False,False,False,,-1,nan
12,10,2,2-3-4-5,2,6,2,3.5,5.5,2.0,0,11,12,1.0,PREREGISTERED_PRIMARY_ANALYSIS_COMPLETED,True,0.3,0.2834930339830778,0.40691002226341133,0.1546162402669633,-0.4069100222634113,0.8344242337815899,False,False,False,False,,-1,nan
12,10,2,2-3-4-5,2,6,2,3.5,5.5,2.0,0,11,12,1.0,PREREGISTERED_PRIMARY_ANALYSIS_COMPLETED,True,0.4,0.3779907119774371,0.4878443005916362,0.2462736373748609,-0.487844300591636,0.7620079383802573,False,False,False,False,,-1,nan
12,10,3,3-4-5-6,3,5,3,4.5,5.5,1.0,0,11,12,1.0,PREREGISTERED_PRIMARY_ANALYSIS_COMPLETED,True,0.05,0.04724883899717964,-0.990389381180533,-0.8923248053392657,0.9903893811805333,0.019128873644840318,True,True,True,True,,-1,nan
12,10,3,3-4-5-6,3,5,3,4.5,5.5,1.0,0,11,12,1.0,PREREGISTERED_PRIMARY_ANALYSIS_COMPLETED,True,0.1,0.09449767799435928,-0.9814394261236629,-0.9052280311457174,0.9814394261236629,0.03677665285005466,True,True,True,True,,-1,nan
12,10,3,3-4-5-6,3,5,3,4.5,5.5,1.0,0,11,12,1.0,PREREGISTERED_PRIMARY_ANALYSIS_COMPLETED,True,0.2,0.18899535598871856,-0.9742897491879908,-0.9265850945494994,0.9742897491879902,0.05075948462720237,True,True,True,True,,-1,nan
12,10,3,3-4-5-6,3,5,3,4.5,5.5,1.0,0,11,12,1.0,PREREGISTERED_PRIMARY_ANALYSIS_COMPLETED,True,0.3,0.2834930339830778,-0.9746529846543975,-0.9078976640711901,0.974652984654398,0.0500515595042745,True,True,True,True,,-1,nan
12,10,3,3-4-5-6,3,5,3,4.5,5.5,1.0,0,11,12,1.0,PREREGISTERED_PRIMARY_ANALYSIS_COMPLETED,True,0.4,0.3779907119774371,-0.9766616448858996,-0.8700778642936596,0.9766616448858995,0.04613203140876881,True,True,True,True,,-1,nan
12,10,4,4-5-6-7,4,4,4,5.5,5.5,0.0,0,11,12,1.0,PREREGISTERED_PRIMARY_ANALYSIS_COMPLETED,True,0.05,0.04724883899717964,-0.9810897377592087,-0.9341490545050056,0.9810897377592084,0.037462926463567206,True,True,True,True,,-1,nan
12,10,4,4-5-6-7,4,4,4,5.5,5.5,0.0,0,11,12,1.0,PREREGISTERED_PRIMARY_ANALYSIS_COMPLETED,True,0.1,0.09449767799435928,-0.9643581986146743,-0.8847608453837598,0.9643581986146741,0.07001326476466035,True,True,True,True,,-1,nan
12,10,4,4-5-6-7,4,4,4,5.5,5.5,0.0,0,11,12,1.0,PREREGISTERED_PRIMARY_ANALYSIS_COMPLETED,True,0.2,0.18899535598871856,-0.9469328311551949,-0.839377085650723,0.9469328311551947,0.10331821328040713,True,True,True,True,,-1,nan
12,10,4,4-5-6-7,4,4,4,5.5,5.5,0.0,0,11,12,1.0,PREREGISTERED_PRIMARY_ANALYSIS_COMPLETED,True,0.3,0.2834930339830778,-0.938712987749108,-0.8100111234705227,0.938712987749108,0.11881792663114284,True,True,True,True,,-1,nan
12,10,4,4-5-6-7,4,4,4,5.5,5.5,0.0,0,11,12,1.0,PREREGISTERED_PRIMARY_ANALYSIS_COMPLETED,True,0.4,0.3779907119774371,-0.9373848027360503,-0.8246941045606229,0.9373848027360507,0.12130973159949557,True,True,True,True,,-1,nan
12,10,5,5-6-7-8,5,3,3,6.5,5.5,1.0,0,11,12,1.0,PREREGISTERED_PRIMARY_ANALYSIS_COMPLETED,True,0.05,0.04724883899717964,-0.9903893811789767,-0.8923248053392657,0.9903893811789765,0.019128873647924382,True,True,True,True,,-1,nan
12,10,5,5-6-7-8,5,3,3,6.5,5.5,1.0,0,11,12,1.0,PREREGISTERED_PRIMARY_ANALYSIS_COMPLETED,True,0.1,0.09449767799435928,-0.9814394261224242,-0.9052280311457174,0.9814394261224245,0.03677665285248622,True,True,True,True,,-1,nan
12,10,5,5-6-7-8,5,3,3,6.5,5.5,1.0,0,11,12,1.0,PREREGISTERED_PRIMARY_ANALYSIS_COMPLETED,True,0.2,0.18899535598871856,-0.9742897491875522,-0.9265850945494994,0.9742897491875522,0.05075948462805704,True,True,True,True,,-1,nan
12,10,5,5-6-7-8,5,3,3,6.5,5.5,1.0,0,11,12,1.0,PREREGISTERED_PRIMARY_ANALYSIS_COMPLETED,True,0.3,0.2834930339830778,-0.9746529846542409,-0.9078976640711901,0.9746529846542411,0.05005155950458028,True,True,True,True,,-1,nan
12,10,5,5-6-7-8,5,3,3,6.5,5.5,1.0,0,11,12,1.0,PREREGISTERED_PRIMARY_ANALYSIS_COMPLETED,True,0.4,0.3779907119774371,-0.9766616448858512,-0.8700778642936596,0.9766616448858512,0.04613203140886282,True,True,True,True,,-1,nan
12,10,6,6-7-8-9,6,2,2,7.5,5.5,2.0,0,11,12,1.0,PREREGISTERED_PRIMARY_ANALYSIS_COMPLETED,True,0.05,0.04724883899717964,-0.552508803410858,-0.6827586206896552,0.552508803410858,0.6947340221535017,True,False,False,False,,-1,nan
12,10,6,6-7-8-9,6,2,2,7.5,5.5,2.0,0,11,12,1.0,PREREGISTERED_PRIMARY_ANALYSIS_COMPLETED,True,0.1,0.09449767799435928,-0.16713854977046266,-0.6654060066740823,0.1671385497704626,0.9720647051806266,True,False,False,False,,-1,nan
12,10,6,6-7-8-9,6,2,2,7.5,5.5,2.0,0,11,12,1.0,PREREGISTERED_PRIMARY_ANALYSIS_COMPLETED,True,0.2,0.18899535598871856,0.25958685294160533,0.10166852057842046,-0.2595868529416055,0.9326146657798731,False,False,False,False,,-1,nan
12,10,6,6-7-8-9,6,2,2,7.5,5.5,2.0,0,11,12,1.0,PREREGISTERED_PRIMARY_ANALYSIS_COMPLETED,True,0.3,0.2834930339830778,0.4069100222648878,0.1546162402669633,-0.4069100222648878,0.8344242337803885,False,False,False,False,,-1,nan
12,10,6,6-7-8-9,6,2,2,7.5,5.5,2.0,0,11,12,1.0,PREREGISTERED_PRIMARY_ANALYSIS_COMPLETED,True,0.4,0.3779907119774371,0.4878443005931893,0.2462736373748609,-0.4878443005931892,0.762007938378742,False,False,False,False,,-1,nan
12,10,7,7-8-9-10,7,1,1,8.5,5.5,3.0,0,11,12,1.0,PREREGISTERED_PRIMARY_ANALYSIS_COMPLETED,True,0.05,0.04724883899717964,-0.5616113340118782,-0.6622914349276974,0.5616113340118779,0.684592709509399,True,False,False,False,,-1,nan
12,10,7,7-8-9-10,7,1,1,8.5,5.5,3.0,0,11,12,1.0,PREREGISTERED_PRIMARY_ANALYSIS_COMPLETED,True,0.1,0.09449767799435928,-0.3997129524186814,-0.7236929922135705,0.39971295241868154,0.8402295556687411,True,False,False,False,,-1,nan
12,10,7,7-8-9-10,7,1,1,8.5,5.5,3.0,0,11,12,1.0,PREREGISTERED_PRIMARY_ANALYSIS_COMPLETED,True,0.2,0.18899535598871856,0.06789011142718394,-0.09766407119021134,-0.06789011142718393,0.9953909327704048,False,False,False,False,,-1,nan
12,10,7,7-8-9-10,7,1,1,8.5,5.5,3.0,0,11,12,1.0,PREREGISTERED_PRIMARY_ANALYSIS_COMPLETED,True,0.3,0.2834930339830778,0.4360144327214949,0.5412680756395996,-0.43601443272149487,0.809891414458553,False,False,False,False,,-1,nan
12,10,7,7-8-9-10,7,1,1,8.5,5.5,3.0,0,11,12,1.0,PREREGISTERED_PRIMARY_ANALYSIS_COMPLETED,True,0.4,0.3779907119774371,0.5888869237323703,0.6565072302558399,-0.5888869237323702,0.6532121910570257,False,False,False,False,,-1,nan
12,10,8,8-9-10-11,8,0,0,9.5,5.5,4.0,0,11,12,1.0,PREREGISTERED_PRIMARY_ANALYSIS_COMPLETED,True,0.05,0.04724883899717964,-0.8086631731088285,-0.7090100111234705,0.8086631731088285,0.34606387245756065,True,True,False,False,,-1,nan
12,10,8,8-9-10-11,8,0,0,9.5,5.5,4.0,0,11,12,1.0,PREREGISTERED_PRIMARY_ANALYSIS_COMPLETED,True,0.1,0.09449767799435928,-0.6298639735965541,-0.3619577308120133,0.6298639735965543,0.6032713747651591,True,False,False,False,,-1,nan
12,10,8,8-9-10-11,8,0,0,9.5,5.5,4.0,0,11,12,1.0,PREREGISTERED_PRIMARY_ANALYSIS_COMPLETED,True,0.2,0.18899535598871856,-0.31754956457692896,0.059844271412680755,0.3175495645769291,0.8991622740370029,True,False,False,False,,-1,nan
12,10,8,8-9-10-11,8,0,0,9.5,5.5,4.0,0,11,12,1.0,PREREGISTERED_PRIMARY_ANALYSIS_COMPLETED,True,0.3,0.2834930339830778,0.15985690417006168,0.5038932146829811,-0.15985690417006163,0.974445770189164,False,False,False,False,,-1,nan
12,10,8,8-9-10-11,8,0,0,9.5,5.5,4.0,0,11,12,1.0,PREREGISTERED_PRIMARY_ANALYSIS_COMPLETED,True,0.4,0.3779907119774371,0.4526072986098757,0.7152391546162402,-0.45260729860987553,0.7951466332450707,False,False,False,False,,-1,nan
12,11,0,0-1-2-3,0,8,0,1.5,5.5,4.0,0,11,12,1.0,PREREGISTERED_PRIMARY_ANALYSIS_COMPLETED,True,0.05,0.04724883899717964,-0.9442591442811588,-0.6747497219132369,0.9442591442811585,0.10837466844141438,True,True,True,True,,-1,nan
12,11,0,0-1-2-3,0,8,0,1.5,5.5,4.0,0,11,12,1.0,PREREGISTERED_PRIMARY_ANALYSIS_COMPLETED,True,0.1,0.09449767799435928,-0.8586416708318729,-0.3263626251390434,0.8586416708318728,0.2627344811110497,True,True,False,False,,-1,nan
12,11,0,0-1-2-3,0,8,0,1.5,5.5,4.0,0,11,12,1.0,PREREGISTERED_PRIMARY_ANALYSIS_COMPLETED,True,0.2,0.18899535598871856,-0.5709911694471508,0.24271412680756396,0.5709911694471508,0.6739690844133748,True,False,False,False,,-1,nan
12,11,0,0-1-2-3,0,8,0,1.5,5.5,4.0,0,11,12,1.0,PREREGISTERED_PRIMARY_ANALYSIS_COMPLETED,True,0.3,0.2834930339830778,-0.055643845158420524,0.5995550611790879,0.055643845158420566,0.9969037624959857,True,False,False,False,,-1,nan
12,11,0,0-1-2-3,0,8,0,1.5,5.5,4.0,0,11,12,1.0,PREREGISTERED_PRIMARY_ANALYSIS_COMPLETED,True,0.4,0.3779907119774371,0.29593457413999524,0.7882091212458288,-0.2959345741399952,0.9124227278285795,False,False,False,False,,-1,nan
12,11,1,1-2-3-4,1,7,1,2.5,5.5,3.0,0,11,12,1.0,PREREGISTERED_PRIMARY_ANALYSIS_COMPLETED,True,0.05,0.04724883899717964,-0.4693574949904855,-0.6898776418242492,0.4693574949904853,0.7797035418962567,True,False,False,False,,-1,nan
12,11,1,1-2-3-4,1,7,1,2.5,5.5,3.0,0,11,12,1.0,PREREGISTERED_PRIMARY_ANALYSIS_COMPLETED,True,0.1,0.09449767799435928,-0.35110927911895434,-0.7098998887652946,0.3511092791189543,0.8767222741165683,True,False,False,False,,-1,nan
12,11,1,1-2-3-4,1,7,1,2.5,5.5,3.0,0,11,12,1.0,PREREGISTERED_PRIMARY_ANALYSIS_COMPLETED,True,0.2,0.18899535598871856,-0.04040801201406293,-0.22180200222469412,0.040408012014062876,0.9983671925650714,True,False,False,False,,-1,nan
12,11,1,1-2-3-4,1,7,1,2.5,5.5,3.0,0,11,12,1.0,PREREGISTERED_PRIMARY_ANALYSIS_COMPLETED,True,0.3,0.2834930339830778,0.3301426777478501,0.5225806451612903,-0.3301426777478502,0.8910058123294793,False,False,False,False,,-1,nan
12,11,1,1-2-3-4,1,7,1,2.5,5.5,3.0,0,11,12,1.0,PREREGISTERED_PRIMARY_ANALYSIS_COMPLETED,True,0.4,0.3779907119774371,0.5093315132827713,0.628921023359288,-0.5093315132827714,0.7405814095770822,False,False,False,False,,-1,nan
12,11,2,2-3-4-5,2,6,2,3.5,5.5,2.0,0,11,12,1.0,PREREGISTERED_PRIMARY_ANALYSIS_COMPLETED,True,0.05,0.04724883899717964,-0.8916634072723261,-0.6182424916573971,0.8916634072723266,0.2049363681315051,True,True,False,False,,-1,nan
12,11,2,2-3-4-5,2,6,2,3.5,5.5,2.0,0,11,12,1.0,PREREGISTERED_PRIMARY_ANALYSIS_COMPLETED,True,0.1,0.09449767799435928,-0.7596762361957071,-0.7802002224694105,0.7596762361957069,0.4228920161595242,True,False,False,False,,-1,nan
12,11,2,2-3-4-5,2,6,2,3.5,5.5,2.0,0,11,12,1.0,PREREGISTERED_PRIMARY_ANALYSIS_COMPLETED,True,0.2,0.18899535598871856,-0.303572288898542,-0.37708565072302563,0.3035722888985418,0.9078438654129003,True,False,False,False,,-1,nan
12,11,2,2-3-4-5,2,6,2,3.5,5.5,2.0,0,11,12,1.0,PREREGISTERED_PRIMARY_ANALYSIS_COMPLETED,True,0.3,0.2834930339830778,0.31952007653993064,0.511012235817575,-0.3195200765399304,0.8979069206879173,False,False,False,False,,-1,nan
12,11,2,2-3-4-5,2,6,2,3.5,5.5,2.0,0,11,12,1.0,PREREGISTERED_PRIMARY_ANALYSIS_COMPLETED,True,0.4,0.3779907119774371,0.5845941923152935,0.8438264738598443,-0.5845941923152934,0.65824963031123,False,False,False,False,,-1,nan
12,11,3,3-4-5-6,3,5,3,4.5,5.5,1.0,0,11,12,1.0,PREREGISTERED_PRIMARY_ANALYSIS_COMPLETED,True,0.05,0.04724883899717964,-0.9982325832750975,-0.9328142380422692,0.998232583275097,0.003531709687926259,True,True,True,True,,-1,nan
12,11,3,3-4-5-6,3,5,3,4.5,5.5,1.0,0,11,12,1.0,PREREGISTERED_PRIMARY_ANALYSIS_COMPLETED,True,0.1,0.09449767799435928,-0.9954629821535026,-0.9795328142380423,0.995462982153503,0.009053451162054619,True,True,True,True,,-1,nan
12,11,3,3-4-5-6,3,5,3,4.5,5.5,1.0,0,11,12,1.0,PREREGISTERED_PRIMARY_ANALYSIS_COMPLETED,True,0.2,0.18899535598871856,-0.9930932243730274,-0.9199110122358174,0.9930932243730278,0.013765847704383268,True,True,True,True,,-1,nan
12,11,3,3-4-5-6,3,5,3,4.5,5.5,1.0,0,11,12,1.0,PREREGISTERED_PRIMARY_ANALYSIS_COMPLETED,True,0.3,0.2834930339830778,-0.9938941186054598,-0.9457174638487208,0.9938941186054596,0.012174481001476502,True,True,True,True,,-1,nan
12,11,3,3-4-5-6,3,5,3,4.5,5.5,1.0,0,11,12,1.0,PREREGISTERED_PRIMARY_ANALYSIS_COMPLETED,True,0.4,0.3779907119774371,-0.9947361893294921,-0.9274749721913237,0.9947361893294923,0.010499913638240816,True,True,True,True,,-1,nan
12,11,4,4-5-6-7,4,4,4,5.5,5.5,0.0,0,11,12,1.0,PREREGISTERED_PRIMARY_ANALYSIS_COMPLETED,True,0.05,0.04724883899717964,-0.9932171948470931,-0.8914349276974416,0.993217194847093,0.013519603860070709,True,True,True,True,,-1,nan
12,11,4,4-5-6-7,4,4,4,5.5,5.5,0.0,0,11,12,1.0,PREREGISTERED_PRIMARY_ANALYSIS_COMPLETED,True,0.1,0.09449767799435928,-0.986676946418398,-0.8700778642936596,0.9866769464183973,0.02646860340646629,True,True,True,True,,-1,nan
12,11,4,4-5-6-7,4,4,4,5.5,5.5,0.0,0,11,12,1.0,PREREGISTERED_PRIMARY_ANALYSIS_COMPLETED,True,0.2,0.18899535598871856,-0.984281295340898,-0.789098998887653,0.9842812953408977,0.031190331642044357,True,True,True,True,,-1,nan
12,11,4,4-5-6-7,4,4,4,5.5,5.5,0.0,0,11,12,1.0,PREREGISTERED_PRIMARY_ANALYSIS_COMPLETED,True,0.3,0.2834930339830778,-0.9847707602917276,-0.8024471635150167,0.9847707602917279,0.03022654967445203,True,True,True,True,,-1,nan
12,11,4,4-5-6-7,4,4,4,5.5,5.5,0.0,0,11,12,1.0,PREREGISTERED_PRIMARY_ANALYSIS_COMPLETED,True,0.4,0.3779907119774371,-0.985273649689555,-0.7944382647385985,0.9852736496895551,0.029235835227423887,True,True,True,True,,-1,nan
12,11,5,5-6-7-8,5,3,3,6.5,5.5,1.0,0,11,12,1.0,PREREGISTERED_PRIMARY_ANALYSIS_COMPLETED,True,0.05,0.04724883899717964,-0.9982325832748048,-0.9328142380422692,0.9982325832748049,0.003531709688509064,True,True,True,True,,-1,nan
12,11,5,5-6-7-8,5,3,3,6.5,5.5,1.0,0,11,12,1.0,PREREGISTERED_PRIMARY_ANALYSIS_COMPLETED,True,0.1,0.09449767799435928,-0.9954629821532693,-0.9795328142380423,0.9954629821532694,0.009053451162519304,True,True,True,True,,-1,nan
12,11,5,5-6-7-8,5,3,3,6.5,5.5,1.0,0,11,12,1.0,PREREGISTERED_PRIMARY_ANALYSIS_COMPLETED,True,0.2,0.18899535598871856,-0.9930932243729103,-0.9199110122358174,0.9930932243729107,0.013765847704616172,True,True,True,True,,-1,nan
12,11,5,5-6-7-8,5,3,3,6.5,5.5,1.0,0,11,12,1.0,PREREGISTERED_PRIMARY_ANALYSIS_COMPLETED,True,0.3,0.2834930339830778,-0.9938941186053688,-0.9457174638487208,0.9938941186053692,0.012174481001657347,True,True,True,True,,-1,nan
12,11,5,5-6-7-8,5,3,3,6.5,5.5,1.0,0,11,12,1.0,PREREGISTERED_PRIMARY_ANALYSIS_COMPLETED,True,0.4,0.3779907119774371,-0.9947361893294093,-0.9274749721913237,0.9947361893294087,0.010499913638406166,True,True,True,True,,-1,nan
12,11,6,6-7-8-9,6,2,2,7.5,5.5,2.0,0,11,12,1.0,PREREGISTERED_PRIMARY_ANALYSIS_COMPLETED,True,0.05,0.04724883899717964,-0.8916634072355082,-0.6182424916573971,0.8916634072355084,0.20493636819716385,True,True,False,False,,-1,nan
12,11,6,6-7-8-9,6,2,2,7.5,5.5,2.0,0,11,12,1.0,PREREGISTERED_PRIMARY_ANALYSIS_COMPLETED,True,0.1,0.09449767799435928,-0.7596762361868078,-0.7802002224694105,0.7596762361868077,0.4228920161730456,True,False,False,False,,-1,nan
12,11,6,6-7-8-9,6,2,2,7.5,5.5,2.0,0,11,12,1.0,PREREGISTERED_PRIMARY_ANALYSIS_COMPLETED,True,0.2,0.18899535598871856,-0.30357228889846255,-0.37708565072302563,0.3035722888984626,0.9078438654129481,True,False,False,False,,-1,nan
12,11,6,6-7-8-9,6,2,2,7.5,5.5,2.0,0,11,12,1.0,PREREGISTERED_PRIMARY_ANALYSIS_COMPLETED,True,0.3,0.2834930339830778,0.31952007653962344,0.511012235817575,-0.3195200765396235,0.8979069206881133,False,False,False,False,,-1,nan
12,11,6,6-7-8-9,6,2,2,7.5,5.5,2.0,0,11,12,1.0,PREREGISTERED_PRIMARY_ANALYSIS_COMPLETED,True,0.4,0.3779907119774371,0.5845941923151703,0.8438264738598443,-0.5845941923151704,0.6582496303113736,False,False,False,False,,-1,nan
12,11,7,7-8-9-10,7,1,1,8.5,5.5,3.0,0,11,12,1.0,PREREGISTERED_PRIMARY_ANALYSIS_COMPLETED,True,0.05,0.04724883899717964,-0.46935749495074314,-0.6898776418242492,0.4693574949507434,0.7797035419335631,True,False,False,False,,-1,nan
12,11,7,7-8-9-10,7,1,1,8.5,5.5,3.0,0,11,12,1.0,PREREGISTERED_PRIMARY_ANALYSIS_COMPLETED,True,0.1,0.09449767799435928,-0.3511092791156917,-0.7098998887652946,0.3511092791156918,0.8767222741188595,True,False,False,False,,-1,nan
12,11,7,7-8-9-10,7,1,1,8.5,5.5,3.0,0,11,12,1.0,PREREGISTERED_PRIMARY_ANALYSIS_COMPLETED,True,0.2,0.18899535598871856,-0.04040801201668986,-0.22180200222469412,0.040408012016689865,0.9983671925648594,True,False,False,False,,-1,nan
12,11,7,7-8-9-10,7,1,1,8.5,5.5,3.0,0,11,12,1.0,PREREGISTERED_PRIMARY_ANALYSIS_COMPLETED,True,0.3,0.2834930339830778,0.3301426777449198,0.5225806451612903,-0.33014267774491984,0.8910058123314141,False,False,False,False,,-1,nan
12,11,7,7-8-9-10,7,1,1,8.5,5.5,3.0,0,11,12,1.0,PREREGISTERED_PRIMARY_ANALYSIS_COMPLETED,True,0.4,0.3779907119774371,0.5093315132802019,0.628921023359288,-0.5093315132802015,0.7405814095797,False,False,False,False,,-1,nan
12,11,8,8-9-10-11,8,0,0,9.5,5.5,4.0,0,11,12,1.0,PREREGISTERED_PRIMARY_ANALYSIS_COMPLETED,True,0.05,0.04724883899717964,-0.9442591438971627,-0.6747497219132369,0.9442591438971629,0.10837466916659695,True,True,True,True,,-1,nan
12,11,8,8-9-10-11,8,0,0,9.5,5.5,4.0,0,11,12,1.0,PREREGISTERED_PRIMARY_ANALYSIS_COMPLETED,True,0.1,0.09449767799435928,-0.8586416705194612,-0.3263626251390434,0.858641670519461,0.26273448164754903,True,True,False,False,,-1,nan
12,11,8,8-9-10-11,8,0,0,9.5,5.5,4.0,0,11,12,1.0,PREREGISTERED_PRIMARY_ANALYSIS_COMPLETED,True,0.2,0.18899535598871856,-0.5709911693442197,0.24271412680756396,0.5709911693442198,0.6739690845309207,True,False,False,False,,-1,nan
12,11,8,8-9-10-11,8,0,0,9.5,5.5,4.0,0,11,12,1.0,PREREGISTERED_PRIMARY_ANALYSIS_COMPLETED,True,0.3,0.2834930339830778,-0.05564384516188936,0.5995550611790879,0.05564384516188938,0.9969037624955996,True,False,False,False,,-1,nan
12,11,8,8-9-10-11,8,0,0,9.5,5.5,4.0,0,11,12,1.0,PREREGISTERED_PRIMARY_ANALYSIS_COMPLETED,True,0.4,0.3779907119774371,0.29593457411059926,0.7882091212458288,-0.2959345741105992,0.9124227278459779,False,False,False,False,,-1,nan
12,12,0,0-1-2-3,0,8,0,1.5,5.5,4.0,0,11,12,1.0,PREREGISTERED_PRIMARY_ANALYSIS_COMPLETED,True,0.05,0.04724883899717964,-0.9885726063279509,-0.3939933259176863,0.9885726063279506,0.02272420201796291,True,True,True,True,,-1,nan
12,12,0,0-1-2-3,0,8,0,1.5,5.5,4.0,0,11,12,1.0,PREREGISTERED_PRIMARY_ANALYSIS_COMPLETED,True,0.1,0.09449767799435928,-0.9597297325763323,-0.022914349276974413,0.9597297325763319,0.07891884040896201,True,True,True,True,,-1,nan
12,12,0,0-1-2-3,0,8,0,1.5,5.5,4.0,0,11,12,1.0,PREREGISTERED_PRIMARY_ANALYSIS_COMPLETED,True,0.2,0.18899535598871856,-0.7574698783782955,0.3868743047830923,0.7574698783782952,0.42623938334957095,True,False,False,False,,-1,nan
12,12,0,0-1-2-3,0,8,0,1.5,5.5,4.0,0,11,12,1.0,PREREGISTERED_PRIMARY_ANALYSIS_COMPLETED,True,0.3,0.2834930339830778,-0.3041602066155484,0.43893214682981085,0.3041602066155483,0.9074865687115867,True,False,False,False,,-1,nan
12,12,0,0-1-2-3,0,8,0,1.5,5.5,4.0,0,11,12,1.0,PREREGISTERED_PRIMARY_ANALYSIS_COMPLETED,True,0.4,0.3779907119774371,0.0550866482331187,0.5902113459399333,-0.055086648233118644,0.9969654611864408,False,False,False,False,,-1,nan
12,12,1,1-2-3-4,1,7,1,2.5,5.5,3.0,0,11,12,1.0,PREREGISTERED_PRIMARY_ANALYSIS_COMPLETED,True,0.05,0.04724883899717964,-0.7768135433251111,-0.7294771968854282,0.776813543325111,0.3965607189066857,True,False,False,False,,-1,nan
12,12,1,1-2-3-4,1,7,1,2.5,5.5,3.0,0,11,12,1.0,PREREGISTERED_PRIMARY_ANALYSIS_COMPLETED,True,0.1,0.09449767799435928,-0.6085366045904493,-0.4709677419354839,0.6085366045904492,0.6296832008735271,True,False,False,False,,-1,nan
12,12,1,1-2-3-4,1,7,1,2.5,5.5,3.0,0,11,12,1.0,PREREGISTERED_PRIMARY_ANALYSIS_COMPLETED,True,0.2,0.18899535598871856,-0.32632318149702094,-0.011790878754171301,0.32632318149702094,0.8935131812176622,True,False,False,False,,-1,nan
12,12,1,1-2-3-4,1,7,1,2.5,5.5,3.0,0,11,12,1.0,PREREGISTERED_PRIMARY_ANALYSIS_COMPLETED,True,0.3,0.2834930339830778,0.15705279269227157,0.44338153503893213,-0.15705279269227163,0.9753344203075582,False,False,False,False,,-1,nan
12,12,1,1-2-3-4,1,7,1,2.5,5.5,3.0,0,11,12,1.0,PREREGISTERED_PRIMARY_ANALYSIS_COMPLETED,True,0.4,0.3779907119774371,0.4526656838286578,0.7116796440489432,-0.45266568382865774,0.7950937786839337,False,False,False,False,,-1,nan
12,12,2,2-3-4-5,2,6,2,3.5,5.5,2.0,0,11,12,1.0,PREREGISTERED_PRIMARY_ANALYSIS_COMPLETED,True,0.05,0.04724883899717964,-0.4061591842702581,-0.8794215795328141,0.40615918427025843,0.8350347170329183,True,False,False,False,,-1,nan
12,12,2,2-3-4-5,2,6,2,3.5,5.5,2.0,0,11,12,1.0,PREREGISTERED_PRIMARY_ANALYSIS_COMPLETED,True,0.1,0.09449767799435928,-0.4409503188351669,-0.8233592880978865,0.44095031883516694,0.8055628163191644,True,False,False,False,,-1,nan
12,12,2,2-3-4-5,2,6,2,3.5,5.5,2.0,0,11,12,1.0,PREREGISTERED_PRIMARY_ANALYSIS_COMPLETED,True,0.2,0.18899535598871856,-0.6122676592503865,-0.5795328142380423,0.6122676592503862,0.6251283134360527,True,False,False,False,,-1,nan
12,12,2,2-3-4-5,2,6,2,3.5,5.5,2.0,0,11,12,1.0,PREREGISTERED_PRIMARY_ANALYSIS_COMPLETED,True,0.3,0.2834930339830778,-0.7006674490814262,-0.31790878754171303,0.7006674490814258,0.5090651257977274,True,False,False,False,,-1,nan
12,12,2,2-3-4-5,2,6,2,3.5,5.5,2.0,0,11,12,1.0,PREREGISTERED_PRIMARY_ANALYSIS_COMPLETED,True,0.4,0.3779907119774371,-0.7303552467449153,-0.35572858731924356,0.7303552467449155,0.4665812135521737,True,False,False,False,,-1,nan
12,12,3,3-4-5-6,3,5,3,4.5,5.5,1.0,0,11,12,1.0,PREREGISTERED_PRIMARY_ANALYSIS_COMPLETED,True,0.05,0.04724883899717964,0.18176310505096893,-0.5568409343715239,-0.1817631050509688,0.9669621736422302,False,False,False,False,,-1,nan
12,12,3,3-4-5-6,3,5,3,4.5,5.5,1.0,0,11,12,1.0,PREREGISTERED_PRIMARY_ANALYSIS_COMPLETED,True,0.1,0.09449767799435928,-0.020109694219125035,-0.6654060066740823,0.020109694219125025,0.9995956001984133,True,False,False,False,,-1,nan
12,12,3,3-4-5-6,3,5,3,4.5,5.5,1.0,0,11,12,1.0,PREREGISTERED_PRIMARY_ANALYSIS_COMPLETED,True,0.2,0.18899535598871856,-0.26323797841033886,-0.7717463848720801,0.2632379784103388,0.930705766722438,True,False,False,False,,-1,nan
12,12,3,3-4-5-6,3,5,3,4.5,5.5,1.0,0,11,12,1.0,PREREGISTERED_PRIMARY_ANALYSIS_COMPLETED,True,0.3,0.2834930339830778,-0.40165988329782343,-0.6378197997775306,0.40165988329782326,0.8386693381491787,True,False,False,False,,-1,nan
12,12,3,3-4-5-6,3,5,3,4.5,5.5,1.0,0,11,12,1.0,PREREGISTERED_PRIMARY_ANALYSIS_COMPLETED,True,0.4,0.3779907119774371,-0.4374195999763982,-0.3450500556173526,0.437419599976398,0.8086640935564877,True,False,False,False,,-1,nan
12,12,4,4-5-6-7,4,4,4,5.5,5.5,0.0,0,11,12,1.0,PREREGISTERED_PRIMARY_ANALYSIS_COMPLETED,True,0.05,0.04724883899717964,-0.06837624414045501,-0.567964404894327,0.06837624414045503,0.9953246892372445,True,False,False,False,,-1,nan
12,12,4,4-5-6-7,4,4,4,5.5,5.5,0.0,0,11,12,1.0,PREREGISTERED_PRIMARY_ANALYSIS_COMPLETED,True,0.1,0.09449767799435928,-0.08408805214423522,-0.4242491657397108,0.08408805214423526,0.9929291994865884,True,False,False,False,,-1,nan
12,12,4,4-5-6-7,4,4,4,5.5,5.5,0.0,0,11,12,1.0,PREREGISTERED_PRIMARY_ANALYSIS_COMPLETED,True,0.2,0.18899535598871856,-0.13797274517753347,-0.0020022246941045607,0.13797274517753344,0.9809635215881751,True,False,False,False,,-1,nan
12,12,4,4-5-6-7,4,4,4,5.5,5.5,0.0,0,11,12,1.0,PREREGISTERED_PRIMARY_ANALYSIS_COMPLETED,True,0.3,0.2834930339830778,-0.07308737780432512,0.23648498331479423,0.0730873778043251,0.9946582352056874,True,False,False,False,,-1,nan
12,12,4,4-5-6-7,4,4,4,5.5,5.5,0.0,0,11,12,1.0,PREREGISTERED_PRIMARY_ANALYSIS_COMPLETED,True,0.4,0.3779907119774371,0.04359476577675353,0.3139043381535039,-0.043594765776753544,0.9980994963968701,False,False,False,False,,-1,nan
12,12,5,5-6-7-8,5,3,3,6.5,5.5,1.0,0,11,12,1.0,PREREGISTERED_PRIMARY_ANALYSIS_COMPLETED,True,0.05,0.04724883899717964,0.18176310504766383,-0.5568409343715239,-0.18176310504766385,0.966962173643432,False,False,False,False,,-1,nan
12,12,5,5-6-7-8,5,3,3,6.5,5.5,1.0,0,11,12,1.0,PREREGISTERED_PRIMARY_ANALYSIS_COMPLETED,True,0.1,0.09449767799435928,-0.02010969422005722,-0.6654060066740823,0.020109694220057216,0.9995956001983757,True,False,False,False,,-1,nan
12,12,5,5-6-7-8,5,3,3,6.5,5.5,1.0,0,11,12,1.0,PREREGISTERED_PRIMARY_ANALYSIS_COMPLETED,True,0.2,0.18899535598871856,-0.2632379784114872,-0.7717463848720801,0.26323797841148716,0.9307057667218331,True,False,False,False,,-1,nan
12,12,5,5-6-7-8,5,3,3,6.5,5.5,1.0,0,11,12,1.0,PREREGISTERED_PRIMARY_ANALYSIS_COMPLETED,True,0.3,0.2834930339830778,-0.40165988329838836,-0.6378197997775306,0.40165988329838853,0.8386693381487246,True,False,False,False,,-1,nan
12,12,5,5-6-7-8,5,3,3,6.5,5.5,1.0,0,11,12,1.0,PREREGISTERED_PRIMARY_ANALYSIS_COMPLETED,True,0.4,0.3779907119774371,-0.4374195999766138,-0.3450500556173526,0.43741959997661395,0.8086640935562991,True,False,False,False,,-1,nan
12,12,6,6-7-8-9,6,2,2,7.5,5.5,2.0,0,11,12,1.0,PREREGISTERED_PRIMARY_ANALYSIS_COMPLETED,True,0.05,0.04724883899717964,-0.4061591843048546,-0.8794215795328141,0.4061591843048546,0.835034717004815,True,False,False,False,,-1,nan
12,12,6,6-7-8-9,6,2,2,7.5,5.5,2.0,0,11,12,1.0,PREREGISTERED_PRIMARY_ANALYSIS_COMPLETED,True,0.1,0.09449767799435928,-0.4409503188530878,-0.8233592880978865,0.44095031885308794,0.8055628163033601,True,False,False,False,,-1,nan
12,12,6,6-7-8-9,6,2,2,7.5,5.5,2.0,0,11,12,1.0,PREREGISTERED_PRIMARY_ANALYSIS_COMPLETED,True,0.2,0.18899535598871856,-0.6122676592665094,-0.5795328142380423,0.612267659266509,0.6251283134163097,True,False,False,False,,-1,nan
12,12,6,6-7-8-9,6,2,2,7.5,5.5,2.0,0,11,12,1.0,PREREGISTERED_PRIMARY_ANALYSIS_COMPLETED,True,0.3,0.2834930339830778,-0.7006674490964705,-0.31790878754171303,0.7006674490964708,0.5090651257766445,True,False,False,False,,-1,nan
12,12,6,6-7-8-9,6,2,2,7.5,5.5,2.0,0,11,12,1.0,PREREGISTERED_PRIMARY_ANALYSIS_COMPLETED,True,0.4,0.3779907119774371,-0.7303552467597976,-0.35572858731924356,0.7303552467597978,0.46658121353043513,True,False,False,False,,-1,nan
12,12,7,7-8-9-10,7,1,1,8.5,5.5,3.0,0,11,12,1.0,PREREGISTERED_PRIMARY_ANALYSIS_COMPLETED,True,0.05,0.04724883899717964,-0.7768135431150313,-0.7294771968854282,0.7768135431150308,0.39656071923307196,True,False,False,False,,-1,nan
12,12,7,7-8-9-10,7,1,1,8.5,5.5,3.0,0,11,12,1.0,PREREGISTERED_PRIMARY_ANALYSIS_COMPLETED,True,0.1,0.09449767799435928,-0.6085366045038885,-0.4709677419354839,0.6085366045038887,0.629683200978878,True,False,False,False,,-1,nan
12,12,7,7-8-9-10,7,1,1,8.5,5.5,3.0,0,11,12,1.0,PREREGISTERED_PRIMARY_ANALYSIS_COMPLETED,True,0.2,0.18899535598871856,-0.32632318147498507,-0.011790878754171301,0.32632318147498524,0.8935131812320439,True,False,False,False,,-1,nan
12,12,7,7-8-9-10,7,1,1,8.5,5.5,3.0,0,11,12,1.0,PREREGISTERED_PRIMARY_ANALYSIS_COMPLETED,True,0.3,0.2834930339830778,0.15705279268786984,0.44338153503893213,-0.15705279268786984,0.9753344203089408,False,False,False,False,,-1,nan
12,12,7,7-8-9-10,7,1,1,8.5,5.5,3.0,0,11,12,1.0,PREREGISTERED_PRIMARY_ANALYSIS_COMPLETED,True,0.4,0.3779907119774371,0.452665683817898,0.7116796440489432,-0.4526656838178979,0.7950937786936748,False,False,False,False,,-1,nan
12,12,8,8-9-10-11,8,0,0,9.5,5.5,4.0,0,11,12,1.0,PREREGISTERED_PRIMARY_ANALYSIS_COMPLETED,True,0.05,0.04724883899717964,-0.9885726062883148,-0.3939933259176863,0.9885726062883151,0.022724202096328135,True,True,True,True,,-1,nan
12,12,8,8-9-10-11,8,0,0,9.5,5.5,4.0,0,11,12,1.0,PREREGISTERED_PRIMARY_ANALYSIS_COMPLETED,True,0.1,0.09449767799435928,-0.9597297325615678,-0.022914349276974413,0.9597297325615678,0.07891884043730131,True,True,True,True,,-1,nan
12,12,8,8-9-10-11,8,0,0,9.5,5.5,4.0,0,11,12,1.0,PREREGISTERED_PRIMARY_ANALYSIS_COMPLETED,True,0.2,0.18899535598871856,-0.7574698783917356,0.3868743047830923,0.7574698783917357,0.42623938332920935,True,False,False,False,,-1,nan
12,12,8,8-9-10-11,8,0,0,9.5,5.5,4.0,0,11,12,1.0,PREREGISTERED_PRIMARY_ANALYSIS_COMPLETED,True,0.3,0.2834930339830778,-0.3041602066515924,0.43893214682981085,0.30416020665159227,0.9074865686896608,True,False,False,False,,-1,nan
12,12,8,8-9-10-11,8,0,0,9.5,5.5,4.0,0,11,12,1.0,PREREGISTERED_PRIMARY_ANALYSIS_COMPLETED,True,0.4,0.3779907119774371,0.05508664818799845,0.5902113459399333,-0.055086648187998494,0.9969654611914117,False,False,False,False,,-1,nan
14,1,0,0-1-2-3,0,10,0,1.5,6.5,5.0,0,4,5,0.35714285714285715,MODULAR_SECTOR_UNDEFINED_RANK_DEFICIENT,False,0.05,0.04724883899717964,nan,nan,nan,nan,,,,,POSITIVITY_GATE_FAIL,0,0.0
14,1,0,0-1-2-3,0,10,0,1.5,6.5,5.0,0,4,5,0.35714285714285715,MODULAR_SECTOR_UNDEFINED_RANK_DEFICIENT,False,0.1,0.09449767799435928,nan,nan,nan,nan,,,,,POSITIVITY_GATE_FAIL,0,0.0
14,1,0,0-1-2-3,0,10,0,1.5,6.5,5.0,0,4,5,0.35714285714285715,MODULAR_SECTOR_UNDEFINED_RANK_DEFICIENT,False,0.2,0.18899535598871856,nan,nan,nan,nan,,,,,POSITIVITY_GATE_FAIL,0,0.0
14,1,0,0-1-2-3,0,10,0,1.5,6.5,5.0,0,4,5,0.35714285714285715,MODULAR_SECTOR_UNDEFINED_RANK_DEFICIENT,False,0.3,0.2834930339830778,nan,nan,nan,nan,,,,,POSITIVITY_GATE_FAIL,0,0.0
14,1,0,0-1-2-3,0,10,0,1.5,6.5,5.0,0,4,5,0.35714285714285715,MODULAR_SECTOR_UNDEFINED_RANK_DEFICIENT,False,0.4,0.3779907119774371,nan,nan,nan,nan,,,,,POSITIVITY_GATE_FAIL,0,0.0
14,1,1,1-2-3-4,1,9,1,2.5,6.5,4.0,0,5,6,0.42857142857142855,MODULAR_SECTOR_UNDEFINED_RANK_DEFICIENT,False,0.05,0.04724883899717964,nan,nan,nan,nan,,,,,POSITIVITY_GATE_FAIL,0,0.0
14,1,1,1-2-3-4,1,9,1,2.5,6.5,4.0,0,5,6,0.42857142857142855,MODULAR_SECTOR_UNDEFINED_RANK_DEFICIENT,False,0.1,0.09449767799435928,nan,nan,nan,nan,,,,,POSITIVITY_GATE_FAIL,0,0.0
14,1,1,1-2-3-4,1,9,1,2.5,6.5,4.0,0,5,6,0.42857142857142855,MODULAR_SECTOR_UNDEFINED_RANK_DEFICIENT,False,0.2,0.18899535598871856,nan,nan,nan,nan,,,,,POSITIVITY_GATE_FAIL,0,0.0
14,1,1,1-2-3-4,1,9,1,2.5,6.5,4.0,0,5,6,0.42857142857142855,MODULAR_SECTOR_UNDEFINED_RANK_DEFICIENT,False,0.3,0.2834930339830778,nan,nan,nan,nan,,,,,POSITIVITY_GATE_FAIL,0,0.0
14,1,1,1-2-3-4,1,9,1,2.5,6.5,4.0,0,5,6,0.42857142857142855,MODULAR_SECTOR_UNDEFINED_RANK_DEFICIENT,False,0.4,0.3779907119774371,nan,nan,nan,nan,,,,,POSITIVITY_GATE_FAIL,0,0.0
14,1,2,2-3-4-5,2,8,2,3.5,6.5,3.0,1,6,6,0.42857142857142855,MODULAR_SECTOR_UNDEFINED_RANK_DEFICIENT,False,0.05,0.04724883899717964,nan,nan,nan,nan,,,,,POSITIVITY_GATE_FAIL,0,0.0
14,1,2,2-3-4-5,2,8,2,3.5,6.5,3.0,1,6,6,0.42857142857142855,MODULAR_SECTOR_UNDEFINED_RANK_DEFICIENT,False,0.1,0.09449767799435928,nan,nan,nan,nan,,,,,POSITIVITY_GATE_FAIL,0,0.0
14,1,2,2-3-4-5,2,8,2,3.5,6.5,3.0,1,6,6,0.42857142857142855,MODULAR_SECTOR_UNDEFINED_RANK_DEFICIENT,False,0.2,0.18899535598871856,nan,nan,nan,nan,,,,,POSITIVITY_GATE_FAIL,0,0.0
14,1,2,2-3-4-5,2,8,2,3.5,6.5,3.0,1,6,6,0.42857142857142855,MODULAR_SECTOR_UNDEFINED_RANK_DEFICIENT,False,0.3,0.2834930339830778,nan,nan,nan,nan,,,,,POSITIVITY_GATE_FAIL,0,0.0
14,1,2,2-3-4-5,2,8,2,3.5,6.5,3.0,1,6,6,0.42857142857142855,MODULAR_SECTOR_UNDEFINED_RANK_DEFICIENT,False,0.4,0.3779907119774371,nan,nan,nan,nan,,,,,POSITIVITY_GATE_FAIL,0,0.0
14,1,3,3-4-5-6,3,7,3,4.5,6.5,2.0,2,7,6,0.42857142857142855,MODULAR_SECTOR_UNDEFINED_RANK_DEFICIENT,False,0.05,0.04724883899717964,nan,nan,nan,nan,,,,,POSITIVITY_GATE_FAIL,0,0.0
14,1,3,3-4-5-6,3,7,3,4.5,6.5,2.0,2,7,6,0.42857142857142855,MODULAR_SECTOR_UNDEFINED_RANK_DEFICIENT,False,0.1,0.09449767799435928,nan,nan,nan,nan,,,,,POSITIVITY_GATE_FAIL,0,0.0
14,1,3,3-4-5-6,3,7,3,4.5,6.5,2.0,2,7,6,0.42857142857142855,MODULAR_SECTOR_UNDEFINED_RANK_DEFICIENT,False,0.2,0.18899535598871856,nan,nan,nan,nan,,,,,POSITIVITY_GATE_FAIL,0,0.0
14,1,3,3-4-5-6,3,7,3,4.5,6.5,2.0,2,7,6,0.42857142857142855,MODULAR_SECTOR_UNDEFINED_RANK_DEFICIENT,False,0.3,0.2834930339830778,nan,nan,nan,nan,,,,,POSITIVITY_GATE_FAIL,0,0.0
14,1,3,3-4-5-6,3,7,3,4.5,6.5,2.0,2,7,6,0.42857142857142855,MODULAR_SECTOR_UNDEFINED_RANK_DEFICIENT,False,0.4,0.3779907119774371,nan,nan,nan,nan,,,,,POSITIVITY_GATE_FAIL,0,0.0
14,1,4,4-5-6-7,4,6,4,5.5,6.5,1.0,3,8,6,0.42857142857142855,MODULAR_SECTOR_UNDEFINED_RANK_DEFICIENT,False,0.05,0.04724883899717964,nan,nan,nan,nan,,,,,POSITIVITY_GATE_FAIL,0,0.0
14,1,4,4-5-6-7,4,6,4,5.5,6.5,1.0,3,8,6,0.42857142857142855,MODULAR_SECTOR_UNDEFINED_RANK_DEFICIENT,False,0.1,0.09449767799435928,nan,nan,nan,nan,,,,,POSITIVITY_GATE_FAIL,0,0.0
14,1,4,4-5-6-7,4,6,4,5.5,6.5,1.0,3,8,6,0.42857142857142855,MODULAR_SECTOR_UNDEFINED_RANK_DEFICIENT,False,0.2,0.18899535598871856,nan,nan,nan,nan,,,,,POSITIVITY_GATE_FAIL,0,0.0
14,1,4,4-5-6-7,4,6,4,5.5,6.5,1.0,3,8,6,0.42857142857142855,MODULAR_SECTOR_UNDEFINED_RANK_DEFICIENT,False,0.3,0.2834930339830778,nan,nan,nan,nan,,,,,POSITIVITY_GATE_FAIL,0,0.0
14,1,4,4-5-6-7,4,6,4,5.5,6.5,1.0,3,8,6,0.42857142857142855,MODULAR_SECTOR_UNDEFINED_RANK_DEFICIENT,False,0.4,0.3779907119774371,nan,nan,nan,nan,,,,,POSITIVITY_GATE_FAIL,0,0.0
14,1,5,5-6-7-8,5,5,5,6.5,6.5,0.0,4,9,6,0.42857142857142855,MODULAR_SECTOR_UNDEFINED_RANK_DEFICIENT,False,0.05,0.04724883899717964,nan,nan,nan,nan,,,,,POSITIVITY_GATE_FAIL,0,0.0
14,1,5,5-6-7-8,5,5,5,6.5,6.5,0.0,4,9,6,0.42857142857142855,MODULAR_SECTOR_UNDEFINED_RANK_DEFICIENT,False,0.1,0.09449767799435928,nan,nan,nan,nan,,,,,POSITIVITY_GATE_FAIL,0,0.0
14,1,5,5-6-7-8,5,5,5,6.5,6.5,0.0,4,9,6,0.42857142857142855,MODULAR_SECTOR_UNDEFINED_RANK_DEFICIENT,False,0.2,0.18899535598871856,nan,nan,nan,nan,,,,,POSITIVITY_GATE_FAIL,0,0.0
14,1,5,5-6-7-8,5,5,5,6.5,6.5,0.0,4,9,6,0.42857142857142855,MODULAR_SECTOR_UNDEFINED_RANK_DEFICIENT,False,0.3,0.2834930339830778,nan,nan,nan,nan,,,,,POSITIVITY_GATE_FAIL,0,0.0
14,1,5,5-6-7-8,5,5,5,6.5,6.5,0.0,4,9,6,0.42857142857142855,MODULAR_SECTOR_UNDEFINED_RANK_DEFICIENT,False,0.4,0.3779907119774371,nan,nan,nan,nan,,,,,POSITIVITY_GATE_FAIL,0,0.0
14,1,6,6-7-8-9,6,4,4,7.5,6.5,1.0,5,10,6,0.42857142857142855,MODULAR_SECTOR_UNDEFINED_RANK_DEFICIENT,False,0.05,0.04724883899717964,nan,nan,nan,nan,,,,,POSITIVITY_GATE_FAIL,0,0.0
14,1,6,6-7-8-9,6,4,4,7.5,6.5,1.0,5,10,6,0.42857142857142855,MODULAR_SECTOR_UNDEFINED_RANK_DEFICIENT,False,0.1,0.09449767799435928,nan,nan,nan,nan,,,,,POSITIVITY_GATE_FAIL,0,0.0
14,1,6,6-7-8-9,6,4,4,7.5,6.5,1.0,5,10,6,0.42857142857142855,MODULAR_SECTOR_UNDEFINED_RANK_DEFICIENT,False,0.2,0.18899535598871856,nan,nan,nan,nan,,,,,POSITIVITY_GATE_FAIL,0,0.0
14,1,6,6-7-8-9,6,4,4,7.5,6.5,1.0,5,10,6,0.42857142857142855,MODULAR_SECTOR_UNDEFINED_RANK_DEFICIENT,False,0.3,0.2834930339830778,nan,nan,nan,nan,,,,,POSITIVITY_GATE_FAIL,0,0.0
14,1,6,6-7-8-9,6,4,4,7.5,6.5,1.0,5,10,6,0.42857142857142855,MODULAR_SECTOR_UNDEFINED_RANK_DEFICIENT,False,0.4,0.3779907119774371,nan,nan,nan,nan,,,,,POSITIVITY_GATE_FAIL,0,0.0
14,1,7,7-8-9-10,7,3,3,8.5,6.5,2.0,6,11,6,0.42857142857142855,MODULAR_SECTOR_UNDEFINED_RANK_DEFICIENT,False,0.05,0.04724883899717964,nan,nan,nan,nan,,,,,POSITIVITY_GATE_FAIL,0,0.0
14,1,7,7-8-9-10,7,3,3,8.5,6.5,2.0,6,11,6,0.42857142857142855,MODULAR_SECTOR_UNDEFINED_RANK_DEFICIENT,False,0.1,0.09449767799435928,nan,nan,nan,nan,,,,,POSITIVITY_GATE_FAIL,0,0.0
14,1,7,7-8-9-10,7,3,3,8.5,6.5,2.0,6,11,6,0.42857142857142855,MODULAR_SECTOR_UNDEFINED_RANK_DEFICIENT,False,0.2,0.18899535598871856,nan,nan,nan,nan,,,,,POSITIVITY_GATE_FAIL,0,0.0
14,1,7,7-8-9-10,7,3,3,8.5,6.5,2.0,6,11,6,0.42857142857142855,MODULAR_SECTOR_UNDEFINED_RANK_DEFICIENT,False,0.3,0.2834930339830778,nan,nan,nan,nan,,,,,POSITIVITY_GATE_FAIL,0,0.0
14,1,7,7-8-9-10,7,3,3,8.5,6.5,2.0,6,11,6,0.42857142857142855,MODULAR_SECTOR_UNDEFINED_RANK_DEFICIENT,False,0.4,0.3779907119774371,nan,nan,nan,nan,,,,,POSITIVITY_GATE_FAIL,0,0.0
14,1,8,8-9-10-11,8,2,2,9.5,6.5,3.0,7,12,6,0.42857142857142855,MODULAR_SECTOR_UNDEFINED_RANK_DEFICIENT,False,0.05,0.04724883899717964,nan,nan,nan,nan,,,,,POSITIVITY_GATE_FAIL,0,0.0
14,1,8,8-9-10-11,8,2,2,9.5,6.5,3.0,7,12,6,0.42857142857142855,MODULAR_SECTOR_UNDEFINED_RANK_DEFICIENT,False,0.1,0.09449767799435928,nan,nan,nan,nan,,,,,POSITIVITY_GATE_FAIL,0,0.0
14,1,8,8-9-10-11,8,2,2,9.5,6.5,3.0,7,12,6,0.42857142857142855,MODULAR_SECTOR_UNDEFINED_RANK_DEFICIENT,False,0.2,0.18899535598871856,nan,nan,nan,nan,,,,,POSITIVITY_GATE_FAIL,0,0.0
14,1,8,8-9-10-11,8,2,2,9.5,6.5,3.0,7,12,6,0.42857142857142855,MODULAR_SECTOR_UNDEFINED_RANK_DEFICIENT,False,0.3,0.2834930339830778,nan,nan,nan,nan,,,,,POSITIVITY_GATE_FAIL,0,0.0
14,1,8,8-9-10-11,8,2,2,9.5,6.5,3.0,7,12,6,0.42857142857142855,MODULAR_SECTOR_UNDEFINED_RANK_DEFICIENT,False,0.4,0.3779907119774371,nan,nan,nan,nan,,,,,POSITIVITY_GATE_FAIL,0,0.0
14,1,9,9-10-11-12,9,1,1,10.5,6.5,4.0,8,13,6,0.42857142857142855,MODULAR_SECTOR_UNDEFINED_RANK_DEFICIENT,False,0.05,0.04724883899717964,nan,nan,nan,nan,,,,,POSITIVITY_GATE_FAIL,0,0.0
14,1,9,9-10-11-12,9,1,1,10.5,6.5,4.0,8,13,6,0.42857142857142855,MODULAR_SECTOR_UNDEFINED_RANK_DEFICIENT,False,0.1,0.09449767799435928,nan,nan,nan,nan,,,,,POSITIVITY_GATE_FAIL,0,0.0
14,1,9,9-10-11-12,9,1,1,10.5,6.5,4.0,8,13,6,0.42857142857142855,MODULAR_SECTOR_UNDEFINED_RANK_DEFICIENT,False,0.2,0.18899535598871856,nan,nan,nan,nan,,,,,POSITIVITY_GATE_FAIL,0,0.0
14,1,9,9-10-11-12,9,1,1,10.5,6.5,4.0,8,13,6,0.42857142857142855,MODULAR_SECTOR_UNDEFINED_RANK_DEFICIENT,False,0.3,0.2834930339830778,nan,nan,nan,nan,,,,,POSITIVITY_GATE_FAIL,0,0.0
14,1,9,9-10-11-12,9,1,1,10.5,6.5,4.0,8,13,6,0.42857142857142855,MODULAR_SECTOR_UNDEFINED_RANK_DEFICIENT,False,0.4,0.3779907119774371,nan,nan,nan,nan,,,,,POSITIVITY_GATE_FAIL,0,0.0
14,1,10,10-11-12-13,10,0,0,11.5,6.5,5.0,9,13,5,0.35714285714285715,MODULAR_SECTOR_UNDEFINED_RANK_DEFICIENT,False,0.05,0.04724883899717964,nan,nan,nan,nan,,,,,POSITIVITY_GATE_FAIL,0,0.0
14,1,10,10-11-12-13,10,0,0,11.5,6.5,5.0,9,13,5,0.35714285714285715,MODULAR_SECTOR_UNDEFINED_RANK_DEFICIENT,False,0.1,0.09449767799435928,nan,nan,nan,nan,,,,,POSITIVITY_GATE_FAIL,0,0.0
14,1,10,10-11-12-13,10,0,0,11.5,6.5,5.0,9,13,5,0.35714285714285715,MODULAR_SECTOR_UNDEFINED_RANK_DEFICIENT,False,0.2,0.18899535598871856,nan,nan,nan,nan,,,,,POSITIVITY_GATE_FAIL,0,0.0
14,1,10,10-11-12-13,10,0,0,11.5,6.5,5.0,9,13,5,0.35714285714285715,MODULAR_SECTOR_UNDEFINED_RANK_DEFICIENT,False,0.3,0.2834930339830778,nan,nan,nan,nan,,,,,POSITIVITY_GATE_FAIL,0,0.0
14,1,10,10-11-12-13,10,0,0,11.5,6.5,5.0,9,13,5,0.35714285714285715,MODULAR_SECTOR_UNDEFINED_RANK_DEFICIENT,False,0.4,0.3779907119774371,nan,nan,nan,nan,,,,,POSITIVITY_GATE_FAIL,0,0.0
14,2,0,0-1-2-3,0,10,0,1.5,6.5,5.0,0,5,6,0.42857142857142855,MODULAR_SECTOR_UNDEFINED_RANK_DEFICIENT,False,0.05,0.04724883899717964,nan,nan,nan,nan,,,,,POSITIVITY_GATE_FAIL,0,0.0
14,2,0,0-1-2-3,0,10,0,1.5,6.5,5.0,0,5,6,0.42857142857142855,MODULAR_SECTOR_UNDEFINED_RANK_DEFICIENT,False,0.1,0.09449767799435928,nan,nan,nan,nan,,,,,POSITIVITY_GATE_FAIL,0,0.0
14,2,0,0-1-2-3,0,10,0,1.5,6.5,5.0,0,5,6,0.42857142857142855,MODULAR_SECTOR_UNDEFINED_RANK_DEFICIENT,False,0.2,0.18899535598871856,nan,nan,nan,nan,,,,,POSITIVITY_GATE_FAIL,0,0.0
14,2,0,0-1-2-3,0,10,0,1.5,6.5,5.0,0,5,6,0.42857142857142855,MODULAR_SECTOR_UNDEFINED_RANK_DEFICIENT,False,0.3,0.2834930339830778,nan,nan,nan,nan,,,,,POSITIVITY_GATE_FAIL,0,0.0
14,2,0,0-1-2-3,0,10,0,1.5,6.5,5.0,0,5,6,0.42857142857142855,MODULAR_SECTOR_UNDEFINED_RANK_DEFICIENT,False,0.4,0.3779907119774371,nan,nan,nan,nan,,,,,POSITIVITY_GATE_FAIL,0,0.0
14,2,1,1-2-3-4,1,9,1,2.5,6.5,4.0,0,6,7,0.5,PREREGISTERED_PRIMARY_ANALYSIS_COMPLETED,True,0.05,0.04724883899717964,0.35873254124537285,-0.43670745272525024,-0.3587325412453728,0.871310963851637,False,False,False,False,,-1,nan
14,2,1,1-2-3-4,1,9,1,2.5,6.5,4.0,0,6,7,0.5,PREREGISTERED_PRIMARY_ANALYSIS_COMPLETED,True,0.1,0.09449767799435928,0.20617643792130896,-0.5835372636262514,-0.20617643792130885,0.9574912764460805,False,False,False,False,,-1,nan
14,2,1,1-2-3-4,1,9,1,2.5,6.5,4.0,0,6,7,0.5,PREREGISTERED_PRIMARY_ANALYSIS_COMPLETED,True,0.2,0.18899535598871856,0.1327149457083294,-0.6720800889877642,-0.13271494570832942,0.9823867431856355,False,False,False,False,,-1,nan
14,2,1,1-2-3-4,1,9,1,2.5,6.5,4.0,0,6,7,0.5,PREREGISTERED_PRIMARY_ANALYSIS_COMPLETED,True,0.3,0.2834930339830778,0.14450078037522807,-0.5848720800889877,-0.14450078037522793,0.97911952447095,False,False,False,False,,-1,nan
14,2,1,1-2-3-4,1,9,1,2.5,6.5,4.0,0,6,7,0.5,PREREGISTERED_PRIMARY_ANALYSIS_COMPLETED,True,0.4,0.3779907119774371,0.19761257452685652,-0.3045606229143492,-0.19761257452685663,0.9609492703888675,False,False,False,False,,-1,nan
14,2,2,2-3-4-5,2,8,2,3.5,6.5,3.0,0,7,8,0.5714285714285714,PREREGISTERED_PRIMARY_ANALYSIS_COMPLETED,True,0.05,0.04724883899717964,0.2919922859918935,-0.47897664071190205,-0.29199228599189353,0.9147405049212282,False,False,False,False,,-1,nan
14,2,2,2-3-4-5,2,8,2,3.5,6.5,3.0,0,7,8,0.5714285714285714,PREREGISTERED_PRIMARY_ANALYSIS_COMPLETED,True,0.1,0.09449767799435928,0.13907530001614588,-0.6013348164627365,-0.13907530001614576,0.9806580609254187,False,False,False,False,,-1,nan
14,2,2,2-3-4-5,2,8,2,3.5,6.5,3.0,0,7,8,0.5714285714285714,PREREGISTERED_PRIMARY_ANALYSIS_COMPLETED,True,0.2,0.18899535598871856,0.030716486934404052,-0.7032258064516129,-0.030716486934404024,0.9990564974304085,False,False,False,False,,-1,nan
14,2,2,2-3-4-5,2,8,2,3.5,6.5,3.0,0,7,8,0.5714285714285714,PREREGISTERED_PRIMARY_ANALYSIS_COMPLETED,True,0.3,0.2834930339830778,0.010885422348510141,-0.7299221357063403,-0.010885422348510155,0.9998815075802946,False,False,False,False,,-1,nan
14,2,2,2-3-4-5,2,8,2,3.5,6.5,3.0,0,7,8,0.5714285714285714,PREREGISTERED_PRIMARY_ANALYSIS_COMPLETED,True,0.4,0.3779907119774371,0.04165401449934551,-0.7027808676307008,-0.041654014499345554,0.9982649430760886,False,False,False,False,,-1,nan
14,2,3,3-4-5-6,3,7,3,4.5,6.5,2.0,1,8,8,0.5714285714285714,PREREGISTERED_PRIMARY_ANALYSIS_COMPLETED,True,0.05,0.04724883899717964,0.29199228668608695,-0.47897664071190205,-0.29199228668608707,0.91474050451583,False,False,False,False,,-1,nan
14,2,3,3-4-5-6,3,7,3,4.5,6.5,2.0,1,8,8,0.5714285714285714,PREREGISTERED_PRIMARY_ANALYSIS_COMPLETED,True,0.1,0.09449767799435928,0.1390753001521849,-0.6013348164627365,-0.13907530015218486,0.9806580608875795,False,False,False,False,,-1,nan
14,2,3,3-4-5-6,3,7,3,4.5,6.5,2.0,1,8,8,0.5714285714285714,PREREGISTERED_PRIMARY_ANALYSIS_COMPLETED,True,0.2,0.18899535598871856,0.030716486966556465,-0.7032258064516129,-0.030716486966556458,0.9990564974284333,False,False,False,False,,-1,nan
14,2,3,3-4-5-6,3,7,3,4.5,6.5,2.0,1,8,8,0.5714285714285714,PREREGISTERED_PRIMARY_ANALYSIS_COMPLETED,True,0.3,0.2834930339830778,0.010885422375710316,-0.7299221357063403,-0.010885422375710354,0.9998815075797026,False,False,False,False,,-1,nan
14,2,3,3-4-5-6,3,7,3,4.5,6.5,2.0,1,8,8,0.5714285714285714,PREREGISTERED_PRIMARY_ANALYSIS_COMPLETED,True,0.4,0.3779907119774371,0.041654014532056576,-0.7027808676307008,-0.0416540145320566,0.9982649430733628,False,False,False,False,,-1,nan
14,2,4,4-5-6-7,4,6,4,5.5,6.5,1.0,2,9,8,0.5714285714285714,PREREGISTERED_PRIMARY_ANALYSIS_COMPLETED,True,0.05,0.04724883899717964,0.2919922853402513,-0.47897664071190205,-0.2919922853402512,0.9147405053017775,False,False,False,False,,-1,nan
14,2,4,4-5-6-7,4,6,4,5.5,6.5,1.0,2,9,8,0.5714285714285714,PREREGISTERED_PRIMARY_ANALYSIS_COMPLETED,True,0.1,0.09449767799435928,0.13907529983068997,-0.6013348164627365,-0.13907529983069003,0.9806580609770038,False,False,False,False,,-1,nan
14,2,4,4-5-6-7,4,6,4,5.5,6.5,1.0,2,9,8,0.5714285714285714,PREREGISTERED_PRIMARY_ANALYSIS_COMPLETED,True,0.2,0.18899535598871856,0.030716486876573988,-0.7032258064516129,-0.03071648687657394,0.999056497433961,False,False,False,False,,-1,nan
14,2,4,4-5-6-7,4,6,4,5.5,6.5,1.0,2,9,8,0.5714285714285714,PREREGISTERED_PRIMARY_ANALYSIS_COMPLETED,True,0.3,0.2834930339830778,0.010885422299025768,-0.7299221357063403,-0.010885422299025779,0.9998815075813718,False,False,False,False,,-1,nan
14,2,4,4-5-6-7,4,6,4,5.5,6.5,1.0,2,9,8,0.5714285714285714,PREREGISTERED_PRIMARY_ANALYSIS_COMPLETED,True,0.4,0.3779907119774371,0.041654014441746955,-0.7027808676307008,-0.04165401444174693,0.9982649430808868,False,False,False,False,,-1,nan
14,2,5,5-6-7-8,5,5,5,6.5,6.5,0.0,3,10,8,0.5714285714285714,PREREGISTERED_PRIMARY_ANALYSIS_COMPLETED,True,0.05,0.04724883899717964,0.2919922856225372,-0.47897664071190205,-0.2919922856225375,0.9147405051369265,False,False,False,False,,-1,nan
14,2,5,5-6-7-8,5,5,5,6.5,6.5,0.0,3,10,8,0.5714285714285714,PREREGISTERED_PRIMARY_ANALYSIS_COMPLETED,True,0.1,0.09449767799435928,0.13907529984760889,-0.6013348164627365,-0.139075299847609,0.9806580609722978,False,False,False,False,,-1,nan
14,2,5,5-6-7-8,5,5,5,6.5,6.5,0.0,3,10,8,0.5714285714285714,PREREGISTERED_PRIMARY_ANALYSIS_COMPLETED,True,0.2,0.18899535598871856,0.030716486874843376,-0.7032258064516129,-0.030716486874843338,0.9990564974340675,False,False,False,False,,-1,nan
14,2,5,5-6-7-8,5,5,5,6.5,6.5,0.0,3,10,8,0.5714285714285714,PREREGISTERED_PRIMARY_ANALYSIS_COMPLETED,True,0.3,0.2834930339830778,0.010885422295690759,-0.7299221357063403,-0.01088542229569072,0.9998815075814443,False,False,False,False,,-1,nan
14,2,5,5-6-7-8,5,5,5,6.5,6.5,0.0,3,10,8,0.5714285714285714,PREREGISTERED_PRIMARY_ANALYSIS_COMPLETED,True,0.4,0.3779907119774371,0.041654014437690165,-0.7027808676307008,-0.04165401443769009,0.9982649430812247,False,False,False,False,,-1,nan
14,2,6,6-7-8-9,6,4,4,7.5,6.5,1.0,4,11,8,0.5714285714285714,PREREGISTERED_PRIMARY_ANALYSIS_COMPLETED,True,0.05,0.04724883899717964,0.29199228541868505,-0.47897664071190205,-0.29199228541868505,0.9147405052559736,False,False,False,False,,-1,nan
14,2,6,6-7-8-9,6,4,4,7.5,6.5,1.0,4,11,8,0.5714285714285714,PREREGISTERED_PRIMARY_ANALYSIS_COMPLETED,True,0.1,0.09449767799435928,0.13907529985633307,-0.6013348164627365,-0.13907529985633307,0.980658060969871,False,False,False,False,,-1,nan
14,2,6,6-7-8-9,6,4,4,7.5,6.5,1.0,4,11,8,0.5714285714285714,PREREGISTERED_PRIMARY_ANALYSIS_COMPLETED,True,0.2,0.18899535598871856,0.030716486884363247,-0.7032258064516129,-0.030716486884363226,0.9990564974334828,False,False,False,False,,-1,nan
14,2,6,6-7-8-9,6,4,4,7.5,6.5,1.0,4,11,8,0.5714285714285714,PREREGISTERED_PRIMARY_ANALYSIS_COMPLETED,True,0.3,0.2834930339830778,0.010885422304596024,-0.7299221357063403,-0.010885422304596026,0.9998815075812504,False,False,False,False,,-1,nan
14,2,6,6-7-8-9,6,4,4,7.5,6.5,1.0,4,11,8,0.5714285714285714,PREREGISTERED_PRIMARY_ANALYSIS_COMPLETED,True,0.4,0.3779907119774371,0.04165401444793504,-0.7027808676307008,-0.04165401444793512,0.9982649430803712,False,False,False,False,,-1,nan
14,2,7,7-8-9-10,7,3,3,8.5,6.5,2.0,5,12,8,0.5714285714285714,PREREGISTERED_PRIMARY_ANALYSIS_COMPLETED,True,0.05,0.04724883899717964,0.2919922867739555,-0.47897664071190205,-0.29199228677395567,0.9147405044645163,False,False,False,False,,-1,nan
14,2,7,7-8-9-10,7,3,3,8.5,6.5,2.0,5,12,8,0.5714285714285714,PREREGISTERED_PRIMARY_ANALYSIS_COMPLETED,True,0.1,0.09449767799435928,0.13907530017000164,-0.6013348164627365,-0.1390753001700017,0.9806580608826241,False,False,False,False,,-1,nan
14,2,7,7-8-9-10,7,3,3,8.5,6.5,2.0,5,12,8,0.5714285714285714,PREREGISTERED_PRIMARY_ANALYSIS_COMPLETED,True,0.2,0.18899535598871856,0.030716486970492635,-0.7032258064516129,-0.030716486970492677,0.9990564974281916,False,False,False,False,,-1,nan
14,2,7,7-8-9-10,7,3,3,8.5,6.5,2.0,5,12,8,0.5714285714285714,PREREGISTERED_PRIMARY_ANALYSIS_COMPLETED,True,0.3,0.2834930339830778,0.01088542237786595,-0.7299221357063403,-0.010885422377865961,0.9998815075796552,False,False,False,False,,-1,nan
14,2,7,7-8-9-10,7,3,3,8.5,6.5,2.0,5,12,8,0.5714285714285714,PREREGISTERED_PRIMARY_ANALYSIS_COMPLETED,True,0.4,0.3779907119774371,0.041654014534549394,-0.7027808676307008,-0.04165401453454939,0.9982649430731554,False,False,False,False,,-1,nan
14,2,8,8-9-10-11,8,2,2,9.5,6.5,3.0,6,13,8,0.5714285714285714,PREREGISTERED_PRIMARY_ANALYSIS_COMPLETED,True,0.05,0.04724883899717964,0.2919922860828613,-0.47897664071190205,-0.2919922860828615,0.9147405048681044,False,False,False,False,,-1,nan
14,2,8,8-9-10-11,8,2,2,9.5,6.5,3.0,6,13,8,0.5714285714285714,PREREGISTERED_PRIMARY_ANALYSIS_COMPLETED,True,0.1,0.09449767799435928,0.1390753000326413,-0.6013348164627365,-0.13907530003264132,0.980658060920831,False,False,False,False,,-1,nan
14,2,8,8-9-10-11,8,2,2,9.5,6.5,3.0,6,13,8,0.5714285714285714,PREREGISTERED_PRIMARY_ANALYSIS_COMPLETED,True,0.2,0.18899535598871856,0.030716486937954573,-0.7032258064516129,-0.03071648693795457,0.9990564974301903,False,False,False,False,,-1,nan
14,2,8,8-9-10-11,8,2,2,9.5,6.5,3.0,6,13,8,0.5714285714285714,PREREGISTERED_PRIMARY_ANALYSIS_COMPLETED,True,0.3,0.2834930339830778,0.01088542235168385,-0.7299221357063403,-0.01088542235168392,0.9998815075802255,False,False,False,False,,-1,nan
14,2,8,8-9-10-11,8,2,2,9.5,6.5,3.0,6,13,8,0.5714285714285714,PREREGISTERED_PRIMARY_ANALYSIS_COMPLETED,True,0.4,0.3779907119774371,0.04165401450320023,-0.7027808676307008,-0.04165401450320024,0.9982649430757671,False,False,False,False,,-1,nan
14,2,9,9-10-11-12,9,1,1,10.5,6.5,4.0,7,13,7,0.5,PREREGISTERED_PRIMARY_ANALYSIS_COMPLETED,True,0.05,0.04724883899717964,0.3587325413096011,-0.43670745272525024,-0.3587325413096013,0.8713109638055554,False,False,False,False,,-1,nan
14,2,9,9-10-11-12,9,1,1,10.5,6.5,4.0,7,13,7,0.5,PREREGISTERED_PRIMARY_ANALYSIS_COMPLETED,True,0.1,0.09449767799435928,0.20617643794026747,-0.5835372636262514,-0.2061764379402676,0.9574912764382628,False,False,False,False,,-1,nan
14,2,9,9-10-11-12,9,1,1,10.5,6.5,4.0,7,13,7,0.5,PREREGISTERED_PRIMARY_ANALYSIS_COMPLETED,True,0.2,0.18899535598871856,0.13271494571403794,-0.6720800889877642,-0.13271494571403789,0.9823867431841199,False,False,False,False,,-1,nan
14,2,9,9-10-11-12,9,1,1,10.5,6.5,4.0,7,13,7,0.5,PREREGISTERED_PRIMARY_ANALYSIS_COMPLETED,True,0.3,0.2834930339830778,0.14450078037994452,-0.5848720800889877,-0.14450078037994443,0.9791195244695873,False,False,False,False,,-1,nan
14,2,9,9-10-11-12,9,1,1,10.5,6.5,4.0,7,13,7,0.5,PREREGISTERED_PRIMARY_ANALYSIS_COMPLETED,True,0.4,0.3779907119774371,0.19761257453166498,-0.3045606229143492,-0.19761257453166506,0.9609492703869672,False,False,False,False,,-1,nan
14,2,10,10-11-12-13,10,0,0,11.5,6.5,5.0,8,13,6,0.42857142857142855,MODULAR_SECTOR_UNDEFINED_RANK_DEFICIENT,False,0.05,0.04724883899717964,nan,nan,nan,nan,,,,,POSITIVITY_GATE_FAIL,0,0.0
14,2,10,10-11-12-13,10,0,0,11.5,6.5,5.0,8,13,6,0.42857142857142855,MODULAR_SECTOR_UNDEFINED_RANK_DEFICIENT,False,0.1,0.09449767799435928,nan,nan,nan,nan,,,,,POSITIVITY_GATE_FAIL,0,0.0
14,2,10,10-11-12-13,10,0,0,11.5,6.5,5.0,8,13,6,0.42857142857142855,MODULAR_SECTOR_UNDEFINED_RANK_DEFICIENT,False,0.2,0.18899535598871856,nan,nan,nan,nan,,,,,POSITIVITY_GATE_FAIL,0,0.0
14,2,10,10-11-12-13,10,0,0,11.5,6.5,5.0,8,13,6,0.42857142857142855,MODULAR_SECTOR_UNDEFINED_RANK_DEFICIENT,False,0.3,0.2834930339830778,nan,nan,nan,nan,,,,,POSITIVITY_GATE_FAIL,0,0.0
14,2,10,10-11-12-13,10,0,0,11.5,6.5,5.0,8,13,6,0.42857142857142855,MODULAR_SECTOR_UNDEFINED_RANK_DEFICIENT,False,0.4,0.3779907119774371,nan,nan,nan,nan,,,,,POSITIVITY_GATE_FAIL,0,0.0
14,3,0,0-1-2-3,0,10,0,1.5,6.5,5.0,0,6,7,0.5,PREREGISTERED_PRIMARY_ANALYSIS_COMPLETED,True,0.05,0.04724883899717964,0.9906736538329812,-0.024249165739710785,-0.9906736538329811,0.01856571160121077,False,False,True,False,,-1,nan
14,3,0,0-1-2-3,0,10,0,1.5,6.5,5.0,0,6,7,0.5,PREREGISTERED_PRIMARY_ANALYSIS_COMPLETED,True,0.1,0.09449767799435928,0.9734945754607377,-0.15372636262513903,-0.9734945754607369,0.052308311548519344,False,False,True,False,,-1,nan
14,3,0,0-1-2-3,0,10,0,1.5,6.5,5.0,0,6,7,0.5,PREREGISTERED_PRIMARY_ANALYSIS_COMPLETED,True,0.2,0.18899535598871856,0.9249571625599718,0.015350389321468297,-0.924957162559972,0.1444542474290056,False,False,True,False,,-1,nan
14,3,0,0-1-2-3,0,10,0,1.5,6.5,5.0,0,6,7,0.5,PREREGISTERED_PRIMARY_ANALYSIS_COMPLETED,True,0.3,0.2834930339830778,0.8824799113896782,0.3890989988876529,-0.8824799113896784,0.22122920599366563,False,False,False,False,,-1,nan
14,3,0,0-1-2-3,0,10,0,1.5,6.5,5.0,0,6,7,0.5,PREREGISTERED_PRIMARY_ANALYSIS_COMPLETED,True,0.4,0.3779907119774371,0.8619240025864534,0.6587319243604004,-0.861924002586453,0.2570870137653473,False,False,False,False,,-1,nan
14,3,1,1-2-3-4,1,9,1,2.5,6.5,4.0,0,7,8,0.5714285714285714,PREREGISTERED_PRIMARY_ANALYSIS_COMPLETED,True,0.05,0.04724883899717964,0.9812448278944691,0.23515016685205786,-0.9812448278944695,0.03715858773035352,False,False,True,False,,-1,nan
14,3,1,1-2-3-4,1,9,1,2.5,6.5,4.0,0,7,8,0.5714285714285714,PREREGISTERED_PRIMARY_ANALYSIS_COMPLETED,True,0.1,0.09449767799435928,0.9468162369691987,0.0932146829810901,-0.9468162369691984,0.10353901341148682,False,False,True,False,,-1,nan
14,3,1,1-2-3-4,1,9,1,2.5,6.5,4.0,0,7,8,0.5714285714285714,PREREGISTERED_PRIMARY_ANALYSIS_COMPLETED,True,0.2,0.18899535598871856,0.8964702516963997,0.1897664071190211,-0.8964702516963996,0.1963410878233937,False,False,True,False,,-1,nan
14,3,1,1-2-3-4,1,9,1,2.5,6.5,4.0,0,7,8,0.5714285714285714,PREREGISTERED_PRIMARY_ANALYSIS_COMPLETED,True,0.3,0.2834930339830778,0.8660937781573033,0.37174638487208006,-0.866093778157303,0.24988156743720796,False,False,False,False,,-1,nan
14,3,1,1-2-3-4,1,9,1,2.5,6.5,4.0,0,7,8,0.5714285714285714,PREREGISTERED_PRIMARY_ANALYSIS_COMPLETED,True,0.4,0.3779907119774371,0.8563308315946874,0.49499443826473855,-0.8563308315946874,0.2666975068603514,False,False,False,False,,-1,nan
14,3,2,2-3-4-5,2,8,2,3.5,6.5,3.0,0,8,9,0.6428571428571429,PREREGISTERED_PRIMARY_ANALYSIS_COMPLETED,True,0.05,0.04724883899717964,0.7829237807785915,0.1439377085650723,-0.7829237807785914,0.3870303534913558,False,False,False,False,,-1,nan
14,3,2,2-3-4-5,2,8,2,3.5,6.5,3.0,0,8,9,0.6428571428571429,PREREGISTERED_PRIMARY_ANALYSIS_COMPLETED,True,0.1,0.09449767799435928,0.5728268039748425,0.028253615127919914,-0.5728268039748428,0.6718694526479669,False,False,False,False,,-1,nan
14,3,2,2-3-4-5,2,8,2,3.5,6.5,3.0,0,8,9,0.6428571428571429,PREREGISTERED_PRIMARY_ANALYSIS_COMPLETED,True,0.2,0.18899535598871856,0.6203510654956644,0.0037819799777530586,-0.6203510654956649,0.6151645555383936,False,False,False,False,,-1,nan
14,3,2,2-3-4-5,2,8,2,3.5,6.5,3.0,0,8,9,0.6428571428571429,PREREGISTERED_PRIMARY_ANALYSIS_COMPLETED,True,0.3,0.2834930339830778,0.7292796802934814,0.033592880978865404,-0.7292796802934811,0.46815114791103735,False,False,False,False,,-1,nan
14,3,2,2-3-4-5,2,8,2,3.5,6.5,3.0,0,8,9,0.6428571428571429,PREREGISTERED_PRIMARY_ANALYSIS_COMPLETED,True,0.4,0.3779907119774371,0.779313826563595,0.22803114571746386,-0.7793138265635944,0.3926699597268073,False,False,False,False,,-1,nan
14,3,3,3-4-5-6,3,7,3,4.5,6.5,2.0,0,9,10,0.7142857142857143,PREREGISTERED_PRIMARY_ANALYSIS_COMPLETED,True,0.05,0.04724883899717964,0.8173197502136236,0.13281423804226916,-0.8173197502136237,0.3319884259107394,False,False,False,False,,-1,nan
14,3,3,3-4-5-6,3,7,3,4.5,6.5,2.0,0,9,10,0.7142857142857143,PREREGISTERED_PRIMARY_ANALYSIS_COMPLETED,True,0.1,0.09449767799435928,0.6070420476677718,0.02736373748609566,-0.607042047667772,0.6314999523633189,False,False,False,False,,-1,nan
14,3,3,3-4-5-6,3,7,3,4.5,6.5,2.0,0,9,10,0.7142857142857143,PREREGISTERED_PRIMARY_ANALYSIS_COMPLETED,True,0.2,0.18899535598871856,0.6304419796570878,0.021134593993325918,-0.6304419796570879,0.6025429102860523,False,False,False,False,,-1,nan
14,3,3,3-4-5-6,3,7,3,4.5,6.5,2.0,0,9,10,0.7142857142857143,PREREGISTERED_PRIMARY_ANALYSIS_COMPLETED,True,0.3,0.2834930339830778,0.7318967063436851,0.0064516129032258064,-0.7318967063436851,0.4643272112432656,False,False,False,False,,-1,nan
14,3,3,3-4-5-6,3,7,3,4.5,6.5,2.0,0,9,10,0.7142857142857143,PREREGISTERED_PRIMARY_ANALYSIS_COMPLETED,True,0.4,0.3779907119774371,0.7802744652053683,0.2253615127919911,-0.7802744652053681,0.3911717589484765,False,False,False,False,,-1,nan
14,3,4,4-5-6-7,4,6,4,5.5,6.5,1.0,1,10,10,0.7142857142857143,PREREGISTERED_PRIMARY_ANALYSIS_COMPLETED,True,0.05,0.04724883899717964,0.8173197500407567,0.13281423804226916,-0.8173197500407567,0.3319884261933152,False,False,False,False,,-1,nan
14,3,4,4-5-6-7,4,6,4,5.5,6.5,1.0,1,10,10,0.7142857142857143,PREREGISTERED_PRIMARY_ANALYSIS_COMPLETED,True,0.1,0.09449767799435928,0.6070420475397023,0.02736373748609566,-0.6070420475397028,0.6314999525188054,False,False,False,False,,-1,nan
14,3,4,4-5-6-7,4,6,4,5.5,6.5,1.0,1,10,10,0.7142857142857143,PREREGISTERED_PRIMARY_ANALYSIS_COMPLETED,True,0.2,0.18899535598871856,0.6304419795680862,0.021134593993325918,-0.6304419795680865,0.6025429103982725,False,False,False,False,,-1,nan
14,3,4,4-5-6-7,4,6,4,5.5,6.5,1.0,1,10,10,0.7142857142857143,PREREGISTERED_PRIMARY_ANALYSIS_COMPLETED,True,0.3,0.2834930339830778,0.731896706266619,0.0064516129032258064,-0.7318967062666195,0.46432721135607424,False,False,False,False,,-1,nan
14,3,4,4-5-6-7,4,6,4,5.5,6.5,1.0,1,10,10,0.7142857142857143,PREREGISTERED_PRIMARY_ANALYSIS_COMPLETED,True,0.4,0.3779907119774371,0.7802744651373661,0.2253615127919911,-0.7802744651373661,0.3911717590545971,False,False,False,False,,-1,nan
14,3,5,5-6-7-8,5,5,5,6.5,6.5,0.0,2,11,10,0.7142857142857143,PREREGISTERED_PRIMARY_ANALYSIS_COMPLETED,True,0.05,0.04724883899717964,0.8173197492435429,0.13281423804226916,-0.8173197492435423,0.3319884274964728,False,False,False,False,,-1,nan
14,3,5,5-6-7-8,5,5,5,6.5,6.5,0.0,2,11,10,0.7142857142857143,PREREGISTERED_PRIMARY_ANALYSIS_COMPLETED,True,0.1,0.09449767799435928,0.6070420464901634,0.02736373748609566,-0.6070420464901635,0.6314999537930344,False,False,False,False,,-1,nan
14,3,5,5-6-7-8,5,5,5,6.5,6.5,0.0,2,11,10,0.7142857142857143,PREREGISTERED_PRIMARY_ANALYSIS_COMPLETED,True,0.2,0.18899535598871856,0.6304419784809968,0.021134593993325918,-0.6304419784809965,0.6025429117689663,False,False,False,False,,-1,nan
14,3,5,5-6-7-8,5,5,5,6.5,6.5,0.0,2,11,10,0.7142857142857143,PREREGISTERED_PRIMARY_ANALYSIS_COMPLETED,True,0.3,0.2834930339830778,0.7318967052162586,0.0064516129032258064,-0.7318967052162585,0.4643272128935851,False,False,False,False,,-1,nan
14,3,5,5-6-7-8,5,5,5,6.5,6.5,0.0,2,11,10,0.7142857142857143,PREREGISTERED_PRIMARY_ANALYSIS_COMPLETED,True,0.4,0.3779907119774371,0.7802744641840568,0.2253615127919911,-0.7802744641840565,0.3911717605422831,False,False,False,False,,-1,nan
14,3,6,6-7-8-9,6,4,4,7.5,6.5,1.0,3,12,10,0.7142857142857143,PREREGISTERED_PRIMARY_ANALYSIS_COMPLETED,True,0.05,0.04724883899717964,0.8173197499828525,0.13281423804226916,-0.8173197499828522,0.3319884262879676,False,False,False,False,,-1,nan
14,3,6,6-7-8-9,6,4,4,7.5,6.5,1.0,3,12,10,0.7142857142857143,PREREGISTERED_PRIMARY_ANALYSIS_COMPLETED,True,0.1,0.09449767799435928,0.6070420474731272,0.02736373748609566,-0.6070420474731272,0.6314999525996337,False,False,False,False,,-1,nan
14,3,6,6-7-8-9,6,4,4,7.5,6.5,1.0,3,12,10,0.7142857142857143,PREREGISTERED_PRIMARY_ANALYSIS_COMPLETED,True,0.2,0.18899535598871856,0.630441979500001,0.021134593993325918,-0.6304419795000006,0.6025429104841203,False,False,False,False,,-1,nan
14,3,6,6-7-8-9,6,4,4,7.5,6.5,1.0,3,12,10,0.7142857142857143,PREREGISTERED_PRIMARY_ANALYSIS_COMPLETED,True,0.3,0.2834930339830778,0.7318967062009109,0.0064516129032258064,-0.7318967062009111,0.4643272114522572,False,False,False,False,,-1,nan
14,3,6,6-7-8-9,6,4,4,7.5,6.5,1.0,3,12,10,0.7142857142857143,PREREGISTERED_PRIMARY_ANALYSIS_COMPLETED,True,0.4,0.3779907119774371,0.7802744650775814,0.2253615127919911,-0.7802744650775816,0.39117175914789454,False,False,False,False,,-1,nan
14,3,7,7-8-9-10,7,3,3,8.5,6.5,2.0,4,13,10,0.7142857142857143,PREREGISTERED_PRIMARY_ANALYSIS_COMPLETED,True,0.05,0.04724883899717964,0.817319750420303,0.13281423804226916,-0.8173197504203031,0.3319884255728934,False,False,False,False,,-1,nan
14,3,7,7-8-9-10,7,3,3,8.5,6.5,2.0,4,13,10,0.7142857142857143,PREREGISTERED_PRIMARY_ANALYSIS_COMPLETED,True,0.1,0.09449767799435928,0.607042047862905,0.02736373748609566,-0.6070420478629046,0.6314999521264105,False,False,False,False,,-1,nan
14,3,7,7-8-9-10,7,3,3,8.5,6.5,2.0,4,13,10,0.7142857142857143,PREREGISTERED_PRIMARY_ANALYSIS_COMPLETED,True,0.2,0.18899535598871856,0.6304419798292322,0.021134593993325918,-0.630441979829232,0.6025429100689984,False,False,False,False,,-1,nan
14,3,7,7-8-9-10,7,3,3,8.5,6.5,2.0,4,13,10,0.7142857142857143,PREREGISTERED_PRIMARY_ANALYSIS_COMPLETED,True,0.3,0.2834930339830778,0.7318967065100367,0.0064516129032258064,-0.7318967065100368,0.46432721099976065,False,False,False,False,,-1,nan
14,3,7,7-8-9-10,7,3,3,8.5,6.5,2.0,4,13,10,0.7142857142857143,PREREGISTERED_PRIMARY_ANALYSIS_COMPLETED,True,0.4,0.3779907119774371,0.7802744653578892,0.2253615127919911,-0.7802744653578899,0.3911717587104594,False,False,False,False,,-1,nan
14,3,8,8-9-10-11,8,2,2,9.5,6.5,3.0,5,13,9,0.6428571428571429,PREREGISTERED_PRIMARY_ANALYSIS_COMPLETED,True,0.05,0.04724883899717964,0.782923780789986,0.1439377085650723,-0.7829237807899864,0.38703035347351417,False,False,False,False,,-1,nan
14,3,8,8-9-10-11,8,2,2,9.5,6.5,3.0,5,13,9,0.6428571428571429,PREREGISTERED_PRIMARY_ANALYSIS_COMPLETED,True,0.1,0.09449767799435928,0.5728268039856307,0.028253615127919914,-0.5728268039856301,0.6718694526356082,False,False,False,False,,-1,nan
14,3,8,8-9-10-11,8,2,2,9.5,6.5,3.0,5,13,9,0.6428571428571429,PREREGISTERED_PRIMARY_ANALYSIS_COMPLETED,True,0.2,0.18899535598871856,0.6203510655087678,0.0037819799777530586,-0.6203510655087678,0.6151645555221367,False,False,False,False,,-1,nan
14,3,8,8-9-10-11,8,2,2,9.5,6.5,3.0,5,13,9,0.6428571428571429,PREREGISTERED_PRIMARY_ANALYSIS_COMPLETED,True,0.3,0.2834930339830778,0.7292796803058144,0.033592880978865404,-0.7292796803058141,0.4681511478930493,False,False,False,False,,-1,nan
14,3,8,8-9-10-11,8,2,2,9.5,6.5,3.0,5,13,9,0.6428571428571429,PREREGISTERED_PRIMARY_ANALYSIS_COMPLETED,True,0.4,0.3779907119774371,0.7793138265745444,0.22803114571746386,-0.7793138265745447,0.39266995970974045,False,False,False,False,,-1,nan
14,3,9,9-10-11-12,9,1,1,10.5,6.5,4.0,6,13,8,0.5714285714285714,PREREGISTERED_PRIMARY_ANALYSIS_COMPLETED,True,0.05,0.04724883899717964,0.98124482785968,0.23515016685205786,-0.9812448278596805,0.03715858779862645,False,False,True,False,,-1,nan
14,3,9,9-10-11-12,9,1,1,10.5,6.5,4.0,6,13,8,0.5714285714285714,PREREGISTERED_PRIMARY_ANALYSIS_COMPLETED,True,0.1,0.09449767799435928,0.9468162369356706,0.0932146829810901,-0.9468162369356705,0.10353901347497584,False,False,True,False,,-1,nan
14,3,9,9-10-11-12,9,1,1,10.5,6.5,4.0,6,13,8,0.5714285714285714,PREREGISTERED_PRIMARY_ANALYSIS_COMPLETED,True,0.2,0.18899535598871856,0.8964702516739188,0.1897664071190211,-0.896470251673919,0.19634108786370022,False,False,True,False,,-1,nan
14,3,9,9-10-11-12,9,1,1,10.5,6.5,4.0,6,13,8,0.5714285714285714,PREREGISTERED_PRIMARY_ANALYSIS_COMPLETED,True,0.3,0.2834930339830778,0.8660937781407002,0.37174638487208006,-0.8660937781407,0.24988156746596732,False,False,False,False,,-1,nan
14,3,9,9-10-11-12,9,1,1,10.5,6.5,4.0,6,13,8,0.5714285714285714,PREREGISTERED_PRIMARY_ANALYSIS_COMPLETED,True,0.4,0.3779907119774371,0.8563308315811362,0.49499443826473855,-0.8563308315811362,0.2666975068835593,False,False,False,False,,-1,nan
14,3,10,10-11-12-13,10,0,0,11.5,6.5,5.0,7,13,7,0.5,PREREGISTERED_PRIMARY_ANALYSIS_COMPLETED,True,0.05,0.04724883899717964,0.9906736538213674,-0.024249165739710785,-0.9906736538213675,0.018565711624220934,False,False,True,False,,-1,nan
14,3,10,10-11-12-13,10,0,0,11.5,6.5,5.0,7,13,7,0.5,PREREGISTERED_PRIMARY_ANALYSIS_COMPLETED,True,0.1,0.09449767799435928,0.9734945754553476,-0.15372636262513903,-0.9734945754553475,0.05230831155901293,False,False,True,False,,-1,nan
14,3,10,10-11-12-13,10,0,0,11.5,6.5,5.0,7,13,7,0.5,PREREGISTERED_PRIMARY_ANALYSIS_COMPLETED,True,0.2,0.18899535598871856,0.9249571625630402,0.015350389321468297,-0.9249571625630403,0.14445424742332963,False,False,True,False,,-1,nan
14,3,10,10-11-12-13,10,0,0,11.5,6.5,5.0,7,13,7,0.5,PREREGISTERED_PRIMARY_ANALYSIS_COMPLETED,True,0.3,0.2834930339830778,0.8824799113890693,0.3890989988876529,-0.8824799113890694,0.22122920599473994,False,False,False,False,,-1,nan
14,3,10,10-11-12-13,10,0,0,11.5,6.5,5.0,7,13,7,0.5,PREREGISTERED_PRIMARY_ANALYSIS_COMPLETED,True,0.4,0.3779907119774371,0.8619240025794273,0.6587319243604004,-0.8619240025794267,0.25708701377746057,False,False,False,False,,-1,nan
14,4,0,0-1-2-3,0,10,0,1.5,6.5,5.0,0,7,8,0.5714285714285714,PREREGISTERED_PRIMARY_ANALYSIS_COMPLETED,True,0.05,0.04724883899717964,-0.9644347256175998,-0.6649610678531702,0.9644347256175994,0.06986566002290456,True,True,True,True,,-1,nan
14,4,0,0-1-2-3,0,10,0,1.5,6.5,5.0,0,7,8,0.5714285714285714,PREREGISTERED_PRIMARY_ANALYSIS_COMPLETED,True,0.1,0.09449767799435928,-0.9707850519628234,-0.6756395995550611,0.9707850519628232,0.057576382885538485,True,True,True,True,,-1,nan
14,4,0,0-1-2-3,0,10,0,1.5,6.5,5.0,0,7,8,0.5714285714285714,PREREGISTERED_PRIMARY_ANALYSIS_COMPLETED,True,0.2,0.18899535598871856,-0.984939048183773,-0.8812013348164627,0.9849390481837739,0.029895071362842578,True,True,True,True,,-1,nan
14,4,0,0-1-2-3,0,10,0,1.5,6.5,5.0,0,7,8,0.5714285714285714,PREREGISTERED_PRIMARY_ANALYSIS_COMPLETED,True,0.3,0.2834930339830778,-0.989035697423704,-0.9817575083426029,0.9890356974237042,0.021808389221607643,True,True,True,True,,-1,nan
14,4,0,0-1-2-3,0,10,0,1.5,6.5,5.0,0,7,8,0.5714285714285714,PREREGISTERED_PRIMARY_ANALYSIS_COMPLETED,True,0.4,0.3779907119774371,-0.9910038506681362,-0.9092324805339266,0.9910038506681366,0.017911367960926117,True,True,True,True,,-1,nan
14,4,1,1-2-3-4,1,9,1,2.5,6.5,4.0,0,8,9,0.6428571428571429,PREREGISTERED_PRIMARY_ANALYSIS_COMPLETED,True,0.05,0.04724883899717964,-0.9930864103295752,-0.9555061179087875,0.9930864103295757,0.01377938161871808,True,True,True,True,,-1,nan
14,4,1,1-2-3-4,1,9,1,2.5,6.5,4.0,0,8,9,0.6428571428571429,PREREGISTERED_PRIMARY_ANALYSIS_COMPLETED,True,0.1,0.09449767799435928,-0.9848722855291954,-0.9515016685205783,0.9848722855291957,0.030026581196498894,True,True,True,True,,-1,nan
14,4,1,1-2-3-4,1,9,1,2.5,6.5,4.0,0,8,9,0.6428571428571429,PREREGISTERED_PRIMARY_ANALYSIS_COMPLETED,True,0.2,0.18899535598871856,-0.9679628027347734,-0.9724137931034482,0.9679628027347729,0.06304801252184215,True,True,True,True,,-1,nan
14,4,1,1-2-3-4,1,9,1,2.5,6.5,4.0,0,8,9,0.6428571428571429,PREREGISTERED_PRIMARY_ANALYSIS_COMPLETED,True,0.3,0.2834930339830778,-0.9561211112248021,-0.9853170189098998,0.9561211112248023,0.08583242067024922,True,True,True,True,,-1,nan
14,4,1,1-2-3-4,1,9,1,2.5,6.5,4.0,0,8,9,0.6428571428571429,PREREGISTERED_PRIMARY_ANALYSIS_COMPLETED,True,0.4,0.3779907119774371,-0.952094890550099,-0.9483870967741934,0.9520948905500985,0.09351531938839543,True,True,True,True,,-1,nan
14,4,2,2-3-4-5,2,8,2,3.5,6.5,3.0,0,9,10,0.7142857142857143,PREREGISTERED_PRIMARY_ANALYSIS_COMPLETED,True,0.05,0.04724883899717964,0.4054289035174911,-0.22313681868743046,-0.4054289035174909,0.8356274041926051,False,False,False,False,,-1,nan
14,4,2,2-3-4-5,2,8,2,3.5,6.5,3.0,0,9,10,0.7142857142857143,PREREGISTERED_PRIMARY_ANALYSIS_COMPLETED,True,0.1,0.09449767799435928,0.2233530014937618,-0.5092324805339266,-0.22335300149376178,0.9501134367237278,False,False,False,False,,-1,nan
14,4,2,2-3-4-5,2,8,2,3.5,6.5,3.0,0,9,10,0.7142857142857143,PREREGISTERED_PRIMARY_ANALYSIS_COMPLETED,True,0.2,0.18899535598871856,0.16412857218384383,0.08120133481646273,-0.1641285721838438,0.9730618117928926,False,False,False,False,,-1,nan
14,4,2,2-3-4-5,2,8,2,3.5,6.5,3.0,0,9,10,0.7142857142857143,PREREGISTERED_PRIMARY_ANALYSIS_COMPLETED,True,0.3,0.2834930339830778,0.2661876103680114,0.35839822024471635,-0.2661876103680114,0.9291441560865676,False,False,False,False,,-1,nan
14,4,2,2-3-4-5,2,8,2,3.5,6.5,3.0,0,9,10,0.7142857142857143,PREREGISTERED_PRIMARY_ANALYSIS_COMPLETED,True,0.4,0.3779907119774371,0.38374616684799534,0.46785317018909905,-0.38374616684799534,0.8527388794294706,False,False,False,False,,-1,nan
14,4,3,3-4-5-6,3,7,3,4.5,6.5,2.0,0,10,11,0.7857142857142857,PREREGISTERED_PRIMARY_ANALYSIS_COMPLETED,True,0.05,0.04724883899717964,0.18913814459614126,-0.3477196885428253,-0.18913814459614114,0.9642267622587294,False,False,False,False,,-1,nan
14,4,3,3-4-5-6,3,7,3,4.5,6.5,2.0,0,10,11,0.7857142857142857,PREREGISTERED_PRIMARY_ANALYSIS_COMPLETED,True,0.1,0.09449767799435928,0.09803573372040843,-0.4896551724137932,-0.09803573372040843,0.990388994913901,False,False,False,False,,-1,nan
14,4,3,3-4-5-6,3,7,3,4.5,6.5,2.0,0,10,11,0.7857142857142857,PREREGISTERED_PRIMARY_ANALYSIS_COMPLETED,True,0.2,0.18899535598871856,0.11593683375546812,-0.28231368186874306,-0.11593683375546818,0.9865586505787567,False,False,False,False,,-1,nan
14,4,3,3-4-5-6,3,7,3,4.5,6.5,2.0,0,10,11,0.7857142857142857,PREREGISTERED_PRIMARY_ANALYSIS_COMPLETED,True,0.3,0.2834930339830778,0.2839043259485485,0.4197997775305895,-0.2839043259485486,0.9193983337077004,False,False,False,False,,-1,nan
14,4,3,3-4-5-6,3,7,3,4.5,6.5,2.0,0,10,11,0.7857142857142857,PREREGISTERED_PRIMARY_ANALYSIS_COMPLETED,True,0.4,0.3779907119774371,0.43038880234533766,0.5506117908787541,-0.4303888023453377,0.8147654788157456,False,False,False,False,,-1,nan
14,4,4,4-5-6-7,4,6,4,5.5,6.5,1.0,0,11,12,0.8571428571428571,PREREGISTERED_PRIMARY_ANALYSIS_COMPLETED,True,0.05,0.04724883899717964,0.1887628677240598,-0.3477196885428253,-0.1887628677240599,0.9643685797685888,False,False,False,False,,-1,nan
14,4,4,4-5-6-7,4,6,4,5.5,6.5,1.0,0,11,12,0.8571428571428571,PREREGISTERED_PRIMARY_ANALYSIS_COMPLETED,True,0.1,0.09449767799435928,0.09775554748743188,-0.4896551724137932,-0.09775554748743186,0.9904438529354325,False,False,False,False,,-1,nan
14,4,4,4-5-6-7,4,6,4,5.5,6.5,1.0,0,11,12,0.8571428571428571,PREREGISTERED_PRIMARY_ANALYSIS_COMPLETED,True,0.2,0.18899535598871856,0.11566471891218136,-0.28231368186874306,-0.11566471891218136,0.986621672798966,False,False,False,False,,-1,nan
14,4,4,4-5-6-7,4,6,4,5.5,6.5,1.0,0,11,12,0.8571428571428571,PREREGISTERED_PRIMARY_ANALYSIS_COMPLETED,True,0.3,0.2834930339830778,0.2836941502985186,0.4197997775305895,-0.2836941502985184,0.9195176290864017,False,False,False,False,,-1,nan
14,4,4,4-5-6-7,4,6,4,5.5,6.5,1.0,0,11,12,0.8571428571428571,PREREGISTERED_PRIMARY_ANALYSIS_COMPLETED,True,0.4,0.3779907119774371,0.4302240650885027,0.5506117908787541,-0.4302240650885026,0.814907253818724,False,False,False,False,,-1,nan
14,4,5,5-6-7-8,5,5,5,6.5,6.5,0.0,1,12,12,0.8571428571428571,PREREGISTERED_PRIMARY_ANALYSIS_COMPLETED,True,0.05,0.04724883899717964,0.18876286775085563,-0.3477196885428253,-0.18876286775085563,0.9643685797584729,False,False,False,False,,-1,nan
14,4,5,5-6-7-8,5,5,5,6.5,6.5,0.0,1,12,12,0.8571428571428571,PREREGISTERED_PRIMARY_ANALYSIS_COMPLETED,True,0.1,0.09449767799435928,0.09775554751084665,-0.4896551724137932,-0.09775554751084663,0.9904438529308546,False,False,False,False,,-1,nan
14,4,5,5-6-7-8,5,5,5,6.5,6.5,0.0,1,12,12,0.8571428571428571,PREREGISTERED_PRIMARY_ANALYSIS_COMPLETED,True,0.2,0.18899535598871856,0.11566471893281335,-0.28231368186874306,-0.11566471893281337,0.9866216727941932,False,False,False,False,,-1,nan
14,4,5,5-6-7-8,5,5,5,6.5,6.5,0.0,1,12,12,0.8571428571428571,PREREGISTERED_PRIMARY_ANALYSIS_COMPLETED,True,0.3,0.2834930339830778,0.2836941503265861,0.4197997775305895,-0.28369415032658607,0.9195176290704764,False,False,False,False,,-1,nan
14,4,5,5-6-7-8,5,5,5,6.5,6.5,0.0,1,12,12,0.8571428571428571,PREREGISTERED_PRIMARY_ANALYSIS_COMPLETED,True,0.4,0.3779907119774371,0.43022406511863165,0.5506117908787541,-0.43022406511863165,0.8149072537927995,False,False,False,False,,-1,nan
14,4,6,6-7-8-9,6,4,4,7.5,6.5,1.0,2,13,12,0.8571428571428571,PREREGISTERED_PRIMARY_ANALYSIS_COMPLETED,True,0.05,0.04724883899717964,0.18876286766058864,-0.3477196885428253,-0.18876286766058858,0.9643685797925511,False,False,False,False,,-1,nan
14,4,6,6-7-8-9,6,4,4,7.5,6.5,1.0,2,13,12,0.8571428571428571,PREREGISTERED_PRIMARY_ANALYSIS_COMPLETED,True,0.1,0.09449767799435928,0.09775554747633279,-0.4896551724137932,-0.09775554747633276,0.9904438529376026,False,False,False,False,,-1,nan
14,4,6,6-7-8-9,6,4,4,7.5,6.5,1.0,2,13,12,0.8571428571428571,PREREGISTERED_PRIMARY_ANALYSIS_COMPLETED,True,0.2,0.18899535598871856,0.11566471890659587,-0.28231368186874306,-0.11566471890659594,0.9866216728002578,False,False,False,False,,-1,nan
14,4,6,6-7-8-9,6,4,4,7.5,6.5,1.0,2,13,12,0.8571428571428571,PREREGISTERED_PRIMARY_ANALYSIS_COMPLETED,True,0.3,0.2834930339830778,0.2836941502909882,0.4197997775305895,-0.2836941502909882,0.9195176290906742,False,False,False,False,,-1,nan
14,4,6,6-7-8-9,6,4,4,7.5,6.5,1.0,2,13,12,0.8571428571428571,PREREGISTERED_PRIMARY_ANALYSIS_COMPLETED,True,0.4,0.3779907119774371,0.4302240650806071,0.5506117908787541,-0.43022406508060734,0.8149072538255174,False,False,False,False,,-1,nan
14,4,7,7-8-9-10,7,3,3,8.5,6.5,2.0,3,13,11,0.7857142857142857,PREREGISTERED_PRIMARY_ANALYSIS_COMPLETED,True,0.05,0.04724883899717964,0.18913814462796025,-0.3477196885428253,-0.18913814462796025,0.9642267622466926,False,False,False,False,,-1,nan
14,4,7,7-8-9-10,7,3,3,8.5,6.5,2.0,3,13,11,0.7857142857142857,PREREGISTERED_PRIMARY_ANALYSIS_COMPLETED,True,0.1,0.09449767799435928,0.09803573372918872,-0.4896551724137932,-0.09803573372918875,0.9903889949121797,False,False,False,False,,-1,nan
14,4,7,7-8-9-10,7,3,3,8.5,6.5,2.0,3,13,11,0.7857142857142857,PREREGISTERED_PRIMARY_ANALYSIS_COMPLETED,True,0.2,0.18899535598871856,0.11593683376317815,-0.28231368186874306,-0.11593683376317825,0.9865586505769692,False,False,False,False,,-1,nan
14,4,7,7-8-9-10,7,3,3,8.5,6.5,2.0,3,13,11,0.7857142857142857,PREREGISTERED_PRIMARY_ANALYSIS_COMPLETED,True,0.3,0.2834930339830778,0.28390432595891835,0.4197997775305895,-0.2839043259589182,0.9193983337018123,False,False,False,False,,-1,nan
14,4,7,7-8-9-10,7,3,3,8.5,6.5,2.0,3,13,11,0.7857142857142857,PREREGISTERED_PRIMARY_ANALYSIS_COMPLETED,True,0.4,0.3779907119774371,0.4303888023564784,0.5506117908787541,-0.4303888023564784,0.8147654788061564,False,False,False,False,,-1,nan
14,4,8,8-9-10-11,8,2,2,9.5,6.5,3.0,4,13,10,0.7142857142857143,PREREGISTERED_PRIMARY_ANALYSIS_COMPLETED,True,0.05,0.04724883899717964,0.4054289036589047,-0.22313681868743046,-0.4054289036589048,0.8356274040779381,False,False,False,False,,-1,nan
14,4,8,8-9-10-11,8,2,2,9.5,6.5,3.0,4,13,10,0.7142857142857143,PREREGISTERED_PRIMARY_ANALYSIS_COMPLETED,True,0.1,0.09449767799435928,0.22335300153565046,-0.5092324805339266,-0.22335300153565033,0.9501134367050157,False,False,False,False,,-1,nan
14,4,8,8-9-10-11,8,2,2,9.5,6.5,3.0,4,13,10,0.7142857142857143,PREREGISTERED_PRIMARY_ANALYSIS_COMPLETED,True,0.2,0.18899535598871856,0.16412857220324673,0.08120133481646273,-0.16412857220324673,0.9730618117865236,False,False,False,False,,-1,nan
14,4,8,8-9-10-11,8,2,2,9.5,6.5,3.0,4,13,10,0.7142857142857143,PREREGISTERED_PRIMARY_ANALYSIS_COMPLETED,True,0.3,0.2834930339830778,0.26618761038775696,0.35839822024471635,-0.266187610387757,0.9291441560760556,False,False,False,False,,-1,nan
14,4,8,8-9-10-11,8,2,2,9.5,6.5,3.0,4,13,10,0.7142857142857143,PREREGISTERED_PRIMARY_ANALYSIS_COMPLETED,True,0.4,0.3779907119774371,0.38374616686912805,0.46785317018909905,-0.383746166869128,0.8527388794132514,False,False,False,False,,-1,nan
14,4,9,9-10-11-12,9,1,1,10.5,6.5,4.0,5,13,9,0.6428571428571429,PREREGISTERED_PRIMARY_ANALYSIS_COMPLETED,True,0.05,0.04724883899717964,-0.9930864103295114,-0.9555061179087875,0.9930864103295113,0.013779381618844852,True,True,True,True,,-1,nan
14,4,9,9-10-11-12,9,1,1,10.5,6.5,4.0,5,13,9,0.6428571428571429,PREREGISTERED_PRIMARY_ANALYSIS_COMPLETED,True,0.1,0.09449767799435928,-0.9848722855291403,-0.9515016685205783,0.9848722855291404,0.030026581196607238,True,True,True,True,,-1,nan
14,4,9,9-10-11-12,9,1,1,10.5,6.5,4.0,5,13,9,0.6428571428571429,PREREGISTERED_PRIMARY_ANALYSIS_COMPLETED,True,0.2,0.18899535598871856,-0.9679628027347381,-0.9724137931034482,0.9679628027347383,0.06304801252190997,True,True,True,True,,-1,nan
14,4,9,9-10-11-12,9,1,1,10.5,6.5,4.0,5,13,9,0.6428571428571429,PREREGISTERED_PRIMARY_ANALYSIS_COMPLETED,True,0.3,0.2834930339830778,-0.95612111122478,-0.9853170189098998,0.9561211112247804,0.08583242067029098,True,True,True,True,,-1,nan
14,4,9,9-10-11-12,9,1,1,10.5,6.5,4.0,5,13,9,0.6428571428571429,PREREGISTERED_PRIMARY_ANALYSIS_COMPLETED,True,0.4,0.3779907119774371,-0.9520948905500802,-0.9483870967741934,0.9520948905500809,0.09351531938842957,True,True,True,True,,-1,nan
14,4,10,10-11-12-13,10,0,0,11.5,6.5,5.0,6,13,8,0.5714285714285714,PREREGISTERED_PRIMARY_ANALYSIS_COMPLETED,True,0.05,0.04724883899717964,-0.9644347256200394,-0.6649610678531702,0.9644347256200392,0.06986566001819956,True,True,True,True,,-1,nan
14,4,10,10-11-12-13,10,0,0,11.5,6.5,5.0,6,13,8,0.5714285714285714,PREREGISTERED_PRIMARY_ANALYSIS_COMPLETED,True,0.1,0.09449767799435928,-0.9707850519643726,-0.6756395995550611,0.9707850519643727,0.05757638288253025,True,True,True,True,,-1,nan
14,4,10,10-11-12-13,10,0,0,11.5,6.5,5.0,6,13,8,0.5714285714285714,PREREGISTERED_PRIMARY_ANALYSIS_COMPLETED,True,0.2,0.18899535598871856,-0.9849390481841176,-0.8812013348164627,0.9849390481841174,0.029895071362164547,True,True,True,True,,-1,nan
14,4,10,10-11-12-13,10,0,0,11.5,6.5,5.0,6,13,8,0.5714285714285714,PREREGISTERED_PRIMARY_ANALYSIS_COMPLETED,True,0.3,0.2834930339830778,-0.9890356974238343,-0.9817575083426029,0.9890356974238341,0.02180838922134941,True,True,True,True,,-1,nan
14,4,10,10-11-12-13,10,0,0,11.5,6.5,5.0,6,13,8,0.5714285714285714,PREREGISTERED_PRIMARY_ANALYSIS_COMPLETED,True,0.4,0.3779907119774371,-0.9910038506682,-0.9092324805339266,0.9910038506681992,0.017911367960801304,True,True,True,True,,-1,nan
14,5,0,0-1-2-3,0,10,0,1.5,6.5,5.0,0,8,9,0.6428571428571429,PREREGISTERED_PRIMARY_ANALYSIS_COMPLETED,True,0.05,0.04724883899717964,0.9717109946955338,-0.2413793103448276,-0.9717109946955336,0.05577774278781604,False,False,True,False,,-1,nan
14,5,0,0-1-2-3,0,10,0,1.5,6.5,5.0,0,8,9,0.6428571428571429,PREREGISTERED_PRIMARY_ANALYSIS_COMPLETED,True,0.1,0.09449767799435928,0.8832268952457721,-0.27608453837597335,-0.883226895245772,0.2199102515145137,False,False,False,False,,-1,nan
14,5,0,0-1-2-3,0,10,0,1.5,6.5,5.0,0,8,9,0.6428571428571429,PREREGISTERED_PRIMARY_ANALYSIS_COMPLETED,True,0.2,0.18899535598871856,0.6850474966148313,-0.12747497219132367,-0.6850474966148314,0.5307099273817526,False,False,False,False,,-1,nan
14,5,0,0-1-2-3,0,10,0,1.5,6.5,5.0,0,8,9,0.6428571428571429,PREREGISTERED_PRIMARY_ANALYSIS_COMPLETED,True,0.3,0.2834930339830778,0.612892447108077,0.09410456062291435,-0.612892447108077,0.6243628482778731,False,False,False,False,,-1,nan
14,5,0,0-1-2-3,0,10,0,1.5,6.5,5.0,0,8,9,0.6428571428571429,PREREGISTERED_PRIMARY_ANALYSIS_COMPLETED,True,0.4,0.3779907119774371,0.6274782307654088,0.40155728587319245,-0.6274782307654092,0.6062710699155118,False,False,False,False,,-1,nan
14,5,1,1-2-3-4,1,9,1,2.5,6.5,4.0,0,9,10,0.7142857142857143,PREREGISTERED_PRIMARY_ANALYSIS_COMPLETED,True,0.05,0.04724883899717964,0.9741479181808319,-0.20934371523915463,-0.9741479181808315,0.05103583350395224,False,False,True,False,,-1,nan
14,5,1,1-2-3-4,1,9,1,2.5,6.5,4.0,0,9,10,0.7142857142857143,PREREGISTERED_PRIMARY_ANALYSIS_COMPLETED,True,0.1,0.09449767799435928,0.8953748958193367,-0.24048943270300333,-0.8953748958193365,0.19830379593651232,False,False,True,False,,-1,nan
14,5,1,1-2-3-4,1,9,1,2.5,6.5,4.0,0,9,10,0.7142857142857143,PREREGISTERED_PRIMARY_ANALYSIS_COMPLETED,True,0.2,0.18899535598871856,0.714976854677384,-0.05761957730812013,-0.714976854677384,0.4888080972756353,False,False,False,False,,-1,nan
14,5,1,1-2-3-4,1,9,1,2.5,6.5,4.0,0,9,10,0.7142857142857143,PREREGISTERED_PRIMARY_ANALYSIS_COMPLETED,True,0.3,0.2834930339830778,0.6417750975712844,0.1768631813125695,-0.6417750975712844,0.5881247241373684,False,False,False,False,,-1,nan
14,5,1,1-2-3-4,1,9,1,2.5,6.5,4.0,0,9,10,0.7142857142857143,PREREGISTERED_PRIMARY_ANALYSIS_COMPLETED,True,0.4,0.3779907119774371,0.649880675915824,0.48031145717463847,-0.6498806759158238,0.5776551070711923,False,False,False,False,,-1,nan
14,5,2,2-3-4-5,2,8,2,3.5,6.5,3.0,0,10,11,0.7857142857142857,PREREGISTERED_PRIMARY_ANALYSIS_COMPLETED,True,0.05,0.04724883899717964,0.8861493658226608,-0.3864293659621802,-0.8861493658226611,0.2147393014520956,False,False,False,False,,-1,nan
14,5,2,2-3-4-5,2,8,2,3.5,6.5,3.0,0,10,11,0.7857142857142857,PREREGISTERED_PRIMARY_ANALYSIS_COMPLETED,True,0.1,0.09449767799435928,0.7319819002093597,-0.28142380422691876,-0.7319819002093594,0.46420249776589495,False,False,False,False,,-1,nan
14,5,2,2-3-4-5,2,8,2,3.5,6.5,3.0,0,10,11,0.7857142857142857,PREREGISTERED_PRIMARY_ANALYSIS_COMPLETED,True,0.2,0.18899535598871856,0.5761226622821096,0.1870967741935484,-0.5761226622821096,0.6680826780049745,False,False,False,False,,-1,nan
14,5,2,2-3-4-5,2,8,2,3.5,6.5,3.0,0,10,11,0.7857142857142857,PREREGISTERED_PRIMARY_ANALYSIS_COMPLETED,True,0.3,0.2834930339830778,0.5096425361070424,0.14616240266963293,-0.5096425361070422,0.7402644853903821,False,False,False,False,,-1,nan
14,5,2,2-3-4-5,2,8,2,3.5,6.5,3.0,0,10,11,0.7857142857142857,PREREGISTERED_PRIMARY_ANALYSIS_COMPLETED,True,0.4,0.3779907119774371,0.4993136211342135,0.14705228031145717,-0.4993136211342134,0.750685907749839,False,False,False,False,,-1,nan
14,5,3,3-4-5-6,3,7,3,4.5,6.5,2.0,0,11,12,0.8571428571428571,PREREGISTERED_PRIMARY_ANALYSIS_COMPLETED,True,0.05,0.04724883899717964,-0.45967038866044835,-0.6480533926585095,0.45967038866044796,0.7887031337887528,True,False,False,False,,-1,nan
14,5,3,3-4-5-6,3,7,3,4.5,6.5,2.0,0,11,12,0.8571428571428571,PREREGISTERED_PRIMARY_ANALYSIS_COMPLETED,True,0.1,0.09449767799435928,-0.3349853722595584,-0.7299221357063403,0.33498537225955843,0.887784800372125,True,False,False,False,,-1,nan
14,5,3,3-4-5-6,3,7,3,4.5,6.5,2.0,0,11,12,0.8571428571428571,PREREGISTERED_PRIMARY_ANALYSIS_COMPLETED,True,0.2,0.18899535598871856,0.07367925232822489,-0.21245828698553948,-0.07367925232822486,0.9945713677763535,False,False,False,False,,-1,nan
14,5,3,3-4-5-6,3,7,3,4.5,6.5,2.0,0,11,12,0.8571428571428571,PREREGISTERED_PRIMARY_ANALYSIS_COMPLETED,True,0.3,0.2834930339830778,0.39367673900534844,0.5550611790878754,-0.39367673900534844,0.8450186251661147,False,False,False,False,,-1,nan
14,5,3,3-4-5-6,3,7,3,4.5,6.5,2.0,0,11,12,0.8571428571428571,PREREGISTERED_PRIMARY_ANALYSIS_COMPLETED,True,0.4,0.3779907119774371,0.5469307925464939,0.6387096774193549,-0.5469307925464937,0.7008667081644642,False,False,False,False,,-1,nan
14,5,4,4-5-6-7,4,6,4,5.5,6.5,1.0,0,12,13,0.9285714285714286,PREREGISTERED_PRIMARY_ANALYSIS_COMPLETED,True,0.05,0.04724883899717964,-0.447207203557673,-0.6462736373748609,0.4472072035576728,0.8000057170861262,True,False,False,False,,-1,nan
14,5,4,4-5-6-7,4,6,4,5.5,6.5,1.0,0,12,13,0.9285714285714286,PREREGISTERED_PRIMARY_ANALYSIS_COMPLETED,True,0.1,0.09449767799435928,-0.32863054141056336,-0.7268075639599554,0.32863054141056336,0.8920019672521996,True,False,False,False,,-1,nan
14,5,4,4-5-6-7,4,6,4,5.5,6.5,1.0,0,12,13,0.9285714285714286,PREREGISTERED_PRIMARY_ANALYSIS_COMPLETED,True,0.2,0.18899535598871856,0.07209626891308048,-0.21245828698553948,-0.0720962689130805,0.9948021280088127,False,False,False,False,,-1,nan
14,5,4,4-5-6-7,4,6,4,5.5,6.5,1.0,0,12,13,0.9285714285714286,PREREGISTERED_PRIMARY_ANALYSIS_COMPLETED,True,0.3,0.2834930339830778,0.3883977462066499,0.5470522803114571,-0.38839774620664974,0.8491471907415952,False,False,False,False,,-1,nan
14,5,4,4-5-6-7,4,6,4,5.5,6.5,1.0,0,12,13,0.9285714285714286,PREREGISTERED_PRIMARY_ANALYSIS_COMPLETED,True,0.4,0.3779907119774371,0.5415028016097518,0.6387096774193549,-0.541502801609752,0.7067747158487898,False,False,False,False,,-1,nan
14,5,5,5-6-7-8,5,5,5,6.5,6.5,0.0,0,13,14,1.0,PREREGISTERED_PRIMARY_ANALYSIS_COMPLETED,True,0.05,0.04724883899717964,-0.44718587209505456,-0.6462736373748609,0.4471858720950548,0.8000247957985853,True,False,False,False,,-1,nan
14,5,5,5-6-7-8,5,5,5,6.5,6.5,0.0,0,13,14,1.0,PREREGISTERED_PRIMARY_ANALYSIS_COMPLETED,True,0.1,0.09449767799435928,-0.3286493613566596,-0.7268075639599554,0.32864936135665973,0.8919895972798596,True,False,False,False,,-1,nan
14,5,5,5-6-7-8,5,5,5,6.5,6.5,0.0,0,13,14,1.0,PREREGISTERED_PRIMARY_ANALYSIS_COMPLETED,True,0.2,0.18899535598871856,0.07205048696976513,-0.21245828698553948,-0.07205048696976511,0.99480872732742,False,False,False,False,,-1,nan
14,5,5,5-6-7-8,5,5,5,6.5,6.5,0.0,0,13,14,1.0,PREREGISTERED_PRIMARY_ANALYSIS_COMPLETED,True,0.3,0.2834930339830778,0.38839875383824823,0.5470522803114571,-0.38839875383824807,0.8491464080168959,False,False,False,False,,-1,nan
14,5,5,5-6-7-8,5,5,5,6.5,6.5,0.0,0,13,14,1.0,PREREGISTERED_PRIMARY_ANALYSIS_COMPLETED,True,0.4,0.3779907119774371,0.5415124776584362,0.6387096774193549,-0.5415124776584362,0.7067642365402215,False,False,False,False,,-1,nan
14,5,6,6-7-8-9,6,4,4,7.5,6.5,1.0,1,13,13,0.9285714285714286,PREREGISTERED_PRIMARY_ANALYSIS_COMPLETED,True,0.05,0.04724883899717964,-0.4472072035800647,-0.6462736373748609,0.44720720358006466,0.8000057170660985,True,False,False,False,,-1,nan
14,5,6,6-7-8-9,6,4,4,7.5,6.5,1.0,1,13,13,0.9285714285714286,PREREGISTERED_PRIMARY_ANALYSIS_COMPLETED,True,0.1,0.09449767799435928,-0.3286305414216743,-0.7268075639599554,0.32863054142167447,0.8920019672448971,True,False,False,False,,-1,nan
14,5,6,6-7-8-9,6,4,4,7.5,6.5,1.0,1,13,13,0.9285714285714286,PREREGISTERED_PRIMARY_ANALYSIS_COMPLETED,True,0.2,0.18899535598871856,0.07209626891739267,-0.21245828698553948,-0.07209626891739265,0.9948021280081912,False,False,False,False,,-1,nan
14,5,6,6-7-8-9,6,4,4,7.5,6.5,1.0,1,13,13,0.9285714285714286,PREREGISTERED_PRIMARY_ANALYSIS_COMPLETED,True,0.3,0.2834930339830778,0.38839774621497863,0.5470522803114571,-0.3883977462149784,0.849147190735125,False,False,False,False,,-1,nan
14,5,6,6-7-8-9,6,4,4,7.5,6.5,1.0,1,13,13,0.9285714285714286,PREREGISTERED_PRIMARY_ANALYSIS_COMPLETED,True,0.4,0.3779907119774371,0.5415028016179722,0.6387096774193549,-0.5415028016179718,0.7067747158398874,False,False,False,False,,-1,nan
14,5,7,7-8-9-10,7,3,3,8.5,6.5,2.0,2,13,12,0.8571428571428571,PREREGISTERED_PRIMARY_ANALYSIS_COMPLETED,True,0.05,0.04724883899717964,-0.45967038848247826,-0.6480533926585095,0.4596703884824781,0.7887031339523677,True,False,False,False,,-1,nan
14,5,7,7-8-9-10,7,3,3,8.5,6.5,2.0,2,13,12,0.8571428571428571,PREREGISTERED_PRIMARY_ANALYSIS_COMPLETED,True,0.1,0.09449767799435928,-0.3349853721985464,-0.7299221357063403,0.3349853721985464,0.8877848004130015,True,False,False,False,,-1,nan
14,5,7,7-8-9-10,7,3,3,8.5,6.5,2.0,2,13,12,0.8571428571428571,PREREGISTERED_PRIMARY_ANALYSIS_COMPLETED,True,0.2,0.18899535598871856,0.07367925230948567,-0.21245828698553948,-0.07367925230948569,0.9945713677791154,False,False,False,False,,-1,nan
14,5,7,7-8-9-10,7,3,3,8.5,6.5,2.0,2,13,12,0.8571428571428571,PREREGISTERED_PRIMARY_ANALYSIS_COMPLETED,True,0.3,0.2834930339830778,0.393676738969432,0.5550611790878754,-0.39367673896943195,0.8450186251943937,False,False,False,False,,-1,nan
14,5,7,7-8-9-10,7,3,3,8.5,6.5,2.0,2,13,12,0.8571428571428571,PREREGISTERED_PRIMARY_ANALYSIS_COMPLETED,True,0.4,0.3779907119774371,0.54693079251101,0.6387096774193549,-0.5469307925110103,0.7008667082032782,False,False,False,False,,-1,nan
14,5,8,8-9-10-11,8,2,2,9.5,6.5,3.0,3,13,11,0.7857142857142857,PREREGISTERED_PRIMARY_ANALYSIS_COMPLETED,True,0.05,0.04724883899717964,0.886149365826768,-0.3864293659621802,-0.8861493658267675,0.2147393014448173,False,False,False,False,,-1,nan
14,5,8,8-9-10-11,8,2,2,9.5,6.5,3.0,3,13,11,0.7857142857142857,PREREGISTERED_PRIMARY_ANALYSIS_COMPLETED,True,0.1,0.09449767799435928,0.731981900216542,-0.28142380422691876,-0.7319819002165421,0.4642024977553805,False,False,False,False,,-1,nan
14,5,8,8-9-10-11,8,2,2,9.5,6.5,3.0,3,13,11,0.7857142857142857,PREREGISTERED_PRIMARY_ANALYSIS_COMPLETED,True,0.2,0.18899535598871856,0.5761226622892778,0.1870967741935484,-0.5761226622892776,0.6680826779967148,False,False,False,False,,-1,nan
14,5,8,8-9-10-11,8,2,2,9.5,6.5,3.0,3,13,11,0.7857142857142857,PREREGISTERED_PRIMARY_ANALYSIS_COMPLETED,True,0.3,0.2834930339830778,0.5096425361130481,0.14616240266963293,-0.5096425361130479,0.7402644853842607,False,False,False,False,,-1,nan
14,5,8,8-9-10-11,8,2,2,9.5,6.5,3.0,3,13,11,0.7857142857142857,PREREGISTERED_PRIMARY_ANALYSIS_COMPLETED,True,0.4,0.3779907119774371,0.49931362113879624,0.14705228031145717,-0.499313621138796,0.7506859077452628,False,False,False,False,,-1,nan
14,5,9,9-10-11-12,9,1,1,10.5,6.5,4.0,4,13,10,0.7142857142857143,PREREGISTERED_PRIMARY_ANALYSIS_COMPLETED,True,0.05,0.04724883899717964,0.9741479181870206,-0.20934371523915463,-0.9741479181870211,0.051035833491893154,False,False,True,False,,-1,nan
14,5,9,9-10-11-12,9,1,1,10.5,6.5,4.0,4,13,10,0.7142857142857143,PREREGISTERED_PRIMARY_ANALYSIS_COMPLETED,True,0.1,0.09449767799435928,0.8953748958232652,-0.24048943270300333,-0.8953748958232655,0.1983037959294766,False,False,True,False,,-1,nan
14,5,9,9-10-11-12,9,1,1,10.5,6.5,4.0,4,13,10,0.7142857142857143,PREREGISTERED_PRIMARY_ANALYSIS_COMPLETED,True,0.2,0.18899535598871856,0.7149768546787375,-0.05761957730812013,-0.7149768546787377,0.48880809727369945,False,False,False,False,,-1,nan
14,5,9,9-10-11-12,9,1,1,10.5,6.5,4.0,4,13,10,0.7142857142857143,PREREGISTERED_PRIMARY_ANALYSIS_COMPLETED,True,0.3,0.2834930339830778,0.6417750975718282,0.1768631813125695,-0.641775097571828,0.5881247241366703,False,False,False,False,,-1,nan
14,5,9,9-10-11-12,9,1,1,10.5,6.5,4.0,4,13,10,0.7142857142857143,PREREGISTERED_PRIMARY_ANALYSIS_COMPLETED,True,0.4,0.3779907119774371,0.6498806759160993,0.48031145717463847,-0.6498806759160991,0.5776551070708341,False,False,False,False,,-1,nan
14,5,10,10-11-12-13,10,0,0,11.5,6.5,5.0,5,13,9,0.6428571428571429,PREREGISTERED_PRIMARY_ANALYSIS_COMPLETED,True,0.05,0.04724883899717964,0.971710994688028,-0.2413793103448276,-0.9717109946880278,0.05577774280240353,False,False,True,False,,-1,nan
14,5,10,10-11-12-13,10,0,0,11.5,6.5,5.0,5,13,9,0.6428571428571429,PREREGISTERED_PRIMARY_ANALYSIS_COMPLETED,True,0.1,0.09449767799435928,0.8832268952445443,-0.27608453837597335,-0.8832268952445441,0.21991025151668311,False,False,False,False,,-1,nan
14,5,10,10-11-12-13,10,0,0,11.5,6.5,5.0,5,13,9,0.6428571428571429,PREREGISTERED_PRIMARY_ANALYSIS_COMPLETED,True,0.2,0.18899535598871856,0.685047496616885,-0.12747497219132367,-0.6850474966168852,0.5307099273789387,False,False,False,False,,-1,nan
14,5,10,10-11-12-13,10,0,0,11.5,6.5,5.0,5,13,9,0.6428571428571429,PREREGISTERED_PRIMARY_ANALYSIS_COMPLETED,True,0.3,0.2834930339830778,0.6128924471098306,0.09410456062291435,-0.6128924471098309,0.6243628482757234,False,False,False,False,,-1,nan
14,5,10,10-11-12-13,10,0,0,11.5,6.5,5.0,5,13,9,0.6428571428571429,PREREGISTERED_PRIMARY_ANALYSIS_COMPLETED,True,0.4,0.3779907119774371,0.6274782307668693,0.40155728587319245,-0.6274782307668691,0.60627106991368,False,False,False,False,,-1,nan
14,6,0,0-1-2-3,0,10,0,1.5,6.5,5.0,0,9,10,0.7142857142857143,PREREGISTERED_PRIMARY_ANALYSIS_COMPLETED,True,0.05,0.04724883899717964,-0.9925486404534004,-0.9835372636262512,0.9925486404534003,0.01484719633410672,True,True,True,True,,-1,nan
14,6,0,0-1-2-3,0,10,0,1.5,6.5,5.0,0,9,10,0.7142857142857143,PREREGISTERED_PRIMARY_ANALYSIS_COMPLETED,True,0.1,0.09449767799435928,-0.9814036850946218,-0.9870967741935484,0.9814036850946213,0.03684680688269695,True,True,True,True,,-1,nan
14,6,0,0-1-2-3,0,10,0,1.5,6.5,5.0,0,9,10,0.7142857142857143,PREREGISTERED_PRIMARY_ANALYSIS_COMPLETED,True,0.2,0.18899535598871856,-0.9804103192477743,-0.9835372636262512,0.9804103192477744,0.03879560591247724,True,True,True,True,,-1,nan
14,6,0,0-1-2-3,0,10,0,1.5,6.5,5.0,0,9,10,0.7142857142857143,PREREGISTERED_PRIMARY_ANALYSIS_COMPLETED,True,0.3,0.2834930339830778,-0.9869333126394046,-0.9426028921023359,0.986933312639405,0.02596263640261096,True,True,True,True,,-1,nan
14,6,0,0-1-2-3,0,10,0,1.5,6.5,5.0,0,9,10,0.7142857142857143,PREREGISTERED_PRIMARY_ANALYSIS_COMPLETED,True,0.4,0.3779907119774371,-0.990259941900612,-0.9942157953281423,0.9902599419006114,0.019385247466996998,True,True,True,True,,-1,nan
14,6,1,1-2-3-4,1,9,1,2.5,6.5,4.0,0,10,11,0.7857142857142857,PREREGISTERED_PRIMARY_ANALYSIS_COMPLETED,True,0.05,0.04724883899717964,-0.7550566705475128,-0.9661846496106785,0.7550566705475127,0.429889424261705,True,False,False,False,,-1,nan
14,6,1,1-2-3-4,1,9,1,2.5,6.5,4.0,0,10,11,0.7857142857142857,PREREGISTERED_PRIMARY_ANALYSIS_COMPLETED,True,0.1,0.09449767799435928,-0.6561654509945901,-0.9510567296996663,0.65616545099459,0.5694469009210662,True,False,False,False,,-1,nan
14,6,1,1-2-3-4,1,9,1,2.5,6.5,4.0,0,10,11,0.7857142857142857,PREREGISTERED_PRIMARY_ANALYSIS_COMPLETED,True,0.2,0.18899535598871856,-0.7316990646170057,-0.8949944382647386,0.7316990646170057,0.46461647883859897,True,False,False,False,,-1,nan
14,6,1,1-2-3-4,1,9,1,2.5,6.5,4.0,0,10,11,0.7857142857142857,PREREGISTERED_PRIMARY_ANALYSIS_COMPLETED,True,0.3,0.2834930339830778,-0.7878306561801037,-0.6413793103448275,0.7878306561801036,0.3793228571828273,True,False,False,False,,-1,nan
14,6,1,1-2-3-4,1,9,1,2.5,6.5,4.0,0,10,11,0.7857142857142857,PREREGISTERED_PRIMARY_ANALYSIS_COMPLETED,True,0.4,0.3779907119774371,-0.8170162142514442,-0.517686318131257,0.8170162142514447,0.3324845056502377,True,True,False,False,,-1,nan
14,6,2,2-3-4-5,2,8,2,3.5,6.5,3.0,0,11,12,0.8571428571428571,PREREGISTERED_PRIMARY_ANALYSIS_COMPLETED,True,0.05,0.04724883899717964,-0.9457300034383385,-0.9314794215795328,0.945730003438338,0.10559476059652176,True,True,True,True,,-1,nan
14,6,2,2-3-4-5,2,8,2,3.5,6.5,3.0,0,11,12,0.8571428571428571,PREREGISTERED_PRIMARY_ANALYSIS_COMPLETED,True,0.1,0.09449767799435928,-0.8942102095887764,-0.9310344827586206,0.8942102095887767,0.20038810106719582,True,True,False,False,,-1,nan
14,6,2,2-3-4-5,2,8,2,3.5,6.5,3.0,0,11,12,0.8571428571428571,PREREGISTERED_PRIMARY_ANALYSIS_COMPLETED,True,0.2,0.18899535598871856,-0.8908859418798085,-0.9621802002224694,0.8908859418798089,0.2063222385609265,True,True,False,False,,-1,nan
14,6,2,2-3-4-5,2,8,2,3.5,6.5,3.0,0,11,12,0.8571428571428571,PREREGISTERED_PRIMARY_ANALYSIS_COMPLETED,True,0.3,0.2834930339830778,-0.9068867239020945,-0.7824249165739711,0.9068867239020947,0.17755647001012603,True,True,True,True,,-1,nan
14,6,2,2-3-4-5,2,8,2,3.5,6.5,3.0,0,11,12,0.8571428571428571,PREREGISTERED_PRIMARY_ANALYSIS_COMPLETED,True,0.4,0.3779907119774371,-0.9195891326005066,-0.5915461624026696,0.9195891326005066,0.15435582720304852,True,True,True,True,,-1,nan
14,6,3,3-4-5-6,3,7,3,4.5,6.5,2.0,0,12,13,0.9285714285714286,PREREGISTERED_PRIMARY_ANALYSIS_COMPLETED,True,0.05,0.04724883899717964,-0.929716582317366,-0.8020022246941045,0.929716582317366,0.13562707656411613,True,True,True,True,,-1,nan
14,6,3,3-4-5-6,3,7,3,4.5,6.5,2.0,0,12,13,0.9285714285714286,PREREGISTERED_PRIMARY_ANALYSIS_COMPLETED,True,0.1,0.09449767799435928,-0.8291971029952809,-0.8184649610678532,0.8291971029952806,0.3124321643842336,True,True,False,False,,-1,nan
14,6,3,3-4-5-6,3,7,3,4.5,6.5,2.0,0,12,13,0.9285714285714286,PREREGISTERED_PRIMARY_ANALYSIS_COMPLETED,True,0.2,0.18899535598871856,-0.6041865770952521,-0.4251390433815351,0.604186577095252,0.6349585800579229,True,False,False,False,,-1,nan
14,6,3,3-4-5-6,3,7,3,4.5,6.5,2.0,0,12,13,0.9285714285714286,PREREGISTERED_PRIMARY_ANALYSIS_COMPLETED,True,0.3,0.2834930339830778,-0.35717041888295636,-0.1568409343715239,0.35717041888295625,0.8724292918749734,True,False,False,False,,-1,nan
14,6,3,3-4-5-6,3,7,3,4.5,6.5,2.0,0,12,13,0.9285714285714286,PREREGISTERED_PRIMARY_ANALYSIS_COMPLETED,True,0.4,0.3779907119774371,-0.27146375408938306,-0.06651835372636263,0.27146375408938317,0.926307430215699,True,False,False,False,,-1,nan
14,6,4,4-5-6-7,4,6,4,5.5,6.5,1.0,0,13,14,1.0,PREREGISTERED_PRIMARY_ANALYSIS_COMPLETED,True,0.05,0.04724883899717964,-0.4286410986633942,-0.6311457174638487,0.4286410986633943,0.8162668085366385,True,False,False,False,,-1,nan
14,6,4,4-5-6-7,4,6,4,5.5,6.5,1.0,0,13,14,1.0,PREREGISTERED_PRIMARY_ANALYSIS_COMPLETED,True,0.1,0.09449767799435928,-0.3160909635333648,-0.714349276974416,0.31609096353336463,0.9000865027725491,True,False,False,False,,-1,nan
14,6,4,4-5-6-7,4,6,4,5.5,6.5,1.0,0,13,14,1.0,PREREGISTERED_PRIMARY_ANALYSIS_COMPLETED,True,0.2,0.18899535598871856,-0.10246947450222113,-0.2609566184649611,0.10246947450222113,0.9895000067952384,True,False,False,False,,-1,nan
14,6,4,4-5-6-7,4,6,4,5.5,6.5,1.0,0,13,14,1.0,PREREGISTERED_PRIMARY_ANALYSIS_COMPLETED,True,0.3,0.2834930339830778,0.28723419319078897,0.49855394883203563,-0.287234193190789,0.9174965182620364,False,False,False,False,,-1,nan
14,6,4,4-5-6-7,4,6,4,5.5,6.5,1.0,0,13,14,1.0,PREREGISTERED_PRIMARY_ANALYSIS_COMPLETED,True,0.4,0.3779907119774371,0.5081855761520965,0.7067853170189099,-0.5081855761520969,0.7417474201909616,False,False,False,False,,-1,nan
14,6,5,5-6-7-8,5,5,5,6.5,6.5,0.0,0,13,14,1.0,PREREGISTERED_PRIMARY_ANALYSIS_COMPLETED,True,0.05,0.04724883899717964,-0.42053878585550153,-0.6311457174638487,0.42053878585550136,0.8231471295911806,True,False,False,False,,-1,nan
14,6,5,5-6-7-8,5,5,5,6.5,6.5,0.0,0,13,14,1.0,PREREGISTERED_PRIMARY_ANALYSIS_COMPLETED,True,0.1,0.09449767799435928,-0.3107509676363825,-0.714349276974416,0.31075096763638244,0.9034338361130516,True,False,False,False,,-1,nan
14,6,5,5-6-7-8,5,5,5,6.5,6.5,0.0,0,13,14,1.0,PREREGISTERED_PRIMARY_ANALYSIS_COMPLETED,True,0.2,0.18899535598871856,-0.0996299347014547,-0.2489432703003337,0.09962993470145465,0.9900738761113838,True,False,False,False,,-1,nan
14,6,5,5-6-7-8,5,5,5,6.5,6.5,0.0,0,13,14,1.0,PREREGISTERED_PRIMARY_ANALYSIS_COMPLETED,True,0.3,0.2834930339830778,0.28709357153563236,0.49855394883203563,-0.2870935715356323,0.9175772811829148,False,False,False,False,,-1,nan
14,6,5,5-6-7-8,5,5,5,6.5,6.5,0.0,0,13,14,1.0,PREREGISTERED_PRIMARY_ANALYSIS_COMPLETED,True,0.4,0.3779907119774371,0.507209045762034,0.6992213570634038,-0.5072090457620342,0.742738983897167,False,False,False,False,,-1,nan
14,6,6,6-7-8-9,6,4,4,7.5,6.5,1.0,0,13,14,1.0,PREREGISTERED_PRIMARY_ANALYSIS_COMPLETED,True,0.05,0.04724883899717964,-0.42864109872375433,-0.6311457174638487,0.42864109872375417,0.8162668084848927,True,False,False,False,,-1,nan
14,6,6,6-7-8-9,6,4,4,7.5,6.5,1.0,0,13,14,1.0,PREREGISTERED_PRIMARY_ANALYSIS_COMPLETED,True,0.1,0.09449767799435928,-0.31609096356666333,-0.714349276974416,0.3160909635666632,0.9000865027514982,True,False,False,False,,-1,nan
14,6,6,6-7-8-9,6,4,4,7.5,6.5,1.0,0,13,14,1.0,PREREGISTERED_PRIMARY_ANALYSIS_COMPLETED,True,0.2,0.18899535598871856,-0.10246947450826627,-0.2609566184649611,0.10246947450826624,0.9895000067939997,True,False,False,False,,-1,nan
14,6,6,6-7-8-9,6,4,4,7.5,6.5,1.0,0,13,14,1.0,PREREGISTERED_PRIMARY_ANALYSIS_COMPLETED,True,0.3,0.2834930339830778,0.28723419320561816,0.49855394883203563,-0.28723419320561816,0.9174965182535176,False,False,False,False,,-1,nan
14,6,6,6-7-8-9,6,4,4,7.5,6.5,1.0,0,13,14,1.0,PREREGISTERED_PRIMARY_ANALYSIS_COMPLETED,True,0.4,0.3779907119774371,0.5081855761718275,0.7067853170189099,-0.5081855761718275,0.7417474201709076,False,False,False,False,,-1,nan
14,6,7,7-8-9-10,7,3,3,8.5,6.5,2.0,1,13,13,0.9285714285714286,PREREGISTERED_PRIMARY_ANALYSIS_COMPLETED,True,0.05,0.04724883899717964,-0.9297165820971178,-0.8020022246941045,0.9297165820971178,0.1356270769736535,True,True,True,True,,-1,nan
14,6,7,7-8-9-10,7,3,3,8.5,6.5,2.0,1,13,13,0.9285714285714286,PREREGISTERED_PRIMARY_ANALYSIS_COMPLETED,True,0.1,0.09449767799435928,-0.8291971027835784,-0.8184649610678532,0.8291971027835788,0.3124321647353189,True,True,False,False,,-1,nan
14,6,7,7-8-9-10,7,3,3,8.5,6.5,2.0,1,13,13,0.9285714285714286,PREREGISTERED_PRIMARY_ANALYSIS_COMPLETED,True,0.2,0.18899535598871856,-0.6041865769309785,-0.4251390433815351,0.6041865769309783,0.6349585802564267,True,False,False,False,,-1,nan
14,6,7,7-8-9-10,7,3,3,8.5,6.5,2.0,1,13,13,0.9285714285714286,PREREGISTERED_PRIMARY_ANALYSIS_COMPLETED,True,0.3,0.2834930339830778,-0.3571704187513566,-0.1568409343715239,0.35717041875135647,0.8724292919689807,True,False,False,False,,-1,nan
14,6,7,7-8-9-10,7,3,3,8.5,6.5,2.0,1,13,13,0.9285714285714286,PREREGISTERED_PRIMARY_ANALYSIS_COMPLETED,True,0.4,0.3779907119774371,-0.27146375395722133,-0.06651835372636263,0.27146375395722117,0.9263074302874534,True,False,False,False,,-1,nan
14,6,8,8-9-10-11,8,2,2,9.5,6.5,3.0,2,13,12,0.8571428571428571,PREREGISTERED_PRIMARY_ANALYSIS_COMPLETED,True,0.05,0.04724883899717964,-0.9457300034375713,-0.9314794215795328,0.9457300034375716,0.10559476059797028,True,True,True,True,,-1,nan
14,6,8,8-9-10-11,8,2,2,9.5,6.5,3.0,2,13,12,0.8571428571428571,PREREGISTERED_PRIMARY_ANALYSIS_COMPLETED,True,0.1,0.09449767799435928,-0.8942102095868607,-0.9310344827586206,0.8942102095868607,0.20038810107062244,True,True,False,False,,-1,nan
14,6,8,8-9-10-11,8,2,2,9.5,6.5,3.0,2,13,12,0.8571428571428571,PREREGISTERED_PRIMARY_ANALYSIS_COMPLETED,True,0.2,0.18899535598871856,-0.8908859418792802,-0.9621802002224694,0.8908859418792803,0.20632223856186757,True,True,False,False,,-1,nan
14,6,8,8-9-10-11,8,2,2,9.5,6.5,3.0,2,13,12,0.8571428571428571,PREREGISTERED_PRIMARY_ANALYSIS_COMPLETED,True,0.3,0.2834930339830778,-0.9068867239018853,-0.7824249165739711,0.9068867239018855,0.17755647001050565,True,True,True,True,,-1,nan
14,6,8,8-9-10-11,8,2,2,9.5,6.5,3.0,2,13,12,0.8571428571428571,PREREGISTERED_PRIMARY_ANALYSIS_COMPLETED,True,0.4,0.3779907119774371,-0.9195891326003686,-0.5915461624026696,0.9195891326003687,0.1543558272033025,True,True,True,True,,-1,nan
14,6,9,9-10-11-12,9,1,1,10.5,6.5,4.0,3,13,11,0.7857142857142857,PREREGISTERED_PRIMARY_ANALYSIS_COMPLETED,True,0.05,0.04724883899717964,-0.7550566705325057,-0.9661846496106785,0.7550566705325058,0.4298894242843673,True,False,False,False,,-1,nan
14,6,9,9-10-11-12,9,1,1,10.5,6.5,4.0,3,13,11,0.7857142857142857,PREREGISTERED_PRIMARY_ANALYSIS_COMPLETED,True,0.1,0.09449767799435928,-0.6561654509835474,-0.9510567296996663,0.6561654509835473,0.5694469009355576,True,False,False,False,,-1,nan
14,6,9,9-10-11-12,9,1,1,10.5,6.5,4.0,3,13,11,0.7857142857142857,PREREGISTERED_PRIMARY_ANALYSIS_COMPLETED,True,0.2,0.18899535598871856,-0.7316990646116474,-0.8949944382647386,0.731699064611647,0.46461647884644053,True,False,False,False,,-1,nan
14,6,9,9-10-11-12,9,1,1,10.5,6.5,4.0,3,13,11,0.7857142857142857,PREREGISTERED_PRIMARY_ANALYSIS_COMPLETED,True,0.3,0.2834930339830778,-0.7878306561771196,-0.6413793103448275,0.7878306561771196,0.379322857187529,True,False,False,False,,-1,nan
14,6,9,9-10-11-12,9,1,1,10.5,6.5,4.0,3,13,11,0.7857142857142857,PREREGISTERED_PRIMARY_ANALYSIS_COMPLETED,True,0.4,0.3779907119774371,-0.8170162142493448,-0.517686318131257,0.8170162142493457,0.33248450565366855,True,True,False,False,,-1,nan
14,6,10,10-11-12-13,10,0,0,11.5,6.5,5.0,4,13,10,0.7142857142857143,PREREGISTERED_PRIMARY_ANALYSIS_COMPLETED,True,0.05,0.04724883899717964,-0.9925486404536283,-0.9835372636262512,0.9925486404536286,0.014847196333654273,True,True,True,True,,-1,nan
14,6,10,10-11-12-13,10,0,0,11.5,6.5,5.0,4,13,10,0.7142857142857143,PREREGISTERED_PRIMARY_ANALYSIS_COMPLETED,True,0.1,0.09449767799435928,-0.9814036850952284,-0.9870967741935484,0.9814036850952287,0.03684680688150495,True,True,True,True,,-1,nan
14,6,10,10-11-12-13,10,0,0,11.5,6.5,5.0,4,13,10,0.7142857142857143,PREREGISTERED_PRIMARY_ANALYSIS_COMPLETED,True,0.2,0.18899535598871856,-0.9804103192481816,-0.9835372636262512,0.9804103192481819,0.03879560591167846,True,True,True,True,,-1,nan
14,6,10,10-11-12-13,10,0,0,11.5,6.5,5.0,4,13,10,0.7142857142857143,PREREGISTERED_PRIMARY_ANALYSIS_COMPLETED,True,0.3,0.2834930339830778,-0.986933312639552,-0.9426028921023359,0.9869333126395523,0.025962636402320143,True,True,True,True,,-1,nan
14,6,10,10-11-12-13,10,0,0,11.5,6.5,5.0,4,13,10,0.7142857142857143,PREREGISTERED_PRIMARY_ANALYSIS_COMPLETED,True,0.4,0.3779907119774371,-0.9902599419006578,-0.9942157953281423,0.9902599419006575,0.01938524746690655,True,True,True,True,,-1,nan
14,7,0,0-1-2-3,0,10,0,1.5,6.5,5.0,0,10,11,0.7857142857142857,PREREGISTERED_PRIMARY_ANALYSIS_COMPLETED,True,0.05,0.04724883899717964,0.7496340705817603,-0.3828698553948832,-0.7496340705817602,0.4380487602230205,False,False,False,False,,-1,nan
14,7,0,0-1-2-3,0,10,0,1.5,6.5,5.0,0,10,11,0.7857142857142857,PREREGISTERED_PRIMARY_ANALYSIS_COMPLETED,True,0.1,0.09449767799435928,0.5777795024344369,-0.37263626251390436,-0.5777795024344372,0.6661708465666144,False,False,False,False,,-1,nan
14,7,0,0-1-2-3,0,10,0,1.5,6.5,5.0,0,10,11,0.7857142857142857,PREREGISTERED_PRIMARY_ANALYSIS_COMPLETED,True,0.2,0.18899535598871856,0.5443333287493359,0.13281423804226916,-0.5443333287493358,0.7037012272126674,False,False,False,False,,-1,nan
14,7,0,0-1-2-3,0,10,0,1.5,6.5,5.0,0,10,11,0.7857142857142857,PREREGISTERED_PRIMARY_ANALYSIS_COMPLETED,True,0.3,0.2834930339830778,0.6251513059229358,0.47541713014460507,-0.6251513059229358,0.609185844702848,False,False,False,False,,-1,nan
14,7,0,0-1-2-3,0,10,0,1.5,6.5,5.0,0,10,11,0.7857142857142857,PREREGISTERED_PRIMARY_ANALYSIS_COMPLETED,True,0.4,0.3779907119774371,0.700332050779081,0.611123470522803,-0.7003320507790813,0.5095350186515665,False,False,False,False,,-1,nan
14,7,1,1-2-3-4,1,9,1,2.5,6.5,4.0,0,11,12,0.8571428571428571,PREREGISTERED_PRIMARY_ANALYSIS_COMPLETED,True,0.05,0.04724883899717964,0.3746234892211896,-0.6382647385984427,-0.37462348922118965,0.8596572413237411,False,False,False,False,,-1,nan
14,7,1,1-2-3-4,1,9,1,2.5,6.5,4.0,0,11,12,0.8571428571428571,PREREGISTERED_PRIMARY_ANALYSIS_COMPLETED,True,0.1,0.09449767799435928,0.047841979994720125,-0.7397107897664071,-0.047841979994720105,0.9977111449501849,False,False,False,False,,-1,nan
14,7,1,1-2-3-4,1,9,1,2.5,6.5,4.0,0,11,12,0.8571428571428571,PREREGISTERED_PRIMARY_ANALYSIS_COMPLETED,True,0.2,0.18899535598871856,-0.38136494738546983,-0.7917686318131256,0.3813649473854698,0.8545607769056777,True,False,False,False,,-1,nan
14,7,1,1-2-3-4,1,9,1,2.5,6.5,4.0,0,11,12,0.8571428571428571,PREREGISTERED_PRIMARY_ANALYSIS_COMPLETED,True,0.3,0.2834930339830778,-0.5954652099034512,-0.3913236929922136,0.5954652099034514,0.6454211837946385,True,False,False,False,,-1,nan
14,7,1,1-2-3-4,1,9,1,2.5,6.5,4.0,0,11,12,0.8571428571428571,PREREGISTERED_PRIMARY_ANALYSIS_COMPLETED,True,0.4,0.3779907119774371,-0.6789243293727572,-0.26896551724137935,0.6789243293727568,0.5390617549857526,True,False,False,False,,-1,nan
14,7,2,2-3-4-5,2,8,2,3.5,6.5,3.0,0,12,13,0.9285714285714286,PREREGISTERED_PRIMARY_ANALYSIS_COMPLETED,True,0.05,0.04724883899717964,-0.6801771950717088,-0.9025583982202448,0.6801771950717087,0.5373589833043826,True,False,False,False,,-1,nan
14,7,2,2-3-4-5,2,8,2,3.5,6.5,3.0,0,12,13,0.9285714285714286,PREREGISTERED_PRIMARY_ANALYSIS_COMPLETED,True,0.1,0.09449767799435928,-0.5019386512984456,-0.8553948832035595,0.5019386512984457,0.7480575903326973,True,False,False,False,,-1,nan
14,7,2,2-3-4-5,2,8,2,3.5,6.5,3.0,0,12,13,0.9285714285714286,PREREGISTERED_PRIMARY_ANALYSIS_COMPLETED,True,0.2,0.18899535598871856,-0.612315583930064,-0.7806451612903226,0.612315583930064,0.6250696256763847,True,False,False,False,,-1,nan
14,7,2,2-3-4-5,2,8,2,3.5,6.5,3.0,0,12,13,0.9285714285714286,PREREGISTERED_PRIMARY_ANALYSIS_COMPLETED,True,0.3,0.2834930339830778,-0.7243809535711911,-0.6351501668520578,0.7243809535711913,0.4752722341032919,True,False,False,False,,-1,nan
14,7,2,2-3-4-5,2,8,2,3.5,6.5,3.0,0,12,13,0.9285714285714286,PREREGISTERED_PRIMARY_ANALYSIS_COMPLETED,True,0.4,0.3779907119774371,-0.767223851506293,-0.4776418242491657,0.7672238515062932,0.4113675616798495,True,False,False,False,,-1,nan
14,7,3,3-4-5-6,3,7,3,4.5,6.5,2.0,0,13,14,1.0,PREREGISTERED_PRIMARY_ANALYSIS_COMPLETED,True,0.05,0.04724883899717964,-0.5986313151947829,-0.9274749721913237,0.5986313151947831,0.6416405484681641,True,False,False,False,,-1,nan
14,7,3,3-4-5-6,3,7,3,4.5,6.5,2.0,0,13,14,1.0,PREREGISTERED_PRIMARY_ANALYSIS_COMPLETED,True,0.1,0.09449767799435928,-0.7539904688659116,-0.921245828698554,0.7539904688659119,0.43149837285936266,True,False,False,False,,-1,nan
14,7,3,3-4-5-6,3,7,3,4.5,6.5,2.0,0,13,14,1.0,PREREGISTERED_PRIMARY_ANALYSIS_COMPLETED,True,0.2,0.18899535598871856,-0.9318978408205317,-0.8144605116796441,0.9318978408205315,0.1315664142740311,True,True,True,True,,-1,nan
14,7,3,3-4-5-6,3,7,3,4.5,6.5,2.0,0,13,14,1.0,PREREGISTERED_PRIMARY_ANALYSIS_COMPLETED,True,0.3,0.2834930339830778,-0.9668080588841714,-0.7254727474972191,0.9668080588841717,0.06528217727662028,True,True,True,True,,-1,nan
14,7,3,3-4-5-6,3,7,3,4.5,6.5,2.0,0,13,14,1.0,PREREGISTERED_PRIMARY_ANALYSIS_COMPLETED,True,0.4,0.3779907119774371,-0.9760799051303359,-0.7833147942157953,0.9760799051303358,0.04726801880075484,True,True,True,True,,-1,nan
14,7,4,4-5-6-7,4,6,4,5.5,6.5,1.0,0,13,14,1.0,PREREGISTERED_PRIMARY_ANALYSIS_COMPLETED,True,0.05,0.04724883899717964,-0.9235873160291553,-0.7001112347052281,0.9235873160291556,0.14698646967006115,True,True,True,True,,-1,nan
14,7,4,4-5-6-7,4,6,4,5.5,6.5,1.0,0,13,14,1.0,PREREGISTERED_PRIMARY_ANALYSIS_COMPLETED,True,0.1,0.09449767799435928,-0.8341906391094852,-0.6791991101223581,0.8341906391094853,0.3041259776221086,True,True,False,False,,-1,nan
14,7,4,4-5-6-7,4,6,4,5.5,6.5,1.0,0,13,14,1.0,PREREGISTERED_PRIMARY_ANALYSIS_COMPLETED,True,0.2,0.18899535598871856,-0.5839818871146968,0.017130144605116793,0.583981887114697,0.6589651555219573,True,False,False,False,,-1,nan
14,7,4,4-5-6-7,4,6,4,5.5,6.5,1.0,0,13,14,1.0,PREREGISTERED_PRIMARY_ANALYSIS_COMPLETED,True,0.3,0.2834930339830778,-0.07459473400313896,0.4914349276974415,0.07459473400313893,0.9944356256590009,True,False,False,False,,-1,nan
14,7,4,4-5-6-7,4,6,4,5.5,6.5,1.0,0,13,14,1.0,PREREGISTERED_PRIMARY_ANALYSIS_COMPLETED,True,0.4,0.3779907119774371,0.2809708222331509,0.7499443826473859,-0.2809708222331508,0.9210553970536273,False,False,False,False,,-1,nan
14,7,5,5-6-7-8,5,5,5,6.5,6.5,0.0,0,13,14,1.0,PREREGISTERED_PRIMARY_ANALYSIS_COMPLETED,True,0.05,0.04724883899717964,-0.8763926458395334,-0.7370411568409344,0.8763926458395337,0.23193593031838222,True,True,False,False,,-1,nan
14,7,5,5-6-7-8,5,5,5,6.5,6.5,0.0,0,13,14,1.0,PREREGISTERED_PRIMARY_ANALYSIS_COMPLETED,True,0.1,0.09449767799435928,-0.7446884179648934,-0.7437152391546161,0.744688417964893,0.44543916014894486,True,False,False,False,,-1,nan
14,7,5,5-6-7-8,5,5,5,6.5,6.5,0.0,0,13,14,1.0,PREREGISTERED_PRIMARY_ANALYSIS_COMPLETED,True,0.2,0.18899535598871856,-0.45735875372440454,-0.064293659621802,0.45735875372440477,0.7908229703916593,True,False,False,False,,-1,nan
14,7,5,5-6-7-8,5,5,5,6.5,6.5,0.0,0,13,14,1.0,PREREGISTERED_PRIMARY_ANALYSIS_COMPLETED,True,0.3,0.2834930339830778,0.05093093128913518,0.43893214682981085,-0.05093093128913519,0.9974060402380215,False,False,False,False,,-1,nan
14,7,5,5-6-7-8,5,5,5,6.5,6.5,0.0,0,13,14,1.0,PREREGISTERED_PRIMARY_ANALYSIS_COMPLETED,True,0.4,0.3779907119774371,0.38000455130021105,0.7802002224694105,-0.380004551300211,0.8555965409911251,False,False,False,False,,-1,nan
14,7,6,6-7-8-9,6,4,4,7.5,6.5,1.0,0,13,14,1.0,PREREGISTERED_PRIMARY_ANALYSIS_COMPLETED,True,0.05,0.04724883899717964,-0.9235873149182708,-0.7001112347052281,0.9235873149182711,0.1469864717220585,True,True,True,True,,-1,nan
14,7,6,6-7-8-9,6,4,4,7.5,6.5,1.0,0,13,14,1.0,PREREGISTERED_PRIMARY_ANALYSIS_COMPLETED,True,0.1,0.09449767799435928,-0.8341906381352425,-0.6791991101223581,0.834190638135243,0.30412597924751616,True,True,False,False,,-1,nan
14,7,6,6-7-8-9,6,4,4,7.5,6.5,1.0,0,13,14,1.0,PREREGISTERED_PRIMARY_ANALYSIS_COMPLETED,True,0.2,0.18899535598871856,-0.583981886658434,0.017130144605116793,0.5839818866584342,0.6589651560548557,True,False,False,False,,-1,nan
14,7,6,6-7-8-9,6,4,4,7.5,6.5,1.0,0,13,14,1.0,PREREGISTERED_PRIMARY_ANALYSIS_COMPLETED,True,0.3,0.2834930339830778,-0.07459473388382411,0.4914349276974415,0.07459473388382415,0.9944356256768013,True,False,False,False,,-1,nan
14,7,6,6-7-8-9,6,4,4,7.5,6.5,1.0,0,13,14,1.0,PREREGISTERED_PRIMARY_ANALYSIS_COMPLETED,True,0.4,0.3779907119774371,0.28097082222862096,0.7499443826473859,-0.2809708222286209,0.9210553970561725,False,False,False,False,,-1,nan
14,7,7,7-8-9-10,7,3,3,8.5,6.5,2.0,0,13,14,1.0,PREREGISTERED_PRIMARY_ANALYSIS_COMPLETED,True,0.05,0.04724883899717964,-0.5986313152226375,-0.9274749721913237,0.5986313152226372,0.6416405484348155,True,False,False,False,,-1,nan
14,7,7,7-8-9-10,7,3,3,8.5,6.5,2.0,0,13,14,1.0,PREREGISTERED_PRIMARY_ANALYSIS_COMPLETED,True,0.1,0.09449767799435928,-0.7539904688885921,-0.921245828698554,0.7539904688885923,0.4314983728251609,True,False,False,False,,-1,nan
14,7,7,7-8-9-10,7,3,3,8.5,6.5,2.0,0,13,14,1.0,PREREGISTERED_PRIMARY_ANALYSIS_COMPLETED,True,0.2,0.18899535598871856,-0.9318978408302357,-0.8144605116796441,0.9318978408302351,0.13156641425594554,True,True,True,True,,-1,nan
14,7,7,7-8-9-10,7,3,3,8.5,6.5,2.0,0,13,14,1.0,PREREGISTERED_PRIMARY_ANALYSIS_COMPLETED,True,0.3,0.2834930339830778,-0.9668080588895779,-0.7254727474972191,0.9668080588895777,0.06528217726616697,True,True,True,True,,-1,nan
14,7,7,7-8-9-10,7,3,3,8.5,6.5,2.0,0,13,14,1.0,PREREGISTERED_PRIMARY_ANALYSIS_COMPLETED,True,0.4,0.3779907119774371,-0.9760799051344009,-0.7833147942157953,0.9760799051344012,0.04726801879281836,True,True,True,True,,-1,nan
14,7,8,8-9-10-11,8,2,2,9.5,6.5,3.0,1,13,13,0.9285714285714286,PREREGISTERED_PRIMARY_ANALYSIS_COMPLETED,True,0.05,0.04724883899717964,-0.6801771951430431,-0.9025583982202448,0.6801771951430433,0.5373589832073422,True,False,False,False,,-1,nan
14,7,8,8-9-10-11,8,2,2,9.5,6.5,3.0,1,13,13,0.9285714285714286,PREREGISTERED_PRIMARY_ANALYSIS_COMPLETED,True,0.1,0.09449767799435928,-0.5019386513304334,-0.8553948832035595,0.5019386513304334,0.7480575903005856,True,False,False,False,,-1,nan
14,7,8,8-9-10-11,8,2,2,9.5,6.5,3.0,1,13,13,0.9285714285714286,PREREGISTERED_PRIMARY_ANALYSIS_COMPLETED,True,0.2,0.18899535598871856,-0.6123155839533014,-0.7806451612903226,0.6123155839533013,0.6250696256479277,True,False,False,False,,-1,nan
14,7,8,8-9-10-11,8,2,2,9.5,6.5,3.0,1,13,13,0.9285714285714286,PREREGISTERED_PRIMARY_ANALYSIS_COMPLETED,True,0.3,0.2834930339830778,-0.7243809535924058,-0.6351501668520578,0.724380953592406,0.4752722340725565,True,False,False,False,,-1,nan
14,7,8,8-9-10-11,8,2,2,9.5,6.5,3.0,1,13,13,0.9285714285714286,PREREGISTERED_PRIMARY_ANALYSIS_COMPLETED,True,0.4,0.3779907119774371,-0.7672238515261688,-0.4776418242491657,0.7672238515261688,0.4113675616493511,True,False,False,False,,-1,nan
14,7,9,9-10-11-12,9,1,1,10.5,6.5,4.0,2,13,12,0.8571428571428571,PREREGISTERED_PRIMARY_ANALYSIS_COMPLETED,True,0.05,0.04724883899717964,0.37462348921580213,-0.6382647385984427,-0.3746234892158023,0.8596572413277779,False,False,False,False,,-1,nan
14,7,9,9-10-11-12,9,1,1,10.5,6.5,4.0,2,13,12,0.8571428571428571,PREREGISTERED_PRIMARY_ANALYSIS_COMPLETED,True,0.1,0.09449767799435928,0.047841979996240964,-0.7397107897664071,-0.04784197999624097,0.9977111449500393,False,False,False,False,,-1,nan
14,7,9,9-10-11-12,9,1,1,10.5,6.5,4.0,2,13,12,0.8571428571428571,PREREGISTERED_PRIMARY_ANALYSIS_COMPLETED,True,0.2,0.18899535598871856,-0.3813649473873634,-0.7917686318131256,0.38136494738736326,0.8545607769042335,True,False,False,False,,-1,nan
14,7,9,9-10-11-12,9,1,1,10.5,6.5,4.0,2,13,12,0.8571428571428571,PREREGISTERED_PRIMARY_ANALYSIS_COMPLETED,True,0.3,0.2834930339830778,-0.5954652099056665,-0.3913236929922136,0.5954652099056668,0.6454211837920003,True,False,False,False,,-1,nan
14,7,9,9-10-11-12,9,1,1,10.5,6.5,4.0,2,13,12,0.8571428571428571,PREREGISTERED_PRIMARY_ANALYSIS_COMPLETED,True,0.4,0.3779907119774371,-0.6789243293747146,-0.26896551724137935,0.678924329374715,0.5390617549830935,True,False,False,False,,-1,nan
14,7,10,10-11-12-13,10,0,0,11.5,6.5,5.0,3,13,11,0.7857142857142857,PREREGISTERED_PRIMARY_ANALYSIS_COMPLETED,True,0.05,0.04724883899717964,0.749634070458717,-0.3828698553948832,-0.7496340704587173,0.4380487604074954,False,False,False,False,,-1,nan
14,7,10,10-11-12-13,10,0,0,11.5,6.5,5.0,3,13,11,0.7857142857142857,PREREGISTERED_PRIMARY_ANALYSIS_COMPLETED,True,0.1,0.09449767799435928,0.5777795023764735,-0.37263626251390436,-0.5777795023764735,0.6661708466335946,False,False,False,False,,-1,nan
14,7,10,10-11-12-13,10,0,0,11.5,6.5,5.0,3,13,11,0.7857142857142857,PREREGISTERED_PRIMARY_ANALYSIS_COMPLETED,True,0.2,0.18899535598871856,0.5443333287158306,0.13281423804226916,-0.5443333287158306,0.7037012272491436,False,False,False,False,,-1,nan
14,7,10,10-11-12-13,10,0,0,11.5,6.5,5.0,3,13,11,0.7857142857142857,PREREGISTERED_PRIMARY_ANALYSIS_COMPLETED,True,0.3,0.2834930339830778,0.6251513058969389,0.47541713014460507,-0.6251513058969389,0.6091858447353519,False,False,False,False,,-1,nan
14,7,10,10-11-12-13,10,0,0,11.5,6.5,5.0,3,13,11,0.7857142857142857,PREREGISTERED_PRIMARY_ANALYSIS_COMPLETED,True,0.4,0.3779907119774371,0.7003320507578285,0.611123470522803,-0.7003320507578285,0.5095350186813342,False,False,False,False,,-1,nan
14,8,0,0-1-2-3,0,10,0,1.5,6.5,5.0,0,11,12,0.8571428571428571,PREREGISTERED_PRIMARY_ANALYSIS_COMPLETED,True,0.05,0.04724883899717964,-0.6729955335400821,-0.7041156840934372,0.6729955335400819,0.5470770118351003,True,False,False,False,,-1,nan
14,8,0,0-1-2-3,0,10,0,1.5,6.5,5.0,0,11,12,0.8571428571428571,PREREGISTERED_PRIMARY_ANALYSIS_COMPLETED,True,0.1,0.09449767799435928,-0.4872922953772542,-0.4162402669632926,0.4872922953772537,0.762546218865967,True,False,False,False,,-1,nan
14,8,0,0-1-2-3,0,10,0,1.5,6.5,5.0,0,11,12,0.8571428571428571,PREREGISTERED_PRIMARY_ANALYSIS_COMPLETED,True,0.2,0.18899535598871856,-0.14603277379723983,0.05494994438264739,0.14603277379723986,0.9786744289770845,True,False,False,False,,-1,nan
14,8,0,0-1-2-3,0,10,0,1.5,6.5,5.0,0,11,12,0.8571428571428571,PREREGISTERED_PRIMARY_ANALYSIS_COMPLETED,True,0.3,0.2834930339830778,0.3483531065697646,0.5279199110122358,-0.3483531065697647,0.8786501131431942,False,False,False,False,,-1,nan
14,8,0,0-1-2-3,0,10,0,1.5,6.5,5.0,0,11,12,0.8571428571428571,PREREGISTERED_PRIMARY_ANALYSIS_COMPLETED,True,0.4,0.3779907119774371,0.5752700011515077,0.7081201334816463,-0.575270001151508,0.669064425775144,False,False,False,False,,-1,nan
14,8,1,1-2-3-4,1,9,1,2.5,6.5,4.0,0,12,13,0.9285714285714286,PREREGISTERED_PRIMARY_ANALYSIS_COMPLETED,True,0.05,0.04724883899717964,0.24728062674679965,-0.5817575083426029,-0.24728062674679965,0.9388522916357096,False,False,False,False,,-1,nan
14,8,1,1-2-3-4,1,9,1,2.5,6.5,4.0,0,12,13,0.9285714285714286,PREREGISTERED_PRIMARY_ANALYSIS_COMPLETED,True,0.1,0.09449767799435928,-0.15186102514717809,-0.6324805339265851,0.15186102514717803,0.9769382290412482,True,False,False,False,,-1,nan
14,8,1,1-2-3-4,1,9,1,2.5,6.5,4.0,0,12,13,0.9285714285714286,PREREGISTERED_PRIMARY_ANALYSIS_COMPLETED,True,0.2,0.18899535598871856,-0.516865029470205,-0.531924360400445,0.516865029470205,0.7328505413107641,True,False,False,False,,-1,nan
14,8,1,1-2-3-4,1,9,1,2.5,6.5,4.0,0,12,13,0.9285714285714286,PREREGISTERED_PRIMARY_ANALYSIS_COMPLETED,True,0.3,0.2834930339830778,-0.688350566594906,-0.38954393770856505,0.6883505665949051,0.5261734974684729,True,False,False,False,,-1,nan
14,8,1,1-2-3-4,1,9,1,2.5,6.5,4.0,0,12,13,0.9285714285714286,PREREGISTERED_PRIMARY_ANALYSIS_COMPLETED,True,0.4,0.3779907119774371,-0.7485038047435805,-0.43359288097886545,0.7485038047435802,0.439742054284384,True,False,False,False,,-1,nan
14,8,2,2-3-4-5,2,8,2,3.5,6.5,3.0,0,13,14,1.0,PREREGISTERED_PRIMARY_ANALYSIS_COMPLETED,True,0.05,0.04724883899717964,0.7692564919075728,-0.46785317018909905,-0.7692564919075727,0.40824444965805456,False,False,False,False,,-1,nan
14,8,2,2-3-4-5,2,8,2,3.5,6.5,3.0,0,13,14,1.0,PREREGISTERED_PRIMARY_ANALYSIS_COMPLETED,True,0.1,0.09449767799435928,0.4822121748592905,-0.4700778642936596,-0.48221217485929085,0.7674714184174728,False,False,False,False,,-1,nan
14,8,2,2-3-4-5,2,8,2,3.5,6.5,3.0,0,13,14,1.0,PREREGISTERED_PRIMARY_ANALYSIS_COMPLETED,True,0.2,0.18899535598871856,0.294593054339153,-0.07853170189098999,-0.2945930543391531,0.9132149323351291,False,False,False,False,,-1,nan
14,8,2,2-3-4-5,2,8,2,3.5,6.5,3.0,0,13,14,1.0,PREREGISTERED_PRIMARY_ANALYSIS_COMPLETED,True,0.3,0.2834930339830778,0.29142414994591176,0.36106785317018913,-0.29142414994591187,0.9150719648283026,False,False,False,False,,-1,nan
14,8,2,2-3-4-5,2,8,2,3.5,6.5,3.0,0,13,14,1.0,PREREGISTERED_PRIMARY_ANALYSIS_COMPLETED,True,0.4,0.3779907119774371,0.3609487853821294,0.41401557285873186,-0.36094878538212927,0.8697159743311652,False,False,False,False,,-1,nan
14,8,3,3-4-5-6,3,7,3,4.5,6.5,2.0,0,13,14,1.0,PREREGISTERED_PRIMARY_ANALYSIS_COMPLETED,True,0.05,0.04724883899717964,0.7950923733458924,-0.3699666295884316,-0.7950923733458926,0.36782811784719616,False,False,False,False,,-1,nan
14,8,3,3-4-5-6,3,7,3,4.5,6.5,2.0,0,13,14,1.0,PREREGISTERED_PRIMARY_ANALYSIS_COMPLETED,True,0.1,0.09449767799435928,0.4964321779346697,-0.47452725250278077,-0.4964321779346697,0.7535550927110406,False,False,False,False,,-1,nan
14,8,3,3-4-5-6,3,7,3,4.5,6.5,2.0,0,13,14,1.0,PREREGISTERED_PRIMARY_ANALYSIS_COMPLETED,True,0.2,0.18899535598871856,0.2728069684543909,-0.45272525027808674,-0.2728069684543909,0.9255763579627251,False,False,False,False,,-1,nan
14,8,3,3-4-5-6,3,7,3,4.5,6.5,2.0,0,13,14,1.0,PREREGISTERED_PRIMARY_ANALYSIS_COMPLETED,True,0.3,0.2834930339830778,0.2702573504706836,-0.13236929922135707,-0.27025735047068383,0.926960964516566,False,False,False,False,,-1,nan
14,8,3,3-4-5-6,3,7,3,4.5,6.5,2.0,0,13,14,1.0,PREREGISTERED_PRIMARY_ANALYSIS_COMPLETED,True,0.4,0.3779907119774371,0.3481117283284433,0.307230255839822,-0.3481117283284433,0.878818224600184,False,False,False,False,,-1,nan
14,8,4,4-5-6-7,4,6,4,5.5,6.5,1.0,0,13,14,1.0,PREREGISTERED_PRIMARY_ANALYSIS_COMPLETED,True,0.05,0.04724883899717964,-0.9502131259451204,-0.8367074527252502,0.9502131259451206,0.09709501528160264,True,True,True,True,,-1,nan
14,8,4,4-5-6-7,4,6,4,5.5,6.5,1.0,0,13,14,1.0,PREREGISTERED_PRIMARY_ANALYSIS_COMPLETED,True,0.1,0.09449767799435928,-0.8527325885462923,-0.6378197997775306,0.8527325885462921,0.27284713243114006,True,True,False,False,,-1,nan
14,8,4,4-5-6-7,4,6,4,5.5,6.5,1.0,0,13,14,1.0,PREREGISTERED_PRIMARY_ANALYSIS_COMPLETED,True,0.2,0.18899535598871856,-0.6140226613491169,-0.3352614015572859,0.6140226613491166,0.6229761713497481,True,False,False,False,,-1,nan
14,8,4,4-5-6-7,4,6,4,5.5,6.5,1.0,0,13,14,1.0,PREREGISTERED_PRIMARY_ANALYSIS_COMPLETED,True,0.3,0.2834930339830778,-0.5046863119361255,-0.21201334816462733,0.5046863119361258,0.7452917265443115,True,False,False,False,,-1,nan
14,8,4,4-5-6-7,4,6,4,5.5,6.5,1.0,0,13,14,1.0,PREREGISTERED_PRIMARY_ANALYSIS_COMPLETED,True,0.4,0.3779907119774371,-0.5255978326247905,-0.28854282536151277,0.5255978326247909,0.7237469183401226,True,False,False,False,,-1,nan
14,8,5,5-6-7-8,5,5,5,6.5,6.5,0.0,0,13,14,1.0,PREREGISTERED_PRIMARY_ANALYSIS_COMPLETED,True,0.05,0.04724883899717964,-0.983296523564011,-0.12302558398220245,0.9832965235640105,0.033127946746930335,True,True,True,True,,-1,nan
14,8,5,5-6-7-8,5,5,5,6.5,6.5,0.0,0,13,14,1.0,PREREGISTERED_PRIMARY_ANALYSIS_COMPLETED,True,0.1,0.09449767799435928,-0.9519283771288014,0.3054505005561735,0.9519283771288019,0.09383236481692597,True,True,True,True,,-1,nan
14,8,5,5-6-7-8,5,5,5,6.5,6.5,0.0,0,13,14,1.0,PREREGISTERED_PRIMARY_ANALYSIS_COMPLETED,True,0.2,0.18899535598871856,-0.7351824014371113,0.42380422691879865,0.7351824014371117,0.45950683661716146,True,False,False,False,,-1,nan
14,8,5,5-6-7-8,5,5,5,6.5,6.5,0.0,0,13,14,1.0,PREREGISTERED_PRIMARY_ANALYSIS_COMPLETED,True,0.3,0.2834930339830778,-0.25265168103204316,0.49499443826473855,0.2526516810320432,0.9361671280716827,True,False,False,False,,-1,nan
14,8,5,5-6-7-8,5,5,5,6.5,6.5,0.0,0,13,14,1.0,PREREGISTERED_PRIMARY_ANALYSIS_COMPLETED,True,0.4,0.3779907119774371,0.11241017155321012,0.6511679644048943,-0.1124101715532101,0.9873639533313778,False,False,False,False,,-1,nan
14,8,6,6-7-8-9,6,4,4,7.5,6.5,1.0,0,13,14,1.0,PREREGISTERED_PRIMARY_ANALYSIS_COMPLETED,True,0.05,0.04724883899717964,-0.950213125888804,-0.8367074527252502,0.950213125888804,0.09709501538862728,True,True,True,True,,-1,nan
14,8,6,6-7-8-9,6,4,4,7.5,6.5,1.0,0,13,14,1.0,PREREGISTERED_PRIMARY_ANALYSIS_COMPLETED,True,0.1,0.09449767799435928,-0.8527325884697087,-0.6378197997775306,0.8527325884697087,0.2728471325617504,True,True,False,False,,-1,nan
14,8,6,6-7-8-9,6,4,4,7.5,6.5,1.0,0,13,14,1.0,PREREGISTERED_PRIMARY_ANALYSIS_COMPLETED,True,0.2,0.18899535598871856,-0.6140226612730915,-0.3352614015572859,0.6140226612730914,0.6229761714431103,True,False,False,False,,-1,nan
14,8,6,6-7-8-9,6,4,4,7.5,6.5,1.0,0,13,14,1.0,PREREGISTERED_PRIMARY_ANALYSIS_COMPLETED,True,0.3,0.2834930339830778,-0.5046863118630701,-0.21201334816462733,0.50468631186307,0.7452917266180521,True,False,False,False,,-1,nan
14,8,6,6-7-8-9,6,4,4,7.5,6.5,1.0,0,13,14,1.0,PREREGISTERED_PRIMARY_ANALYSIS_COMPLETED,True,0.4,0.3779907119774371,-0.5255978325479671,-0.28854282536151277,0.5255978325479672,0.7237469184208789,True,False,False,False,,-1,nan
14,8,7,7-8-9-10,7,3,3,8.5,6.5,2.0,0,13,14,1.0,PREREGISTERED_PRIMARY_ANALYSIS_COMPLETED,True,0.05,0.04724883899717964,0.795092373355021,-0.3699666295884316,-0.7950923733550211,0.3678281178326797,False,False,False,False,,-1,nan
14,8,7,7-8-9-10,7,3,3,8.5,6.5,2.0,0,13,14,1.0,PREREGISTERED_PRIMARY_ANALYSIS_COMPLETED,True,0.1,0.09449767799435928,0.4964321779390098,-0.47452725250278077,-0.4964321779390097,0.7535550927067313,False,False,False,False,,-1,nan
14,8,7,7-8-9-10,7,3,3,8.5,6.5,2.0,0,13,14,1.0,PREREGISTERED_PRIMARY_ANALYSIS_COMPLETED,True,0.2,0.18899535598871856,0.27280696845567076,-0.45272525027808674,-0.27280696845567054,0.9255763579620268,False,False,False,False,,-1,nan
14,8,7,7-8-9-10,7,3,3,8.5,6.5,2.0,0,13,14,1.0,PREREGISTERED_PRIMARY_ANALYSIS_COMPLETED,True,0.3,0.2834930339830778,0.27025735047149035,-0.13236929922135707,-0.27025735047149035,0.92696096451613,False,False,False,False,,-1,nan
14,8,7,7-8-9-10,7,3,3,8.5,6.5,2.0,0,13,14,1.0,PREREGISTERED_PRIMARY_ANALYSIS_COMPLETED,True,0.4,0.3779907119774371,0.3481117283292715,0.307230255839822,-0.34811172832927145,0.8788182245996073,False,False,False,False,,-1,nan
14,8,8,8-9-10-11,8,2,2,9.5,6.5,3.0,0,13,14,1.0,PREREGISTERED_PRIMARY_ANALYSIS_COMPLETED,True,0.05,0.04724883899717964,0.7692564918939894,-0.46785317018909905,-0.769256491893989,0.4082444496789532,False,False,False,False,,-1,nan
14,8,8,8-9-10-11,8,2,2,9.5,6.5,3.0,0,13,14,1.0,PREREGISTERED_PRIMARY_ANALYSIS_COMPLETED,True,0.1,0.09449767799435928,0.4822121748512286,-0.4700778642936596,-0.48221217485122847,0.7674714184252482,False,False,False,False,,-1,nan
14,8,8,8-9-10-11,8,2,2,9.5,6.5,3.0,0,13,14,1.0,PREREGISTERED_PRIMARY_ANALYSIS_COMPLETED,True,0.2,0.18899535598871856,0.2945930543360382,-0.07853170189098999,-0.2945930543360382,0.913214932336964,False,False,False,False,,-1,nan
14,8,8,8-9-10-11,8,2,2,9.5,6.5,3.0,0,13,14,1.0,PREREGISTERED_PRIMARY_ANALYSIS_COMPLETED,True,0.3,0.2834930339830778,0.29142414994389854,0.36106785317018913,-0.2914241499438985,0.9150719648294762,False,False,False,False,,-1,nan
14,8,8,8-9-10-11,8,2,2,9.5,6.5,3.0,0,13,14,1.0,PREREGISTERED_PRIMARY_ANALYSIS_COMPLETED,True,0.4,0.3779907119774371,0.36094878538036496,0.41401557285873186,-0.36094878538036484,0.8697159743324393,False,False,False,False,,-1,nan
14,8,9,9-10-11-12,9,1,1,10.5,6.5,4.0,1,13,13,0.9285714285714286,PREREGISTERED_PRIMARY_ANALYSIS_COMPLETED,True,0.05,0.04724883899717964,0.24728062677365797,-0.5817575083426029,-0.24728062677365778,0.938852291622427,False,False,False,False,,-1,nan
14,8,9,9-10-11-12,9,1,1,10.5,6.5,4.0,1,13,13,0.9285714285714286,PREREGISTERED_PRIMARY_ANALYSIS_COMPLETED,True,0.1,0.09449767799435928,-0.15186102515137168,-0.6324805339265851,0.1518610251513718,0.9769382290399743,True,False,False,False,,-1,nan
14,8,9,9-10-11-12,9,1,1,10.5,6.5,4.0,1,13,13,0.9285714285714286,PREREGISTERED_PRIMARY_ANALYSIS_COMPLETED,True,0.2,0.18899535598871856,-0.5168650294735785,-0.531924360400445,0.5168650294735785,0.732850541307277,True,False,False,False,,-1,nan
14,8,9,9-10-11-12,9,1,1,10.5,6.5,4.0,1,13,13,0.9285714285714286,PREREGISTERED_PRIMARY_ANALYSIS_COMPLETED,True,0.3,0.2834930339830778,-0.688350566596052,-0.38954393770856505,0.6883505665960519,0.5261734974668946,True,False,False,False,,-1,nan
14,8,9,9-10-11-12,9,1,1,10.5,6.5,4.0,1,13,13,0.9285714285714286,PREREGISTERED_PRIMARY_ANALYSIS_COMPLETED,True,0.4,0.3779907119774371,-0.7485038047437332,-0.43359288097886545,0.7485038047437332,0.43974205428415525,True,False,False,False,,-1,nan
14,8,10,10-11-12-13,10,0,0,11.5,6.5,5.0,2,13,12,0.8571428571428571,PREREGISTERED_PRIMARY_ANALYSIS_COMPLETED,True,0.05,0.04724883899717964,-0.6729955336636553,-0.7041156840934372,0.6729955336636552,0.5470770116687719,True,False,False,False,,-1,nan
14,8,10,10-11-12-13,10,0,0,11.5,6.5,5.0,2,13,12,0.8571428571428571,PREREGISTERED_PRIMARY_ANALYSIS_COMPLETED,True,0.1,0.09449767799435928,-0.4872922954860931,-0.4162402669632926,0.48729229548609315,0.7625462187598941,True,False,False,False,,-1,nan
14,8,10,10-11-12-13,10,0,0,11.5,6.5,5.0,2,13,12,0.8571428571428571,PREREGISTERED_PRIMARY_ANALYSIS_COMPLETED,True,0.2,0.18899535598871856,-0.14603277382349436,0.05494994438264739,0.14603277382349436,0.9786744289694163,True,False,False,False,,-1,nan
14,8,10,10-11-12-13,10,0,0,11.5,6.5,5.0,2,13,12,0.8571428571428571,PREREGISTERED_PRIMARY_ANALYSIS_COMPLETED,True,0.3,0.2834930339830778,0.3483531065985386,0.5279199110122358,-0.34835310659853874,0.8786501131231469,False,False,False,False,,-1,nan
14,8,10,10-11-12-13,10,0,0,11.5,6.5,5.0,2,13,12,0.8571428571428571,PREREGISTERED_PRIMARY_ANALYSIS_COMPLETED,True,0.4,0.3779907119774371,0.5752700011888048,0.7081201334816463,-0.5752700011888048,0.6690644257322321,False,False,False,False,,-1,nan
14,9,0,0-1-2-3,0,10,0,1.5,6.5,5.0,0,12,13,0.9285714285714286,PREREGISTERED_PRIMARY_ANALYSIS_COMPLETED,True,0.05,0.04724883899717964,-0.5093144236624133,-0.7454949944382647,0.5093144236624135,0.7405988178494237,True,False,False,False,,-1,nan
14,9,0,0-1-2-3,0,10,0,1.5,6.5,5.0,0,12,13,0.9285714285714286,PREREGISTERED_PRIMARY_ANALYSIS_COMPLETED,True,0.1,0.09449767799435928,-0.3602918779130498,-0.6231368186874304,0.36029187791304956,0.8701897627098883,True,False,False,False,,-1,nan
14,9,0,0-1-2-3,0,10,0,1.5,6.5,5.0,0,12,13,0.9285714285714286,PREREGISTERED_PRIMARY_ANALYSIS_COMPLETED,True,0.2,0.18899535598871856,-0.09557113820709777,0.03492769744160178,0.09557113820709764,0.9908661575418001,True,False,False,False,,-1,nan
14,9,0,0-1-2-3,0,10,0,1.5,6.5,5.0,0,12,13,0.9285714285714286,PREREGISTERED_PRIMARY_ANALYSIS_COMPLETED,True,0.3,0.2834930339830778,0.2968047683203491,0.44694104560622916,-0.2968047683203492,0.9119069295023039,False,False,False,False,,-1,nan
14,9,0,0-1-2-3,0,10,0,1.5,6.5,5.0,0,12,13,0.9285714285714286,PREREGISTERED_PRIMARY_ANALYSIS_COMPLETED,True,0.4,0.3779907119774371,0.5081942659852102,0.6533926585094549,-0.5081942659852102,0.7417385880197533,False,False,False,False,,-1,nan
14,9,1,1-2-3-4,1,9,1,2.5,6.5,4.0,0,13,14,1.0,PREREGISTERED_PRIMARY_ANALYSIS_COMPLETED,True,0.05,0.04724883899717964,0.6350293038149599,-0.24271412680756396,-0.6350293038149598,0.5967377832962872,False,False,False,False,,-1,nan
14,9,1,1-2-3-4,1,9,1,2.5,6.5,4.0,0,13,14,1.0,PREREGISTERED_PRIMARY_ANALYSIS_COMPLETED,True,0.1,0.09449767799435928,0.43101607191237584,-0.4211345939933259,-0.4310160719123759,0.814225145753226,False,False,False,False,,-1,nan
14,9,1,1-2-3-4,1,9,1,2.5,6.5,4.0,0,13,14,1.0,PREREGISTERED_PRIMARY_ANALYSIS_COMPLETED,True,0.2,0.18899535598871856,0.3741210079672372,-0.3913236929922136,-0.37412100796723724,0.8600334713975785,False,False,False,False,,-1,nan
14,9,1,1-2-3-4,1,9,1,2.5,6.5,4.0,0,13,14,1.0,PREREGISTERED_PRIMARY_ANALYSIS_COMPLETED,True,0.3,0.2834930339830778,0.5045865621701016,0.34060066740823136,-0.5045865621701012,0.7453924012773584,False,False,False,False,,-1,nan
14,9,1,1-2-3-4,1,9,1,2.5,6.5,4.0,0,13,14,1.0,PREREGISTERED_PRIMARY_ANALYSIS_COMPLETED,True,0.4,0.3779907119774371,0.6157053908390263,0.607119021134594,-0.6157053908390265,0.6209068716917616,False,False,False,False,,-1,nan
14,9,2,2-3-4-5,2,8,2,3.5,6.5,3.0,0,13,14,1.0,PREREGISTERED_PRIMARY_ANALYSIS_COMPLETED,True,0.05,0.04724883899717964,-0.982848014919356,-0.9265850945494994,0.9828480149193557,0.03400977956908264,True,True,True,True,,-1,nan
14,9,2,2-3-4-5,2,8,2,3.5,6.5,3.0,0,13,14,1.0,PREREGISTERED_PRIMARY_ANALYSIS_COMPLETED,True,0.1,0.09449767799435928,-0.9680720584884405,-0.9234705228031145,0.9680720584884406,0.06283648957395299,True,True,True,True,,-1,nan
14,9,2,2-3-4-5,2,8,2,3.5,6.5,3.0,0,13,14,1.0,PREREGISTERED_PRIMARY_ANALYSIS_COMPLETED,True,0.2,0.18899535598871856,-0.9624127777585159,-0.9679644048943271,0.9624127777585164,0.07376164520713717,True,True,True,True,,-1,nan
14,9,2,2-3-4-5,2,8,2,3.5,6.5,3.0,0,13,14,1.0,PREREGISTERED_PRIMARY_ANALYSIS_COMPLETED,True,0.3,0.2834930339830778,-0.9654052978297794,-0.875417130144605,0.9654052978297789,0.06799261092219509,True,True,True,True,,-1,nan
14,9,2,2-3-4-5,2,8,2,3.5,6.5,3.0,0,13,14,1.0,PREREGISTERED_PRIMARY_ANALYSIS_COMPLETED,True,0.4,0.3779907119774371,-0.9693316238584543,-0.8723025583982202,0.9693316238584545,0.06039620298793222,True,True,True,True,,-1,nan
14,9,3,3-4-5-6,3,7,3,4.5,6.5,2.0,0,13,14,1.0,PREREGISTERED_PRIMARY_ANALYSIS_COMPLETED,True,0.05,0.04724883899717964,0.7516000514924557,-0.5421579532814237,-0.7516000514924551,0.43509736259653825,False,False,False,False,,-1,nan
14,9,3,3-4-5-6,3,7,3,4.5,6.5,2.0,0,13,14,1.0,PREREGISTERED_PRIMARY_ANALYSIS_COMPLETED,True,0.1,0.09449767799435928,0.5708153557134157,-0.5577308120133482,-0.5708153557134157,0.6741698296817668,False,False,False,False,,-1,nan
14,9,3,3-4-5-6,3,7,3,4.5,6.5,2.0,0,13,14,1.0,PREREGISTERED_PRIMARY_ANALYSIS_COMPLETED,True,0.2,0.18899535598871856,0.27778328698016586,-0.6774193548387096,-0.2777832869801658,0.922836445474495,False,False,False,False,,-1,nan
14,9,3,3-4-5-6,3,7,3,4.5,6.5,2.0,0,13,14,1.0,PREREGISTERED_PRIMARY_ANALYSIS_COMPLETED,True,0.3,0.2834930339830778,-0.1922765171769335,-0.6462736373748609,0.19227651717693361,0.9630297409423084,True,False,False,False,,-1,nan
14,9,3,3-4-5-6,3,7,3,4.5,6.5,2.0,0,13,14,1.0,PREREGISTERED_PRIMARY_ANALYSIS_COMPLETED,True,0.4,0.3779907119774371,-0.4595348153105184,-0.6992213570634038,0.4595348153105186,0.7888277535175274,True,False,False,False,,-1,nan
14,9,4,4-5-6-7,4,6,4,5.5,6.5,1.0,0,13,14,1.0,PREREGISTERED_PRIMARY_ANALYSIS_COMPLETED,True,0.05,0.04724883899717964,-0.9522654082355967,-0.9172413793103448,0.952265408235597,0.0931905922778923,True,True,True,True,,-1,nan
14,9,4,4-5-6-7,4,6,4,5.5,6.5,1.0,0,13,14,1.0,PREREGISTERED_PRIMARY_ANALYSIS_COMPLETED,True,0.1,0.09449767799435928,-0.9427634500315182,-0.9301446051167965,0.9427634500315187,0.11119707728466849,True,True,True,True,,-1,nan
14,9,4,4-5-6-7,4,6,4,5.5,6.5,1.0,0,13,14,1.0,PREREGISTERED_PRIMARY_ANALYSIS_COMPLETED,True,0.2,0.18899535598871856,-0.9514796657275107,-0.9003337041156841,0.9514796657275105,0.09468644570706439,True,True,True,True,,-1,nan
14,9,4,4-5-6-7,4,6,4,5.5,6.5,1.0,0,13,14,1.0,PREREGISTERED_PRIMARY_ANALYSIS_COMPLETED,True,0.3,0.2834930339830778,-0.9590214089240862,-0.7477196885428253,0.9590214089240872,0.08027793722525997,True,True,True,True,,-1,nan
14,9,4,4-5-6-7,4,6,4,5.5,6.5,1.0,0,13,14,1.0,PREREGISTERED_PRIMARY_ANALYSIS_COMPLETED,True,0.4,0.3779907119774371,-0.9637246655221313,-0.703670745272525,0.9637246655221307,0.07123476906425681,True,True,True,True,,-1,nan
14,9,5,5-6-7-8,5,5,5,6.5,6.5,0.0,0,13,14,1.0,PREREGISTERED_PRIMARY_ANALYSIS_COMPLETED,True,0.05,0.04724883899717964,-0.9433019848350541,-0.5483870967741935,0.9433019848350547,0.11018136540624658,True,True,True,True,,-1,nan
14,9,5,5-6-7-8,5,5,5,6.5,6.5,0.0,0,13,14,1.0,PREREGISTERED_PRIMARY_ANALYSIS_COMPLETED,True,0.1,0.09449767799435928,-0.8694693827756357,-0.3904338153503893,0.8694693827756348,0.2440229924157557,True,True,False,False,,-1,nan
14,9,5,5-6-7-8,5,5,5,6.5,6.5,0.0,0,13,14,1.0,PREREGISTERED_PRIMARY_ANALYSIS_COMPLETED,True,0.2,0.18899535598871856,-0.7215013706995959,-0.20133481646273638,0.7215013706995951,0.4794357720786043,True,False,False,False,,-1,nan
14,9,5,5-6-7-8,5,5,5,6.5,6.5,0.0,0,13,14,1.0,PREREGISTERED_PRIMARY_ANALYSIS_COMPLETED,True,0.3,0.2834930339830778,-0.38769309735384294,-0.1003337041156841,0.3876930973538429,0.8496940622641834,True,False,False,False,,-1,nan
14,9,5,5-6-7-8,5,5,5,6.5,6.5,0.0,0,13,14,1.0,PREREGISTERED_PRIMARY_ANALYSIS_COMPLETED,True,0.4,0.3779907119774371,-0.0827505425107926,0.025583982202447165,0.08275054251079271,0.9931523477141696,True,False,False,False,,-1,nan
14,9,6,6-7-8-9,6,4,4,7.5,6.5,1.0,0,13,14,1.0,PREREGISTERED_PRIMARY_ANALYSIS_COMPLETED,True,0.05,0.04724883899717964,-0.952265408231666,-0.9172413793103448,0.9522654082316656,0.09319059228537918,True,True,True,True,,-1,nan
14,9,6,6-7-8-9,6,4,4,7.5,6.5,1.0,0,13,14,1.0,PREREGISTERED_PRIMARY_ANALYSIS_COMPLETED,True,0.1,0.09449767799435928,-0.9427634500342743,-0.9301446051167965,0.9427634500342742,0.1111970772794728,True,True,True,True,,-1,nan
14,9,6,6-7-8-9,6,4,4,7.5,6.5,1.0,0,13,14,1.0,PREREGISTERED_PRIMARY_ANALYSIS_COMPLETED,True,0.2,0.18899535598871856,-0.9514796657314339,-0.9003337041156841,0.9514796657314337,0.09468644569959887,True,True,True,True,,-1,nan
14,9,6,6-7-8-9,6,4,4,7.5,6.5,1.0,0,13,14,1.0,PREREGISTERED_PRIMARY_ANALYSIS_COMPLETED,True,0.3,0.2834930339830778,-0.9590214089271843,-0.7477196885428253,0.9590214089271849,0.08027793721931781,True,True,True,True,,-1,nan
14,9,6,6-7-8-9,6,4,4,7.5,6.5,1.0,0,13,14,1.0,PREREGISTERED_PRIMARY_ANALYSIS_COMPLETED,True,0.4,0.3779907119774371,-0.9637246655248423,-0.703670745272525,0.9637246655248418,0.07123476905903088,True,True,True,True,,-1,nan
14,9,7,7-8-9-10,7,3,3,8.5,6.5,2.0,0,13,14,1.0,PREREGISTERED_PRIMARY_ANALYSIS_COMPLETED,True,0.05,0.04724883899717964,0.7516000514753945,-0.5421579532814237,-0.7516000514753943,0.4350973626221847,False,False,False,False,,-1,nan
14,9,7,7-8-9-10,7,3,3,8.5,6.5,2.0,0,13,14,1.0,PREREGISTERED_PRIMARY_ANALYSIS_COMPLETED,True,0.1,0.09449767799435928,0.5708153557022922,-0.5577308120133482,-0.5708153557022921,0.6741698296944658,False,False,False,False,,-1,nan
14,9,7,7-8-9-10,7,3,3,8.5,6.5,2.0,0,13,14,1.0,PREREGISTERED_PRIMARY_ANALYSIS_COMPLETED,True,0.2,0.18899535598871856,0.27778328697716903,-0.6774193548387096,-0.2777832869771689,0.9228364454761596,False,False,False,False,,-1,nan
14,9,7,7-8-9-10,7,3,3,8.5,6.5,2.0,0,13,14,1.0,PREREGISTERED_PRIMARY_ANALYSIS_COMPLETED,True,0.3,0.2834930339830778,-0.19227651717602318,-0.6462736373748609,0.1922765171760231,0.9630297409426585,True,False,False,False,,-1,nan
14,9,7,7-8-9-10,7,3,3,8.5,6.5,2.0,0,13,14,1.0,PREREGISTERED_PRIMARY_ANALYSIS_COMPLETED,True,0.4,0.3779907119774371,-0.45953481530843493,-0.6992213570634038,0.45953481530843493,0.7888277535194425,True,False,False,False,,-1,nan
14,9,8,8-9-10-11,8,2,2,9.5,6.5,3.0,0,13,14,1.0,PREREGISTERED_PRIMARY_ANALYSIS_COMPLETED,True,0.05,0.04724883899717964,-0.9828480149189815,-0.9265850945494994,0.9828480149189811,0.03400977956981775,True,True,True,True,,-1,nan
14,9,8,8-9-10-11,8,2,2,9.5,6.5,3.0,0,13,14,1.0,PREREGISTERED_PRIMARY_ANALYSIS_COMPLETED,True,0.1,0.09449767799435928,-0.9680720584876747,-0.9234705228031145,0.968072058487675,0.06283648957543585,True,True,True,True,,-1,nan
14,9,8,8-9-10-11,8,2,2,9.5,6.5,3.0,0,13,14,1.0,PREREGISTERED_PRIMARY_ANALYSIS_COMPLETED,True,0.2,0.18899535598871856,-0.9624127777582362,-0.9679644048943271,0.9624127777582363,0.07376164520767561,True,True,True,True,,-1,nan
14,9,8,8-9-10-11,8,2,2,9.5,6.5,3.0,0,13,14,1.0,PREREGISTERED_PRIMARY_ANALYSIS_COMPLETED,True,0.3,0.2834930339830778,-0.9654052978297393,-0.875417130144605,0.9654052978297394,0.06799261092227223,True,True,True,True,,-1,nan
14,9,8,8-9-10-11,8,2,2,9.5,6.5,3.0,0,13,14,1.0,PREREGISTERED_PRIMARY_ANALYSIS_COMPLETED,True,0.4,0.3779907119774371,-0.969331623858485,-0.8723025583982202,0.9693316238584848,0.06039620298787279,True,True,True,True,,-1,nan
14,9,9,9-10-11-12,9,1,1,10.5,6.5,4.0,0,13,14,1.0,PREREGISTERED_PRIMARY_ANALYSIS_COMPLETED,True,0.05,0.04724883899717964,0.6350293040666859,-0.24271412680756396,-0.6350293040666859,0.596737782976581,False,False,False,False,,-1,nan
14,9,9,9-10-11-12,9,1,1,10.5,6.5,4.0,0,13,14,1.0,PREREGISTERED_PRIMARY_ANALYSIS_COMPLETED,True,0.1,0.09449767799435928,0.4310160720119375,-0.4211345939933259,-0.4310160720119374,0.8142251456674001,False,False,False,False,,-1,nan
14,9,9,9-10-11-12,9,1,1,10.5,6.5,4.0,0,13,14,1.0,PREREGISTERED_PRIMARY_ANALYSIS_COMPLETED,True,0.2,0.18899535598871856,0.3741210080182739,-0.3913236929922136,-0.37412100801827397,0.8600334713593903,False,False,False,False,,-1,nan
14,9,9,9-10-11-12,9,1,1,10.5,6.5,4.0,0,13,14,1.0,PREREGISTERED_PRIMARY_ANALYSIS_COMPLETED,True,0.3,0.2834930339830778,0.5045865622163425,0.34060066740823136,-0.5045865622163426,0.7453924012306933,False,False,False,False,,-1,nan
14,9,9,9-10-11-12,9,1,1,10.5,6.5,4.0,0,13,14,1.0,PREREGISTERED_PRIMARY_ANALYSIS_COMPLETED,True,0.4,0.3779907119774371,0.6157053908807041,0.607119021134594,-0.6157053908807038,0.6209068716404399,False,False,False,False,,-1,nan
14,9,10,10-11-12-13,10,0,0,11.5,6.5,5.0,1,13,13,0.9285714285714286,PREREGISTERED_PRIMARY_ANALYSIS_COMPLETED,True,0.05,0.04724883899717964,-0.5093144235715387,-0.7454949944382647,0.5093144235715387,0.7405988179419914,True,False,False,False,,-1,nan
14,9,10,10-11-12-13,10,0,0,11.5,6.5,5.0,1,13,13,0.9285714285714286,PREREGISTERED_PRIMARY_ANALYSIS_COMPLETED,True,0.1,0.09449767799435928,-0.3602918778427647,-0.6231368186874304,0.36029187784276473,0.8701897627605344,True,False,False,False,,-1,nan
14,9,10,10-11-12-13,10,0,0,11.5,6.5,5.0,1,13,13,0.9285714285714286,PREREGISTERED_PRIMARY_ANALYSIS_COMPLETED,True,0.2,0.18899535598871856,-0.0955711381895455,0.03492769744160178,0.0955711381895455,0.9908661575451545,True,False,False,False,,-1,nan
14,9,10,10-11-12-13,10,0,0,11.5,6.5,5.0,1,13,13,0.9285714285714286,PREREGISTERED_PRIMARY_ANALYSIS_COMPLETED,True,0.3,0.2834930339830778,0.2968047682998075,0.44694104560622916,-0.2968047682998077,0.9119069295144974,False,False,False,False,,-1,nan
14,9,10,10-11-12-13,10,0,0,11.5,6.5,5.0,1,13,13,0.9285714285714286,PREREGISTERED_PRIMARY_ANALYSIS_COMPLETED,True,0.4,0.3779907119774371,0.5081942659546114,0.6533926585094549,-0.5081942659546114,0.7417385880508537,False,False,False,False,,-1,nan
14,10,0,0-1-2-3,0,10,0,1.5,6.5,5.0,0,13,14,1.0,PREREGISTERED_PRIMARY_ANALYSIS_COMPLETED,True,0.05,0.04724883899717964,-0.8085482126844071,-0.7090100111234705,0.8085482126844071,0.3462497877648505,True,True,False,False,,-1,nan
14,10,0,0-1-2-3,0,10,0,1.5,6.5,5.0,0,13,14,1.0,PREREGISTERED_PRIMARY_ANALYSIS_COMPLETED,True,0.1,0.09449767799435928,-0.629709759249507,-0.3619577308120133,0.6297097592495068,0.6034656191059281,True,False,False,False,,-1,nan
14,10,0,0-1-2-3,0,10,0,1.5,6.5,5.0,0,13,14,1.0,PREREGISTERED_PRIMARY_ANALYSIS_COMPLETED,True,0.2,0.18899535598871856,-0.31740782072510293,0.059844271412680755,0.3174078207251029,0.899252275342541,True,False,False,False,,-1,nan
14,10,0,0-1-2-3,0,10,0,1.5,6.5,5.0,0,13,14,1.0,PREREGISTERED_PRIMARY_ANALYSIS_COMPLETED,True,0.3,0.2834930339830778,0.1599399369889117,0.5038932146829811,-0.15993993698891182,0.9744192165559828,False,False,False,False,,-1,nan
14,10,0,0-1-2-3,0,10,0,1.5,6.5,5.0,0,13,14,1.0,PREREGISTERED_PRIMARY_ANALYSIS_COMPLETED,True,0.4,0.3779907119774371,0.4526522469763746,0.7152391546162402,-0.4526522469763746,0.7951059433072393,False,False,False,False,,-1,nan
14,10,1,1-2-3-4,1,9,1,2.5,6.5,4.0,0,13,14,1.0,PREREGISTERED_PRIMARY_ANALYSIS_COMPLETED,True,0.05,0.04724883899717964,-0.5614640809396516,-0.6618464961067854,0.5614640809396514,0.6847580858145926,True,False,False,False,,-1,nan
14,10,1,1-2-3-4,1,9,1,2.5,6.5,4.0,0,13,14,1.0,PREREGISTERED_PRIMARY_ANALYSIS_COMPLETED,True,0.1,0.09449767799435928,-0.39973195573324644,-0.7236929922135705,0.3997319557332464,0.8402143635656735,True,False,False,False,,-1,nan
14,10,1,1-2-3-4,1,9,1,2.5,6.5,4.0,0,13,14,1.0,PREREGISTERED_PRIMARY_ANALYSIS_COMPLETED,True,0.2,0.18899535598871856,0.06698110360071466,-0.09766407119021134,-0.06698110360071466,0.9955135317604303,False,False,False,False,,-1,nan
14,10,1,1-2-3-4,1,9,1,2.5,6.5,4.0,0,13,14,1.0,PREREGISTERED_PRIMARY_ANALYSIS_COMPLETED,True,0.3,0.2834930339830778,0.43537469886067,0.5412680756395996,-0.43537469886066993,0.8104488715919809,False,False,False,False,,-1,nan
14,10,1,1-2-3-4,1,9,1,2.5,6.5,4.0,0,13,14,1.0,PREREGISTERED_PRIMARY_ANALYSIS_COMPLETED,True,0.4,0.3779907119774371,0.5883877495063168,0.6565072302558399,-0.5883877495063169,0.6537998562308918,False,False,False,False,,-1,nan
14,10,2,2-3-4-5,2,8,2,3.5,6.5,3.0,0,13,14,1.0,PREREGISTERED_PRIMARY_ANALYSIS_COMPLETED,True,0.05,0.04724883899717964,0.352337572650466,-0.3410456062291435,-0.35233757265046595,0.8758582348987775,False,False,False,False,,-1,nan
14,10,2,2-3-4-5,2,8,2,3.5,6.5,3.0,0,13,14,1.0,PREREGISTERED_PRIMARY_ANALYSIS_COMPLETED,True,0.1,0.09449767799435928,0.14213774658053607,-0.49499443826473855,-0.14213774658053613,0.9797968609970069,False,False,False,False,,-1,nan
14,10,2,2-3-4-5,2,8,2,3.5,6.5,3.0,0,13,14,1.0,PREREGISTERED_PRIMARY_ANALYSIS_COMPLETED,True,0.2,0.18899535598871856,0.2838973766654355,0.06740823136818688,-0.28389737666543563,0.9194022795224839,False,False,False,False,,-1,nan
14,10,2,2-3-4-5,2,8,2,3.5,6.5,3.0,0,13,14,1.0,PREREGISTERED_PRIMARY_ANALYSIS_COMPLETED,True,0.3,0.2834930339830778,0.4527328861765205,0.4318131256952169,-0.45273288617652074,0.7950329337742776,False,False,False,False,,-1,nan
14,10,2,2-3-4-5,2,8,2,3.5,6.5,3.0,0,13,14,1.0,PREREGISTERED_PRIMARY_ANALYSIS_COMPLETED,True,0.4,0.3779907119774371,0.5645071820843041,0.5759733036707452,-0.564507182084304,0.6813316413752387,False,False,False,False,,-1,nan
14,10,3,3-4-5-6,3,7,3,4.5,6.5,2.0,0,13,14,1.0,PREREGISTERED_PRIMARY_ANALYSIS_COMPLETED,True,0.05,0.04724883899717964,0.6589338608956306,-0.4776418242491657,-0.6589338608956299,0.5658061669651785,False,False,False,False,,-1,nan
14,10,3,3-4-5-6,3,7,3,4.5,6.5,2.0,0,13,14,1.0,PREREGISTERED_PRIMARY_ANALYSIS_COMPLETED,True,0.1,0.09449767799435928,0.35440905716981724,-0.5096774193548387,-0.35440905716981735,0.8743942201960008,False,False,False,False,,-1,nan
14,10,3,3-4-5-6,3,7,3,4.5,6.5,2.0,0,13,14,1.0,PREREGISTERED_PRIMARY_ANALYSIS_COMPLETED,True,0.2,0.18899535598871856,0.1904109026893056,-0.12569521690767518,-0.1904109026893056,0.9637436881370436,False,False,False,False,,-1,nan
14,10,3,3-4-5-6,3,7,3,4.5,6.5,2.0,0,13,14,1.0,PREREGISTERED_PRIMARY_ANALYSIS_COMPLETED,True,0.3,0.2834930339830778,0.22458126430466366,0.3419354838709677,-0.22458126430466363,0.9495632557233188,False,False,False,False,,-1,nan
14,10,3,3-4-5-6,3,7,3,4.5,6.5,2.0,0,13,14,1.0,PREREGISTERED_PRIMARY_ANALYSIS_COMPLETED,True,0.4,0.3779907119774371,0.31983676044528025,0.45494994438264746,-0.3198367604452802,0.8977044466678683,False,False,False,False,,-1,nan
14,10,4,4-5-6-7,4,6,4,5.5,6.5,1.0,0,13,14,1.0,PREREGISTERED_PRIMARY_ANALYSIS_COMPLETED,True,0.05,0.04724883899717964,-0.7221375723190366,-0.7681868743047832,0.7221375723190366,0.4785173266451676,True,False,False,False,,-1,nan
14,10,4,4-5-6-7,4,6,4,5.5,6.5,1.0,0,13,14,1.0,PREREGISTERED_PRIMARY_ANALYSIS_COMPLETED,True,0.1,0.09449767799435928,-0.4987420553097923,-0.7704115684093437,0.49874205530979243,0.7512563622653639,True,False,False,False,,-1,nan
14,10,4,4-5-6-7,4,6,4,5.5,6.5,1.0,0,13,14,1.0,PREREGISTERED_PRIMARY_ANALYSIS_COMPLETED,True,0.2,0.18899535598871856,-0.19206837310886887,-0.5777530589543938,0.19206837310886885,0.9631097400513123,True,False,False,False,,-1,nan
14,10,4,4-5-6-7,4,6,4,5.5,6.5,1.0,0,13,14,1.0,PREREGISTERED_PRIMARY_ANALYSIS_COMPLETED,True,0.3,0.2834930339830778,0.15782026434468435,-0.02513904338153504,-0.15782026434468435,0.975092764162174,False,False,False,False,,-1,nan
14,10,4,4-5-6-7,4,6,4,5.5,6.5,1.0,0,13,14,1.0,PREREGISTERED_PRIMARY_ANALYSIS_COMPLETED,True,0.4,0.3779907119774371,0.34163003065927094,0.44560622914349274,-0.34163003065927094,0.8832889221517456,False,False,False,False,,-1,nan
14,10,5,5-6-7-8,5,5,5,6.5,6.5,0.0,0,13,14,1.0,PREREGISTERED_PRIMARY_ANALYSIS_COMPLETED,True,0.05,0.04724883899717964,-0.9324295572719802,-0.553281423804227,0.9324295572719802,0.13057512072557909,True,True,True,True,,-1,nan
14,10,5,5-6-7-8,5,5,5,6.5,6.5,0.0,0,13,14,1.0,PREREGISTERED_PRIMARY_ANALYSIS_COMPLETED,True,0.1,0.09449767799435928,-0.8114024027368161,-0.4273637374860957,0.8114024027368157,0.3416261408329221,True,True,False,False,,-1,nan
14,10,5,5-6-7-8,5,5,5,6.5,6.5,0.0,0,13,14,1.0,PREREGISTERED_PRIMARY_ANALYSIS_COMPLETED,True,0.2,0.18899535598871856,-0.6202700185757534,-0.3281423804226919,0.6202700185757531,0.6152651040560347,True,False,False,False,,-1,nan
14,10,5,5-6-7-8,5,5,5,6.5,6.5,0.0,0,13,14,1.0,PREREGISTERED_PRIMARY_ANALYSIS_COMPLETED,True,0.3,0.2834930339830778,-0.5788595756159144,-0.2849833147942158,0.5788595756159143,0.6649215917177631,True,False,False,False,,-1,nan
14,10,5,5-6-7-8,5,5,5,6.5,6.5,0.0,0,13,14,1.0,PREREGISTERED_PRIMARY_ANALYSIS_COMPLETED,True,0.4,0.3779907119774371,-0.6164405917837372,-0.4046718576195773,0.6164405917837373,0.6200009968013155,True,False,False,False,,-1,nan
14,10,6,6-7-8-9,6,4,4,7.5,6.5,1.0,0,13,14,1.0,PREREGISTERED_PRIMARY_ANALYSIS_COMPLETED,True,0.05,0.04724883899717964,-0.7221375723623331,-0.7681868743047832,0.722137572362333,0.47851732658263596,True,False,False,False,,-1,nan
14,10,6,6-7-8-9,6,4,4,7.5,6.5,1.0,0,13,14,1.0,PREREGISTERED_PRIMARY_ANALYSIS_COMPLETED,True,0.1,0.09449767799435928,-0.498742055329596,-0.7704115684093437,0.49874205532959576,0.7512563622456105,True,False,False,False,,-1,nan
14,10,6,6-7-8-9,6,4,4,7.5,6.5,1.0,0,13,14,1.0,PREREGISTERED_PRIMARY_ANALYSIS_COMPLETED,True,0.2,0.18899535598871856,-0.192068373110525,-0.5777530589543938,0.192068373110525,0.9631097400506762,True,False,False,False,,-1,nan
14,10,6,6-7-8-9,6,4,4,7.5,6.5,1.0,0,13,14,1.0,PREREGISTERED_PRIMARY_ANALYSIS_COMPLETED,True,0.3,0.2834930339830778,0.15782026434999996,-0.02513904338153504,-0.1578202643499999,0.9750927641604958,False,False,False,False,,-1,nan
14,10,6,6-7-8-9,6,4,4,7.5,6.5,1.0,0,13,14,1.0,PREREGISTERED_PRIMARY_ANALYSIS_COMPLETED,True,0.4,0.3779907119774371,0.3416300306658734,0.44560622914349274,-0.3416300306658734,0.8832889221472343,False,False,False,False,,-1,nan
14,10,7,7-8-9-10,7,3,3,8.5,6.5,2.0,0,13,14,1.0,PREREGISTERED_PRIMARY_ANALYSIS_COMPLETED,True,0.05,0.04724883899717964,0.658933860831432,-0.4776418242491657,-0.6589338608314323,0.5658061670497821,False,False,False,False,,-1,nan
14,10,7,7-8-9-10,7,3,3,8.5,6.5,2.0,0,13,14,1.0,PREREGISTERED_PRIMARY_ANALYSIS_COMPLETED,True,0.1,0.09449767799435928,0.3544090571490526,-0.5096774193548387,-0.3544090571490525,0.8743942202107196,False,False,False,False,,-1,nan
14,10,7,7-8-9-10,7,3,3,8.5,6.5,2.0,0,13,14,1.0,PREREGISTERED_PRIMARY_ANALYSIS_COMPLETED,True,0.2,0.18899535598871856,0.1904109026826361,-0.12569521690767518,-0.19041090268263605,0.9637436881395833,False,False,False,False,,-1,nan
14,10,7,7-8-9-10,7,3,3,8.5,6.5,2.0,0,13,14,1.0,PREREGISTERED_PRIMARY_ANALYSIS_COMPLETED,True,0.3,0.2834930339830778,0.2245812642999448,0.3419354838709677,-0.22458126429994488,0.9495632557254382,False,False,False,False,,-1,nan
14,10,7,7-8-9-10,7,3,3,8.5,6.5,2.0,0,13,14,1.0,PREREGISTERED_PRIMARY_ANALYSIS_COMPLETED,True,0.4,0.3779907119774371,0.3198367604406425,0.45494994438264746,-0.31983676044064263,0.8977044466708348,False,False,False,False,,-1,nan
14,10,8,8-9-10-11,8,2,2,9.5,6.5,3.0,0,13,14,1.0,PREREGISTERED_PRIMARY_ANALYSIS_COMPLETED,True,0.05,0.04724883899717964,0.35233757263895227,-0.3410456062291435,-0.35233757263895227,0.8758582349068913,False,False,False,False,,-1,nan
14,10,8,8-9-10-11,8,2,2,9.5,6.5,3.0,0,13,14,1.0,PREREGISTERED_PRIMARY_ANALYSIS_COMPLETED,True,0.1,0.09449767799435928,0.14213774657282102,-0.49499443826473855,-0.14213774657282102,0.9797968609992005,False,False,False,False,,-1,nan
14,10,8,8-9-10-11,8,2,2,9.5,6.5,3.0,0,13,14,1.0,PREREGISTERED_PRIMARY_ANALYSIS_COMPLETED,True,0.2,0.18899535598871856,0.28389737665810455,0.06740823136818688,-0.28389737665810433,0.9194022795266464,False,False,False,False,,-1,nan
14,10,8,8-9-10-11,8,2,2,9.5,6.5,3.0,0,13,14,1.0,PREREGISTERED_PRIMARY_ANALYSIS_COMPLETED,True,0.3,0.2834930339830778,0.4527328861687289,0.4318131256952169,-0.45273288616872864,0.7950329337813332,False,False,False,False,,-1,nan
14,10,8,8-9-10-11,8,2,2,9.5,6.5,3.0,0,13,14,1.0,PREREGISTERED_PRIMARY_ANALYSIS_COMPLETED,True,0.4,0.3779907119774371,0.564507182076881,0.5759733036707452,-0.564507182076881,0.6813316413836189,False,False,False,False,,-1,nan
14,10,9,9-10-11-12,9,1,1,10.5,6.5,4.0,0,13,14,1.0,PREREGISTERED_PRIMARY_ANALYSIS_COMPLETED,True,0.05,0.04724883899717964,-0.5614640813292584,-0.6618464961067854,0.561464081329259,0.6847580853770914,True,False,False,False,,-1,nan
14,10,9,9-10-11-12,9,1,1,10.5,6.5,4.0,0,13,14,1.0,PREREGISTERED_PRIMARY_ANALYSIS_COMPLETED,True,0.1,0.09449767799435928,-0.399731955875513,-0.7236929922135705,0.39973195587551297,0.840214363451937,True,False,False,False,,-1,nan
14,10,9,9-10-11-12,9,1,1,10.5,6.5,4.0,0,13,14,1.0,PREREGISTERED_PRIMARY_ANALYSIS_COMPLETED,True,0.2,0.18899535598871856,0.06698110361250648,-0.09766407119021134,-0.06698110361250648,0.995513531758851,False,False,False,False,,-1,nan
14,10,9,9-10-11-12,9,1,1,10.5,6.5,4.0,0,13,14,1.0,PREREGISTERED_PRIMARY_ANALYSIS_COMPLETED,True,0.3,0.2834930339830778,0.4353746989065432,0.5412680756395996,-0.43537469890654307,0.8104488715520366,False,False,False,False,,-1,nan
14,10,9,9-10-11-12,9,1,1,10.5,6.5,4.0,0,13,14,1.0,PREREGISTERED_PRIMARY_ANALYSIS_COMPLETED,True,0.4,0.3779907119774371,0.5883877495512677,0.6565072302558399,-0.5883877495512675,0.6537998561779944,False,False,False,False,,-1,nan
14,10,10,10-11-12-13,10,0,0,11.5,6.5,5.0,0,13,14,1.0,PREREGISTERED_PRIMARY_ANALYSIS_COMPLETED,True,0.05,0.04724883899717964,-0.8085482128319658,-0.7090100111234705,0.808548212831966,0.3462497875262343,True,True,False,False,,-1,nan
14,10,10,10-11-12-13,10,0,0,11.5,6.5,5.0,0,13,14,1.0,PREREGISTERED_PRIMARY_ANALYSIS_COMPLETED,True,0.1,0.09449767799435928,-0.6297097593059233,-0.3619577308120133,0.629709759305923,0.6034656190348765,True,False,False,False,,-1,nan
14,10,10,10-11-12-13,10,0,0,11.5,6.5,5.0,0,13,14,1.0,PREREGISTERED_PRIMARY_ANALYSIS_COMPLETED,True,0.2,0.18899535598871856,-0.3174078207297226,0.059844271412680755,0.31740782072972273,0.8992522753396083,True,False,False,False,,-1,nan
14,10,10,10-11-12-13,10,0,0,11.5,6.5,5.0,0,13,14,1.0,PREREGISTERED_PRIMARY_ANALYSIS_COMPLETED,True,0.3,0.2834930339830778,0.15993993699401185,0.5038932146829811,-0.15993993699401188,0.9744192165543516,False,False,False,False,,-1,nan
14,10,10,10-11-12-13,10,0,0,11.5,6.5,5.0,0,13,14,1.0,PREREGISTERED_PRIMARY_ANALYSIS_COMPLETED,True,0.4,0.3779907119774371,0.4526522469830048,0.7152391546162402,-0.45265224698300477,0.7951059433012369,False,False,False,False,,-1,nan
14,11,0,0-1-2-3,0,10,0,1.5,6.5,5.0,0,13,14,1.0,PREREGISTERED_PRIMARY_ANALYSIS_COMPLETED,True,0.05,0.04724883899717964,-0.9447686530029926,-0.6747497219132369,0.9447686530029925,0.10741219230291076,True,True,True,True,,-1,nan
14,11,0,0-1-2-3,0,10,0,1.5,6.5,5.0,0,13,14,1.0,PREREGISTERED_PRIMARY_ANALYSIS_COMPLETED,True,0.1,0.09449767799435928,-0.8594679706763607,-0.3263626251390434,0.8594679706763606,0.2613148073814584,True,True,False,False,,-1,nan
14,11,0,0-1-2-3,0,10,0,1.5,6.5,5.0,0,13,14,1.0,PREREGISTERED_PRIMARY_ANALYSIS_COMPLETED,True,0.2,0.18899535598871856,-0.5715335119447319,0.24271412680756396,0.5715335119447319,0.6733494447241211,True,False,False,False,,-1,nan
14,11,0,0-1-2-3,0,10,0,1.5,6.5,5.0,0,13,14,1.0,PREREGISTERED_PRIMARY_ANALYSIS_COMPLETED,True,0.3,0.2834930339830778,-0.05585443631416419,0.5995550611790879,0.05585443631416422,0.9968802819440268,True,False,False,False,,-1,nan
14,11,0,0-1-2-3,0,10,0,1.5,6.5,5.0,0,13,14,1.0,PREREGISTERED_PRIMARY_ANALYSIS_COMPLETED,True,0.4,0.3779907119774371,0.2958538997770637,0.7882091212458288,-0.2958538997770637,0.9124704699867031,False,False,False,False,,-1,nan
14,11,1,1-2-3-4,1,9,1,2.5,6.5,4.0,0,13,14,1.0,PREREGISTERED_PRIMARY_ANALYSIS_COMPLETED,True,0.05,0.04724883899717964,-0.3921007570810189,-0.6743047830923248,0.39210075708101877,0.846256996296492,True,False,False,False,,-1,nan
14,11,1,1-2-3-4,1,9,1,2.5,6.5,4.0,0,13,14,1.0,PREREGISTERED_PRIMARY_ANALYSIS_COMPLETED,True,0.1,0.09449767799435928,-0.30034760185847126,-0.7005561735261402,0.3003476018584715,0.909791318057865,True,False,False,False,,-1,nan
14,11,1,1-2-3-4,1,9,1,2.5,6.5,4.0,0,13,14,1.0,PREREGISTERED_PRIMARY_ANALYSIS_COMPLETED,True,0.2,0.18899535598871856,0.006174751486160016,-0.1599555061179088,-0.006174751486159942,0.9999618724440843,False,False,False,False,,-1,nan
14,11,1,1-2-3-4,1,9,1,2.5,6.5,4.0,0,13,14,1.0,PREREGISTERED_PRIMARY_ANALYSIS_COMPLETED,True,0.3,0.2834930339830778,0.36719980687532927,0.5537263626251391,-0.3671998068753294,0.8651643018307211,False,False,False,False,,-1,nan
14,11,1,1-2-3-4,1,9,1,2.5,6.5,4.0,0,13,14,1.0,PREREGISTERED_PRIMARY_ANALYSIS_COMPLETED,True,0.4,0.3779907119774371,0.540901549626723,0.6614015572858732,-0.5409015496267227,0.7074255136114099,False,False,False,False,,-1,nan
14,11,2,2-3-4-5,2,8,2,3.5,6.5,3.0,0,13,14,1.0,PREREGISTERED_PRIMARY_ANALYSIS_COMPLETED,True,0.05,0.04724883899717964,0.32583635126865257,-0.3721913236929922,-0.3258363512686522,0.8938306721919317,False,False,False,False,,-1,nan
14,11,2,2-3-4-5,2,8,2,3.5,6.5,3.0,0,13,14,1.0,PREREGISTERED_PRIMARY_ANALYSIS_COMPLETED,True,0.1,0.09449767799435928,0.03233889664151784,-0.49855394883203563,-0.03233889664151775,0.9989541957640089,False,False,False,False,,-1,nan
14,11,2,2-3-4-5,2,8,2,3.5,6.5,3.0,0,13,14,1.0,PREREGISTERED_PRIMARY_ANALYSIS_COMPLETED,True,0.2,0.18899535598871856,0.11495283039908094,-0.2765294771968854,-0.114952830399081,0.9867858467832403,False,False,False,False,,-1,nan
14,11,2,2-3-4-5,2,8,2,3.5,6.5,3.0,0,13,14,1.0,PREREGISTERED_PRIMARY_ANALYSIS_COMPLETED,True,0.3,0.2834930339830778,0.42140085788651477,0.5728587319243604,-0.4214008578865147,0.8224213169725094,False,False,False,False,,-1,nan
14,11,2,2-3-4-5,2,8,2,3.5,6.5,3.0,0,13,14,1.0,PREREGISTERED_PRIMARY_ANALYSIS_COMPLETED,True,0.4,0.3779907119774371,0.5792183148614928,0.6938820912124583,-0.5792183148614929,0.6645061437290124,False,False,False,False,,-1,nan
14,11,3,3-4-5-6,3,7,3,4.5,6.5,2.0,0,13,14,1.0,PREREGISTERED_PRIMARY_ANALYSIS_COMPLETED,True,0.05,0.04724883899717964,-0.9289697995661605,-0.9288097886540599,0.9289697995661607,0.1370151114940077,True,True,True,True,,-1,nan
14,11,3,3-4-5-6,3,7,3,4.5,6.5,2.0,0,13,14,1.0,PREREGISTERED_PRIMARY_ANALYSIS_COMPLETED,True,0.1,0.09449767799435928,-0.9217549803178399,-0.9159065628476083,0.9217549803178402,0.1503677562592581,True,True,True,True,,-1,nan
14,11,3,3-4-5-6,3,7,3,4.5,6.5,2.0,0,13,14,1.0,PREREGISTERED_PRIMARY_ANALYSIS_COMPLETED,True,0.2,0.18899535598871856,-0.9681408520853364,-0.9728587319243605,0.968140852085337,0.0627032905234781,True,True,True,True,,-1,nan
14,11,3,3-4-5-6,3,7,3,4.5,6.5,2.0,0,13,14,1.0,PREREGISTERED_PRIMARY_ANALYSIS_COMPLETED,True,0.3,0.2834930339830778,-0.9860738904793808,-0.9741935483870968,0.9860738904793811,0.027658282514857777,True,True,True,True,,-1,nan
14,11,3,3-4-5-6,3,7,3,4.5,6.5,2.0,0,13,14,1.0,PREREGISTERED_PRIMARY_ANALYSIS_COMPLETED,True,0.4,0.3779907119774371,-0.9911753109220803,-0.9016685205784205,0.9911753109220797,0.017571503018517988,True,True,True,True,,-1,nan
14,11,4,4-5-6-7,4,6,4,5.5,6.5,1.0,0,13,14,1.0,PREREGISTERED_PRIMARY_ANALYSIS_COMPLETED,True,0.05,0.04724883899717964,-0.9274812911731,-0.8389321468298109,0.9274812911731005,0.13977845452387866,True,True,True,True,,-1,nan
14,11,4,4-5-6-7,4,6,4,5.5,6.5,1.0,0,13,14,1.0,PREREGISTERED_PRIMARY_ANALYSIS_COMPLETED,True,0.1,0.09449767799435928,-0.9207503474135268,-0.8798665183537263,0.9207503474135267,0.15221879773787003,True,True,True,True,,-1,nan
14,11,4,4-5-6-7,4,6,4,5.5,6.5,1.0,0,13,14,1.0,PREREGISTERED_PRIMARY_ANALYSIS_COMPLETED,True,0.2,0.18899535598871856,-0.964164848322866,-0.9248053392658508,0.9641648483228658,0.07038614525854502,True,True,True,True,,-1,nan
14,11,4,4-5-6-7,4,6,4,5.5,6.5,1.0,0,13,14,1.0,PREREGISTERED_PRIMARY_ANALYSIS_COMPLETED,True,0.3,0.2834930339830778,-0.982105693428337,-0.978642936596218,0.9821056934283373,0.035468406935644695,True,True,True,True,,-1,nan
14,11,4,4-5-6-7,4,6,4,5.5,6.5,1.0,0,13,14,1.0,PREREGISTERED_PRIMARY_ANALYSIS_COMPLETED,True,0.4,0.3779907119774371,-0.9879830676568858,-0.9902113459399332,0.987983067656886,0.023889458023288897,True,True,True,True,,-1,nan
14,11,5,5-6-7-8,5,5,5,6.5,6.5,0.0,0,13,14,1.0,PREREGISTERED_PRIMARY_ANALYSIS_COMPLETED,True,0.05,0.04724883899717964,-0.09886917334335467,-0.560845383759733,0.09886917334335459,0.9902248865624016,True,False,False,False,,-1,nan
14,11,5,5-6-7-8,5,5,5,6.5,6.5,0.0,0,13,14,1.0,PREREGISTERED_PRIMARY_ANALYSIS_COMPLETED,True,0.1,0.09449767799435928,-0.3060245850954077,-0.6840934371523915,0.30602458509540764,0.9063489533171835,True,False,False,False,,-1,nan
14,11,5,5-6-7-8,5,5,5,6.5,6.5,0.0,0,13,14,1.0,PREREGISTERED_PRIMARY_ANALYSIS_COMPLETED,True,0.2,0.18899535598871856,-0.6670237441122608,-0.8211345939933259,0.6670237441122611,0.5550793247904608,True,False,False,False,,-1,nan
14,11,5,5-6-7-8,5,5,5,6.5,6.5,0.0,0,13,14,1.0,PREREGISTERED_PRIMARY_ANALYSIS_COMPLETED,True,0.3,0.2834930339830778,-0.8131008566766514,-0.8202447163515018,0.8131008566766514,0.3388669968716956,True,True,False,False,,-1,nan
14,11,5,5-6-7-8,5,5,5,6.5,6.5,0.0,0,13,14,1.0,PREREGISTERED_PRIMARY_ANALYSIS_COMPLETED,True,0.4,0.3779907119774371,-0.8619824594729829,-0.7147942157953281,0.861982459472983,0.2569862395609072,True,True,False,False,,-1,nan
14,11,6,6-7-8-9,6,4,4,7.5,6.5,1.0,0,13,14,1.0,PREREGISTERED_PRIMARY_ANALYSIS_COMPLETED,True,0.05,0.04724883899717964,-0.9274812912164774,-0.8389321468298109,0.9274812912164778,0.13977845444341566,True,True,True,True,,-1,nan
14,11,6,6-7-8-9,6,4,4,7.5,6.5,1.0,0,13,14,1.0,PREREGISTERED_PRIMARY_ANALYSIS_COMPLETED,True,0.1,0.09449767799435928,-0.9207503474348402,-0.8798665183537263,0.9207503474348402,0.15221879769862098,True,True,True,True,,-1,nan
14,11,6,6-7-8-9,6,4,4,7.5,6.5,1.0,0,13,14,1.0,PREREGISTERED_PRIMARY_ANALYSIS_COMPLETED,True,0.2,0.18899535598871856,-0.9641648483268493,-0.9248053392658508,0.9641648483268492,0.07038614525086305,True,True,True,True,,-1,nan
14,11,6,6-7-8-9,6,4,4,7.5,6.5,1.0,0,13,14,1.0,PREREGISTERED_PRIMARY_ANALYSIS_COMPLETED,True,0.3,0.2834930339830778,-0.982105693429364,-0.978642936596218,0.982105693429364,0.03546840693362905,True,True,True,True,,-1,nan
14,11,6,6-7-8-9,6,4,4,7.5,6.5,1.0,0,13,14,1.0,PREREGISTERED_PRIMARY_ANALYSIS_COMPLETED,True,0.4,0.3779907119774371,-0.9879830676572983,-0.9902113459399332,0.9879830676572977,0.023889458022474743,True,True,True,True,,-1,nan
14,11,7,7-8-9-10,7,3,3,8.5,6.5,2.0,0,13,14,1.0,PREREGISTERED_PRIMARY_ANALYSIS_COMPLETED,True,0.05,0.04724883899717964,-0.9289697995617134,-0.9288097886540599,0.9289697995617137,0.13701511150226992,True,True,True,True,,-1,nan
14,11,7,7-8-9-10,7,3,3,8.5,6.5,2.0,0,13,14,1.0,PREREGISTERED_PRIMARY_ANALYSIS_COMPLETED,True,0.1,0.09449767799435928,-0.9217549803103459,-0.9159065628476083,0.9217549803103456,0.15036775627307417,True,True,True,True,,-1,nan
14,11,7,7-8-9-10,7,3,3,8.5,6.5,2.0,0,13,14,1.0,PREREGISTERED_PRIMARY_ANALYSIS_COMPLETED,True,0.2,0.18899535598871856,-0.9681408520815185,-0.9728587319243605,0.9681408520815183,0.06270329053087084,True,True,True,True,,-1,nan
14,11,7,7-8-9-10,7,3,3,8.5,6.5,2.0,0,13,14,1.0,PREREGISTERED_PRIMARY_ANALYSIS_COMPLETED,True,0.3,0.2834930339830778,-0.9860738904774001,-0.9741935483870968,0.9860738904774008,0.027658282518764263,True,True,True,True,,-1,nan
14,11,7,7-8-9-10,7,3,3,8.5,6.5,2.0,0,13,14,1.0,PREREGISTERED_PRIMARY_ANALYSIS_COMPLETED,True,0.4,0.3779907119774371,-0.9911753109207083,-0.9016685205784205,0.9911753109207084,0.01757150302123716,True,True,True,True,,-1,nan
14,11,8,8-9-10-11,8,2,2,9.5,6.5,3.0,0,13,14,1.0,PREREGISTERED_PRIMARY_ANALYSIS_COMPLETED,True,0.05,0.04724883899717964,0.32583635137876843,-0.3721913236929922,-0.3258363513787683,0.8938306721201718,False,False,False,False,,-1,nan
14,11,8,8-9-10-11,8,2,2,9.5,6.5,3.0,0,13,14,1.0,PREREGISTERED_PRIMARY_ANALYSIS_COMPLETED,True,0.1,0.09449767799435928,0.03233889665915569,-0.49855394883203563,-0.03233889665915565,0.9989541957628684,False,False,False,False,,-1,nan
14,11,8,8-9-10-11,8,2,2,9.5,6.5,3.0,0,13,14,1.0,PREREGISTERED_PRIMARY_ANALYSIS_COMPLETED,True,0.2,0.18899535598871856,0.11495283041631069,-0.2765294771968854,-0.1149528304163107,0.9867858467792789,False,False,False,False,,-1,nan
14,11,8,8-9-10-11,8,2,2,9.5,6.5,3.0,0,13,14,1.0,PREREGISTERED_PRIMARY_ANALYSIS_COMPLETED,True,0.3,0.2834930339830778,0.4214008579125284,0.5728587319243604,-0.4214008579125283,0.8224213169505852,False,False,False,False,,-1,nan
14,11,8,8-9-10-11,8,2,2,9.5,6.5,3.0,0,13,14,1.0,PREREGISTERED_PRIMARY_ANALYSIS_COMPLETED,True,0.4,0.3779907119774371,0.5792183148865276,0.6938820912124583,-0.5792183148865275,0.6645061437000116,False,False,False,False,,-1,nan
14,11,9,9-10-11-12,9,1,1,10.5,6.5,4.0,0,13,14,1.0,PREREGISTERED_PRIMARY_ANALYSIS_COMPLETED,True,0.05,0.04724883899717964,-0.3921007571327085,-0.6743047830923248,0.3921007571327085,0.8462569962559569,True,False,False,False,,-1,nan
14,11,9,9-10-11-12,9,1,1,10.5,6.5,4.0,0,13,14,1.0,PREREGISTERED_PRIMARY_ANALYSIS_COMPLETED,True,0.1,0.09449767799435928,-0.30034760186957826,-0.7005561735261402,0.3003476018695783,0.9097913180511932,True,False,False,False,,-1,nan
14,11,9,9-10-11-12,9,1,1,10.5,6.5,4.0,0,13,14,1.0,PREREGISTERED_PRIMARY_ANALYSIS_COMPLETED,True,0.2,0.18899535598871856,0.006174751488059941,-0.1599555061179088,-0.006174751488059921,0.9999618724440609,False,False,False,False,,-1,nan
14,11,9,9-10-11-12,9,1,1,10.5,6.5,4.0,0,13,14,1.0,PREREGISTERED_PRIMARY_ANALYSIS_COMPLETED,True,0.3,0.2834930339830778,0.3671998068811981,0.5537263626251391,-0.36719980688119824,0.8651643018264106,False,False,False,False,,-1,nan
14,11,9,9-10-11-12,9,1,1,10.5,6.5,4.0,0,13,14,1.0,PREREGISTERED_PRIMARY_ANALYSIS_COMPLETED,True,0.4,0.3779907119774371,0.5409015496329503,0.6614015572858732,-0.5409015496329505,0.707425513604673,False,False,False,False,,-1,nan
14,11,10,10-11-12-13,10,0,0,11.5,6.5,5.0,0,13,14,1.0,PREREGISTERED_PRIMARY_ANALYSIS_COMPLETED,True,0.05,0.04724883899717964,-0.944768653631489,-0.6747497219132369,0.9447686536314888,0.10741219111534421,True,True,True,True,,-1,nan
14,11,10,10-11-12-13,10,0,0,11.5,6.5,5.0,0,13,14,1.0,PREREGISTERED_PRIMARY_ANALYSIS_COMPLETED,True,0.1,0.09449767799435928,-0.85946797114593,-0.3263626251390434,0.8594679711459303,0.2613148065742981,True,True,False,False,,-1,nan
14,11,10,10-11-12-13,10,0,0,11.5,6.5,5.0,0,13,14,1.0,PREREGISTERED_PRIMARY_ANALYSIS_COMPLETED,True,0.2,0.18899535598871856,-0.5715335120957532,0.24271412680756396,0.5715335120957532,0.6733494445514936,True,False,False,False,,-1,nan
14,11,10,10-11-12-13,10,0,0,11.5,6.5,5.0,0,13,14,1.0,PREREGISTERED_PRIMARY_ANALYSIS_COMPLETED,True,0.3,0.2834930339830778,-0.05585443632041446,0.5995550611790879,0.05585443632041442,0.9968802819433288,True,False,False,False,,-1,nan
14,11,10,10-11-12-13,10,0,0,11.5,6.5,5.0,0,13,14,1.0,PREREGISTERED_PRIMARY_ANALYSIS_COMPLETED,True,0.4,0.3779907119774371,0.2958538998074109,0.7882091212458288,-0.2958538998074109,0.9124704699687467,False,False,False,False,,-1,nan
14,12,0,0-1-2-3,0,10,0,1.5,6.5,5.0,0,13,14,1.0,PREREGISTERED_PRIMARY_ANALYSIS_COMPLETED,True,0.05,0.04724883899717964,-0.9846069723812145,-0.5279199110122358,0.9846069723812154,0.030549109938297597,True,True,True,True,,-1,nan
14,12,0,0-1-2-3,0,10,0,1.5,6.5,5.0,0,13,14,1.0,PREREGISTERED_PRIMARY_ANALYSIS_COMPLETED,True,0.1,0.09449767799435928,-0.9495889224347792,-0.23515016685205786,0.9495889224347789,0.09828087838915579,True,True,True,True,,-1,nan
14,12,0,0-1-2-3,0,10,0,1.5,6.5,5.0,0,13,14,1.0,PREREGISTERED_PRIMARY_ANALYSIS_COMPLETED,True,0.2,0.18899535598871856,-0.7376464941905887,0.33036707452725245,0.7376464941905885,0.4558776496083339,True,False,False,False,,-1,nan
14,12,0,0-1-2-3,0,10,0,1.5,6.5,5.0,0,13,14,1.0,PREREGISTERED_PRIMARY_ANALYSIS_COMPLETED,True,0.3,0.2834930339830778,-0.2716142252632683,0.4487208008898776,0.27161422526326806,0.9262257126346345,True,False,False,False,,-1,nan
14,12,0,0-1-2-3,0,10,0,1.5,6.5,5.0,0,13,14,1.0,PREREGISTERED_PRIMARY_ANALYSIS_COMPLETED,True,0.4,0.3779907119774371,0.0915713397155056,0.5902113459399333,-0.09157133971550561,0.9916146897427075,False,False,False,False,,-1,nan
14,12,1,1-2-3-4,1,9,1,2.5,6.5,4.0,0,13,14,1.0,PREREGISTERED_PRIMARY_ANALYSIS_COMPLETED,True,0.05,0.04724883899717964,-0.72261079298263,-0.7472747497219132,0.7226107929826296,0.47783364186501526,True,False,False,False,,-1,nan
14,12,1,1-2-3-4,1,9,1,2.5,6.5,4.0,0,13,14,1.0,PREREGISTERED_PRIMARY_ANALYSIS_COMPLETED,True,0.1,0.09449767799435928,-0.5323032545481842,-0.44293659621801995,0.5323032545481841,0.7166532451974114,True,False,False,False,,-1,nan
14,12,1,1-2-3-4,1,9,1,2.5,6.5,4.0,0,13,14,1.0,PREREGISTERED_PRIMARY_ANALYSIS_COMPLETED,True,0.2,0.18899535598871856,-0.22166589299961717,0.06785317018909899,0.22166589299961714,0.9508642318806824,True,False,False,False,,-1,nan
14,12,1,1-2-3-4,1,9,1,2.5,6.5,4.0,0,13,14,1.0,PREREGISTERED_PRIMARY_ANALYSIS_COMPLETED,True,0.3,0.2834930339830778,0.24272662897978867,0.47541713014460507,-0.24272662897978872,0.9410837835841078,False,False,False,False,,-1,nan
14,12,1,1-2-3-4,1,9,1,2.5,6.5,4.0,0,13,14,1.0,PREREGISTERED_PRIMARY_ANALYSIS_COMPLETED,True,0.4,0.3779907119774371,0.5084337963195009,0.7032258064516129,-0.5084337963195009,0.7414950747601403,False,False,False,False,,-1,nan
14,12,2,2-3-4-5,2,8,2,3.5,6.5,3.0,0,13,14,1.0,PREREGISTERED_PRIMARY_ANALYSIS_COMPLETED,True,0.05,0.04724883899717964,-0.6104761041350972,-0.6244716351501668,0.6104761041350973,0.6273189262800338,True,False,False,False,,-1,nan
14,12,2,2-3-4-5,2,8,2,3.5,6.5,3.0,0,13,14,1.0,PREREGISTERED_PRIMARY_ANALYSIS_COMPLETED,True,0.1,0.09449767799435928,-0.4275864375471834,-0.72146829810901,0.4275864375471835,0.8171698384257085,True,False,False,False,,-1,nan
14,12,2,2-3-4-5,2,8,2,3.5,6.5,3.0,0,13,14,1.0,PREREGISTERED_PRIMARY_ANALYSIS_COMPLETED,True,0.2,0.18899535598871856,0.10310514922238091,-0.14927697441601778,-0.1031051492223809,0.9893693282038306,False,False,False,False,,-1,nan
14,12,2,2-3-4-5,2,8,2,3.5,6.5,3.0,0,13,14,1.0,PREREGISTERED_PRIMARY_ANALYSIS_COMPLETED,True,0.3,0.2834930339830778,0.45915285159952307,0.5426028921023358,-0.459152851599523,0.7891786588680265,False,False,False,False,,-1,nan
14,12,2,2-3-4-5,2,8,2,3.5,6.5,3.0,0,13,14,1.0,PREREGISTERED_PRIMARY_ANALYSIS_COMPLETED,True,0.4,0.3779907119774371,0.6068980726583378,0.6711902113459399,-0.6068980726583381,0.6316747294035947,False,False,False,False,,-1,nan
14,12,3,3-4-5-6,3,7,3,4.5,6.5,2.0,0,13,14,1.0,PREREGISTERED_PRIMARY_ANALYSIS_COMPLETED,True,0.05,0.04724883899717964,-0.8947076754854454,-0.614238042269188,0.8947076754854454,0.19949817542743117,True,True,True,True,,-1,nan
14,12,3,3-4-5-6,3,7,3,4.5,6.5,2.0,0,13,14,1.0,PREREGISTERED_PRIMARY_ANALYSIS_COMPLETED,True,0.1,0.09449767799435928,-0.7548447919501694,-0.6974416017797552,0.7548447919501693,0.43020934006570577,True,False,False,False,,-1,nan
14,12,3,3-4-5-6,3,7,3,4.5,6.5,2.0,0,13,14,1.0,PREREGISTERED_PRIMARY_ANALYSIS_COMPLETED,True,0.2,0.18899535598871856,-0.1882563375940092,-0.047385984427141266,0.18825633759400923,0.9645595513556902,True,False,False,False,,-1,nan
14,12,3,3-4-5-6,3,7,3,4.5,6.5,2.0,0,13,14,1.0,PREREGISTERED_PRIMARY_ANALYSIS_COMPLETED,True,0.3,0.2834930339830778,0.41666124961868906,0.5341490545050055,-0.41666124961868906,0.8263934030661926,False,False,False,False,,-1,nan
14,12,3,3-4-5-6,3,7,3,4.5,6.5,2.0,0,13,14,1.0,PREREGISTERED_PRIMARY_ANALYSIS_COMPLETED,True,0.4,0.3779907119774371,0.6344472903860283,0.6925472747497218,-0.6344472903860279,0.5974766357218273,False,False,False,False,,-1,nan
14,12,4,4-5-6-7,4,6,4,5.5,6.5,1.0,0,13,14,1.0,PREREGISTERED_PRIMARY_ANALYSIS_COMPLETED,True,0.05,0.04724883899717964,-0.9945319944422268,-0.9595105672969966,0.9945319944422272,0.010906112030765533,True,True,True,True,,-1,nan
14,12,4,4-5-6-7,4,6,4,5.5,6.5,1.0,0,13,14,1.0,PREREGISTERED_PRIMARY_ANALYSIS_COMPLETED,True,0.1,0.09449767799435928,-0.9891353684477314,-0.9799777530589545,0.9891353684477314,0.021611222885770064,True,True,True,True,,-1,nan
14,12,4,4-5-6-7,4,6,4,5.5,6.5,1.0,0,13,14,1.0,PREREGISTERED_PRIMARY_ANALYSIS_COMPLETED,True,0.2,0.18899535598871856,-0.9866066033123854,-0.9741935483870968,0.9866066033123853,0.026607410300398062,True,True,True,True,,-1,nan
14,12,4,4-5-6-7,4,6,4,5.5,6.5,1.0,0,13,14,1.0,PREREGISTERED_PRIMARY_ANALYSIS_COMPLETED,True,0.3,0.2834930339830778,-0.9888985254855697,-0.985761957730812,0.9888985254855696,0.022079706292466132,True,True,True,True,,-1,nan
14,12,4,4-5-6-7,4,6,4,5.5,6.5,1.0,0,13,14,1.0,PREREGISTERED_PRIMARY_ANALYSIS_COMPLETED,True,0.4,0.3779907119774371,-0.9908240678572592,-0.9132369299221357,0.9908240678572594,0.0182676665547929,True,True,True,True,,-1,nan
14,12,5,5-6-7-8,5,5,5,6.5,6.5,0.0,0,13,14,1.0,PREREGISTERED_PRIMARY_ANALYSIS_COMPLETED,True,0.05,0.04724883899717964,-0.9868768341833606,-0.8972191323692991,0.98687683418336,0.026074114152228815,True,True,True,True,,-1,nan
14,12,5,5-6-7-8,5,5,5,6.5,6.5,0.0,0,13,14,1.0,PREREGISTERED_PRIMARY_ANALYSIS_COMPLETED,True,0.1,0.09449767799435928,-0.9734940719166925,-0.8598442714126807,0.9734940719166929,0.05230929194305748,True,True,True,True,,-1,nan
14,12,5,5-6-7-8,5,5,5,6.5,6.5,0.0,0,13,14,1.0,PREREGISTERED_PRIMARY_ANALYSIS_COMPLETED,True,0.2,0.18899535598871856,-0.9590151587047976,-0.9114571746384873,0.9590151587047978,0.08028992537441146,True,True,True,True,,-1,nan
14,12,5,5-6-7-8,5,5,5,6.5,6.5,0.0,0,13,14,1.0,PREREGISTERED_PRIMARY_ANALYSIS_COMPLETED,True,0.3,0.2834930339830778,-0.9537442982196104,-0.9350389321468298,0.9537442982196108,0.09037181361358171,True,True,True,True,,-1,nan
14,12,5,5-6-7-8,5,5,5,6.5,6.5,0.0,0,13,14,1.0,PREREGISTERED_PRIMARY_ANALYSIS_COMPLETED,True,0.4,0.3779907119774371,-0.9535273495844402,-0.8291434927697442,0.9535273495844404,0.09078559359447258,True,True,True,True,,-1,nan
14,12,6,6-7-8-9,6,4,4,7.5,6.5,1.0,0,13,14,1.0,PREREGISTERED_PRIMARY_ANALYSIS_COMPLETED,True,0.05,0.04724883899717964,-0.9945319944423623,-0.9595105672969966,0.9945319944423624,0.010906112030497508,True,True,True,True,,-1,nan
14,12,6,6-7-8-9,6,4,4,7.5,6.5,1.0,0,13,14,1.0,PREREGISTERED_PRIMARY_ANALYSIS_COMPLETED,True,0.1,0.09449767799435928,-0.9891353684478645,-0.9799777530589545,0.9891353684478648,0.021611222885506858,True,True,True,True,,-1,nan
14,12,6,6-7-8-9,6,4,4,7.5,6.5,1.0,0,13,14,1.0,PREREGISTERED_PRIMARY_ANALYSIS_COMPLETED,True,0.2,0.18899535598871856,-0.9866066033124805,-0.9741935483870968,0.9866066033124808,0.026607410300209286,True,True,True,True,,-1,nan
14,12,6,6-7-8-9,6,4,4,7.5,6.5,1.0,0,13,14,1.0,PREREGISTERED_PRIMARY_ANALYSIS_COMPLETED,True,0.3,0.2834930339830778,-0.9888985254856425,-0.985761957730812,0.9888985254856414,0.022079706292323274,True,True,True,True,,-1,nan
14,12,6,6-7-8-9,6,4,4,7.5,6.5,1.0,0,13,14,1.0,PREREGISTERED_PRIMARY_ANALYSIS_COMPLETED,True,0.4,0.3779907119774371,-0.9908240678573172,-0.9132369299221357,0.9908240678573174,0.018267666554678003,True,True,True,True,,-1,nan
14,12,7,7-8-9-10,7,3,3,8.5,6.5,2.0,0,13,14,1.0,PREREGISTERED_PRIMARY_ANALYSIS_COMPLETED,True,0.05,0.04724883899717964,-0.8947076755088588,-0.614238042269188,0.8947076755088584,0.19949817538553466,True,True,True,True,,-1,nan
14,12,7,7-8-9-10,7,3,3,8.5,6.5,2.0,0,13,14,1.0,PREREGISTERED_PRIMARY_ANALYSIS_COMPLETED,True,0.1,0.09449767799435928,-0.7548447919622424,-0.6974416017797552,0.7548447919622422,0.43020934004747896,True,False,False,False,,-1,nan
14,12,7,7-8-9-10,7,3,3,8.5,6.5,2.0,0,13,14,1.0,PREREGISTERED_PRIMARY_ANALYSIS_COMPLETED,True,0.2,0.18899535598871856,-0.1882563375964313,-0.047385984427141266,0.18825633759643118,0.9645595513547786,True,False,False,False,,-1,nan
14,12,7,7-8-9-10,7,3,3,8.5,6.5,2.0,0,13,14,1.0,PREREGISTERED_PRIMARY_ANALYSIS_COMPLETED,True,0.3,0.2834930339830778,0.4166612496195096,0.5341490545050055,-0.4166612496195094,0.8263934030655087,False,False,False,False,,-1,nan
14,12,7,7-8-9-10,7,3,3,8.5,6.5,2.0,0,13,14,1.0,PREREGISTERED_PRIMARY_ANALYSIS_COMPLETED,True,0.4,0.3779907119774371,0.6344472903873233,0.6925472747497218,-0.6344472903873236,0.5974766357201831,False,False,False,False,,-1,nan
14,12,8,8-9-10-11,8,2,2,9.5,6.5,3.0,0,13,14,1.0,PREREGISTERED_PRIMARY_ANALYSIS_COMPLETED,True,0.05,0.04724883899717964,-0.6104761041482614,-0.6244716351501668,0.6104761041482614,0.6273189262639612,True,False,False,False,,-1,nan
14,12,8,8-9-10-11,8,2,2,9.5,6.5,3.0,0,13,14,1.0,PREREGISTERED_PRIMARY_ANALYSIS_COMPLETED,True,0.1,0.09449767799435928,-0.42758643754984504,-0.72146829810901,0.4275864375498452,0.8171698384234323,True,False,False,False,,-1,nan
14,12,8,8-9-10-11,8,2,2,9.5,6.5,3.0,0,13,14,1.0,PREREGISTERED_PRIMARY_ANALYSIS_COMPLETED,True,0.2,0.18899535598871856,0.10310514921896734,-0.14927697441601778,-0.10310514921896734,0.9893693282045344,False,False,False,False,,-1,nan
14,12,8,8-9-10-11,8,2,2,9.5,6.5,3.0,0,13,14,1.0,PREREGISTERED_PRIMARY_ANALYSIS_COMPLETED,True,0.3,0.2834930339830778,0.4591528515962578,0.5426028921023358,-0.45915285159625785,0.789178658871025,False,False,False,False,,-1,nan
14,12,8,8-9-10-11,8,2,2,9.5,6.5,3.0,0,13,14,1.0,PREREGISTERED_PRIMARY_ANALYSIS_COMPLETED,True,0.4,0.3779907119774371,0.6068980726554465,0.6711902113459399,-0.6068980726554465,0.6316747294071043,False,False,False,False,,-1,nan
14,12,9,9-10-11-12,9,1,1,10.5,6.5,4.0,0,13,14,1.0,PREREGISTERED_PRIMARY_ANALYSIS_COMPLETED,True,0.05,0.04724883899717964,-0.7226107934516649,-0.7472747497219132,0.7226107934516647,0.47783364118715554,True,False,False,False,,-1,nan
14,12,9,9-10-11-12,9,1,1,10.5,6.5,4.0,0,13,14,1.0,PREREGISTERED_PRIMARY_ANALYSIS_COMPLETED,True,0.1,0.09449767799435928,-0.5323032547712451,-0.44293659621801995,0.5323032547712458,0.7166532449599383,True,False,False,False,,-1,nan
14,12,9,9-10-11-12,9,1,1,10.5,6.5,4.0,0,13,14,1.0,PREREGISTERED_PRIMARY_ANALYSIS_COMPLETED,True,0.2,0.18899535598871856,-0.22166589305766096,0.06785317018909899,0.22166589305766113,0.9508642318549497,True,False,False,False,,-1,nan
14,12,9,9-10-11-12,9,1,1,10.5,6.5,4.0,0,13,14,1.0,PREREGISTERED_PRIMARY_ANALYSIS_COMPLETED,True,0.3,0.2834930339830778,0.2427266289997033,0.47541713014460507,-0.24272662899970324,0.9410837835744403,False,False,False,False,,-1,nan
14,12,9,9-10-11-12,9,1,1,10.5,6.5,4.0,0,13,14,1.0,PREREGISTERED_PRIMARY_ANALYSIS_COMPLETED,True,0.4,0.3779907119774371,0.5084337963578872,0.7032258064516129,-0.5084337963578872,0.7414950747211062,False,False,False,False,,-1,nan
14,12,10,10-11-12-13,10,0,0,11.5,6.5,5.0,0,13,14,1.0,PREREGISTERED_PRIMARY_ANALYSIS_COMPLETED,True,0.05,0.04724883899717964,-0.9846069722279044,-0.5279199110122358,0.9846069722279043,0.030549110240199528,True,True,True,True,,-1,nan
14,12,10,10-11-12-13,10,0,0,11.5,6.5,5.0,0,13,14,1.0,PREREGISTERED_PRIMARY_ANALYSIS_COMPLETED,True,0.1,0.09449767799435928,-0.9495889222394809,-0.23515016685205786,0.9495889222394805,0.09828087876006106,True,True,True,True,,-1,nan
14,12,10,10-11-12-13,10,0,0,11.5,6.5,5.0,0,13,14,1.0,PREREGISTERED_PRIMARY_ANALYSIS_COMPLETED,True,0.2,0.18899535598871856,-0.7376464940602888,0.33036707452725245,0.7376464940602886,0.45587764980056433,True,False,False,False,,-1,nan
14,12,10,10-11-12-13,10,0,0,11.5,6.5,5.0,0,13,14,1.0,PREREGISTERED_PRIMARY_ANALYSIS_COMPLETED,True,0.3,0.2834930339830778,-0.27161422516881983,0.4487208008898776,0.2716142251688198,0.9262257126859417,True,False,False,False,,-1,nan
14,12,10,10-11-12-13,10,0,0,11.5,6.5,5.0,0,13,14,1.0,PREREGISTERED_PRIMARY_ANALYSIS_COMPLETED,True,0.4,0.3779907119774371,0.09157133979207438,0.5902113459399333,-0.09157133979207444,0.9916146897286844,False,False,False,False,,-1,nan
16,1,0,0-1-2-3,0,12,0,1.5,7.5,6.0,0,4,5,0.3125,MODULAR_SECTOR_UNDEFINED_RANK_DEFICIENT,False,0.05,0.04724883899717964,nan,nan,nan,nan,,,,,POSITIVITY_GATE_FAIL,0,0.0
16,1,0,0-1-2-3,0,12,0,1.5,7.5,6.0,0,4,5,0.3125,MODULAR_SECTOR_UNDEFINED_RANK_DEFICIENT,False,0.1,0.09449767799435928,nan,nan,nan,nan,,,,,POSITIVITY_GATE_FAIL,0,0.0
16,1,0,0-1-2-3,0,12,0,1.5,7.5,6.0,0,4,5,0.3125,MODULAR_SECTOR_UNDEFINED_RANK_DEFICIENT,False,0.2,0.18899535598871856,nan,nan,nan,nan,,,,,POSITIVITY_GATE_FAIL,0,0.0
16,1,0,0-1-2-3,0,12,0,1.5,7.5,6.0,0,4,5,0.3125,MODULAR_SECTOR_UNDEFINED_RANK_DEFICIENT,False,0.3,0.2834930339830778,nan,nan,nan,nan,,,,,POSITIVITY_GATE_FAIL,0,0.0
16,1,0,0-1-2-3,0,12,0,1.5,7.5,6.0,0,4,5,0.3125,MODULAR_SECTOR_UNDEFINED_RANK_DEFICIENT,False,0.4,0.3779907119774371,nan,nan,nan,nan,,,,,POSITIVITY_GATE_FAIL,0,0.0
16,1,1,1-2-3-4,1,11,1,2.5,7.5,5.0,0,5,6,0.375,MODULAR_SECTOR_UNDEFINED_RANK_DEFICIENT,False,0.05,0.04724883899717964,nan,nan,nan,nan,,,,,POSITIVITY_GATE_FAIL,0,0.0
16,1,1,1-2-3-4,1,11,1,2.5,7.5,5.0,0,5,6,0.375,MODULAR_SECTOR_UNDEFINED_RANK_DEFICIENT,False,0.1,0.09449767799435928,nan,nan,nan,nan,,,,,POSITIVITY_GATE_FAIL,0,0.0
16,1,1,1-2-3-4,1,11,1,2.5,7.5,5.0,0,5,6,0.375,MODULAR_SECTOR_UNDEFINED_RANK_DEFICIENT,False,0.2,0.18899535598871856,nan,nan,nan,nan,,,,,POSITIVITY_GATE_FAIL,0,0.0
16,1,1,1-2-3-4,1,11,1,2.5,7.5,5.0,0,5,6,0.375,MODULAR_SECTOR_UNDEFINED_RANK_DEFICIENT,False,0.3,0.2834930339830778,nan,nan,nan,nan,,,,,POSITIVITY_GATE_FAIL,0,0.0
16,1,1,1-2-3-4,1,11,1,2.5,7.5,5.0,0,5,6,0.375,MODULAR_SECTOR_UNDEFINED_RANK_DEFICIENT,False,0.4,0.3779907119774371,nan,nan,nan,nan,,,,,POSITIVITY_GATE_FAIL,0,0.0
16,1,2,2-3-4-5,2,10,2,3.5,7.5,4.0,1,6,6,0.375,MODULAR_SECTOR_UNDEFINED_RANK_DEFICIENT,False,0.05,0.04724883899717964,nan,nan,nan,nan,,,,,POSITIVITY_GATE_FAIL,0,0.0
16,1,2,2-3-4-5,2,10,2,3.5,7.5,4.0,1,6,6,0.375,MODULAR_SECTOR_UNDEFINED_RANK_DEFICIENT,False,0.1,0.09449767799435928,nan,nan,nan,nan,,,,,POSITIVITY_GATE_FAIL,0,0.0
16,1,2,2-3-4-5,2,10,2,3.5,7.5,4.0,1,6,6,0.375,MODULAR_SECTOR_UNDEFINED_RANK_DEFICIENT,False,0.2,0.18899535598871856,nan,nan,nan,nan,,,,,POSITIVITY_GATE_FAIL,0,0.0
16,1,2,2-3-4-5,2,10,2,3.5,7.5,4.0,1,6,6,0.375,MODULAR_SECTOR_UNDEFINED_RANK_DEFICIENT,False,0.3,0.2834930339830778,nan,nan,nan,nan,,,,,POSITIVITY_GATE_FAIL,0,0.0
16,1,2,2-3-4-5,2,10,2,3.5,7.5,4.0,1,6,6,0.375,MODULAR_SECTOR_UNDEFINED_RANK_DEFICIENT,False,0.4,0.3779907119774371,nan,nan,nan,nan,,,,,POSITIVITY_GATE_FAIL,0,0.0
16,1,3,3-4-5-6,3,9,3,4.5,7.5,3.0,2,7,6,0.375,MODULAR_SECTOR_UNDEFINED_RANK_DEFICIENT,False,0.05,0.04724883899717964,nan,nan,nan,nan,,,,,POSITIVITY_GATE_FAIL,0,0.0
16,1,3,3-4-5-6,3,9,3,4.5,7.5,3.0,2,7,6,0.375,MODULAR_SECTOR_UNDEFINED_RANK_DEFICIENT,False,0.1,0.09449767799435928,nan,nan,nan,nan,,,,,POSITIVITY_GATE_FAIL,0,0.0
16,1,3,3-4-5-6,3,9,3,4.5,7.5,3.0,2,7,6,0.375,MODULAR_SECTOR_UNDEFINED_RANK_DEFICIENT,False,0.2,0.18899535598871856,nan,nan,nan,nan,,,,,POSITIVITY_GATE_FAIL,0,0.0
16,1,3,3-4-5-6,3,9,3,4.5,7.5,3.0,2,7,6,0.375,MODULAR_SECTOR_UNDEFINED_RANK_DEFICIENT,False,0.3,0.2834930339830778,nan,nan,nan,nan,,,,,POSITIVITY_GATE_FAIL,0,0.0
16,1,3,3-4-5-6,3,9,3,4.5,7.5,3.0,2,7,6,0.375,MODULAR_SECTOR_UNDEFINED_RANK_DEFICIENT,False,0.4,0.3779907119774371,nan,nan,nan,nan,,,,,POSITIVITY_GATE_FAIL,0,0.0
16,1,4,4-5-6-7,4,8,4,5.5,7.5,2.0,3,8,6,0.375,MODULAR_SECTOR_UNDEFINED_RANK_DEFICIENT,False,0.05,0.04724883899717964,nan,nan,nan,nan,,,,,POSITIVITY_GATE_FAIL,0,0.0
16,1,4,4-5-6-7,4,8,4,5.5,7.5,2.0,3,8,6,0.375,MODULAR_SECTOR_UNDEFINED_RANK_DEFICIENT,False,0.1,0.09449767799435928,nan,nan,nan,nan,,,,,POSITIVITY_GATE_FAIL,0,0.0
16,1,4,4-5-6-7,4,8,4,5.5,7.5,2.0,3,8,6,0.375,MODULAR_SECTOR_UNDEFINED_RANK_DEFICIENT,False,0.2,0.18899535598871856,nan,nan,nan,nan,,,,,POSITIVITY_GATE_FAIL,0,0.0
16,1,4,4-5-6-7,4,8,4,5.5,7.5,2.0,3,8,6,0.375,MODULAR_SECTOR_UNDEFINED_RANK_DEFICIENT,False,0.3,0.2834930339830778,nan,nan,nan,nan,,,,,POSITIVITY_GATE_FAIL,0,0.0
16,1,4,4-5-6-7,4,8,4,5.5,7.5,2.0,3,8,6,0.375,MODULAR_SECTOR_UNDEFINED_RANK_DEFICIENT,False,0.4,0.3779907119774371,nan,nan,nan,nan,,,,,POSITIVITY_GATE_FAIL,0,0.0
16,1,5,5-6-7-8,5,7,5,6.5,7.5,1.0,4,9,6,0.375,MODULAR_SECTOR_UNDEFINED_RANK_DEFICIENT,False,0.05,0.04724883899717964,nan,nan,nan,nan,,,,,POSITIVITY_GATE_FAIL,0,0.0
16,1,5,5-6-7-8,5,7,5,6.5,7.5,1.0,4,9,6,0.375,MODULAR_SECTOR_UNDEFINED_RANK_DEFICIENT,False,0.1,0.09449767799435928,nan,nan,nan,nan,,,,,POSITIVITY_GATE_FAIL,0,0.0
16,1,5,5-6-7-8,5,7,5,6.5,7.5,1.0,4,9,6,0.375,MODULAR_SECTOR_UNDEFINED_RANK_DEFICIENT,False,0.2,0.18899535598871856,nan,nan,nan,nan,,,,,POSITIVITY_GATE_FAIL,0,0.0
16,1,5,5-6-7-8,5,7,5,6.5,7.5,1.0,4,9,6,0.375,MODULAR_SECTOR_UNDEFINED_RANK_DEFICIENT,False,0.3,0.2834930339830778,nan,nan,nan,nan,,,,,POSITIVITY_GATE_FAIL,0,0.0
16,1,5,5-6-7-8,5,7,5,6.5,7.5,1.0,4,9,6,0.375,MODULAR_SECTOR_UNDEFINED_RANK_DEFICIENT,False,0.4,0.3779907119774371,nan,nan,nan,nan,,,,,POSITIVITY_GATE_FAIL,0,0.0
16,1,6,6-7-8-9,6,6,6,7.5,7.5,0.0,5,10,6,0.375,MODULAR_SECTOR_UNDEFINED_RANK_DEFICIENT,False,0.05,0.04724883899717964,nan,nan,nan,nan,,,,,POSITIVITY_GATE_FAIL,0,0.0
16,1,6,6-7-8-9,6,6,6,7.5,7.5,0.0,5,10,6,0.375,MODULAR_SECTOR_UNDEFINED_RANK_DEFICIENT,False,0.1,0.09449767799435928,nan,nan,nan,nan,,,,,POSITIVITY_GATE_FAIL,0,0.0
16,1,6,6-7-8-9,6,6,6,7.5,7.5,0.0,5,10,6,0.375,MODULAR_SECTOR_UNDEFINED_RANK_DEFICIENT,False,0.2,0.18899535598871856,nan,nan,nan,nan,,,,,POSITIVITY_GATE_FAIL,0,0.0
16,1,6,6-7-8-9,6,6,6,7.5,7.5,0.0,5,10,6,0.375,MODULAR_SECTOR_UNDEFINED_RANK_DEFICIENT,False,0.3,0.2834930339830778,nan,nan,nan,nan,,,,,POSITIVITY_GATE_FAIL,0,0.0
16,1,6,6-7-8-9,6,6,6,7.5,7.5,0.0,5,10,6,0.375,MODULAR_SECTOR_UNDEFINED_RANK_DEFICIENT,False,0.4,0.3779907119774371,nan,nan,nan,nan,,,,,POSITIVITY_GATE_FAIL,0,0.0
16,1,7,7-8-9-10,7,5,5,8.5,7.5,1.0,6,11,6,0.375,MODULAR_SECTOR_UNDEFINED_RANK_DEFICIENT,False,0.05,0.04724883899717964,nan,nan,nan,nan,,,,,POSITIVITY_GATE_FAIL,0,0.0
16,1,7,7-8-9-10,7,5,5,8.5,7.5,1.0,6,11,6,0.375,MODULAR_SECTOR_UNDEFINED_RANK_DEFICIENT,False,0.1,0.09449767799435928,nan,nan,nan,nan,,,,,POSITIVITY_GATE_FAIL,0,0.0
16,1,7,7-8-9-10,7,5,5,8.5,7.5,1.0,6,11,6,0.375,MODULAR_SECTOR_UNDEFINED_RANK_DEFICIENT,False,0.2,0.18899535598871856,nan,nan,nan,nan,,,,,POSITIVITY_GATE_FAIL,0,0.0
16,1,7,7-8-9-10,7,5,5,8.5,7.5,1.0,6,11,6,0.375,MODULAR_SECTOR_UNDEFINED_RANK_DEFICIENT,False,0.3,0.2834930339830778,nan,nan,nan,nan,,,,,POSITIVITY_GATE_FAIL,0,0.0
16,1,7,7-8-9-10,7,5,5,8.5,7.5,1.0,6,11,6,0.375,MODULAR_SECTOR_UNDEFINED_RANK_DEFICIENT,False,0.4,0.3779907119774371,nan,nan,nan,nan,,,,,POSITIVITY_GATE_FAIL,0,0.0
16,1,8,8-9-10-11,8,4,4,9.5,7.5,2.0,7,12,6,0.375,MODULAR_SECTOR_UNDEFINED_RANK_DEFICIENT,False,0.05,0.04724883899717964,nan,nan,nan,nan,,,,,POSITIVITY_GATE_FAIL,0,0.0
16,1,8,8-9-10-11,8,4,4,9.5,7.5,2.0,7,12,6,0.375,MODULAR_SECTOR_UNDEFINED_RANK_DEFICIENT,False,0.1,0.09449767799435928,nan,nan,nan,nan,,,,,POSITIVITY_GATE_FAIL,0,0.0
16,1,8,8-9-10-11,8,4,4,9.5,7.5,2.0,7,12,6,0.375,MODULAR_SECTOR_UNDEFINED_RANK_DEFICIENT,False,0.2,0.18899535598871856,nan,nan,nan,nan,,,,,POSITIVITY_GATE_FAIL,0,0.0
16,1,8,8-9-10-11,8,4,4,9.5,7.5,2.0,7,12,6,0.375,MODULAR_SECTOR_UNDEFINED_RANK_DEFICIENT,False,0.3,0.2834930339830778,nan,nan,nan,nan,,,,,POSITIVITY_GATE_FAIL,0,0.0
16,1,8,8-9-10-11,8,4,4,9.5,7.5,2.0,7,12,6,0.375,MODULAR_SECTOR_UNDEFINED_RANK_DEFICIENT,False,0.4,0.3779907119774371,nan,nan,nan,nan,,,,,POSITIVITY_GATE_FAIL,0,0.0
16,1,9,9-10-11-12,9,3,3,10.5,7.5,3.0,8,13,6,0.375,MODULAR_SECTOR_UNDEFINED_RANK_DEFICIENT,False,0.05,0.04724883899717964,nan,nan,nan,nan,,,,,POSITIVITY_GATE_FAIL,0,0.0
16,1,9,9-10-11-12,9,3,3,10.5,7.5,3.0,8,13,6,0.375,MODULAR_SECTOR_UNDEFINED_RANK_DEFICIENT,False,0.1,0.09449767799435928,nan,nan,nan,nan,,,,,POSITIVITY_GATE_FAIL,0,0.0
16,1,9,9-10-11-12,9,3,3,10.5,7.5,3.0,8,13,6,0.375,MODULAR_SECTOR_UNDEFINED_RANK_DEFICIENT,False,0.2,0.18899535598871856,nan,nan,nan,nan,,,,,POSITIVITY_GATE_FAIL,0,0.0
16,1,9,9-10-11-12,9,3,3,10.5,7.5,3.0,8,13,6,0.375,MODULAR_SECTOR_UNDEFINED_RANK_DEFICIENT,False,0.3,0.2834930339830778,nan,nan,nan,nan,,,,,POSITIVITY_GATE_FAIL,0,0.0
16,1,9,9-10-11-12,9,3,3,10.5,7.5,3.0,8,13,6,0.375,MODULAR_SECTOR_UNDEFINED_RANK_DEFICIENT,False,0.4,0.3779907119774371,nan,nan,nan,nan,,,,,POSITIVITY_GATE_FAIL,0,0.0
16,1,10,10-11-12-13,10,2,2,11.5,7.5,4.0,9,14,6,0.375,MODULAR_SECTOR_UNDEFINED_RANK_DEFICIENT,False,0.05,0.04724883899717964,nan,nan,nan,nan,,,,,POSITIVITY_GATE_FAIL,0,0.0
16,1,10,10-11-12-13,10,2,2,11.5,7.5,4.0,9,14,6,0.375,MODULAR_SECTOR_UNDEFINED_RANK_DEFICIENT,False,0.1,0.09449767799435928,nan,nan,nan,nan,,,,,POSITIVITY_GATE_FAIL,0,0.0
16,1,10,10-11-12-13,10,2,2,11.5,7.5,4.0,9,14,6,0.375,MODULAR_SECTOR_UNDEFINED_RANK_DEFICIENT,False,0.2,0.18899535598871856,nan,nan,nan,nan,,,,,POSITIVITY_GATE_FAIL,0,0.0
16,1,10,10-11-12-13,10,2,2,11.5,7.5,4.0,9,14,6,0.375,MODULAR_SECTOR_UNDEFINED_RANK_DEFICIENT,False,0.3,0.2834930339830778,nan,nan,nan,nan,,,,,POSITIVITY_GATE_FAIL,0,0.0
16,1,10,10-11-12-13,10,2,2,11.5,7.5,4.0,9,14,6,0.375,MODULAR_SECTOR_UNDEFINED_RANK_DEFICIENT,False,0.4,0.3779907119774371,nan,nan,nan,nan,,,,,POSITIVITY_GATE_FAIL,0,0.0
16,1,11,11-12-13-14,11,1,1,12.5,7.5,5.0,10,15,6,0.375,MODULAR_SECTOR_UNDEFINED_RANK_DEFICIENT,False,0.05,0.04724883899717964,nan,nan,nan,nan,,,,,POSITIVITY_GATE_FAIL,0,0.0
16,1,11,11-12-13-14,11,1,1,12.5,7.5,5.0,10,15,6,0.375,MODULAR_SECTOR_UNDEFINED_RANK_DEFICIENT,False,0.1,0.09449767799435928,nan,nan,nan,nan,,,,,POSITIVITY_GATE_FAIL,0,0.0
16,1,11,11-12-13-14,11,1,1,12.5,7.5,5.0,10,15,6,0.375,MODULAR_SECTOR_UNDEFINED_RANK_DEFICIENT,False,0.2,0.18899535598871856,nan,nan,nan,nan,,,,,POSITIVITY_GATE_FAIL,0,0.0
16,1,11,11-12-13-14,11,1,1,12.5,7.5,5.0,10,15,6,0.375,MODULAR_SECTOR_UNDEFINED_RANK_DEFICIENT,False,0.3,0.2834930339830778,nan,nan,nan,nan,,,,,POSITIVITY_GATE_FAIL,0,0.0
16,1,11,11-12-13-14,11,1,1,12.5,7.5,5.0,10,15,6,0.375,MODULAR_SECTOR_UNDEFINED_RANK_DEFICIENT,False,0.4,0.3779907119774371,nan,nan,nan,nan,,,,,POSITIVITY_GATE_FAIL,0,0.0
16,1,12,12-13-14-15,12,0,0,13.5,7.5,6.0,11,15,5,0.3125,MODULAR_SECTOR_UNDEFINED_RANK_DEFICIENT,False,0.05,0.04724883899717964,nan,nan,nan,nan,,,,,POSITIVITY_GATE_FAIL,0,0.0
16,1,12,12-13-14-15,12,0,0,13.5,7.5,6.0,11,15,5,0.3125,MODULAR_SECTOR_UNDEFINED_RANK_DEFICIENT,False,0.1,0.09449767799435928,nan,nan,nan,nan,,,,,POSITIVITY_GATE_FAIL,0,0.0
16,1,12,12-13-14-15,12,0,0,13.5,7.5,6.0,11,15,5,0.3125,MODULAR_SECTOR_UNDEFINED_RANK_DEFICIENT,False,0.2,0.18899535598871856,nan,nan,nan,nan,,,,,POSITIVITY_GATE_FAIL,0,0.0
16,1,12,12-13-14-15,12,0,0,13.5,7.5,6.0,11,15,5,0.3125,MODULAR_SECTOR_UNDEFINED_RANK_DEFICIENT,False,0.3,0.2834930339830778,nan,nan,nan,nan,,,,,POSITIVITY_GATE_FAIL,0,0.0
16,1,12,12-13-14-15,12,0,0,13.5,7.5,6.0,11,15,5,0.3125,MODULAR_SECTOR_UNDEFINED_RANK_DEFICIENT,False,0.4,0.3779907119774371,nan,nan,nan,nan,,,,,POSITIVITY_GATE_FAIL,0,0.0
16,2,0,0-1-2-3,0,12,0,1.5,7.5,6.0,0,5,6,0.375,MODULAR_SECTOR_UNDEFINED_RANK_DEFICIENT,False,0.05,0.04724883899717964,nan,nan,nan,nan,,,,,POSITIVITY_GATE_FAIL,0,0.0
16,2,0,0-1-2-3,0,12,0,1.5,7.5,6.0,0,5,6,0.375,MODULAR_SECTOR_UNDEFINED_RANK_DEFICIENT,False,0.1,0.09449767799435928,nan,nan,nan,nan,,,,,POSITIVITY_GATE_FAIL,0,0.0
16,2,0,0-1-2-3,0,12,0,1.5,7.5,6.0,0,5,6,0.375,MODULAR_SECTOR_UNDEFINED_RANK_DEFICIENT,False,0.2,0.18899535598871856,nan,nan,nan,nan,,,,,POSITIVITY_GATE_FAIL,0,0.0
16,2,0,0-1-2-3,0,12,0,1.5,7.5,6.0,0,5,6,0.375,MODULAR_SECTOR_UNDEFINED_RANK_DEFICIENT,False,0.3,0.2834930339830778,nan,nan,nan,nan,,,,,POSITIVITY_GATE_FAIL,0,0.0
16,2,0,0-1-2-3,0,12,0,1.5,7.5,6.0,0,5,6,0.375,MODULAR_SECTOR_UNDEFINED_RANK_DEFICIENT,False,0.4,0.3779907119774371,nan,nan,nan,nan,,,,,POSITIVITY_GATE_FAIL,0,0.0
16,2,1,1-2-3-4,1,11,1,2.5,7.5,5.0,0,6,7,0.4375,PREREGISTERED_PRIMARY_ANALYSIS_COMPLETED,True,0.05,0.04724883899717964,0.35873253969786184,-0.43670745272525024,-0.35873253969786195,0.8713109649619218,False,False,False,False,,-1,nan
16,2,1,1-2-3-4,1,11,1,2.5,7.5,5.0,0,6,7,0.4375,PREREGISTERED_PRIMARY_ANALYSIS_COMPLETED,True,0.1,0.09449767799435928,0.20617643755640636,-0.5835372636262514,-0.20617643755640627,0.9574912765965496,False,False,False,False,,-1,nan
16,2,1,1-2-3-4,1,11,1,2.5,7.5,5.0,0,6,7,0.4375,PREREGISTERED_PRIMARY_ANALYSIS_COMPLETED,True,0.2,0.18899535598871856,0.1327149455954489,-0.6720800889877642,-0.13271494559544883,0.982386743215597,False,False,False,False,,-1,nan
16,2,1,1-2-3-4,1,11,1,2.5,7.5,5.0,0,6,7,0.4375,PREREGISTERED_PRIMARY_ANALYSIS_COMPLETED,True,0.3,0.2834930339830778,0.14450078028764973,-0.5848720800889877,-0.14450078028764968,0.9791195244962604,False,False,False,False,,-1,nan
16,2,1,1-2-3-4,1,11,1,2.5,7.5,5.0,0,6,7,0.4375,PREREGISTERED_PRIMARY_ANALYSIS_COMPLETED,True,0.4,0.3779907119774371,0.19761257443652283,-0.3045606229143492,-0.19761257443652283,0.9609492704245696,False,False,False,False,,-1,nan
16,2,2,2-3-4-5,2,10,2,3.5,7.5,4.0,0,7,8,0.5,PREREGISTERED_PRIMARY_ANALYSIS_COMPLETED,True,0.05,0.04724883899717964,0.29199228468936983,-0.47897664071190205,-0.29199228468936994,0.9147405056818819,False,False,False,False,,-1,nan
16,2,2,2-3-4-5,2,10,2,3.5,7.5,4.0,0,7,8,0.5,PREREGISTERED_PRIMARY_ANALYSIS_COMPLETED,True,0.1,0.09449767799435928,0.13907529973415578,-0.6013348164627365,-0.13907529973415575,0.980658061003855,False,False,False,False,,-1,nan
16,2,2,2-3-4-5,2,10,2,3.5,7.5,4.0,0,7,8,0.5,PREREGISTERED_PRIMARY_ANALYSIS_COMPLETED,True,0.2,0.18899535598871856,0.03071648685847599,-0.7032258064516129,-0.030716486858475982,0.999056497435073,False,False,False,False,,-1,nan
16,2,2,2-3-4-5,2,10,2,3.5,7.5,4.0,0,7,8,0.5,PREREGISTERED_PRIMARY_ANALYSIS_COMPLETED,True,0.3,0.2834930339830778,0.010885422284736358,-0.7299221357063403,-0.010885422284736306,0.9998815075816828,False,False,False,False,,-1,nan
16,2,2,2-3-4-5,2,10,2,3.5,7.5,4.0,0,7,8,0.5,PREREGISTERED_PRIMARY_ANALYSIS_COMPLETED,True,0.4,0.3779907119774371,0.04165401442512867,-0.7027808676307008,-0.041654014425128644,0.9982649430822711,False,False,False,False,,-1,nan
16,2,3,3-4-5-6,3,9,3,4.5,7.5,3.0,1,8,8,0.5,PREREGISTERED_PRIMARY_ANALYSIS_COMPLETED,True,0.05,0.04724883899717964,0.29199228508481884,-0.47897664071190205,-0.29199228508481856,0.914740505450946,False,False,False,False,,-1,nan
16,2,3,3-4-5-6,3,9,3,4.5,7.5,3.0,1,8,8,0.5,PREREGISTERED_PRIMARY_ANALYSIS_COMPLETED,True,0.1,0.09449767799435928,0.1390752998608715,-0.6013348164627365,-0.1390752998608715,0.9806580609686085,False,False,False,False,,-1,nan
16,2,3,3-4-5-6,3,9,3,4.5,7.5,3.0,1,8,8,0.5,PREREGISTERED_PRIMARY_ANALYSIS_COMPLETED,True,0.2,0.18899535598871856,0.03071648690120194,-0.7032258064516129,-0.03071648690120201,0.9990564974324486,False,False,False,False,,-1,nan
16,2,3,3-4-5-6,3,9,3,4.5,7.5,3.0,1,8,8,0.5,PREREGISTERED_PRIMARY_ANALYSIS_COMPLETED,True,0.3,0.2834930339830778,0.010885422323676659,-0.7299221357063403,-0.010885422323676647,0.999881507580835,False,False,False,False,,-1,nan
16,2,3,3-4-5-6,3,9,3,4.5,7.5,3.0,1,8,8,0.5,PREREGISTERED_PRIMARY_ANALYSIS_COMPLETED,True,0.4,0.3779907119774371,0.04165401447211134,-0.7027808676307008,-0.041654014472111305,0.9982649430783572,False,False,False,False,,-1,nan
16,2,4,4-5-6-7,4,8,4,5.5,7.5,2.0,2,9,8,0.5,PREREGISTERED_PRIMARY_ANALYSIS_COMPLETED,True,0.05,0.04724883899717964,0.2919922852593756,-0.47897664071190205,-0.29199228525937565,0.914740505349007,False,False,False,False,,-1,nan
16,2,4,4-5-6-7,4,8,4,5.5,7.5,2.0,2,9,8,0.5,PREREGISTERED_PRIMARY_ANALYSIS_COMPLETED,True,0.1,0.09449767799435928,0.13907529991627152,-0.6013348164627365,-0.1390752999162716,0.9806580609531989,False,False,False,False,,-1,nan
16,2,4,4-5-6-7,4,8,4,5.5,7.5,2.0,2,9,8,0.5,PREREGISTERED_PRIMARY_ANALYSIS_COMPLETED,True,0.2,0.18899535598871856,0.03071648693436678,-0.7032258064516129,-0.030716486934366717,0.9990564974304109,False,False,False,False,,-1,nan
16,2,4,4-5-6-7,4,8,4,5.5,7.5,2.0,2,9,8,0.5,PREREGISTERED_PRIMARY_ANALYSIS_COMPLETED,True,0.3,0.2834930339830778,0.010885422354764031,-0.7299221357063403,-0.010885422354764022,0.9998815075801585,False,False,False,False,,-1,nan
16,2,4,4-5-6-7,4,8,4,5.5,7.5,2.0,2,9,8,0.5,PREREGISTERED_PRIMARY_ANALYSIS_COMPLETED,True,0.4,0.3779907119774371,0.04165401450565022,-0.7027808676307008,-0.041654014505650136,0.9982649430755631,False,False,False,False,,-1,nan
16,2,5,5-6-7-8,5,7,5,6.5,7.5,1.0,3,10,8,0.5,PREREGISTERED_PRIMARY_ANALYSIS_COMPLETED,True,0.05,0.04724883899717964,0.2919922852454932,-0.47897664071190205,-0.2919922852454928,0.9147405053571147,False,False,False,False,,-1,nan
16,2,5,5-6-7-8,5,7,5,6.5,7.5,1.0,3,10,8,0.5,PREREGISTERED_PRIMARY_ANALYSIS_COMPLETED,True,0.1,0.09449767799435928,0.13907529991513035,-0.6013348164627365,-0.1390752999151303,0.9806580609535168,False,False,False,False,,-1,nan
16,2,5,5-6-7-8,5,7,5,6.5,7.5,1.0,3,10,8,0.5,PREREGISTERED_PRIMARY_ANALYSIS_COMPLETED,True,0.2,0.18899535598871856,0.030716486922477127,-0.7032258064516129,-0.030716486922477138,0.9990564974311413,False,False,False,False,,-1,nan
16,2,5,5-6-7-8,5,7,5,6.5,7.5,1.0,3,10,8,0.5,PREREGISTERED_PRIMARY_ANALYSIS_COMPLETED,True,0.3,0.2834930339830778,0.010885422342771471,-0.7299221357063403,-0.010885422342771454,0.9998815075804192,False,False,False,False,,-1,nan
16,2,5,5-6-7-8,5,7,5,6.5,7.5,1.0,3,10,8,0.5,PREREGISTERED_PRIMARY_ANALYSIS_COMPLETED,True,0.4,0.3779907119774371,0.04165401449207784,-0.7027808676307008,-0.041654014492077854,0.9982649430766941,False,False,False,False,,-1,nan
16,2,6,6-7-8-9,6,6,6,7.5,7.5,0.0,4,11,8,0.5,PREREGISTERED_PRIMARY_ANALYSIS_COMPLETED,True,0.05,0.04724883899717964,0.29199228686095025,-0.47897664071190205,-0.2919922868609502,0.9147405044137124,False,False,False,False,,-1,nan
16,2,6,6-7-8-9,6,6,6,7.5,7.5,0.0,4,11,8,0.5,PREREGISTERED_PRIMARY_ANALYSIS_COMPLETED,True,0.1,0.09449767799435928,0.13907530026046044,-0.6013348164627365,-0.13907530026046055,0.980658060857463,False,False,False,False,,-1,nan
16,2,6,6-7-8-9,6,6,6,7.5,7.5,0.0,4,11,8,0.5,PREREGISTERED_PRIMARY_ANALYSIS_COMPLETED,True,0.2,0.18899535598871856,0.03071648701895034,-0.7032258064516129,-0.030716487018950307,0.9990564974252144,False,False,False,False,,-1,nan
16,2,6,6-7-8-9,6,6,6,7.5,7.5,0.0,4,11,8,0.5,PREREGISTERED_PRIMARY_ANALYSIS_COMPLETED,True,0.3,0.2834930339830778,0.010885422427669813,-0.7299221357063403,-0.010885422427669789,0.9998815075785713,False,False,False,False,,-1,nan
16,2,6,6-7-8-9,6,6,6,7.5,7.5,0.0,4,11,8,0.5,PREREGISTERED_PRIMARY_ANALYSIS_COMPLETED,True,0.4,0.3779907119774371,0.041654014592120064,-0.7027808676307008,-0.041654014592120106,0.9982649430683594,False,False,False,False,,-1,nan
16,2,7,7-8-9-10,7,5,5,8.5,7.5,1.0,5,12,8,0.5,PREREGISTERED_PRIMARY_ANALYSIS_COMPLETED,True,0.05,0.04724883899717964,0.2919922852345679,-0.47897664071190205,-0.29199228523456794,0.9147405053634946,False,False,False,False,,-1,nan
16,2,7,7-8-9-10,7,5,5,8.5,7.5,1.0,5,12,8,0.5,PREREGISTERED_PRIMARY_ANALYSIS_COMPLETED,True,0.1,0.09449767799435928,0.13907529990588247,-0.6013348164627365,-0.1390752999058824,0.9806580609560889,False,False,False,False,,-1,nan
16,2,7,7-8-9-10,7,5,5,8.5,7.5,1.0,5,12,8,0.5,PREREGISTERED_PRIMARY_ANALYSIS_COMPLETED,True,0.2,0.18899535598871856,0.0307164869197394,-0.7032258064516129,-0.030716486919739373,0.9990564974313096,False,False,False,False,,-1,nan
16,2,7,7-8-9-10,7,5,5,8.5,7.5,1.0,5,12,8,0.5,PREREGISTERED_PRIMARY_ANALYSIS_COMPLETED,True,0.3,0.2834930339830778,0.010885422340327276,-0.7299221357063403,-0.010885422340327279,0.9998815075804727,False,False,False,False,,-1,nan
16,2,7,7-8-9-10,7,5,5,8.5,7.5,1.0,5,12,8,0.5,PREREGISTERED_PRIMARY_ANALYSIS_COMPLETED,True,0.4,0.3779907119774371,0.04165401448944484,-0.7027808676307008,-0.04165401448944485,0.998264943076913,False,False,False,False,,-1,nan
16,2,8,8-9-10-11,8,4,4,9.5,7.5,2.0,6,13,8,0.5,PREREGISTERED_PRIMARY_ANALYSIS_COMPLETED,True,0.05,0.04724883899717964,0.29199228524777326,-0.47897664071190205,-0.29199228524777304,0.9147405053557832,False,False,False,False,,-1,nan
16,2,8,8-9-10-11,8,4,4,9.5,7.5,2.0,6,13,8,0.5,PREREGISTERED_PRIMARY_ANALYSIS_COMPLETED,True,0.1,0.09449767799435928,0.13907529991445172,-0.6013348164627365,-0.1390752999144517,0.9806580609537054,False,False,False,False,,-1,nan
16,2,8,8-9-10-11,8,4,4,9.5,7.5,2.0,6,13,8,0.5,PREREGISTERED_PRIMARY_ANALYSIS_COMPLETED,True,0.2,0.18899535598871856,0.030716486929961154,-0.7032258064516129,-0.030716486929961116,0.9990564974306814,False,False,False,False,,-1,nan
16,2,8,8-9-10-11,8,4,4,9.5,7.5,2.0,6,13,8,0.5,PREREGISTERED_PRIMARY_ANALYSIS_COMPLETED,True,0.3,0.2834930339830778,0.010885422350910418,-0.7299221357063403,-0.010885422350910364,0.9998815075802423,False,False,False,False,,-1,nan
16,2,8,8-9-10-11,8,4,4,9.5,7.5,2.0,6,13,8,0.5,PREREGISTERED_PRIMARY_ANALYSIS_COMPLETED,True,0.4,0.3779907119774371,0.041654014501823704,-0.7027808676307008,-0.04165401450182374,0.9982649430758819,False,False,False,False,,-1,nan
16,2,9,9-10-11-12,9,3,3,10.5,7.5,3.0,7,14,8,0.5,PREREGISTERED_PRIMARY_ANALYSIS_COMPLETED,True,0.05,0.04724883899717964,0.2919922852162982,-0.47897664071190205,-0.29199228521629794,0.9147405053741642,False,False,False,False,,-1,nan
16,2,9,9-10-11-12,9,3,3,10.5,7.5,3.0,7,14,8,0.5,PREREGISTERED_PRIMARY_ANALYSIS_COMPLETED,True,0.1,0.09449767799435928,0.13907529989048742,-0.6013348164627365,-0.13907529989048734,0.9806580609603713,False,False,False,False,,-1,nan
16,2,9,9-10-11-12,9,3,3,10.5,7.5,3.0,7,14,8,0.5,PREREGISTERED_PRIMARY_ANALYSIS_COMPLETED,True,0.2,0.18899535598871856,0.030716486910726065,-0.7032258064516129,-0.030716486910726003,0.9990564974318628,False,False,False,False,,-1,nan
16,2,9,9-10-11-12,9,3,3,10.5,7.5,3.0,7,14,8,0.5,PREREGISTERED_PRIMARY_ANALYSIS_COMPLETED,True,0.3,0.2834930339830778,0.0108854223298816,-0.7299221357063403,-0.010885422329881614,0.9998815075807005,False,False,False,False,,-1,nan
16,2,9,9-10-11-12,9,3,3,10.5,7.5,3.0,7,14,8,0.5,PREREGISTERED_PRIMARY_ANALYSIS_COMPLETED,True,0.4,0.3779907119774371,0.04165401447758719,-0.7027808676307008,-0.04165401447758721,0.9982649430779014,False,False,False,False,,-1,nan
16,2,10,10-11-12-13,10,2,2,11.5,7.5,4.0,8,15,8,0.5,PREREGISTERED_PRIMARY_ANALYSIS_COMPLETED,True,0.05,0.04724883899717964,0.29199228462075605,-0.47897664071190205,-0.29199228462075605,0.914740505721951,False,False,False,False,,-1,nan
16,2,10,10-11-12-13,10,2,2,11.5,7.5,4.0,8,15,8,0.5,PREREGISTERED_PRIMARY_ANALYSIS_COMPLETED,True,0.1,0.09449767799435928,0.13907529970698052,-0.6013348164627365,-0.1390752997069805,0.9806580610114134,False,False,False,False,,-1,nan
16,2,10,10-11-12-13,10,2,2,11.5,7.5,4.0,8,15,8,0.5,PREREGISTERED_PRIMARY_ANALYSIS_COMPLETED,True,0.2,0.18899535598871856,0.030716486852020164,-0.7032258064516129,-0.030716486852020178,0.9990564974354694,False,False,False,False,,-1,nan
16,2,10,10-11-12-13,10,2,2,11.5,7.5,4.0,8,15,8,0.5,PREREGISTERED_PRIMARY_ANALYSIS_COMPLETED,True,0.3,0.2834930339830778,0.010885422279563805,-0.7299221357063403,-0.010885422279563784,0.9998815075817957,False,False,False,False,,-1,nan
16,2,10,10-11-12-13,10,2,2,11.5,7.5,4.0,8,15,8,0.5,PREREGISTERED_PRIMARY_ANALYSIS_COMPLETED,True,0.4,0.3779907119774371,0.04165401441878244,-0.7027808676307008,-0.04165401441878239,0.9982649430827999,False,False,False,False,,-1,nan
16,2,11,11-12-13-14,11,1,1,12.5,7.5,5.0,9,15,7,0.4375,PREREGISTERED_PRIMARY_ANALYSIS_COMPLETED,True,0.05,0.04724883899717964,0.35873253971457264,-0.43670745272525024,-0.3587325397145727,0.8713109649499324,False,False,False,False,,-1,nan
16,2,11,11-12-13-14,11,1,1,12.5,7.5,5.0,9,15,7,0.4375,PREREGISTERED_PRIMARY_ANALYSIS_COMPLETED,True,0.1,0.09449767799435928,0.20617643755282677,-0.5835372636262514,-0.20617643755282664,0.9574912765980252,False,False,False,False,,-1,nan
16,2,11,11-12-13-14,11,1,1,12.5,7.5,5.0,9,15,7,0.4375,PREREGISTERED_PRIMARY_ANALYSIS_COMPLETED,True,0.2,0.18899535598871856,0.1327149455930505,-0.6720800889877642,-0.13271494559305047,0.9823867432162338,False,False,False,False,,-1,nan
16,2,11,11-12-13-14,11,1,1,12.5,7.5,5.0,9,15,7,0.4375,PREREGISTERED_PRIMARY_ANALYSIS_COMPLETED,True,0.3,0.2834930339830778,0.1445007802878243,-0.5848720800889877,-0.1445007802878243,0.9791195244962098,False,False,False,False,,-1,nan
16,2,11,11-12-13-14,11,1,1,12.5,7.5,5.0,9,15,7,0.4375,PREREGISTERED_PRIMARY_ANALYSIS_COMPLETED,True,0.4,0.3779907119774371,0.19761257443655064,-0.3045606229143492,-0.1976125744365506,0.9609492704245589,False,False,False,False,,-1,nan
16,2,12,12-13-14-15,12,0,0,13.5,7.5,6.0,10,15,6,0.375,MODULAR_SECTOR_UNDEFINED_RANK_DEFICIENT,False,0.05,0.04724883899717964,nan,nan,nan,nan,,,,,POSITIVITY_GATE_FAIL,0,0.0
16,2,12,12-13-14-15,12,0,0,13.5,7.5,6.0,10,15,6,0.375,MODULAR_SECTOR_UNDEFINED_RANK_DEFICIENT,False,0.1,0.09449767799435928,nan,nan,nan,nan,,,,,POSITIVITY_GATE_FAIL,0,0.0
16,2,12,12-13-14-15,12,0,0,13.5,7.5,6.0,10,15,6,0.375,MODULAR_SECTOR_UNDEFINED_RANK_DEFICIENT,False,0.2,0.18899535598871856,nan,nan,nan,nan,,,,,POSITIVITY_GATE_FAIL,0,0.0
16,2,12,12-13-14-15,12,0,0,13.5,7.5,6.0,10,15,6,0.375,MODULAR_SECTOR_UNDEFINED_RANK_DEFICIENT,False,0.3,0.2834930339830778,nan,nan,nan,nan,,,,,POSITIVITY_GATE_FAIL,0,0.0
16,2,12,12-13-14-15,12,0,0,13.5,7.5,6.0,10,15,6,0.375,MODULAR_SECTOR_UNDEFINED_RANK_DEFICIENT,False,0.4,0.3779907119774371,nan,nan,nan,nan,,,,,POSITIVITY_GATE_FAIL,0,0.0
16,3,0,0-1-2-3,0,12,0,1.5,7.5,6.0,0,6,7,0.4375,PREREGISTERED_PRIMARY_ANALYSIS_COMPLETED,True,0.05,0.04724883899717964,0.9906736537670611,-0.024249165739710785,-0.9906736537670613,0.018565711731820696,False,False,True,False,,-1,nan
16,3,0,0-1-2-3,0,12,0,1.5,7.5,6.0,0,6,7,0.4375,PREREGISTERED_PRIMARY_ANALYSIS_COMPLETED,True,0.1,0.09449767799435928,0.9734945754285806,-0.15372636262513903,-0.9734945754285802,0.05230831161112719,False,False,True,False,,-1,nan
16,3,0,0-1-2-3,0,12,0,1.5,7.5,6.0,0,6,7,0.4375,PREREGISTERED_PRIMARY_ANALYSIS_COMPLETED,True,0.2,0.18899535598871856,0.9249571626217216,0.015350389321468297,-0.9249571626217218,0.14445424731477416,False,False,True,False,,-1,nan
16,3,0,0-1-2-3,0,12,0,1.5,7.5,6.0,0,6,7,0.4375,PREREGISTERED_PRIMARY_ANALYSIS_COMPLETED,True,0.3,0.2834930339830778,0.8824799114769312,0.3890989988876529,-0.8824799114769312,0.2212292058396678,False,False,False,False,,-1,nan
16,3,0,0-1-2-3,0,12,0,1.5,7.5,6.0,0,6,7,0.4375,PREREGISTERED_PRIMARY_ANALYSIS_COMPLETED,True,0.4,0.3779907119774371,0.8619240026706805,0.6587319243604004,-0.8619240026706809,0.2570870136201523,False,False,False,False,,-1,nan
16,3,1,1-2-3-4,1,11,1,2.5,7.5,5.0,0,7,8,0.5,PREREGISTERED_PRIMARY_ANALYSIS_COMPLETED,True,0.05,0.04724883899717964,0.9812448279278368,0.23515016685205786,-0.9812448279278364,0.037158587664870214,False,False,True,False,,-1,nan
16,3,1,1-2-3-4,1,11,1,2.5,7.5,5.0,0,7,8,0.5,PREREGISTERED_PRIMARY_ANALYSIS_COMPLETED,True,0.1,0.09449767799435928,0.946816237006867,0.0932146829810901,-0.9468162370068675,0.10353901334015551,False,False,True,False,,-1,nan
16,3,1,1-2-3-4,1,11,1,2.5,7.5,5.0,0,7,8,0.5,PREREGISTERED_PRIMARY_ANALYSIS_COMPLETED,True,0.2,0.18899535598871856,0.8964702517313516,0.1897664071190211,-0.8964702517313518,0.19634108776072665,False,False,True,False,,-1,nan
16,3,1,1-2-3-4,1,11,1,2.5,7.5,5.0,0,7,8,0.5,PREREGISTERED_PRIMARY_ANALYSIS_COMPLETED,True,0.3,0.2834930339830778,0.8660937781875618,0.37174638487208006,-0.8660937781875618,0.24988156738479447,False,False,False,False,,-1,nan
16,3,1,1-2-3-4,1,11,1,2.5,7.5,5.0,0,7,8,0.5,PREREGISTERED_PRIMARY_ANALYSIS_COMPLETED,True,0.4,0.3779907119774371,0.8563308316211967,0.49499443826473855,-0.8563308316211973,0.266697506814949,False,False,False,False,,-1,nan
16,3,2,2-3-4-5,2,10,2,3.5,7.5,4.0,0,8,9,0.5625,PREREGISTERED_PRIMARY_ANALYSIS_COMPLETED,True,0.05,0.04724883899717964,0.7829237785455945,0.1439377085650723,-0.7829237785455944,0.38703035698788874,False,False,False,False,,-1,nan
16,3,2,2-3-4-5,2,10,2,3.5,7.5,4.0,0,8,9,0.5625,PREREGISTERED_PRIMARY_ANALYSIS_COMPLETED,True,0.1,0.09449767799435928,0.5728268019140046,0.028253615127919914,-0.5728268019140043,0.6718694550089738,False,False,False,False,,-1,nan
16,3,2,2-3-4-5,2,10,2,3.5,7.5,4.0,0,8,9,0.5625,PREREGISTERED_PRIMARY_ANALYSIS_COMPLETED,True,0.2,0.18899535598871856,0.6203510635903355,0.0037819799777530586,-0.6203510635903356,0.6151645579023395,False,False,False,False,,-1,nan
16,3,2,2-3-4-5,2,10,2,3.5,7.5,4.0,0,8,9,0.5625,PREREGISTERED_PRIMARY_ANALYSIS_COMPLETED,True,0.3,0.2834930339830778,0.7292796784823049,0.033592880978865404,-0.7292796784823055,0.46815115055274603,False,False,False,False,,-1,nan
16,3,2,2-3-4-5,2,10,2,3.5,7.5,4.0,0,8,9,0.5625,PREREGISTERED_PRIMARY_ANALYSIS_COMPLETED,True,0.4,0.3779907119774371,0.7793138249258955,0.22803114571746386,-0.7793138249258956,0.3926699622793706,False,False,False,False,,-1,nan
16,3,3,3-4-5-6,3,9,3,4.5,7.5,3.0,0,9,10,0.625,PREREGISTERED_PRIMARY_ANALYSIS_COMPLETED,True,0.05,0.04724883899717964,0.8173197495279906,0.13281423804226916,-0.8173197495279902,0.3319884270315031,False,False,False,False,,-1,nan
16,3,3,3-4-5-6,3,9,3,4.5,7.5,3.0,0,9,10,0.625,PREREGISTERED_PRIMARY_ANALYSIS_COMPLETED,True,0.1,0.09449767799435928,0.6070420469324171,0.02736373748609566,-0.607042046932417,0.6314999532561012,False,False,False,False,,-1,nan
16,3,3,3-4-5-6,3,9,3,4.5,7.5,3.0,0,9,10,0.625,PREREGISTERED_PRIMARY_ANALYSIS_COMPLETED,True,0.2,0.18899535598871856,0.6304419789550655,0.021134593993325918,-0.6304419789550657,0.6025429111712208,False,False,False,False,,-1,nan
16,3,3,3-4-5-6,3,9,3,4.5,7.5,3.0,0,9,10,0.625,PREREGISTERED_PRIMARY_ANALYSIS_COMPLETED,True,0.3,0.2834930339830778,0.7318967056728992,0.0064516129032258064,-0.7318967056728993,0.4643272122251576,False,False,False,False,,-1,nan
16,3,3,3-4-5-6,3,9,3,4.5,7.5,3.0,0,9,10,0.625,PREREGISTERED_PRIMARY_ANALYSIS_COMPLETED,True,0.4,0.3779907119774371,0.7802744645973858,0.2253615127919911,-0.780274464597386,0.39117175989726294,False,False,False,False,,-1,nan
16,3,4,4-5-6-7,4,8,4,5.5,7.5,2.0,1,10,10,0.625,PREREGISTERED_PRIMARY_ANALYSIS_COMPLETED,True,0.05,0.04724883899717964,0.8173197483210153,0.13281423804226916,-0.8173197483210151,0.3319884290044727,False,False,False,False,,-1,nan
16,3,4,4-5-6-7,4,8,4,5.5,7.5,2.0,1,10,10,0.625,PREREGISTERED_PRIMARY_ANALYSIS_COMPLETED,True,0.1,0.09449767799435928,0.6070420460773605,0.02736373748609566,-0.6070420460773605,0.6314999542942115,False,False,False,False,,-1,nan
16,3,4,4-5-6-7,4,8,4,5.5,7.5,2.0,1,10,10,0.625,PREREGISTERED_PRIMARY_ANALYSIS_COMPLETED,True,0.2,0.18899535598871856,0.6304419783819094,0.021134593993325918,-0.6304419783819095,0.6025429118939036,False,False,False,False,,-1,nan
16,3,4,4-5-6-7,4,8,4,5.5,7.5,2.0,1,10,10,0.625,PREREGISTERED_PRIMARY_ANALYSIS_COMPLETED,True,0.3,0.2834930339830778,0.7318967051470708,0.0064516129032258064,-0.7318967051470705,0.4643272129948621,False,False,False,False,,-1,nan
16,3,4,4-5-6-7,4,8,4,5.5,7.5,2.0,1,10,10,0.625,PREREGISTERED_PRIMARY_ANALYSIS_COMPLETED,True,0.4,0.3779907119774371,0.7802744641175436,0.2253615127919911,-0.7802744641175439,0.3911717606460795,False,False,False,False,,-1,nan
16,3,5,5-6-7-8,5,7,5,6.5,7.5,1.0,2,11,10,0.625,PREREGISTERED_PRIMARY_ANALYSIS_COMPLETED,True,0.05,0.04724883899717964,0.8173197490653141,0.13281423804226916,-0.8173197490653142,0.33198842778781207,False,False,False,False,,-1,nan
16,3,5,5-6-7-8,5,7,5,6.5,7.5,1.0,2,11,10,0.625,PREREGISTERED_PRIMARY_ANALYSIS_COMPLETED,True,0.1,0.09449767799435928,0.6070420463914818,0.02736373748609566,-0.6070420463914817,0.6314999539128417,False,False,False,False,,-1,nan
16,3,5,5-6-7-8,5,7,5,6.5,7.5,1.0,2,11,10,0.625,PREREGISTERED_PRIMARY_ANALYSIS_COMPLETED,True,0.2,0.18899535598871856,0.6304419784387567,0.021134593993325918,-0.6304419784387572,0.6025429118222257,False,False,False,False,,-1,nan
16,3,5,5-6-7-8,5,7,5,6.5,7.5,1.0,2,11,10,0.625,PREREGISTERED_PRIMARY_ANALYSIS_COMPLETED,True,0.3,0.2834930339830778,0.7318967051845757,0.0064516129032258064,-0.7318967051845752,0.46432721293996265,False,False,False,False,,-1,nan
16,3,5,5-6-7-8,5,7,5,6.5,7.5,1.0,2,11,10,0.625,PREREGISTERED_PRIMARY_ANALYSIS_COMPLETED,True,0.4,0.3779907119774371,0.7802744641572507,0.2253615127919911,-0.7802744641572501,0.3911717605841159,False,False,False,False,,-1,nan
16,3,6,6-7-8-9,6,6,6,7.5,7.5,0.0,3,12,10,0.625,PREREGISTERED_PRIMARY_ANALYSIS_COMPLETED,True,0.05,0.04724883899717964,0.8173197487144482,0.13281423804226916,-0.8173197487144479,0.33198842836135123,False,False,False,False,,-1,nan
16,3,6,6-7-8-9,6,6,6,7.5,7.5,0.0,3,12,10,0.625,PREREGISTERED_PRIMARY_ANALYSIS_COMPLETED,True,0.1,0.09449767799435928,0.607042046015284,0.02736373748609566,-0.6070420460152842,0.6314999543695777,False,False,False,False,,-1,nan
16,3,6,6-7-8-9,6,6,6,7.5,7.5,0.0,3,12,10,0.625,PREREGISTERED_PRIMARY_ANALYSIS_COMPLETED,True,0.2,0.18899535598871856,0.6304419781138635,0.021134593993325918,-0.6304419781138635,0.6025429122318787,False,False,False,False,,-1,nan
16,3,6,6-7-8-9,6,6,6,7.5,7.5,0.0,3,12,10,0.625,PREREGISTERED_PRIMARY_ANALYSIS_COMPLETED,True,0.3,0.2834930339830778,0.7318967048696808,0.0064516129032258064,-0.7318967048696805,0.46432721340090327,False,False,False,False,,-1,nan
16,3,6,6-7-8-9,6,6,6,7.5,7.5,0.0,3,12,10,0.625,PREREGISTERED_PRIMARY_ANALYSIS_COMPLETED,True,0.4,0.3779907119774371,0.7802744638668108,0.2253615127919911,-0.7802744638668103,0.3911717610373611,False,False,False,False,,-1,nan
16,3,7,7-8-9-10,7,5,5,8.5,7.5,1.0,4,13,10,0.625,PREREGISTERED_PRIMARY_ANALYSIS_COMPLETED,True,0.05,0.04724883899717964,0.8173197490996248,0.13281423804226916,-0.8173197490996248,0.33198842773172615,False,False,False,False,,-1,nan
16,3,7,7-8-9-10,7,5,5,8.5,7.5,1.0,4,13,10,0.625,PREREGISTERED_PRIMARY_ANALYSIS_COMPLETED,True,0.1,0.09449767799435928,0.6070420464276978,0.02736373748609566,-0.607042046427698,0.6314999538688728,False,False,False,False,,-1,nan
16,3,7,7-8-9-10,7,5,5,8.5,7.5,1.0,4,13,10,0.625,PREREGISTERED_PRIMARY_ANALYSIS_COMPLETED,True,0.2,0.18899535598871856,0.6304419784783666,0.021134593993325918,-0.6304419784783667,0.6025429117722826,False,False,False,False,,-1,nan
16,3,7,7-8-9-10,7,5,5,8.5,7.5,1.0,4,13,10,0.625,PREREGISTERED_PRIMARY_ANALYSIS_COMPLETED,True,0.3,0.2834930339830778,0.7318967052231505,0.0064516129032258064,-0.7318967052231506,0.4643272128834968,False,False,False,False,,-1,nan
16,3,7,7-8-9-10,7,5,5,8.5,7.5,1.0,4,13,10,0.625,PREREGISTERED_PRIMARY_ANALYSIS_COMPLETED,True,0.4,0.3779907119774371,0.780274464192425,0.2253615127919911,-0.7802744641924253,0.3911717605292242,False,False,False,False,,-1,nan
16,3,8,8-9-10-11,8,4,4,9.5,7.5,2.0,5,14,10,0.625,PREREGISTERED_PRIMARY_ANALYSIS_COMPLETED,True,0.05,0.04724883899717964,0.8173197482457744,0.13281423804226916,-0.8173197482457739,0.33198842912746446,False,False,False,False,,-1,nan
16,3,8,8-9-10-11,8,4,4,9.5,7.5,2.0,5,14,10,0.625,PREREGISTERED_PRIMARY_ANALYSIS_COMPLETED,True,0.1,0.09449767799435928,0.6070420460062126,0.02736373748609566,-0.6070420460062124,0.6314999543805915,False,False,False,False,,-1,nan
16,3,8,8-9-10-11,8,4,4,9.5,7.5,2.0,5,14,10,0.625,PREREGISTERED_PRIMARY_ANALYSIS_COMPLETED,True,0.2,0.18899535598871856,0.6304419783225987,0.021134593993325918,-0.6304419783225986,0.6025429119686884,False,False,False,False,,-1,nan
16,3,8,8-9-10-11,8,4,4,9.5,7.5,2.0,5,14,10,0.625,PREREGISTERED_PRIMARY_ANALYSIS_COMPLETED,True,0.3,0.2834930339830778,0.7318967050904165,0.0064516129032258064,-0.7318967050904163,0.46432721307779196,False,False,False,False,,-1,nan
16,3,8,8-9-10-11,8,4,4,9.5,7.5,2.0,5,14,10,0.625,PREREGISTERED_PRIMARY_ANALYSIS_COMPLETED,True,0.4,0.3779907119774371,0.7802744640651609,0.2253615127919911,-0.7802744640651608,0.3911717607278263,False,False,False,False,,-1,nan
16,3,9,9-10-11-12,9,3,3,10.5,7.5,3.0,6,15,10,0.625,PREREGISTERED_PRIMARY_ANALYSIS_COMPLETED,True,0.05,0.04724883899717964,0.8173197495092123,0.13281423804226916,-0.8173197495092122,0.33198842706219867,False,False,False,False,,-1,nan
16,3,9,9-10-11-12,9,3,3,10.5,7.5,3.0,6,15,10,0.625,PREREGISTERED_PRIMARY_ANALYSIS_COMPLETED,True,0.1,0.09449767799435928,0.6070420469277793,0.02736373748609566,-0.6070420469277795,0.6314999532617318,False,False,False,False,,-1,nan
16,3,9,9-10-11-12,9,3,3,10.5,7.5,3.0,6,15,10,0.625,PREREGISTERED_PRIMARY_ANALYSIS_COMPLETED,True,0.2,0.18899535598871856,0.6304419789509602,0.021134593993325918,-0.6304419789509603,0.6025429111763972,False,False,False,False,,-1,nan
16,3,9,9-10-11-12,9,3,3,10.5,7.5,3.0,6,15,10,0.625,PREREGISTERED_PRIMARY_ANALYSIS_COMPLETED,True,0.3,0.2834930339830778,0.7318967056706415,0.0064516129032258064,-0.7318967056706417,0.4643272122284625,False,False,False,False,,-1,nan
16,3,9,9-10-11-12,9,3,3,10.5,7.5,3.0,6,15,10,0.625,PREREGISTERED_PRIMARY_ANALYSIS_COMPLETED,True,0.4,0.3779907119774371,0.7802744645963007,0.2253615127919911,-0.7802744645963008,0.391171759898956,False,False,False,False,,-1,nan
16,3,10,10-11-12-13,10,2,2,11.5,7.5,4.0,7,15,9,0.5625,PREREGISTERED_PRIMARY_ANALYSIS_COMPLETED,True,0.05,0.04724883899717964,0.7829237785608832,0.1439377085650723,-0.7829237785608832,0.38703035696394933,False,False,False,False,,-1,nan
16,3,10,10-11-12-13,10,2,2,11.5,7.5,4.0,7,15,9,0.5625,PREREGISTERED_PRIMARY_ANALYSIS_COMPLETED,True,0.1,0.09449767799435928,0.5728268019463049,0.028253615127919914,-0.5728268019463046,0.6718694549719694,False,False,False,False,,-1,nan
16,3,10,10-11-12-13,10,2,2,11.5,7.5,4.0,7,15,9,0.5625,PREREGISTERED_PRIMARY_ANALYSIS_COMPLETED,True,0.2,0.18899535598871856,0.6203510636302035,0.0037819799777530586,-0.6203510636302038,0.6151645578528754,False,False,False,False,,-1,nan
16,3,10,10-11-12-13,10,2,2,11.5,7.5,4.0,7,15,9,0.5625,PREREGISTERED_PRIMARY_ANALYSIS_COMPLETED,True,0.3,0.2834930339830778,0.7292796785182958,0.033592880978865404,-0.7292796785182962,0.46815115050025075,False,False,False,False,,-1,nan
16,3,10,10-11-12-13,10,2,2,11.5,7.5,4.0,7,15,9,0.5625,PREREGISTERED_PRIMARY_ANALYSIS_COMPLETED,True,0.4,0.3779907119774371,0.7793138249575133,0.22803114571746386,-0.7793138249575134,0.39266996223008976,False,False,False,False,,-1,nan
16,3,11,11-12-13-14,11,1,1,12.5,7.5,5.0,8,15,8,0.5,PREREGISTERED_PRIMARY_ANALYSIS_COMPLETED,True,0.05,0.04724883899717964,0.98124482792338,0.23515016685205786,-0.9812448279233795,0.03715858767361687,False,False,True,False,,-1,nan
16,3,11,11-12-13-14,11,1,1,12.5,7.5,5.0,8,15,8,0.5,PREREGISTERED_PRIMARY_ANALYSIS_COMPLETED,True,0.1,0.09449767799435928,0.9468162369983056,0.0932146829810901,-0.9468162369983055,0.10353901335636895,False,False,True,False,,-1,nan
16,3,11,11-12-13-14,11,1,1,12.5,7.5,5.0,8,15,8,0.5,PREREGISTERED_PRIMARY_ANALYSIS_COMPLETED,True,0.2,0.18899535598871856,0.8964702517239388,0.1897664071190211,-0.8964702517239388,0.1963410877740177,False,False,True,False,,-1,nan
16,3,11,11-12-13-14,11,1,1,12.5,7.5,5.0,8,15,8,0.5,PREREGISTERED_PRIMARY_ANALYSIS_COMPLETED,True,0.3,0.2834930339830778,0.866093778182046,0.37174638487208006,-0.8660937781820467,0.24988156739434825,False,False,False,False,,-1,nan
16,3,11,11-12-13-14,11,1,1,12.5,7.5,5.0,8,15,8,0.5,PREREGISTERED_PRIMARY_ANALYSIS_COMPLETED,True,0.4,0.3779907119774371,0.856330831616755,0.49499443826473855,-0.8563308316167547,0.26669750682255716,False,False,False,False,,-1,nan
16,3,12,12-13-14-15,12,0,0,13.5,7.5,6.0,9,15,7,0.4375,PREREGISTERED_PRIMARY_ANALYSIS_COMPLETED,True,0.05,0.04724883899717964,0.9906736537661224,-0.024249165739710785,-0.9906736537661226,0.018565711733680493,False,False,True,False,,-1,nan
16,3,12,12-13-14-15,12,0,0,13.5,7.5,6.0,9,15,7,0.4375,PREREGISTERED_PRIMARY_ANALYSIS_COMPLETED,True,0.1,0.09449767799435928,0.9734945754284737,-0.15372636262513903,-0.9734945754284742,0.05230831161133498,False,False,True,False,,-1,nan
16,3,12,12-13-14-15,12,0,0,13.5,7.5,6.0,9,15,7,0.4375,PREREGISTERED_PRIMARY_ANALYSIS_COMPLETED,True,0.2,0.18899535598871856,0.924957162621325,0.015350389321468297,-0.9249571626213243,0.14445424731550827,False,False,True,False,,-1,nan
16,3,12,12-13-14-15,12,0,0,13.5,7.5,6.0,9,15,7,0.4375,PREREGISTERED_PRIMARY_ANALYSIS_COMPLETED,True,0.3,0.2834930339830778,0.8824799114674649,0.3890989988876529,-0.8824799114674651,0.22122920585637532,False,False,False,False,,-1,nan
16,3,12,12-13-14-15,12,0,0,13.5,7.5,6.0,9,15,7,0.4375,PREREGISTERED_PRIMARY_ANALYSIS_COMPLETED,True,0.4,0.3779907119774371,0.8619240026515285,0.6587319243604004,-0.8619240026515281,0.25708701365316855,False,False,False,False,,-1,nan
16,4,0,0-1-2-3,0,12,0,1.5,7.5,6.0,0,7,8,0.5,PREREGISTERED_PRIMARY_ANALYSIS_COMPLETED,True,0.05,0.04724883899717964,-0.9644347255962269,-0.6649610678531702,0.9644347255962267,0.06986566006413032,True,True,True,True,,-1,nan
16,4,0,0-1-2-3,0,12,0,1.5,7.5,6.0,0,7,8,0.5,PREREGISTERED_PRIMARY_ANALYSIS_COMPLETED,True,0.1,0.09449767799435928,-0.9707850519463457,-0.6756395995550611,0.9707850519463453,0.0575763829175319,True,True,True,True,,-1,nan
16,4,0,0-1-2-3,0,12,0,1.5,7.5,6.0,0,7,8,0.5,PREREGISTERED_PRIMARY_ANALYSIS_COMPLETED,True,0.2,0.18899535598871856,-0.9849390481774072,-0.8812013348164627,0.9849390481774075,0.029895071375383105,True,True,True,True,,-1,nan
16,4,0,0-1-2-3,0,12,0,1.5,7.5,6.0,0,7,8,0.5,PREREGISTERED_PRIMARY_ANALYSIS_COMPLETED,True,0.3,0.2834930339830778,-0.9890356974199377,-0.9817575083426029,0.989035697419938,0.02180838922905746,True,True,True,True,,-1,nan
16,4,0,0-1-2-3,0,12,0,1.5,7.5,6.0,0,7,8,0.5,PREREGISTERED_PRIMARY_ANALYSIS_COMPLETED,True,0.4,0.3779907119774371,-0.9910038506651574,-0.9092324805339266,0.9910038506651587,0.017911367966829052,True,True,True,True,,-1,nan
16,4,1,1-2-3-4,1,11,1,2.5,7.5,5.0,0,8,9,0.5625,PREREGISTERED_PRIMARY_ANALYSIS_COMPLETED,True,0.05,0.04724883899717964,-0.9930864103282273,-0.9555061179087875,0.9930864103282268,0.013779381621396735,True,True,True,True,,-1,nan
16,4,1,1-2-3-4,1,11,1,2.5,7.5,5.0,0,8,9,0.5625,PREREGISTERED_PRIMARY_ANALYSIS_COMPLETED,True,0.1,0.09449767799435928,-0.9848722855267616,-0.9515016685205783,0.9848722855267614,0.030026581201292674,True,True,True,True,,-1,nan
16,4,1,1-2-3-4,1,11,1,2.5,7.5,5.0,0,8,9,0.5625,PREREGISTERED_PRIMARY_ANALYSIS_COMPLETED,True,0.2,0.18899535598871856,-0.9679628027324295,-0.9724137931034482,0.9679628027324299,0.06304801252637927,True,True,True,True,,-1,nan
16,4,1,1-2-3-4,1,11,1,2.5,7.5,5.0,0,8,9,0.5625,PREREGISTERED_PRIMARY_ANALYSIS_COMPLETED,True,0.3,0.2834930339830778,-0.9561211112239401,-0.9853170189098998,0.9561211112239403,0.0858324206718968,True,True,True,True,,-1,nan
16,4,1,1-2-3-4,1,11,1,2.5,7.5,5.0,0,8,9,0.5625,PREREGISTERED_PRIMARY_ANALYSIS_COMPLETED,True,0.4,0.3779907119774371,-0.9520948905507102,-0.9483870967741934,0.9520948905507108,0.09351531938723022,True,True,True,True,,-1,nan
16,4,2,2-3-4-5,2,10,2,3.5,7.5,4.0,0,9,10,0.625,PREREGISTERED_PRIMARY_ANALYSIS_COMPLETED,True,0.05,0.04724883899717964,0.40542890361263423,-0.22313681868743046,-0.4054289036126341,0.8356274041154577,False,False,False,False,,-1,nan
16,4,2,2-3-4-5,2,10,2,3.5,7.5,4.0,0,9,10,0.625,PREREGISTERED_PRIMARY_ANALYSIS_COMPLETED,True,0.1,0.09449767799435928,0.22335300159935895,-0.5092324805339266,-0.223353001599359,0.9501134366765567,False,False,False,False,,-1,nan
16,4,2,2-3-4-5,2,10,2,3.5,7.5,4.0,0,9,10,0.625,PREREGISTERED_PRIMARY_ANALYSIS_COMPLETED,True,0.2,0.18899535598871856,0.1641285722460282,0.08120133481646273,-0.16412857224602814,0.9730618117724799,False,False,False,False,,-1,nan
16,4,2,2-3-4-5,2,10,2,3.5,7.5,4.0,0,9,10,0.625,PREREGISTERED_PRIMARY_ANALYSIS_COMPLETED,True,0.3,0.2834930339830778,0.2661876104346864,0.35839822024471635,-0.26618761043468653,0.9291441560510717,False,False,False,False,,-1,nan
16,4,2,2-3-4-5,2,10,2,3.5,7.5,4.0,0,9,10,0.625,PREREGISTERED_PRIMARY_ANALYSIS_COMPLETED,True,0.4,0.3779907119774371,0.3837461669208373,0.46785317018909905,-0.38374616692083724,0.8527388793735649,False,False,False,False,,-1,nan
16,4,3,3-4-5-6,3,9,3,4.5,7.5,3.0,0,10,11,0.6875,PREREGISTERED_PRIMARY_ANALYSIS_COMPLETED,True,0.05,0.04724883899717964,0.18913814483382163,-0.3477196885428253,-0.18913814483382163,0.9642267621688201,False,False,False,False,,-1,nan
16,4,3,3-4-5-6,3,9,3,4.5,7.5,3.0,0,10,11,0.6875,PREREGISTERED_PRIMARY_ANALYSIS_COMPLETED,True,0.1,0.09449767799435928,0.09803573376001766,-0.4896551724137932,-0.09803573376001772,0.9903889949061349,False,False,False,False,,-1,nan
16,4,3,3-4-5-6,3,9,3,4.5,7.5,3.0,0,10,11,0.6875,PREREGISTERED_PRIMARY_ANALYSIS_COMPLETED,True,0.2,0.18899535598871856,0.11593683377521267,-0.28231368186874306,-0.11593683377521267,0.9865586505741788,False,False,False,False,,-1,nan
16,4,3,3-4-5-6,3,9,3,4.5,7.5,3.0,0,10,11,0.6875,PREREGISTERED_PRIMARY_ANALYSIS_COMPLETED,True,0.3,0.2834930339830778,0.2839043259801381,0.4197997775305895,-0.28390432598013815,0.9193983336897633,False,False,False,False,,-1,nan
16,4,3,3-4-5-6,3,9,3,4.5,7.5,3.0,0,10,11,0.6875,PREREGISTERED_PRIMARY_ANALYSIS_COMPLETED,True,0.4,0.3779907119774371,0.43038880238096255,0.5506117908787541,-0.43038880238096255,0.8147654787850808,False,False,False,False,,-1,nan
16,4,4,4-5-6-7,4,8,4,5.5,7.5,2.0,0,11,12,0.75,PREREGISTERED_PRIMARY_ANALYSIS_COMPLETED,True,0.05,0.04724883899717964,0.18876286757653457,-0.3477196885428253,-0.1887628675765346,0.9643685798242837,False,False,False,False,,-1,nan
16,4,4,4-5-6-7,4,8,4,5.5,7.5,2.0,0,11,12,0.75,PREREGISTERED_PRIMARY_ANALYSIS_COMPLETED,True,0.1,0.09449767799435928,0.09775554746124525,-0.4896551724137932,-0.09775554746124522,0.9904438529405523,False,False,False,False,,-1,nan
16,4,4,4-5-6-7,4,8,4,5.5,7.5,2.0,0,11,12,0.75,PREREGISTERED_PRIMARY_ANALYSIS_COMPLETED,True,0.2,0.18899535598871856,0.11566471889755527,-0.28231368186874306,-0.11566471889755524,0.9866216728023496,False,False,False,False,,-1,nan
16,4,4,4-5-6-7,4,8,4,5.5,7.5,2.0,0,11,12,0.75,PREREGISTERED_PRIMARY_ANALYSIS_COMPLETED,True,0.3,0.2834930339830778,0.28369415028159456,0.4197997775305895,-0.28369415028159467,0.919517629096004,False,False,False,False,,-1,nan
16,4,4,4-5-6-7,4,8,4,5.5,7.5,2.0,0,11,12,0.75,PREREGISTERED_PRIMARY_ANALYSIS_COMPLETED,True,0.4,0.3779907119774371,0.43022406507185196,0.5506117908787541,-0.4302240650718519,0.8149072538330508,False,False,False,False,,-1,nan
16,4,5,5-6-7-8,5,7,5,6.5,7.5,1.0,1,12,12,0.75,PREREGISTERED_PRIMARY_ANALYSIS_COMPLETED,True,0.05,0.04724883899717964,0.18876286755208277,-0.3477196885428253,-0.18876286755208282,0.9643685798335152,False,False,False,False,,-1,nan
16,4,5,5-6-7-8,5,7,5,6.5,7.5,1.0,1,12,12,0.75,PREREGISTERED_PRIMARY_ANALYSIS_COMPLETED,True,0.1,0.09449767799435928,0.09775554747526741,-0.4896551724137932,-0.0977555474752674,0.9904438529378105,False,False,False,False,,-1,nan
16,4,5,5-6-7-8,5,7,5,6.5,7.5,1.0,1,12,12,0.75,PREREGISTERED_PRIMARY_ANALYSIS_COMPLETED,True,0.2,0.18899535598871856,0.1156647189172146,-0.28231368186874306,-0.11566471891721465,0.9866216727978018,False,False,False,False,,-1,nan
16,4,5,5-6-7-8,5,7,5,6.5,7.5,1.0,1,12,12,0.75,PREREGISTERED_PRIMARY_ANALYSIS_COMPLETED,True,0.3,0.2834930339830778,0.28369415030607575,0.4197997775305895,-0.283694150306076,0.9195176290821134,False,False,False,False,,-1,nan
16,4,5,5-6-7-8,5,7,5,6.5,7.5,1.0,1,12,12,0.75,PREREGISTERED_PRIMARY_ANALYSIS_COMPLETED,True,0.4,0.3779907119774371,0.4302240650972399,0.5506117908787541,-0.4302240650972398,0.814907253811206,False,False,False,False,,-1,nan
16,4,6,6-7-8-9,6,6,6,7.5,7.5,0.0,2,13,12,0.75,PREREGISTERED_PRIMARY_ANALYSIS_COMPLETED,True,0.05,0.04724883899717964,0.1887628672252111,-0.3477196885428253,-0.1887628672252111,0.9643685799569174,False,False,False,False,,-1,nan
16,4,6,6-7-8-9,6,6,6,7.5,7.5,0.0,2,13,12,0.75,PREREGISTERED_PRIMARY_ANALYSIS_COMPLETED,True,0.1,0.09449767799435928,0.09775554740035096,-0.4896551724137932,-0.09775554740035097,0.9904438529524577,False,False,False,False,,-1,nan
16,4,6,6-7-8-9,6,6,6,7.5,7.5,0.0,2,13,12,0.75,PREREGISTERED_PRIMARY_ANALYSIS_COMPLETED,True,0.2,0.18899535598871856,0.11566471885626073,-0.28231368186874306,-0.11566471885626074,0.986621672811902,False,False,False,False,,-1,nan
16,4,6,6-7-8-9,6,6,6,7.5,7.5,0.0,2,13,12,0.75,PREREGISTERED_PRIMARY_ANALYSIS_COMPLETED,True,0.3,0.2834930339830778,0.2836941502219986,0.4197997775305895,-0.2836941502219988,0.919517629129818,False,False,False,False,,-1,nan
16,4,6,6-7-8-9,6,6,6,7.5,7.5,0.0,2,13,12,0.75,PREREGISTERED_PRIMARY_ANALYSIS_COMPLETED,True,0.4,0.3779907119774371,0.4302240650069343,0.5506117908787541,-0.43022406500693433,0.8149072538889087,False,False,False,False,,-1,nan
16,4,7,7-8-9-10,7,5,5,8.5,7.5,1.0,3,14,12,0.75,PREREGISTERED_PRIMARY_ANALYSIS_COMPLETED,True,0.05,0.04724883899717964,0.1887628675927236,-0.3477196885428253,-0.18876286759272357,0.9643685798181721,False,False,False,False,,-1,nan
16,4,7,7-8-9-10,7,5,5,8.5,7.5,1.0,3,14,12,0.75,PREREGISTERED_PRIMARY_ANALYSIS_COMPLETED,True,0.1,0.09449767799435928,0.09775554748482618,-0.4896551724137932,-0.09775554748482618,0.9904438529359418,False,False,False,False,,-1,nan
16,4,7,7-8-9-10,7,5,5,8.5,7.5,1.0,3,14,12,0.75,PREREGISTERED_PRIMARY_ANALYSIS_COMPLETED,True,0.2,0.18899535598871856,0.11566471892109267,-0.28231368186874306,-0.11566471892109263,0.9866216727969047,False,False,False,False,,-1,nan
16,4,7,7-8-9-10,7,5,5,8.5,7.5,1.0,3,14,12,0.75,PREREGISTERED_PRIMARY_ANALYSIS_COMPLETED,True,0.3,0.2834930339830778,0.28369415031072437,0.4197997775305895,-0.2836941503107243,0.919517629079476,False,False,False,False,,-1,nan
16,4,7,7-8-9-10,7,5,5,8.5,7.5,1.0,3,14,12,0.75,PREREGISTERED_PRIMARY_ANALYSIS_COMPLETED,True,0.4,0.3779907119774371,0.43022406510198125,0.5506117908787541,-0.43022406510198113,0.8149072538071267,False,False,False,False,,-1,nan
16,4,8,8-9-10-11,8,4,4,9.5,7.5,2.0,4,15,12,0.75,PREREGISTERED_PRIMARY_ANALYSIS_COMPLETED,True,0.05,0.04724883899717964,0.18876286762145184,-0.3477196885428253,-0.18876286762145195,0.9643685798073265,False,False,False,False,,-1,nan
16,4,8,8-9-10-11,8,4,4,9.5,7.5,2.0,4,15,12,0.75,PREREGISTERED_PRIMARY_ANALYSIS_COMPLETED,True,0.1,0.09449767799435928,0.09775554747226028,-0.4896551724137932,-0.0977555474722603,0.9904438529383982,False,False,False,False,,-1,nan
16,4,8,8-9-10-11,8,4,4,9.5,7.5,2.0,4,15,12,0.75,PREREGISTERED_PRIMARY_ANALYSIS_COMPLETED,True,0.2,0.18899535598871856,0.11566471890442914,-0.28231368186874306,-0.11566471890442913,0.9866216728007592,False,False,False,False,,-1,nan
16,4,8,8-9-10-11,8,4,4,9.5,7.5,2.0,4,15,12,0.75,PREREGISTERED_PRIMARY_ANALYSIS_COMPLETED,True,0.3,0.2834930339830778,0.28369415029046796,0.4197997775305895,-0.283694150290468,0.9195176290909696,False,False,False,False,,-1,nan
16,4,8,8-9-10-11,8,4,4,9.5,7.5,2.0,4,15,12,0.75,PREREGISTERED_PRIMARY_ANALYSIS_COMPLETED,True,0.4,0.3779907119774371,0.43022406508128747,0.5506117908787541,-0.4302240650812873,0.8149072538249323,False,False,False,False,,-1,nan
16,4,9,9-10-11-12,9,3,3,10.5,7.5,3.0,5,15,11,0.6875,PREREGISTERED_PRIMARY_ANALYSIS_COMPLETED,True,0.05,0.04724883899717964,0.18913814485459643,-0.3477196885428253,-0.18913814485459632,0.9642267621609619,False,False,False,False,,-1,nan
16,4,9,9-10-11-12,9,3,3,10.5,7.5,3.0,5,15,11,0.6875,PREREGISTERED_PRIMARY_ANALYSIS_COMPLETED,True,0.1,0.09449767799435928,0.09803573376133204,-0.4896551724137932,-0.09803573376133207,0.9903889949058774,False,False,False,False,,-1,nan
16,4,9,9-10-11-12,9,3,3,10.5,7.5,3.0,5,15,11,0.6875,PREREGISTERED_PRIMARY_ANALYSIS_COMPLETED,True,0.2,0.18899535598871856,0.11593683377427996,-0.28231368186874306,-0.11593683377427998,0.986558650574395,False,False,False,False,,-1,nan
16,4,9,9-10-11-12,9,3,3,10.5,7.5,3.0,5,15,11,0.6875,PREREGISTERED_PRIMARY_ANALYSIS_COMPLETED,True,0.3,0.2834930339830778,0.2839043259776241,0.4197997775305895,-0.28390432597762405,0.9193983336911908,False,False,False,False,,-1,nan
16,4,9,9-10-11-12,9,3,3,10.5,7.5,3.0,5,15,11,0.6875,PREREGISTERED_PRIMARY_ANALYSIS_COMPLETED,True,0.4,0.3779907119774371,0.4303888023778128,0.5506117908787541,-0.4303888023778129,0.8147654787877922,False,False,False,False,,-1,nan
16,4,10,10-11-12-13,10,2,2,11.5,7.5,4.0,6,15,10,0.625,PREREGISTERED_PRIMARY_ANALYSIS_COMPLETED,True,0.05,0.04724883899717964,0.40542890359210804,-0.22313681868743046,-0.4054289035921079,0.8356274041321011,False,False,False,False,,-1,nan
16,4,10,10-11-12-13,10,2,2,11.5,7.5,4.0,6,15,10,0.625,PREREGISTERED_PRIMARY_ANALYSIS_COMPLETED,True,0.1,0.09449767799435928,0.2233530015839705,-0.5092324805339266,-0.22335300158397053,0.9501134366834311,False,False,False,False,,-1,nan
16,4,10,10-11-12-13,10,2,2,11.5,7.5,4.0,6,15,10,0.625,PREREGISTERED_PRIMARY_ANALYSIS_COMPLETED,True,0.2,0.18899535598871856,0.16412857224059063,0.08120133481646273,-0.1641285722405906,0.9730618117742649,False,False,False,False,,-1,nan
16,4,10,10-11-12-13,10,2,2,11.5,7.5,4.0,6,15,10,0.625,PREREGISTERED_PRIMARY_ANALYSIS_COMPLETED,True,0.3,0.2834930339830778,0.2661876104302246,0.35839822024471635,-0.2661876104302247,0.9291441560534471,False,False,False,False,,-1,nan
16,4,10,10-11-12-13,10,2,2,11.5,7.5,4.0,6,15,10,0.625,PREREGISTERED_PRIMARY_ANALYSIS_COMPLETED,True,0.4,0.3779907119774371,0.38374616691603985,0.46785317018909905,-0.38374616691603997,0.8527388793772467,False,False,False,False,,-1,nan
16,4,11,11-12-13-14,11,1,1,12.5,7.5,5.0,7,15,9,0.5625,PREREGISTERED_PRIMARY_ANALYSIS_COMPLETED,True,0.05,0.04724883899717964,-0.9930864103282498,-0.9555061179087875,0.9930864103282491,0.013779381621352619,True,True,True,True,,-1,nan
16,4,11,11-12-13-14,11,1,1,12.5,7.5,5.0,7,15,9,0.5625,PREREGISTERED_PRIMARY_ANALYSIS_COMPLETED,True,0.1,0.09449767799435928,-0.9848722855267424,-0.9515016685205783,0.9848722855267426,0.030026581201330643,True,True,True,True,,-1,nan
16,4,11,11-12-13-14,11,1,1,12.5,7.5,5.0,7,15,9,0.5625,PREREGISTERED_PRIMARY_ANALYSIS_COMPLETED,True,0.2,0.18899535598871856,-0.9679628027325431,-0.9724137931034482,0.9679628027325433,0.06304801252615909,True,True,True,True,,-1,nan
16,4,11,11-12-13-14,11,1,1,12.5,7.5,5.0,7,15,9,0.5625,PREREGISTERED_PRIMARY_ANALYSIS_COMPLETED,True,0.3,0.2834930339830778,-0.9561211112240752,-0.9853170189098998,0.956121111224076,0.0858324206716392,True,True,True,True,,-1,nan
16,4,11,11-12-13-14,11,1,1,12.5,7.5,5.0,7,15,9,0.5625,PREREGISTERED_PRIMARY_ANALYSIS_COMPLETED,True,0.4,0.3779907119774371,-0.9520948905508337,-0.9483870967741934,0.9520948905508339,0.09351531938699537,True,True,True,True,,-1,nan
16,4,12,12-13-14-15,12,0,0,13.5,7.5,6.0,8,15,8,0.5,PREREGISTERED_PRIMARY_ANALYSIS_COMPLETED,True,0.05,0.04724883899717964,-0.9644347255991429,-0.6649610678531702,0.9644347255991423,0.06986566005850672,True,True,True,True,,-1,nan
16,4,12,12-13-14-15,12,0,0,13.5,7.5,6.0,8,15,8,0.5,PREREGISTERED_PRIMARY_ANALYSIS_COMPLETED,True,0.1,0.09449767799435928,-0.9707850519500385,-0.6756395995550611,0.9707850519500383,0.05757638291036068,True,True,True,True,,-1,nan
16,4,12,12-13-14-15,12,0,0,13.5,7.5,6.0,8,15,8,0.5,PREREGISTERED_PRIMARY_ANALYSIS_COMPLETED,True,0.2,0.18899535598871856,-0.9849390481789535,-0.8812013348164627,0.9849390481789535,0.02989507137233738,True,True,True,True,,-1,nan
16,4,12,12-13-14-15,12,0,0,13.5,7.5,6.0,8,15,8,0.5,PREREGISTERED_PRIMARY_ANALYSIS_COMPLETED,True,0.3,0.2834930339830778,-0.9890356974208118,-0.9817575083426029,0.9890356974208119,0.02180838922732814,True,True,True,True,,-1,nan
16,4,12,12-13-14-15,12,0,0,13.5,7.5,6.0,8,15,8,0.5,PREREGISTERED_PRIMARY_ANALYSIS_COMPLETED,True,0.4,0.3779907119774371,-0.9910038506658394,-0.9092324805339266,0.9910038506658393,0.017911367965480117,True,True,True,True,,-1,nan
16,5,0,0-1-2-3,0,12,0,1.5,7.5,6.0,0,8,9,0.5625,PREREGISTERED_PRIMARY_ANALYSIS_COMPLETED,True,0.05,0.04724883899717964,0.9717109949375666,-0.2413793103448276,-0.9717109949375665,0.05577774231744418,False,False,True,False,,-1,nan
16,5,0,0-1-2-3,0,12,0,1.5,7.5,6.0,0,8,9,0.5625,PREREGISTERED_PRIMARY_ANALYSIS_COMPLETED,True,0.1,0.09449767799435928,0.883226895361811,-0.27608453837597335,-0.8832268953618111,0.21991025130953698,False,False,False,False,,-1,nan
16,5,0,0-1-2-3,0,12,0,1.5,7.5,6.0,0,8,9,0.5625,PREREGISTERED_PRIMARY_ANALYSIS_COMPLETED,True,0.2,0.18899535598871856,0.6850474966241747,-0.12747497219132367,-0.6850474966241753,0.530709927368951,False,False,False,False,,-1,nan
16,5,0,0-1-2-3,0,12,0,1.5,7.5,6.0,0,8,9,0.5625,PREREGISTERED_PRIMARY_ANALYSIS_COMPLETED,True,0.3,0.2834930339830778,0.6128924471008277,0.09410456062291435,-0.6128924471008279,0.6243628482867591,False,False,False,False,,-1,nan
16,5,0,0-1-2-3,0,12,0,1.5,7.5,6.0,0,8,9,0.5625,PREREGISTERED_PRIMARY_ANALYSIS_COMPLETED,True,0.4,0.3779907119774371,0.627478230755921,0.40155728587319245,-0.6274782307559214,0.6062710699274194,False,False,False,False,,-1,nan
16,5,1,1-2-3-4,1,11,1,2.5,7.5,5.0,0,9,10,0.625,PREREGISTERED_PRIMARY_ANALYSIS_COMPLETED,True,0.05,0.04724883899717964,0.9741479185002065,-0.20934371523915463,-0.9741479185002072,0.05103583288171361,False,False,True,False,,-1,nan
16,5,1,1-2-3-4,1,11,1,2.5,7.5,5.0,0,9,10,0.625,PREREGISTERED_PRIMARY_ANALYSIS_COMPLETED,True,0.1,0.09449767799435928,0.8953748959883794,-0.24048943270300333,-0.8953748959883793,0.19830379563379905,False,False,True,False,,-1,nan
16,5,1,1-2-3-4,1,11,1,2.5,7.5,5.0,0,9,10,0.625,PREREGISTERED_PRIMARY_ANALYSIS_COMPLETED,True,0.2,0.18899535598871856,0.7149768547193759,-0.05761957730812013,-0.714976854719376,0.4888080972155886,False,False,False,False,,-1,nan
16,5,1,1-2-3-4,1,11,1,2.5,7.5,5.0,0,9,10,0.625,PREREGISTERED_PRIMARY_ANALYSIS_COMPLETED,True,0.3,0.2834930339830778,0.6417750975870644,0.1768631813125695,-0.6417750975870645,0.5881247241171138,False,False,False,False,,-1,nan
16,5,1,1-2-3-4,1,11,1,2.5,7.5,5.0,0,9,10,0.625,PREREGISTERED_PRIMARY_ANALYSIS_COMPLETED,True,0.4,0.3779907119774371,0.6498806759244224,0.48031145717463847,-0.6498806759244226,0.577655107060016,False,False,False,False,,-1,nan
16,5,2,2-3-4-5,2,10,2,3.5,7.5,4.0,0,10,11,0.6875,PREREGISTERED_PRIMARY_ANALYSIS_COMPLETED,True,0.05,0.04724883899717964,0.8861493657800822,-0.3864293659621802,-0.8861493657800821,0.21473930152755805,False,False,False,False,,-1,nan
16,5,2,2-3-4-5,2,10,2,3.5,7.5,4.0,0,10,11,0.6875,PREREGISTERED_PRIMARY_ANALYSIS_COMPLETED,True,0.1,0.09449767799435928,0.7319819001657928,-0.28142380422691876,-0.7319819001657926,0.4642024978296753,False,False,False,False,,-1,nan
16,5,2,2-3-4-5,2,10,2,3.5,7.5,4.0,0,10,11,0.6875,PREREGISTERED_PRIMARY_ANALYSIS_COMPLETED,True,0.2,0.18899535598871856,0.5761226622446416,0.1870967741935484,-0.5761226622446416,0.6680826780481469,False,False,False,False,,-1,nan
16,5,2,2-3-4-5,2,10,2,3.5,7.5,4.0,0,10,11,0.6875,PREREGISTERED_PRIMARY_ANALYSIS_COMPLETED,True,0.3,0.2834930339830778,0.5096425360721022,0.14616240266963293,-0.5096425360721025,0.7402644854259958,False,False,False,False,,-1,nan
16,5,2,2-3-4-5,2,10,2,3.5,7.5,4.0,0,10,11,0.6875,PREREGISTERED_PRIMARY_ANALYSIS_COMPLETED,True,0.4,0.3779907119774371,0.49931362110160143,0.14705228031145717,-0.49931362110160155,0.7506859077824064,False,False,False,False,,-1,nan
16,5,3,3-4-5-6,3,9,3,4.5,7.5,3.0,0,11,12,0.75,PREREGISTERED_PRIMARY_ANALYSIS_COMPLETED,True,0.05,0.04724883899717964,-0.45967039173937846,-0.6480533926585095,0.4596703917393787,0.7887031309581662,True,False,False,False,,-1,nan
16,5,3,3-4-5-6,3,9,3,4.5,7.5,3.0,0,11,12,0.75,PREREGISTERED_PRIMARY_ANALYSIS_COMPLETED,True,0.1,0.09449767799435928,-0.3349853732021562,-0.7299221357063403,0.33498537320215616,0.8877847997406121,True,False,False,False,,-1,nan
16,5,3,3-4-5-6,3,9,3,4.5,7.5,3.0,0,11,12,0.75,PREREGISTERED_PRIMARY_ANALYSIS_COMPLETED,True,0.2,0.18899535598871856,0.0736792526292298,-0.21245828698553948,-0.07367925262922984,0.9945713677319981,False,False,False,False,,-1,nan
16,5,3,3-4-5-6,3,9,3,4.5,7.5,3.0,0,11,12,0.75,PREREGISTERED_PRIMARY_ANALYSIS_COMPLETED,True,0.3,0.2834930339830778,0.3936767395689894,0.5550611790878754,-0.39367673956898946,0.8450186247223302,False,False,False,False,,-1,nan
16,5,3,3-4-5-6,3,9,3,4.5,7.5,3.0,0,11,12,0.75,PREREGISTERED_PRIMARY_ANALYSIS_COMPLETED,True,0.4,0.3779907119774371,0.5469307931022623,0.6387096774193549,-0.5469307931022623,0.7008667075565301,False,False,False,False,,-1,nan
16,5,4,4-5-6-7,4,8,4,5.5,7.5,2.0,0,12,13,0.8125,PREREGISTERED_PRIMARY_ANALYSIS_COMPLETED,True,0.05,0.04724883899717964,-0.4472072075741078,-0.6462736373748609,0.4472072075741079,0.8000057134937689,True,False,False,False,,-1,nan
16,5,4,4-5-6-7,4,8,4,5.5,7.5,2.0,0,12,13,0.8125,PREREGISTERED_PRIMARY_ANALYSIS_COMPLETED,True,0.1,0.09449767799435928,-0.32863054293881977,-0.7268075639599554,0.32863054293882,0.8920019662477363,True,False,False,False,,-1,nan
16,5,4,4-5-6-7,4,8,4,5.5,7.5,2.0,0,12,13,0.8125,PREREGISTERED_PRIMARY_ANALYSIS_COMPLETED,True,0.2,0.18899535598871856,0.07209626937618609,-0.21245828698553948,-0.0720962693761861,0.9948021279420362,False,False,False,False,,-1,nan
16,5,4,4-5-6-7,4,8,4,5.5,7.5,2.0,0,12,13,0.8125,PREREGISTERED_PRIMARY_ANALYSIS_COMPLETED,True,0.3,0.2834930339830778,0.3883977471170349,0.5470522803114571,-0.38839774711703484,0.8491471900344119,False,False,False,False,,-1,nan
16,5,4,4-5-6-7,4,8,4,5.5,7.5,2.0,0,12,13,0.8125,PREREGISTERED_PRIMARY_ANALYSIS_COMPLETED,True,0.4,0.3779907119774371,0.5415028025148776,0.6387096774193549,-0.5415028025148777,0.7067747148685333,False,False,False,False,,-1,nan
16,5,5,5-6-7-8,5,7,5,6.5,7.5,1.0,0,13,14,0.875,PREREGISTERED_PRIMARY_ANALYSIS_COMPLETED,True,0.05,0.04724883899717964,-0.4471858767952008,-0.6462736373748609,0.4471858767952006,0.8000247915949076,True,False,False,False,,-1,nan
16,5,5,5-6-7-8,5,7,5,6.5,7.5,1.0,0,13,14,0.875,PREREGISTERED_PRIMARY_ANALYSIS_COMPLETED,True,0.1,0.09449767799435928,-0.32864936301685177,-0.7268075639599554,0.3286493630168516,0.8919895961886174,True,False,False,False,,-1,nan
16,5,5,5-6-7-8,5,7,5,6.5,7.5,1.0,0,13,14,0.875,PREREGISTERED_PRIMARY_ANALYSIS_COMPLETED,True,0.2,0.18899535598871856,0.07205048738445488,-0.21245828698553948,-0.0720504873844549,0.9948087272676625,False,False,False,False,,-1,nan
16,5,5,5-6-7-8,5,7,5,6.5,7.5,1.0,0,13,14,0.875,PREREGISTERED_PRIMARY_ANALYSIS_COMPLETED,True,0.3,0.2834930339830778,0.388398754697725,0.5470522803114571,-0.388398754697725,0.8491464073492567,False,False,False,False,,-1,nan
16,5,5,5-6-7-8,5,7,5,6.5,7.5,1.0,0,13,14,0.875,PREREGISTERED_PRIMARY_ANALYSIS_COMPLETED,True,0.4,0.3779907119774371,0.5415124785145485,0.6387096774193549,-0.5415124785145484,0.7067642356130306,False,False,False,False,,-1,nan
16,5,6,6-7-8-9,6,6,6,7.5,7.5,0.0,1,14,14,0.875,PREREGISTERED_PRIMARY_ANALYSIS_COMPLETED,True,0.05,0.04724883899717964,-0.4471858788373588,-0.6462736373748609,0.44718587883735866,0.8000247897684589,True,False,False,False,,-1,nan
16,5,6,6-7-8-9,6,6,6,7.5,7.5,0.0,1,14,14,0.875,PREREGISTERED_PRIMARY_ANALYSIS_COMPLETED,True,0.1,0.09449767799435928,-0.328649363781375,-0.7268075639599554,0.32864936378137505,0.8919895956860974,True,False,False,False,,-1,nan
16,5,6,6-7-8-9,6,6,6,7.5,7.5,0.0,1,14,14,0.875,PREREGISTERED_PRIMARY_ANALYSIS_COMPLETED,True,0.2,0.18899535598871856,0.07205048757277292,-0.21245828698553948,-0.07205048757277291,0.9948087272405257,False,False,False,False,,-1,nan
16,5,6,6-7-8-9,6,6,6,7.5,7.5,0.0,1,14,14,0.875,PREREGISTERED_PRIMARY_ANALYSIS_COMPLETED,True,0.3,0.2834930339830778,0.3883987550908153,0.5470522803114571,-0.38839875509081534,0.8491464070439048,False,False,False,False,,-1,nan
16,5,6,6-7-8-9,6,6,6,7.5,7.5,0.0,1,14,14,0.875,PREREGISTERED_PRIMARY_ANALYSIS_COMPLETED,True,0.4,0.3779907119774371,0.5415124789061757,0.6387096774193549,-0.5415124789061758,0.7067642351888885,False,False,False,False,,-1,nan
16,5,7,7-8-9-10,7,5,5,8.5,7.5,1.0,2,15,14,0.875,PREREGISTERED_PRIMARY_ANALYSIS_COMPLETED,True,0.05,0.04724883899717964,-0.44718587685554495,-0.6462736373748609,0.447185876855545,0.8000247915409373,True,False,False,False,,-1,nan
16,5,7,7-8-9-10,7,5,5,8.5,7.5,1.0,2,15,14,0.875,PREREGISTERED_PRIMARY_ANALYSIS_COMPLETED,True,0.1,0.09449767799435928,-0.3286493630412828,-0.7268075639599554,0.3286493630412827,0.891989596172559,True,False,False,False,,-1,nan
16,5,7,7-8-9-10,7,5,5,8.5,7.5,1.0,2,15,14,0.875,PREREGISTERED_PRIMARY_ANALYSIS_COMPLETED,True,0.2,0.18899535598871856,0.07205048738934981,-0.21245828698553948,-0.07205048738934983,0.9948087272669569,False,False,False,False,,-1,nan
16,5,7,7-8-9-10,7,5,5,8.5,7.5,1.0,2,15,14,0.875,PREREGISTERED_PRIMARY_ANALYSIS_COMPLETED,True,0.3,0.2834930339830778,0.3883987547075997,0.5470522803114571,-0.3883987547075998,0.8491464073415858,False,False,False,False,,-1,nan
16,5,7,7-8-9-10,7,5,5,8.5,7.5,1.0,2,15,14,0.875,PREREGISTERED_PRIMARY_ANALYSIS_COMPLETED,True,0.4,0.3779907119774371,0.5415124785242851,0.6387096774193549,-0.541512478524285,0.7067642356024855,False,False,False,False,,-1,nan
16,5,8,8-9-10-11,8,4,4,9.5,7.5,2.0,3,15,13,0.8125,PREREGISTERED_PRIMARY_ANALYSIS_COMPLETED,True,0.05,0.04724883899717964,-0.4472072078093731,-0.6462736373748609,0.4472072078093733,0.800005713283344,True,False,False,False,,-1,nan
16,5,8,8-9-10-11,8,4,4,9.5,7.5,2.0,3,15,13,0.8125,PREREGISTERED_PRIMARY_ANALYSIS_COMPLETED,True,0.1,0.09449767799435928,-0.32863054300910155,-0.7268075639599554,0.32863054300910133,0.892001966201543,True,False,False,False,,-1,nan
16,5,8,8-9-10-11,8,4,4,9.5,7.5,2.0,3,15,13,0.8125,PREREGISTERED_PRIMARY_ANALYSIS_COMPLETED,True,0.2,0.18899535598871856,0.07209626938707166,-0.21245828698553948,-0.07209626938707166,0.9948021279404667,False,False,False,False,,-1,nan
16,5,8,8-9-10-11,8,4,4,9.5,7.5,2.0,3,15,13,0.8125,PREREGISTERED_PRIMARY_ANALYSIS_COMPLETED,True,0.3,0.2834930339830778,0.388397747140948,0.5470522803114571,-0.3883977471409482,0.849147190015836,False,False,False,False,,-1,nan
16,5,8,8-9-10-11,8,4,4,9.5,7.5,2.0,3,15,13,0.8125,PREREGISTERED_PRIMARY_ANALYSIS_COMPLETED,True,0.4,0.3779907119774371,0.5415028025383968,0.6387096774193549,-0.541502802538397,0.7067747148430622,False,False,False,False,,-1,nan
16,5,9,9-10-11-12,9,3,3,10.5,7.5,3.0,4,15,12,0.75,PREREGISTERED_PRIMARY_ANALYSIS_COMPLETED,True,0.05,0.04724883899717964,-0.45967039192492565,-0.6480533926585095,0.45967039192492576,0.7887031307875851,True,False,False,False,,-1,nan
16,5,9,9-10-11-12,9,3,3,10.5,7.5,3.0,4,15,12,0.75,PREREGISTERED_PRIMARY_ANALYSIS_COMPLETED,True,0.1,0.09449767799435928,-0.3349853732441536,-0.7299221357063403,0.33498537324415334,0.8877847997124751,True,False,False,False,,-1,nan
16,5,9,9-10-11-12,9,3,3,10.5,7.5,3.0,4,15,12,0.75,PREREGISTERED_PRIMARY_ANALYSIS_COMPLETED,True,0.2,0.18899535598871856,0.07367925262363739,-0.21245828698553948,-0.07367925262363739,0.9945713677328221,False,False,False,False,,-1,nan
16,5,9,9-10-11-12,9,3,3,10.5,7.5,3.0,4,15,12,0.75,PREREGISTERED_PRIMARY_ANALYSIS_COMPLETED,True,0.3,0.2834930339830778,0.39367673956723015,0.5550611790878754,-0.3936767395672302,0.8450186247237151,False,False,False,False,,-1,nan
16,5,9,9-10-11-12,9,3,3,10.5,7.5,3.0,4,15,12,0.75,PREREGISTERED_PRIMARY_ANALYSIS_COMPLETED,True,0.4,0.3779907119774371,0.5469307931006088,0.6387096774193549,-0.5469307931006088,0.7008667075583387,False,False,False,False,,-1,nan
16,5,10,10-11-12-13,10,2,2,11.5,7.5,4.0,5,15,11,0.6875,PREREGISTERED_PRIMARY_ANALYSIS_COMPLETED,True,0.05,0.04724883899717964,0.8861493657916292,-0.3864293659621802,-0.8861493657916291,0.21473930150709328,False,False,False,False,,-1,nan
16,5,10,10-11-12-13,10,2,2,11.5,7.5,4.0,5,15,11,0.6875,PREREGISTERED_PRIMARY_ANALYSIS_COMPLETED,True,0.1,0.09449767799435928,0.7319819001808743,-0.28142380422691876,-0.731981900180874,0.4642024978075972,False,False,False,False,,-1,nan
16,5,10,10-11-12-13,10,2,2,11.5,7.5,4.0,5,15,11,0.6875,PREREGISTERED_PRIMARY_ANALYSIS_COMPLETED,True,0.2,0.18899535598871856,0.5761226622587318,0.1870967741935484,-0.5761226622587318,0.6680826780319108,False,False,False,False,,-1,nan
16,5,10,10-11-12-13,10,2,2,11.5,7.5,4.0,5,15,11,0.6875,PREREGISTERED_PRIMARY_ANALYSIS_COMPLETED,True,0.3,0.2834930339830778,0.5096425360847952,0.14616240266963293,-0.5096425360847954,0.7402644854130582,False,False,False,False,,-1,nan
16,5,10,10-11-12-13,10,2,2,11.5,7.5,4.0,5,15,11,0.6875,PREREGISTERED_PRIMARY_ANALYSIS_COMPLETED,True,0.4,0.3779907119774371,0.4993136211126415,0.14705228031145717,-0.49931362111264155,0.7506859077713813,False,False,False,False,,-1,nan
16,5,11,11-12-13-14,11,1,1,12.5,7.5,5.0,6,15,10,0.625,PREREGISTERED_PRIMARY_ANALYSIS_COMPLETED,True,0.05,0.04724883899717964,0.9741479185125788,-0.20934371523915463,-0.9741479185125783,0.05103583285761101,False,False,True,False,,-1,nan
16,5,11,11-12-13-14,11,1,1,12.5,7.5,5.0,6,15,10,0.625,PREREGISTERED_PRIMARY_ANALYSIS_COMPLETED,True,0.1,0.09449767799435928,0.8953748959951517,-0.24048943270300333,-0.895374895995152,0.19830379562167136,False,False,True,False,,-1,nan
16,5,11,11-12-13-14,11,1,1,12.5,7.5,5.0,6,15,10,0.625,PREREGISTERED_PRIMARY_ANALYSIS_COMPLETED,True,0.2,0.18899535598871856,0.7149768547212678,-0.05761957730812013,-0.714976854721268,0.48880809721288293,False,False,False,False,,-1,nan
16,5,11,11-12-13-14,11,1,1,12.5,7.5,5.0,6,15,10,0.625,PREREGISTERED_PRIMARY_ANALYSIS_COMPLETED,True,0.3,0.2834930339830778,0.6417750975878245,0.1768631813125695,-0.6417750975878244,0.5881247241161387,False,False,False,False,,-1,nan
16,5,11,11-12-13-14,11,1,1,12.5,7.5,5.0,6,15,10,0.625,PREREGISTERED_PRIMARY_ANALYSIS_COMPLETED,True,0.4,0.3779907119774371,0.6498806759249012,0.48031145717463847,-0.6498806759249016,0.5776551070593937,False,False,False,False,,-1,nan
16,5,12,12-13-14-15,12,0,0,13.5,7.5,6.0,7,15,9,0.5625,PREREGISTERED_PRIMARY_ANALYSIS_COMPLETED,True,0.05,0.04724883899717964,0.9717109949472332,-0.2413793103448276,-0.9717109949472332,0.055777742298658096,False,False,True,False,,-1,nan
16,5,12,12-13-14-15,12,0,0,13.5,7.5,6.0,7,15,9,0.5625,PREREGISTERED_PRIMARY_ANALYSIS_COMPLETED,True,0.1,0.09449767799435928,0.8832268953655629,-0.27608453837597335,-0.8832268953655626,0.21991025130290953,False,False,False,False,,-1,nan
16,5,12,12-13-14-15,12,0,0,13.5,7.5,6.0,7,15,9,0.5625,PREREGISTERED_PRIMARY_ANALYSIS_COMPLETED,True,0.2,0.18899535598871856,0.6850474966223769,-0.12747497219132367,-0.6850474966223772,0.5307099273714143,False,False,False,False,,-1,nan
16,5,12,12-13-14-15,12,0,0,13.5,7.5,6.0,7,15,9,0.5625,PREREGISTERED_PRIMARY_ANALYSIS_COMPLETED,True,0.3,0.2834930339830778,0.6128924470984763,0.09410456062291435,-0.6128924470984761,0.6243628482896417,False,False,False,False,,-1,nan
16,5,12,12-13-14-15,12,0,0,13.5,7.5,6.0,7,15,9,0.5625,PREREGISTERED_PRIMARY_ANALYSIS_COMPLETED,True,0.4,0.3779907119774371,0.6274782307537267,0.40155728587319245,-0.627478230753727,0.6062710699301733,False,False,False,False,,-1,nan
16,6,0,0-1-2-3,0,12,0,1.5,7.5,6.0,0,9,10,0.625,PREREGISTERED_PRIMARY_ANALYSIS_COMPLETED,True,0.05,0.04724883899717964,-0.9925486404259889,-0.9835372636262512,0.9925486404259886,0.014847196388521645,True,True,True,True,,-1,nan
16,6,0,0-1-2-3,0,12,0,1.5,7.5,6.0,0,9,10,0.625,PREREGISTERED_PRIMARY_ANALYSIS_COMPLETED,True,0.1,0.09449767799435928,-0.9814036850456324,-0.9870967741935484,0.981403685045632,0.036846806978854084,True,True,True,True,,-1,nan
16,6,0,0-1-2-3,0,12,0,1.5,7.5,6.0,0,9,10,0.625,PREREGISTERED_PRIMARY_ANALYSIS_COMPLETED,True,0.2,0.18899535598871856,-0.9804103192282542,-0.9835372636262512,0.9804103192282547,0.03879560595075237,True,True,True,True,,-1,nan
16,6,0,0-1-2-3,0,12,0,1.5,7.5,6.0,0,9,10,0.625,PREREGISTERED_PRIMARY_ANALYSIS_COMPLETED,True,0.3,0.2834930339830778,-0.9869333126379037,-0.9426028921023359,0.9869333126379035,0.02596263640557402,True,True,True,True,,-1,nan
16,6,0,0-1-2-3,0,12,0,1.5,7.5,6.0,0,9,10,0.625,PREREGISTERED_PRIMARY_ANALYSIS_COMPLETED,True,0.4,0.3779907119774371,-0.9902599419043403,-0.9942157953281423,0.9902599419043401,0.019385247459613602,True,True,True,True,,-1,nan
16,6,1,1-2-3-4,1,11,1,2.5,7.5,5.0,0,10,11,0.6875,PREREGISTERED_PRIMARY_ANALYSIS_COMPLETED,True,0.05,0.04724883899717964,-0.7550566707677578,-0.9661846496106785,0.7550566707677578,0.4298894239291094,True,False,False,False,,-1,nan
16,6,1,1-2-3-4,1,11,1,2.5,7.5,5.0,0,10,11,0.6875,PREREGISTERED_PRIMARY_ANALYSIS_COMPLETED,True,0.1,0.09449767799435928,-0.6561654511518107,-0.9510567296996663,0.6561654511518104,0.5694469007147409,True,False,False,False,,-1,nan
16,6,1,1-2-3-4,1,11,1,2.5,7.5,5.0,0,10,11,0.6875,PREREGISTERED_PRIMARY_ANALYSIS_COMPLETED,True,0.2,0.18899535598871856,-0.7316990646900264,-0.8949944382647386,0.7316990646900264,0.4646164787317407,True,False,False,False,,-1,nan
16,6,1,1-2-3-4,1,11,1,2.5,7.5,5.0,0,10,11,0.6875,PREREGISTERED_PRIMARY_ANALYSIS_COMPLETED,True,0.3,0.2834930339830778,-0.787830656220583,-0.6413793103448275,0.787830656220583,0.3793228571190454,True,False,False,False,,-1,nan
16,6,1,1-2-3-4,1,11,1,2.5,7.5,5.0,0,10,11,0.6875,PREREGISTERED_PRIMARY_ANALYSIS_COMPLETED,True,0.4,0.3779907119774371,-0.817016214280238,-0.517686318131257,0.8170162142802385,0.33248450560318776,True,True,False,False,,-1,nan
16,6,2,2-3-4-5,2,10,2,3.5,7.5,4.0,0,11,12,0.75,PREREGISTERED_PRIMARY_ANALYSIS_COMPLETED,True,0.05,0.04724883899717964,-0.9457300035607162,-0.9314794215795328,0.9457300035607156,0.10559476036504806,True,True,True,True,,-1,nan
16,6,2,2-3-4-5,2,10,2,3.5,7.5,4.0,0,11,12,0.75,PREREGISTERED_PRIMARY_ANALYSIS_COMPLETED,True,0.1,0.09449767799435928,-0.8942102097374746,-0.9310344827586206,0.8942102097374746,0.2003881008012618,True,True,False,False,,-1,nan
16,6,2,2-3-4-5,2,10,2,3.5,7.5,4.0,0,11,12,0.75,PREREGISTERED_PRIMARY_ANALYSIS_COMPLETED,True,0.2,0.18899535598871856,-0.8908859419593581,-0.9621802002224694,0.8908859419593572,0.20632223841918887,True,True,False,False,,-1,nan
16,6,2,2-3-4-5,2,10,2,3.5,7.5,4.0,0,11,12,0.75,PREREGISTERED_PRIMARY_ANALYSIS_COMPLETED,True,0.3,0.2834930339830778,-0.9068867239482307,-0.7824249165739711,0.9068867239482301,0.17755646992644641,True,True,True,True,,-1,nan
16,6,2,2-3-4-5,2,10,2,3.5,7.5,4.0,0,11,12,0.75,PREREGISTERED_PRIMARY_ANALYSIS_COMPLETED,True,0.4,0.3779907119774371,-0.9195891326339215,-0.5915461624026696,0.9195891326339216,0.1543558271415922,True,True,True,True,,-1,nan
16,6,3,3-4-5-6,3,9,3,4.5,7.5,3.0,0,12,13,0.8125,PREREGISTERED_PRIMARY_ANALYSIS_COMPLETED,True,0.05,0.04724883899717964,-0.9297165816632976,-0.8020022246941045,0.9297165816632978,0.1356270777803127,True,True,True,True,,-1,nan
16,6,3,3-4-5-6,3,9,3,4.5,7.5,3.0,0,12,13,0.8125,PREREGISTERED_PRIMARY_ANALYSIS_COMPLETED,True,0.1,0.09449767799435928,-0.8291971025793914,-0.8184649610678532,0.8291971025793915,0.31243216507394245,True,True,False,False,,-1,nan
16,6,3,3-4-5-6,3,9,3,4.5,7.5,3.0,0,12,13,0.8125,PREREGISTERED_PRIMARY_ANALYSIS_COMPLETED,True,0.2,0.18899535598871856,-0.6041865768833873,-0.4251390433815351,0.6041865768833876,0.6349585803139348,True,False,False,False,,-1,nan
16,6,3,3-4-5-6,3,9,3,4.5,7.5,3.0,0,12,13,0.8125,PREREGISTERED_PRIMARY_ANALYSIS_COMPLETED,True,0.3,0.2834930339830778,-0.35717041877538963,-0.1568409343715239,0.35717041877538946,0.8724292919518128,True,False,False,False,,-1,nan
16,6,3,3-4-5-6,3,9,3,4.5,7.5,3.0,0,12,13,0.8125,PREREGISTERED_PRIMARY_ANALYSIS_COMPLETED,True,0.4,0.3779907119774371,-0.2714637540171155,-0.06651835372636263,0.2714637540171154,0.9263074302549351,True,False,False,False,,-1,nan
16,6,4,4-5-6-7,4,8,4,5.5,7.5,2.0,0,13,14,0.875,PREREGISTERED_PRIMARY_ANALYSIS_COMPLETED,True,0.05,0.04724883899717964,-0.42864109589834376,-0.6311457174638487,0.42864109589834354,0.8162668109070669,True,False,False,False,,-1,nan
16,6,4,4-5-6-7,4,8,4,5.5,7.5,2.0,0,13,14,0.875,PREREGISTERED_PRIMARY_ANALYSIS_COMPLETED,True,0.1,0.09449767799435928,-0.31609096247167806,-0.714349276974416,0.31609096247167806,0.9000865034437282,True,False,False,False,,-1,nan
16,6,4,4-5-6-7,4,8,4,5.5,7.5,2.0,0,13,14,0.875,PREREGISTERED_PRIMARY_ANALYSIS_COMPLETED,True,0.2,0.18899535598871856,-0.10246947436699663,-0.2609566184649611,0.10246947436699666,0.9895000068229515,True,False,False,False,,-1,nan
16,6,4,4-5-6-7,4,8,4,5.5,7.5,2.0,0,13,14,0.875,PREREGISTERED_PRIMARY_ANALYSIS_COMPLETED,True,0.3,0.2834930339830778,0.28723419279665063,0.49855394883203563,-0.2872341927966506,0.9174965184884567,False,False,False,False,,-1,nan
16,6,4,4-5-6-7,4,8,4,5.5,7.5,2.0,0,13,14,0.875,PREREGISTERED_PRIMARY_ANALYSIS_COMPLETED,True,0.4,0.3779907119774371,0.5081855756563977,0.7067853170189099,-0.5081855756563979,0.7417474206947755,False,False,False,False,,-1,nan
16,6,5,5-6-7-8,5,7,5,6.5,7.5,1.0,0,14,15,0.9375,PREREGISTERED_PRIMARY_ANALYSIS_COMPLETED,True,0.05,0.04724883899717964,-0.42052294563806186,-0.6311457174638487,0.420522945638062,0.8231604521918875,True,False,False,False,,-1,nan
16,6,5,5-6-7-8,5,7,5,6.5,7.5,1.0,0,14,15,0.9375,PREREGISTERED_PRIMARY_ANALYSIS_COMPLETED,True,0.1,0.09449767799435928,-0.31074083650305584,-0.714349276974416,0.3107408365030557,0.9034401325293809,True,False,False,False,,-1,nan
16,6,5,5-6-7-8,5,7,5,6.5,7.5,1.0,0,14,15,0.9375,PREREGISTERED_PRIMARY_ANALYSIS_COMPLETED,True,0.2,0.18899535598871856,-0.0996259680850616,-0.2489432703003337,0.09962596808506158,0.9900746664831142,True,False,False,False,,-1,nan
16,6,5,5-6-7-8,5,7,5,6.5,7.5,1.0,0,14,15,0.9375,PREREGISTERED_PRIMARY_ANALYSIS_COMPLETED,True,0.3,0.2834930339830778,0.2870906862025349,0.49855394883203563,-0.2870906862025349,0.9175789378957575,False,False,False,False,,-1,nan
16,6,5,5-6-7-8,5,7,5,6.5,7.5,1.0,0,14,15,0.9375,PREREGISTERED_PRIMARY_ANALYSIS_COMPLETED,True,0.4,0.3779907119774371,0.5072055837428312,0.6992213570634038,-0.5072055837428312,0.7427424958200937,False,False,False,False,,-1,nan
16,6,6,6-7-8-9,6,6,6,7.5,7.5,0.0,0,15,16,1.0,PREREGISTERED_PRIMARY_ANALYSIS_COMPLETED,True,0.05,0.04724883899717964,-0.4205070511739723,-0.6311457174638487,0.4205070511739722,0.8231738199129703,True,False,False,False,,-1,nan
16,6,6,6-7-8-9,6,6,6,7.5,7.5,0.0,0,15,16,1.0,PREREGISTERED_PRIMARY_ANALYSIS_COMPLETED,True,0.1,0.09449767799435928,-0.3107306633440556,-0.714349276974416,0.3107306633440555,0.9034464548577631,True,False,False,False,,-1,nan
16,6,6,6-7-8-9,6,6,6,7.5,7.5,0.0,0,15,16,1.0,PREREGISTERED_PRIMARY_ANALYSIS_COMPLETED,True,0.2,0.18899535598871856,-0.09962197163108785,-0.2489432703003337,0.09962197163108791,0.9900754627683347,True,False,False,False,,-1,nan
16,6,6,6-7-8-9,6,6,6,7.5,7.5,0.0,0,15,16,1.0,PREREGISTERED_PRIMARY_ANALYSIS_COMPLETED,True,0.3,0.2834930339830778,0.28708781135520006,0.49855394883203563,-0.2870878113552002,0.917580588571281,False,False,False,False,,-1,nan
16,6,6,6-7-8-9,6,6,6,7.5,7.5,0.0,0,15,16,1.0,PREREGISTERED_PRIMARY_ANALYSIS_COMPLETED,True,0.4,0.3779907119774371,0.5072021232965453,0.6992213570634038,-0.5072021232965453,0.742746006123476,False,False,False,False,,-1,nan
16,6,7,7-8-9-10,7,5,5,8.5,7.5,1.0,1,15,15,0.9375,PREREGISTERED_PRIMARY_ANALYSIS_COMPLETED,True,0.05,0.04724883899717964,-0.42052294586553,-0.6311457174638487,0.42052294586553,0.8231604520005765,True,False,False,False,,-1,nan
16,6,7,7-8-9-10,7,5,5,8.5,7.5,1.0,1,15,15,0.9375,PREREGISTERED_PRIMARY_ANALYSIS_COMPLETED,True,0.1,0.09449767799435928,-0.31074083659528334,-0.714349276974416,0.31074083659528334,0.9034401324720635,True,False,False,False,,-1,nan
16,6,7,7-8-9-10,7,5,5,8.5,7.5,1.0,1,15,15,0.9375,PREREGISTERED_PRIMARY_ANALYSIS_COMPLETED,True,0.2,0.18899535598871856,-0.09962596810723455,-0.2489432703003337,0.0996259681072345,0.9900746664786964,True,False,False,False,,-1,nan
16,6,7,7-8-9-10,7,5,5,8.5,7.5,1.0,1,15,15,0.9375,PREREGISTERED_PRIMARY_ANALYSIS_COMPLETED,True,0.3,0.2834930339830778,0.2870906862224769,0.49855394883203563,-0.28709068622247685,0.9175789378843072,False,False,False,False,,-1,nan
16,6,7,7-8-9-10,7,5,5,8.5,7.5,1.0,1,15,15,0.9375,PREREGISTERED_PRIMARY_ANALYSIS_COMPLETED,True,0.4,0.3779907119774371,0.5072055837717299,0.6992213570634038,-0.50720558377173,0.7427424957907788,False,False,False,False,,-1,nan
16,6,8,8-9-10-11,8,4,4,9.5,7.5,2.0,2,15,14,0.875,PREREGISTERED_PRIMARY_ANALYSIS_COMPLETED,True,0.05,0.04724883899717964,-0.42864109637806436,-0.6311457174638487,0.4286410963780643,0.8162668104958112,True,False,False,False,,-1,nan
16,6,8,8-9-10-11,8,4,4,9.5,7.5,2.0,2,15,14,0.875,PREREGISTERED_PRIMARY_ANALYSIS_COMPLETED,True,0.1,0.09449767799435928,-0.31609096260449027,-0.714349276974416,0.3160909626044904,0.9000865033597665,True,False,False,False,,-1,nan
16,6,8,8-9-10-11,8,4,4,9.5,7.5,2.0,2,15,14,0.875,PREREGISTERED_PRIMARY_ANALYSIS_COMPLETED,True,0.2,0.18899535598871856,-0.10246947438376774,-0.2609566184649611,0.10246947438376774,0.9895000068195144,True,False,False,False,,-1,nan
16,6,8,8-9-10-11,8,4,4,9.5,7.5,2.0,2,15,14,0.875,PREREGISTERED_PRIMARY_ANALYSIS_COMPLETED,True,0.3,0.2834930339830778,0.28723419282611345,0.49855394883203563,-0.28723419282611357,0.9174965184715312,False,False,False,False,,-1,nan
16,6,8,8-9-10-11,8,4,4,9.5,7.5,2.0,2,15,14,0.875,PREREGISTERED_PRIMARY_ANALYSIS_COMPLETED,True,0.4,0.3779907119774371,0.5081855756945644,0.7067853170189099,-0.5081855756945645,0.7417474206559841,False,False,False,False,,-1,nan
16,6,9,9-10-11-12,9,3,3,10.5,7.5,3.0,3,15,13,0.8125,PREREGISTERED_PRIMARY_ANALYSIS_COMPLETED,True,0.05,0.04724883899717964,-0.9297165815914489,-0.8020022246941045,0.9297165815914494,0.13562707791391043,True,True,True,True,,-1,nan
16,6,9,9-10-11-12,9,3,3,10.5,7.5,3.0,3,15,13,0.8125,PREREGISTERED_PRIMARY_ANALYSIS_COMPLETED,True,0.1,0.09449767799435928,-0.8291971024526856,-0.8184649610678532,0.8291971024526855,0.3124321652840703,True,True,False,False,,-1,nan
16,6,9,9-10-11-12,9,3,3,10.5,7.5,3.0,3,15,13,0.8125,PREREGISTERED_PRIMARY_ANALYSIS_COMPLETED,True,0.2,0.18899535598871856,-0.6041865767635751,-0.4251390433815351,0.6041865767635755,0.6349585804587125,True,False,False,False,,-1,nan
16,6,9,9-10-11-12,9,3,3,10.5,7.5,3.0,3,15,13,0.8125,PREREGISTERED_PRIMARY_ANALYSIS_COMPLETED,True,0.3,0.2834930339830778,-0.3571704186720413,-0.1568409343715239,0.3571704186720412,0.8724292920256388,True,False,False,False,,-1,nan
16,6,9,9-10-11-12,9,3,3,10.5,7.5,3.0,3,15,13,0.8125,PREREGISTERED_PRIMARY_ANALYSIS_COMPLETED,True,0.4,0.3779907119774371,-0.2714637539095512,-0.06651835372636263,0.2714637539095513,0.9263074303133347,True,False,False,False,,-1,nan
16,6,10,10-11-12-13,10,2,2,11.5,7.5,4.0,4,15,12,0.75,PREREGISTERED_PRIMARY_ANALYSIS_COMPLETED,True,0.05,0.04724883899717964,-0.9457300035555604,-0.9314794215795328,0.9457300035555605,0.10559476037479991,True,True,True,True,,-1,nan
16,6,10,10-11-12-13,10,2,2,11.5,7.5,4.0,4,15,12,0.75,PREREGISTERED_PRIMARY_ANALYSIS_COMPLETED,True,0.1,0.09449767799435928,-0.8942102097306746,-0.9310344827586206,0.8942102097306747,0.20038810081342318,True,True,False,False,,-1,nan
16,6,10,10-11-12-13,10,2,2,11.5,7.5,4.0,4,15,12,0.75,PREREGISTERED_PRIMARY_ANALYSIS_COMPLETED,True,0.2,0.18899535598871856,-0.8908859419559556,-0.9621802002224694,0.8908859419559555,0.20632223842525033,True,True,False,False,,-1,nan
16,6,10,10-11-12-13,10,2,2,11.5,7.5,4.0,4,15,12,0.75,PREREGISTERED_PRIMARY_ANALYSIS_COMPLETED,True,0.3,0.2834930339830778,-0.9068867239463779,-0.7824249165739711,0.9068867239463778,0.1775564699298063,True,True,True,True,,-1,nan
16,6,10,10-11-12-13,10,2,2,11.5,7.5,4.0,4,15,12,0.75,PREREGISTERED_PRIMARY_ANALYSIS_COMPLETED,True,0.4,0.3779907119774371,-0.9195891326325943,-0.5915461624026696,0.919589132632594,0.15435582714403318,True,True,True,True,,-1,nan
16,6,11,11-12-13-14,11,1,1,12.5,7.5,5.0,5,15,11,0.6875,PREREGISTERED_PRIMARY_ANALYSIS_COMPLETED,True,0.05,0.04724883899717964,-0.755056670744183,-0.9661846496106785,0.7550566707441827,0.4298894239647105,True,False,False,False,,-1,nan
16,6,11,11-12-13-14,11,1,1,12.5,7.5,5.0,5,15,11,0.6875,PREREGISTERED_PRIMARY_ANALYSIS_COMPLETED,True,0.1,0.09449767799435928,-0.6561654511414946,-0.9510567296996663,0.6561654511414945,0.5694469007282791,True,False,False,False,,-1,nan
16,6,11,11-12-13-14,11,1,1,12.5,7.5,5.0,5,15,11,0.6875,PREREGISTERED_PRIMARY_ANALYSIS_COMPLETED,True,0.2,0.18899535598871856,-0.7316990646854239,-0.8949944382647386,0.7316990646854237,0.4646164787384761,True,False,False,False,,-1,nan
16,6,11,11-12-13-14,11,1,1,12.5,7.5,5.0,5,15,11,0.6875,PREREGISTERED_PRIMARY_ANALYSIS_COMPLETED,True,0.3,0.2834930339830778,-0.7878306562179115,-0.6413793103448275,0.7878306562179115,0.37932285712325514,True,False,False,False,,-1,nan
16,6,11,11-12-13-14,11,1,1,12.5,7.5,5.0,5,15,11,0.6875,PREREGISTERED_PRIMARY_ANALYSIS_COMPLETED,True,0.4,0.3779907119774371,-0.8170162142783091,-0.517686318131257,0.817016214278309,0.33248450560634063,True,True,False,False,,-1,nan
16,6,12,12-13-14-15,12,0,0,13.5,7.5,6.0,6,15,10,0.625,PREREGISTERED_PRIMARY_ANALYSIS_COMPLETED,True,0.05,0.04724883899717964,-0.9925486404262439,-0.9835372636262512,0.9925486404262436,0.01484719638801525,True,True,True,True,,-1,nan
16,6,12,12-13-14-15,12,0,0,13.5,7.5,6.0,6,15,10,0.625,PREREGISTERED_PRIMARY_ANALYSIS_COMPLETED,True,0.1,0.09449767799435928,-0.9814036850462431,-0.9870967741935484,0.9814036850462428,0.03684680697765477,True,True,True,True,,-1,nan
16,6,12,12-13-14-15,12,0,0,13.5,7.5,6.0,6,15,10,0.625,PREREGISTERED_PRIMARY_ANALYSIS_COMPLETED,True,0.2,0.18899535598871856,-0.9804103192284802,-0.9835372636262512,0.9804103192284805,0.03879560595030995,True,True,True,True,,-1,nan
16,6,12,12-13-14-15,12,0,0,13.5,7.5,6.0,6,15,10,0.625,PREREGISTERED_PRIMARY_ANALYSIS_COMPLETED,True,0.3,0.2834930339830778,-0.9869333126379052,-0.9426028921023359,0.9869333126379055,0.025962636405570408,True,True,True,True,,-1,nan
16,6,12,12-13-14-15,12,0,0,13.5,7.5,6.0,6,15,10,0.625,PREREGISTERED_PRIMARY_ANALYSIS_COMPLETED,True,0.4,0.3779907119774371,-0.9902599419042794,-0.9942157953281423,0.9902599419042795,0.01938524745973324,True,True,True,True,,-1,nan
16,7,0,0-1-2-3,0,12,0,1.5,7.5,6.0,0,10,11,0.6875,PREREGISTERED_PRIMARY_ANALYSIS_COMPLETED,True,0.05,0.04724883899717964,0.7496340700046963,-0.3828698553948832,-0.7496340700046965,0.4380487610881936,False,False,False,False,,-1,nan
16,7,0,0-1-2-3,0,12,0,1.5,7.5,6.0,0,10,11,0.6875,PREREGISTERED_PRIMARY_ANALYSIS_COMPLETED,True,0.1,0.09449767799435928,0.5777795017045507,-0.37263626251390436,-0.5777795017045502,0.6661708474100416,False,False,False,False,,-1,nan
16,7,0,0-1-2-3,0,12,0,1.5,7.5,6.0,0,10,11,0.6875,PREREGISTERED_PRIMARY_ANALYSIS_COMPLETED,True,0.2,0.18899535598871856,0.5443333282096591,0.13281423804226916,-0.5443333282096587,0.7037012278001956,False,False,False,False,,-1,nan
16,7,0,0-1-2-3,0,12,0,1.5,7.5,6.0,0,10,11,0.6875,PREREGISTERED_PRIMARY_ANALYSIS_COMPLETED,True,0.3,0.2834930339830778,0.6251513054911669,0.47541713014460507,-0.6251513054911669,0.6091858452426898,False,False,False,False,,-1,nan
16,7,0,0-1-2-3,0,12,0,1.5,7.5,6.0,0,10,11,0.6875,PREREGISTERED_PRIMARY_ANALYSIS_COMPLETED,True,0.4,0.3779907119774371,0.7003320504223935,0.611123470522803,-0.7003320504223931,0.5095350191511665,False,False,False,False,,-1,nan
16,7,1,1-2-3-4,1,11,1,2.5,7.5,5.0,0,11,12,0.75,PREREGISTERED_PRIMARY_ANALYSIS_COMPLETED,True,0.05,0.04724883899717964,0.374623489161352,-0.6382647385984427,-0.3746234891613519,0.8596572413685746,False,False,False,False,,-1,nan
16,7,1,1-2-3-4,1,11,1,2.5,7.5,5.0,0,11,12,0.75,PREREGISTERED_PRIMARY_ANALYSIS_COMPLETED,True,0.1,0.09449767799435928,0.04784197999642099,-0.7397107897664071,-0.04784197999642099,0.9977111449500221,False,False,False,False,,-1,nan
16,7,1,1-2-3-4,1,11,1,2.5,7.5,5.0,0,11,12,0.75,PREREGISTERED_PRIMARY_ANALYSIS_COMPLETED,True,0.2,0.18899535598871856,-0.3813649474142632,-0.7917686318131256,0.3813649474142629,0.8545607768837163,True,False,False,False,,-1,nan
16,7,1,1-2-3-4,1,11,1,2.5,7.5,5.0,0,11,12,0.75,PREREGISTERED_PRIMARY_ANALYSIS_COMPLETED,True,0.3,0.2834930339830778,-0.5954652099375366,-0.3913236929922136,0.5954652099375365,0.6454211837540452,True,False,False,False,,-1,nan
16,7,1,1-2-3-4,1,11,1,2.5,7.5,5.0,0,11,12,0.75,PREREGISTERED_PRIMARY_ANALYSIS_COMPLETED,True,0.4,0.3779907119774371,-0.6789243294068655,-0.26896551724137935,0.6789243294068654,0.5390617549394383,True,False,False,False,,-1,nan
16,7,2,2-3-4-5,2,10,2,3.5,7.5,4.0,0,12,13,0.8125,PREREGISTERED_PRIMARY_ANALYSIS_COMPLETED,True,0.05,0.04724883899717964,-0.6801771955537446,-0.9025583982202448,0.6801771955537446,0.537358982648643,True,False,False,False,,-1,nan
16,7,2,2-3-4-5,2,10,2,3.5,7.5,4.0,0,12,13,0.8125,PREREGISTERED_PRIMARY_ANALYSIS_COMPLETED,True,0.1,0.09449767799435928,-0.5019386514915609,-0.8553948832035595,0.5019386514915609,0.7480575901388332,True,False,False,False,,-1,nan
16,7,2,2-3-4-5,2,10,2,3.5,7.5,4.0,0,12,13,0.8125,PREREGISTERED_PRIMARY_ANALYSIS_COMPLETED,True,0.2,0.18899535598871856,-0.6123155840691972,-0.7806451612903226,0.6123155840691972,0.6250696255059978,True,False,False,False,,-1,nan
16,7,2,2-3-4-5,2,10,2,3.5,7.5,4.0,0,12,13,0.8125,PREREGISTERED_PRIMARY_ANALYSIS_COMPLETED,True,0.3,0.2834930339830778,-0.724380953698813,-0.6351501668520578,0.7243809536988135,0.4752722339183978,True,False,False,False,,-1,nan
16,7,2,2-3-4-5,2,10,2,3.5,7.5,4.0,0,12,13,0.8125,PREREGISTERED_PRIMARY_ANALYSIS_COMPLETED,True,0.4,0.3779907119774371,-0.7672238516265809,-0.4776418242491657,0.7672238516265809,0.411367561495274,True,False,False,False,,-1,nan
16,7,3,3-4-5-6,3,9,3,4.5,7.5,3.0,0,13,14,0.875,PREREGISTERED_PRIMARY_ANALYSIS_COMPLETED,True,0.05,0.04724883899717964,-0.5986313146791225,-0.9274749721913237,0.5986313146791222,0.6416405490855455,True,False,False,False,,-1,nan
16,7,3,3-4-5-6,3,9,3,4.5,7.5,3.0,0,13,14,0.875,PREREGISTERED_PRIMARY_ANALYSIS_COMPLETED,True,0.1,0.09449767799435928,-0.7539904685096406,-0.921245828698554,0.7539904685096408,0.43149837339661246,True,False,False,False,,-1,nan
16,7,3,3-4-5-6,3,9,3,4.5,7.5,3.0,0,13,14,0.875,PREREGISTERED_PRIMARY_ANALYSIS_COMPLETED,True,0.2,0.18899535598871856,-0.9318978407091167,-0.8144605116796441,0.931897840709117,0.13156641448168535,True,True,True,True,,-1,nan
16,7,3,3-4-5-6,3,9,3,4.5,7.5,3.0,0,13,14,0.875,PREREGISTERED_PRIMARY_ANALYSIS_COMPLETED,True,0.3,0.2834930339830778,-0.9668080588305878,-0.7254727474972191,0.9668080588305874,0.06528217738023043,True,True,True,True,,-1,nan
16,7,3,3-4-5-6,3,9,3,4.5,7.5,3.0,0,13,14,0.875,PREREGISTERED_PRIMARY_ANALYSIS_COMPLETED,True,0.4,0.3779907119774371,-0.9760799050924869,-0.7833147942157953,0.9760799050924872,0.047268018874641354,True,True,True,True,,-1,nan
16,7,4,4-5-6-7,4,8,4,5.5,7.5,2.0,0,14,15,0.9375,PREREGISTERED_PRIMARY_ANALYSIS_COMPLETED,True,0.05,0.04724883899717964,-0.9235917007086664,-0.7001112347052281,0.9235917007086659,0.14697837038207387,True,True,True,True,,-1,nan
16,7,4,4-5-6-7,4,8,4,5.5,7.5,2.0,0,14,15,0.9375,PREREGISTERED_PRIMARY_ANALYSIS_COMPLETED,True,0.1,0.09449767799435928,-0.834198733288788,-0.6791991101223581,0.8341987332887885,0.3041124733793815,True,True,False,False,,-1,nan
16,7,4,4-5-6-7,4,8,4,5.5,7.5,2.0,0,14,15,0.9375,PREREGISTERED_PRIMARY_ANALYSIS_COMPLETED,True,0.2,0.18899535598871856,-0.5839914969084066,0.017130144605116793,0.5839914969084067,0.6589539315386784,True,False,False,False,,-1,nan
16,7,4,4-5-6-7,4,8,4,5.5,7.5,2.0,0,14,15,0.9375,PREREGISTERED_PRIMARY_ANALYSIS_COMPLETED,True,0.3,0.2834930339830778,-0.07460329851505242,0.4914349276974415,0.07460329851505244,0.9944343478506737,True,False,False,False,,-1,nan
16,7,4,4-5-6-7,4,8,4,5.5,7.5,2.0,0,14,15,0.9375,PREREGISTERED_PRIMARY_ANALYSIS_COMPLETED,True,0.4,0.3779907119774371,0.28096403261584757,0.7499443826473859,-0.28096403261584774,0.921059212376241,False,False,False,False,,-1,nan
16,7,5,5-6-7-8,5,7,5,6.5,7.5,1.0,0,15,16,1.0,PREREGISTERED_PRIMARY_ANALYSIS_COMPLETED,True,0.05,0.04724883899717964,-0.8765209043111135,-0.7370411568409344,0.8765209043111132,0.23171110430562863,True,True,False,False,,-1,nan
16,7,5,5-6-7-8,5,7,5,6.5,7.5,1.0,0,15,16,1.0,PREREGISTERED_PRIMARY_ANALYSIS_COMPLETED,True,0.1,0.09449767799435928,-0.7448537651867068,-0.7437152391546161,0.7448537651867068,0.44519286848718614,True,False,False,False,,-1,nan
16,7,5,5-6-7-8,5,7,5,6.5,7.5,1.0,0,15,16,1.0,PREREGISTERED_PRIMARY_ANALYSIS_COMPLETED,True,0.2,0.18899535598871856,-0.4573214041261487,-0.064293659621802,0.4573214041261486,0.7908571333280878,True,False,False,False,,-1,nan
16,7,5,5-6-7-8,5,7,5,6.5,7.5,1.0,0,15,16,1.0,PREREGISTERED_PRIMARY_ANALYSIS_COMPLETED,True,0.3,0.2834930339830778,0.051188916342977814,0.43893214682981085,-0.0511889163429779,0.9973796948436318,False,False,False,False,,-1,nan
16,7,5,5-6-7-8,5,7,5,6.5,7.5,1.0,0,15,16,1.0,PREREGISTERED_PRIMARY_ANALYSIS_COMPLETED,True,0.4,0.3779907119774371,0.3802722943171528,0.7802002224694105,-0.38027229431715276,0.8553929821747686,False,False,False,False,,-1,nan
16,7,6,6-7-8-9,6,6,6,7.5,7.5,0.0,0,15,16,1.0,PREREGISTERED_PRIMARY_ANALYSIS_COMPLETED,True,0.05,0.04724883899717964,-0.876555432066131,-0.7370411568409344,0.8765554320661314,0.23165057451535814,True,True,False,False,,-1,nan
16,7,6,6-7-8-9,6,6,6,7.5,7.5,0.0,0,15,16,1.0,PREREGISTERED_PRIMARY_ANALYSIS_COMPLETED,True,0.1,0.09449767799435928,-0.7448711281311354,-0.7437152391546161,0.7448711281311354,0.4451670024766498,True,False,False,False,,-1,nan
16,7,6,6-7-8-9,6,6,6,7.5,7.5,0.0,0,15,16,1.0,PREREGISTERED_PRIMARY_ANALYSIS_COMPLETED,True,0.2,0.18899535598871856,-0.457130887097413,-0.064293659621802,0.4571308870974128,0.7910313520615322,True,False,False,False,,-1,nan
16,7,6,6-7-8-9,6,6,6,7.5,7.5,0.0,0,15,16,1.0,PREREGISTERED_PRIMARY_ANALYSIS_COMPLETED,True,0.3,0.2834930339830778,0.0515512434558126,0.43893214682981085,-0.05155124345581254,0.9973424692981595,False,False,False,False,,-1,nan
16,7,6,6-7-8-9,6,6,6,7.5,7.5,0.0,0,15,16,1.0,PREREGISTERED_PRIMARY_ANALYSIS_COMPLETED,True,0.4,0.3779907119774371,0.380604594968162,0.7802002224694105,-0.3806045949681622,0.8551401422891213,False,False,False,False,,-1,nan
16,7,7,7-8-9-10,7,5,5,8.5,7.5,1.0,0,15,16,1.0,PREREGISTERED_PRIMARY_ANALYSIS_COMPLETED,True,0.05,0.04724883899717964,-0.8765209046230387,-0.7370411568409344,0.8765209046230384,0.2317111037588105,True,True,False,False,,-1,nan
16,7,7,7-8-9-10,7,5,5,8.5,7.5,1.0,0,15,16,1.0,PREREGISTERED_PRIMARY_ANALYSIS_COMPLETED,True,0.1,0.09449767799435928,-0.7448537652689574,-0.7437152391546161,0.7448537652689567,0.4451928683646573,True,False,False,False,,-1,nan
16,7,7,7-8-9-10,7,5,5,8.5,7.5,1.0,0,15,16,1.0,PREREGISTERED_PRIMARY_ANALYSIS_COMPLETED,True,0.2,0.18899535598871856,-0.4573214040908275,-0.064293659621802,0.45732140409082755,0.7908571333603936,True,False,False,False,,-1,nan
16,7,7,7-8-9-10,7,5,5,8.5,7.5,1.0,0,15,16,1.0,PREREGISTERED_PRIMARY_ANALYSIS_COMPLETED,True,0.3,0.2834930339830778,0.05118891637499872,0.43893214682981085,-0.05118891637499871,0.9973796948403532,False,False,False,False,,-1,nan
16,7,7,7-8-9-10,7,5,5,8.5,7.5,1.0,0,15,16,1.0,PREREGISTERED_PRIMARY_ANALYSIS_COMPLETED,True,0.4,0.3779907119774371,0.3802722943376439,0.7802002224694105,-0.380272294337644,0.8553929821591846,False,False,False,False,,-1,nan
16,7,8,8-9-10-11,8,4,4,9.5,7.5,2.0,1,15,15,0.9375,PREREGISTERED_PRIMARY_ANALYSIS_COMPLETED,True,0.05,0.04724883899717964,-0.9235917004332737,-0.7001112347052281,0.9235917004332737,0.14697837089077442,True,True,True,True,,-1,nan
16,7,8,8-9-10-11,8,4,4,9.5,7.5,2.0,1,15,15,0.9375,PREREGISTERED_PRIMARY_ANALYSIS_COMPLETED,True,0.1,0.09449767799435928,-0.8341987331143665,-0.6791991101223581,0.8341987331143665,0.30411247367038574,True,True,False,False,,-1,nan
16,7,8,8-9-10-11,8,4,4,9.5,7.5,2.0,1,15,15,0.9375,PREREGISTERED_PRIMARY_ANALYSIS_COMPLETED,True,0.2,0.18899535598871856,-0.5839914968453873,0.017130144605116793,0.5839914968453875,0.658953931612284,True,False,False,False,,-1,nan
16,7,8,8-9-10-11,8,4,4,9.5,7.5,2.0,1,15,15,0.9375,PREREGISTERED_PRIMARY_ANALYSIS_COMPLETED,True,0.3,0.2834930339830778,-0.07460329848809093,0.4914349276974415,0.07460329848809097,0.994434347854697,True,False,False,False,,-1,nan
16,7,8,8-9-10-11,8,4,4,9.5,7.5,2.0,1,15,15,0.9375,PREREGISTERED_PRIMARY_ANALYSIS_COMPLETED,True,0.4,0.3779907119774371,0.2809640326289975,0.7499443826473859,-0.28096403262899755,0.9210592123688514,False,False,False,False,,-1,nan
16,7,9,9-10-11-12,9,3,3,10.5,7.5,3.0,2,15,14,0.875,PREREGISTERED_PRIMARY_ANALYSIS_COMPLETED,True,0.05,0.04724883899717964,-0.5986313146399262,-0.9274749721913237,0.5986313146399261,0.6416405491324738,True,False,False,False,,-1,nan
16,7,9,9-10-11-12,9,3,3,10.5,7.5,3.0,2,15,14,0.875,PREREGISTERED_PRIMARY_ANALYSIS_COMPLETED,True,0.1,0.09449767799435928,-0.7539904684908726,-0.921245828698554,0.7539904684908721,0.43149837342491515,True,False,False,False,,-1,nan
16,7,9,9-10-11-12,9,3,3,10.5,7.5,3.0,2,15,14,0.875,PREREGISTERED_PRIMARY_ANALYSIS_COMPLETED,True,0.2,0.18899535598871856,-0.931897840704043,-0.8144605116796441,0.9318978407040435,0.1315664144911416,True,True,True,True,,-1,nan
16,7,9,9-10-11-12,9,3,3,10.5,7.5,3.0,2,15,14,0.875,PREREGISTERED_PRIMARY_ANALYSIS_COMPLETED,True,0.3,0.2834930339830778,-0.9668080588283441,-0.7254727474972191,0.9668080588283441,0.06528217738456829,True,True,True,True,,-1,nan
16,7,9,9-10-11-12,9,3,3,10.5,7.5,3.0,2,15,14,0.875,PREREGISTERED_PRIMARY_ANALYSIS_COMPLETED,True,0.4,0.3779907119774371,-0.9760799050909539,-0.7833147942157953,0.9760799050909539,0.047268018877634536,True,True,True,True,,-1,nan
16,7,10,10-11-12-13,10,2,2,11.5,7.5,4.0,3,15,13,0.8125,PREREGISTERED_PRIMARY_ANALYSIS_COMPLETED,True,0.05,0.04724883899717964,-0.6801771956396065,-0.9025583982202448,0.6801771956396064,0.5373589825318403,True,False,False,False,,-1,nan
16,7,10,10-11-12-13,10,2,2,11.5,7.5,4.0,3,15,13,0.8125,PREREGISTERED_PRIMARY_ANALYSIS_COMPLETED,True,0.1,0.09449767799435928,-0.5019386515208287,-0.8553948832035595,0.5019386515208286,0.7480575901094522,True,False,False,False,,-1,nan
16,7,10,10-11-12-13,10,2,2,11.5,7.5,4.0,3,15,13,0.8125,PREREGISTERED_PRIMARY_ANALYSIS_COMPLETED,True,0.2,0.18899535598871856,-0.6123155840843055,-0.7806451612903226,0.6123155840843058,0.6250696254874958,True,False,False,False,,-1,nan
16,7,10,10-11-12-13,10,2,2,11.5,7.5,4.0,3,15,13,0.8125,PREREGISTERED_PRIMARY_ANALYSIS_COMPLETED,True,0.3,0.2834930339830778,-0.7243809537114915,-0.6351501668520578,0.7243809537114915,0.4752722339000298,True,False,False,False,,-1,nan
16,7,10,10-11-12-13,10,2,2,11.5,7.5,4.0,3,15,13,0.8125,PREREGISTERED_PRIMARY_ANALYSIS_COMPLETED,True,0.4,0.3779907119774371,-0.7672238516381908,-0.4776418242491657,0.7672238516381907,0.41136756147745956,True,False,False,False,,-1,nan
16,7,11,11-12-13-14,11,1,1,12.5,7.5,5.0,4,15,12,0.75,PREREGISTERED_PRIMARY_ANALYSIS_COMPLETED,True,0.05,0.04724883899717964,0.374623489207442,-0.6382647385984427,-0.37462348920744204,0.8596572413340414,False,False,False,False,,-1,nan
16,7,11,11-12-13-14,11,1,1,12.5,7.5,5.0,4,15,12,0.75,PREREGISTERED_PRIMARY_ANALYSIS_COMPLETED,True,0.1,0.09449767799435928,0.047841980000340095,-0.7397107897664071,-0.0478419800003401,0.9977111449496467,False,False,False,False,,-1,nan
16,7,11,11-12-13-14,11,1,1,12.5,7.5,5.0,4,15,12,0.75,PREREGISTERED_PRIMARY_ANALYSIS_COMPLETED,True,0.2,0.18899535598871856,-0.38136494742043064,-0.7917686318131256,0.3813649474204308,0.8545607768790119,True,False,False,False,,-1,nan
16,7,11,11-12-13-14,11,1,1,12.5,7.5,5.0,4,15,12,0.75,PREREGISTERED_PRIMARY_ANALYSIS_COMPLETED,True,0.3,0.2834930339830778,-0.5954652099432984,-0.3913236929922136,0.5954652099432982,0.6454211837471839,True,False,False,False,,-1,nan
16,7,11,11-12-13-14,11,1,1,12.5,7.5,5.0,4,15,12,0.75,PREREGISTERED_PRIMARY_ANALYSIS_COMPLETED,True,0.4,0.3779907119774371,-0.6789243294119518,-0.26896551724137935,0.6789243294119519,0.5390617549325317,True,False,False,False,,-1,nan
16,7,12,12-13-14-15,12,0,0,13.5,7.5,6.0,5,15,11,0.6875,PREREGISTERED_PRIMARY_ANALYSIS_COMPLETED,True,0.05,0.04724883899717964,0.7496340698730218,-0.3828698553948832,-0.749634069873022,0.43804876128560905,False,False,False,False,,-1,nan
16,7,12,12-13-14-15,12,0,0,13.5,7.5,6.0,5,15,11,0.6875,PREREGISTERED_PRIMARY_ANALYSIS_COMPLETED,True,0.1,0.09449767799435928,0.5777795016366829,-0.37263626251390436,-0.5777795016366827,0.6661708474884661,False,False,False,False,,-1,nan
16,7,12,12-13-14-15,12,0,0,13.5,7.5,6.0,5,15,11,0.6875,PREREGISTERED_PRIMARY_ANALYSIS_COMPLETED,True,0.2,0.18899535598871856,0.5443333281729306,0.13281423804226916,-0.5443333281729302,0.7037012278401811,False,False,False,False,,-1,nan
16,7,12,12-13-14-15,12,0,0,13.5,7.5,6.0,5,15,11,0.6875,PREREGISTERED_PRIMARY_ANALYSIS_COMPLETED,True,0.3,0.2834930339830778,0.6251513054638274,0.47541713014460507,-0.6251513054638275,0.6091858452768725,False,False,False,False,,-1,nan
16,7,12,12-13-14-15,12,0,0,13.5,7.5,6.0,5,15,11,0.6875,PREREGISTERED_PRIMARY_ANALYSIS_COMPLETED,True,0.4,0.3779907119774371,0.7003320504000371,0.611123470522803,-0.7003320504000369,0.5095350191824801,False,False,False,False,,-1,nan
16,8,0,0-1-2-3,0,12,0,1.5,7.5,6.0,0,11,12,0.75,PREREGISTERED_PRIMARY_ANALYSIS_COMPLETED,True,0.05,0.04724883899717964,-0.6729955304307405,-0.7041156840934372,0.6729955304307407,0.5470770160202459,True,False,False,False,,-1,nan
16,8,0,0-1-2-3,0,12,0,1.5,7.5,6.0,0,11,12,0.75,PREREGISTERED_PRIMARY_ANALYSIS_COMPLETED,True,0.1,0.09449767799435928,-0.48729229435793514,-0.4162402669632926,0.48729229435793486,0.7625462198593796,True,False,False,False,,-1,nan
16,8,0,0-1-2-3,0,12,0,1.5,7.5,6.0,0,11,12,0.75,PREREGISTERED_PRIMARY_ANALYSIS_COMPLETED,True,0.2,0.18899535598871856,-0.14603277362123335,0.05494994438264739,0.1460327736212334,0.9786744290284896,True,False,False,False,,-1,nan
16,8,0,0-1-2-3,0,12,0,1.5,7.5,6.0,0,11,12,0.75,PREREGISTERED_PRIMARY_ANALYSIS_COMPLETED,True,0.3,0.2834930339830778,0.3483531064226213,0.5279199110122358,-0.34835310642262135,0.8786501132457097,False,False,False,False,,-1,nan
16,8,0,0-1-2-3,0,12,0,1.5,7.5,6.0,0,11,12,0.75,PREREGISTERED_PRIMARY_ANALYSIS_COMPLETED,True,0.4,0.3779907119774371,0.5752700009576602,0.7081201334816463,-0.5752700009576602,0.6690644259981737,False,False,False,False,,-1,nan
16,8,1,1-2-3-4,1,11,1,2.5,7.5,5.0,0,12,13,0.8125,PREREGISTERED_PRIMARY_ANALYSIS_COMPLETED,True,0.05,0.04724883899717964,0.2472806269332168,-0.5817575083426029,-0.2472806269332166,0.9388522915435151,False,False,False,False,,-1,nan
16,8,1,1-2-3-4,1,11,1,2.5,7.5,5.0,0,12,13,0.8125,PREREGISTERED_PRIMARY_ANALYSIS_COMPLETED,True,0.1,0.09449767799435928,-0.1518610251740681,-0.6324805339265851,0.15186102517406802,0.9769382290330811,True,False,False,False,,-1,nan
16,8,1,1-2-3-4,1,11,1,2.5,7.5,5.0,0,12,13,0.8125,PREREGISTERED_PRIMARY_ANALYSIS_COMPLETED,True,0.2,0.18899535598871856,-0.5168650295889256,-0.531924360400445,0.5168650295889256,0.7328505411880392,True,False,False,False,,-1,nan
16,8,1,1-2-3-4,1,11,1,2.5,7.5,5.0,0,12,13,0.8125,PREREGISTERED_PRIMARY_ANALYSIS_COMPLETED,True,0.3,0.2834930339830778,-0.6883505667213872,-0.38954393770856505,0.6883505667213871,0.5261734972943449,True,False,False,False,,-1,nan
16,8,1,1-2-3-4,1,11,1,2.5,7.5,5.0,0,12,13,0.8125,PREREGISTERED_PRIMARY_ANALYSIS_COMPLETED,True,0.4,0.3779907119774371,-0.7485038048665604,-0.43359288097886545,0.7485038048665607,0.43974205410028183,True,False,False,False,,-1,nan
16,8,2,2-3-4-5,2,10,2,3.5,7.5,4.0,0,13,14,0.875,PREREGISTERED_PRIMARY_ANALYSIS_COMPLETED,True,0.05,0.04724883899717964,0.7692564919539946,-0.46785317018909905,-0.7692564919539947,0.40824444958663353,False,False,False,False,,-1,nan
16,8,2,2-3-4-5,2,10,2,3.5,7.5,4.0,0,13,14,0.875,PREREGISTERED_PRIMARY_ANALYSIS_COMPLETED,True,0.1,0.09449767799435928,0.48221217488654317,-0.4700778642936596,-0.4822121748865431,0.7674714183911898,False,False,False,False,,-1,nan
16,8,2,2-3-4-5,2,10,2,3.5,7.5,4.0,0,13,14,0.875,PREREGISTERED_PRIMARY_ANALYSIS_COMPLETED,True,0.2,0.18899535598871856,0.294593054350135,-0.07853170189098999,-0.2945930543501349,0.9132149323286586,False,False,False,False,,-1,nan
16,8,2,2-3-4-5,2,10,2,3.5,7.5,4.0,0,13,14,0.875,PREREGISTERED_PRIMARY_ANALYSIS_COMPLETED,True,0.3,0.2834930339830778,0.2914241499538494,0.36106785317018913,-0.29142414995384935,0.9150719648236767,False,False,False,False,,-1,nan
16,8,2,2-3-4-5,2,10,2,3.5,7.5,4.0,0,13,14,0.875,PREREGISTERED_PRIMARY_ANALYSIS_COMPLETED,True,0.4,0.3779907119774371,0.36094878538955705,0.41401557285873186,-0.36094878538955694,0.8697159743258035,False,False,False,False,,-1,nan
16,8,3,3-4-5-6,3,9,3,4.5,7.5,3.0,0,14,15,0.9375,PREREGISTERED_PRIMARY_ANALYSIS_COMPLETED,True,0.05,0.04724883899717964,0.795093965916096,-0.3699666295884316,-0.7950939659160963,0.36782558536381416,False,False,False,False,,-1,nan
16,8,3,3-4-5-6,3,9,3,4.5,7.5,3.0,0,14,15,0.9375,PREREGISTERED_PRIMARY_ANALYSIS_COMPLETED,True,0.1,0.09449767799435928,0.49643438455316147,-0.47452725250278077,-0.4964343845531614,0.7535529018333238,False,False,False,False,,-1,nan
16,8,3,3-4-5-6,3,9,3,4.5,7.5,3.0,0,14,15,0.9375,PREREGISTERED_PRIMARY_ANALYSIS_COMPLETED,True,0.2,0.18899535598871856,0.2728087773243395,-0.45272525027808674,-0.27280877732433956,0.9255753710147991,False,False,False,False,,-1,nan
16,8,3,3-4-5-6,3,9,3,4.5,7.5,3.0,0,14,15,0.9375,PREREGISTERED_PRIMARY_ANALYSIS_COMPLETED,True,0.3,0.2834930339830778,0.27025871583245886,-0.13236929922135707,-0.27025871583245886,0.92696022651659,False,False,False,False,,-1,nan
16,8,3,3-4-5-6,3,9,3,4.5,7.5,3.0,0,14,15,0.9375,PREREGISTERED_PRIMARY_ANALYSIS_COMPLETED,True,0.4,0.3779907119774371,0.34811282224518436,0.307230255839822,-0.3481128222451843,0.8788174629884925,False,False,False,False,,-1,nan
16,8,4,4-5-6-7,4,8,4,5.5,7.5,2.0,0,15,16,1.0,PREREGISTERED_PRIMARY_ANALYSIS_COMPLETED,True,0.05,0.04724883899717964,-0.950592487644792,-0.8367074527252502,0.9505924876447923,0.09637392243328544,True,True,True,True,,-1,nan
16,8,4,4-5-6-7,4,8,4,5.5,7.5,2.0,0,15,16,1.0,PREREGISTERED_PRIMARY_ANALYSIS_COMPLETED,True,0.1,0.09449767799435928,-0.8536742753122729,-0.6378197997775306,0.853674275312272,0.2712402316700668,True,True,False,False,,-1,nan
16,8,4,4-5-6-7,4,8,4,5.5,7.5,2.0,0,15,16,1.0,PREREGISTERED_PRIMARY_ANALYSIS_COMPLETED,True,0.2,0.18899535598871856,-0.6150703366118564,-0.3352614015572859,0.6150703366118564,0.6216884810201777,True,False,False,False,,-1,nan
16,8,4,4-5-6-7,4,8,4,5.5,7.5,2.0,0,15,16,1.0,PREREGISTERED_PRIMARY_ANALYSIS_COMPLETED,True,0.3,0.2834930339830778,-0.5050826554128558,-0.21201334816462733,0.5050826554128559,0.7448915112010983,True,False,False,False,,-1,nan
16,8,4,4-5-6-7,4,8,4,5.5,7.5,2.0,0,15,16,1.0,PREREGISTERED_PRIMARY_ANALYSIS_COMPLETED,True,0.4,0.3779907119774371,-0.5259011573519804,-0.28854282536151277,0.5259011573519803,0.7234279726958478,True,False,False,False,,-1,nan
16,8,5,5-6-7-8,5,7,5,6.5,7.5,1.0,0,15,16,1.0,PREREGISTERED_PRIMARY_ANALYSIS_COMPLETED,True,0.05,0.04724883899717964,-0.9833598896598671,-0.1768631813125695,0.9833598896598668,0.03300332740813428,True,True,True,True,,-1,nan
16,8,5,5-6-7-8,5,7,5,6.5,7.5,1.0,0,15,16,1.0,PREREGISTERED_PRIMARY_ANALYSIS_COMPLETED,True,0.1,0.09449767799435928,-0.9517649553447058,0.21601779755283645,0.9517649553447052,0.0941434697776899,True,True,True,True,,-1,nan
16,8,5,5-6-7-8,5,7,5,6.5,7.5,1.0,0,15,16,1.0,PREREGISTERED_PRIMARY_ANALYSIS_COMPLETED,True,0.2,0.18899535598871856,-0.7340623303571614,0.42380422691879865,0.7340623303571616,0.46115249515061335,True,False,False,False,,-1,nan
16,8,5,5-6-7-8,5,7,5,6.5,7.5,1.0,0,15,16,1.0,PREREGISTERED_PRIMARY_ANALYSIS_COMPLETED,True,0.3,0.2834930339830778,-0.2506218305842396,0.49499443826473855,0.2506218305842397,0.9371886980346047,True,False,False,False,,-1,nan
16,8,5,5-6-7-8,5,7,5,6.5,7.5,1.0,0,15,16,1.0,PREREGISTERED_PRIMARY_ANALYSIS_COMPLETED,True,0.4,0.3779907119774371,0.11474025781549622,0.6511679644048943,-0.11474025781549625,0.9868346732364336,False,False,False,False,,-1,nan
16,8,6,6-7-8-9,6,6,6,7.5,7.5,0.0,0,15,16,1.0,PREREGISTERED_PRIMARY_ANALYSIS_COMPLETED,True,0.05,0.04724883899717964,-0.9837184850199503,-0.3130144605116796,0.9837184850199503,0.032297942230054305,True,True,True,True,,-1,nan
16,8,6,6-7-8-9,6,6,6,7.5,7.5,0.0,0,15,16,1.0,PREREGISTERED_PRIMARY_ANALYSIS_COMPLETED,True,0.1,0.09449767799435928,-0.9517587947046678,0.0731924360400445,0.951758794704668,0.09415519670231799,True,True,True,True,,-1,nan
16,8,6,6-7-8-9,6,6,6,7.5,7.5,0.0,0,15,16,1.0,PREREGISTERED_PRIMARY_ANALYSIS_COMPLETED,True,0.2,0.18899535598871856,-0.7309785818866006,0.42380422691879865,0.7309785818866007,0.4656703128230543,True,False,False,False,,-1,nan
16,8,6,6-7-8-9,6,6,6,7.5,7.5,0.0,0,15,16,1.0,PREREGISTERED_PRIMARY_ANALYSIS_COMPLETED,True,0.3,0.2834930339830778,-0.24291286983931268,0.5038932146829811,0.24291286983931254,0.9409933376664288,True,False,False,False,,-1,nan
16,8,6,6-7-8-9,6,6,6,7.5,7.5,0.0,0,15,16,1.0,PREREGISTERED_PRIMARY_ANALYSIS_COMPLETED,True,0.4,0.3779907119774371,0.12458372027620786,0.6511679644048943,-0.12458372027620788,0.9844788966421395,False,False,False,False,,-1,nan
16,8,7,7-8-9-10,7,5,5,8.5,7.5,1.0,0,15,16,1.0,PREREGISTERED_PRIMARY_ANALYSIS_COMPLETED,True,0.05,0.04724883899717964,-0.9833598896521094,-0.1768631813125695,0.9833598896521092,0.033003327423392,True,True,True,True,,-1,nan
16,8,7,7-8-9-10,7,5,5,8.5,7.5,1.0,0,15,16,1.0,PREREGISTERED_PRIMARY_ANALYSIS_COMPLETED,True,0.1,0.09449767799435928,-0.9517649553537504,0.21601779755283645,0.9517649553537502,0.0941434697604739,True,True,True,True,,-1,nan
16,8,7,7-8-9-10,7,5,5,8.5,7.5,1.0,0,15,16,1.0,PREREGISTERED_PRIMARY_ANALYSIS_COMPLETED,True,0.2,0.18899535598871856,-0.7340623303806144,0.42380422691879865,0.7340623303806141,0.46115249511618206,True,False,False,False,,-1,nan
16,8,7,7-8-9-10,7,5,5,8.5,7.5,1.0,0,15,16,1.0,PREREGISTERED_PRIMARY_ANALYSIS_COMPLETED,True,0.3,0.2834930339830778,-0.25062183061757776,0.49499443826473855,0.25062183061757815,0.9371886980178943,True,False,False,False,,-1,nan
16,8,7,7-8-9-10,7,5,5,8.5,7.5,1.0,0,15,16,1.0,PREREGISTERED_PRIMARY_ANALYSIS_COMPLETED,True,0.4,0.3779907119774371,0.11474025778062588,0.6511679644048943,-0.11474025778062588,0.9868346732444352,False,False,False,False,,-1,nan
16,8,8,8-9-10-11,8,4,4,9.5,7.5,2.0,0,15,16,1.0,PREREGISTERED_PRIMARY_ANALYSIS_COMPLETED,True,0.05,0.04724883899717964,-0.9505924875888784,-0.8367074527252502,0.950592487588879,0.09637392253958756,True,True,True,True,,-1,nan
16,8,8,8-9-10-11,8,4,4,9.5,7.5,2.0,0,15,16,1.0,PREREGISTERED_PRIMARY_ANALYSIS_COMPLETED,True,0.1,0.09449767799435928,-0.8536742752467454,-0.6378197997775306,0.8536742752467458,0.27124023178194295,True,True,False,False,,-1,nan
16,8,8,8-9-10-11,8,4,4,9.5,7.5,2.0,0,15,16,1.0,PREREGISTERED_PRIMARY_ANALYSIS_COMPLETED,True,0.2,0.18899535598871856,-0.6150703365450796,-0.3352614015572859,0.6150703365450794,0.6216884811023227,True,False,False,False,,-1,nan
16,8,8,8-9-10-11,8,4,4,9.5,7.5,2.0,0,15,16,1.0,PREREGISTERED_PRIMARY_ANALYSIS_COMPLETED,True,0.3,0.2834930339830778,-0.5050826553459803,-0.21201334816462733,0.5050826553459804,0.7448915112686537,True,False,False,False,,-1,nan
16,8,8,8-9-10-11,8,4,4,9.5,7.5,2.0,0,15,16,1.0,PREREGISTERED_PRIMARY_ANALYSIS_COMPLETED,True,0.4,0.3779907119774371,-0.5259011572808169,-0.28854282536151277,0.5259011572808169,0.7234279727706973,True,False,False,False,,-1,nan
16,8,9,9-10-11-12,9,3,3,10.5,7.5,3.0,1,15,15,0.9375,PREREGISTERED_PRIMARY_ANALYSIS_COMPLETED,True,0.05,0.04724883899717964,0.7950939659239858,-0.3699666295884316,-0.795093965923986,0.3678255853512679,False,False,False,False,,-1,nan
16,8,9,9-10-11-12,9,3,3,10.5,7.5,3.0,1,15,15,0.9375,PREREGISTERED_PRIMARY_ANALYSIS_COMPLETED,True,0.1,0.09449767799435928,0.49643438456061084,-0.47452725250278077,-0.4964343845606107,0.7535529018259274,False,False,False,False,,-1,nan
16,8,9,9-10-11-12,9,3,3,10.5,7.5,3.0,1,15,15,0.9375,PREREGISTERED_PRIMARY_ANALYSIS_COMPLETED,True,0.2,0.18899535598871856,0.2728087773276028,-0.45272525027808674,-0.2728087773276027,0.9255753710130186,False,False,False,False,,-1,nan
16,8,9,9-10-11-12,9,3,3,10.5,7.5,3.0,1,15,15,0.9375,PREREGISTERED_PRIMARY_ANALYSIS_COMPLETED,True,0.3,0.2834930339830778,0.2702587158344899,-0.13236929922135707,-0.2702587158344899,0.9269602265154924,False,False,False,False,,-1,nan
16,8,9,9-10-11-12,9,3,3,10.5,7.5,3.0,1,15,15,0.9375,PREREGISTERED_PRIMARY_ANALYSIS_COMPLETED,True,0.4,0.3779907119774371,0.34811282224683965,0.307230255839822,-0.34811282224683965,0.8788174629873406,False,False,False,False,,-1,nan
16,8,10,10-11-12-13,10,2,2,11.5,7.5,4.0,2,15,14,0.875,PREREGISTERED_PRIMARY_ANALYSIS_COMPLETED,True,0.05,0.04724883899717964,0.7692564919492773,-0.46785317018909905,-0.7692564919492767,0.4082444495938923,False,False,False,False,,-1,nan
16,8,10,10-11-12-13,10,2,2,11.5,7.5,4.0,2,15,14,0.875,PREREGISTERED_PRIMARY_ANALYSIS_COMPLETED,True,0.1,0.09449767799435928,0.48221217488005735,-0.4700778642936596,-0.48221217488005774,0.7674714183974447,False,False,False,False,,-1,nan
16,8,10,10-11-12-13,10,2,2,11.5,7.5,4.0,2,15,14,0.875,PREREGISTERED_PRIMARY_ANALYSIS_COMPLETED,True,0.2,0.18899535598871856,0.29459305434717126,-0.07853170189098999,-0.294593054347171,0.9132149323304046,False,False,False,False,,-1,nan
16,8,10,10-11-12-13,10,2,2,11.5,7.5,4.0,2,15,14,0.875,PREREGISTERED_PRIMARY_ANALYSIS_COMPLETED,True,0.3,0.2834930339830778,0.2914241499518692,0.36106785317018913,-0.2914241499518692,0.9150719648248306,False,False,False,False,,-1,nan
16,8,10,10-11-12-13,10,2,2,11.5,7.5,4.0,2,15,14,0.875,PREREGISTERED_PRIMARY_ANALYSIS_COMPLETED,True,0.4,0.3779907119774371,0.3609487853878047,0.41401557285873186,-0.3609487853878047,0.8697159743270685,False,False,False,False,,-1,nan
16,8,11,11-12-13-14,11,1,1,12.5,7.5,5.0,3,15,13,0.8125,PREREGISTERED_PRIMARY_ANALYSIS_COMPLETED,True,0.05,0.04724883899717964,0.2472806268356296,-0.5817575083426029,-0.2472806268356297,0.9388522915917777,False,False,False,False,,-1,nan
16,8,11,11-12-13-14,11,1,1,12.5,7.5,5.0,3,15,13,0.8125,PREREGISTERED_PRIMARY_ANALYSIS_COMPLETED,True,0.1,0.09449767799435928,-0.15186102515813465,-0.6324805339265851,0.15186102515813474,0.9769382290379202,True,False,False,False,,-1,nan
16,8,11,11-12-13-14,11,1,1,12.5,7.5,5.0,3,15,13,0.8125,PREREGISTERED_PRIMARY_ANALYSIS_COMPLETED,True,0.2,0.18899535598871856,-0.5168650295249094,-0.531924360400445,0.5168650295249094,0.7328505412542149,True,False,False,False,,-1,nan
16,8,11,11-12-13-14,11,1,1,12.5,7.5,5.0,3,15,13,0.8125,PREREGISTERED_PRIMARY_ANALYSIS_COMPLETED,True,0.3,0.2834930339830778,-0.6883505666589459,-0.38954393770856505,0.6883505666589463,0.5261734973803074,True,False,False,False,,-1,nan
16,8,11,11-12-13-14,11,1,1,12.5,7.5,5.0,3,15,13,0.8125,PREREGISTERED_PRIMARY_ANALYSIS_COMPLETED,True,0.4,0.3779907119774371,-0.7485038048088493,-0.43359288097886545,0.7485038048088491,0.43974205418667583,True,False,False,False,,-1,nan
16,8,12,12-13-14-15,12,0,0,13.5,7.5,6.0,4,15,12,0.75,PREREGISTERED_PRIMARY_ANALYSIS_COMPLETED,True,0.05,0.04724883899717964,-0.6729955300747835,-0.7041156840934372,0.6729955300747835,0.5470770164993612,True,False,False,False,,-1,nan
16,8,12,12-13-14-15,12,0,0,13.5,7.5,6.0,4,15,12,0.75,PREREGISTERED_PRIMARY_ANALYSIS_COMPLETED,True,0.1,0.09449767799435928,-0.4872922941989161,-0.4162402669632926,0.4872922941989162,0.762546220014357,True,False,False,False,,-1,nan
16,8,12,12-13-14-15,12,0,0,13.5,7.5,6.0,4,15,12,0.75,PREREGISTERED_PRIMARY_ANALYSIS_COMPLETED,True,0.2,0.18899535598871856,-0.14603277359504724,0.05494994438264739,0.14603277359504716,0.9786744290361373,True,False,False,False,,-1,nan
16,8,12,12-13-14-15,12,0,0,13.5,7.5,6.0,4,15,12,0.75,PREREGISTERED_PRIMARY_ANALYSIS_COMPLETED,True,0.3,0.2834930339830778,0.34835310639530465,0.5279199110122358,-0.34835310639530476,0.8786501132647416,False,False,False,False,,-1,nan
16,8,12,12-13-14-15,12,0,0,13.5,7.5,6.0,4,15,12,0.75,PREREGISTERED_PRIMARY_ANALYSIS_COMPLETED,True,0.4,0.3779907119774371,0.5752700009236621,0.7081201334816463,-0.5752700009236621,0.6690644260372899,False,False,False,False,,-1,nan
16,9,0,0-1-2-3,0,12,0,1.5,7.5,6.0,0,12,13,0.8125,PREREGISTERED_PRIMARY_ANALYSIS_COMPLETED,True,0.05,0.04724883899717964,-0.5093144246960118,-0.7454949944382647,0.5093144246960118,0.7405988167965707,True,False,False,False,,-1,nan
16,9,0,0-1-2-3,0,12,0,1.5,7.5,6.0,0,12,13,0.8125,PREREGISTERED_PRIMARY_ANALYSIS_COMPLETED,True,0.1,0.09449767799435928,-0.36029187812943764,-0.6231368186874304,0.3602918781294376,0.8701897625539625,True,False,False,False,,-1,nan
16,9,0,0-1-2-3,0,12,0,1.5,7.5,6.0,0,12,13,0.8125,PREREGISTERED_PRIMARY_ANALYSIS_COMPLETED,True,0.2,0.18899535598871856,-0.09557113820227843,0.03492769744160178,0.09557113820227837,0.9908661575427208,True,False,False,False,,-1,nan
16,9,0,0-1-2-3,0,12,0,1.5,7.5,6.0,0,12,13,0.8125,PREREGISTERED_PRIMARY_ANALYSIS_COMPLETED,True,0.3,0.2834930339830778,0.2968047683726393,0.44694104560622916,-0.2968047683726393,0.9119069294712638,False,False,False,False,,-1,nan
16,9,0,0-1-2-3,0,12,0,1.5,7.5,6.0,0,12,13,0.8125,PREREGISTERED_PRIMARY_ANALYSIS_COMPLETED,True,0.4,0.3779907119774371,0.508194266038746,0.6533926585094549,-0.5081942660387461,0.7417385879653402,False,False,False,False,,-1,nan
16,9,1,1-2-3-4,1,11,1,2.5,7.5,5.0,0,13,14,0.875,PREREGISTERED_PRIMARY_ANALYSIS_COMPLETED,True,0.05,0.04724883899717964,0.6350293085662307,-0.24271412680756396,-0.6350293085662307,0.5967377772618948,False,False,False,False,,-1,nan
16,9,1,1-2-3-4,1,11,1,2.5,7.5,5.0,0,13,14,0.875,PREREGISTERED_PRIMARY_ANALYSIS_COMPLETED,True,0.1,0.09449767799435928,0.4310160736677974,-0.4211345939933259,-0.43101607366779743,0.8142251442399959,False,False,False,False,,-1,nan
16,9,1,1-2-3-4,1,11,1,2.5,7.5,5.0,0,13,14,0.875,PREREGISTERED_PRIMARY_ANALYSIS_COMPLETED,True,0.2,0.18899535598871856,0.3741210088074918,-0.3913236929922136,-0.3741210088074919,0.8600334707688646,False,False,False,False,,-1,nan
16,9,1,1-2-3-4,1,11,1,2.5,7.5,5.0,0,13,14,0.875,PREREGISTERED_PRIMARY_ANALYSIS_COMPLETED,True,0.3,0.2834930339830778,0.504586562904809,0.34060066740823136,-0.504586562904809,0.7453924005359114,False,False,False,False,,-1,nan
16,9,1,1-2-3-4,1,11,1,2.5,7.5,5.0,0,13,14,0.875,PREREGISTERED_PRIMARY_ANALYSIS_COMPLETED,True,0.4,0.3779907119774371,0.6157053914937247,0.607119021134594,-0.6157053914937248,0.6209068708855591,False,False,False,False,,-1,nan
16,9,2,2-3-4-5,2,10,2,3.5,7.5,4.0,0,14,15,0.9375,PREREGISTERED_PRIMARY_ANALYSIS_COMPLETED,True,0.05,0.04724883899717964,-0.9828480076603715,-0.9265850945494994,0.9828480076603716,0.03400979383803834,True,True,True,True,,-1,nan
16,9,2,2-3-4-5,2,10,2,3.5,7.5,4.0,0,14,15,0.9375,PREREGISTERED_PRIMARY_ANALYSIS_COMPLETED,True,0.1,0.09449767799435928,-0.9680720408125439,-0.9234705228031145,0.9680720408125434,0.06283652379703693,True,True,True,True,,-1,nan
16,9,2,2-3-4-5,2,10,2,3.5,7.5,4.0,0,14,15,0.9375,PREREGISTERED_PRIMARY_ANALYSIS_COMPLETED,True,0.2,0.18899535598871856,-0.9624127807145222,-0.9679644048943271,0.9624127807145227,0.07376163951734098,True,True,True,True,,-1,nan
16,9,2,2-3-4-5,2,10,2,3.5,7.5,4.0,0,14,15,0.9375,PREREGISTERED_PRIMARY_ANALYSIS_COMPLETED,True,0.3,0.2834930339830778,-0.96540531593309,-0.875417130144605,0.9654053159330905,0.06799257596813012,True,True,True,True,,-1,nan
16,9,2,2-3-4-5,2,10,2,3.5,7.5,4.0,0,14,15,0.9375,PREREGISTERED_PRIMARY_ANALYSIS_COMPLETED,True,0.4,0.3779907119774371,-0.969331645851871,-0.8723025583982202,0.9693316458518713,0.06039616035010232,True,True,True,True,,-1,nan
16,9,3,3-4-5-6,3,9,3,4.5,7.5,3.0,0,15,16,1.0,PREREGISTERED_PRIMARY_ANALYSIS_COMPLETED,True,0.05,0.04724883899717964,0.7513981322295095,-0.5421579532814237,-0.7513981322295097,0.4354008468820043,False,False,False,False,,-1,nan
16,9,3,3-4-5-6,3,9,3,4.5,7.5,3.0,0,15,16,1.0,PREREGISTERED_PRIMARY_ANALYSIS_COMPLETED,True,0.1,0.09449767799435928,0.5705606030248263,-0.5577308120133482,-0.5705606030248263,0.6744605982759462,False,False,False,False,,-1,nan
16,9,3,3-4-5-6,3,9,3,4.5,7.5,3.0,0,15,16,1.0,PREREGISTERED_PRIMARY_ANALYSIS_COMPLETED,True,0.2,0.18899535598871856,0.27745737933929365,-0.6774193548387096,-0.27745737933929365,0.923017402650171,False,False,False,False,,-1,nan
16,9,3,3-4-5-6,3,9,3,4.5,7.5,3.0,0,15,16,1.0,PREREGISTERED_PRIMARY_ANALYSIS_COMPLETED,True,0.3,0.2834930339830778,-0.1926963242096392,-0.6462736373748609,0.19269632420963917,0.9628681266360939,True,False,False,False,,-1,nan
16,9,3,3-4-5-6,3,9,3,4.5,7.5,3.0,0,15,16,1.0,PREREGISTERED_PRIMARY_ANALYSIS_COMPLETED,True,0.4,0.3779907119774371,-0.45989157629495797,-0.6992213570634038,0.45989157629495814,0.7884997380529386,True,False,False,False,,-1,nan
16,9,4,4-5-6-7,4,8,4,5.5,7.5,2.0,0,15,16,1.0,PREREGISTERED_PRIMARY_ANALYSIS_COMPLETED,True,0.05,0.04724883899717964,-0.9558416585223591,-0.9234705228031145,0.9558416585223594,0.08636672383322612,True,True,True,True,,-1,nan
16,9,4,4-5-6-7,4,8,4,5.5,7.5,2.0,0,15,16,1.0,PREREGISTERED_PRIMARY_ANALYSIS_COMPLETED,True,0.1,0.09449767799435928,-0.9442978387579312,-0.9301446051167965,0.9442978387579313,0.1083015917170999,True,True,True,True,,-1,nan
16,9,4,4-5-6-7,4,8,4,5.5,7.5,2.0,0,15,16,1.0,PREREGISTERED_PRIMARY_ANALYSIS_COMPLETED,True,0.2,0.18899535598871856,-0.9530401881856172,-0.9038932146829811,0.9530401881856171,0.0917143997031232,True,True,True,True,,-1,nan
16,9,4,4-5-6-7,4,8,4,5.5,7.5,2.0,0,15,16,1.0,PREREGISTERED_PRIMARY_ANALYSIS_COMPLETED,True,0.3,0.2834930339830778,-0.9608237779349622,-0.7535038932146829,0.960823777934962,0.07681766775478671,True,True,True,True,,-1,nan
16,9,4,4-5-6-7,4,8,4,5.5,7.5,2.0,0,15,16,1.0,PREREGISTERED_PRIMARY_ANALYSIS_COMPLETED,True,0.4,0.3779907119774371,-0.9654534419172457,-0.7058954393770857,0.9654534419172462,0.06789965149014274,True,True,True,True,,-1,nan
16,9,5,5-6-7-8,5,7,5,6.5,7.5,1.0,0,15,16,1.0,PREREGISTERED_PRIMARY_ANALYSIS_COMPLETED,True,0.05,0.04724883899717964,-0.9150361998618826,-0.7437152391546161,0.915036199861882,0.16270875294232637,True,True,True,True,,-1,nan
16,9,5,5-6-7-8,5,7,5,6.5,7.5,1.0,0,15,16,1.0,PREREGISTERED_PRIMARY_ANALYSIS_COMPLETED,True,0.1,0.09449767799435928,-0.8133723350899449,-0.42246941045606223,0.8133723350899449,0.33842544451033046,True,True,False,False,,-1,nan
16,9,5,5-6-7-8,5,7,5,6.5,7.5,1.0,0,15,16,1.0,PREREGISTERED_PRIMARY_ANALYSIS_COMPLETED,True,0.2,0.18899535598871856,-0.635884826449821,-0.21957730812013349,0.6358848264498214,0.5956504874908805,True,False,False,False,,-1,nan
16,9,5,5-6-7-8,5,7,5,6.5,7.5,1.0,0,15,16,1.0,PREREGISTERED_PRIMARY_ANALYSIS_COMPLETED,True,0.3,0.2834930339830778,-0.28909534672669346,-0.10478309232480533,0.2890953467266936,0.9164238805009728,True,False,False,False,,-1,nan
16,9,5,5-6-7-8,5,7,5,6.5,7.5,1.0,0,15,16,1.0,PREREGISTERED_PRIMARY_ANALYSIS_COMPLETED,True,0.4,0.3779907119774371,0.0020000175033870293,0.028253615127919914,-0.002000017503387031,0.9999959999299862,False,False,False,False,,-1,nan
16,9,6,6-7-8-9,6,6,6,7.5,7.5,0.0,0,15,16,1.0,PREREGISTERED_PRIMARY_ANALYSIS_COMPLETED,True,0.05,0.04724883899717964,-0.9894594364250519,-0.3908787541713014,0.9894594364250522,0.020970023669417956,True,True,True,True,,-1,nan
16,9,6,6-7-8-9,6,6,6,7.5,7.5,0.0,0,15,16,1.0,PREREGISTERED_PRIMARY_ANALYSIS_COMPLETED,True,0.1,0.09449767799435928,-0.9577757835760741,0.04516129032258065,0.9577757835760738,0.08266554839523765,True,True,True,True,,-1,nan
16,9,6,6-7-8-9,6,6,6,7.5,7.5,0.0,0,15,16,1.0,PREREGISTERED_PRIMARY_ANALYSIS_COMPLETED,True,0.2,0.18899535598871856,-0.7373811153879545,0.3668520578420467,0.7373811153879543,0.45626909066921617,True,False,False,False,,-1,nan
16,9,6,6-7-8-9,6,6,6,7.5,7.5,0.0,0,15,16,1.0,PREREGISTERED_PRIMARY_ANALYSIS_COMPLETED,True,0.3,0.2834930339830778,-0.27195110913984905,0.47319243604004446,0.27195110913984893,0.9260425942376058,True,False,False,False,,-1,nan
16,9,6,6-7-8-9,6,6,6,7.5,7.5,0.0,0,15,16,1.0,PREREGISTERED_PRIMARY_ANALYSIS_COMPLETED,True,0.4,0.3779907119774371,0.09075697347358459,0.5768631813125694,-0.09075697347358465,0.9917631717659151,False,False,False,False,,-1,nan
16,9,7,7-8-9-10,7,5,5,8.5,7.5,1.0,0,15,16,1.0,PREREGISTERED_PRIMARY_ANALYSIS_COMPLETED,True,0.05,0.04724883899717964,-0.9150361997483893,-0.7437152391546161,0.91503619974839,0.16270875315002434,True,True,True,True,,-1,nan
16,9,7,7-8-9-10,7,5,5,8.5,7.5,1.0,0,15,16,1.0,PREREGISTERED_PRIMARY_ANALYSIS_COMPLETED,True,0.1,0.09449767799435928,-0.8133723350177688,-0.42246941045606223,0.8133723350177683,0.3384254446277434,True,True,False,False,,-1,nan
16,9,7,7-8-9-10,7,5,5,8.5,7.5,1.0,0,15,16,1.0,PREREGISTERED_PRIMARY_ANALYSIS_COMPLETED,True,0.2,0.18899535598871856,-0.635884826408325,-0.21957730812013349,0.635884826408325,0.5956504875436547,True,False,False,False,,-1,nan
16,9,7,7-8-9-10,7,5,5,8.5,7.5,1.0,0,15,16,1.0,PREREGISTERED_PRIMARY_ANALYSIS_COMPLETED,True,0.3,0.2834930339830778,-0.28909534670339593,-0.10478309232480533,0.28909534670339615,0.9164238805144432,True,False,False,False,,-1,nan
16,9,7,7-8-9-10,7,5,5,8.5,7.5,1.0,0,15,16,1.0,PREREGISTERED_PRIMARY_ANALYSIS_COMPLETED,True,0.4,0.3779907119774371,0.002000017513266734,0.028253615127919914,-0.002000017513266705,0.9999959999299465,False,False,False,False,,-1,nan
16,9,8,8-9-10-11,8,4,4,9.5,7.5,2.0,0,15,16,1.0,PREREGISTERED_PRIMARY_ANALYSIS_COMPLETED,True,0.05,0.04724883899717964,-0.9558416585238517,-0.9234705228031145,0.9558416585238513,0.08636672383037262,True,True,True,True,,-1,nan
16,9,8,8-9-10-11,8,4,4,9.5,7.5,2.0,0,15,16,1.0,PREREGISTERED_PRIMARY_ANALYSIS_COMPLETED,True,0.1,0.09449767799435928,-0.9442978387606324,-0.9301446051167965,0.9442978387606328,0.10830159171199864,True,True,True,True,,-1,nan
16,9,8,8-9-10-11,8,4,4,9.5,7.5,2.0,0,15,16,1.0,PREREGISTERED_PRIMARY_ANALYSIS_COMPLETED,True,0.2,0.18899535598871856,-0.9530401881860362,-0.9038932146829811,0.9530401881860355,0.09171439970232549,True,True,True,True,,-1,nan
16,9,8,8-9-10-11,8,4,4,9.5,7.5,2.0,0,15,16,1.0,PREREGISTERED_PRIMARY_ANALYSIS_COMPLETED,True,0.3,0.2834930339830778,-0.9608237779345064,-0.7535038932146829,0.960823777934506,0.07681766775566312,True,True,True,True,,-1,nan
16,9,8,8-9-10-11,8,4,4,9.5,7.5,2.0,0,15,16,1.0,PREREGISTERED_PRIMARY_ANALYSIS_COMPLETED,True,0.4,0.3779907119774371,-0.965453441916609,-0.7058954393770857,0.9654534419166086,0.06789965149137289,True,True,True,True,,-1,nan
16,9,9,9-10-11-12,9,3,3,10.5,7.5,3.0,0,15,16,1.0,PREREGISTERED_PRIMARY_ANALYSIS_COMPLETED,True,0.05,0.04724883899717964,0.7513981322345472,-0.5421579532814237,-0.7513981322345471,0.4354008468744342,False,False,False,False,,-1,nan
16,9,9,9-10-11-12,9,3,3,10.5,7.5,3.0,0,15,16,1.0,PREREGISTERED_PRIMARY_ANALYSIS_COMPLETED,True,0.1,0.09449767799435928,0.5705606030255026,-0.5577308120133482,-0.5705606030255026,0.6744605982751752,False,False,False,False,,-1,nan
16,9,9,9-10-11-12,9,3,3,10.5,7.5,3.0,0,15,16,1.0,PREREGISTERED_PRIMARY_ANALYSIS_COMPLETED,True,0.2,0.18899535598871856,0.2774573793377647,-0.6774193548387096,-0.27745737933776454,0.9230174026510194,False,False,False,False,,-1,nan
16,9,9,9-10-11-12,9,3,3,10.5,7.5,3.0,0,15,16,1.0,PREREGISTERED_PRIMARY_ANALYSIS_COMPLETED,True,0.3,0.2834930339830778,-0.19269632420944108,-0.6462736373748609,0.19269632420944122,0.96286812663617,True,False,False,False,,-1,nan
16,9,9,9-10-11-12,9,3,3,10.5,7.5,3.0,0,15,16,1.0,PREREGISTERED_PRIMARY_ANALYSIS_COMPLETED,True,0.4,0.3779907119774371,-0.4598915762939283,-0.6992213570634038,0.4598915762939279,0.7884997380538858,True,False,False,False,,-1,nan
16,9,10,10-11-12-13,10,2,2,11.5,7.5,4.0,1,15,15,0.9375,PREREGISTERED_PRIMARY_ANALYSIS_COMPLETED,True,0.05,0.04724883899717964,-0.982848007669859,-0.9265850945494994,0.982848007669859,0.03400979381938893,True,True,True,True,,-1,nan
16,9,10,10-11-12-13,10,2,2,11.5,7.5,4.0,1,15,15,0.9375,PREREGISTERED_PRIMARY_ANALYSIS_COMPLETED,True,0.1,0.09449767799435928,-0.9680720408238553,-0.9234705228031145,0.9680720408238556,0.06283652377513531,True,True,True,True,,-1,nan
16,9,10,10-11-12-13,10,2,2,11.5,7.5,4.0,1,15,15,0.9375,PREREGISTERED_PRIMARY_ANALYSIS_COMPLETED,True,0.2,0.18899535598871856,-0.9624127807189923,-0.9679644048943271,0.9624127807189926,0.07376163950873578,True,True,True,True,,-1,nan
16,9,10,10-11-12-13,10,2,2,11.5,7.5,4.0,1,15,15,0.9375,PREREGISTERED_PRIMARY_ANALYSIS_COMPLETED,True,0.3,0.2834930339830778,-0.9654053159343563,-0.875417130144605,0.965405315934356,0.06799257596568613,True,True,True,True,,-1,nan
16,9,10,10-11-12-13,10,2,2,11.5,7.5,4.0,1,15,15,0.9375,PREREGISTERED_PRIMARY_ANALYSIS_COMPLETED,True,0.4,0.3779907119774371,-0.9693316458520951,-0.8723025583982202,0.9693316458520955,0.060396160349667403,True,True,True,True,,-1,nan
16,9,11,11-12-13-14,11,1,1,12.5,7.5,5.0,2,15,14,0.875,PREREGISTERED_PRIMARY_ANALYSIS_COMPLETED,True,0.05,0.04724883899717964,0.6350293082312708,-0.24271412680756396,-0.6350293082312704,0.596737777687314,False,False,False,False,,-1,nan
16,9,11,11-12-13-14,11,1,1,12.5,7.5,5.0,2,15,14,0.875,PREREGISTERED_PRIMARY_ANALYSIS_COMPLETED,True,0.1,0.09449767799435928,0.43101607348357396,-0.4211345939933259,-0.43101607348357385,0.8142251443988023,False,False,False,False,,-1,nan
16,9,11,11-12-13-14,11,1,1,12.5,7.5,5.0,2,15,14,0.875,PREREGISTERED_PRIMARY_ANALYSIS_COMPLETED,True,0.2,0.18899535598871856,0.37412100870155046,-0.3913236929922136,-0.3741210087015502,0.8600334708481346,False,False,False,False,,-1,nan
16,9,11,11-12-13-14,11,1,1,12.5,7.5,5.0,2,15,14,0.875,PREREGISTERED_PRIMARY_ANALYSIS_COMPLETED,True,0.3,0.2834930339830778,0.5045865628105481,0.34060066740823136,-0.5045865628105483,0.7453924006310367,False,False,False,False,,-1,nan
16,9,11,11-12-13-14,11,1,1,12.5,7.5,5.0,2,15,14,0.875,PREREGISTERED_PRIMARY_ANALYSIS_COMPLETED,True,0.4,0.3779907119774371,0.615705391409892,0.607119021134594,-0.6157053914098919,0.6209068709887916,False,False,False,False,,-1,nan
16,9,12,12-13-14-15,12,0,0,13.5,7.5,6.0,3,15,13,0.8125,PREREGISTERED_PRIMARY_ANALYSIS_COMPLETED,True,0.05,0.04724883899717964,-0.5093144249189403,-0.7454949944382647,0.5093144249189405,0.7405988165694893,True,False,False,False,,-1,nan
16,9,12,12-13-14-15,12,0,0,13.5,7.5,6.0,3,15,13,0.8125,PREREGISTERED_PRIMARY_ANALYSIS_COMPLETED,True,0.1,0.09449767799435928,-0.3602918782169055,-0.6231368186874304,0.3602918782169055,0.8701897624909344,True,False,False,False,,-1,nan
16,9,12,12-13-14-15,12,0,0,13.5,7.5,6.0,3,15,13,0.8125,PREREGISTERED_PRIMARY_ANALYSIS_COMPLETED,True,0.2,0.18899535598871856,-0.09557113822056378,0.03492769744160178,0.09557113822056382,0.9908661575392258,True,False,False,False,,-1,nan
16,9,12,12-13-14-15,12,0,0,13.5,7.5,6.0,3,15,13,0.8125,PREREGISTERED_PRIMARY_ANALYSIS_COMPLETED,True,0.3,0.2834930339830778,0.296804768394365,0.44694104560622916,-0.2968047683943649,0.9119069294583673,False,False,False,False,,-1,nan
16,9,12,12-13-14-15,12,0,0,13.5,7.5,6.0,3,15,13,0.8125,PREREGISTERED_PRIMARY_ANALYSIS_COMPLETED,True,0.4,0.3779907119774371,0.5081942660706905,0.6533926585094549,-0.5081942660706906,0.7417385879328724,False,False,False,False,,-1,nan
16,10,0,0-1-2-3,0,12,0,1.5,7.5,6.0,0,13,14,0.875,PREREGISTERED_PRIMARY_ANALYSIS_COMPLETED,True,0.05,0.04724883899717964,-0.8085482133964019,-0.7090100111234705,0.8085482133964017,0.34624978661348643,True,True,False,False,,-1,nan
16,10,0,0-1-2-3,0,12,0,1.5,7.5,6.0,0,13,14,0.875,PREREGISTERED_PRIMARY_ANALYSIS_COMPLETED,True,0.1,0.09449767799435928,-0.6297097595317063,-0.3619577308120133,0.6297097595317064,0.6034656187505205,True,False,False,False,,-1,nan
16,10,0,0-1-2-3,0,12,0,1.5,7.5,6.0,0,13,14,0.875,PREREGISTERED_PRIMARY_ANALYSIS_COMPLETED,True,0.2,0.18899535598871856,-0.3174078207981452,0.059844271412680755,0.3174078207981452,0.8992522752961726,True,False,False,False,,-1,nan
16,10,0,0-1-2-3,0,12,0,1.5,7.5,6.0,0,13,14,0.875,PREREGISTERED_PRIMARY_ANALYSIS_COMPLETED,True,0.3,0.2834930339830778,0.15993993699732845,0.5038932146829811,-0.15993993699732845,0.9744192165532907,False,False,False,False,,-1,nan
16,10,0,0-1-2-3,0,12,0,1.5,7.5,6.0,0,13,14,0.875,PREREGISTERED_PRIMARY_ANALYSIS_COMPLETED,True,0.4,0.3779907119774371,0.4526522470059031,0.7152391546162402,-0.45265224700590295,0.7951059432805069,False,False,False,False,,-1,nan
16,10,1,1-2-3-4,1,11,1,2.5,7.5,5.0,0,14,15,0.9375,PREREGISTERED_PRIMARY_ANALYSIS_COMPLETED,True,0.05,0.04724883899717964,-0.5614640634795172,-0.6618464961067854,0.5614640634795167,0.6847581054210692,True,False,False,False,,-1,nan
16,10,1,1-2-3-4,1,11,1,2.5,7.5,5.0,0,14,15,0.9375,PREREGISTERED_PRIMARY_ANALYSIS_COMPLETED,True,0.1,0.09449767799435928,-0.39973194269866297,-0.7236929922135705,0.3997319426986629,0.8402143739863528,True,False,False,False,,-1,nan
16,10,1,1-2-3-4,1,11,1,2.5,7.5,5.0,0,14,15,0.9375,PREREGISTERED_PRIMARY_ANALYSIS_COMPLETED,True,0.2,0.18899535598871856,0.06698109317231685,-0.09766407119021134,-0.06698109317231686,0.9955135331574413,False,False,False,False,,-1,nan
16,10,1,1-2-3-4,1,11,1,2.5,7.5,5.0,0,14,15,0.9375,PREREGISTERED_PRIMARY_ANALYSIS_COMPLETED,True,0.3,0.2834930339830778,0.43537468376086286,0.5412680756395996,-0.43537468376086275,0.8104488847401286,False,False,False,False,,-1,nan
16,10,1,1-2-3-4,1,11,1,2.5,7.5,5.0,0,14,15,0.9375,PREREGISTERED_PRIMARY_ANALYSIS_COMPLETED,True,0.4,0.3779907119774371,0.5883877355289172,0.6565072302558399,-0.5883877355289173,0.6537998726791527,False,False,False,False,,-1,nan
16,10,2,2-3-4-5,2,10,2,3.5,7.5,4.0,0,15,16,1.0,PREREGISTERED_PRIMARY_ANALYSIS_COMPLETED,True,0.05,0.04724883899717964,0.35235256472224985,-0.3410456062291435,-0.3523525647222499,0.8758476701336527,False,False,False,False,,-1,nan
16,10,2,2-3-4-5,2,10,2,3.5,7.5,4.0,0,15,16,1.0,PREREGISTERED_PRIMARY_ANALYSIS_COMPLETED,True,0.1,0.09449767799435928,0.14211850059293396,-0.49499443826473855,-0.14211850059293396,0.9798023317892167,False,False,False,False,,-1,nan
16,10,2,2-3-4-5,2,10,2,3.5,7.5,4.0,0,15,16,1.0,PREREGISTERED_PRIMARY_ANALYSIS_COMPLETED,True,0.2,0.18899535598871856,0.2838590795124567,0.06740823136818688,-0.28385907951245654,0.9194240229783407,False,False,False,False,,-1,nan
16,10,2,2-3-4-5,2,10,2,3.5,7.5,4.0,0,15,16,1.0,PREREGISTERED_PRIMARY_ANALYSIS_COMPLETED,True,0.3,0.2834930339830778,0.45270399406059725,0.4318131256952169,-0.4527039940605972,0.795059093761583,False,False,False,False,,-1,nan
16,10,2,2-3-4-5,2,10,2,3.5,7.5,4.0,0,15,16,1.0,PREREGISTERED_PRIMARY_ANALYSIS_COMPLETED,True,0.4,0.3779907119774371,0.5644868269755909,0.5759733036707452,-0.5644868269755907,0.6813546221710295,False,False,False,False,,-1,nan
16,10,3,3-4-5-6,3,9,3,4.5,7.5,3.0,0,15,16,1.0,PREREGISTERED_PRIMARY_ANALYSIS_COMPLETED,True,0.05,0.04724883899717964,0.6612541715921721,-0.4776418242491657,-0.661254171592172,0.5627429205519502,False,False,False,False,,-1,nan
16,10,3,3-4-5-6,3,9,3,4.5,7.5,3.0,0,15,16,1.0,PREREGISTERED_PRIMARY_ANALYSIS_COMPLETED,True,0.1,0.09449767799435928,0.35668645746024025,-0.5083426028921022,-0.35668645746024,0.8727747710644643,False,False,False,False,,-1,nan
16,10,3,3-4-5-6,3,9,3,4.5,7.5,3.0,0,15,16,1.0,PREREGISTERED_PRIMARY_ANALYSIS_COMPLETED,True,0.2,0.18899535598871856,0.19523794033985736,-0.12569521690767518,-0.19523794033985745,0.9618821466518503,False,False,False,False,,-1,nan
16,10,3,3-4-5-6,3,9,3,4.5,7.5,3.0,0,15,16,1.0,PREREGISTERED_PRIMARY_ANALYSIS_COMPLETED,True,0.3,0.2834930339830778,0.2322049214905916,0.3543937708565072,-0.23220492149059163,0.9460808744355481,False,False,False,False,,-1,nan
16,10,3,3-4-5-6,3,9,3,4.5,7.5,3.0,0,15,16,1.0,PREREGISTERED_PRIMARY_ANALYSIS_COMPLETED,True,0.4,0.3779907119774371,0.32848817448757517,0.45850945494994433,-0.3284881744875751,0.8920955192218204,False,False,False,False,,-1,nan
16,10,4,4-5-6-7,4,8,4,5.5,7.5,2.0,0,15,16,1.0,PREREGISTERED_PRIMARY_ANALYSIS_COMPLETED,True,0.05,0.04724883899717964,-0.7696860928605049,-0.771301446051168,0.7696860928605053,0.4075833184571298,True,False,False,False,,-1,nan
16,10,4,4-5-6-7,4,8,4,5.5,7.5,2.0,0,15,16,1.0,PREREGISTERED_PRIMARY_ANALYSIS_COMPLETED,True,0.1,0.09449767799435928,-0.5396221372993494,-0.778865406006674,0.5396221372993492,0.7088079489364822,True,False,False,False,,-1,nan
16,10,4,4-5-6-7,4,8,4,5.5,7.5,2.0,0,15,16,1.0,PREREGISTERED_PRIMARY_ANALYSIS_COMPLETED,True,0.2,0.18899535598871856,-0.25041459591307846,-0.6088987764182424,0.2504145959130783,0.9372925301536896,True,False,False,False,,-1,nan
16,10,4,4-5-6-7,4,8,4,5.5,7.5,2.0,0,15,16,1.0,PREREGISTERED_PRIMARY_ANALYSIS_COMPLETED,True,0.3,0.2834930339830778,0.12234764014663235,-0.02202447163515017,-0.12234764014663234,0.9850310549505503,False,False,False,False,,-1,nan
16,10,4,4-5-6-7,4,8,4,5.5,7.5,2.0,0,15,16,1.0,PREREGISTERED_PRIMARY_ANALYSIS_COMPLETED,True,0.4,0.3779907119774371,0.3228378752225621,0.46785317018909905,-0.32283787522256197,0.8957757063217816,False,False,False,False,,-1,nan
16,10,5,5-6-7-8,5,7,5,6.5,7.5,1.0,0,15,16,1.0,PREREGISTERED_PRIMARY_ANALYSIS_COMPLETED,True,0.05,0.04724883899717964,-0.8854159989230389,-0.8691879866518354,0.8854159989230383,0.21603850885111742,True,True,False,False,,-1,nan
16,10,5,5-6-7-8,5,7,5,6.5,7.5,1.0,0,15,16,1.0,PREREGISTERED_PRIMARY_ANALYSIS_COMPLETED,True,0.1,0.09449767799435928,-0.6998316905696407,-0.6925472747497218,0.6998316905696408,0.5102356048744389,True,False,False,False,,-1,nan
16,10,5,5-6-7-8,5,7,5,6.5,7.5,1.0,0,15,16,1.0,PREREGISTERED_PRIMARY_ANALYSIS_COMPLETED,True,0.2,0.18899535598871856,-0.45310810867096174,-0.25294771968854285,0.4531081086709616,0.7946930418566239,True,False,False,False,,-1,nan
16,10,5,5-6-7-8,5,7,5,6.5,7.5,1.0,0,15,16,1.0,PREREGISTERED_PRIMARY_ANALYSIS_COMPLETED,True,0.3,0.2834930339830778,-0.5457463860511121,-0.3210233592880979,0.545746386051112,0.7021608821121507,True,False,False,False,,-1,nan
16,10,5,5-6-7-8,5,7,5,6.5,7.5,1.0,0,15,16,1.0,PREREGISTERED_PRIMARY_ANALYSIS_COMPLETED,True,0.4,0.3779907119774371,-0.6064364422859208,-0.3196885428253615,0.6064364422859208,0.6322348414675949,True,False,False,False,,-1,nan
16,10,6,6-7-8-9,6,6,6,7.5,7.5,0.0,0,15,16,1.0,PREREGISTERED_PRIMARY_ANALYSIS_COMPLETED,True,0.05,0.04724883899717964,-0.9518002995767657,-0.4473859844271412,0.9518002995767652,0.09407618972557928,True,True,True,True,,-1,nan
16,10,6,6-7-8-9,6,6,6,7.5,7.5,0.0,0,15,16,1.0,PREREGISTERED_PRIMARY_ANALYSIS_COMPLETED,True,0.1,0.09449767799435928,-0.884779069883614,-0.21379310344827587,0.8847790698836145,0.21716599749588658,True,True,False,False,,-1,nan
16,10,6,6-7-8-9,6,6,6,7.5,7.5,0.0,0,15,16,1.0,PREREGISTERED_PRIMARY_ANALYSIS_COMPLETED,True,0.2,0.18899535598871856,-0.6660480294738856,0.14927697441601778,0.666048029473886,0.5563800224339539,True,False,False,False,,-1,nan
16,10,6,6-7-8-9,6,6,6,7.5,7.5,0.0,0,15,16,1.0,PREREGISTERED_PRIMARY_ANALYSIS_COMPLETED,True,0.3,0.2834930339830778,-0.2128620315382764,0.5626251390433815,0.21286203153827615,0.954689755529398,True,False,False,False,,-1,nan
16,10,6,6-7-8-9,6,6,6,7.5,7.5,0.0,0,15,16,1.0,PREREGISTERED_PRIMARY_ANALYSIS_COMPLETED,True,0.4,0.3779907119774371,0.13966626304943433,0.6373748609566184,-0.1396662630494343,0.9804933349658064,False,False,False,False,,-1,nan
16,10,7,7-8-9-10,7,5,5,8.5,7.5,1.0,0,15,16,1.0,PREREGISTERED_PRIMARY_ANALYSIS_COMPLETED,True,0.05,0.04724883899717964,-0.8854159990209393,-0.8691879866518354,0.8854159990209393,0.21603850867775196,True,True,False,False,,-1,nan
16,10,7,7-8-9-10,7,5,5,8.5,7.5,1.0,0,15,16,1.0,PREREGISTERED_PRIMARY_ANALYSIS_COMPLETED,True,0.1,0.09449767799435928,-0.6998316906427955,-0.6925472747497218,0.6998316906427957,0.5102356047720467,True,False,False,False,,-1,nan
16,10,7,7-8-9-10,7,5,5,8.5,7.5,1.0,0,15,16,1.0,PREREGISTERED_PRIMARY_ANALYSIS_COMPLETED,True,0.2,0.18899535598871856,-0.4531081087104958,-0.25294771968854285,0.45310810871049606,0.7946930418207973,True,False,False,False,,-1,nan
16,10,7,7-8-9-10,7,5,5,8.5,7.5,1.0,0,15,16,1.0,PREREGISTERED_PRIMARY_ANALYSIS_COMPLETED,True,0.3,0.2834930339830778,-0.5457463860888359,-0.3210233592880979,0.5457463860888362,0.7021608820709752,True,False,False,False,,-1,nan
16,10,7,7-8-9-10,7,5,5,8.5,7.5,1.0,0,15,16,1.0,PREREGISTERED_PRIMARY_ANALYSIS_COMPLETED,True,0.4,0.3779907119774371,-0.6064364423221599,-0.3196885428253615,0.6064364423221598,0.632234841423642,True,False,False,False,,-1,nan
16,10,8,8-9-10-11,8,4,4,9.5,7.5,2.0,0,15,16,1.0,PREREGISTERED_PRIMARY_ANALYSIS_COMPLETED,True,0.05,0.04724883899717964,-0.7696860928627416,-0.771301446051168,0.7696860928627419,0.40758331845368634,True,False,False,False,,-1,nan
16,10,8,8-9-10-11,8,4,4,9.5,7.5,2.0,0,15,16,1.0,PREREGISTERED_PRIMARY_ANALYSIS_COMPLETED,True,0.1,0.09449767799435928,-0.5396221372926108,-0.778865406006674,0.5396221372926103,0.7088079489437551,True,False,False,False,,-1,nan
16,10,8,8-9-10-11,8,4,4,9.5,7.5,2.0,0,15,16,1.0,PREREGISTERED_PRIMARY_ANALYSIS_COMPLETED,True,0.2,0.18899535598871856,-0.25041459591063575,-0.6088987764182424,0.250414595910636,0.9372925301549129,True,False,False,False,,-1,nan
16,10,8,8-9-10-11,8,4,4,9.5,7.5,2.0,0,15,16,1.0,PREREGISTERED_PRIMARY_ANALYSIS_COMPLETED,True,0.3,0.2834930339830778,0.12234764014524468,-0.02202447163515017,-0.12234764014524471,0.9850310549508896,False,False,False,False,,-1,nan
16,10,8,8-9-10-11,8,4,4,9.5,7.5,2.0,0,15,16,1.0,PREREGISTERED_PRIMARY_ANALYSIS_COMPLETED,True,0.4,0.3779907119774371,0.322837875220202,0.46785317018909905,-0.32283787522020224,0.8957757063233054,False,False,False,False,,-1,nan
16,10,9,9-10-11-12,9,3,3,10.5,7.5,3.0,0,15,16,1.0,PREREGISTERED_PRIMARY_ANALYSIS_COMPLETED,True,0.05,0.04724883899717964,0.6612541716299131,-0.4776418242491657,-0.6612541716299134,0.5627429205020372,False,False,False,False,,-1,nan
16,10,9,9-10-11-12,9,3,3,10.5,7.5,3.0,0,15,16,1.0,PREREGISTERED_PRIMARY_ANALYSIS_COMPLETED,True,0.1,0.09449767799435928,0.35668645747345806,-0.5083426028921022,-0.3566864574734581,0.8727747710550352,False,False,False,False,,-1,nan
16,10,9,9-10-11-12,9,3,3,10.5,7.5,3.0,0,15,16,1.0,PREREGISTERED_PRIMARY_ANALYSIS_COMPLETED,True,0.2,0.18899535598871856,0.1952379403441869,-0.12569521690767518,-0.19523794034418693,0.9618821466501598,False,False,False,False,,-1,nan
16,10,9,9-10-11-12,9,3,3,10.5,7.5,3.0,0,15,16,1.0,PREREGISTERED_PRIMARY_ANALYSIS_COMPLETED,True,0.3,0.2834930339830778,0.23220492149339167,0.3543937708565072,-0.23220492149339167,0.9460808744342478,False,False,False,False,,-1,nan
16,10,9,9-10-11-12,9,3,3,10.5,7.5,3.0,0,15,16,1.0,PREREGISTERED_PRIMARY_ANALYSIS_COMPLETED,True,0.4,0.3779907119774371,0.3284881744900999,0.45850945494994433,-0.32848817449009987,0.8920955192201617,False,False,False,False,,-1,nan
16,10,10,10-11-12-13,10,2,2,11.5,7.5,4.0,0,15,16,1.0,PREREGISTERED_PRIMARY_ANALYSIS_COMPLETED,True,0.05,0.04724883899717964,0.3523525647409548,-0.3410456062291435,-0.35235256474095494,0.8758476701204714,False,False,False,False,,-1,nan
16,10,10,10-11-12-13,10,2,2,11.5,7.5,4.0,0,15,16,1.0,PREREGISTERED_PRIMARY_ANALYSIS_COMPLETED,True,0.1,0.09449767799435928,0.14211850060125975,-0.49499443826473855,-0.1421185006012599,0.9798023317868498,False,False,False,False,,-1,nan
16,10,10,10-11-12-13,10,2,2,11.5,7.5,4.0,0,15,16,1.0,PREREGISTERED_PRIMARY_ANALYSIS_COMPLETED,True,0.2,0.18899535598871856,0.28385907951992684,0.06740823136818688,-0.28385907951992684,0.9194240229740998,False,False,False,False,,-1,nan
16,10,10,10-11-12-13,10,2,2,11.5,7.5,4.0,0,15,16,1.0,PREREGISTERED_PRIMARY_ANALYSIS_COMPLETED,True,0.3,0.2834930339830778,0.4527039940677212,0.4318131256952169,-0.4527039940677213,0.7950590937551326,False,False,False,False,,-1,nan
16,10,10,10-11-12-13,10,2,2,11.5,7.5,4.0,0,15,16,1.0,PREREGISTERED_PRIMARY_ANALYSIS_COMPLETED,True,0.4,0.3779907119774371,0.5644868269821685,0.5759733036707452,-0.5644868269821687,0.6813546221636032,False,False,False,False,,-1,nan
16,10,11,11-12-13-14,11,1,1,12.5,7.5,5.0,1,15,15,0.9375,PREREGISTERED_PRIMARY_ANALYSIS_COMPLETED,True,0.05,0.04724883899717964,-0.5614640635220126,-0.6618464961067854,0.5614640635220123,0.6847581053733495,True,False,False,False,,-1,nan
16,10,11,11-12-13-14,11,1,1,12.5,7.5,5.0,1,15,15,0.9375,PREREGISTERED_PRIMARY_ANALYSIS_COMPLETED,True,0.1,0.09449767799435928,-0.39973194272949614,-0.7236929922135705,0.3997319427294958,0.8402143739617026,True,False,False,False,,-1,nan
16,10,11,11-12-13-14,11,1,1,12.5,7.5,5.0,1,15,15,0.9375,PREREGISTERED_PRIMARY_ANALYSIS_COMPLETED,True,0.2,0.18899535598871856,0.06698109317141783,-0.09766407119021134,-0.06698109317141783,0.9955135331575616,False,False,False,False,,-1,nan
16,10,11,11-12-13-14,11,1,1,12.5,7.5,5.0,1,15,15,0.9375,PREREGISTERED_PRIMARY_ANALYSIS_COMPLETED,True,0.3,0.2834930339830778,0.4353746837649429,0.5412680756395996,-0.4353746837649428,0.810448884736576,False,False,False,False,,-1,nan
16,10,11,11-12-13-14,11,1,1,12.5,7.5,5.0,1,15,15,0.9375,PREREGISTERED_PRIMARY_ANALYSIS_COMPLETED,True,0.4,0.3779907119774371,0.5883877355336152,0.6565072302558399,-0.588387735533615,0.6537998726736248,False,False,False,False,,-1,nan
16,10,12,12-13-14-15,12,0,0,13.5,7.5,6.0,2,15,14,0.875,PREREGISTERED_PRIMARY_ANALYSIS_COMPLETED,True,0.05,0.04724883899717964,-0.8085482134910646,-0.7090100111234705,0.8085482134910646,0.3462497864604076,True,True,False,False,,-1,nan
16,10,12,12-13-14-15,12,0,0,13.5,7.5,6.0,2,15,14,0.875,PREREGISTERED_PRIMARY_ANALYSIS_COMPLETED,True,0.1,0.09449767799435928,-0.629709759651811,-0.3619577308120133,0.6297097596518113,0.6034656185992584,True,False,False,False,,-1,nan
16,10,12,12-13-14-15,12,0,0,13.5,7.5,6.0,2,15,14,0.875,PREREGISTERED_PRIMARY_ANALYSIS_COMPLETED,True,0.2,0.18899535598871856,-0.317407820844208,0.059844271412680755,0.31740782084420804,0.8992522752669311,True,False,False,False,,-1,nan
16,10,12,12-13-14-15,12,0,0,13.5,7.5,6.0,2,15,14,0.875,PREREGISTERED_PRIMARY_ANALYSIS_COMPLETED,True,0.3,0.2834930339830778,0.15993993700038153,0.5038932146829811,-0.1599399370003815,0.9744192165523141,False,False,False,False,,-1,nan
16,10,12,12-13-14-15,12,0,0,13.5,7.5,6.0,2,15,14,0.875,PREREGISTERED_PRIMARY_ANALYSIS_COMPLETED,True,0.4,0.3779907119774371,0.45265224702409,0.7152391546162402,-0.45265224702408996,0.7951059432640423,False,False,False,False,,-1,nan
16,11,0,0-1-2-3,0,12,0,1.5,7.5,6.0,0,14,15,0.9375,PREREGISTERED_PRIMARY_ANALYSIS_COMPLETED,True,0.05,0.04724883899717964,-0.9447686576643669,-0.6747497219132369,0.9447686576643672,0.10741218349506959,True,True,True,True,,-1,nan
16,11,0,0-1-2-3,0,12,0,1.5,7.5,6.0,0,14,15,0.9375,PREREGISTERED_PRIMARY_ANALYSIS_COMPLETED,True,0.1,0.09449767799435928,-0.8594679761910461,-0.3263626251390434,0.8594679761910464,0.26131479790206696,True,True,False,False,,-1,nan
16,11,0,0-1-2-3,0,12,0,1.5,7.5,6.0,0,14,15,0.9375,PREREGISTERED_PRIMARY_ANALYSIS_COMPLETED,True,0.2,0.18899535598871856,-0.571533513337085,0.24271412680756396,0.5715335133370855,0.6733494431325677,True,False,False,False,,-1,nan
16,11,0,0-1-2-3,0,12,0,1.5,7.5,6.0,0,14,15,0.9375,PREREGISTERED_PRIMARY_ANALYSIS_COMPLETED,True,0.3,0.2834930339830778,-0.055854434962613934,0.5995550611790879,0.055854434962613955,0.9968802820950072,True,False,False,False,,-1,nan
16,11,0,0-1-2-3,0,12,0,1.5,7.5,6.0,0,14,15,0.9375,PREREGISTERED_PRIMARY_ANALYSIS_COMPLETED,True,0.4,0.3779907119774371,0.2958539015771106,0.7882091212458288,-0.2958539015771107,0.9124704689216012,False,False,False,False,,-1,nan
16,11,1,1-2-3-4,1,11,1,2.5,7.5,5.0,0,15,16,1.0,PREREGISTERED_PRIMARY_ANALYSIS_COMPLETED,True,0.05,0.04724883899717964,-0.3920884005777828,-0.6743047830923248,0.39208840057778266,0.8462666861323561,True,False,False,False,,-1,nan
16,11,1,1-2-3-4,1,11,1,2.5,7.5,5.0,0,15,16,1.0,PREREGISTERED_PRIMARY_ANALYSIS_COMPLETED,True,0.1,0.09449767799435928,-0.3003397401916308,-0.7005561735261402,0.30033974019163084,0.909796040461624,True,False,False,False,,-1,nan
16,11,1,1-2-3-4,1,11,1,2.5,7.5,5.0,0,15,16,1.0,PREREGISTERED_PRIMARY_ANALYSIS_COMPLETED,True,0.2,0.18899535598871856,0.006181360692772327,-0.1599555061179088,-0.006181360692772309,0.9999617907799861,False,False,False,False,,-1,nan
16,11,1,1-2-3-4,1,11,1,2.5,7.5,5.0,0,15,16,1.0,PREREGISTERED_PRIMARY_ANALYSIS_COMPLETED,True,0.3,0.2834930339830778,0.3672045869585367,0.5537263626251391,-0.36720458695853647,0.8651607913166105,False,False,False,False,,-1,nan
16,11,1,1-2-3-4,1,11,1,2.5,7.5,5.0,0,15,16,1.0,PREREGISTERED_PRIMARY_ANALYSIS_COMPLETED,True,0.4,0.3779907119774371,0.5409054843123551,0.6614015572858732,-0.540905484312355,0.7074212570408168,False,False,False,False,,-1,nan
16,11,2,2-3-4-5,2,10,2,3.5,7.5,4.0,0,15,16,1.0,PREREGISTERED_PRIMARY_ANALYSIS_COMPLETED,True,0.05,0.04724883899717964,0.3251760183551466,-0.3819799777530589,-0.3251760183551463,0.8942605570866935,False,False,False,False,,-1,nan
16,11,2,2-3-4-5,2,10,2,3.5,7.5,4.0,0,15,16,1.0,PREREGISTERED_PRIMARY_ANALYSIS_COMPLETED,True,0.1,0.09449767799435928,0.03251393364591935,-0.49855394883203563,-0.032513933645919375,0.9989428441188688,False,False,False,False,,-1,nan
16,11,2,2-3-4-5,2,10,2,3.5,7.5,4.0,0,15,16,1.0,PREREGISTERED_PRIMARY_ANALYSIS_COMPLETED,True,0.2,0.18899535598871856,0.1150300340383831,-0.2765294771968854,-0.11503003403838305,0.9867680912691283,False,False,False,False,,-1,nan
16,11,2,2-3-4-5,2,10,2,3.5,7.5,4.0,0,15,16,1.0,PREREGISTERED_PRIMARY_ANALYSIS_COMPLETED,True,0.3,0.2834930339830778,0.42117304851808374,0.5728587319243604,-0.42117304851808385,0.8226132632019837,False,False,False,False,,-1,nan
16,11,2,2-3-4-5,2,10,2,3.5,7.5,4.0,0,15,16,1.0,PREREGISTERED_PRIMARY_ANALYSIS_COMPLETED,True,0.4,0.3779907119774371,0.5789294022913272,0.6938820912124583,-0.578929402291327,0.6648407471626071,False,False,False,False,,-1,nan
16,11,3,3-4-5-6,3,9,3,4.5,7.5,3.0,0,15,16,1.0,PREREGISTERED_PRIMARY_ANALYSIS_COMPLETED,True,0.05,0.04724883899717964,-0.8944082917339539,-0.8358175750834261,0.894408291733954,0.20003380767755014,True,True,False,False,,-1,nan
16,11,3,3-4-5-6,3,9,3,4.5,7.5,3.0,0,15,16,1.0,PREREGISTERED_PRIMARY_ANALYSIS_COMPLETED,True,0.1,0.09449767799435928,-0.893985259620518,-0.8589543937708565,0.8939852596205183,0.20079035558123426,True,True,False,False,,-1,nan
16,11,3,3-4-5-6,3,9,3,4.5,7.5,3.0,0,15,16,1.0,PREREGISTERED_PRIMARY_ANALYSIS_COMPLETED,True,0.2,0.18899535598871856,-0.9576997475831475,-0.9768631813125697,0.9576997475831472,0.0828111934791755,True,True,True,True,,-1,nan
16,11,3,3-4-5-6,3,9,3,4.5,7.5,3.0,0,15,16,1.0,PREREGISTERED_PRIMARY_ANALYSIS_COMPLETED,True,0.3,0.2834930339830778,-0.9805123870234048,-0.9261401557285873,0.9805123870234043,0.0385954588936651,True,True,True,True,,-1,nan
16,11,3,3-4-5-6,3,9,3,4.5,7.5,3.0,0,15,16,1.0,PREREGISTERED_PRIMARY_ANALYSIS_COMPLETED,True,0.4,0.3779907119774371,-0.9870552824953696,-0.8460511679644049,0.9870552824953699,0.02572186929798599,True,True,True,True,,-1,nan
16,11,4,4-5-6-7,4,8,4,5.5,7.5,2.0,0,15,16,1.0,PREREGISTERED_PRIMARY_ANALYSIS_COMPLETED,True,0.05,0.04724883899717964,-0.29623648493325183,-0.7348164627363738,0.29623648493325183,0.9122439449943912,True,False,False,False,,-1,nan
16,11,4,4-5-6-7,4,8,4,5.5,7.5,2.0,0,15,16,1.0,PREREGISTERED_PRIMARY_ANALYSIS_COMPLETED,True,0.1,0.09449767799435928,-0.3996490415431692,-0.7748609566184649,0.3996490415431692,0.840280643593626,True,False,False,False,,-1,nan
16,11,4,4-5-6-7,4,8,4,5.5,7.5,2.0,0,15,16,1.0,PREREGISTERED_PRIMARY_ANALYSIS_COMPLETED,True,0.2,0.18899535598871856,-0.48086414396423616,-0.7468298109010011,0.4808641439642359,0.7687696750495424,True,False,False,False,,-1,nan
16,11,4,4-5-6-7,4,8,4,5.5,7.5,2.0,0,15,16,1.0,PREREGISTERED_PRIMARY_ANALYSIS_COMPLETED,True,0.3,0.2834930339830778,-0.5108946569148544,-0.46073414905450494,0.5108946569148543,0.7389866495358534,True,False,False,False,,-1,nan
16,11,4,4-5-6-7,4,8,4,5.5,7.5,2.0,0,15,16,1.0,PREREGISTERED_PRIMARY_ANALYSIS_COMPLETED,True,0.4,0.3779907119774371,-0.5019875890572557,-0.19243604004449388,0.5019875890572557,0.7480084604324833,True,False,False,False,,-1,nan
16,11,5,5-6-7-8,5,7,5,6.5,7.5,1.0,0,15,16,1.0,PREREGISTERED_PRIMARY_ANALYSIS_COMPLETED,True,0.05,0.04724883899717964,-0.5445453597008255,-0.7659621802002224,0.5445453597008252,0.7034703512282988,True,False,False,False,,-1,nan
16,11,5,5-6-7-8,5,7,5,6.5,7.5,1.0,0,15,16,1.0,PREREGISTERED_PRIMARY_ANALYSIS_COMPLETED,True,0.1,0.09449767799435928,-0.5669192682099282,-0.8149054505005562,0.5669192682099281,0.6786025433323194,True,False,False,False,,-1,nan
16,11,5,5-6-7-8,5,7,5,6.5,7.5,1.0,0,15,16,1.0,PREREGISTERED_PRIMARY_ANALYSIS_COMPLETED,True,0.2,0.18899535598871856,-0.5727192858559694,-0.7971078976640712,0.5727192858559688,0.6719926196086285,True,False,False,False,,-1,nan
16,11,5,5-6-7-8,5,7,5,6.5,7.5,1.0,0,15,16,1.0,PREREGISTERED_PRIMARY_ANALYSIS_COMPLETED,True,0.3,0.2834930339830778,-0.57201090622963,-0.5083426028921022,0.57201090622963,0.672803523154357,True,False,False,False,,-1,nan
16,11,5,5-6-7-8,5,7,5,6.5,7.5,1.0,0,15,16,1.0,PREREGISTERED_PRIMARY_ANALYSIS_COMPLETED,True,0.4,0.3779907119774371,-0.5540983960360332,-0.1959955506117909,0.5540983960360335,0.6929749675102951,True,False,False,False,,-1,nan
16,11,6,6-7-8-9,6,6,6,7.5,7.5,0.0,0,15,16,1.0,PREREGISTERED_PRIMARY_ANALYSIS_COMPLETED,True,0.05,0.04724883899717964,-0.9445266236253885,-0.582202447163515,0.944526623625388,0.10786945726282449,True,True,True,True,,-1,nan
16,11,6,6-7-8-9,6,6,6,7.5,7.5,0.0,0,15,16,1.0,PREREGISTERED_PRIMARY_ANALYSIS_COMPLETED,True,0.1,0.09449767799435928,-0.8437894188552617,-0.39221357063403783,0.8437894188552618,0.2880194166279001,True,True,False,False,,-1,nan
16,11,6,6-7-8-9,6,6,6,7.5,7.5,0.0,0,15,16,1.0,PREREGISTERED_PRIMARY_ANALYSIS_COMPLETED,True,0.2,0.18899535598871856,-0.6516159374283389,-0.3045606229143492,0.6516159374283389,0.5753966700893871,True,False,False,False,,-1,nan
16,11,6,6-7-8-9,6,6,6,7.5,7.5,0.0,0,15,16,1.0,PREREGISTERED_PRIMARY_ANALYSIS_COMPLETED,True,0.3,0.2834930339830778,-0.5056073620007419,-0.2636262513904338,0.5056073620007416,0.744361195490651,True,False,False,False,,-1,nan
16,11,6,6-7-8-9,6,6,6,7.5,7.5,0.0,0,15,16,1.0,PREREGISTERED_PRIMARY_ANALYSIS_COMPLETED,True,0.4,0.3779907119774371,-0.47489248492154307,-0.26896551724137935,0.47489248492154285,0.7744771277650419,True,False,False,False,,-1,nan
16,11,7,7-8-9-10,7,5,5,8.5,7.5,1.0,0,15,16,1.0,PREREGISTERED_PRIMARY_ANALYSIS_COMPLETED,True,0.05,0.04724883899717964,-0.5445453596187365,-0.7659621802002224,0.544545359618736,0.7034703513177011,True,False,False,False,,-1,nan
16,11,7,7-8-9-10,7,5,5,8.5,7.5,1.0,0,15,16,1.0,PREREGISTERED_PRIMARY_ANALYSIS_COMPLETED,True,0.1,0.09449767799435928,-0.5669192681783819,-0.8149054505005562,0.566919268178382,0.6786025433680879,True,False,False,False,,-1,nan
16,11,7,7-8-9-10,7,5,5,8.5,7.5,1.0,0,15,16,1.0,PREREGISTERED_PRIMARY_ANALYSIS_COMPLETED,True,0.2,0.18899535598871856,-0.5727192858383054,-0.7971078976640712,0.5727192858383054,0.6719926196288613,True,False,False,False,,-1,nan
16,11,7,7-8-9-10,7,5,5,8.5,7.5,1.0,0,15,16,1.0,PREREGISTERED_PRIMARY_ANALYSIS_COMPLETED,True,0.3,0.2834930339830778,-0.5720109062135884,-0.5083426028921022,0.5720109062135882,0.6728035231727095,True,False,False,False,,-1,nan
16,11,7,7-8-9-10,7,5,5,8.5,7.5,1.0,0,15,16,1.0,PREREGISTERED_PRIMARY_ANALYSIS_COMPLETED,True,0.4,0.3779907119774371,-0.5540983960198038,-0.1959955506117909,0.5540983960198037,0.6929749675282806,True,False,False,False,,-1,nan
16,11,8,8-9-10-11,8,4,4,9.5,7.5,2.0,0,15,16,1.0,PREREGISTERED_PRIMARY_ANALYSIS_COMPLETED,True,0.05,0.04724883899717964,-0.29623648493530325,-0.7348164627363738,0.29623648493530336,0.9122439449931764,True,False,False,False,,-1,nan
16,11,8,8-9-10-11,8,4,4,9.5,7.5,2.0,0,15,16,1.0,PREREGISTERED_PRIMARY_ANALYSIS_COMPLETED,True,0.1,0.09449767799435928,-0.3996490415493998,-0.7748609566184649,0.39964904154939995,0.840280643588646,True,False,False,False,,-1,nan
16,11,8,8-9-10-11,8,4,4,9.5,7.5,2.0,0,15,16,1.0,PREREGISTERED_PRIMARY_ANALYSIS_COMPLETED,True,0.2,0.18899535598871856,-0.48086414397138333,-0.7468298109010011,0.48086414397138333,0.7687696750426686,True,False,False,False,,-1,nan
16,11,8,8-9-10-11,8,4,4,9.5,7.5,2.0,0,15,16,1.0,PREREGISTERED_PRIMARY_ANALYSIS_COMPLETED,True,0.3,0.2834930339830778,-0.5108946569220967,-0.46073414905450494,0.5108946569220968,0.7389866495284533,True,False,False,False,,-1,nan
16,11,8,8-9-10-11,8,4,4,9.5,7.5,2.0,0,15,16,1.0,PREREGISTERED_PRIMARY_ANALYSIS_COMPLETED,True,0.4,0.3779907119774371,-0.501987589064735,-0.19243604004449388,0.5019875890647346,0.7480084604249753,True,False,False,False,,-1,nan
16,11,9,9-10-11-12,9,3,3,10.5,7.5,3.0,0,15,16,1.0,PREREGISTERED_PRIMARY_ANALYSIS_COMPLETED,True,0.05,0.04724883899717964,-0.8944082917322431,-0.8358175750834261,0.8944082917322428,0.20003380768061163,True,True,False,False,,-1,nan
16,11,9,9-10-11-12,9,3,3,10.5,7.5,3.0,0,15,16,1.0,PREREGISTERED_PRIMARY_ANALYSIS_COMPLETED,True,0.1,0.09449767799435928,-0.8939852596209046,-0.8589543937708565,0.8939852596209041,0.2007903555805443,True,True,False,False,,-1,nan
16,11,9,9-10-11-12,9,3,3,10.5,7.5,3.0,0,15,16,1.0,PREREGISTERED_PRIMARY_ANALYSIS_COMPLETED,True,0.2,0.18899535598871856,-0.9576997475838562,-0.9768631813125697,0.9576997475838571,0.08281119347781701,True,True,True,True,,-1,nan
16,11,9,9-10-11-12,9,3,3,10.5,7.5,3.0,0,15,16,1.0,PREREGISTERED_PRIMARY_ANALYSIS_COMPLETED,True,0.3,0.2834930339830778,-0.9805123870239084,-0.9261401557285873,0.9805123870239082,0.0385954588926775,True,True,True,True,,-1,nan
16,11,9,9-10-11-12,9,3,3,10.5,7.5,3.0,0,15,16,1.0,PREREGISTERED_PRIMARY_ANALYSIS_COMPLETED,True,0.4,0.3779907119774371,-0.9870552824957771,-0.8460511679644049,0.9870552824957772,0.02572186929718191,True,True,True,True,,-1,nan
16,11,10,10-11-12-13,10,2,2,11.5,7.5,4.0,0,15,16,1.0,PREREGISTERED_PRIMARY_ANALYSIS_COMPLETED,True,0.05,0.04724883899717964,0.32517601835151294,-0.3819799777530589,-0.32517601835151294,0.8942605570890564,False,False,False,False,,-1,nan
16,11,10,10-11-12-13,10,2,2,11.5,7.5,4.0,0,15,16,1.0,PREREGISTERED_PRIMARY_ANALYSIS_COMPLETED,True,0.1,0.09449767799435928,0.03251393365520505,-0.49855394883203563,-0.032513933655204975,0.9989428441182648,False,False,False,False,,-1,nan
16,11,10,10-11-12-13,10,2,2,11.5,7.5,4.0,0,15,16,1.0,PREREGISTERED_PRIMARY_ANALYSIS_COMPLETED,True,0.2,0.18899535598871856,0.11503003404443476,-0.2765294771968854,-0.11503003404443474,0.9867680912677361,False,False,False,False,,-1,nan
16,11,10,10-11-12-13,10,2,2,11.5,7.5,4.0,0,15,16,1.0,PREREGISTERED_PRIMARY_ANALYSIS_COMPLETED,True,0.3,0.2834930339830778,0.4211730485234213,0.5728587319243604,-0.4211730485234216,0.8226132631974876,False,False,False,False,,-1,nan
16,11,10,10-11-12-13,10,2,2,11.5,7.5,4.0,0,15,16,1.0,PREREGISTERED_PRIMARY_ANALYSIS_COMPLETED,True,0.4,0.3779907119774371,0.5789294022961131,0.6938820912124583,-0.578929402296113,0.6648407471570656,False,False,False,False,,-1,nan
16,11,11,11-12-13-14,11,1,1,12.5,7.5,5.0,0,15,16,1.0,PREREGISTERED_PRIMARY_ANALYSIS_COMPLETED,True,0.05,0.04724883899717964,-0.3920884005221678,-0.6743047830923248,0.39208840052216765,0.8462666861759681,True,False,False,False,,-1,nan
16,11,11,11-12-13-14,11,1,1,12.5,7.5,5.0,0,15,16,1.0,PREREGISTERED_PRIMARY_ANALYSIS_COMPLETED,True,0.1,0.09449767799435928,-0.3003397401827813,-0.7005561735261402,0.3003397401827813,0.9097960404669395,True,False,False,False,,-1,nan
16,11,11,11-12-13-14,11,1,1,12.5,7.5,5.0,0,15,16,1.0,PREREGISTERED_PRIMARY_ANALYSIS_COMPLETED,True,0.2,0.18899535598871856,0.006181360691476439,-0.1599555061179088,-0.006181360691476456,0.9999617907800018,False,False,False,False,,-1,nan
16,11,11,11-12-13-14,11,1,1,12.5,7.5,5.0,0,15,16,1.0,PREREGISTERED_PRIMARY_ANALYSIS_COMPLETED,True,0.3,0.2834930339830778,0.3672045869562276,0.5537263626251391,-0.36720458695622765,0.8651607913183061,False,False,False,False,,-1,nan
16,11,11,11-12-13-14,11,1,1,12.5,7.5,5.0,0,15,16,1.0,PREREGISTERED_PRIMARY_ANALYSIS_COMPLETED,True,0.4,0.3779907119774371,0.5409054843101755,0.6614015572858732,-0.5409054843101756,0.7074212570431746,False,False,False,False,,-1,nan
16,11,12,12-13-14-15,12,0,0,13.5,7.5,6.0,1,15,15,0.9375,PREREGISTERED_PRIMARY_ANALYSIS_COMPLETED,True,0.05,0.04724883899717964,-0.9447686576720097,-0.6747497219132369,0.9447686576720099,0.10741218348062845,True,True,True,True,,-1,nan
16,11,12,12-13-14-15,12,0,0,13.5,7.5,6.0,1,15,15,0.9375,PREREGISTERED_PRIMARY_ANALYSIS_COMPLETED,True,0.1,0.09449767799435928,-0.8594679761813785,-0.3263626251390434,0.8594679761813784,0.261314797918685,True,True,False,False,,-1,nan
16,11,12,12-13-14-15,12,0,0,13.5,7.5,6.0,1,15,15,0.9375,PREREGISTERED_PRIMARY_ANALYSIS_COMPLETED,True,0.2,0.18899535598871856,-0.571533513318288,0.24271412680756396,0.5715335133182878,0.6733494431540542,True,False,False,False,,-1,nan
16,11,12,12-13-14-15,12,0,0,13.5,7.5,6.0,1,15,15,0.9375,PREREGISTERED_PRIMARY_ANALYSIS_COMPLETED,True,0.3,0.2834930339830778,-0.05585443494620651,0.5995550611790879,0.0558544349462065,0.9968802820968402,True,False,False,False,,-1,nan
16,11,12,12-13-14-15,12,0,0,13.5,7.5,6.0,1,15,15,0.9375,PREREGISTERED_PRIMARY_ANALYSIS_COMPLETED,True,0.4,0.3779907119774371,0.2958539015899789,0.7882091212458288,-0.2958539015899789,0.912470468913987,False,False,False,False,,-1,nan
16,12,0,0-1-2-3,0,12,0,1.5,7.5,6.0,0,15,16,1.0,PREREGISTERED_PRIMARY_ANALYSIS_COMPLETED,True,0.05,0.04724883899717964,-0.9846063997900528,-0.5279199110122358,0.9846063997900525,0.030550237492471353,True,True,True,True,,-1,nan
16,12,0,0-1-2-3,0,12,0,1.5,7.5,6.0,0,15,16,1.0,PREREGISTERED_PRIMARY_ANALYSIS_COMPLETED,True,0.1,0.09449767799435928,-0.9495874307125293,-0.23515016685205786,0.9495874307125286,0.09828371143277813,True,True,True,True,,-1,nan
16,12,0,0-1-2-3,0,12,0,1.5,7.5,6.0,0,15,16,1.0,PREREGISTERED_PRIMARY_ANALYSIS_COMPLETED,True,0.2,0.18899535598871856,-0.7376439663081894,0.33036707452725245,0.7376439663081896,0.45588137896912323,True,False,False,False,,-1,nan
16,12,0,0-1-2-3,0,12,0,1.5,7.5,6.0,0,15,16,1.0,PREREGISTERED_PRIMARY_ANALYSIS_COMPLETED,True,0.3,0.2834930339830778,-0.27161066436564923,0.4487208008898776,0.27161066436564935,0.9262276470028505,True,False,False,False,,-1,nan
16,12,0,0-1-2-3,0,12,0,1.5,7.5,6.0,0,15,16,1.0,PREREGISTERED_PRIMARY_ANALYSIS_COMPLETED,True,0.4,0.3779907119774371,0.09157513812738337,0.5902113459399333,-0.09157513812738335,0.9916139940769508,False,False,False,False,,-1,nan
16,12,1,1-2-3-4,1,11,1,2.5,7.5,5.0,0,15,16,1.0,PREREGISTERED_PRIMARY_ANALYSIS_COMPLETED,True,0.05,0.04724883899717964,-0.7218709497861562,-0.7472747497219132,0.7218709497861561,0.47890233185483266,True,False,False,False,,-1,nan
16,12,1,1-2-3-4,1,11,1,2.5,7.5,5.0,0,15,16,1.0,PREREGISTERED_PRIMARY_ANALYSIS_COMPLETED,True,0.1,0.09449767799435928,-0.5314800821758564,-0.44293659621801995,0.5314800821758562,0.7175289222503451,True,False,False,False,,-1,nan
16,12,1,1-2-3-4,1,11,1,2.5,7.5,5.0,0,15,16,1.0,PREREGISTERED_PRIMARY_ANALYSIS_COMPLETED,True,0.2,0.18899535598871856,-0.22095653053234154,0.07185761957730812,0.22095653053234135,0.9511782116151102,True,False,False,False,,-1,nan
16,12,1,1-2-3-4,1,11,1,2.5,7.5,5.0,0,15,16,1.0,PREREGISTERED_PRIMARY_ANALYSIS_COMPLETED,True,0.3,0.2834930339830778,0.24311572100948114,0.47541713014460507,-0.2431157210094811,0.9408947461980399,False,False,False,False,,-1,nan
16,12,1,1-2-3-4,1,11,1,2.5,7.5,5.0,0,15,16,1.0,PREREGISTERED_PRIMARY_ANALYSIS_COMPLETED,True,0.4,0.3779907119774371,0.5086291311913863,0.7032258064516129,-0.5086291311913864,0.7412964069034953,False,False,False,False,,-1,nan
16,12,2,2-3-4-5,2,10,2,3.5,7.5,4.0,0,15,16,1.0,PREREGISTERED_PRIMARY_ANALYSIS_COMPLETED,True,0.05,0.04724883899717964,-0.6032619029793685,-0.6258064516129032,0.6032619029793689,0.6360750764137105,True,False,False,False,,-1,nan
16,12,2,2-3-4-5,2,10,2,3.5,7.5,4.0,0,15,16,1.0,PREREGISTERED_PRIMARY_ANALYSIS_COMPLETED,True,0.1,0.09449767799435928,-0.42373470256777895,-0.7272525027808675,0.4237347025677793,0.8204489018397959,True,False,False,False,,-1,nan
16,12,2,2-3-4-5,2,10,2,3.5,7.5,4.0,0,15,16,1.0,PREREGISTERED_PRIMARY_ANALYSIS_COMPLETED,True,0.2,0.18899535598871856,0.09724137458954096,-0.17152391546162402,-0.09724137458954099,0.9905441150679363,False,False,False,False,,-1,nan
16,12,2,2-3-4-5,2,10,2,3.5,7.5,4.0,0,15,16,1.0,PREREGISTERED_PRIMARY_ANALYSIS_COMPLETED,True,0.3,0.2834930339830778,0.4532970130481601,0.5426028921023358,-0.4532970130481602,0.794521817961616,False,False,False,False,,-1,nan
16,12,2,2-3-4-5,2,10,2,3.5,7.5,4.0,0,15,16,1.0,PREREGISTERED_PRIMARY_ANALYSIS_COMPLETED,True,0.4,0.3779907119774371,0.6020108965496719,0.6729699666295884,-0.602010896549672,0.6375828804354602,False,False,False,False,,-1,nan
16,12,3,3-4-5-6,3,9,3,4.5,7.5,3.0,0,15,16,1.0,PREREGISTERED_PRIMARY_ANALYSIS_COMPLETED,True,0.05,0.04724883899717964,-0.5138151095804947,-0.7388209121245829,0.5138151095804948,0.735994033166784,True,False,False,False,,-1,nan
16,12,3,3-4-5-6,3,9,3,4.5,7.5,3.0,0,15,16,1.0,PREREGISTERED_PRIMARY_ANALYSIS_COMPLETED,True,0.1,0.09449767799435928,-0.3372237019679851,-0.7201334816462737,0.3372237019679851,0.8862801748310075,True,False,False,False,,-1,nan
16,12,3,3-4-5-6,3,9,3,4.5,7.5,3.0,0,15,16,1.0,PREREGISTERED_PRIMARY_ANALYSIS_COMPLETED,True,0.2,0.18899535598871856,0.16813804318919787,0.17285873192436038,-0.16813804318919778,0.9717295984325074,False,False,False,False,,-1,nan
16,12,3,3-4-5-6,3,9,3,4.5,7.5,3.0,0,15,16,1.0,PREREGISTERED_PRIMARY_ANALYSIS_COMPLETED,True,0.3,0.2834930339830778,0.4850767830193123,0.5813125695216907,-0.48507678301931206,0.764700514575635,False,False,False,False,,-1,nan
16,12,3,3-4-5-6,3,9,3,4.5,7.5,3.0,0,15,16,1.0,PREREGISTERED_PRIMARY_ANALYSIS_COMPLETED,True,0.4,0.3779907119774371,0.624037749741163,0.6751946607341489,-0.6240377497411629,0.6105768868979858,False,False,False,False,,-1,nan
16,12,4,4-5-6-7,4,8,4,5.5,7.5,2.0,0,15,16,1.0,PREREGISTERED_PRIMARY_ANALYSIS_COMPLETED,True,0.05,0.04724883899717964,0.31171497512690455,-0.5670745272525028,-0.3117149751269045,0.9028337742816335,False,False,False,False,,-1,nan
16,12,4,4-5-6-7,4,8,4,5.5,7.5,2.0,0,15,16,1.0,PREREGISTERED_PRIMARY_ANALYSIS_COMPLETED,True,0.1,0.09449767799435928,0.037456446433397066,-0.6636262513904337,-0.03745644643339707,0.9985970146205823,False,False,False,False,,-1,nan
16,12,4,4-5-6-7,4,8,4,5.5,7.5,2.0,0,15,16,1.0,PREREGISTERED_PRIMARY_ANALYSIS_COMPLETED,True,0.2,0.18899535598871856,-0.2887058430348987,-0.6186874304783093,0.2887058430348985,0.9166489361975086,True,False,False,False,,-1,nan
16,12,4,4-5-6-7,4,8,4,5.5,7.5,2.0,0,15,16,1.0,PREREGISTERED_PRIMARY_ANALYSIS_COMPLETED,True,0.3,0.2834930339830778,-0.45036063095558704,-0.19332591768631813,0.450360630955587,0.7971753020852854,True,False,False,False,,-1,nan
16,12,4,4-5-6-7,4,8,4,5.5,7.5,2.0,0,15,16,1.0,PREREGISTERED_PRIMARY_ANALYSIS_COMPLETED,True,0.4,0.3779907119774371,-0.4942687178738928,-0.1510567296996663,0.4942687178738927,0.7556984345312985,True,False,False,False,,-1,nan
16,12,5,5-6-7-8,5,7,5,6.5,7.5,1.0,0,15,16,1.0,PREREGISTERED_PRIMARY_ANALYSIS_COMPLETED,True,0.05,0.04724883899717964,-0.7116838856969927,-0.8077864293659621,0.7116838856969929,0.49350604683922966,True,False,False,False,,-1,nan
16,12,5,5-6-7-8,5,7,5,6.5,7.5,1.0,0,15,16,1.0,PREREGISTERED_PRIMARY_ANALYSIS_COMPLETED,True,0.1,0.09449767799435928,-0.48189767061938027,-0.7984427141268076,0.48189767061938016,0.7677746350516156,True,False,False,False,,-1,nan
16,12,5,5-6-7-8,5,7,5,6.5,7.5,1.0,0,15,16,1.0,PREREGISTERED_PRIMARY_ANALYSIS_COMPLETED,True,0.2,0.18899535598871856,-0.30380777306791684,-0.6654060066740823,0.3038077730679169,0.9077008370235132,True,False,False,False,,-1,nan
16,12,5,5-6-7-8,5,7,5,6.5,7.5,1.0,0,15,16,1.0,PREREGISTERED_PRIMARY_ANALYSIS_COMPLETED,True,0.3,0.2834930339830778,-0.17037123974629975,-0.2253615127919911,0.17037123974629975,0.9709736406673088,True,False,False,False,,-1,nan
16,12,5,5-6-7-8,5,7,5,6.5,7.5,1.0,0,15,16,1.0,PREREGISTERED_PRIMARY_ANALYSIS_COMPLETED,True,0.4,0.3779907119774371,-0.07171133377104097,0.14972191323692993,0.07171133377104102,0.9948574846087784,True,False,False,False,,-1,nan
16,12,6,6-7-8-9,6,6,6,7.5,7.5,0.0,0,15,16,1.0,PREREGISTERED_PRIMARY_ANALYSIS_COMPLETED,True,0.05,0.04724883899717964,-0.9013685707242083,-0.4682981090100112,0.901368570724209,0.1875346997105967,True,True,True,True,,-1,nan
16,12,6,6-7-8-9,6,6,6,7.5,7.5,0.0,0,15,16,1.0,PREREGISTERED_PRIMARY_ANALYSIS_COMPLETED,True,0.1,0.09449767799435928,-0.7361486292416372,-0.5719688542825361,0.7361486292416374,0.45808519566565864,True,False,False,False,,-1,nan
16,12,6,6-7-8-9,6,6,6,7.5,7.5,0.0,0,15,16,1.0,PREREGISTERED_PRIMARY_ANALYSIS_COMPLETED,True,0.2,0.18899535598871856,-0.3500674891019273,-0.15372636262513903,0.3500674891019273,0.8774527530738719,True,False,False,False,,-1,nan
16,12,6,6-7-8-9,6,6,6,7.5,7.5,0.0,0,15,16,1.0,PREREGISTERED_PRIMARY_ANALYSIS_COMPLETED,True,0.3,0.2834930339830778,-0.13349361512321467,0.058954393770856504,0.1334936151232146,0.982179454721335,True,False,False,False,,-1,nan
16,12,6,6-7-8-9,6,6,6,7.5,7.5,0.0,0,15,16,1.0,PREREGISTERED_PRIMARY_ANALYSIS_COMPLETED,True,0.4,0.3779907119774371,-0.05653356193269881,0.11412680756395997,0.05653356193269885,0.9968039563752018,True,False,False,False,,-1,nan
16,12,7,7-8-9-10,7,5,5,8.5,7.5,1.0,0,15,16,1.0,PREREGISTERED_PRIMARY_ANALYSIS_COMPLETED,True,0.05,0.04724883899717964,-0.7116838858007748,-0.8077864293659621,0.7116838858007745,0.49350604669150994,True,False,False,False,,-1,nan
16,12,7,7-8-9-10,7,5,5,8.5,7.5,1.0,0,15,16,1.0,PREREGISTERED_PRIMARY_ANALYSIS_COMPLETED,True,0.1,0.09449767799435928,-0.4818976706599994,-0.7984427141268076,0.48189767065999906,0.767774635012467,True,False,False,False,,-1,nan
16,12,7,7-8-9-10,7,5,5,8.5,7.5,1.0,0,15,16,1.0,PREREGISTERED_PRIMARY_ANALYSIS_COMPLETED,True,0.2,0.18899535598871856,-0.30380777308265583,-0.6654060066740823,0.30380777308265594,0.9077008370145577,True,False,False,False,,-1,nan
16,12,7,7-8-9-10,7,5,5,8.5,7.5,1.0,0,15,16,1.0,PREREGISTERED_PRIMARY_ANALYSIS_COMPLETED,True,0.3,0.2834930339830778,-0.17037123975514432,-0.2253615127919911,0.1703712397551442,0.9709736406642954,True,False,False,False,,-1,nan
16,12,7,7-8-9-10,7,5,5,8.5,7.5,1.0,0,15,16,1.0,PREREGISTERED_PRIMARY_ANALYSIS_COMPLETED,True,0.4,0.3779907119774371,-0.07171133377847821,0.14972191323692993,0.07171133377847821,0.9948574846077116,True,False,False,False,,-1,nan
16,12,8,8-9-10-11,8,4,4,9.5,7.5,2.0,0,15,16,1.0,PREREGISTERED_PRIMARY_ANALYSIS_COMPLETED,True,0.05,0.04724883899717964,0.31171497515449803,-0.5670745272525028,-0.311714975154498,0.9028337742644309,False,False,False,False,,-1,nan
16,12,8,8-9-10-11,8,4,4,9.5,7.5,2.0,0,15,16,1.0,PREREGISTERED_PRIMARY_ANALYSIS_COMPLETED,True,0.1,0.09449767799435928,0.037456446439955195,-0.6636262513904337,-0.03745644643995516,0.9985970146200909,False,False,False,False,,-1,nan
16,12,8,8-9-10-11,8,4,4,9.5,7.5,2.0,0,15,16,1.0,PREREGISTERED_PRIMARY_ANALYSIS_COMPLETED,True,0.2,0.18899535598871856,-0.28870584305102426,-0.6186874304783093,0.28870584305102415,0.9166489361881972,True,False,False,False,,-1,nan
16,12,8,8-9-10-11,8,4,4,9.5,7.5,2.0,0,15,16,1.0,PREREGISTERED_PRIMARY_ANALYSIS_COMPLETED,True,0.3,0.2834930339830778,-0.45036063097916124,-0.19332591768631813,0.450360630979161,0.7971753020640517,True,False,False,False,,-1,nan
16,12,8,8-9-10-11,8,4,4,9.5,7.5,2.0,0,15,16,1.0,PREREGISTERED_PRIMARY_ANALYSIS_COMPLETED,True,0.4,0.3779907119774371,-0.49426871790076793,-0.1510567296996663,0.4942687179007677,0.7556984345047314,True,False,False,False,,-1,nan
16,12,9,9-10-11-12,9,3,3,10.5,7.5,3.0,0,15,16,1.0,PREREGISTERED_PRIMARY_ANALYSIS_COMPLETED,True,0.05,0.04724883899717964,-0.5138151095810773,-0.7388209121245829,0.5138151095810776,0.7359940331661855,True,False,False,False,,-1,nan
16,12,9,9-10-11-12,9,3,3,10.5,7.5,3.0,0,15,16,1.0,PREREGISTERED_PRIMARY_ANALYSIS_COMPLETED,True,0.1,0.09449767799435928,-0.3372237019679191,-0.7201334816462737,0.33722370196791934,0.8862801748310519,True,False,False,False,,-1,nan
16,12,9,9-10-11-12,9,3,3,10.5,7.5,3.0,0,15,16,1.0,PREREGISTERED_PRIMARY_ANALYSIS_COMPLETED,True,0.2,0.18899535598871856,0.16813804317725722,0.17285873192436038,-0.1681380431772573,0.9717295984365226,False,False,False,False,,-1,nan
16,12,9,9-10-11-12,9,3,3,10.5,7.5,3.0,0,15,16,1.0,PREREGISTERED_PRIMARY_ANALYSIS_COMPLETED,True,0.3,0.2834930339830778,0.48507678300400886,0.5813125695216907,-0.48507678300400886,0.7647005145904817,False,False,False,False,,-1,nan
16,12,9,9-10-11-12,9,3,3,10.5,7.5,3.0,0,15,16,1.0,PREREGISTERED_PRIMARY_ANALYSIS_COMPLETED,True,0.4,0.3779907119774371,0.6240377497268571,0.6751946607341489,-0.6240377497268577,0.6105768869158399,False,False,False,False,,-1,nan
16,12,10,10-11-12-13,10,2,2,11.5,7.5,4.0,0,15,16,1.0,PREREGISTERED_PRIMARY_ANALYSIS_COMPLETED,True,0.05,0.04724883899717964,-0.6032619025999355,-0.6258064516129032,0.6032619025999357,0.636075076871506,True,False,False,False,,-1,nan
16,12,10,10-11-12-13,10,2,2,11.5,7.5,4.0,0,15,16,1.0,PREREGISTERED_PRIMARY_ANALYSIS_COMPLETED,True,0.1,0.09449767799435928,-0.42373470252222584,-0.7272525027808675,0.42373470252222556,0.8204489018784009,True,False,False,False,,-1,nan
16,12,10,10-11-12-13,10,2,2,11.5,7.5,4.0,0,15,16,1.0,PREREGISTERED_PRIMARY_ANALYSIS_COMPLETED,True,0.2,0.18899535598871856,0.09724137458941508,-0.17152391546162402,-0.09724137458941505,0.9905441150679608,False,False,False,False,,-1,nan
16,12,10,10-11-12-13,10,2,2,11.5,7.5,4.0,0,15,16,1.0,PREREGISTERED_PRIMARY_ANALYSIS_COMPLETED,True,0.3,0.2834930339830778,0.4532970130486218,0.5426028921023358,-0.45329701304862163,0.7945218179611975,False,False,False,False,,-1,nan
16,12,10,10-11-12-13,10,2,2,11.5,7.5,4.0,0,15,16,1.0,PREREGISTERED_PRIMARY_ANALYSIS_COMPLETED,True,0.4,0.3779907119774371,0.60201089655075,0.6729699666295884,-0.60201089655075,0.6375828804341624,False,False,False,False,,-1,nan
16,12,11,11-12-13-14,11,1,1,12.5,7.5,5.0,0,15,16,1.0,PREREGISTERED_PRIMARY_ANALYSIS_COMPLETED,True,0.05,0.04724883899717964,-0.7218709500991818,-0.7472747497219132,0.7218709500991816,0.4789023314029047,True,False,False,False,,-1,nan
16,12,11,11-12-13-14,11,1,1,12.5,7.5,5.0,0,15,16,1.0,PREREGISTERED_PRIMARY_ANALYSIS_COMPLETED,True,0.1,0.09449767799435928,-0.5314800822556214,-0.44293659621801995,0.531480082255621,0.7175289221655581,True,False,False,False,,-1,nan
16,12,11,11-12-13-14,11,1,1,12.5,7.5,5.0,0,15,16,1.0,PREREGISTERED_PRIMARY_ANALYSIS_COMPLETED,True,0.2,0.18899535598871856,-0.22095653053849246,0.07185761957730812,0.2209565305384924,0.9511782116123922,True,False,False,False,,-1,nan
16,12,11,11-12-13-14,11,1,1,12.5,7.5,5.0,0,15,16,1.0,PREREGISTERED_PRIMARY_ANALYSIS_COMPLETED,True,0.3,0.2834930339830778,0.24311572101344903,0.47541713014460507,-0.24311572101344897,0.9408947461961111,False,False,False,False,,-1,nan
16,12,11,11-12-13-14,11,1,1,12.5,7.5,5.0,0,15,16,1.0,PREREGISTERED_PRIMARY_ANALYSIS_COMPLETED,True,0.4,0.3779907119774371,0.508629131196027,0.7032258064516129,-0.508629131196027,0.7412964068987747,False,False,False,False,,-1,nan
16,12,12,12-13-14-15,12,0,0,13.5,7.5,6.0,0,15,16,1.0,PREREGISTERED_PRIMARY_ANALYSIS_COMPLETED,True,0.05,0.04724883899717964,-0.9846063999018814,-0.5279199110122358,0.984606399901881,0.03055023727225693,True,True,True,True,,-1,nan
16,12,12,12-13-14-15,12,0,0,13.5,7.5,6.0,0,15,16,1.0,PREREGISTERED_PRIMARY_ANALYSIS_COMPLETED,True,0.1,0.09449767799435928,-0.9495874309002833,-0.23515016685205786,0.9495874309002829,0.09828371107619992,True,True,True,True,,-1,nan
16,12,12,12-13-14-15,12,0,0,13.5,7.5,6.0,0,15,16,1.0,PREREGISTERED_PRIMARY_ANALYSIS_COMPLETED,True,0.2,0.18899535598871856,-0.7376439664349621,0.33036707452725245,0.7376439664349621,0.45588137878209634,True,False,False,False,,-1,nan
16,12,12,12-13-14-15,12,0,0,13.5,7.5,6.0,0,15,16,1.0,PREREGISTERED_PRIMARY_ANALYSIS_COMPLETED,True,0.3,0.2834930339830778,-0.27161066446020155,0.4487208008898776,0.2716106644602015,0.9262276469514877,True,False,False,False,,-1,nan
16,12,12,12-13-14-15,12,0,0,13.5,7.5,6.0,0,15,16,1.0,PREREGISTERED_PRIMARY_ANALYSIS_COMPLETED,True,0.4,0.3779907119774371,0.09157513804765044,0.5902113459399333,-0.09157513804765041,0.9916139940915535,False,False,False,False,,-1,nan
