{
  "title": "BuP Paper 9 \u2014 Poisson effective potential test",
  "description": "Couples the Paper 8 S_flux source to a discrete Poisson equation L_ent Phi = S_flux.",
  "mi_file": "results_mi_N20_full/MI_N20_lam0.57.csv",
  "label": "MI_N20_lam0.57",
  "lambda": 0.57,
  "N": 20,
  "k": 5,
  "amp": 0.15,
  "sigma": 0.15,
  "center": 12,
  "omega": -0.5,
  "chi": 0.5,
  "psi": 1.0,
  "normalize_components": true,
  "ridge": 1e-08,
  "source": {
    "definition": "S_flux = T00 + omega*Taa + chi*Tgrad + psi*||T0a||",
    "omega": -0.5,
    "chi": 0.5,
    "psi": 1.0,
    "S_flux_min": 0.43988038442141864,
    "S_flux_max": 1.6011753262161674,
    "S_flux_sum": 21.433794712701,
    "S_poisson_sum": 1.0000000000000002
  },
  "poisson": {
    "equation": "L_ent Phi = S_poisson",
    "Phi_min": -0.06093679610391695,
    "Phi_max": 0.043289984312454045,
    "Phi_mean": -1.0408340855860842e-18,
    "a_norm_min": 0.0036459937199326913,
    "a_norm_max": 0.0521177359172646,
    "a_norm_mean": 0.022937213033708433
  },
  "correlations": {
    "S_flux_pearson": 0.5097807049477091,
    "S_flux_pearson_p": 0.021667082169399464,
    "S_flux_spearman": 0.7413533834586465,
    "S_flux_spearman_p": 0.00018373904000045947,
    "S_poisson_pearson": 0.509780704947709,
    "S_poisson_pearson_p": 0.02166708216939953,
    "S_poisson_spearman": 0.7413533834586465,
    "S_poisson_spearman_p": 0.00018373904000045947,
    "Phi_pearson": 0.5875824229182938,
    "Phi_pearson_p": 0.006443742200114893,
    "Phi_spearman": 0.7383458646616541,
    "Phi_spearman_p": 0.0002014294307883675,
    "abs_Phi_pearson": -0.15707046861958718,
    "abs_Phi_pearson_p": 0.5083975175237877,
    "abs_Phi_spearman": -0.06917293233082707,
    "abs_Phi_spearman_p": 0.771985426525941,
    "a_norm_pearson": -0.4420128495421317,
    "a_norm_pearson_p": 0.05101888524837355,
    "a_norm_spearman": -0.5819548872180451,
    "a_norm_spearman_p": 0.007104437545100437,
    "r_ent_vs_Phi_pearson": -0.6261727553230618,
    "r_ent_vs_Phi_pearson_p": 0.003140253747401124,
    "r_ent_vs_Phi_spearman": -0.3408763624238192,
    "r_ent_vs_Phi_spearman_p": 0.14135665475471376,
    "r_ent_vs_a_norm_pearson": 0.7477162376668649,
    "r_ent_vs_a_norm_pearson_p": 0.00015064711729364863,
    "r_ent_vs_a_norm_spearman": 0.45249074658029104,
    "r_ent_vs_a_norm_spearman_p": 0.04515085285462331
  },
  "files": {
    "node_table": "node_table.csv",
    "summary_csv": "paper9_poisson_summary.csv",
    "figures_dir": "figures/"
  }
}
