q,epsilon,u,v,similarity,similarity_norm,length,ricci_curvature,baseline_ricci_curvature,delta_ricci_curvature
0,-0.2,0,1,0.15243936216405252,0.5530976070647202,1.807999143780396,0.2698697009507416,0.2685053756485606,0.001364325302181002
0,-0.2,1,2,0.1529532777435565,0.5549622532638497,1.8019243545282397,0.11006010387923937,0.1141189978299123,-0.004058893950672937
0,-0.2,1,3,0.05049094471718285,0.1831969138748888,5.45860723769033,0.5838287289620931,0.5791927477217831,0.004635981240310061
0,-0.2,1,4,0.044020761354172766,0.15972106823667645,6.260914800032447,0.44751370352077635,0.43766753080482645,0.009846172715949897
0,-0.2,2,3,0.26823386155122986,0.9732362091495295,1.0274997894641202,0.3497700474776565,0.3568154466886486,-0.00704539921099212
0,-0.2,2,4,0.08831978684531583,0.3204517656538042,3.120594445656251,0.4054128821070315,0.3999525595957143,0.005460322511317228
0,-0.2,3,4,0.1856069798932507,0.6734400811975785,1.4849131020263897,0.20038814620515,0.20425695878213157,-0.003868812576981573
0,-0.2,4,5,0.15088610716441364,0.5474619129023619,1.826611087333023,-0.48229528794102783,-0.4837979319384422,0.001502643997414399
0,-0.2,5,6,0.18719041711598194,0.6791852858900996,1.472352273782639,0.20428852984645451,0.20425695878213324,3.157106432127854e-05
0,-0.2,5,7,0.0911294347065017,0.33064604544253756,3.0243821566400326,0.39996014553109405,0.39995255959571385,7.585935380194364e-06
0,-0.2,5,8,0.045747976716701944,0.16598794491694108,6.024533893111282,0.43766345822043007,0.437667530804822,-4.072584391945355e-06
0,-0.2,6,7,0.27561023627103665,1.0,1.0,0.35681776322685854,0.35681544668864906,2.316538209479191e-06
0,-0.2,6,8,0.05233105526365045,0.18987340953544193,5.266666893730263,0.5791934429024068,0.579192747721785,6.951806218458145e-07
0,-0.2,7,8,0.15521131692269385,0.5631551245072703,1.775709669471524,0.11411997512772887,0.11411899782991253,9.772978163402612e-07
0,-0.2,8,9,0.15246617394451611,0.5531948885765623,1.807681199971174,0.26850304158103044,0.2685053756485595,-2.334067529030648e-06
1,-0.2,0,1,0.1536676389986118,0.5575525098606301,1.7935530417573895,0.2665729069497679,0.2685053756485606,-0.0019324686987927109
1,-0.2,1,2,0.1530770341762433,0.5554096175562178,1.8004729633598422,0.11216722777591503,0.1141189978299123,-0.0019517700539972704
1,-0.2,1,3,0.05220252794996916,0.1894065052944422,5.27964970604071,0.575576576375238,0.5791927477217831,-0.0036161713465451273
1,-0.2,1,4,0.0447337653232136,0.16230758339235943,6.161141575145124,0.4439949227657871,0.43766753080482645,0.00632739196096066
1,-0.2,2,3,0.2751868654119407,0.9984608892994903,1.0015414832138188,0.358700451086695,0.3568154466886486,0.001885004398046397
1,-0.2,2,4,0.09044043093865439,0.32814514227799957,3.047431977989835,0.4004436823655013,0.3999525595957143,0.0004911227697870224
1,-0.2,3,4,0.1856896512950783,0.6737380219374061,1.4842564430672809,0.2017423949235232,0.20425695878213157,-0.0025145638586083763
1,-0.2,4,5,0.15037547422284914,0.5456075437925446,1.8328192331230453,-0.4825704853781705,-0.4837979319384422,0.0012274465602717388
1,-0.2,5,6,0.18716013814230315,0.6790733914252829,1.4725948809467202,0.20472694576084582,0.20425695878213324,0.00046998697871258877
1,-0.2,5,7,0.09114900647221869,0.3307160678791157,3.0237418049053573,0.4000071088326571,0.39995255959571385,5.454923694325764e-05
1,-0.2,5,8,0.04578692804812268,0.16612877518258415,6.019426790457873,0.43729371990298416,0.437667530804822,-0.0003738109018378566
1,-0.2,6,7,0.2756110613456366,1.0,1.0,0.3568914409587167,0.35681544668864906,7.599427006765858e-05
1,-0.2,6,8,0.05233364602471191,0.1898822411887223,5.266421934666911,0.5792106564117165,0.579192747721785,1.7908689931567245e-05
1,-0.2,7,8,0.15521134260657488,0.563153531824067,1.7757146914465358,0.11419009062498198,0.11411899782991253,7.109279506944954e-05
1,-0.2,8,9,0.15246617394451678,0.5531932325216546,1.8076866114967436,0.2684018541987556,0.2685053756485595,-0.00010352144980385614
2,-0.2,0,1,0.15001042336425097,0.5443588796609261,1.8370234001195804,0.27000892026784173,0.2685053756485606,0.0015035446192811497
2,-0.2,1,2,0.15424693321883964,0.5597323564260477,1.786568149079516,0.11520993731980578,0.1141189978299123,0.0010909394898934721
2,-0.2,1,3,0.05199620566073415,0.18868419690655727,5.299860912544962,0.5798693875012404,0.5791927477217831,0.0006766397794573109
2,-0.2,1,4,0.04549903972060676,0.16510723543401382,6.056669759937059,0.437782215252554,0.43766753080482645,0.00011468444772755326
2,-0.2,2,3,0.2744358933693827,0.9958749005764362,1.0041421863541053,0.3567683187533416,0.3568154466886486,-4.7127935307034186e-05
2,-0.2,2,4,0.09052235269636677,0.3284881503094842,3.044249842978667,0.40069645893878736,0.3999525595957143,0.0007438993430730623
2,-0.2,3,4,0.18603040038450347,0.6750684256805776,1.4813313168836761,0.2044091483111098,0.20425695878213157,0.00015218952897821936
2,-0.2,4,5,0.14980701068880964,0.5436207343132312,1.8395177683267054,-0.4830644053721955,-0.4837979319384422,0.0007335265662467005
2,-0.2,5,6,0.18646918754418973,0.6766606996126124,1.4778455444102176,0.20492964266835356,0.20425695878213324,0.0006726838862203266
2,-0.2,5,7,0.09087491479098508,0.32976753011878795,3.032439244821292,0.40055090423892536,0.39995255959571385,0.0005983446432115125
2,-0.2,5,8,0.045867220697796585,0.16644329315427542,6.008052238386711,0.4358277134927929,0.437667530804822,-0.0018398173120290906
2,-0.2,6,7,0.27557265798197406,1.0,1.0,0.35719822181669336,0.35681544668864906,0.00038277512804429925
2,-0.2,6,8,0.05241159263238648,0.19019155607162908,5.257856976696613,0.5788045598186786,0.579192747721785,-0.00038818790310635176
2,-0.2,7,8,0.15521789008729603,0.5632557715412,1.775392371504273,0.11468381257316218,0.11411899782991253,0.0005648147432496531
2,-0.2,8,9,0.15246630736954025,0.5532708088170107,1.807433148584459,0.26794107589474536,0.2685053756485595,-0.0005642997538141126
3,-0.2,0,1,0.1511885484446447,0.5506117751097117,1.8161616681749055,0.26882354067860026,0.2685053756485606,0.00031816503003967433
3,-0.2,1,2,0.15383893306363783,0.5602641793083114,1.784872274423426,0.11436891984786901,0.1141189978299123,0.0002499220179567052
3,-0.2,1,3,0.05182478618686548,0.18874007198686105,5.298291928539765,0.5801171279292501,0.5791927477217831,0.0009243802074669905
3,-0.2,1,4,0.045395774929035904,0.16532633240611536,6.04864322244537,0.43809854239515367,0.43766753080482645,0.0004310115903272127
3,-0.2,2,3,0.27444374719317954,0.9994934164284592,1.0005068403285247,0.3564025294600671,0.3568154466886486,-0.0004129172285814997
3,-0.2,2,4,0.09038187355999705,0.3291606695783066,3.0380300334214208,0.40158488793967284,0.3999525595957143,0.0016323283439585445
3,-0.2,3,4,0.1861137527445007,0.6778054609638615,1.475349576821006,0.20420256348396082,0.20425695878213157,-5.439529817075073e-05
3,-0.2,4,5,0.14990240510627006,0.5459277849935735,1.8317441014872904,-0.48160314006908256,-0.4837979319384422,0.002194791869359669
3,-0.2,5,6,0.1858084387629253,0.676693541608259,1.477773820071279,0.20176646437684498,0.20425695878213324,-0.002490494405288257
3,-0.2,5,7,0.08985672032402592,0.32724812025868305,3.0557853142426614,0.4032419534617554,0.39995255959571385,0.0032893938660415456
3,-0.2,5,8,0.04513480817811488,0.16437592070200507,6.0836161143875005,0.44283022441721376,0.437667530804822,0.005162693612391744
3,-0.2,6,7,0.27458284635216845,1.0,1.0,0.35604414647912686,0.35681544668864906,-0.0007713002095222077
3,-0.2,6,8,0.0525954949074936,0.1915469069034153,5.220653343696306,0.5766816414641396,0.579192747721785,-0.00251110625764539
3,-0.2,7,8,0.15534753670691215,0.5657583449611048,1.7675391072998645,0.11399835853718521,0.11411899782991253,-0.00012063929272732032
3,-0.2,8,9,0.15250234428232146,0.5553964725339336,1.8005155766251324,0.2691407834242868,0.2685053756485595,0.000635407775727348
4,-0.2,0,1,0.15291610996146643,0.5574879904739297,1.7937606138383062,0.26813384438427956,0.2685053756485606,-0.000371531264281022
4,-0.2,1,2,0.15415717451935507,0.5620125535601872,1.7793196854150122,0.11280043393216688,0.1141189978299123,-0.0013185638977454284
4,-0.2,1,3,0.05178966495044457,0.18881016688050056,5.296324962378259,0.5802948131945789,0.5791927477217831,0.001102065472795788
4,-0.2,1,4,0.0451789861889893,0.16470954060037177,6.071293723210973,0.44053691329020017,0.43766753080482645,0.002869382485373717
4,-0.2,2,3,0.274294895270246,1.0,1.0,0.35571659507897035,0.3568154466886486,-0.0010988516096782641
4,-0.2,2,4,0.09024637985150141,0.32901224706565235,3.039400535751048,0.40183827286717144,0.3999525595957143,0.0018857132714571456
4,-0.2,3,4,0.1861129002278077,0.678513903966175,1.473809149900415,0.2035809595349758,0.20425695878213157,-0.0006759992471557785
4,-0.2,4,5,0.1499209744073684,0.5465685909307952,1.8295965348045709,-0.4816042486703884,-0.4837979319384422,0.002193683268053803
4,-0.2,5,6,0.18603142381638582,0.6782168644921388,1.4744546359059034,0.20400134946578752,0.20425695878213324,-0.0002556093163457174
4,-0.2,5,7,0.09017932590362943,0.32876778772999493,3.0416605194340502,0.4015648924464862,0.39995255959571385,0.0016123328507723356
4,-0.2,5,8,0.04522011911246282,0.1648594993643983,6.065771180037634,0.44062178848272726,0.437667530804822,0.0029542576779052476
4,-0.2,6,7,0.2738796607367473,0.9984861747678915,1.0015161203733847,0.3544062581911065,0.35681544668864906,-0.0024091884975425693
4,-0.2,6,8,0.05157503795258833,0.18802769880851994,5.318365359660977,0.5826920146289212,0.579192747721785,0.0034992669071362004
4,-0.2,7,8,0.15485106677929594,0.5645422844152118,1.7713465007069622,0.11207446231104645,0.11411899782991253,-0.002044535518866075
4,-0.2,8,9,0.1533588319871586,0.5591020271670151,1.788582318449151,0.26871777998545543,0.2685053756485595,0.00021240433689595495
5,-0.2,0,1,0.1533588319871586,0.5591020271670146,1.7885823184491523,0.26871777998545476,0.2685053756485606,0.0002124043368941786
5,-0.2,1,2,0.1548510667792966,0.5645422844152138,1.7713465007069558,0.11207446231104679,0.1141189978299123,-0.00204453551886552
5,-0.2,1,3,0.051575037952588554,0.1880276988085206,5.318365359660958,0.5826920146289204,0.5791927477217831,0.0034992669071373106
5,-0.2,1,4,0.045220119112463264,0.1648594993643998,6.065771180037579,0.4406217884827235,0.43766753080482645,0.002954257677897032
5,-0.2,2,3,0.2738796607367465,0.9984861747678878,1.0015161203733884,0.3544062581911065,0.3568154466886486,-0.002409188497542125
5,-0.2,2,4,0.09017932590362965,0.3287677877299955,3.0416605194340454,0.40156489244648563,0.3999525595957143,0.0016123328507713364
5,-0.2,3,4,0.18603142381638627,0.6782168644921399,1.474454635905901,0.20400134946578852,0.20425695878213157,-0.00025560931634305284
5,-0.2,4,5,0.14992097440736818,0.546568590930794,1.829596534804575,-0.4816042486703882,-0.4837979319384422,0.0021936832680540252
5,-0.2,5,6,0.18611290022780802,0.6785139039661756,1.4738091499004133,0.20358095953497524,0.20425695878213324,-0.000675999247157999
5,-0.2,5,7,0.09024637985150141,0.32901224706565213,3.0394005357510503,0.40183827286717233,0.39995255959571385,0.0018857132714584779
5,-0.2,5,8,0.0451789861889893,0.16470954060037163,6.071293723210978,0.44053691329020106,0.437667530804822,0.002869382485379046
5,-0.2,6,7,0.2742948952702462,1.0,1.0,0.3557165950789706,0.35681544668864906,-0.0010988516096784862
5,-0.2,6,8,0.05178966495044479,0.18881016688050123,5.2963249623782405,0.5802948131945778,0.579192747721785,0.0011020654727927903
5,-0.2,7,8,0.1541571745193553,0.5620125535601876,1.7793196854150108,0.11280043393216721,0.11411899782991253,-0.0013185638977453173
5,-0.2,8,9,0.1529161099614662,0.5574879904739284,1.7937606138383106,0.2681338443842799,0.2685053756485595,-0.0003715312642795787
6,-0.2,0,1,0.15250234428232146,0.5553964725339328,1.8005155766251353,0.2691407834242878,0.2685053756485606,0.0006354077757272369
6,-0.2,1,2,0.15534753670691215,0.5657583449611039,1.7675391072998674,0.11399835853718365,0.1141189978299123,-0.00012063929272865259
6,-0.2,1,3,0.05259549490749316,0.1915469069034134,5.220653343696357,0.5766816414641427,0.5791927477217831,-0.002511106257640394
6,-0.2,1,4,0.04513480817811466,0.164375920702004,6.0836161143875405,0.44283022441721664,0.43766753080482645,0.00516269361239019
6,-0.2,2,3,0.2745828463521689,1.0,1.0,0.3560441464791271,0.3568154466886486,-0.0007713002095215415
6,-0.2,2,4,0.08985672032402658,0.327248120258685,3.055785314242643,0.40324195346175185,0.3999525595957143,0.003289393866037549
6,-0.2,3,4,0.1858084387629253,0.6766935416082579,1.4777738200712816,0.20176646437684587,0.20425695878213157,-0.0024904944052857036
6,-0.2,4,5,0.14990240510627006,0.5459277849935726,1.8317441014872933,-0.48160314006908167,-0.4837979319384422,0.0021947918693605573
6,-0.2,5,6,0.18611375274450093,0.6778054609638613,1.4753495768210065,0.20420256348395982,0.20425695878213324,-5.439529817341526e-05
6,-0.2,5,7,0.09038187355999683,0.32916066957830525,3.038030033421433,0.40158488793967395,0.39995255959571385,0.0016323283439600988
6,-0.2,5,8,0.04539577492903568,0.1653263324061143,6.048643222445409,0.4380985423951558,0.437667530804822,0.000431011590333763
6,-0.2,6,7,0.274443747193179,0.9994934164284556,1.0005068403285282,0.35640252946006723,0.35681544668864906,-0.0004129172285818328
6,-0.2,6,8,0.0518247861868657,0.18874007198686155,5.298291928539751,0.5801171279292476,0.579192747721785,0.0009243802074626606
6,-0.2,7,8,0.1538389330636376,0.5602641793083097,1.7848722744234313,0.11436891984786868,0.11411899782991253,0.0002499220179561501
6,-0.2,8,9,0.15118854844464513,0.5506117751097124,1.8161616681749033,0.2688235406785997,0.2685053756485595,0.00031816503004022945
7,-0.2,0,1,0.15246630736954003,0.5532708088170097,1.8074331485844624,0.26794107589474603,0.2685053756485606,-0.0005642997538145567
7,-0.2,1,2,0.1552178900872958,0.563255771541199,1.775392371504276,0.11468381257316207,0.1141189978299123,0.0005648147432497641
7,-0.2,1,3,0.05241159263238626,0.19019155607162821,5.257856976696637,0.5788045598186798,0.5791927477217831,-0.00038818790310324314
7,-0.2,1,4,0.045867220697796585,0.16644329315427536,6.008052238386713,0.4358277134927928,0.43766753080482645,-0.0018398173120336425
7,-0.2,2,3,0.27557265798197417,1.0,1.0,0.3571982218166927,0.3568154466886486,0.0003827751280440772
7,-0.2,2,4,0.09087491479098508,0.32976753011878784,3.032439244821293,0.40055090423892625,0.3999525595957143,0.0005983446432119566
7,-0.2,3,4,0.18646918754419017,0.6766606996126138,1.4778455444102148,0.204929642668354,0.20425695878213157,0.000672683886222436
7,-0.2,4,5,0.14980701068880964,0.543620734313231,1.8395177683267063,-0.4830644053721962,-0.4837979319384422,0.0007335265662460344
7,-0.2,5,6,0.18603040038450314,0.6750684256805761,1.4813313168836792,0.20440914831111057,0.20425695878213324,0.00015218952897733118
7,-0.2,5,7,0.09052235269636677,0.32848815030948403,3.0442498429786684,0.400696458938787,0.39995255959571385,0.0007438993430731733
7,-0.2,5,8,0.045499039720607204,0.16510723543401537,6.0566697599370025,0.4377822152525499,0.437667530804822,0.00011468444772788633
7,-0.2,6,7,0.2744358933693827,0.9958749005764358,1.0041421863541058,0.3567683187533418,0.35681544668864906,-4.712793530725623e-05
7,-0.2,6,8,0.051996205660734374,0.188684196906558,5.2998609125449425,0.5798693875012404,0.579192747721785,0.0006766397794554235
7,-0.2,7,8,0.1542469332188403,0.5597323564260499,1.7865681490795091,0.11520993731980733,0.11411899782991253,0.0010909394898948044
7,-0.2,8,9,0.15001042336424986,0.5443588796609219,1.8370234001195946,0.27000892026784207,0.2685053756485595,0.001503544619282593
8,-0.2,0,1,0.15246617394451634,0.553193232521653,1.807686611496749,0.26840185419875695,0.2685053756485606,-0.00010352144980363409
8,-0.2,1,2,0.1552113426065751,0.5631535318240679,1.775714691446533,0.11419009062498098,0.1141189978299123,7.109279506867239e-05
8,-0.2,1,3,0.05233364602471191,0.1898822411887223,5.266421934666911,0.5792106564117169,0.5791927477217831,1.790868993378769e-05
8,-0.2,1,4,0.045786928048122455,0.16612877518258334,6.019426790457902,0.43729371990298727,0.43766753080482645,-0.00037381090183918886
8,-0.2,2,3,0.2756110613456366,1.0,1.0,0.35689144095871783,0.3568154466886486,7.599427006921289e-05
8,-0.2,2,4,0.09114900647221935,0.3307160678791181,3.0237418049053355,0.4000071088326532,0.3999525595957143,5.454923693892777e-05
8,-0.2,3,4,0.18716013814230303,0.6790733914252824,1.472594880946721,0.2047269457608466,0.20425695878213157,0.00046998697871503126
8,-0.2,4,5,0.15037547422284847,0.5456075437925422,1.8328192331230535,-0.48257048537817093,-0.4837979319384422,0.0012274465602712947
8,-0.2,5,6,0.1856896512950782,0.6737380219374057,1.4842564430672816,0.20174239492352397,0.20425695878213324,-0.0025145638586092645
8,-0.2,5,7,0.09044043093865439,0.32814514227799957,3.047431977989835,0.4004436823655009,0.39995255959571385,0.0004911227697870224
8,-0.2,5,8,0.044733765323213825,0.16230758339236023,6.161141575145094,0.44399492276578356,0.437667530804822,0.006327391960961548
8,-0.2,6,7,0.2751868654119397,0.9984608892994866,1.0015414832138225,0.3587004510866957,0.35681544668864906,0.0018850043980466191
8,-0.2,6,8,0.05220252794996916,0.1894065052944422,5.27964970604071,0.5755765763752367,0.579192747721785,-0.003616171346548236
8,-0.2,7,8,0.15307703417624285,0.5554096175562161,1.8004729633598475,0.11216722777591526,0.11411899782991253,-0.0019517700539972704
8,-0.2,8,9,0.1536676389986118,0.5575525098606301,1.7935530417573895,0.2665729069497662,0.2685053756485595,-0.001932468698793266
9,-0.2,0,1,0.15246617394451611,0.5531948885765623,1.807681199971174,0.26850304158102956,0.2685053756485606,-2.3340675310290493e-06
9,-0.2,1,2,0.1552113169226934,0.5631551245072688,1.7757096694715289,0.11411997512772909,0.1141189978299123,9.772978167843505e-07
9,-0.2,1,3,0.05233105526365023,0.1898734095354411,5.266666893730286,0.5791934429024079,0.5791927477217831,6.951806248434167e-07
9,-0.2,1,4,0.045747976716702166,0.16598794491694188,6.024533893111252,0.4376634582204272,0.43766753080482645,-4.072584399272827e-06
9,-0.2,2,3,0.27561023627103665,1.0,1.0,0.35681776322685876,0.3568154466886486,2.3165382101453247e-06
9,-0.2,2,4,0.09112943470650192,0.3306460454425384,3.024382156640025,0.39996014553109305,0.3999525595957143,7.585935378751074e-06
9,-0.2,3,4,0.18719041711598194,0.6791852858900996,1.472352273782639,0.2042885298464555,0.20425695878213157,3.1571064323943077e-05
9,-0.2,4,5,0.1508861071644143,0.5474619129023642,1.8266110873330152,-0.48229528794102916,-0.4837979319384422,0.0015026439974130668
9,-0.2,5,6,0.1856069798932518,0.6734400811975825,1.4849131020263808,0.2003881462051499,0.20425695878213324,-0.0038688125769833492
9,-0.2,5,7,0.08831978684531627,0.3204517656538058,3.1205944456562356,0.4054128821070303,0.39995255959571385,0.005460322511316451
9,-0.2,5,8,0.044020761354172544,0.15972106823667565,6.260914800032479,0.4475137035207799,0.437667530804822,0.00984617271595789
9,-0.2,6,7,0.26823386155122964,0.9732362091495287,1.0274997894641211,0.3497700474776553,0.35681544668864906,-0.007045399210993786
9,-0.2,6,8,0.05049094471718263,0.18319691387488798,5.458607237690354,0.5838287289620945,0.579192747721785,0.004635981240309506
9,-0.2,7,8,0.15295327774355671,0.5549622532638505,1.8019243545282373,0.11006010387923781,0.11411899782991253,-0.0040588939506747135
9,-0.2,8,9,0.15243936216405296,0.5530976070647218,1.8079991437803908,0.26986970095074214,0.2685053756485595,0.0013643253021826673
0,-0.1,0,1,0.1524605856648915,0.553174621182143,1.8077474303918426,0.26883475166534,0.2685053756485606,0.00032937601677940354
0,-0.1,1,2,0.15464244787373782,0.5610910987136085,1.782241782649307,0.11310121662878558,0.1141189978299123,-0.0010177812011267218
0,-0.1,1,3,0.051865443844084425,0.1881840288476733,5.313947236242115,0.5803438743055412,0.5791927477217831,0.0011511265837581552
0,-0.1,1,4,0.04531061870879194,0.1644010760581538,6.0826852474266575,0.4401201640735395,0.43766753080482645,0.0024526332687130337
0,-0.1,2,3,0.2737394728790139,0.9932123017373282,1.0068340859761793,0.35504523570878443,0.3568154466886486,-0.001770210979864184
0,-0.1,2,4,0.09041833606770155,0.32806596264891824,3.0481674841414623,0.40131086657447224,0.3999525595957143,0.0013583069787579394
0,-0.1,3,4,0.18679150286080404,0.6777379109784096,1.4754966245821484,0.20329041122116986,0.20425695878213157,-0.0009665475609617058
0,-0.1,4,5,0.15091860290612957,0.5475798261423128,1.8262177535738977,-0.48343145300290136,-0.4837979319384422,0.0003664789355408704
0,-0.1,5,6,0.18718988521106428,0.6791833665676676,1.4723564345422895,0.20426485652336746,0.20425695878213324,7.897741234219602e-06
0,-0.1,5,7,0.09112829653366283,0.3306419209538119,3.0244198833447142,0.3999544384161964,0.39995255959571385,1.878820482525967e-06
0,-0.1,5,8,0.04574717396619765,0.1659850348766728,6.024639514899653,0.4376664831849566,0.437667530804822,-1.0476198654130187e-06
0,-0.1,6,7,0.27561023197174306,1.0,1.0,0.35681603132245077,0.35681544668864906,5.846338017034824e-07
0,-0.1,6,8,0.05233104813180556,0.1898733866207507,5.266667529333008,0.5791929232434723,0.579192747721785,1.7552168729562112e-07
0,-0.1,7,8,0.1552113169226932,0.563155133292026,1.7757096417719174,0.11411924473198776,0.11411899782991253,2.469020752293716e-07
0,-0.1,8,9,0.15246617394451611,0.5531948972059488,1.8076811717728303,0.26850478613399187,0.2685053756485595,-5.895145676060309e-07
1,-0.1,0,1,0.1527733434971954,0.554308982487103,1.8040479797263014,0.26801372771365095,0.2685053756485606,-0.0004916479349096337
1,-0.1,1,2,0.15467251121880854,0.56119975088453,1.7818967282573788,0.1136237163324414,0.1141189978299123,-0.0004952814974709119
1,-0.1,1,3,0.05229845021683488,0.18975496681381684,5.26995428257315,0.5782898240661363,0.5791927477217831,-0.0009029236556468145
1,-0.1,1,4,0.045491380953623484,0.1650568123410818,6.058520007847656,0.4392514606805191,0.43766753080482645,0.001583929875692669
1,-0.1,2,3,0.2755036150135335,0.9996123997408869,1.0003877505513272,0.35728686457742054,0.3568154466886486,0.0004714178887719189
1,-0.1,2,4,0.0909552271220262,0.33001371995775725,3.0301770487845263,0.4000762279895633,0.3999525595957143,0.00012366839384903017
1,-0.1,3,4,0.18681278678003954,0.6778146199145327,1.4753296412020331,0.20362686117130135,0.20425695878213157,-0.0006300976108302159
1,-0.1,4,5,0.15079033052296098,0.5471139975581597,1.8277726478633867,-0.48349103357681833,-0.4837979319384422,0.0003068983616238974
1,-0.1,5,6,0.18718233524697125,0.6791554561494112,1.4724169421676625,0.20437511661270946,0.20425695878213324,0.00011815783057622653
1,-0.1,5,7,0.09113327601703736,0.33065973646539754,3.024256931580319,0.3999660139702247,0.39995255959571385,1.3454374510835088e-05
1,-0.1,5,8,0.04575702653714875,0.16602065675094632,6.023346850748438,0.43757288235331937,0.437667530804822,-9.464845150264356e-05
1,-0.1,6,7,0.27561044169214766,1.0,1.0,0.356834616475301,0.35681544668864906,1.9169786651951348e-05
1,-0.1,6,8,0.05233170259779296,0.18987561674548825,5.266605671334898,0.5791972689344502,0.579192747721785,4.521212665253849e-06
1,-0.1,7,8,0.15521132340830412,0.5631547283018857,1.7757109187653632,0.11413696351427616,0.11411899782991253,1.7965684363629997e-05
1,-0.1,8,9,0.15246617394451611,0.5531944762630522,1.8076825472937028,0.26847921866706004,0.2685053756485595,-2.6156981499436682e-05
2,-0.1,0,1,0.15184662405481242,0.5509656637634678,1.8149951363018237,0.26888272430961435,0.2685053756485606,0.00037734866105376685
2,-0.1,1,2,0.15496876366429646,0.5622941455984057,1.7784286175268251,0.11439248044067274,0.1141189978299123,0.0002734826107604338
2,-0.1,1,3,0.05224687953080931,0.18957442642828368,5.274973100753659,0.579361805633612,0.5791927477217831,0.00016905791182886265
2,-0.1,1,4,0.045684488950590074,0.165763216238978,6.032701480395488,0.43769719561541776,0.43766753080482645,2.9664810591301105e-05
2,-0.1,2,3,0.2753144857575922,0.9989608220356228,1.001040258978585,0.3568036869885717,0.3568154466886486,-1.1759700076940938e-05
2,-0.1,2,4,0.09097566755124897,0.330099331287108,3.029391171744718,0.4001384764340089,0.3999525595957143,0.0001859168382946086
2,-0.1,3,4,0.1868983129349766,0.6781484519887696,1.4746033808192787,0.2042946494824841,0.20425695878213157,3.769070035253286e-05
2,-0.1,4,5,0.1506474499693784,0.5466145380794973,1.8294427431686133,-0.4836156124775508,-0.4837979319384422,0.00018231946089142248
2,-0.1,5,6,0.18700882013463604,0.6785494202222749,1.4737320086021535,0.20442655871147986,0.20425695878213324,0.00016959992934661994
2,-0.1,5,7,0.09106455816923797,0.33042186515078464,3.026434099764131,0.4001025729339861,0.39995255959571385,0.00015001333827224794
2,-0.1,5,8,0.04577760266074282,0.16610107331969431,6.02043069327615,0.4372007981571543,0.437667530804822,-0.0004667326476677225
2,-0.1,6,7,0.27560088412333605,1.0,1.0,0.35691201598730804,0.35681544668864906,9.656929865897723e-05
2,-0.1,6,8,0.052351410790332675,0.1899537113491426,5.264440441292351,0.5790945746246542,0.579192747721785,-9.81730971307826e-05
2,-0.1,7,8,0.15521297753394614,0.5631802598444703,1.7756304176502267,0.11426187360885531,0.11411899782991253,0.00014287577894278591
2,-0.1,8,9,0.1524662076365697,0.5532137827552778,1.8076194613581504,0.26836256793141566,0.2685053756485595,-0.00014280771714381135
3,-0.1,0,1,0.1521441186063739,0.5525434015202585,1.8098125816879127,0.26858579689939543,0.2685053756485606,8.042125083485008e-05
3,-0.1,1,2,0.15486638916997486,0.5624299002613774,1.7779993551823456,0.11418228231882177,0.1141189978299123,6.328448890946525e-05
3,-0.1,1,3,0.05220376955143635,0.1895889809237879,5.2745681480401325,0.579424295702488,0.5791927477217831,0.0002315479807049048
3,-0.1,1,4,0.04565865996849139,0.1658190373636315,6.030670638902928,0.437775075848003,0.43766753080482645,0.0001075450431765601
3,-0.1,2,3,0.27531643656686744,0.9998696088191763,1.000130408184901,0.35671200713854634,0.3568154466886486,-0.00010343955010228001
3,-0.1,2,4,0.09094017965082779,0.33026841036907945,3.0278402917266183,0.4003613675867643,0.3999525595957143,0.00040880799105003085
3,-0.1,3,4,0.1869189406635372,0.6788354898555204,1.4731109597891447,0.20424315559809547,0.20425695878213157,-1.3803184036098592e-05
3,-0.1,4,5,0.15067136327007935,0.5471947804195727,1.8275028121306818,-0.4832482435403098,-0.4837979319384422,0.0005496883981324086
3,-0.1,5,6,0.18684267783334751,0.6785585253301181,1.473712233610949,0.20363101108377446,0.20425695878213324,-0.0006259476983587753
3,-0.1,5,7,0.0908080691502593,0.32978862326965486,3.032245291197751,0.4007757297309259,0.39995255959571385,0.000823170135212048
3,-0.1,5,8,0.04559312115641534,0.16558101936801123,6.03933955604812,0.4389627202408216,0.437667530804822,0.0012951894359995997
3,-0.1,6,7,0.2753523400836335,1.0,1.0,0.3566237495394151,0.35681544668864906,-0.0001916971492339492
3,-0.1,6,8,0.05239819284090763,0.19029507003642165,5.254996883569313,0.5785580917169337,0.579192747721785,-0.0006346560048512417
3,-0.1,7,8,0.15524578393419586,0.5638077522313507,1.7736542217490898,0.11408906826106457,0.11411899782991253,-2.9929568847952837e-05
3,-0.1,8,9,0.1524753081819188,0.5537461861976806,1.8058815120092084,0.2686640365116596,0.2685053756485595,0.00015866086310012406
4,-0.1,0,1,0.15257980504272073,0.5542721339233027,1.8041679146337435,0.2684103301683951,0.2685053756485606,-9.504548016547876e-05
4,-0.1,1,2,0.15494660859576292,0.5628699510168207,1.7766093183576541,0.11378776087502818,0.1141189978299123,-0.00033123695488412874
4,-0.1,1,3,0.0521948877927747,0.1896068213528549,5.274071854930884,0.5794685692771608,0.5791927477217831,0.0002758215553777532
4,-0.1,1,4,0.04560401156592042,0.1656643406971741,6.036302053849649,0.4383859880928156,0.43766753080482645,0.0007184572879891382
4,-0.1,2,3,0.2752795886791486,1.0,1.0,0.3565399391828835,0.3568154466886486,-0.00027550750576510463
4,-0.1,2,4,0.09090601069314053,0.3302315697626815,3.028178077337193,0.40042532337774395,0.3999525595957143,0.0004727637820296504
4,-0.1,3,4,0.18691871271193983,0.6790140656952319,1.4727235421494775,0.20408766675506473,0.20425695878213157,-0.00016929202706683633
4,-0.1,4,5,0.15067575501399122,0.5473553478373253,1.826966711755233,-0.48324696728034966,-0.4837979319384422,0.0005509646580925676
4,-0.1,5,6,0.18689858771402368,0.6789409582119902,1.4728821231135145,0.20419208031790925,0.20425695878213324,-6.487846422398302e-05
4,-0.1,5,7,0.09088906342760739,0.3301700059336506,3.0287427144455856,0.40035716255198484,0.39995255959571385,0.00040460295627098297
4,-0.1,5,8,0.04561409868462185,0.1657009838742067,6.03496718377459,0.43841095852055045,0.437667530804822,0.0007434277157284397
4,-0.1,6,7,0.27517550105294397,0.999621883966392,1.0003782590594232,0.356210902200353,0.35681544668864906,-0.0006045444882960549
4,-0.1,6,8,0.05214098669782263,0.189411016443342,5.279523962108758,0.5800681664339935,0.579192747721785,0.0008754187122085311
4,-0.1,7,8,0.15512100876417834,0.5635034893378137,1.7746119037792005,0.11360475067484588,0.11411899782991253,-0.0005142471550666494
4,-0.1,8,9,0.1526915407764713,0.5546780330104333,1.8028476710581947,0.26855553074891825,0.2685053756485595,5.015510035877302e-05
5,-0.1,0,1,0.1526915407764715,0.5546780330104322,1.8028476710581982,0.26855553074891736,0.2685053756485606,5.015510035677462e-05
5,-0.1,1,2,0.15512100876417834,0.5635034893378116,1.7746119037792072,0.1136047506748461,0.1141189978299123,-0.0005142471550662053
5,-0.1,1,3,0.05214098669782263,0.1894110164433413,5.279523962108777,0.5800681664339937,0.5791927477217831,0.0008754187122106405
5,-0.1,1,4,0.04561409868462207,0.1657009838742069,6.034967183774583,0.4384109585205477,0.43766753080482645,0.0007434277157212232
5,-0.1,2,3,0.2751755010529442,0.9996218839663891,1.0003782590594261,0.35621090220035323,0.3568154466886486,-0.0006045444882953888
5,-0.1,2,4,0.09088906342760739,0.3301700059336494,3.0287427144455963,0.4003571625519846,0.3999525595957143,0.00040460295627031684
5,-0.1,3,4,0.18689858771402335,0.6789409582119865,1.4728821231135223,0.20419208031790992,0.20425695878213157,-6.487846422165156e-05
5,-0.1,4,5,0.15067575501399122,0.5473553478373233,1.8269667117552397,-0.4832469672803499,-0.4837979319384422,0.0005509646580923455
5,-0.1,5,6,0.18691871271194027,0.679014065695231,1.4727235421494795,0.2040876667550653,0.20425695878213324,-0.00016929202706794655
5,-0.1,5,7,0.09090601069314053,0.3302315697626803,3.028178077337204,0.4004253233777456,0.39995255959571385,0.00047276378203175984
5,-0.1,5,8,0.045604011565920644,0.1656643406971743,6.036302053849641,0.4383859880928145,0.437667530804822,0.0007184572879924689
5,-0.1,6,7,0.2752795886791496,1.0,1.0,0.35653993918288274,0.35681544668864906,-0.0002755075057663259
5,-0.1,6,8,0.0521948877927747,0.1896068213528542,5.274071854930902,0.5794685692771622,0.579192747721785,0.0002758215553771981
5,-0.1,7,8,0.15494660859576337,0.5628699510168202,1.7766093183576557,0.11378776087502918,0.11411899782991253,-0.0003312369548833516
5,-0.1,8,9,0.1525798050427205,0.5542721339232999,1.8041679146337526,0.2684103301683959,0.2685053756485595,-9.504548016359138e-05
6,-0.1,0,1,0.1524753081819179,0.5537461861976782,1.805881512009216,0.26866403651166193,0.2685053756485606,0.0001586608631013453
6,-0.1,1,2,0.1552457839341954,0.5638077522313499,1.7736542217490923,0.11408906826106369,0.1141189978299123,-2.992956884861897e-05
6,-0.1,1,3,0.05239819284090674,0.19029507003641874,5.254996883569394,0.5785580917169391,0.5791927477217831,-0.0006346560048440253
6,-0.1,1,4,0.045593121156414895,0.1655810193680099,6.039339556048168,0.4389627202408244,0.43766753080482645,0.0012951894359979343
6,-0.1,2,3,0.2753523400836331,1.0,1.0,0.3566237495394129,0.3568154466886486,-0.00019169714923572556
6,-0.1,2,4,0.09080806915025863,0.32978862326965297,3.032245291197768,0.400775729730927,0.3999525595957143,0.0008231701352127141
6,-0.1,3,4,0.1868426778333464,0.6785585253301151,1.4737122336109556,0.2036310110837748,0.20425695878213157,-0.0006259476983567769
6,-0.1,4,5,0.1506713632700789,0.5471947804195719,1.8275028121306842,-0.4832482435403087,-0.4837979319384422,0.0005496883981335188
6,-0.1,5,6,0.18691894066353698,0.6788354898555207,1.4731109597891443,0.20424315559809458,0.20425695878213324,-1.3803184038652105e-05
6,-0.1,5,7,0.09094017965082735,0.33026841036907834,3.0278402917266285,0.4003613675867663,0.39995255959571385,0.00040880799105247334
6,-0.1,5,8,0.045658659968491166,0.16581903736363093,6.030670638902948,0.4377750758480047,0.437667530804822,0.00010754504318266633
6,-0.1,6,7,0.2753164365668672,0.9998696088191771,1.0001304081849,0.35671200713854634,0.35681544668864906,-0.0001034395501027241
6,-0.1,6,8,0.052203769551436574,0.189588980923789,5.274568148040102,0.5794242957024855,0.579192747721785,0.00023154798070057492
6,-0.1,7,8,0.15486638916997442,0.5624299002613766,1.777999355182348,0.11418228231882277,0.11411899782991253,6.328448891024241e-05
6,-0.1,8,9,0.15214411860637322,0.552543401520257,1.8098125816879176,0.26858579689939577,0.2685053756485595,8.042125083629337e-05
7,-0.1,0,1,0.15246620763656926,0.5532137827552777,1.8076194613581507,0.2683625679314168,0.2685053756485606,-0.00014280771714381135
7,-0.1,1,2,0.15521297753394636,0.5631802598444726,1.7756304176502193,0.11426187360885554,0.1141189978299123,0.00014287577894323
7,-0.1,1,3,0.052351410790332675,0.18995371134914313,5.264440441292336,0.5790945746246543,0.5791927477217831,-9.817309712878419e-05
7,-0.1,1,4,0.0457776026607426,0.16610107331969398,6.020430693276163,0.4372007981571565,0.43766753080482645,-0.00046673264766994293
7,-0.1,2,3,0.2756008841233353,1.0,1.0,0.3569120159873065,0.3568154466886486,9.656929865786701e-05
7,-0.1,2,4,0.09106455816923731,0.3304218651507832,3.026434099764144,0.40010257293398865,0.3999525595957143,0.00015001333827435737
7,-0.1,3,4,0.18700882013463604,0.6785494202222768,1.4737320086021495,0.20442655871147852,0.20425695878213157,0.000169599929346953
7,-0.1,4,5,0.15064744996937818,0.546614538079498,1.829442743168611,-0.4836156124775499,-0.4837979319384422,0.00018231946089231066
7,-0.1,5,6,0.18689831293497572,0.6781484519887683,1.4746033808192816,0.204294649482485,0.20425695878213324,3.76907003517557e-05
7,-0.1,5,7,0.09097566755124853,0.33009933128710733,3.029391171744724,0.40013847643401035,0.39995255959571385,0.00018591683829649597
7,-0.1,5,8,0.045684488950590296,0.16576321623897927,6.032701480395442,0.4376971956154134,0.437667530804822,2.9664810591412127e-05
7,-0.1,6,7,0.2753144857575922,0.9989608220356256,1.001040258978582,0.3568036869885711,0.35681544668864906,-1.1759700077940138e-05
7,-0.1,6,8,0.052246879530808865,0.18957442642828262,5.274973100753688,0.5793618056336145,0.579192747721785,0.00016905791182952878
7,-0.1,7,8,0.15496876366429602,0.5622941455984056,1.7784286175268254,0.11439248044067318,0.11411899782991253,0.00027348261076065583
7,-0.1,8,9,0.15184662405481242,0.5509656637634693,1.8149951363018186,0.2688827243096137,0.2685053756485595,0.00037734866105421094
8,-0.1,0,1,0.15246617394451678,0.5531944762630535,1.8076825472936986,0.2684792186670587,0.2685053756485606,-2.6156981501879173e-05
8,-0.1,1,2,0.15521132340830457,0.5631547283018862,1.775710918765362,0.11413696351427727,0.1141189978299123,1.7965684364962264e-05
8,-0.1,1,3,0.052331702597793406,0.18987561674548947,5.266605671334864,0.5791972689344482,0.5791927477217831,4.521212665142826e-06
8,-0.1,1,4,0.04575702653714919,0.1660206567509476,6.023346850748392,0.4375728823533155,0.43766753080482645,-9.464845151097023e-05
8,-0.1,2,3,0.2756104416921482,1.0,1.0,0.35683461647530157,0.3568154466886486,1.916978665295055e-05
8,-0.1,2,4,0.09113327601703736,0.33065973646539687,3.0242569315803247,0.3999660139702257,0.3999525595957143,1.3454374511390199e-05
8,-0.1,3,4,0.18718233524697148,0.6791554561494106,1.4724169421676636,0.20437511661270957,0.20425695878213157,0.00011815783057800289
8,-0.1,4,5,0.15079033052296142,0.5471139975581601,1.8277726478633851,-0.4834910335768192,-0.4837979319384422,0.0003068983616230092
8,-0.1,5,6,0.18681278678003999,0.677814619914533,1.4753296412020327,0.20362686117130158,0.20425695878213324,-0.0006300976108316592
8,-0.1,5,7,0.09095522712202708,0.3300137199577598,3.030177048784503,0.4000762279895591,0.39995255959571385,0.0001236683938452554
8,-0.1,5,8,0.045491380953623484,0.16505681234108147,6.058520007847668,0.43925146068051957,0.437667530804822,0.001583929875697554
8,-0.1,6,7,0.27550361501353327,0.999612399740884,1.0003877505513301,0.35728686457742254,0.35681544668864906,0.00047141788877347324
8,-0.1,6,8,0.0522984502168351,0.18975496681381726,5.2699542825731385,0.5782898240661344,0.579192747721785,-0.0009029236556505893
8,-0.1,7,8,0.15467251121880854,0.5611997508845289,1.7818967282573823,0.1136237163324404,0.11411899782991253,-0.0004952814974721331
8,-0.1,8,9,0.1527733434971963,0.5543089824871051,1.8040479797262945,0.2680137277136502,0.2685053756485595,-0.0004916479349093006
9,-0.1,0,1,0.15246617394451656,0.5531948972059512,1.8076811717728227,0.26850478613399165,0.2685053756485606,-5.895145689382986e-07
9,-0.1,1,2,0.15521131692269408,0.5631551332920299,1.7757096417719052,0.11411924473198787,0.1141189978299123,2.469020755624385e-07
9,-0.1,1,3,0.052331048131806224,0.18987338662075334,5.266667529332934,0.5791929232434687,0.5791927477217831,1.7552168563028658e-07
9,-0.1,1,4,0.04574717396619765,0.165985034876673,6.024639514899646,0.43766648318495804,0.43766753080482645,-1.0476198684106208e-06
9,-0.1,2,3,0.2756102319717427,1.0,1.0,0.35681603132245177,0.3568154466886486,5.846338031467724e-07
9,-0.1,2,4,0.09112829653366306,0.3306419209538131,3.024419883344703,0.3999544384161945,0.3999525595957143,1.8788204801944985e-06
9,-0.1,3,4,0.18718988521106428,0.6791833665676684,1.472356434542288,0.2042648565233668,0.20425695878213157,7.897741235218803e-06
9,-0.1,4,5,0.15091860290612957,0.5475798261423135,1.8262177535738955,-0.4834314530029029,-0.4837979319384422,0.0003664789355393161
9,-0.1,5,6,0.1867915028608036,0.6777379109784089,1.4754966245821501,0.20329041122117097,0.20425695878213324,-0.0009665475609622609
9,-0.1,5,7,0.09041833606770178,0.32806596264891946,3.048167484141451,0.4013108665744709,0.39995255959571385,0.0013583069787570512
9,-0.1,5,8,0.04531061870879238,0.1644010760581556,6.082685247426591,0.44012016407353416,0.437667530804822,0.0024526332687121455
9,-0.1,6,7,0.2737394728790139,0.9932123017373294,1.006834085976178,0.3550452357087862,0.35681544668864906,-0.0017702109798628518
9,-0.1,6,8,0.05186544384408465,0.18818402884767432,5.313947236242086,0.5803438743055397,0.579192747721785,0.0011511265837547136
9,-0.1,7,8,0.1546424478737376,0.5610910987136084,1.7822417826493075,0.1131012166287868,0.11411899782991253,-0.0010177812011257226
9,-0.1,8,9,0.1524605856648913,0.5531746211821428,1.8077474303918435,0.26883475166533854,0.2685053756485595,0.00032937601677907047
0,-0.05,0,1,0.15246484703475716,0.5531900849474823,1.807696896980603,0.26858697963773115,0.2685053756485606,8.160398917056444e-05
0,-0.05,1,2,0.1550688245171581,0.5626381285634794,1.7773413304803702,0.11386436319675941,0.1141189978299123,-0.0002546346331528948
0,-0.05,1,3,0.05221429360627905,0.18944976548558473,5.278444116501639,0.5794800207070435,0.5791927477217831,0.0002872729852604339
0,-0.05,1,4,0.045637532734784436,0.16558722289993555,6.0391132992447165,0.43828011333319605,0.43766753080482645,0.0006125825283695985
0,-0.05,2,3,0.27514082989970956,0.9982968666216099,1.0017060389903394,0.35637233502335564,0.3568154466886486,-0.0004431116652929834
0,-0.05,2,4,0.09095004107694216,0.3299951557873596,3.030347514084038,0.4002917032216685,0.3999525595957143,0.0003391436259542191
0,-0.05,3,4,0.18708999509948843,0.6788209367259338,1.4731425415709276,0.2040153655470438,0.20425695878213157,-0.00024159323508776698
0,-0.05,4,5,0.15092671807902147,0.54760927268661,1.8261195525304548,-0.4837068925197927,-0.4837979319384422,9.103941864951892e-05
0,-0.05,5,6,0.1871897493732515,0.6791828763877648,1.4723574971714564,0.2042589335241477,0.20425695878213324,1.974742014465569e-06
0,-0.05,5,7,0.09112800797811538,0.3306408752898716,3.0244294481839358,0.39995302818845613,0.39995255959571385,4.685927422753977e-07
0,-0.05,5,8,0.04574697057153587,0.16598429755279107,6.024666277133543,0.43766726704700887,0.437667530804822,-2.6375781314591507e-07
0,-0.05,6,7,0.2756102308833528,1.0,1.0,0.3568155931925019,0.35681544668864906,1.4650385282699574e-07
0,-0.05,6,8,0.05233104632634,0.18987338081977154,5.266667690239336,0.5791927917106572,0.579192747721785,4.3988872211464525e-08
0,-0.05,7,8,0.15521131692269385,0.5631551355159393,1.775709634759597,0.11411905971734693,0.11411899782991253,6.188743439938804e-08
0,-0.05,8,9,0.15246617394451611,0.5531948993905265,1.8076811646342614,0.26850522789317466,0.2685053756485595,-1.4775538481615058e-07
1,-0.05,0,1,0.15254339468745282,0.5534749746398323,1.8067664227289388,0.26838192347185097,0.2685053756485606,-0.00012345217670961528
1,-0.05,1,2,0.1550762848603513,0.5626650895384997,1.7772561663994548,0.11399471494142,0.1141189978299123,-0.00012428288849231084
1,-0.05,1,3,0.052322867519658756,0.18984366929070604,5.267491951331325,0.5789670875253736,0.5791927477217831,-0.00022566019640946067
1,-0.05,1,4,0.04568288147486688,0.1657517306310224,6.033119510686052,0.438063638289074,0.43766753080482645,0.00039610748424756537
1,-0.05,2,3,0.2755835279776253,0.9999029225164978,1.000097086908455,0.35693331198385614,0.3568154466886486,0.00011786529520751987
1,-0.05,2,4,0.09108468926504765,0.3304836383400342,3.0258684061420955,0.3999835327987509,0.3999525595957143,3.0973203036577246e-05
1,-0.05,3,4,0.18709535497033958,0.6788402543394864,1.4731006206651711,0.20409934430206766,0.20425695878213157,-0.00015761448006390566
1,-0.05,4,5,0.15089461144913097,0.5474926752234169,1.8265084543677723,-0.4837212060778482,-0.4837979319384422,7.672586059404018e-05
1,-0.05,5,6,0.18718786313233848,0.6791759027805166,1.4723726149677034,0.2042865397037984,0.20425695878213324,2.958092166516213e-05
1,-0.05,5,7,0.09112925828827345,0.3306453486458142,3.024388530174654,0.3999559116478628,0.39995255959571385,3.3520521489638355e-06
1,-0.05,5,8,0.0457494409226582,0.16599322905023497,6.0243421115530404,0.43764379353630545,0.437667530804822,-2.373726851656599e-05
1,-0.05,6,7,0.27561028353037775,1.0,1.0,0.35682024989000793,0.35681544668864906,4.803201358871689e-06
1,-0.05,6,8,0.05233121036846167,0.1898739397461333,5.2666521869037295,0.579193880791649,0.579192747721785,1.1330698640454884e-06
1,-0.05,7,8,0.15521131854815584,0.563155033839833,1.7757099553591313,0.11412350134456795,0.11411899782991253,4.503514655418428e-06
1,-0.05,8,9,0.15246617394451656,0.5531947937193415,1.8076815099372412,0.26849881902394124,0.2685053756485595,-6.556624618236917e-06
2,-0.05,0,1,0.15231093319722167,0.5526363174940945,1.809508293871197,0.2685998038036407,0.2685053756485606,9.442815508009517e-05
2,-0.05,1,2,0.15515058713875218,0.5629395561668757,1.776389647956385,0.11418741487007156,0.1141189978299123,6.84170401592521e-05
2,-0.05,1,3,0.052309975533031405,0.18979853671665364,5.268744518788781,0.5792350055158133,0.5791927477217831,4.225779403022045e-05
2,-0.05,1,4,0.04573127099101515,0.16592873974499506,6.026683512071712,0.4376750090707121,0.43766753080482645,7.478265885652036e-06
2,-0.05,2,3,0.2755361583043501,0.9997397078817418,1.000260359887885,0.35681250809082155,0.3568154466886486,-2.938597827073508e-06
2,-0.05,2,4,0.09108979677543894,0.33050503200634496,3.025672540988127,0.3999990347890563,0.3999525595957143,4.6475193341999343e-05
2,-0.05,3,4,0.18711675773311542,0.6789237894115261,1.472919369737765,0.2042663590734548,0.20425695878213157,9.400291323236054e-06
2,-0.05,4,5,0.15085884325634824,0.5473676370340029,1.8269256937049771,-0.48375241931473156,-0.4837979319384422,4.5512623710664e-05
2,-0.05,5,6,0.18714443558357108,0.6790242141481545,1.4727015313504161,0.20429944842240655,0.20425695878213324,4.2489640273313256e-05
2,-0.05,5,7,0.09111206662439164,0.33058583465824937,3.0249329982144357,0.399990089712716,0.39995255959571385,3.753011700213804e-05
2,-0.05,5,8,0.04575461657696511,0.16601344553976832,6.023608489954817,0.4375504216688755,0.437667530804822,-0.00011710913594653594
2,-0.05,6,7,0.2756078968676344,1.0,1.0,0.3568396439210043,0.35681544668864906,2.419723235524973e-05
2,-0.05,6,8,0.05233615133366154,0.18989351150122125,5.26610936884786,0.579168133591758,0.579192747721785,-2.461413002696755e-05
2,-0.05,7,8,0.1552117331634948,0.5631614149214236,1.7756898351062056,0.11415482184753467,0.11411899782991253,3.58240176221436e-05
2,-0.05,8,9,0.15246618238862175,0.5531996148203487,1.8076657561027938,0.26846956485144946,0.2685053756485595,-3.5810797110014114e-05
3,-0.05,0,1,0.15238549353584485,0.5530316667397797,1.8082147192315015,0.2685255359881489,0.2685053756485606,2.016033958829322e-05
3,-0.05,1,2,0.1551249701160753,0.5629736714805594,1.7762820015545469,0.11413486933924966,0.1141189978299123,1.587150933735071e-05
3,-0.05,1,3,0.05229918207033912,0.18980221252283055,5.268642481602863,0.5792506625491673,0.5791927477217831,5.7914827384264456e-05
3,-0.05,1,4,0.04572481297280162,0.1659427609739308,6.026174291249123,0.43769440375618895,0.43766753080482645,2.6872951362499897e-05
3,-0.05,2,3,0.27553664522947807,0.9999671663188986,1.0000328347591874,0.3567895736571981,0.3568154466886486,-2.5873031450518447e-05
3,-0.05,2,4,0.091080901592965,0.33054736148011926,3.025285077219244,0.4000548066760018,0.3999525595957143,0.00010224708028749863
3,-0.05,3,4,0.18712190135962503,0.6790957235577544,1.4725464545131302,0.20425349508061985,0.20425695878213157,-3.4637015117189307e-06
3,-0.05,4,5,0.1508648255994005,0.547512916208242,1.826440930244024,-0.48366044789871543,-0.4837979319384422,0.00013748403972679846
3,-0.05,5,6,0.18710283995996768,0.679026546647418,1.4726964725272313,0.20410026289337257,0.20425695878213324,-0.00015669588876066065
3,-0.05,5,7,0.09104782237063724,0.3304273116181941,3.0263842147391595,0.40015840263955293,0.39995255959571385,0.00020584304383908236
3,-0.05,5,8,0.045708409632945646,0.16588323059364224,6.028336899524591,0.43799161193504066,0.437667530804822,0.00032408113021864526
3,-0.05,6,7,0.2755456924088715,1.0,1.0,0.3567675937267015,0.35681544668864906,-4.785296194753652e-05
3,-0.05,6,8,0.052347897538297605,0.1899790088557095,5.263739431125822,0.5790336514020575,0.579192747721785,-0.00015909631972743643
3,-0.05,7,8,0.15521995956047818,0.5633184035777026,1.7751949761429422,0.11411152963283322,0.11411899782991253,-7.468197079307792e-06
3,-0.05,8,9,0.15246846326074182,0.5533327773257286,1.8072307316277656,0.26854502896751464,0.2685053756485595,3.965331895516844e-05
4,-0.05,0,1,0.15249465313087818,0.5534644536410929,1.8068007681817153,0.2684814785105194,0.2685053756485606,-2.389713804118454e-05
4,-0.05,1,2,0.1551450663777174,0.5630838697285935,1.7759343745399778,0.11403608944803223,0.1141189978299123,-8.290838188007577e-05
4,-0.05,1,3,0.0522969552523489,0.18980669270411998,5.268518121006666,0.579261721728654,0.5791927477217831,6.897400687089217e-05
4,-0.05,1,4,0.04571112259229326,0.16590405611894724,6.027580177322705,0.437847212920106,0.43766753080482645,0.0001796821152795225
4,-0.05,2,3,0.27552745642047494,1.0,1.0,0.3567465200773694,0.3568154466886486,-6.892661127921862e-05
4,-0.05,2,4,0.09107234065702285,0.33053816792051327,3.025369222232988,0.40007083454800796,0.3999525595957143,0.00011827495229366214
4,-0.05,3,4,0.18712184342737137,0.6791404597508055,1.4724494552524912,0.20421461763872917,0.20425695878213157,-4.234114340240236e-05
4,-0.05,4,5,0.15086590771200314,0.5475530811774011,1.8263069542951054,-0.48366003164888416,-0.4837979319384422,0.00013790028955806832
4,-0.05,5,6,0.18711682763824644,0.6791222554339287,1.4724889252245825,0.2042406780362278,0.20425695878213324,-1.6280745905428162e-05
4,-0.05,5,7,0.09106809235332114,0.3305227491170412,3.0255103549495486,0.40005380533902,0.39995255959571385,0.00010124574330616642
4,-0.05,5,8,0.0457136318821556,0.16591316334149028,6.0272493144004065,0.437853691629306,0.437667530804822,0.00018616082448397187
4,-0.05,6,7,0.27550141712208776,0.9999054929090354,1.000094516023399,0.3566641699208739,0.35681544668864906,-0.00015127676777515475
4,-0.05,6,8,0.05228346463230338,0.18975772981591718,5.269877548440814,0.5794116385797459,0.579192747721785,0.00021889085796089613
4,-0.05,7,8,0.15518872450694143,0.5632423226457408,1.7754347636780201,0.11399024084565601,0.11411899782991253,-0.00012875698425651727
4,-0.05,8,9,0.15252265384426766,0.5535660794962917,1.8064690685345706,0.2685177275037488,0.2685053756485595,1.2351855189329797e-05
5,-0.05,0,1,0.1525226538442681,0.5535660794962923,1.8064690685345683,0.26851772750374736,0.2685053756485606,1.2351855186776284e-05
5,-0.05,1,2,0.15518872450694166,0.5632423226457407,1.7754347636780206,0.11399024084565679,0.1141189978299123,-0.00012875698425551807
5,-0.05,1,3,0.052283464632304044,0.1897577298159193,5.269877548440755,0.5794116385797419,0.5791927477217831,0.0002188908579587867
5,-0.05,1,4,0.045713631882155825,0.1659131633414908,6.027249314400388,0.4378536916293041,0.43766753080482645,0.0001861608244776436
5,-0.05,2,3,0.2755014171220884,0.9999054929090362,1.0000945160233983,0.35666416992087635,0.3568154466886486,-0.00015127676777226817
5,-0.05,2,4,0.09106809235332136,0.3305227491170415,3.0255103549495463,0.4000538053390188,0.3999525595957143,0.00010124574330450109
5,-0.05,3,4,0.187116827638246,0.679122255433926,1.4724889252245883,0.2042406780362278,0.20425695878213157,-1.6280745903762828e-05
5,-0.05,4,5,0.15086590771200292,0.5475530811773993,1.8263069542951114,-0.4836600316488848,-0.4837979319384422,0.0001379002895574022
5,-0.05,5,6,0.18712184342737181,0.679140459750806,1.4724494552524903,0.2042146176387296,0.20425695878213324,-4.2341143403623605e-05
5,-0.05,5,7,0.0910723406570233,0.3305381679205144,3.0253692222329778,0.40007083454800674,0.39995255959571385,0.00011827495229288498
5,-0.05,5,8,0.045711122592293485,0.16590405611894776,6.027580177322686,0.43784721292010476,0.437667530804822,0.00017968211528274214
5,-0.05,6,7,0.2755274564204754,1.0,1.0,0.35674652007737095,0.35681544668864906,-6.89266112781084e-05
5,-0.05,6,8,0.05229695525234934,0.1898066927041213,5.268518121006631,0.5792617217286514,0.579192747721785,6.897400686645128e-05
5,-0.05,7,8,0.15514506637771763,0.5630838697285934,1.775934374539978,0.11403608944803256,0.11411899782991253,-8.290838187996474e-05
5,-0.05,8,9,0.1524946531308784,0.5534644536410928,1.8068007681817158,0.2684814785105185,0.2685053756485595,-2.3897138040962496e-05
6,-0.05,0,1,0.1524684632607416,0.5533327773257274,1.8072307316277696,0.26854502896751586,0.2685053756485606,3.965331895527946e-05
6,-0.05,1,2,0.15521995956047774,0.5633184035777006,1.7751949761429484,0.11411152963283289,0.1141189978299123,-7.468197079418815e-06
6,-0.05,1,3,0.052347897538297605,0.18997900885570934,5.263739431125828,0.5790336514020566,0.5791927477217831,-0.00015909631972643723
6,-0.05,1,4,0.04570840963294498,0.16588323059363969,6.0283368995246835,0.43799161193504754,0.43766753080482645,0.00032408113022108775
6,-0.05,2,3,0.2755456924088717,1.0,1.0,0.3567675937267005,0.3568154466886486,-4.785296194809163e-05
6,-0.05,2,4,0.09104782237063658,0.3304273116181914,3.026384214739185,0.4001584026395566,0.3999525595957143,0.000205843043842302
6,-0.05,3,4,0.1871028399599679,0.6790265466474182,1.472696472527231,0.20410026289337002,0.20425695878213157,-0.00015669588876154883
6,-0.05,4,5,0.1508648255994003,0.5475129162082408,1.826440930244028,-0.4836604478987123,-0.4837979319384422,0.00013748403972990708
6,-0.05,5,6,0.18712190135962448,0.6790957235577518,1.4725464545131357,0.20425349508061985,0.20425695878213324,-3.4637015133842652e-06
6,-0.05,5,7,0.09108090159296522,0.3305473614801198,3.0252850772192392,0.40005480667599824,0.39995255959571385,0.00010224708028439
6,-0.05,5,8,0.045724812972800954,0.16594276097392824,6.026174291249216,0.43769440375619484,0.437667530804822,2.687295137282497e-05
6,-0.05,6,7,0.2755366452294772,0.9999671663188945,1.0000328347591916,0.35678957365719766,0.35681544668864906,-2.5873031451406625e-05
6,-0.05,6,8,0.05229918207033846,0.18980221252282797,5.268642481602935,0.5792506625491709,0.579192747721785,5.791482738592979e-05
6,-0.05,7,8,0.15512497011607507,0.5629736714805581,1.776282001554551,0.1141348693392471,0.11411899782991253,1.587150933457515e-05
6,-0.05,8,9,0.1523854935358444,0.5530316667397775,1.8082147192315083,0.2685255359881509,0.2685053756485595,2.0160339591401844e-05
7,-0.05,0,1,0.15246618238862153,0.5531996148203474,1.8076657561027982,0.26846956485144813,0.2685053756485606,-3.5810797112456605e-05
7,-0.05,1,2,0.1552117331634948,0.5631614149214231,1.775689835106207,0.11415482184753623,0.1141189978299123,3.582401762391996e-05
7,-0.05,1,3,0.05233615133366154,0.1898935115012211,5.2661093688478635,0.5791681335917586,0.5791927477217831,-2.461413002452506e-05
7,-0.05,1,4,0.04575461657696578,0.1660134455397706,6.023608489954734,0.4375504216688688,0.43766753080482645,-0.00011710913595763817
7,-0.05,2,3,0.27560789686763465,1.0,1.0,0.35683964392100465,0.3568154466886486,2.4197232356026888e-05
7,-0.05,2,4,0.09111206662439186,0.3305858346582499,3.024932998214431,0.3999900897127159,0.3999525595957143,3.753011700158293e-05
7,-0.05,3,4,0.1871444355835712,0.6790242141481544,1.4727015313504164,0.20429944842240821,0.20425695878213157,4.2489640276643925e-05
7,-0.05,4,5,0.15085884325634824,0.5473676370340025,1.8269256937049787,-0.48375241931473223,-0.4837979319384422,4.551262370999787e-05
7,-0.05,5,6,0.1871167577331152,0.6789237894115246,1.472919369737768,0.20426635907345292,0.20425695878213324,9.40029131968334e-06
7,-0.05,5,7,0.09108979677543894,0.3305050320063447,3.0256725409881295,0.39999903478905596,0.39995255959571385,4.6475193342110366e-05
7,-0.05,5,8,0.045731270991014705,0.1659287397449933,6.026683512071776,0.43767500907071777,0.437667530804822,7.478265895755065e-06
7,-0.05,6,7,0.27553615830435096,0.9997397078817443,1.0002603598878825,0.35681250809082243,0.35681544668864906,-2.938597826629419e-06
7,-0.05,6,8,0.05230997553303163,0.1897985367166543,5.268744518788762,0.5792350055158122,0.579192747721785,4.225779402722285e-05
7,-0.05,7,8,0.1551505871387524,0.5629395561668761,1.7763896479563839,0.11418741487007067,0.11411899782991253,6.841704015814187e-05
7,-0.05,8,9,0.15231093319722144,0.5526363174940933,1.809508293871201,0.2685998038036418,0.2685053756485595,9.442815508231561e-05
8,-0.05,0,1,0.15246617394451567,0.5531947937193401,1.8076815099372459,0.2684988190239429,0.2685053756485606,-6.5566246176818055e-06
8,-0.05,1,2,0.15521131854815584,0.5631550338398348,1.7757099553591258,0.11412350134456739,0.1141189978299123,4.503514655085361e-06
8,-0.05,1,3,0.05233121036846189,0.18987393974613473,5.26665218690369,0.5791938807916466,0.5791927477217831,1.1330698634903769e-06
8,-0.05,1,4,0.045749440922657536,0.16599322905023312,6.024342111553108,0.43764379353631266,0.43766753080482645,-2.3737268513790433e-05
8,-0.05,2,3,0.27561028353037687,1.0,1.0,0.3568202498900074,0.3568154466886486,4.803201358760667e-06
8,-0.05,2,4,0.09112925828827301,0.33064534864581363,3.024388530174659,0.39995591164786415,0.3999525595957143,3.352052149852014e-06
8,-0.05,3,4,0.1871878631323386,0.6791759027805193,1.4723726149676977,0.20428653970379662,0.20425695878213157,2.9580921665051108e-05
8,-0.05,4,5,0.15089461144912986,0.5474926752234147,1.8265084543677796,-0.4837212060778435,-0.4837979319384422,7.672586059870312e-05
8,-0.05,5,6,0.18709535497033902,0.6788402543394865,1.473100620665171,0.20409934430206755,0.20425695878213324,-0.00015761448006568202
8,-0.05,5,7,0.09108468926504698,0.33048363834003286,3.025868406142108,0.3999835327987541,0.39995255959571385,3.097320304024098e-05
8,-0.05,5,8,0.04568288147486643,0.1657517306310213,6.033119510686091,0.4380636382890778,0.437667530804822,0.000396107484255781
8,-0.05,6,7,0.275583527977626,0.9999029225165035,1.0000970869084493,0.35693331198385425,0.35681544668864906,0.0001178652952051884
8,-0.05,6,8,0.05232286751965809,0.18984366929070423,5.267491951331376,0.5789670875253778,0.579192747721785,-0.0002256601964071292
8,-0.05,7,8,0.15507628486035085,0.5626650895384999,1.7772561663994542,0.11399471494141944,0.11411899782991253,-0.000124282888493088
8,-0.05,8,9,0.1525433946874526,0.5534749746398333,1.8067664227289357,0.26838192347185263,0.2685053756485595,-0.00012345217670683972
9,-0.05,0,1,0.15246617394451611,0.5531948993905274,1.8076811646342585,0.2685052278931723,0.2685053756485606,-1.4775538825784196e-07
9,-0.05,1,2,0.15521131692269363,0.5631551355159394,1.7757096347595966,0.1141190597173487,0.1141189978299123,6.188743639778949e-08
9,-0.05,1,3,0.05233104632634,0.18987338081977184,5.266667690239328,0.5791927917106572,0.5791927477217831,4.3988874098843667e-08
9,-0.05,1,4,0.04574697057153676,0.16598429755279454,6.024666277133417,0.437667267046999,0.43766753080482645,-2.637578274677921e-07
9,-0.05,2,3,0.27561023088335235,1.0,1.0,0.35681559319250233,0.3568154466886486,1.4650385371517416e-07
9,-0.05,2,4,0.0911280079781156,0.33064087528987296,3.024429448183924,0.39995302818845624,0.3999525595957143,4.685927419423308e-07
9,-0.05,3,4,0.18718974937325172,0.6791828763877666,1.4723574971714524,0.20425893352415037,0.20425695878213157,1.974742018795439e-06
9,-0.05,4,5,0.15092671807902125,0.5476092726866101,1.8261195525304543,-0.48370689251979515,-0.4837979319384422,9.103941864707643e-05
9,-0.05,5,6,0.18708999509948931,0.6788209367259381,1.4731425415709183,0.20401536554704558,0.20425695878213324,-0.00024159323508765596
9,-0.05,5,7,0.09095004107694282,0.32999515578736255,3.030347514084011,0.4002917032216672,0.39995255959571385,0.0003391436259533309
9,-0.05,5,8,0.04563753273478488,0.1655872228999374,6.039113299244648,0.4382801133331913,0.437667530804822,0.0006125825283692654
9,-0.05,6,7,0.27514082989970956,0.9982968666216115,1.0017060389903378,0.35637233502335697,0.35681544668864906,-0.0004431116652920952
9,-0.05,6,8,0.05221429360627905,0.18944976548558504,5.278444116501631,0.5794800207070429,0.579192747721785,0.00028727298525788036
9,-0.05,7,8,0.15506882451715764,0.5626381285634787,1.7773413304803722,0.11386436319675952,0.11411899782991253,-0.00025463463315300583
9,-0.05,8,9,0.15246484703475782,0.5531900849474857,1.807696896980592,0.26858697963772904,0.2685053756485595,8.160398916956524e-05
0,0.05,0,1,0.15246484703475716,0.5531900849474832,1.8076968969806,0.2685869796377317,0.2685053756485606,8.160398917111955e-05
0,0.05,1,2,0.15506882451715764,0.5626381285634787,1.7773413304803722,0.11386436319675763,0.1141189978299123,-0.00025463463315467116
0,0.05,1,3,0.052214293606278384,0.18944976548558262,5.2784441165016975,0.5794800207070472,0.5791927477217831,0.0002872729852640976
0,0.05,1,4,0.045637532734784214,0.165587222899935,6.039113299244736,0.43828011333319716,0.43766753080482645,0.0006125825283707087
0,0.05,2,3,0.27514082989970934,0.9982968666216108,1.0017060389903385,0.35637233502335564,0.3568154466886486,-0.0004431116652929834
0,0.05,2,4,0.09095004107694238,0.32999515578736094,3.0303475140840255,0.4002917032216663,0.3999525595957143,0.00033914362595199865
0,0.05,3,4,0.18708999509948798,0.6788209367259332,1.473142541570929,0.2040153655470448,0.20425695878213157,-0.00024159323508676778
0,0.05,4,5,0.15092671807902125,0.5476092726866101,1.8261195525304543,-0.48370689251979315,-0.4837979319384422,9.103941864907483e-05
0,0.05,5,6,0.18718974937325172,0.6791828763877666,1.4723574971714524,0.20425893352414848,0.20425695878213324,1.9747420152427253e-06
0,0.05,5,7,0.09112800797811493,0.3306408752898706,3.0244294481839455,0.39995302818845924,0.39995255959571385,4.685927453840222e-07
0,0.05,5,8,0.045746970571536316,0.16598429755279293,6.024666277133475,0.4376672670470033,0.437667530804822,-2.637578186970302e-07
0,0.05,6,7,0.27561023088335235,1.0,1.0,0.35681559319250133,0.35681544668864906,1.4650385227188423e-07
0,0.05,6,8,0.05233104632634,0.18987338081977184,5.266667690239328,0.5791927917106565,0.579192747721785,4.398887154533071e-08
0,0.05,7,8,0.1552113169226934,0.5631551355159385,1.7757096347595995,0.11411905971734837,0.11411899782991253,6.188743584267797e-08
0,0.05,8,9,0.15246617394451611,0.5531948993905274,1.8076811646342585,0.2685052278931729,0.2685053756485595,-1.4775538659250742e-07
1,0.05,0,1,0.15254339468745304,0.553474974639834,1.8067664227289335,0.26838192347185097,0.2685053756485606,-0.00012345217670961528
1,0.05,1,2,0.15507628486035108,0.5626650895384998,1.7772561663994546,0.11399471494142066,0.1141189978299123,-0.0001242828884916447
1,0.05,1,3,0.05232286751965898,0.18984366929070715,5.267491951331295,0.5789670875253716,0.5791927477217831,-0.00022566019641145907
1,0.05,1,4,0.045682881474866655,0.16575173063102183,6.033119510686071,0.43806363828907635,0.43766753080482645,0.00039610748424989684
1,0.05,2,3,0.27558352797762575,0.999902922516501,1.0000970869084518,0.3569333119838558,0.3568154466886486,0.0001178652952071868
1,0.05,2,4,0.0910846892650472,0.33048363834003314,3.0258684061421053,0.39998353279875354,0.3999525595957143,3.097320303924178e-05
1,0.05,3,4,0.18709535497033958,0.6788402543394875,1.4731006206651687,0.20409934430206644,0.20425695878213157,-0.0001576144800651269
1,0.05,4,5,0.15089461144913052,0.5474926752234162,1.826508454367775,-0.4837212060778455,-0.4837979319384422,7.672586059670472e-05
1,0.05,5,6,0.18718786313233848,0.6791759027805178,1.472372614967701,0.2042865397037975,0.20425695878213324,2.958092166427395e-05
1,0.05,5,7,0.09112925828827345,0.33064534864581474,3.024388530174649,0.39995591164786215,0.39995255959571385,3.3520521482977017e-06
1,0.05,5,8,0.04574944092265798,0.16599322905023445,6.024342111553059,0.43764379353630845,0.437667530804822,-2.3737268513568388e-05
1,0.05,6,7,0.2756102835303773,1.0,1.0,0.35682024989000793,0.35681544668864906,4.803201358871689e-06
1,0.05,6,8,0.05233121036846189,0.18987393974613442,5.266652186903698,0.5791938807916478,0.579192747721785,1.133069862824243e-06
1,0.05,7,8,0.15521131854815629,0.5631550338398355,1.7757099553591238,0.11412350134456783,0.11411899782991253,4.503514655307406e-06
1,0.05,8,9,0.15246617394451611,0.5531947937193409,1.8076815099372434,0.26849881902394224,0.2685053756485595,-6.556624617237716e-06
2,0.05,0,1,0.15231093319722122,0.5526363174940921,1.8095082938712046,0.26859980380364135,0.2685053756485606,9.44281550807613e-05
2,0.05,1,2,0.15515058713875218,0.5629395561668751,1.776389647956387,0.11418741487007178,0.1141189978299123,6.841704015947414e-05
2,0.05,1,3,0.05230997553303118,0.18979853671665262,5.268744518788809,0.5792350055158153,0.5791927477217831,4.2257794032218854e-05
2,0.05,1,4,0.04573127099101515,0.16592873974499486,6.0266835120717195,0.437675009070712,0.43766753080482645,7.478265885541013e-06
2,0.05,2,3,0.2755361583043503,0.9997397078817415,1.0002603598878852,0.356812508090821,0.3568154466886486,-2.9385978276286195e-06
2,0.05,2,4,0.09108979677543871,0.33050503200634374,3.0256725409881384,0.3999990347890572,0.3999525595957143,4.647519334288752e-05
2,0.05,3,4,0.18711675773311498,0.6789237894115236,1.47291936973777,0.20426635907345514,0.20425695878213157,9.400291323569121e-06
2,0.05,4,5,0.15085884325634802,0.5473676370340015,1.826925693704982,-0.4837524193147311,-0.4837979319384422,4.551262371110809e-05
2,0.05,5,6,0.18714443558357186,0.6790242141481565,1.4727015313504117,0.20429944842240733,0.20425695878213324,4.248964027409041e-05
2,0.05,5,7,0.09111206662439142,0.33058583465824815,3.024932998214447,0.39999008971271943,0.39995255959571385,3.753011700557973e-05
2,0.05,5,8,0.04575461657696556,0.16601344553976974,6.023608489954765,0.43755042166887137,0.437667530804822,-0.00011710913595064376
2,0.05,6,7,0.27560789686763476,1.0,1.0,0.3568396439210033,0.35681544668864906,2.419723235425053e-05
2,0.05,6,8,0.05233615133366154,0.18989351150122102,5.266109368847866,0.5791681335917582,0.579192747721785,-2.4614130026745507e-05
2,0.05,7,8,0.15521173316349457,0.5631614149214221,1.77568983510621,0.11415482184753623,0.11411899782991253,3.582401762369791e-05
2,0.05,8,9,0.15246618238862153,0.5531996148203472,1.807665756102799,0.26846956485144857,0.2685053756485595,-3.581079711090229e-05
3,0.05,0,1,0.15238549353584419,0.5530316667397763,1.8082147192315123,0.26852553598815043,0.2685053756485606,2.016033958984753e-05
3,0.05,1,2,0.1551249701160755,0.5629736714805593,1.776282001554547,0.11413486933924866,0.1141189978299123,1.5871509336351508e-05
3,0.05,1,3,0.05229918207033846,0.1898022125228278,5.26864248160294,0.5792506625491725,0.5791927477217831,5.791482738937148e-05
3,0.05,1,4,0.04572481297280162,0.16594276097393051,6.026174291249133,0.43769440375618873,0.43766753080482645,2.6872951362277853e-05
3,0.05,2,3,0.27553664522947763,0.9999671663188954,1.0000328347591907,0.35678957365719666,0.3568154466886486,-2.5873031451961737e-05
3,0.05,2,4,0.091080901592965,0.3305473614801187,3.025285077219249,0.400054806676001,0.3999525595957143,0.00010224708028672147
3,0.05,3,4,0.1871219013596248,0.6790957235577525,1.4725464545131344,0.20425349508062063,0.20425695878213157,-3.4637015109417746e-06
3,0.05,4,5,0.15086482559940095,0.5475129162082428,1.8264409302440214,-0.4836604478987159,-0.4837979319384422,0.00013748403972635437
3,0.05,5,6,0.1871028399599679,0.6790265466474177,1.472696472527232,0.20410026289337158,0.20425695878213324,-0.00015669588876165985
3,0.05,5,7,0.09104782237063724,0.33042731161819355,3.026384214739165,0.4001584026395534,0.39995255959571385,0.00020584304383952645
3,0.05,5,8,0.045708409632945646,0.16588323059364196,6.028336899524601,0.43799161193504144,0.437667530804822,0.0003240811302194224
3,0.05,6,7,0.27554569240887195,1.0,1.0,0.35676759372670186,0.35681544668864906,-4.7852961947203454e-05
3,0.05,6,8,0.05234789753829783,0.18997900885571,5.263739431125809,0.5790336514020565,0.579192747721785,-0.00015909631972843563
3,0.05,7,8,0.1552199595604784,0.5633184035777025,1.7751949761429426,0.11411152963283344,0.11411899782991253,-7.468197079085748e-06
3,0.05,8,9,0.15246846326074204,0.5533327773257286,1.8072307316277656,0.26854502896751453,0.2685053756485595,3.9653318955057415e-05
4,0.05,0,1,0.15249465313087796,0.5534644536410909,1.806800768181722,0.2684814785105196,0.2685053756485606,-2.3897138040962496e-05
4,0.05,1,2,0.15514506637771697,0.5630838697285907,1.7759343745399865,0.11403608944803145,0.1141189978299123,-8.290838188085292e-05
4,0.05,1,3,0.052296955252348454,0.18980669270411799,5.268518121006722,0.5792617217286568,0.5791927477217831,6.897400687366773e-05
4,0.05,1,4,0.04571112259229326,0.1659040561189469,6.027580177322717,0.4378472129201053,0.43766753080482645,0.00017968211527885636
4,0.05,2,3,0.2755274564204755,1.0,1.0,0.35674652007736973,0.3568154466886486,-6.892661127888555e-05
4,0.05,2,4,0.09107234065702308,0.33053816792051344,3.025369222232986,0.4000708345480072,0.3999525595957143,0.00011827495229288498
4,0.05,3,4,0.18712184342737137,0.6791404597508041,1.4724494552524943,0.20421461763873017,0.20425695878213157,-4.234114340140316e-05
4,0.05,4,5,0.15086590771200292,0.5475530811773991,1.826306954295112,-0.48366003164888394,-0.4837979319384422,0.00013790028955829037
4,0.05,5,6,0.18711682763824644,0.6791222554339273,1.4724889252245854,0.20424067803622725,0.20425695878213324,-1.6280745905983274e-05
4,0.05,5,7,0.09106809235332114,0.33052274911704055,3.025510354949555,0.4000538053390208,0.39995255959571385,0.00010124574330694358
4,0.05,5,8,0.0457136318821556,0.16591316334148995,6.027249314400419,0.437853691629306,0.437667530804822,0.00018616082448397187
4,0.05,6,7,0.2755014171220884,0.9999054929090357,1.0000945160233987,0.3566641699208756,0.35681544668864906,-0.00015127676777348942
4,0.05,6,8,0.05228346463230382,0.1897577298159184,5.26987754844078,0.5794116385797423,0.579192747721785,0.00021889085795734342
4,0.05,7,8,0.155188724506941,0.563242322645738,1.7754347636780288,0.1139902408456569,0.11411899782991253,-0.0001287569842556291
4,0.05,8,9,0.15252265384426789,0.5535660794962913,1.8064690685345717,0.26851772750374747,0.2685053756485595,1.2351855187997529e-05
5,0.05,0,1,0.15252265384426789,0.5535660794962936,1.8064690685345643,0.26851772750374736,0.2685053756485606,1.2351855186776284e-05
5,0.05,1,2,0.15518872450694143,0.5632423226457419,1.7754347636780166,0.11399024084565712,0.1141189978299123,-0.000128756984255185
5,0.05,1,3,0.052283464632304044,0.18975772981591998,5.2698775484407365,0.5794116385797414,0.5791927477217831,0.00021889085795834262
5,0.05,1,4,0.045713631882155825,0.16591316334149142,6.027249314400366,0.43785369162930465,0.43766753080482645,0.0001861608244781987
5,0.05,2,3,0.2755014171220881,0.9999054929090386,1.0000945160233958,0.35666416992087546,0.3568154466886486,-0.00015127676777315635
5,0.05,2,4,0.09106809235332136,0.33052274911704266,3.0255103549495357,0.4000538053390206,0.3999525595957143,0.00010124574330627745
5,0.05,3,4,0.1871168276382471,0.6791222554339325,1.4724889252245743,0.20424067803622759,0.20425695878213157,-1.6280745903984872e-05
5,0.05,4,5,0.15086590771200292,0.5475530811774013,1.8263069542951047,-0.4836600316488846,-0.4837979319384422,0.00013790028955762423
5,0.05,5,6,0.1871218434273716,0.6791404597508076,1.4724494552524867,0.20421461763873106,0.20425695878213324,-4.2341143402180315e-05
5,0.05,5,7,0.09107234065702352,0.3305381679205164,3.0253692222329596,0.4000708345480043,0.39995255959571385,0.00011827495229044249
5,0.05,5,8,0.045711122592293485,0.16590405611894837,6.027580177322664,0.43784721292010387,0.437667530804822,0.00017968211528185396
5,0.05,6,7,0.2755274564204744,1.0,1.0,0.35674652007736984,0.35681544668864906,-6.892661127921862e-05
5,0.05,6,8,0.052296955252348676,0.18980669270411957,5.268518121006678,0.5792617217286558,0.579192747721785,6.897400687078115e-05
5,0.05,7,8,0.15514506637771763,0.5630838697285954,1.7759343745399718,0.11403608944803156,0.11411899782991253,-8.290838188096394e-05
5,0.05,8,9,0.15249465313087796,0.5534644536410931,1.8068007681817146,0.2684814785105196,0.2685053756485595,-2.3897138039852273e-05
6,0.05,0,1,0.15246846326074204,0.553332777325729,1.807230731627764,0.2685450289675161,0.2685053756485606,3.9653318955501504e-05
6,0.05,1,2,0.15521995956047863,0.5633184035777038,1.7751949761429384,0.11411152963283211,0.1141189978299123,-7.468197080195971e-06
6,0.05,1,3,0.05234789753829716,0.18997900885570773,5.263739431125872,0.5790336514020615,0.5791927477217831,-0.00015909631972155225
6,0.05,1,4,0.045708409632945424,0.1658832305936413,6.028336899524625,0.43799161193504355,0.43766753080482645,0.00032408113021709095
6,0.05,2,3,0.2755456924088717,1.0,1.0,0.35676759372669997,0.3568154466886486,-4.7852961948646744e-05
6,0.05,2,4,0.09104782237063702,0.33042731161819305,3.0263842147391693,0.4001584026395534,0.3999525595957143,0.00020584304383908236
6,0.05,3,4,0.18710283995996746,0.6790265466474167,1.4726964725272342,0.20410026289337213,0.20425695878213157,-0.0001566958887594394
6,0.05,4,5,0.15086482559940073,0.5475129162082425,1.8264409302440225,-0.48366044789871454,-0.4837979319384422,0.00013748403972768664
6,0.05,5,6,0.18712190135962448,0.6790957235577518,1.4725464545131357,0.20425349508061874,0.20425695878213324,-3.4637015144944883e-06
6,0.05,5,7,0.09108090159296478,0.3305473614801182,3.025285077219254,0.4000548066760007,0.39995255959571385,0.00010224708028683249
6,0.05,5,8,0.045724812972800954,0.16594276097392824,6.026174291249216,0.43769440375619506,0.437667530804822,2.6872951373047016e-05
6,0.05,6,7,0.2755366452294773,0.9999671663188949,1.0000328347591911,0.3567895736571973,0.35681544668864906,-2.5873031451739692e-05
6,0.05,6,8,0.05229918207033868,0.18980221252282878,5.268642481602912,0.5792506625491695,0.579192747721785,5.79148273844865e-05
6,0.05,7,8,0.15512497011607507,0.5629736714805581,1.776282001554551,0.11413486933924821,0.11411899782991253,1.5871509335685374e-05
6,0.05,8,9,0.15238549353584374,0.5530316667397751,1.8082147192315163,0.2685255359881513,0.2685053756485595,2.0160339591845933e-05
7,0.05,0,1,0.1524661823886222,0.5531996148203498,1.8076657561027902,0.26846956485144813,0.2685053756485606,-3.5810797112456605e-05
7,0.05,1,2,0.1552117331634948,0.5631614149214231,1.775689835106207,0.11415482184753534,0.1141189978299123,3.582401762303178e-05
7,0.05,1,3,0.052336151333661984,0.18989351150122272,5.266109368847819,0.579168133591755,0.5791927477217831,-2.4614130028077774e-05
7,0.05,1,4,0.045754616576965335,0.166013445539769,6.023608489954792,0.4375504216688738,0.43766753080482645,-0.00011710913595264216
7,0.05,2,3,0.27560789686763465,1.0,1.0,0.3568396439210053,0.3568154466886486,2.419723235669302e-05
7,0.05,2,4,0.09111206662439186,0.3305858346582499,3.024932998214431,0.3999900897127159,0.3999525595957143,3.753011700158293e-05
7,0.05,3,4,0.1871444355835714,0.6790242141481552,1.4727015313504146,0.20429944842240644,0.20425695878213157,4.248964027486757e-05
7,0.05,4,5,0.15085884325634802,0.5473676370340017,1.8269256937049814,-0.48375241931473023,-0.4837979319384422,4.551262371199627e-05
7,0.05,5,6,0.18711675773311542,0.6789237894115255,1.472919369737766,0.20426635907345403,0.20425695878213324,9.400291320793563e-06
7,0.05,5,7,0.09108979677543849,0.33050503200634307,3.025672540988144,0.3999990347890596,0.39995255959571385,4.64751933457741e-05
7,0.05,5,8,0.04573127099101515,0.16592873974499492,6.026683512071718,0.4376750090707128,0.437667530804822,7.4782658907590616e-06
7,0.05,6,7,0.2755361583043514,0.9997397078817458,1.000260359887881,0.35681250809082077,0.35681544668864906,-2.9385978282947534e-06
7,0.05,6,8,0.052309975533031405,0.1897985367166535,5.268744518788784,0.579235005515814,0.579192747721785,4.225779402899921e-05
7,0.05,7,8,0.15515058713875218,0.5629395561668753,1.7763896479563863,0.11418741487007233,0.11411899782991253,6.841704015980721e-05
7,0.05,8,9,0.15231093319722122,0.5526363174940924,1.809508293871204,0.26859980380364123,0.2685053756485595,9.44281550817605e-05
8,0.05,0,1,0.15246617394451567,0.5531947937193388,1.8076815099372503,0.26849881902394357,0.2685053756485606,-6.556624617015672e-06
8,0.05,1,2,0.15521131854815584,0.5631550338398335,1.77570995535913,0.11412350134456717,0.1141189978299123,4.5035146548633165e-06
8,0.05,1,3,0.052331210368461,0.18987393974613107,5.266652186903792,0.5791938807916537,0.5791927477217831,1.1330698705958042e-06
8,0.05,1,4,0.04574944092265798,0.1659932290502343,6.024342111553064,0.4376437935363079,0.43766753080482645,-2.373726851856439e-05
8,0.05,2,3,0.27561028353037753,1.0,1.0,0.35682024989000594,0.3568154466886486,4.803201357317377e-06
8,0.05,2,4,0.09112925828827345,0.33064534864581446,3.0243885301746514,0.3999559116478627,0.3999525595957143,3.352052148408724e-06
8,0.05,3,4,0.1871878631323386,0.6791759027805176,1.4723726149677012,0.20428653970379929,0.20425695878213157,2.9580921667715643e-05
8,0.05,4,5,0.1508946114491303,0.5474926752234149,1.826508454367779,-0.4837212060778455,-0.4837979319384422,7.672586059670472e-05
8,0.05,5,6,0.18709535497033902,0.6788402543394849,1.4731006206651742,0.20409934430206755,0.20425695878213324,-0.00015761448006568202
8,0.05,5,7,0.09108468926504698,0.330483638340032,3.0258684061421155,0.39998353279875387,0.39995255959571385,3.097320304001894e-05
8,0.05,5,8,0.045682881474866655,0.1657517306310217,6.033119510686077,0.438063638289075,0.437667530804822,0.00039610748425300546
8,0.05,6,7,0.27558352797762553,0.9999029225164995,1.0000970869084533,0.3569333119838549,0.35681544668864906,0.00011786529520585454
8,0.05,6,8,0.05232286751965831,0.18984366929070456,5.267491951331366,0.5789670875253757,0.579192747721785,-0.00022566019640923862
8,0.05,7,8,0.15507628486035063,0.5626650895384978,1.7772561663994608,0.11399471494142033,0.11411899782991253,-0.00012428288849219982
8,0.05,8,9,0.15254339468745282,0.5534749746398328,1.8067664227289375,0.2683819234718512,0.2685053756485595,-0.000123452176708283
9,0.05,0,1,0.15246617394451611,0.553194899390526,1.807681164634263,0.26850522789317344,0.2685053756485606,-1.4775538714761893e-07
9,0.05,1,2,0.15521131692269363,0.563155135515938,1.7757096347596013,0.11411905971734881,0.1141189978299123,6.188743650881179e-08
9,0.05,1,3,0.05233104632633978,0.18987338081977057,5.2666676902393625,0.579192791710659,0.5791927477217831,4.3988875875200506e-08
9,0.05,1,4,0.04574697057153654,0.16598429755279334,6.02466627713346,0.43766726704700165,0.43766753080482645,-2.637578248032568e-07
9,0.05,2,3,0.275610230883353,1.0,1.0,0.3568155931925008,0.3568154466886486,1.4650385216086192e-07
9,0.05,2,4,0.09112800797811516,0.3306408752898706,3.0244294481839455,0.399953028188459,0.3999525595957143,4.6859274471788837e-07
9,0.05,3,4,0.18718974937325195,0.6791828763877659,1.4723574971714541,0.2042589335241496,0.20425695878213157,1.974742018018283e-06
9,0.05,4,5,0.15092671807902147,0.5476092726866095,1.8261195525304563,-0.48370689251979293,-0.4837979319384422,9.103941864929688e-05
9,0.05,5,6,0.18708999509948887,0.6788209367259348,1.4731425415709256,0.2040153655470448,0.20425695878213324,-0.0002415932350884331
9,0.05,5,7,0.0909500410769426,0.32999515578736094,3.0303475140840255,0.4002917032216673,0.39995255959571385,0.00033914362595344194
9,0.05,5,8,0.045637532734784436,0.1655872228999354,6.039113299244721,0.43828011333319616,0.437667530804822,0.0006125825283741504
9,0.05,6,7,0.27514082989971,0.9982968666216108,1.0017060389903385,0.35637233502335586,0.35681544668864906,-0.00044311166529320545
9,0.05,6,8,0.05221429360627883,0.1894497654855838,5.278444116501666,0.5794800207070447,0.579192747721785,0.00028727298525976774
9,0.05,7,8,0.15506882451715787,0.5626381285634782,1.777341330480374,0.11386436319675841,0.11411899782991253,-0.00025463463315411605
9,0.05,8,9,0.1524648470347576,0.5531900849474836,1.807696896980599,0.2685869796377309,0.2685053756485595,8.160398917145262e-05
0,0.1,0,1,0.15246058566489107,0.5531746211821413,1.8077474303918482,0.26883475166534065,0.2685053756485606,0.00032937601678006967
0,0.1,1,2,0.15464244787373693,0.5610910987136053,1.7822417826493173,0.11310121662878425,0.1141189978299123,-0.001017781201128054
0,0.1,1,3,0.051865443844084425,0.1881840288476733,5.313947236242115,0.5803438743055391,0.5791927477217831,0.0011511265837560458
0,0.1,1,4,0.04531061870879127,0.16440107605815138,6.082685247426747,0.4401201640735454,0.43766753080482645,0.002452633268718918
0,0.1,2,3,0.27373947287901357,0.993212301737327,1.0068340859761804,0.35504523570878643,0.3568154466886486,-0.0017702109798621857
0,0.1,2,4,0.09041833606770178,0.3280659626489191,3.0481674841414543,0.4013108665744691,0.3999525595957143,0.0013583069787548308
0,0.1,3,4,0.18679150286080337,0.6777379109784073,1.4754966245821535,0.2032904112211691,0.20425695878213157,-0.000966547560962483
0,0.1,4,5,0.15091860290612913,0.5475798261423113,1.8262177535739028,-0.48343145300289936,-0.4837979319384422,0.0003664789355428688
0,0.1,5,6,0.18718988521106383,0.679183366567666,1.4723564345422933,0.2042648565233659,0.20425695878213324,7.89774123266529e-06
0,0.1,5,7,0.09112829653366283,0.3306419209538119,3.0244198833447142,0.3999544384161946,0.39995255959571385,1.87882048074961e-06
0,0.1,5,8,0.045747173966196986,0.16598503487667038,6.024639514899741,0.43766648318496526,0.437667530804822,-1.047619856753279e-06
0,0.1,6,7,0.27561023197174306,1.0,1.0,0.35681603132245077,0.35681544668864906,5.846338017034824e-07
0,0.1,6,8,0.05233104813180578,0.1898733866207515,5.2666675293329845,0.579192923243472,0.579192747721785,1.7552168707357652e-07
0,0.1,7,8,0.1552113169226943,0.5631551332920302,1.7757096417719045,0.11411924473198587,0.11411899782991253,2.4690207334199243e-07
0,0.1,8,9,0.15246617394451634,0.5531948972059496,1.8076811717728278,0.2685047861339943,0.2685053756485595,-5.895145651635403e-07
1,0.1,0,1,0.15277334349719585,0.5543089824871037,1.8040479797262992,0.2680137277136513,0.2685053756485606,-0.0004916479349093006
1,0.1,1,2,0.15467251121880854,0.5611997508845291,1.7818967282573817,0.1136237163324405,0.1141189978299123,-0.0004952814974718001
1,0.1,1,3,0.0522984502168351,0.18975496681381734,5.269954282573136,0.578289824066134,0.5791927477217831,-0.000902923655649035
1,0.1,1,4,0.04549138095362304,0.1650568123410799,6.058520007847726,0.439251460680524,0.43766753080482645,0.001583929875697554
1,0.1,2,3,0.27550361501353315,0.999612399740884,1.0003877505513301,0.3572868645774211,0.3568154466886486,0.00047141788877247404
1,0.1,2,4,0.0909552271220262,0.3300137199577567,3.0301770487845316,0.40007622798956266,0.3999525595957143,0.00012366839384836403
1,0.1,3,4,0.18681278678003954,0.6778146199145316,1.4753296412020356,0.2036268611712999,0.20425695878213157,-0.0006300976108316592
1,0.1,4,5,0.15079033052296098,0.5471139975581588,1.8277726478633896,-0.48349103357681633,-0.4837979319384422,0.0003068983616258958
1,0.1,5,6,0.18718233524697103,0.6791554561494093,1.4724169421676665,0.2043751166127089,0.20425695878213324,0.00011815783057567142
1,0.1,5,7,0.09113327601703647,0.33065973646539376,3.024256931580353,0.39996601397022924,0.39995255959571385,1.3454374515387002e-05
1,0.1,5,8,0.045757026537148526,0.16602065675094524,6.023346850748478,0.43757288235332126,0.437667530804822,-9.464845150075618e-05
1,0.1,6,7,0.2756104416921481,1.0,1.0,0.35683461647529835,0.35681544668864906,1.9169786649286813e-05
1,0.1,6,8,0.05233170259779252,0.18987561674548634,5.266605671334951,0.5791972689344536,0.579192747721785,4.521212668584518e-06
1,0.1,7,8,0.15521132340830412,0.5631547283018848,1.775710918765366,0.11413696351427594,0.11411899782991253,1.7965684363407952e-05
1,0.1,8,9,0.15246617394451634,0.5531944762630522,1.8076825472937028,0.26847921866706115,0.2685053756485595,-2.615698149832646e-05
2,0.1,0,1,0.15184662405481264,0.5509656637634706,1.8149951363018146,0.2688827243096127,0.2685053756485606,0.0003773486610521015
2,0.1,1,2,0.15496876366429624,0.562294145598407,1.7784286175268211,0.11439248044067363,0.1141189978299123,0.00027348261076132196
2,0.1,1,3,0.05224687953080909,0.18957442642828357,5.274973100753662,0.5793618056336138,0.5791927477217831,0.00016905791183075003
2,0.1,1,4,0.04568448895059074,0.16576321623898102,6.032701480395378,0.43769719561540965,0.43766753080482645,2.9664810583196477e-05
2,0.1,2,3,0.27531448575759243,0.9989608220356272,1.0010402589785805,0.3568036869885721,0.3568154466886486,-1.1759700076496848e-05
2,0.1,2,4,0.0909756675512492,0.33009933128711,3.0293911717446997,0.400138476434008,0.3999525595957143,0.0001859168382937204
2,0.1,3,4,0.18689831293497605,0.67814845198877,1.4746033808192778,0.20429464948248688,0.20425695878213157,3.7690700355308415e-05
2,0.1,4,5,0.15064744996937796,0.5466145380794977,1.8294427431686122,-0.48361561247755214,-0.4837979319384422,0.0001823194608900902
2,0.1,5,6,0.18700882013463604,0.6785494202222774,1.4737320086021484,0.2044265587114804,0.20425695878213324,0.00016959992934717505
2,0.1,5,7,0.09106455816923775,0.33042186515078503,3.0264340997641273,0.4001025729339869,0.39995255959571385,0.0001500133382730251
2,0.1,5,8,0.045777602660743044,0.16610107331969573,6.0204306932761,0.4372007981571514,0.437667530804822,-0.00046673264767060907
2,0.1,6,7,0.27560088412333505,1.0,1.0,0.3569120159873074,0.35681544668864906,9.65692986583111e-05
2,0.1,6,8,0.052351410790332675,0.1899537113491433,5.264440441292331,0.579094574624654,0.579192747721785,-9.817309713100464e-05
2,0.1,7,8,0.15521297753394614,0.5631802598444723,1.7756304176502204,0.11426187360885642,0.11411899782991253,0.00014287577894389614
2,0.1,8,9,0.15246620763656882,0.5532137827552766,1.8076194613581542,0.26836256793141555,0.2685053756485595,-0.00014280771714392237
3,0.1,0,1,0.1521441186063741,0.5525434015202594,1.8098125816879098,0.26858579689939477,0.2685053756485606,8.042125083418394e-05
3,0.1,1,2,0.15486638916997464,0.5624299002613765,1.7779993551823485,0.11418228231882233,0.1141189978299123,6.328448891002036e-05
3,0.1,1,3,0.05220376955143635,0.1895889809237879,5.2745681480401325,0.5794242957024873,0.5791927477217831,0.00023154798070423865
3,0.1,1,4,0.04565865996849139,0.1658190373636315,6.030670638902928,0.43777507584800246,0.43766753080482645,0.000107545043176005
3,0.1,2,3,0.27531643656686733,0.9998696088191759,1.0001304081849014,0.3567120071385461,0.3568154466886486,-0.00010343955010250205
3,0.1,2,4,0.09094017965082757,0.3302684103690786,3.027840291726626,0.40036136758676555,0.3999525595957143,0.0004088079910512521
3,0.1,3,4,0.1869189406635371,0.67883548985552,1.4731109597891459,0.20424315559809558,0.20425695878213157,-1.380318403598757e-05
3,0.1,4,5,0.1506713632700789,0.547194780419571,1.8275028121306873,-0.48324824354031115,-0.4837979319384422,0.0005496883981310763
3,0.1,5,6,0.18684267783334685,0.6785585253301156,1.4737122336109543,0.203631011083778,0.20425695878213324,-0.0006259476983552226
3,0.1,5,7,0.09080806915025974,0.32978862326965647,3.0322452911977362,0.400775729730923,0.39995255959571385,0.0008231701352091614
3,0.1,5,8,0.04559312115641578,0.16558101936801287,6.03933955604806,0.43896272024081573,0.437667530804822,0.0012951894359937155
3,0.1,6,7,0.2753523400836335,1.0,1.0,0.356623749539415,0.35681544668864906,-0.00019169714923406023
3,0.1,6,8,0.052398192840906965,0.19029507003641924,5.25499688356938,0.5785580917169385,0.579192747721785,-0.0006346560048464678
3,0.1,7,8,0.15524578393419564,0.5638077522313498,1.7736542217490927,0.11408906826106424,0.11411899782991253,-2.9929568848285903e-05
3,0.1,8,9,0.1524753081819188,0.5537461861976806,1.8058815120092084,0.26866403651165904,0.2685053756485595,0.00015866086309956895
4,0.1,0,1,0.1525798050427205,0.5542721339233005,1.8041679146337504,0.2684103301683962,0.2685053756485606,-9.504548016436853e-05
4,0.1,1,2,0.15494660859576292,0.5628699510168194,1.7766093183576583,0.11378776087502807,0.1141189978299123,-0.00033123695488423976
4,0.1,1,3,0.0521948877927747,0.18960682135285442,5.274071854930896,0.5794685692771611,0.5791927477217831,0.00027582155537797526
4,0.1,1,4,0.0456040115659202,0.1656643406971729,6.036302053849693,0.4383859880928187,0.43766753080482645,0.0007184572879922468
4,0.1,2,3,0.27527958867914926,1.0,1.0,0.3565399391828832,0.3568154466886486,-0.0002755075057654377
4,0.1,2,4,0.09090601069314053,0.3302315697626807,3.0281780773372002,0.40042532337774495,0.3999525595957143,0.0004727637820306496
4,0.1,3,4,0.18691871271194027,0.6790140656952319,1.4727235421494775,0.2040876667550643,0.20425695878213157,-0.00016929202706728042
4,0.1,4,5,0.150675755013991,0.5473553478373232,1.82696671175524,-0.48324696728034855,-0.4837979319384422,0.0005509646580936778
4,0.1,5,6,0.186898587714023,0.6789409582119862,1.4728821231135232,0.20419208031790925,0.20425695878213324,-6.487846422398302e-05
4,0.1,5,7,0.09088906342760716,0.330170005933649,3.0287427144456003,0.4003571625519846,0.39995255959571385,0.00040460295627076093
4,0.1,5,8,0.04561409868462185,0.1657009838742063,6.034967183774605,0.4384109585205497,0.437667530804822,0.0007434277157276625
4,0.1,6,7,0.27517550105294375,0.9996218839663887,1.0003782590594266,0.3562109022003529,0.35681544668864906,-0.0006045444882961659
4,0.1,6,8,0.05214098669782263,0.18941101644334155,5.279523962108771,0.5800681664339933,0.579192747721785,0.000875418712208309
4,0.1,7,8,0.15512100876417834,0.5635034893378122,1.7746119037792052,0.1136047506748461,0.11411899782991253,-0.0005142471550664274
4,0.1,8,9,0.1526915407764713,0.554678033010432,1.8028476710581989,0.2685555307489178,0.2685053756485595,5.015510035832893e-05
5,0.1,0,1,0.1526915407764715,0.5546780330104333,1.8028476710581947,0.2685555307489176,0.2685053756485606,5.015510035699666e-05
5,0.1,1,2,0.15512100876417856,0.5635034893378136,1.774611903779201,0.11360475067484554,0.1141189978299123,-0.0005142471550667604
5,0.1,1,3,0.05214098669782263,0.18941101644334168,5.279523962108766,0.5800681664339938,0.5791927477217831,0.0008754187122107515
5,0.1,1,4,0.04561409868462207,0.16570098387420723,6.034967183774571,0.438410958520548,0.43766753080482645,0.0007434277157215563
5,0.1,2,3,0.27517550105294397,0.9996218839663903,1.000378259059425,0.3562109022003538,0.3568154466886486,-0.0006045444882948336
5,0.1,2,4,0.09088906342760783,0.3301700059336517,3.0287427144455754,0.40035716255198195,0.3999525595957143,0.0004046029562676523
5,0.1,3,4,0.18689858771402346,0.6789409582119883,1.4728821231135185,0.20419208031791036,0.20425695878213157,-6.487846422120747e-05
5,0.1,4,5,0.150675755013991,0.5473553478373236,1.8269667117552386,-0.48324696728034966,-0.4837979319384422,0.0005509646580925676
5,0.1,5,6,0.1869187127119405,0.6790140656952333,1.4727235421494747,0.20408766675506484,0.20425695878213324,-0.00016929202706839064
5,0.1,5,7,0.09090601069314053,0.330231569762681,3.028178077337198,0.4004253233777454,0.39995255959571385,0.0004727637820315378
5,0.1,5,8,0.04560401156592042,0.16566434069717384,6.036302053849658,0.43838598809281615,0.437667530804822,0.0007184572879941342
5,0.1,6,7,0.27527958867914903,1.0,1.0,0.35653993918288296,0.35681544668864906,-0.00027550750576610383
5,0.1,6,8,0.0521948877927747,0.1896068213528546,5.274071854930892,0.5794685692771606,0.579192747721785,0.0002758215553756438
5,0.1,7,8,0.1549466085957627,0.562869951016819,1.7766093183576595,0.11378776087502862,0.11411899782991253,-0.0003312369548839067
5,0.1,8,9,0.1525798050427205,0.554272133923301,1.804167914633749,0.2684103301683952,0.2685053756485595,-9.504548016425751e-05
6,0.1,0,1,0.15247530818191857,0.5537461861976793,1.8058815120092124,0.2686640365116594,0.2685053756485606,0.0001586608630987918
6,0.1,1,2,0.15524578393419475,0.5638077522313462,1.773654221749104,0.11408906826106446,0.1141189978299123,-2.9929568847841814e-05
6,0.1,1,3,0.052398192840906965,0.19029507003641907,5.254996883569385,0.5785580917169371,0.5791927477217831,-0.0006346560048460237
6,0.1,1,4,0.04559312115641534,0.16558101936801112,6.039339556048123,0.43896272024081917,0.43766753080482645,0.0012951894359927163
6,0.1,2,3,0.27535234008363374,1.0,1.0,0.3566237495394151,0.3568154466886486,-0.00019169714923350512
6,0.1,2,4,0.09080806915025907,0.3297886232696538,3.0322452911977607,0.40077572973092634,0.3999525595957143,0.000823170135212048
6,0.1,3,4,0.18684267783334663,0.6785585253301143,1.4737122336109572,0.20363101108377601,0.20425695878213157,-0.0006259476983555556
6,0.1,4,5,0.15067136327007868,0.5471947804195698,1.8275028121306913,-0.4832482435403078,-0.4837979319384422,0.000549688398134407
6,0.1,5,6,0.18691894066353698,0.678835489855519,1.4731109597891479,0.2042431555980937,0.20425695878213324,-1.3803184039540284e-05
6,0.1,5,7,0.0909401796508269,0.33026841036907595,3.0278402917266503,0.40036136758676855,0.39995255959571385,0.0004088079910546938
6,0.1,5,8,0.04565865996849072,0.16581903736362893,6.030670638903021,0.43777507584800934,0.437667530804822,0.00010754504318732927
6,0.1,6,7,0.27531643656686766,0.9998696088191763,1.000130408184901,0.3567120071385451,0.35681544668864906,-0.00010343955010394534
6,0.1,6,8,0.05220376955143613,0.18958898092378693,5.27456814804016,0.5794242957024882,0.579192747721785,0.00023154798070323945
6,0.1,7,8,0.1548663891699742,0.5624299002613745,1.7779993551823547,0.11418228231882155,0.11411899782991253,6.328448890902116e-05
6,0.1,8,9,0.15214411860637367,0.5525434015202573,1.8098125816879167,0.26858579689939655,0.2685053756485595,8.042125083707052e-05
7,0.1,0,1,0.15246620763656926,0.5532137827552772,1.8076194613581522,0.2683625679314159,0.2685053756485606,-0.00014280771714469953
7,0.1,1,2,0.15521297753394614,0.5631802598444714,1.7756304176502233,0.11426187360885609,0.1141189978299123,0.00014287577894378511
7,0.1,1,3,0.05235141079033245,0.18995371134914218,5.264440441292362,0.5790945746246559,0.5791927477217831,-9.817309712722988e-05
7,0.1,1,4,0.045777602660743044,0.16610107331969548,6.020430693276109,0.4372007981571516,0.43766753080482645,-0.0004667326476748279
7,0.1,2,3,0.2756008841233355,1.0,1.0,0.3569120159873068,0.3568154466886486,9.656929865820008e-05
7,0.1,2,4,0.09106455816923775,0.33042186515078453,3.026434099764132,0.4001025729339873,0.3999525595957143,0.0001500133382730251
7,0.1,3,4,0.18700882013463616,0.6785494202222767,1.4737320086021497,0.20442655871148052,0.20425695878213157,0.0001695999293489514
7,0.1,4,5,0.15064744996937818,0.5466145380794976,1.8294427431686124,-0.4836156124775519,-0.4837979319384422,0.00018231946089031226
7,0.1,5,6,0.18689831293497572,0.6781484519887677,1.4746033808192829,0.2042946494824852,0.20425695878213324,3.7690700351977746e-05
7,0.1,5,7,0.09097566755124897,0.33009933128710867,3.029391171744712,0.40013847643400813,0.39995255959571385,0.00018591683829427552
7,0.1,5,8,0.045684488950590296,0.16576321623897913,6.032701480395447,0.4376971956154144,0.437667530804822,2.9664810592411328e-05
7,0.1,6,7,0.27531448575759243,0.9989608220356256,1.001040258978582,0.3568036869885721,0.35681544668864906,-1.1759700076940938e-05
7,0.1,6,8,0.05224687953080909,0.18957442642828326,5.27497310075367,0.5793618056336138,0.579192747721785,0.00016905791182886265
7,0.1,7,8,0.15496876366429646,0.5622941455984068,1.7784286175268216,0.11439248044067252,0.11411899782991253,0.0002734826107599897
7,0.1,8,9,0.15184662405481264,0.5509656637634697,1.8149951363018175,0.2688827243096138,0.2685053756485595,0.00037734866105432197
8,0.1,0,1,0.15246617394451656,0.553194476263053,1.8076825472937004,0.2684792186670586,0.2685053756485606,-2.6156981501990195e-05
8,0.1,1,2,0.15521132340830435,0.5631547283018856,1.7757109187653635,0.11413696351427727,0.1141189978299123,1.7965684364962264e-05
8,0.1,1,3,0.05233170259779363,0.18987561674549036,5.2666056713348395,0.579197268934446,0.5791927477217831,4.52121266292238e-06
8,0.1,1,4,0.04575702653714897,0.16602065675094685,6.023346850748419,0.4375728823533179,0.43766753080482645,-9.464845150852774e-05
8,0.1,2,3,0.2756104416921481,1.0,1.0,0.3568346164753021,0.3568154466886486,1.916978665350566e-05
8,0.1,2,4,0.09113327601703736,0.330659736465397,3.024256931580324,0.3999660139702256,0.3999525595957143,1.3454374511279177e-05
8,0.1,3,4,0.18718233524697148,0.679155456149411,1.472416942167663,0.2043751166127089,0.20425695878213157,0.00011815783057733675
8,0.1,4,5,0.1507903305229612,0.5471139975581596,1.827772647863387,-0.4834910335768179,-0.4837979319384422,0.0003068983616243415
8,0.1,5,6,0.1868127867800402,0.6778146199145341,1.4753296412020303,0.2036268611713008,0.20425695878213324,-0.0006300976108324363
8,0.1,5,7,0.09095522712202664,0.3300137199577583,3.0301770487845165,0.40007622798956166,0.39995255959571385,0.00012366839384780892
8,0.1,5,8,0.04549138095362326,0.16505681234108074,6.058520007847695,0.4392514606805227,0.437667530804822,0.0015839298757006626
8,0.1,6,7,0.2755036150135335,0.9996123997408852,1.000387750551329,0.35728686457742065,0.35681544668864906,0.00047141788877158586
8,0.1,6,8,0.0522984502168351,0.18975496681381734,5.269954282573136,0.5782898240661349,0.579192747721785,-0.0009029236556500342
8,0.1,7,8,0.15467251121880898,0.5611997508845307,1.7818967282573765,0.11362371633244028,0.11411899782991253,-0.0004952814974722441
8,0.1,8,9,0.1527733434971963,0.5543089824871054,1.8040479797262938,0.2680137277136514,0.2685053756485595,-0.0004916479349080793
9,0.1,0,1,0.15246617394451634,0.5531948972059487,1.8076811717728307,0.2685047861339923,0.2685053756485606,-5.895145682721648e-07
9,0.1,1,2,0.15521131692269363,0.5631551332920268,1.775709641771915,0.11411924473198698,0.1141189978299123,2.4690207467426006e-07
9,0.1,1,3,0.052331048131806224,0.18987338662075282,5.266667529332949,0.5791929232434683,0.5791927477217831,1.7552168518619737e-07
9,0.1,1,4,0.04574717396619721,0.1659850348766709,6.024639514899722,0.4376664831849625,0.43766753080482645,-1.0476198639697287e-06
9,0.1,2,3,0.2756102319717435,1.0,1.0,0.35681603132245276,0.3568154466886486,5.846338041459731e-07
9,0.1,2,4,0.09112829653366306,0.3306419209538122,3.0244198833447116,0.3999544384161946,0.3999525595957143,1.8788204803055208e-06
9,0.1,3,4,0.18718988521106406,0.6791833665676658,1.4723564345422937,0.2042648565233659,0.20425695878213157,7.897741234330624e-06
9,0.1,4,5,0.1509186029061289,0.5475798261423095,1.8262177535739088,-0.48343145300290047,-0.4837979319384422,0.0003664789355417586
9,0.1,5,6,0.18679150286080326,0.6777379109784057,1.4754966245821568,0.20329041122117109,0.20425695878213324,-0.0009665475609621499
9,0.1,5,7,0.090418336067702,0.32806596264891935,3.0481674841414517,0.4013108665744689,0.39995255959571385,0.0013583069787550528
9,0.1,5,8,0.04531061870879194,0.16440107605815352,6.082685247426668,0.4401201640735386,0.437667530804822,0.0024526332687165864
9,0.1,6,7,0.2737394728790139,0.9932123017373267,1.0068340859761808,0.35504523570878666,0.35681544668864906,-0.0017702109798624077
9,0.1,6,8,0.051865443844084425,0.188184028847673,5.313947236242124,0.5803438743055407,0.579192747721785,0.0011511265837557128
9,0.1,7,8,0.15464244787373738,0.561091098713606,1.7822417826493153,0.11310121662878525,0.11411899782991253,-0.0010177812011272769
9,0.1,8,9,0.15246058566489107,0.5531746211821404,1.807747430391851,0.26883475166533966,0.2685053756485595,0.0003293760167801807
0,0.2,0,1,0.15243936216405252,0.5530976070647196,1.8079991437803982,0.26986970095074214,0.2685053756485606,0.0013643253021815571
0,0.2,1,2,0.15295327774355627,0.5549622532638482,1.8019243545282448,0.11006010387923848,0.1141189978299123,-0.004058893950673825
0,0.2,1,3,0.05049094471718263,0.18319691387488776,5.4586072376903605,0.5838287289620938,0.5791927477217831,0.004635981240310727
0,0.2,1,4,0.044020761354172544,0.15972106823667545,6.260914800032486,0.44751370352077935,0.43766753080482645,0.009846172715952894
0,0.2,2,3,0.26823386155122964,0.9732362091495275,1.0274997894641222,0.3497700474776556,0.3568154466886486,-0.007045399210993009
0,0.2,2,4,0.08831978684531605,0.32045176565380457,3.1205944456562476,0.40541288210703197,0.3999525595957143,0.005460322511317672
0,0.2,3,4,0.1856069798932518,0.6734400811975817,1.4849131020263826,0.20038814620514978,0.20425695878213157,-0.003868812576981795
0,0.2,4,5,0.15088610716441386,0.547461912902362,1.8266110873330226,-0.4822952879410276,-0.4837979319384422,0.001502643997414621
0,0.2,5,6,0.1871904171159815,0.6791852858900972,1.4723522737826444,0.20428852984645463,0.20425695878213324,3.1571064321389564e-05
0,0.2,5,7,0.09112943470650192,0.33064604544253795,3.024382156640029,0.3999601455310925,0.39995255959571385,7.585935378640052e-06
0,0.2,5,8,0.04574797671670172,0.16598794491694005,6.024533893111319,0.43766345822043173,0.437667530804822,-4.072584390280021e-06
0,0.2,6,7,0.275610236271037,1.0,1.0,0.3568177632268593,0.35681544668864906,2.316538210256347e-06
0,0.2,6,8,0.05233105526365023,0.18987340953544088,5.266666893730292,0.5791934429024077,0.579192747721785,6.95180622733993e-07
0,0.2,7,8,0.1552113169226934,0.5631551245072681,1.775709669471531,0.11411997512772798,0.11411899782991253,9.772978154520828e-07
0,0.2,8,9,0.15246617394451634,0.5531948885765624,1.8076811999711735,0.26850304158103033,0.2685053756485595,-2.33406752914167e-06
1,0.2,0,1,0.15366763899861158,0.5575525098606302,1.793553041757389,0.26657290694976754,0.2685053756485606,-0.001932468698793044
1,0.2,1,2,0.1530770341762433,0.5554096175562186,1.8004729633598393,0.11216722777591548,0.1141189978299123,-0.0019517700539968263
1,0.2,1,3,0.05220252794996938,0.1894065052944433,5.279649706040679,0.5755765763752361,0.5791927477217831,-0.0036161713465470147
1,0.2,1,4,0.0447337653232136,0.16230758339235968,6.161141575145115,0.44399492276578734,0.43766753080482645,0.006327391960960882
1,0.2,2,3,0.27518686541194026,0.9984608892994903,1.0015414832138188,0.3587004510866951,0.3568154466886486,0.001885004398046508
1,0.2,2,4,0.09044043093865417,0.3281451422779993,3.0474319779898376,0.40044368236550265,0.3999525595957143,0.0004911227697883547
1,0.2,3,4,0.18568965129507842,0.6737380219374076,1.4842564430672776,0.20174239492352286,0.20425695878213157,-0.0025145638586087093
1,0.2,4,5,0.15037547422284847,0.5456075437925431,1.8328192331230506,-0.4825704853781678,-0.4837979319384422,0.0012274465602744034
1,0.2,5,6,0.18716013814230315,0.679073391425284,1.4725948809467178,0.20472694576084494,0.20425695878213324,0.0004699869787117006
1,0.2,5,7,0.09114900647221869,0.3307160678791162,3.0237418049053524,0.40000710883265655,0.39995255959571385,5.454923694270253e-05
1,0.2,5,8,0.04578692804812223,0.16612877518258282,6.019426790457921,0.4372937199029885,0.437667530804822,-0.0003738109018335267
1,0.2,6,7,0.2756110613456362,1.0,1.0,0.3568914409587175,0.35681544668864906,7.599427006843573e-05
1,0.2,6,8,0.05233364602471213,0.1898822411887234,5.266421934666881,0.5792106564117139,0.579192747721785,1.790868992890271e-05
1,0.2,7,8,0.15521134260657443,0.5631535318240664,1.7757146914465378,0.11419009062498175,0.11411899782991253,7.10927950692275e-05
1,0.2,8,9,0.15246617394451611,0.5531932325216531,1.8076866114967485,0.2684018541987563,0.2685053756485595,-0.00010352144980319
2,0.2,0,1,0.15001042336425074,0.5443588796609258,1.8370234001195815,0.27000892026784284,0.2685053756485606,0.00150354461928226
2,0.2,1,2,0.15424693321883987,0.559732356426049,1.7865681490795118,0.11520993731980533,0.1141189978299123,0.001090939489893028
2,0.2,1,3,0.051996205660734374,0.18868419690655822,5.299860912544936,0.5798693875012388,0.5791927477217831,0.0006766397794557566
2,0.2,1,4,0.045499039720606316,0.16510723543401234,6.0566697599371135,0.4377822152525592,0.43766753080482645,0.00011468444773277131
2,0.2,2,3,0.27443589336938246,0.9958749005764362,1.0041421863541053,0.35676831875334114,0.3568154466886486,-4.7127935307478275e-05
2,0.2,2,4,0.09052235269636633,0.32848815030948286,3.044249842978679,0.400696458938789,0.3999525595957143,0.0007438993430747276
2,0.2,3,4,0.18603040038450347,0.6750684256805781,1.4813313168836748,0.204409148311108,0.20425695878213157,0.000152189528976443
2,0.2,4,5,0.14980701068880942,0.5436207343132308,1.839517768326707,-0.4830644053721933,-0.4837979319384422,0.000733526566248921
2,0.2,5,6,0.18646918754418995,0.6766606996126138,1.4778455444102148,0.20492964266835323,0.20425695878213324,0.0006726838862199935
2,0.2,5,7,0.09087491479098486,0.3297675301187874,3.032439244821297,0.4005509042389268,0.39995255959571385,0.0005983446432129558
2,0.2,5,8,0.045867220697796585,0.16644329315427556,6.008052238386706,0.43582771349279303,0.437667530804822,-0.0018398173120289796
2,0.2,6,7,0.27557265798197383,1.0,1.0,0.35719822181669314,0.35681544668864906,0.0003827751280440772
2,0.2,6,8,0.052411592632386705,0.19019155607163005,5.257856976696586,0.5788045598186771,0.579192747721785,-0.0003881879031079061
2,0.2,7,8,0.15521789008729603,0.5632557715412004,1.7753923715042714,0.11468381257316307,0.11411899782991253,0.0005648147432505413
2,0.2,8,9,0.1524663073695398,0.5532708088170095,1.807433148584463,0.2679410758947456,0.2685053756485595,-0.0005642997538138905
3,0.2,0,1,0.15118854844464535,0.5506117751097129,1.8161616681749015,0.2688235406785999,0.2685053756485606,0.00031816503003934127
3,0.2,1,2,0.15383893306363805,0.5602641793083111,1.784872274423427,0.11436891984786846,0.1141189978299123,0.0002499220179561501
3,0.2,1,3,0.05182478618686592,0.18874007198686227,5.29829192853973,0.580117127929247,0.5791927477217831,0.0009243802074638818
3,0.2,1,4,0.04539577492903568,0.16532633240611422,6.048643222445412,0.43809854239515666,0.43766753080482645,0.0004310115903302103
3,0.2,2,3,0.2744437471931793,0.9994934164284565,1.0005068403285273,0.35640252946006723,0.3568154466886486,-0.0004129172285813887
3,0.2,2,4,0.09038187355999683,0.32916066957830514,3.038030033421434,0.4015848879396743,0.3999525595957143,0.0016323283439599878
3,0.2,3,4,0.18611375274450104,0.6778054609638614,1.4753495768210063,0.20420256348395938,0.20425695878213157,-5.439529817219402e-05
3,0.2,4,5,0.14990240510627006,0.5459277849935724,1.8317441014872942,-0.4816031400690819,-0.4837979319384422,0.002194791869360335
3,0.2,5,6,0.1858084387629254,0.6766935416082581,1.477773820071281,0.20176646437684698,0.20425695878213324,-0.0024904944052862588
3,0.2,5,7,0.0898567203240268,0.32724812025868566,3.055785314242637,0.4032419534617512,0.39995255959571385,0.0032893938660373268
3,0.2,5,8,0.04513480817811488,0.16437592070200474,6.083616114387513,0.4428302244172144,0.437667530804822,0.0051626936123924105
3,0.2,6,7,0.274582846352169,1.0,1.0,0.3560441464791273,0.35681544668864906,-0.0007713002095217636
3,0.2,6,8,0.05259549490749316,0.1915469069034133,5.22065334369636,0.576681641464143,0.579192747721785,-0.0025111062576419485
3,0.2,7,8,0.15534753670691215,0.5657583449611037,1.767539107299868,0.11399835853718376,0.11411899782991253,-0.00012063929272876361
3,0.2,8,9,0.15250234428232146,0.5553964725339325,1.800515576625136,0.2691407834242876,0.2685053756485595,0.0006354077757281251
4,0.2,0,1,0.15291610996146687,0.5574879904739322,1.7937606138382984,0.26813384438427934,0.2685053756485606,-0.00037153126428124406
4,0.2,1,2,0.15415717451935507,0.5620125535601882,1.779319685415009,0.11280043393216643,0.1141189978299123,-0.0013185638977458725
4,0.2,1,3,0.05178966495044435,0.18881016688050006,5.296324962378273,0.5802948131945802,0.5791927477217831,0.0011020654727971202
4,0.2,1,4,0.0451789861889893,0.16470954060037205,6.071293723210963,0.44053691329019995,0.43766753080482645,0.002869382485373495
4,0.2,2,3,0.27429489527024553,1.0,1.0,0.3557165950789689,0.3568154466886486,-0.0010988516096797074
4,0.2,2,4,0.09024637985150119,0.3290122470656521,3.0394005357510507,0.4018382728671728,0.3999525595957143,0.0018857132714584779
4,0.2,3,4,0.1861129002278079,0.6785139039661768,1.4738091499004107,0.2035809595349759,0.20425695878213157,-0.0006759992471556675
4,0.2,4,5,0.1499209744073684,0.5465685909307961,1.829596534804568,-0.481604248670388,-0.4837979319384422,0.0021936832680542473
4,0.2,5,6,0.1860314238163856,0.6782168644921391,1.4744546359059028,0.20400134946578663,0.20425695878213324,-0.00025560931634660555
4,0.2,5,7,0.09017932590362943,0.3287677877299955,3.0416605194340454,0.4015648924464854,0.39995255959571385,0.0016123328507715584
4,0.2,5,8,0.04522011911246282,0.1648594993643986,6.065771180037625,0.44062178848272804,0.437667530804822,0.0029542576779060248
4,0.2,6,7,0.2738796607367471,0.9984861747678923,1.0015161203733838,0.35440625819110705,0.35681544668864906,-0.002409188497542014
4,0.2,6,8,0.051575037952588776,0.18802769880852185,5.318365359660923,0.582692014628919,0.579192747721785,0.00349926690713398
4,0.2,7,8,0.1548510667792966,0.5645422844152151,1.7713465007069518,0.11207446231104645,0.11411899782991253,-0.002044535518866075
4,0.2,8,9,0.15335883198715905,0.5591020271670175,1.7885823184491432,0.2687177799854553,0.2685053756485595,0.00021240433689584393
5,0.2,0,1,0.15335883198715883,0.5591020271670158,1.7885823184491485,0.2687177799854552,0.2685053756485606,0.00021240433689462268
5,0.2,1,2,0.15485106677929616,0.5645422844152126,1.7713465007069598,0.11207446231104667,0.1141189978299123,-0.002044535518865631
5,0.2,1,3,0.051575037952588776,0.18802769880852158,5.31836535966093,0.5826920146289183,0.5791927477217831,0.003499266907135201
5,0.2,1,4,0.04522011911246282,0.1648594993643983,6.065771180037634,0.4406217884827285,0.43766753080482645,0.002954257677902028
5,0.2,2,3,0.2738796607367475,0.9984861747678923,1.0015161203733838,0.35440625819110716,0.3568154466886486,-0.002409188497541459
5,0.2,2,4,0.09017932590362943,0.32876778772999493,3.0416605194340502,0.40156489244648697,0.3999525595957143,0.0016123328507726686
5,0.2,3,4,0.18603142381638627,0.6782168644921405,1.4744546359058999,0.20400134946578652,0.20425695878213157,-0.00025560931634505124
5,0.2,4,5,0.1499209744073684,0.5465685909307952,1.8295965348045709,-0.48160424867038865,-0.4837979319384422,0.002193683268053581
5,0.2,5,6,0.18611290022780802,0.6785139039661762,1.4738091499004122,0.20358095953497624,0.20425695878213324,-0.0006759992471569998
5,0.2,5,7,0.09024637985150141,0.32901224706565235,3.039400535751048,0.40183827286717255,0.39995255959571385,0.0018857132714587
5,0.2,5,8,0.04517898618898952,0.16470954060037257,6.071293723210943,0.4405369132901976,0.437667530804822,0.0028693824853756045
5,0.2,6,7,0.274294895270246,1.0,1.0,0.3557165950789709,0.35681544668864906,-0.001098851609678153
5,0.2,6,8,0.05178966495044479,0.18881016688050137,5.296324962378237,0.5802948131945768,0.579192747721785,0.0011020654727917911
5,0.2,7,8,0.15415717451935462,0.5620125535601856,1.779319685415017,0.11280043393216754,0.11411899782991253,-0.0013185638977449843
5,0.2,8,9,0.15291610996146665,0.5574879904739305,1.7937606138383038,0.268133844384278,0.2685053756485595,-0.0003715312642814661
6,0.2,0,1,0.1525023442823219,0.555396472533934,1.8005155766251313,0.26914078342428505,0.2685053756485606,0.0006354077757244614
6,0.2,1,2,0.15534753670691215,0.5657583449611034,1.7675391072998687,0.11399835853718499,0.1141189978299123,-0.00012063929272732032
6,0.2,1,3,0.05259549490749382,0.19154690690341566,5.220653343696295,0.5766816414641385,0.5791927477217831,-0.002511106257644613
6,0.2,1,4,0.045134808178115327,0.1643759207020063,6.083616114387455,0.44283022441720976,0.43766753080482645,0.005162693612383307
6,0.2,2,3,0.2745828463521691,1.0,1.0,0.35604414647912996,0.3568154466886486,-0.000771300209518655
6,0.2,2,4,0.08985672032402725,0.3272481202586871,3.0557853142426237,0.4032419534617496,0.3999525595957143,0.0032893938660353284
6,0.2,3,4,0.1858084387629254,0.6766935416082578,1.4777738200712818,0.2017664643768473,0.20425695878213157,-0.0024904944052842604
6,0.2,4,5,0.14990240510626984,0.5459277849935714,1.8317441014872975,-0.48160314006908234,-0.4837979319384422,0.002194791869359891
6,0.2,5,6,0.1861137527445006,0.6778054609638595,1.4753495768210103,0.20420256348395915,0.20425695878213324,-5.43952981740814e-05
6,0.2,5,7,0.09038187355999705,0.3291606695783058,3.038030033421428,0.40158488793967195,0.39995255959571385,0.0016323283439581004
6,0.2,5,8,0.04539577492903524,0.16532633240611253,6.048643222445474,0.43809854239516044,0.437667530804822,0.00043101159033842595
6,0.2,6,7,0.2744437471931793,0.999493416428456,1.0005068403285278,0.35640252946006756,0.35681544668864906,-0.0004129172285814997
6,0.2,6,8,0.05182478618686548,0.18874007198686057,5.298291928539777,0.580117127929249,0.579192747721785,0.0009243802074639929
6,0.2,7,8,0.1538389330636376,0.5602641793083093,1.7848722744234329,0.11436891984786701,0.11411899782991253,0.00024992201795448477
6,0.2,8,9,0.15118854844464535,0.5506117751097127,1.8161616681749024,0.2688235406786009,0.2685053756485595,0.0003181650300414507
7,0.2,0,1,0.15246630736954003,0.5532708088170117,1.8074331485844557,0.2679410758947455,0.2685053756485606,-0.0005642997538151118
7,0.2,1,2,0.15521789008729625,0.5632557715412027,1.7753923715042645,0.11468381257316229,0.1141189978299123,0.0005648147432499862
7,0.2,1,3,0.05241159263238626,0.19019155607162888,5.257856976696618,0.5788045598186804,0.5791927477217831,-0.000388187903102688
7,0.2,1,4,0.04586722069779681,0.16644329315427675,6.0080522383866635,0.43582771349279026,0.43766753080482645,-0.001839817312036196
7,0.2,2,3,0.27557265798197317,1.0,1.0,0.35719822181669236,0.3568154466886486,0.00038277512804374414
7,0.2,2,4,0.09087491479098486,0.32976753011878823,3.0324392448212896,0.40055090423892603,0.3999525595957143,0.0005983446432117345
7,0.2,3,4,0.18646918754418973,0.6766606996126147,1.4778455444102128,0.20492964266835423,0.20425695878213157,0.0006726838862226581
7,0.2,4,5,0.14980701068880942,0.5436207343132321,1.8395177683267026,-0.4830644053721955,-0.4837979319384422,0.0007335265662467005
7,0.2,5,6,0.18603040038450325,0.6750684256805789,1.4813313168836733,0.20440914831110846,0.20425695878213324,0.00015218952897522176
7,0.2,5,7,0.09052235269636677,0.32848815030948525,3.0442498429786573,0.40069645893878625,0.39995255959571385,0.0007438993430723961
7,0.2,5,8,0.04549903972060654,0.16510723543401354,6.056669759937069,0.4377822152525568,0.437667530804822,0.00011468444773476971
7,0.2,6,7,0.27443589336938223,0.9958749005764378,1.0041421863541038,0.3567683187533427,0.35681544668864906,-4.712793530636805e-05
7,0.2,6,8,0.051996205660734596,0.1886841969065595,5.2998609125449,0.5798693875012375,0.579192747721785,0.000676639779452537
7,0.2,7,8,0.1542469332188401,0.5597323564260511,1.7865681490795051,0.11520993731980567,0.11411899782991253,0.001090939489893139
7,0.2,8,9,0.15001042336425074,0.5443588796609271,1.837023400119577,0.2700089202678423,0.2685053756485595,0.001503544619282815
8,0.2,0,1,0.15246617394451656,0.553193232521653,1.807686611496749,0.2684018541987555,0.2685053756485606,-0.00010352144980507738
8,0.2,1,2,0.1552113426065751,0.563153531824067,1.7757146914465358,0.11419009062498309,0.1141189978299123,7.109279507078181e-05
8,0.2,1,3,0.05233364602471258,0.1898822411887244,5.2664219346668535,0.5792106564117125,0.5791927477217831,1.790868992945782e-05
8,0.2,1,4,0.04578692804812268,0.1661287751825839,6.0194267904578815,0.43729371990298527,0.43766753080482645,-0.00037381090184118726
8,0.2,2,3,0.27561106134563707,1.0,1.0,0.3568914409587177,0.3568154466886486,7.599427006910187e-05
8,0.2,2,4,0.09114900647221869,0.33071606787911517,3.023741804905362,0.400007108832658,0.3999525595957143,5.454923694370173e-05
8,0.2,3,4,0.18716013814230337,0.6790733914252826,1.4725948809467209,0.20472694576084527,0.20425695878213157,0.000469986978713699
8,0.2,4,5,0.15037547422284847,0.5456075437925413,1.8328192331230566,-0.4825704853781685,-0.4837979319384422,0.0012274465602737372
8,0.2,5,6,0.18568965129507853,0.6737380219374058,1.4842564430672813,0.20174239492352364,0.20425695878213324,-0.0025145638586095975
8,0.2,5,7,0.09044043093865484,0.3281451422780006,3.047431977989825,0.40044368236549854,0.39995255959571385,0.0004911227697846909
8,0.2,5,8,0.04473376532321338,0.16230758339235835,6.161141575145166,0.44399492276578956,0.437667530804822,0.006327391960967543
8,0.2,6,7,0.2751868654119398,0.9984608892994854,1.0015414832138236,0.35870045108669524,0.35681544668864906,0.001885004398046175
8,0.2,6,8,0.052202527949968935,0.18940650529444109,5.2796497060407415,0.5755765763752387,0.579192747721785,-0.0036161713465462375
8,0.2,7,8,0.1530770341762433,0.5554096175562169,1.800472963359845,0.11216722777591326,0.11411899782991253,-0.0019517700539992688
8,0.2,8,9,0.15366763899861202,0.5575525098606301,1.7935530417573895,0.2665729069497682,0.2685053756485595,-0.0019324686987912676
9,0.2,0,1,0.1524661739445159,0.5531948885765603,1.8076811999711806,0.2685030415810298,0.2685053756485606,-2.3340675308070047e-06
9,0.2,1,2,0.15521131692269363,0.5631551245072685,1.77570966947153,0.11411997512772931,0.1141189978299123,9.77297817006395e-07
9,0.2,1,3,0.05233105526365045,0.18987340953544155,5.266666893730274,0.579193442902407,0.5791927477217831,6.951806239552383e-07
9,0.2,1,4,0.045747976716702166,0.16598794491694155,6.024533893111265,0.4376634582204272,0.43766753080482645,-4.072584399272827e-06
9,0.2,2,3,0.2756102362710372,1.0,1.0,0.35681776322686,0.3568154466886486,2.31653821136657e-06
9,0.2,2,4,0.09112943470650192,0.33064604544253773,3.0243821566400313,0.3999601455310924,0.3999525595957143,7.58593537808494e-06
9,0.2,3,4,0.18719041711598117,0.6791852858900955,1.472352273782648,0.2042885298464553,0.20425695878213157,3.157106432372103e-05
9,0.2,4,5,0.15088610716441386,0.5474619129023616,1.8266110873330241,-0.48229528794102894,-0.4837979319384422,0.0015026439974132888
9,0.2,5,6,0.1856069798932518,0.6734400811975811,1.4849131020263837,0.200388146205151,0.20425695878213324,-0.003868812576982239
9,0.2,5,7,0.08831978684531627,0.3204517656538051,3.120594445656242,0.4054128821070313,0.39995255959571385,0.00546032251131745
9,0.2,5,8,0.04402076135417299,0.15972106823667695,6.2609148000324275,0.44751370352077546,0.437667530804822,0.00984617271595345
9,0.2,6,7,0.26823386155122986,0.9732362091495276,1.0274997894641222,0.3497700474776557,0.35681544668864906,-0.007045399210993342
9,0.2,6,8,0.05049094471718285,0.18319691387488843,5.458607237690341,0.5838287289620937,0.579192747721785,0.004635981240308729
9,0.2,7,8,0.15295327774355694,0.5549622532638502,1.8019243545282384,0.11006010387923948,0.11411899782991253,-0.004058893950673048
9,0.2,8,9,0.15243936216405252,0.5530976070647191,1.8079991437803995,0.2698697009507417,0.2685053756485595,0.0013643253021822233
