subset_type,subset,trace,hermiticity_residual,lambda_min,lambda_max,condition_number_positive_spectrum,condition_kind,q,epsilon
single,0,0.9999999999999912,0.0,0.2817966990654651,0.7182033009345261,2.548657607829813,baseline,,0.0
single,1,0.9999999999999911,0.0,0.27065964934931036,0.7293403506506808,2.6946770691681574,baseline,,0.0
single,2,0.9999999999999912,0.0,0.2705706206329176,0.7294293793670736,2.695892767887347,baseline,,0.0
single,3,0.9999999999999911,0.0,0.24947388506083182,0.7505261149391593,3.008435591389258,baseline,,0.0
single,4,0.9999999999999915,0.0,0.2834814057301768,0.7165185942698147,2.527568227708773,baseline,,0.0
single,5,0.9999999999999915,0.0,0.28348140573017677,0.7165185942698147,2.5275682277087737,baseline,,0.0
single,6,0.9999999999999913,0.0,0.2494738850608319,0.7505261149391593,3.008435591389257,baseline,,0.0
single,7,0.9999999999999913,0.0,0.27057062063291776,0.7294293793670736,2.695892767887346,baseline,,0.0
single,8,0.9999999999999916,0.0,0.2706596493493106,0.729340350650681,2.694677069168156,baseline,,0.0
single,9,0.9999999999999913,0.0,0.2817966990654652,0.7182033009345261,2.5486576078298127,baseline,,0.0
pair,"0,1",0.9999999999999912,0.0,0.04449691943353968,0.5524384661869415,12.415207012522746,baseline,,0.0
pair,"0,2",0.9999999999999911,0.0,0.06834016764581143,0.5313548553480125,7.775147086291635,baseline,,0.0
pair,"0,3",0.9999999999999912,0.0,0.07089035854764635,0.5431353685626935,7.661625356255534,baseline,,0.0
pair,"0,4",0.9999999999999913,0.0,0.08597334604910012,0.5227592300716701,6.080480219684806,baseline,,0.0
pair,"0,5",0.9999999999999915,0.0,0.09075106775930288,0.5318797674211836,5.860865117663155,baseline,,0.0
pair,"0,6",0.9999999999999913,0.0,0.09096374192993407,0.5660403934270013,6.222703479623791,baseline,,0.0
pair,"0,7",0.9999999999999912,0.0,0.08632576006686399,0.5358328671948229,6.207102801988552,baseline,,0.0
pair,"0,8",0.9999999999999913,0.0,0.07771777639825675,0.5252953703527343,6.75901183354645,baseline,,0.0
pair,"0,9",0.9999999999999913,0.0,0.07920993145389635,0.5162081029822534,6.516961869645211,baseline,,0.0
pair,"1,2",0.9999999999999911,0.0,0.04244853539870842,0.5508730781196943,12.97743427294916,baseline,,0.0
pair,"1,3",0.9999999999999911,0.0,0.06702703997840735,0.5623823535133037,8.390380265852023,baseline,,0.0
pair,"1,4",0.9999999999999913,0.0,0.0701196853598449,0.555971795889312,7.928897470605275,baseline,,0.0
pair,"1,5",0.9999999999999915,0.0,0.06686670006090784,0.5218553096045766,7.804412497240431,baseline,,0.0
pair,"1,6",0.9999999999999913,0.0,0.06635889535130712,0.5483801009558814,8.263852164095429,baseline,,0.0
pair,"1,7",0.9999999999999913,0.0,0.07851847589342174,0.5406095523317349,6.885125394761095,baseline,,0.0
pair,"1,8",0.9999999999999913,0.0,0.07705435978533927,0.537159085232793,6.971170570091421,baseline,,0.0
pair,"1,9",0.9999999999999913,0.0,0.07771777639825665,0.5252953703527345,6.75901183354646,baseline,,0.0
pair,"2,3",0.9999999999999912,0.0,0.015282294137957664,0.6632580258692224,43.40042272984681,baseline,,0.0
pair,"2,4",0.9999999999999916,0.0,0.04259970502579401,0.5438045529319085,12.76545348383601,baseline,,0.0
pair,"2,5",0.9999999999999913,0.0,0.07283770514743966,0.5390508474569026,7.40071157329496,baseline,,0.0
pair,"2,6",0.9999999999999913,0.0,0.06811443586724325,0.5491850153360116,8.062681696525932,baseline,,0.0
pair,"2,7",0.9999999999999913,0.0,0.07548636593068632,0.5349510557242597,7.086724193551278,baseline,,0.0
pair,"2,8",0.9999999999999915,0.0,0.07851847589342183,0.5406095523317347,6.885125394761085,baseline,,0.0
pair,"2,9",0.9999999999999913,0.0,0.0863257600668639,0.5358328671948228,6.207102801988557,baseline,,0.0
pair,"3,4",0.9999999999999913,0.0,0.0341825367895743,0.6014123469166036,17.594140265798963,baseline,,0.0
pair,"3,5",0.9999999999999911,0.0,0.06428323674396384,0.5447299492770692,8.473903569085902,baseline,,0.0
pair,"3,6",0.9999999999999913,0.0,0.06134638806011162,0.5675959764009841,9.252312880178254,baseline,,0.0
pair,"3,7",0.9999999999999912,0.0,0.06811443586724317,0.5491850153360113,8.062681696525937,baseline,,0.0
pair,"3,8",0.9999999999999913,0.0,0.06635889535130704,0.5483801009558811,8.263852164095434,baseline,,0.0
pair,"3,9",0.9999999999999915,0.0,0.09096374192993419,0.5660403934270011,6.222703479623781,baseline,,0.0
pair,"4,5",0.9999999999999915,0.0,0.047388841545456806,0.5530717794977129,11.670928460388502,baseline,,0.0
pair,"4,6",0.9999999999999913,0.0,0.06428323674396386,0.5447299492770692,8.4739035690859,baseline,,0.0
pair,"4,7",0.9999999999999913,0.0,0.07283770514743969,0.5390508474569026,7.4007115732949575,baseline,,0.0
pair,"4,8",0.9999999999999913,0.0,0.06686670006090775,0.5218553096045764,7.804412497240437,baseline,,0.0
pair,"4,9",0.9999999999999913,0.0,0.09075106775930282,0.5318797674211833,5.860865117663155,baseline,,0.0
pair,"5,6",0.9999999999999913,0.0,0.03418253678957425,0.6014123469166035,17.594140265798984,baseline,,0.0
pair,"5,7",0.9999999999999913,0.0,0.04259970502579384,0.5438045529319084,12.765453483836058,baseline,,0.0
pair,"5,8",0.9999999999999913,0.0,0.0701196853598447,0.5559717958893118,7.928897470605295,baseline,,0.0
pair,"5,9",0.9999999999999913,0.0,0.08597334604910015,0.5227592300716704,6.080480219684807,baseline,,0.0
pair,"6,7",0.9999999999999913,0.0,0.015282294137957505,0.6632580258692224,43.400422729847264,baseline,,0.0
pair,"6,8",0.9999999999999913,0.0,0.06702703997840749,0.5623823535133038,8.390380265852007,baseline,,0.0
pair,"6,9",0.9999999999999916,0.0,0.07089035854764651,0.5431353685626936,7.661625356255518,baseline,,0.0
pair,"7,8",0.9999999999999912,0.0,0.04244853539870839,0.5508730781196945,12.977434272949177,baseline,,0.0
pair,"7,9",0.9999999999999913,0.0,0.06834016764581151,0.5313548553480126,7.775147086291627,baseline,,0.0
pair,"8,9",0.9999999999999913,0.0,0.04449691943353955,0.5524384661869417,12.415207012522787,baseline,,0.0
modular_A,"0,1,2,3",0.9999999999999912,5.564144140316377e-17,0.00031424600940622353,0.382956302016024,1218.6512813309243,baseline,,0.0
single,0,0.9999999999999919,0.0,0.2818697743829584,0.7181302256170334,2.547737611062036,perturbed,0,-0.2
single,1,0.9999999999999919,0.0,0.27131772034921814,0.7286822796507737,2.6857157678933503,perturbed,0,-0.2
single,2,0.9999999999999919,0.0,0.27262767806206467,0.7273723219379272,2.66800615076338,perturbed,0,-0.2
single,3,0.9999999999999919,0.0,0.25075712917439763,0.7492428708255943,2.9879225100894646,perturbed,0,-0.2
single,4,0.999999999999992,0.0,0.28358102869285046,0.7164189713071416,2.526328981206646,perturbed,0,-0.2
single,5,0.9999999999999918,0.0,0.2834823390180661,0.7165176609819257,2.5275566141574086,perturbed,0,-0.2
single,6,0.9999999999999918,0.0,0.24947388413305358,0.7505261158669382,3.008435606296389,perturbed,0,-0.2
single,7,0.9999999999999919,0.0,0.2705706206329177,0.7294293793670742,2.6958927678873486,perturbed,0,-0.2
single,8,0.9999999999999918,0.0,0.2706596493493106,0.7293403506506813,2.694677069168157,perturbed,0,-0.2
single,9,0.9999999999999918,0.0,0.2817966990654653,0.7182033009345266,2.5486576078298135,perturbed,0,-0.2
pair,"0,1",0.999999999999992,0.0,0.044637989971758815,0.5521513123062688,12.369537979994153,perturbed,0,-0.2
pair,"0,2",0.999999999999992,0.0,0.06896824677086917,0.529787234275802,7.681610872839727,perturbed,0,-0.2
pair,"0,3",0.9999999999999919,0.0,0.07124715696949291,0.5422739065525626,7.611165548468932,perturbed,0,-0.2
pair,"0,4",0.999999999999992,0.0,0.08605273636320444,0.5226109459231265,6.073147328137625,perturbed,0,-0.2
pair,"0,5",0.9999999999999921,0.0,0.09088738655759501,0.5317100514858504,5.850207290853364,perturbed,0,-0.2
pair,"0,6",0.9999999999999918,0.0,0.09108473644997282,0.5658621100880217,6.212480072320509,perturbed,0,-0.2
pair,"0,7",0.999999999999992,0.0,0.08637009181460115,0.5357448003218149,6.20289719584674,perturbed,0,-0.2
pair,"0,8",0.999999999999992,0.0,0.07773445939560847,0.5252421236636198,6.756876265010635,perturbed,0,-0.2
pair,"0,9",0.999999999999992,0.0,0.07924181984742487,0.5161438188068322,6.513528081518504,perturbed,0,-0.2
pair,"1,2",0.9999999999999919,0.0,0.04338109107995466,0.5487346392365716,12.649166389688352,perturbed,0,-0.2
pair,"1,3",0.9999999999999918,0.0,0.06764675946691054,0.5607554057661811,8.289464420545896,perturbed,0,-0.2
pair,"1,4",0.999999999999992,0.0,0.07096181025901314,0.5546780375853139,7.81657113256721,perturbed,0,-0.2
pair,"1,5",0.9999999999999921,0.0,0.06721579354633964,0.5212227907326119,7.754469050094196,perturbed,0,-0.2
pair,"1,6",0.9999999999999918,0.0,0.06656816545900292,0.5478693461926554,8.230200463163877,perturbed,0,-0.2
pair,"1,7",0.9999999999999918,0.0,0.0787513801601485,0.5400838123481717,6.858086947172981,perturbed,0,-0.2
pair,"1,8",0.999999999999992,0.0,0.07724764428830906,0.5366588249418448,6.947251659078291,perturbed,0,-0.2
pair,"1,9",0.999999999999992,0.0,0.07790159518640892,0.5248221642099978,6.736988670824558,perturbed,0,-0.2
pair,"2,3",0.9999999999999918,0.0,0.01695713745921425,0.6583116163632033,38.82209588420166,perturbed,0,-0.2
pair,"2,4",0.9999999999999921,0.0,0.043879042646286205,0.5418059286337853,12.347715354715975,perturbed,0,-0.2
pair,"2,5",0.9999999999999918,0.0,0.07353219874877523,0.5373251191355208,7.307344650080529,perturbed,0,-0.2
pair,"2,6",0.999999999999992,0.0,0.06857131011606506,0.5476587953814314,7.9867045628040945,perturbed,0,-0.2
pair,"2,7",0.9999999999999918,0.0,0.07575931789864486,0.5335466004250773,7.042653170912737,perturbed,0,-0.2
pair,"2,8",0.9999999999999919,0.0,0.07713130424632393,0.5396891723486955,6.997018624567302,perturbed,0,-0.2
pair,"2,9",0.999999999999992,0.0,0.08195291189537315,0.5357018179575344,6.536702669472549,perturbed,0,-0.2
pair,"3,4",0.999999999999992,0.0,0.03470261867389255,0.599675796893984,17.28041916747717,perturbed,0,-0.2
pair,"3,5",0.9999999999999918,0.0,0.06472622795627361,0.5438024508807725,8.401577970033156,perturbed,0,-0.2
pair,"3,6",0.999999999999992,0.0,0.061677982972555216,0.5666439267547406,9.187134524273914,perturbed,0,-0.2
pair,"3,7",0.999999999999992,0.0,0.06844787504238577,0.5482768242016791,8.010136528886592,perturbed,0,-0.2
pair,"3,8",0.999999999999992,0.0,0.06659136816495083,0.5475320192270476,8.222267154367183,perturbed,0,-0.2
pair,"3,9",0.9999999999999919,0.0,0.09053947728370815,0.5653127145214739,6.243825693294536,perturbed,0,-0.2
pair,"4,5",0.9999999999999918,0.0,0.04741554682785937,0.552974546989294,11.662304538991199,perturbed,0,-0.2
pair,"4,6",0.999999999999992,0.0,0.06429783014290978,0.5446644495887483,8.470961591987864,perturbed,0,-0.2
pair,"4,7",0.999999999999992,0.0,0.07282093931277649,0.5390090532727914,7.40184153568343,perturbed,0,-0.2
pair,"4,8",0.9999999999999919,0.0,0.06682442330609298,0.5218347296033855,7.809042020656019,perturbed,0,-0.2
pair,"4,9",0.999999999999992,0.0,0.09075690235343654,0.5318399088516189,5.860049153952648,perturbed,0,-0.2
pair,"5,6",0.999999999999992,0.0,0.03418235842860295,0.6014117772256694,17.594215404470834,perturbed,0,-0.2
pair,"5,7",0.999999999999992,0.0,0.04259944384726778,0.5438047200618075,12.765535672519954,perturbed,0,-0.2
pair,"5,8",0.9999999999999919,0.0,0.07011957691842222,0.55597185485848,7.9289105737945755,perturbed,0,-0.2
pair,"5,9",0.999999999999992,0.0,0.08596702156387312,0.5227614340679956,6.080953190632365,perturbed,0,-0.2
pair,"6,7",0.9999999999999919,0.0,0.015282293461576345,0.6632580284077365,43.400424816820816,perturbed,0,-0.2
pair,"6,8",0.999999999999992,0.0,0.06702703404071711,0.5623823582435143,8.390381079698114,perturbed,0,-0.2
pair,"6,9",0.9999999999999919,0.0,0.07089035397885966,0.5431353728215239,7.661625910113148,perturbed,0,-0.2
pair,"7,8",0.9999999999999919,0.0,0.0424485353987083,0.5508730781196948,12.977434272949209,perturbed,0,-0.2
pair,"7,9",0.9999999999999918,0.0,0.06834016764581144,0.5313548553480131,7.775147086291641,perturbed,0,-0.2
pair,"8,9",0.999999999999992,0.0,0.04449691943353958,0.5524384661869416,12.415207012522776,perturbed,0,-0.2
modular_A,"0,1,2,3",0.9999999999999918,4.869099931066514e-17,0.00021234469988031088,0.3822246556782212,1800.0197598228917,perturbed,0,-0.2
single,0,0.9999999999999916,0.0,0.28186585477082643,0.7181341452291651,2.547786945719447,perturbed,1,-0.2
single,1,0.9999999999999916,0.0,0.27314586786193973,0.7268541321380518,2.6610475121865536,perturbed,1,-0.2
single,2,0.9999999999999915,0.0,0.27033658444303543,0.729663415556956,2.6990923816702606,perturbed,1,-0.2
single,3,0.9999999999999913,0.0,0.24996952789665852,0.7500304721033328,3.000487613087815,perturbed,1,-0.2
single,4,0.9999999999999913,0.0,0.28397087592043657,0.7160291240795548,2.521487887652863,perturbed,1,-0.2
single,5,0.9999999999999913,0.0,0.2835393733616593,0.7164606266383321,2.5268470411849093,perturbed,1,-0.2
single,6,0.9999999999999912,0.0,0.24947444308906414,0.750525556910927,3.0084266252595024,perturbed,1,-0.2
single,7,0.9999999999999912,0.0,0.2705706153573305,0.7294293846426607,2.6958928399498814,perturbed,1,-0.2
single,8,0.9999999999999913,0.0,0.2706596493493104,0.729340350650681,2.6946770691681574,perturbed,1,-0.2
single,9,0.9999999999999916,0.0,0.28179669906546523,0.7182033009345262,2.5486576078298127,perturbed,1,-0.2
pair,"0,1",0.9999999999999916,0.0,0.04475216130471611,0.5517436568422798,12.328871740640054,perturbed,1,-0.2
pair,"0,2",0.9999999999999916,0.0,0.06810715433242065,0.5319990514926725,7.811206571574934,perturbed,1,-0.2
pair,"0,3",0.9999999999999913,0.0,0.0708238984125559,0.5429153286329687,7.66570805620492,perturbed,1,-0.2
pair,"0,4",0.9999999999999915,0.0,0.08592219004720855,0.5223768037806988,6.079649546801442,perturbed,1,-0.2
pair,"0,5",0.9999999999999915,0.0,0.09086413987238025,0.5316661751433327,5.851221129590442,perturbed,1,-0.2
pair,"0,6",0.9999999999999916,0.0,0.09104710712856937,0.5658517405728322,6.214933768008489,perturbed,1,-0.2
pair,"0,7",0.9999999999999913,0.0,0.08633089198684679,0.535721515592991,6.205443998825038,perturbed,1,-0.2
pair,"0,8",0.9999999999999916,0.0,0.07772491225791799,0.5252424123252164,6.75770994224196,perturbed,1,-0.2
pair,"0,9",0.9999999999999916,0.0,0.07923812564077366,0.5161478706536544,6.513882887558607,perturbed,1,-0.2
pair,"1,2",0.9999999999999916,0.0,0.04314055800240614,0.5500012602943297,12.749052997034802,perturbed,1,-0.2
pair,"1,3",0.9999999999999913,0.0,0.06756141857458205,0.5600087707241895,8.288884137416202,perturbed,1,-0.2
pair,"1,4",0.9999999999999915,0.0,0.07104766861515217,0.5532735524487589,7.787356900417187,perturbed,1,-0.2
pair,"1,5",0.9999999999999916,0.0,0.06775778273799402,0.5201122358753528,7.67605158932848,perturbed,1,-0.2
pair,"1,6",0.9999999999999916,0.0,0.06702333897591237,0.5466419143788064,8.155993460356623,perturbed,1,-0.2
pair,"1,7",0.9999999999999915,0.0,0.07889321034800406,0.5388706052177826,6.8303799888581365,perturbed,1,-0.2
pair,"1,8",0.9999999999999916,0.0,0.07679504948893806,0.5355943129714246,6.974333847503728,perturbed,1,-0.2
pair,"1,9",0.9999999999999916,0.0,0.07762976822903946,0.5237635089611848,6.746941552316233,perturbed,1,-0.2
pair,"2,3",0.9999999999999913,0.0,0.015375189317683302,0.6633022279041915,43.14107710799468,perturbed,1,-0.2
pair,"2,4",0.9999999999999916,0.0,0.042845216089648946,0.5434609684229093,12.68428585552647,perturbed,1,-0.2
pair,"2,5",0.9999999999999916,0.0,0.072893217841556,0.5390495475524416,7.39505764067302,perturbed,1,-0.2
pair,"2,6",0.9999999999999915,0.0,0.068082441155203,0.5493814208442284,8.069355497871179,perturbed,1,-0.2
pair,"2,7",0.9999999999999915,0.0,0.07546537009687772,0.5351790859506853,7.091717502526734,perturbed,1,-0.2
pair,"2,8",0.9999999999999915,0.0,0.07851552527651931,0.5408055491943965,6.887880419697436,perturbed,1,-0.2
pair,"2,9",0.9999999999999916,0.0,0.0862919136251138,0.5360035845846306,6.211515796407554,perturbed,1,-0.2
pair,"3,4",0.9999999999999913,0.0,0.03462353276987235,0.6002899902284051,17.33762970457905,perturbed,1,-0.2
pair,"3,5",0.9999999999999915,0.0,0.06452709466545625,0.5443013590504452,8.435237350641636,perturbed,1,-0.2
pair,"3,6",0.9999999999999915,0.0,0.06148686099777733,0.5671969198687934,9.224684927228548,perturbed,1,-0.2
pair,"3,7",0.9999999999999916,0.0,0.06820541926288079,0.548859074142682,8.047147573820219,perturbed,1,-0.2
pair,"3,8",0.9999999999999916,0.0,0.06631350179043735,0.5481192881675316,8.265575989331518,perturbed,1,-0.2
pair,"3,9",0.9999999999999916,0.0,0.08983872750905761,0.5658656667115487,6.298683011226953,perturbed,1,-0.2
pair,"4,5",0.9999999999999913,0.0,0.04760092981229097,0.552350449241284,11.603774367841494,perturbed,1,-0.2
pair,"4,6",0.9999999999999916,0.0,0.06443341455801685,0.5443766714459293,8.448670230812679,perturbed,1,-0.2
pair,"4,7",0.9999999999999913,0.0,0.07295470710521974,0.5387606223973453,7.384864442267061,perturbed,1,-0.2
pair,"4,8",0.9999999999999916,0.0,0.06694314287010089,0.5216555606370615,7.792516727953788,perturbed,1,-0.2
pair,"4,9",0.9999999999999916,0.0,0.09075113542524496,0.5317501809515508,5.859432815466787,perturbed,1,-0.2
pair,"5,6",0.9999999999999913,0.0,0.03419160122234007,0.601349557725136,17.587639543837064,perturbed,1,-0.2
pair,"5,7",0.9999999999999916,0.0,0.04260530326165385,0.5437879878626514,12.763387330517563,perturbed,1,-0.2
pair,"5,8",0.9999999999999916,0.0,0.07012219050302594,0.5559599499625766,7.928445274945961,perturbed,1,-0.2
pair,"5,9",0.9999999999999916,0.0,0.08585549576703347,0.5227957633074123,6.089252163029892,perturbed,1,-0.2
pair,"6,7",0.9999999999999913,0.0,0.015282213948915045,0.6632579162014711,43.40064328497108,perturbed,1,-0.2
pair,"6,8",0.9999999999999916,0.0,0.0670259042506585,0.562383230999199,8.390535529308785,perturbed,1,-0.2
pair,"6,9",0.9999999999999916,0.0,0.07088959717951927,0.5431360365694572,7.661717066807861,perturbed,1,-0.2
pair,"7,8",0.9999999999999916,0.0,0.042448528318915456,0.5508730974367678,12.977436892465684,perturbed,1,-0.2
pair,"7,9",0.9999999999999916,0.0,0.06834015953819736,0.5313548756241269,7.7751483053992105,perturbed,1,-0.2
pair,"8,9",0.9999999999999916,0.0,0.04449691943353946,0.5524384661869414,12.415207012522805,perturbed,1,-0.2
modular_A,"0,1,2,3",0.9999999999999916,6.281564611856022e-17,0.00024085180207232104,0.3842925031166256,1595.555855551512,perturbed,1,-0.2
single,0,0.9999999999999917,0.0,0.28285986943279673,0.7171401305671949,2.5353194569637485,perturbed,2,-0.2
single,1,0.9999999999999917,0.0,0.26977606538696,0.7302239346130317,2.7067780589268247,perturbed,2,-0.2
single,2,0.9999999999999917,0.0,0.27105432370619353,0.7289456762937981,2.689297356805609,perturbed,2,-0.2
single,3,0.999999999999992,0.0,0.2500433478024399,0.749956652197552,2.9993065553981277,perturbed,2,-0.2
single,4,0.9999999999999919,0.0,0.283946393434501,0.7160536065654909,2.521791518125641,perturbed,2,-0.2
single,5,0.9999999999999916,0.0,0.2839610983786906,0.7160389016213009,2.5216091419198245,perturbed,2,-0.2
single,6,0.9999999999999916,0.0,0.24952902393266313,0.7504709760673285,3.007549840253643,perturbed,2,-0.2
single,7,0.9999999999999917,0.0,0.27056977253538084,0.7294302274646108,2.6959043526165787,perturbed,2,-0.2
single,8,0.9999999999999918,0.0,0.27065962260710197,0.7293403773928898,2.6946774342164193,perturbed,2,-0.2
single,9,0.9999999999999918,0.0,0.28179669906546534,0.7182033009345263,2.548657607829812,perturbed,2,-0.2
pair,"0,1",0.9999999999999916,0.0,0.044930212046194413,0.553886509259194,12.32770743858771,perturbed,2,-0.2
pair,"0,2",0.9999999999999916,0.0,0.06882719170896132,0.5307447059619399,7.711264876332835,perturbed,2,-0.2
pair,"0,3",0.9999999999999917,0.0,0.07108883985795082,0.5418673565829617,7.622396956620996,perturbed,2,-0.2
pair,"0,4",0.9999999999999916,0.0,0.08598791011564867,0.5214641639160784,6.064389321879551,perturbed,2,-0.2
pair,"0,5",0.9999999999999915,0.0,0.09049843993104933,0.5303542681619658,5.8603691794691954,perturbed,2,-0.2
pair,"0,6",0.9999999999999916,0.0,0.09001006502086824,0.5644754874269348,6.27124852421854,perturbed,2,-0.2
pair,"0,7",0.9999999999999916,0.0,0.08600291858758372,0.5349748537194714,6.220426730921502,perturbed,2,-0.2
pair,"0,8",0.9999999999999916,0.0,0.07768671195614252,0.5246201059830684,6.75302239949657,perturbed,2,-0.2
pair,"0,9",0.9999999999999916,0.0,0.0794361374876842,0.5154720973577647,6.489138491126706,perturbed,2,-0.2
pair,"1,2",0.9999999999999917,0.0,0.04253758281867708,0.5517616375392569,12.97115635110779,perturbed,2,-0.2
pair,"1,3",0.9999999999999918,0.0,0.06708630725969236,0.5627429862508772,8.388343452449819,perturbed,2,-0.2
pair,"1,4",0.9999999999999916,0.0,0.0701426679452233,0.5562828771811965,7.930734508353974,perturbed,2,-0.2
pair,"1,5",0.9999999999999916,0.0,0.06676522523692893,0.5221094512103168,7.820080728515682,perturbed,2,-0.2
pair,"1,6",0.9999999999999916,0.0,0.06613516386859745,0.5489700324718075,8.300728392577122,perturbed,2,-0.2
pair,"1,7",0.9999999999999916,0.0,0.07840858115881942,0.5413489513632957,6.904205424490131,perturbed,2,-0.2
pair,"1,8",0.9999999999999916,0.0,0.07684671643992777,0.5378318451324806,6.998761561307721,perturbed,2,-0.2
pair,"1,9",0.9999999999999916,0.0,0.0774625473154963,0.5259373522958166,6.789569547122334,perturbed,2,-0.2
pair,"2,3",0.9999999999999917,0.0,0.015578898779976022,0.6628092401416451,42.54532040439031,perturbed,2,-0.2
pair,"2,4",0.9999999999999916,0.0,0.04300589018556445,0.5430582112996114,12.627530995321584,perturbed,2,-0.2
pair,"2,5",0.9999999999999916,0.0,0.07324506777736892,0.5381858858337044,7.347742341771602,perturbed,2,-0.2
pair,"2,6",0.9999999999999916,0.0,0.06830388597414518,0.5488464546641403,8.03536207108177,perturbed,2,-0.2
pair,"2,7",0.9999999999999917,0.0,0.07567246052734287,0.5347136831055361,7.066159595964598,perturbed,2,-0.2
pair,"2,8",0.9999999999999915,0.0,0.07859111434573737,0.540319774108749,6.8750746010774035,perturbed,2,-0.2
pair,"2,9",0.9999999999999915,0.0,0.08608804338335961,0.5355731948920324,6.22122624517165,perturbed,2,-0.2
pair,"3,4",0.9999999999999916,0.0,0.03455493556305449,0.6007575343146982,17.38557819673718,perturbed,2,-0.2
pair,"3,5",0.9999999999999913,0.0,0.06453306931825341,0.543930819871294,8.4287145430636,perturbed,2,-0.2
pair,"3,6",0.9999999999999916,0.0,0.06158513888091959,0.5671496975465833,9.20919734618474,perturbed,2,-0.2
pair,"3,7",0.9999999999999916,0.0,0.06828149922311384,0.5487681265401603,8.03684940699717,perturbed,2,-0.2
pair,"3,8",0.9999999999999916,0.0,0.06651672569652368,0.5480018377549581,8.238557024817563,perturbed,2,-0.2
pair,"3,9",0.9999999999999916,0.0,0.09099409528524419,0.5656707790545827,6.216565781343762,perturbed,2,-0.2
pair,"4,5",0.9999999999999916,0.0,0.047790361636522845,0.552163469437321,11.553866732310745,perturbed,2,-0.2
pair,"4,6",0.9999999999999915,0.0,0.06448277899176026,0.5443009123228006,8.441027524455057,perturbed,2,-0.2
pair,"4,7",0.9999999999999916,0.0,0.07304906833891978,0.5385998519673443,7.373124178236561,perturbed,2,-0.2
pair,"4,8",0.9999999999999915,0.0,0.06701411448416199,0.521564412830039,7.782903897854305,perturbed,2,-0.2
pair,"4,9",0.9999999999999913,0.0,0.0908525148313065,0.5316728463498811,5.8520432520451715,perturbed,2,-0.2
pair,"5,6",0.9999999999999916,0.0,0.034323101509434455,0.6005976307946056,17.498349635726196,perturbed,2,-0.2
pair,"5,7",0.9999999999999913,0.0,0.0426948038515989,0.5434795600789715,12.729407587115977,perturbed,2,-0.2
pair,"5,8",0.9999999999999915,0.0,0.07021017215210866,0.555763126480228,7.915706648264306,perturbed,2,-0.2
pair,"5,9",0.9999999999999916,0.0,0.08583961548084727,0.5227437077861056,6.089772243944188,perturbed,2,-0.2
pair,"6,7",0.9999999999999916,0.0,0.015285972719717064,0.6632002632158784,43.38619958155689,perturbed,2,-0.2
pair,"6,8",0.9999999999999916,0.0,0.06700968572402037,0.56239166576641,8.39269218606131,perturbed,2,-0.2
pair,"6,9",0.9999999999999916,0.0,0.070884983299149,0.5431343797723805,7.662192392431601,perturbed,2,-0.2
pair,"7,8",0.9999999999999916,0.0,0.042446768556490364,0.5508784116618759,12.978100109758374,perturbed,2,-0.2
pair,"7,9",0.9999999999999915,0.0,0.06833775408566646,0.5313608791608199,7.775509837427777,perturbed,2,-0.2
pair,"8,9",0.9999999999999916,0.0,0.044496888234535945,0.5524385607215109,12.415217841968994,perturbed,2,-0.2
modular_A,"0,1,2,3",0.9999999999999917,5.817813097608652e-17,0.0002678454439966627,0.3854190352756905,1438.9605793723815,perturbed,2,-0.2
single,0,0.9999999999999918,0.0,0.27540352340046403,0.7245964765995278,2.6310356078701744,perturbed,3,-0.2
single,1,0.9999999999999917,0.0,0.2699428809252348,0.7300571190747569,2.7044873958982403,perturbed,3,-0.2
single,2,0.9999999999999919,0.0,0.2709650522891271,0.7290349477108649,2.69051282278633,perturbed,3,-0.2
single,3,0.9999999999999918,0.0,0.2500417803562475,0.7499582196437443,2.9993316259996226,perturbed,3,-0.2
single,4,0.9999999999999918,0.0,0.2840642618933667,0.715935738106625,2.5203302004085826,perturbed,3,-0.2
single,5,0.9999999999999921,0.0,0.283946405352897,0.7160535946470952,2.521791370301598,perturbed,3,-0.2
single,6,0.9999999999999918,0.0,0.24994526417915888,0.7500547358208329,3.000875964920061,perturbed,3,-0.2
single,7,0.999999999999992,0.0,0.2705737439540613,0.7294262560459307,2.695850104989398,perturbed,3,-0.2
single,8,0.9999999999999918,0.0,0.27065182880188055,0.7293481711981112,2.6947838277198577,perturbed,3,-0.2
single,9,0.9999999999999917,0.0,0.2817965514833668,0.7182034485166249,2.5486594663278455,perturbed,3,-0.2
pair,"0,1",0.9999999999999918,0.0,0.04334930888982042,0.5590352323118157,12.896058706096055,perturbed,3,-0.2
pair,"0,2",0.9999999999999918,0.0,0.0669002775054269,0.5360439122997032,8.012581296934377,perturbed,3,-0.2
pair,"0,3",0.9999999999999919,0.0,0.06974324749637949,0.5478193736558417,7.85480162340132,perturbed,3,-0.2
pair,"0,4",0.9999999999999918,0.0,0.08422118167589253,0.5269034477414081,6.256186831586915,perturbed,3,-0.2
pair,"0,5",0.999999999999992,0.0,0.08833138736417527,0.5353880527268831,6.061130349052136,perturbed,3,-0.2
pair,"0,6",0.9999999999999918,0.0,0.08725902067947053,0.569007215590619,6.5208984831580805,perturbed,3,-0.2
pair,"0,7",0.9999999999999918,0.0,0.0833051979606448,0.5398761519901398,6.480701867429559,perturbed,3,-0.2
pair,"0,8",0.9999999999999918,0.0,0.07555890643501643,0.5300558108656325,7.015133435282058,perturbed,3,-0.2
pair,"0,9",0.9999999999999918,0.0,0.07731080522842829,0.5208413066191107,6.736979456884377,perturbed,3,-0.2
pair,"1,2",0.9999999999999918,0.0,0.04259456459517904,0.5515754727981849,12.949433291322189,perturbed,3,-0.2
pair,"1,3",0.9999999999999918,0.0,0.06697951733967711,0.5625082252119262,8.398212581306694,perturbed,3,-0.2
pair,"1,4",0.9999999999999918,0.0,0.07017384783085365,0.555941656136333,7.922348186982268,perturbed,3,-0.2
pair,"1,5",0.999999999999992,0.0,0.0672084760823315,0.5225404139949288,7.774918350399852,perturbed,3,-0.2
pair,"1,6",0.9999999999999918,0.0,0.06622224111333028,0.5485233494989773,8.283068351012991,perturbed,3,-0.2
pair,"1,7",0.9999999999999919,0.0,0.07796362674700978,0.5409153492648026,6.938047546454717,perturbed,3,-0.2
pair,"1,8",0.9999999999999918,0.0,0.07656901229825176,0.5377392230479306,7.022935348223219,perturbed,3,-0.2
pair,"1,9",0.9999999999999918,0.0,0.077290531564473,0.5258883609201259,6.804046372503579,perturbed,3,-0.2
pair,"2,3",0.9999999999999916,0.0,0.015532232212299745,0.6627998615092975,42.672543936372264,perturbed,3,-0.2
pair,"2,4",0.9999999999999916,0.0,0.0431450589153083,0.54295714609364,12.584457171780413,perturbed,3,-0.2
pair,"2,5",0.9999999999999919,0.0,0.07322431333905823,0.5385170165535036,7.354347101350773,perturbed,3,-0.2
pair,"2,6",0.9999999999999916,0.0,0.06831244432421263,0.5485236957390107,8.02963063560869,perturbed,3,-0.2
pair,"2,7",0.999999999999992,0.0,0.07558110144890137,0.5346314556881855,7.073612919621678,perturbed,3,-0.2
pair,"2,8",0.9999999999999918,0.0,0.07865521866356333,0.5403866613037782,6.870321772484117,perturbed,3,-0.2
pair,"2,9",0.9999999999999916,0.0,0.08627050646452365,0.5356226620012838,6.208641677808438,perturbed,3,-0.2
pair,"3,4",0.9999999999999918,0.0,0.034535244604937884,0.6008777711417524,17.398972499411176,perturbed,3,-0.2
pair,"3,5",0.9999999999999917,0.0,0.06463100731477082,0.544035762279165,8.41756588489424,perturbed,3,-0.2
pair,"3,6",0.9999999999999918,0.0,0.06162313816875193,0.5667763847207765,9.197460589700695,perturbed,3,-0.2
pair,"3,7",0.9999999999999917,0.0,0.06828938657367843,0.5488339436672716,8.036884956861144,perturbed,3,-0.2
pair,"3,8",0.9999999999999916,0.0,0.06650681774749155,0.548015181596158,8.239985014420986,perturbed,3,-0.2
pair,"3,9",0.9999999999999915,0.0,0.09101463211763657,0.5656407987100031,6.2148336542075056,perturbed,3,-0.2
pair,"4,5",0.9999999999999918,0.0,0.04776708338705862,0.5524456576779492,11.565404845873873,perturbed,3,-0.2
pair,"4,6",0.9999999999999919,0.0,0.0645759861151588,0.5439773846428916,8.423833956988485,perturbed,3,-0.2
pair,"4,7",0.9999999999999918,0.0,0.07332007148576221,0.5386936468238943,7.347151140305441,perturbed,3,-0.2
pair,"4,8",0.9999999999999917,0.0,0.06714901878492845,0.5214734510302244,7.765913195253848,perturbed,3,-0.2
pair,"4,9",0.9999999999999916,0.0,0.09088782680919222,0.5315416376095914,5.848325966969124,perturbed,3,-0.2
pair,"5,6",0.9999999999999918,0.0,0.03449771007829546,0.6003342794592392,17.402148667164575,perturbed,3,-0.2
pair,"5,7",0.9999999999999917,0.0,0.04285988234221202,0.5431678082059181,12.673105443198121,perturbed,3,-0.2
pair,"5,8",0.9999999999999917,0.0,0.07044958877163524,0.5554440646862273,7.884276890340955,perturbed,3,-0.2
pair,"5,9",0.9999999999999916,0.0,0.08582647079048111,0.5227092986614945,6.090304003499436,perturbed,3,-0.2
pair,"6,7",0.9999999999999917,0.0,0.015360744262844579,0.6623950732092625,43.122589757027626,perturbed,3,-0.2
pair,"6,8",0.9999999999999916,0.0,0.06703918744108957,0.5623408583566125,8.388240965044027,perturbed,3,-0.2
pair,"6,9",0.9999999999999916,0.0,0.07094821020070474,0.5430241698254931,7.653810692184298,perturbed,3,-0.2
pair,"7,8",0.9999999999999917,0.0,0.0424100562000114,0.5510250392324745,12.992792007484452,perturbed,3,-0.2
pair,"7,9",0.9999999999999917,0.0,0.06826159726110022,0.531554178950562,7.787016423266076,perturbed,3,-0.2
pair,"8,9",0.9999999999999917,0.0,0.04448823412509469,0.5524674021756317,12.418281216156403,perturbed,3,-0.2
modular_A,"0,1,2,3",0.9999999999999917,4.6786370213973484e-17,0.0002842634657413464,0.38853651484215246,1366.8183275992453,perturbed,3,-0.2
single,0,0.9999999999999918,0.0,0.28021330891620966,0.7197866910837821,2.5687098655939113,perturbed,4,-0.2
single,1,0.9999999999999917,0.0,0.2693970977359079,0.7306029022640838,2.7119924765496157,perturbed,4,-0.2
single,2,0.9999999999999918,0.0,0.27085352633723886,0.729146473662753,2.692032418861311,perturbed,4,-0.2
single,3,0.9999999999999918,0.0,0.2500499167290547,0.749950083270937,2.9992014917707674,perturbed,4,-0.2
single,4,0.9999999999999918,0.0,0.2840498716680787,0.7159501283319131,2.5205085435438024,perturbed,4,-0.2
single,5,0.9999999999999917,0.0,0.28406428391022154,0.7159357160897701,2.5203299275597826,perturbed,4,-0.2
single,6,0.9999999999999919,0.0,0.24993833421409933,0.7500616657858925,3.0009868960052493,perturbed,4,-0.2
single,7,0.999999999999992,0.0,0.2707611658702906,0.7292388341297014,2.6932918233889076,perturbed,4,-0.2
single,8,0.9999999999999919,0.0,0.2704014819939588,0.7295985180060331,2.698204583147712,perturbed,4,-0.2
single,9,0.9999999999999918,0.0,0.28175049593935303,0.7182495040606387,2.5492395378613364,perturbed,4,-0.2
pair,"0,1",0.9999999999999918,0.0,0.04378482442815387,0.5576337062683211,12.735775775082466,perturbed,4,-0.2
pair,"0,2",0.9999999999999918,0.0,0.06812962026476439,0.5326472628582095,7.818145188366573,perturbed,4,-0.2
pair,"0,3",0.9999999999999918,0.0,0.07051585692052453,0.5438365238476505,7.712258598241043,perturbed,4,-0.2
pair,"0,4",0.9999999999999918,0.0,0.08554265983299653,0.5236858168213469,6.121925806886643,perturbed,4,-0.2
pair,"0,5",0.9999999999999918,0.0,0.09072894008976333,0.5328116825877431,5.872565931670778,perturbed,4,-0.2
pair,"0,6",0.9999999999999917,0.0,0.09093553525244694,0.5670921313458468,6.236199410621352,perturbed,4,-0.2
pair,"0,7",0.999999999999992,0.0,0.08601142468476092,0.536829329001514,6.241372363834671,perturbed,4,-0.2
pair,"0,8",0.9999999999999918,0.0,0.07724558616291988,0.5267356924004011,6.818974630983504,perturbed,4,-0.2
pair,"0,9",0.9999999999999918,0.0,0.07875606666550117,0.5174050717545718,6.569717021955077,perturbed,4,-0.2
pair,"1,2",0.9999999999999918,0.0,0.042492978935236916,0.5517675591341816,12.984911224396024,perturbed,4,-0.2
pair,"1,3",0.9999999999999918,0.0,0.0668565629239741,0.5630222266949103,8.421345670060106,perturbed,4,-0.2
pair,"1,4",0.9999999999999918,0.0,0.06995655844442013,0.5559645637888951,7.947282944609176,perturbed,4,-0.2
pair,"1,5",0.9999999999999918,0.0,0.06725824035981327,0.5229069015799447,7.774614661081454,perturbed,4,-0.2
pair,"1,6",0.9999999999999918,0.0,0.06643767947310124,0.5494824456711884,8.270644761060003,perturbed,4,-0.2
pair,"1,7",0.999999999999992,0.0,0.07826121433017835,0.5412992699755116,6.91657131324093,perturbed,4,-0.2
pair,"1,8",0.9999999999999918,0.0,0.07660306442324737,0.5383027950701615,7.027170507121362,perturbed,4,-0.2
pair,"1,9",0.9999999999999918,0.0,0.07724628735897913,0.5263272957131588,6.813625789770444,perturbed,4,-0.2
pair,"2,3",0.9999999999999916,0.0,0.015472521287427947,0.6625431681143191,42.82063380663514,perturbed,4,-0.2
pair,"2,4",0.9999999999999917,0.0,0.043247539228614976,0.5433126974805929,12.562858076352862,perturbed,4,-0.2
pair,"2,5",0.9999999999999917,0.0,0.07305811915353444,0.5383494510004858,7.368783336306863,perturbed,4,-0.2
pair,"2,6",0.9999999999999917,0.0,0.06838248523487894,0.5488630979616967,8.026369560516432,perturbed,4,-0.2
pair,"2,7",0.9999999999999918,0.0,0.075654884874919,0.534743540943098,7.068195818778852,perturbed,4,-0.2
pair,"2,8",0.9999999999999918,0.0,0.0785121404958751,0.540711992334203,6.8869857441042655,perturbed,4,-0.2
pair,"2,9",0.9999999999999919,0.0,0.08609173753664663,0.5358271291464487,6.22390887300147,perturbed,4,-0.2
pair,"3,4",0.9999999999999916,0.0,0.034526402475920356,0.6008668604464,17.403112324414938,perturbed,4,-0.2
pair,"3,5",0.9999999999999916,0.0,0.06469054877580223,0.5438530972151165,8.406994646156829,perturbed,4,-0.2
pair,"3,6",0.999999999999992,0.0,0.06161670784170201,0.5668400347766414,9.19945343774121,perturbed,4,-0.2
pair,"3,7",0.9999999999999917,0.0,0.06838431834282889,0.5487032486406445,8.023816891613194,perturbed,4,-0.2
pair,"3,8",0.9999999999999917,0.0,0.06655051107891109,0.5482202788786925,8.237656931419355,perturbed,4,-0.2
pair,"3,9",0.9999999999999917,0.0,0.090911745936484,0.5656947357577828,6.222460364505689,perturbed,4,-0.2
pair,"4,5",0.9999999999999916,0.0,0.04778552224289528,0.5525778392194007,11.563708279897636,perturbed,4,-0.2
pair,"4,6",0.9999999999999917,0.0,0.06465351168343106,0.544061593721963,8.41503546452205,perturbed,4,-0.2
pair,"4,7",0.9999999999999919,0.0,0.07303858183731737,0.5382914704944297,7.36996060100666,perturbed,4,-0.2
pair,"4,8",0.9999999999999918,0.0,0.06685385065914888,0.521488993353222,7.8004331569771255,perturbed,4,-0.2
pair,"4,9",0.9999999999999918,0.0,0.09079571038251275,0.5315835006740451,5.854720431554971,perturbed,4,-0.2
pair,"5,6",0.9999999999999918,0.0,0.0344815110030121,0.6006821871494303,17.42041371380037,perturbed,4,-0.2
pair,"5,7",0.9999999999999918,0.0,0.04322174755925282,0.5435916627510448,12.576808978069046,perturbed,4,-0.2
pair,"5,8",0.9999999999999917,0.0,0.0707187362216356,0.5558669426031817,7.860249946507393,perturbed,4,-0.2
pair,"5,9",0.9999999999999918,0.0,0.08604357119115222,0.5225086767515056,6.072605652207456,perturbed,4,-0.2
pair,"6,7",0.9999999999999918,0.0,0.015429673554974517,0.6621298392625959,42.91275748015587,perturbed,4,-0.2
pair,"6,8",0.999999999999992,0.0,0.06699059792164251,0.5622946263687988,8.393634984815376,perturbed,4,-0.2
pair,"6,9",0.9999999999999918,0.0,0.07100149180130191,0.5430271425522386,7.648108916808441,perturbed,4,-0.2
pair,"7,8",0.9999999999999917,0.0,0.04245639257564459,0.5514055507678886,12.987574245396587,perturbed,4,-0.2
pair,"7,9",0.9999999999999918,0.0,0.06803299487768431,0.5322680632070593,7.823675323481166,perturbed,4,-0.2
pair,"8,9",0.9999999999999919,0.0,0.044256038904467505,0.5534314291134248,12.505218334340304,perturbed,4,-0.2
modular_A,"0,1,2,3",0.9999999999999918,5.749114284613841e-17,0.00029724716246702735,0.3876357118616748,1304.0854911598153,perturbed,4,-0.2
single,0,0.9999999999999918,0.0,0.281750495939353,0.7182495040606387,2.5492395378613373,perturbed,5,-0.2
single,1,0.9999999999999918,0.0,0.2704014819939588,0.729598518006033,2.6982045831477115,perturbed,5,-0.2
single,2,0.9999999999999918,0.0,0.2707611658702906,0.7292388341297011,2.6932918233889067,perturbed,5,-0.2
single,3,0.9999999999999918,0.0,0.24993833421409928,0.7500616657858925,3.0009868960052497,perturbed,5,-0.2
single,4,0.9999999999999918,0.0,0.28406428391022165,0.7159357160897701,2.5203299275597817,perturbed,5,-0.2
single,5,0.9999999999999918,0.0,0.28404987166807866,0.7159501283319132,2.5205085435438033,perturbed,5,-0.2
single,6,0.9999999999999917,0.0,0.25004991672905474,0.7499500832709369,2.9992014917707666,perturbed,5,-0.2
single,7,0.9999999999999918,0.0,0.2708535263372389,0.7291464736627529,2.6920324188613103,perturbed,5,-0.2
single,8,0.999999999999992,0.0,0.26939709773590814,0.7306029022640839,2.711992476549614,perturbed,5,-0.2
single,9,0.9999999999999919,0.0,0.2802133089162097,0.7197866910837822,2.5687098655939113,perturbed,5,-0.2
pair,"0,1",0.9999999999999918,0.0,0.04425603890446753,0.553431429113425,12.5052183343403,perturbed,5,-0.2
pair,"0,2",0.9999999999999918,0.0,0.06803299487768431,0.5322680632070593,7.823675323481166,perturbed,5,-0.2
pair,"0,3",0.9999999999999918,0.0,0.07100149180130193,0.5430271425522386,7.6481089168084395,perturbed,5,-0.2
pair,"0,4",0.9999999999999918,0.0,0.0860435711911523,0.5225086767515056,6.07260565220745,perturbed,5,-0.2
pair,"0,5",0.9999999999999919,0.0,0.09079571038251269,0.5315835006740451,5.854720431554974,perturbed,5,-0.2
pair,"0,6",0.9999999999999918,0.0,0.09091174593648381,0.5656947357577828,6.222460364505702,perturbed,5,-0.2
pair,"0,7",0.9999999999999918,0.0,0.08609173753664667,0.5358271291464486,6.223908873001466,perturbed,5,-0.2
pair,"0,8",0.999999999999992,0.0,0.07724628735897922,0.5263272957131591,6.813625789770439,perturbed,5,-0.2
pair,"0,9",0.9999999999999918,0.0,0.07875606666550103,0.5174050717545721,6.569717021955092,perturbed,5,-0.2
pair,"1,2",0.9999999999999917,0.0,0.04245639257564456,0.5514055507678884,12.987574245396592,perturbed,5,-0.2
pair,"1,3",0.9999999999999918,0.0,0.06699059792164241,0.5622946263687988,8.393634984815389,perturbed,5,-0.2
pair,"1,4",0.9999999999999916,0.0,0.07071873622163558,0.5558669426031819,7.860249946507399,perturbed,5,-0.2
pair,"1,5",0.9999999999999918,0.0,0.0668538506591488,0.521488993353222,7.800433156977135,perturbed,5,-0.2
pair,"1,6",0.999999999999992,0.0,0.06655051107891104,0.5482202788786928,8.237656931419366,perturbed,5,-0.2
pair,"1,7",0.9999999999999917,0.0,0.07851214049587507,0.5407119923342025,6.886985744104262,perturbed,5,-0.2
pair,"1,8",0.999999999999992,0.0,0.07660306442324737,0.5383027950701613,7.027170507121359,perturbed,5,-0.2
pair,"1,9",0.9999999999999919,0.0,0.07724558616292002,0.5267356924004011,6.818974630983492,perturbed,5,-0.2
pair,"2,3",0.9999999999999917,0.0,0.015429673554974732,0.662129839262596,42.91275748015528,perturbed,5,-0.2
pair,"2,4",0.9999999999999918,0.0,0.04322174755925289,0.5435916627510449,12.576808978069028,perturbed,5,-0.2
pair,"2,5",0.9999999999999918,0.0,0.07303858183731732,0.5382914704944297,7.3699606010066665,perturbed,5,-0.2
pair,"2,6",0.9999999999999918,0.0,0.06838431834282892,0.5487032486406447,8.023816891613194,perturbed,5,-0.2
pair,"2,7",0.9999999999999918,0.0,0.07565488487491892,0.5347435409430978,7.068195818778859,perturbed,5,-0.2
pair,"2,8",0.9999999999999918,0.0,0.07826121433017832,0.5412992699755117,6.916571313240934,perturbed,5,-0.2
pair,"2,9",0.9999999999999918,0.0,0.08601142468476075,0.536829329001514,6.241372363834683,perturbed,5,-0.2
pair,"3,4",0.9999999999999918,0.0,0.0344815110030119,0.6006821871494303,17.42041371380047,perturbed,5,-0.2
pair,"3,5",0.9999999999999918,0.0,0.06465351168343111,0.5440615937219629,8.415035464522042,perturbed,5,-0.2
pair,"3,6",0.9999999999999917,0.0,0.0616167078417021,0.5668400347766414,9.199453437741198,perturbed,5,-0.2
pair,"3,7",0.9999999999999918,0.0,0.06838248523487919,0.5488630979616969,8.026369560516406,perturbed,5,-0.2
pair,"3,8",0.9999999999999917,0.0,0.06643767947310146,0.5494824456711884,8.270644761059975,perturbed,5,-0.2
pair,"3,9",0.999999999999992,0.0,0.09093553525244696,0.5670921313458469,6.236199410621352,perturbed,5,-0.2
pair,"4,5",0.9999999999999918,0.0,0.047785522242895416,0.5525778392194007,11.563708279897602,perturbed,5,-0.2
pair,"4,6",0.9999999999999919,0.0,0.06469054877580224,0.5438530972151167,8.406994646156829,perturbed,5,-0.2
pair,"4,7",0.9999999999999918,0.0,0.07305811915353429,0.5383494510004857,7.368783336306876,perturbed,5,-0.2
pair,"4,8",0.999999999999992,0.0,0.0672582403598133,0.5229069015799446,7.77461466108145,perturbed,5,-0.2
pair,"4,9",0.9999999999999918,0.0,0.09072894008976336,0.5328116825877431,5.872565931670776,perturbed,5,-0.2
pair,"5,6",0.9999999999999918,0.0,0.03452640247592028,0.6008668604464001,17.40311232441498,perturbed,5,-0.2
pair,"5,7",0.9999999999999918,0.0,0.043247539228615024,0.5433126974805926,12.562858076352843,perturbed,5,-0.2
pair,"5,8",0.999999999999992,0.0,0.06995655844442004,0.5559645637888951,7.947282944609186,perturbed,5,-0.2
pair,"5,9",0.999999999999992,0.0,0.08554265983299628,0.5236858168213469,6.121925806886661,perturbed,5,-0.2
pair,"6,7",0.9999999999999916,0.0,0.015472521287428088,0.6625431681143195,42.82063380663478,perturbed,5,-0.2
pair,"6,8",0.9999999999999918,0.0,0.0668565629239739,0.5630222266949101,8.421345670060127,perturbed,5,-0.2
pair,"6,9",0.999999999999992,0.0,0.0705158569205245,0.5438365238476507,7.712258598241049,perturbed,5,-0.2
pair,"7,8",0.9999999999999918,0.0,0.04249297893523681,0.5517675591341816,12.984911224396056,perturbed,5,-0.2
pair,"7,9",0.9999999999999919,0.0,0.06812962026476431,0.5326472628582095,7.818145188366583,perturbed,5,-0.2
pair,"8,9",0.9999999999999919,0.0,0.04378482442815394,0.5576337062683214,12.735775775082454,perturbed,5,-0.2
modular_A,"0,1,2,3",0.9999999999999918,4.768739729964072e-17,0.000302363028556341,0.38601840705848883,1276.671982356996,perturbed,5,-0.2
single,0,0.9999999999999918,0.0,0.28179655148336696,0.7182034485166249,2.548659466327844,perturbed,6,-0.2
single,1,0.9999999999999917,0.0,0.2706518288018806,0.7293481711981111,2.6947838277198564,perturbed,6,-0.2
single,2,0.9999999999999917,0.0,0.2705737439540611,0.7294262560459306,2.6958501049894,perturbed,6,-0.2
single,3,0.999999999999992,0.0,0.24994526417915885,0.7500547358208332,3.0008759649200623,perturbed,6,-0.2
single,4,0.9999999999999917,0.0,0.28394640535289695,0.7160535946470947,2.5217913703015973,perturbed,6,-0.2
single,5,0.9999999999999918,0.0,0.2840642618933666,0.7159357381066251,2.5203302004085844,perturbed,6,-0.2
single,6,0.9999999999999918,0.0,0.2500417803562474,0.7499582196437443,2.999331625999624,perturbed,6,-0.2
single,7,0.9999999999999917,0.0,0.2709650522891269,0.7290349477108649,2.6905128227863324,perturbed,6,-0.2
single,8,0.9999999999999917,0.0,0.2699428809252347,0.7300571190747569,2.7044873958982407,perturbed,6,-0.2
single,9,0.9999999999999918,0.0,0.2754035234004641,0.7245964765995278,2.631035607870174,perturbed,6,-0.2
pair,"0,1",0.9999999999999916,0.0,0.04448823412509464,0.5524674021756313,12.418281216156409,perturbed,6,-0.2
pair,"0,2",0.9999999999999917,0.0,0.06826159726110034,0.5315541789505618,7.787016423266059,perturbed,6,-0.2
pair,"0,3",0.9999999999999918,0.0,0.07094821020070463,0.5430241698254926,7.6538106921843045,perturbed,6,-0.2
pair,"0,4",0.9999999999999917,0.0,0.08582647079048109,0.5227092986614943,6.090304003499435,perturbed,6,-0.2
pair,"0,5",0.9999999999999918,0.0,0.09088782680919208,0.5315416376095914,5.848325966969133,perturbed,6,-0.2
pair,"0,6",0.9999999999999918,0.0,0.09101463211763668,0.5656407987100033,6.2148336542075,perturbed,6,-0.2
pair,"0,7",0.9999999999999917,0.0,0.08627050646452368,0.535622662001284,6.208641677808437,perturbed,6,-0.2
pair,"0,8",0.9999999999999917,0.0,0.07729053156447305,0.525888360920126,6.804046372503577,perturbed,6,-0.2
pair,"0,9",0.9999999999999916,0.0,0.07731080522842815,0.5208413066191105,6.736979456884388,perturbed,6,-0.2
pair,"1,2",0.9999999999999916,0.0,0.042410056200011405,0.5510250392324745,12.992792007484448,perturbed,6,-0.2
pair,"1,3",0.9999999999999918,0.0,0.06703918744108969,0.5623408583566124,8.388240965044009,perturbed,6,-0.2
pair,"1,4",0.9999999999999918,0.0,0.07044958877163532,0.5554440646862273,7.884276890340946,perturbed,6,-0.2
pair,"1,5",0.9999999999999918,0.0,0.06714901878492847,0.5214734510302244,7.765913195253845,perturbed,6,-0.2
pair,"1,6",0.9999999999999918,0.0,0.06650681774749177,0.5480151815961583,8.239985014420961,perturbed,6,-0.2
pair,"1,7",0.9999999999999918,0.0,0.07865521866356338,0.5403866613037782,6.870321772484112,perturbed,6,-0.2
pair,"1,8",0.9999999999999916,0.0,0.07656901229825179,0.5377392230479306,7.022935348223216,perturbed,6,-0.2
pair,"1,9",0.9999999999999916,0.0,0.0755589064350163,0.5300558108656325,7.015133435282071,perturbed,6,-0.2
pair,"2,3",0.9999999999999917,0.0,0.015360744262844511,0.6623950732092627,43.12258975702783,perturbed,6,-0.2
pair,"2,4",0.9999999999999918,0.0,0.04285988234221187,0.5431678082059183,12.673105443198166,perturbed,6,-0.2
pair,"2,5",0.9999999999999917,0.0,0.07332007148576228,0.5386936468238944,7.347151140305436,perturbed,6,-0.2
pair,"2,6",0.9999999999999916,0.0,0.06828938657367824,0.5488339436672713,8.036884956861163,perturbed,6,-0.2
pair,"2,7",0.9999999999999918,0.0,0.07558110144890104,0.5346314556881848,7.0736129196217,perturbed,6,-0.2
pair,"2,8",0.9999999999999919,0.0,0.07796362674700962,0.5409153492648024,6.93804754645473,perturbed,6,-0.2
pair,"2,9",0.9999999999999916,0.0,0.08330519796064467,0.5398761519901398,6.480701867429569,perturbed,6,-0.2
pair,"3,4",0.9999999999999918,0.0,0.034497710078295496,0.6003342794592391,17.402148667164553,perturbed,6,-0.2
pair,"3,5",0.9999999999999917,0.0,0.06457598611515868,0.5439773846428916,8.423833956988501,perturbed,6,-0.2
pair,"3,6",0.9999999999999916,0.0,0.0616231381687519,0.5667763847207763,9.197460589700695,perturbed,6,-0.2
pair,"3,7",0.9999999999999919,0.0,0.06831244432421246,0.5485236957390105,8.029630635608706,perturbed,6,-0.2
pair,"3,8",0.9999999999999916,0.0,0.0662222411133303,0.5485233494989773,8.283068351012988,perturbed,6,-0.2
pair,"3,9",0.9999999999999916,0.0,0.08725902067947064,0.5690072155906188,6.520898483158071,perturbed,6,-0.2
pair,"4,5",0.9999999999999917,0.0,0.047767083387058595,0.5524456576779491,11.565404845873877,perturbed,6,-0.2
pair,"4,6",0.9999999999999916,0.0,0.06463100731477088,0.544035762279165,8.417565884894232,perturbed,6,-0.2
pair,"4,7",0.9999999999999918,0.0,0.07322431333905814,0.5385170165535036,7.354347101350781,perturbed,6,-0.2
pair,"4,8",0.9999999999999915,0.0,0.06720847608233149,0.5225404139949288,7.774918350399854,perturbed,6,-0.2
pair,"4,9",0.9999999999999917,0.0,0.0883313873641753,0.5353880527268828,6.0611303490521315,perturbed,6,-0.2
pair,"5,6",0.9999999999999919,0.0,0.03453524460493776,0.6008777711417526,17.398972499411244,perturbed,6,-0.2
pair,"5,7",0.9999999999999916,0.0,0.04314505891530821,0.5429571460936399,12.584457171780436,perturbed,6,-0.2
pair,"5,8",0.9999999999999916,0.0,0.07017384783085362,0.555941656136333,7.922348186982271,perturbed,6,-0.2
pair,"5,9",0.9999999999999916,0.0,0.08422118167589256,0.5269034477414078,6.256186831586911,perturbed,6,-0.2
pair,"6,7",0.9999999999999916,0.0,0.015532232212299745,0.662799861509297,42.672543936372236,perturbed,6,-0.2
pair,"6,8",0.9999999999999916,0.0,0.06697951733967697,0.5625082252119261,8.39821258130671,perturbed,6,-0.2
pair,"6,9",0.9999999999999918,0.0,0.06974324749637936,0.5478193736558418,7.854801623401336,perturbed,6,-0.2
pair,"7,8",0.9999999999999918,0.0,0.04259456459517904,0.5515754727981851,12.949433291322194,perturbed,6,-0.2
pair,"7,9",0.9999999999999916,0.0,0.06690027750542703,0.5360439122997034,8.012581296934364,perturbed,6,-0.2
pair,"8,9",0.9999999999999916,0.0,0.04334930888982026,0.5590352323118156,12.896058706096099,perturbed,6,-0.2
modular_A,"0,1,2,3",0.9999999999999916,4.050072008032001e-17,0.0003061157086598461,0.384661217803276,1256.587646178946,perturbed,6,-0.2
single,0,0.9999999999999918,0.0,0.2817966990654653,0.7182033009345264,2.548657607829813,perturbed,7,-0.2
single,1,0.9999999999999916,0.0,0.2706596226071019,0.7293403773928896,2.694677434216419,perturbed,7,-0.2
single,2,0.9999999999999917,0.0,0.2705697725353808,0.729430227464611,2.6959043526165796,perturbed,7,-0.2
single,3,0.9999999999999916,0.0,0.24952902393266307,0.7504709760673285,3.0075498402536436,perturbed,7,-0.2
single,4,0.9999999999999915,0.0,0.28396109837869044,0.716038901621301,2.5216091419198263,perturbed,7,-0.2
single,5,0.9999999999999917,0.0,0.28394639343450084,0.7160536065654908,2.5217915181256423,perturbed,7,-0.2
single,6,0.9999999999999916,0.0,0.2500433478024398,0.7499566521975518,2.9993065553981277,perturbed,7,-0.2
single,7,0.9999999999999916,0.0,0.2710543237061935,0.7289456762937981,2.6892973568056093,perturbed,7,-0.2
single,8,0.9999999999999915,0.0,0.26977606538696,0.7302239346130315,2.706778058926824,perturbed,7,-0.2
single,9,0.9999999999999916,0.0,0.28285986943279656,0.7171401305671949,2.53531945696375,perturbed,7,-0.2
pair,"0,1",0.9999999999999916,0.0,0.04449688823453606,0.5524385607215109,12.41521784196896,perturbed,7,-0.2
pair,"0,2",0.9999999999999916,0.0,0.06833775408566659,0.5313608791608202,7.7755098374277685,perturbed,7,-0.2
pair,"0,3",0.9999999999999916,0.0,0.07088498329914883,0.5431343797723804,7.662192392431618,perturbed,7,-0.2
pair,"0,4",0.9999999999999916,0.0,0.08583961548084716,0.5227437077861055,6.089772243944195,perturbed,7,-0.2
pair,"0,5",0.9999999999999916,0.0,0.0908525148313066,0.5316728463498812,5.852043252045166,perturbed,7,-0.2
pair,"0,6",0.9999999999999916,0.0,0.09099409528524433,0.5656707790545827,6.2165657813437525,perturbed,7,-0.2
pair,"0,7",0.9999999999999916,0.0,0.08608804338335958,0.5355731948920318,6.221226245171645,perturbed,7,-0.2
pair,"0,8",0.9999999999999916,0.0,0.07746254731549622,0.5259373522958164,6.789569547122339,perturbed,7,-0.2
pair,"0,9",0.9999999999999916,0.0,0.07943613748768424,0.5154720973577649,6.489138491126706,perturbed,7,-0.2
pair,"1,2",0.9999999999999916,0.0,0.04244676855649043,0.5508784116618759,12.978100109758353,perturbed,7,-0.2
pair,"1,3",0.9999999999999916,0.0,0.06700968572402044,0.56239166576641,8.392692186061304,perturbed,7,-0.2
pair,"1,4",0.9999999999999916,0.0,0.07021017215210883,0.555763126480228,7.915706648264288,perturbed,7,-0.2
pair,"1,5",0.9999999999999916,0.0,0.06701411448416193,0.5215644128300391,7.782903897854313,perturbed,7,-0.2
pair,"1,6",0.9999999999999916,0.0,0.06651672569652368,0.5480018377549581,8.238557024817563,perturbed,7,-0.2
pair,"1,7",0.9999999999999916,0.0,0.0785911143457372,0.5403197741087489,6.875074601077417,perturbed,7,-0.2
pair,"1,8",0.9999999999999916,0.0,0.07684671643992785,0.5378318451324806,6.998761561307714,perturbed,7,-0.2
pair,"1,9",0.9999999999999916,0.0,0.0776867119561425,0.5246201059830684,6.7530223994965715,perturbed,7,-0.2
pair,"2,3",0.9999999999999918,0.0,0.01528597271971696,0.6632002632158785,43.386199581557186,perturbed,7,-0.2
pair,"2,4",0.9999999999999916,0.0,0.042694803851599024,0.5434795600789717,12.729407587115945,perturbed,7,-0.2
pair,"2,5",0.9999999999999917,0.0,0.07304906833891979,0.5385998519673444,7.373124178236561,perturbed,7,-0.2
pair,"2,6",0.9999999999999916,0.0,0.06828149922311393,0.5487681265401604,8.036849406997163,perturbed,7,-0.2
pair,"2,7",0.9999999999999917,0.0,0.07567246052734293,0.5347136831055361,7.066159595964593,perturbed,7,-0.2
pair,"2,8",0.9999999999999916,0.0,0.07840858115881945,0.541348951363296,6.904205424490132,perturbed,7,-0.2
pair,"2,9",0.9999999999999916,0.0,0.08600291858758381,0.5349748537194713,6.220426730921493,perturbed,7,-0.2
pair,"3,4",0.9999999999999915,0.0,0.03432310150943433,0.6005976307946055,17.498349635726257,perturbed,7,-0.2
pair,"3,5",0.9999999999999917,0.0,0.06448277899176033,0.5443009123228009,8.44102752445505,perturbed,7,-0.2
pair,"3,6",0.9999999999999916,0.0,0.06158513888091951,0.5671496975465833,9.209197346184752,perturbed,7,-0.2
pair,"3,7",0.9999999999999916,0.0,0.06830388597414526,0.5488464546641407,8.035362071081767,perturbed,7,-0.2
pair,"3,8",0.9999999999999917,0.0,0.0661351638685976,0.5489700324718078,8.300728392577108,perturbed,7,-0.2
pair,"3,9",0.9999999999999916,0.0,0.09001006502086842,0.5644754874269349,6.271248524218529,perturbed,7,-0.2
pair,"4,5",0.9999999999999915,0.0,0.047790361636522845,0.5521634694373211,11.553866732310746,perturbed,7,-0.2
pair,"4,6",0.9999999999999913,0.0,0.06453306931825338,0.5439308198712941,8.428714543063606,perturbed,7,-0.2
pair,"4,7",0.9999999999999913,0.0,0.07324506777736889,0.5381858858337043,7.347742341771603,perturbed,7,-0.2
pair,"4,8",0.9999999999999916,0.0,0.06676522523692888,0.522109451210317,7.820080728515692,perturbed,7,-0.2
pair,"4,9",0.9999999999999918,0.0,0.0904984399310493,0.5303542681619656,5.8603691794691954,perturbed,7,-0.2
pair,"5,6",0.9999999999999915,0.0,0.03455493556305464,0.6007575343146981,17.3855781967371,perturbed,7,-0.2
pair,"5,7",0.9999999999999916,0.0,0.043005890185564506,0.5430582112996114,12.627530995321568,perturbed,7,-0.2
pair,"5,8",0.9999999999999916,0.0,0.0701426679452233,0.5562828771811965,7.930734508353974,perturbed,7,-0.2
pair,"5,9",0.9999999999999916,0.0,0.08598791011564884,0.5214641639160786,6.064389321879542,perturbed,7,-0.2
pair,"6,7",0.9999999999999916,0.0,0.015578898779976001,0.6628092401416448,42.545320404390345,perturbed,7,-0.2
pair,"6,8",0.9999999999999916,0.0,0.06708630725969247,0.562742986250877,8.388343452449803,perturbed,7,-0.2
pair,"6,9",0.9999999999999915,0.0,0.07108883985795088,0.5418673565829617,7.62239695662099,perturbed,7,-0.2
pair,"7,8",0.9999999999999916,0.0,0.04253758281867697,0.551761637539257,12.971156351107828,perturbed,7,-0.2
pair,"7,9",0.9999999999999916,0.0,0.06882719170896136,0.5307447059619399,7.71126487633283,perturbed,7,-0.2
pair,"8,9",0.9999999999999918,0.0,0.0449302120461948,0.553886509259194,12.327707438587604,perturbed,7,-0.2
modular_A,"0,1,2,3",0.9999999999999913,5.973945361705615e-17,0.00031044262417968826,0.38336543736246603,1234.8994870645374,perturbed,7,-0.2
single,0,0.9999999999999912,0.0,0.2817966990654651,0.7182033009345261,2.548657607829813,perturbed,8,-0.2
single,1,0.9999999999999915,0.0,0.2706596493493103,0.7293403506506811,2.694677069168159,perturbed,8,-0.2
single,2,0.9999999999999912,0.0,0.2705706153573306,0.7294293846426606,2.6958928399498796,perturbed,8,-0.2
single,3,0.9999999999999911,0.0,0.24947444308906408,0.750525556910927,3.0084266252595033,perturbed,8,-0.2
single,4,0.9999999999999915,0.0,0.28353937336165935,0.7164606266383321,2.526847041184909,perturbed,8,-0.2
single,5,0.9999999999999916,0.0,0.28397087592043674,0.7160291240795549,2.5214878876528615,perturbed,8,-0.2
single,6,0.9999999999999916,0.0,0.24996952789665877,0.7500304721033328,3.0004876130878118,perturbed,8,-0.2
single,7,0.9999999999999911,0.0,0.2703365844430352,0.7296634155569559,2.6990923816702623,perturbed,8,-0.2
single,8,0.9999999999999913,0.0,0.2731458678619396,0.7268541321380517,2.6610475121865544,perturbed,8,-0.2
single,9,0.9999999999999915,0.0,0.28186585477082643,0.718134145229165,2.5477869457194466,perturbed,8,-0.2
pair,"0,1",0.9999999999999913,0.0,0.04449691943353961,0.5524384661869415,12.415207012522766,perturbed,8,-0.2
pair,"0,2",0.9999999999999913,0.0,0.06834015953819729,0.531354875624127,7.775148305399219,perturbed,8,-0.2
pair,"0,3",0.9999999999999913,0.0,0.07088959717951902,0.5431360365694567,7.661717066807881,perturbed,8,-0.2
pair,"0,4",0.9999999999999916,0.0,0.08585549576703355,0.5227957633074122,6.089252163029885,perturbed,8,-0.2
pair,"0,5",0.9999999999999916,0.0,0.09075113542524489,0.5317501809515508,5.859432815466792,perturbed,8,-0.2
pair,"0,6",0.9999999999999915,0.0,0.08983872750905754,0.5658656667115486,6.298683011226957,perturbed,8,-0.2
pair,"0,7",0.9999999999999912,0.0,0.08629191362511374,0.5360035845846305,6.211515796407557,perturbed,8,-0.2
pair,"0,8",0.9999999999999916,0.0,0.07762976822903948,0.5237635089611848,6.746941552316231,perturbed,8,-0.2
pair,"0,9",0.9999999999999915,0.0,0.07923812564077354,0.5161478706536543,6.513882887558616,perturbed,8,-0.2
pair,"1,2",0.9999999999999913,0.0,0.042448528318915366,0.5508730974367678,12.977436892465713,perturbed,8,-0.2
pair,"1,3",0.9999999999999913,0.0,0.06702590425065842,0.562383230999199,8.390535529308796,perturbed,8,-0.2
pair,"1,4",0.9999999999999915,0.0,0.07012219050302583,0.5559599499625761,7.928445274945967,perturbed,8,-0.2
pair,"1,5",0.9999999999999916,0.0,0.06694314287010097,0.5216555606370615,7.792516727953778,perturbed,8,-0.2
pair,"1,6",0.9999999999999916,0.0,0.06631350179043739,0.5481192881675316,8.265575989331513,perturbed,8,-0.2
pair,"1,7",0.9999999999999912,0.0,0.07851552527651925,0.5408055491943963,6.887880419697439,perturbed,8,-0.2
pair,"1,8",0.9999999999999916,0.0,0.07679504948893814,0.5355943129714241,6.974333847503714,perturbed,8,-0.2
pair,"1,9",0.9999999999999913,0.0,0.07772491225791804,0.5252424123252164,6.757709942241956,perturbed,8,-0.2
pair,"2,3",0.9999999999999912,0.0,0.015282213948915017,0.6632579162014709,43.400643284971146,perturbed,8,-0.2
pair,"2,4",0.9999999999999916,0.0,0.04260530326165377,0.5437879878626515,12.76338733051759,perturbed,8,-0.2
pair,"2,5",0.9999999999999913,0.0,0.0729547071052196,0.5387606223973453,7.384864442267075,perturbed,8,-0.2
pair,"2,6",0.9999999999999915,0.0,0.0682054192628809,0.548859074142682,8.047147573820206,perturbed,8,-0.2
pair,"2,7",0.9999999999999912,0.0,0.07546537009687752,0.5351790859506853,7.091717502526752,perturbed,8,-0.2
pair,"2,8",0.9999999999999912,0.0,0.07889321034800406,0.5388706052177826,6.8303799888581365,perturbed,8,-0.2
pair,"2,9",0.9999999999999912,0.0,0.08633089198684665,0.535721515592991,6.205443998825047,perturbed,8,-0.2
pair,"3,4",0.9999999999999913,0.0,0.03419160122234012,0.601349557725136,17.58763954383704,perturbed,8,-0.2
pair,"3,5",0.9999999999999913,0.0,0.064433414558017,0.5443766714459294,8.448670230812661,perturbed,8,-0.2
pair,"3,6",0.9999999999999915,0.0,0.06148686099777726,0.5671969198687936,9.224684927228562,perturbed,8,-0.2
pair,"3,7",0.9999999999999915,0.0,0.06808244115520305,0.5493814208442284,8.069355497871173,perturbed,8,-0.2
pair,"3,8",0.9999999999999913,0.0,0.0670233389759123,0.5466419143788062,8.155993460356628,perturbed,8,-0.2
pair,"3,9",0.9999999999999913,0.0,0.09104710712856928,0.5658517405728322,6.214933768008494,perturbed,8,-0.2
pair,"4,5",0.9999999999999917,0.0,0.04760092981229123,0.5523504492412838,11.603774367841428,perturbed,8,-0.2
pair,"4,6",0.9999999999999915,0.0,0.06452709466545617,0.5443013590504453,8.435237350641648,perturbed,8,-0.2
pair,"4,7",0.9999999999999915,0.0,0.072893217841556,0.5390495475524416,7.39505764067302,perturbed,8,-0.2
pair,"4,8",0.9999999999999915,0.0,0.06775778273799402,0.5201122358753528,7.67605158932848,perturbed,8,-0.2
pair,"4,9",0.9999999999999912,0.0,0.09086413987238018,0.5316661751433327,5.851221129590447,perturbed,8,-0.2
pair,"5,6",0.9999999999999916,0.0,0.034623532769872394,0.600289990228405,17.33762970457903,perturbed,8,-0.2
pair,"5,7",0.9999999999999916,0.0,0.042845216089648946,0.543460968422909,12.684285855526465,perturbed,8,-0.2
pair,"5,8",0.9999999999999913,0.0,0.07104766861515206,0.5532735524487591,7.787356900417202,perturbed,8,-0.2
pair,"5,9",0.9999999999999912,0.0,0.08592219004720864,0.5223768037806988,6.079649546801436,perturbed,8,-0.2
pair,"6,7",0.9999999999999913,0.0,0.015375189317683604,0.6633022279041915,43.14107710799383,perturbed,8,-0.2
pair,"6,8",0.9999999999999913,0.0,0.06756141857458205,0.5600087707241893,8.288884137416199,perturbed,8,-0.2
pair,"6,9",0.9999999999999913,0.0,0.07082389841255589,0.5429153286329685,7.66570805620492,perturbed,8,-0.2
pair,"7,8",0.9999999999999915,0.0,0.04314055800240629,0.5500012602943295,12.749052997034752,perturbed,8,-0.2
pair,"7,9",0.9999999999999913,0.0,0.06810715433242069,0.5319990514926726,7.811206571574932,perturbed,8,-0.2
pair,"8,9",0.9999999999999915,0.0,0.044752161304716244,0.55174365684228,12.328871740640022,perturbed,8,-0.2
modular_A,"0,1,2,3",0.9999999999999916,6.968987255928308e-17,0.00031389349176986836,0.38297020190262765,1220.0641680822202,perturbed,8,-0.2
single,0,0.9999999999999916,0.0,0.2817966990654652,0.7182033009345264,2.548657607829814,perturbed,9,-0.2
single,1,0.9999999999999917,0.0,0.2706596493493104,0.7293403506506813,2.6946770691681583,perturbed,9,-0.2
single,2,0.9999999999999918,0.0,0.2705706206329177,0.7294293793670741,2.695892767887348,perturbed,9,-0.2
single,3,0.9999999999999916,0.0,0.2494738841330535,0.7505261158669381,3.00843560629639,perturbed,9,-0.2
single,4,0.9999999999999916,0.0,0.283482339018066,0.7165176609819256,2.5275566141574086,perturbed,9,-0.2
single,5,0.9999999999999916,0.0,0.2835810286928502,0.7164189713071414,2.526328981206648,perturbed,9,-0.2
single,6,0.9999999999999916,0.0,0.2507571291743976,0.749242870825594,2.987922510089464,perturbed,9,-0.2
single,7,0.9999999999999916,0.0,0.27262767806206456,0.727372321937927,2.6680061507633805,perturbed,9,-0.2
single,8,0.9999999999999918,0.0,0.2713177203492182,0.7286822796507736,2.6857157678933494,perturbed,9,-0.2
single,9,0.9999999999999918,0.0,0.28186977438295846,0.7181302256170333,2.547737611062035,perturbed,9,-0.2
pair,"0,1",0.9999999999999919,0.0,0.04449691943353954,0.5524384661869419,12.415207012522794,perturbed,9,-0.2
pair,"0,2",0.9999999999999918,0.0,0.06834016764581145,0.5313548553480129,7.775147086291636,perturbed,9,-0.2
pair,"0,3",0.9999999999999916,0.0,0.07089035397885975,0.5431353728215238,7.661625910113138,perturbed,9,-0.2
pair,"0,4",0.9999999999999916,0.0,0.08596702156387301,0.5227614340679956,6.080953190632373,perturbed,9,-0.2
pair,"0,5",0.9999999999999916,0.0,0.09075690235343664,0.531839908851619,5.860049153952643,perturbed,9,-0.2
pair,"0,6",0.9999999999999916,0.0,0.09053947728370824,0.5653127145214738,6.243825693294528,perturbed,9,-0.2
pair,"0,7",0.9999999999999916,0.0,0.0819529118953731,0.5357018179575341,6.536702669472551,perturbed,9,-0.2
pair,"0,8",0.9999999999999918,0.0,0.07790159518640884,0.5248221642099976,6.736988670824562,perturbed,9,-0.2
pair,"0,9",0.9999999999999919,0.0,0.07924181984742487,0.5161438188068321,6.513528081518503,perturbed,9,-0.2
pair,"1,2",0.9999999999999918,0.0,0.042448535398708444,0.5508730781196947,12.97743427294916,perturbed,9,-0.2
pair,"1,3",0.9999999999999916,0.0,0.06702703404071692,0.5623823582435137,8.39038107969813,perturbed,9,-0.2
pair,"1,4",0.9999999999999916,0.0,0.07011957691842202,0.5559718548584797,7.928910573794593,perturbed,9,-0.2
pair,"1,5",0.9999999999999916,0.0,0.06682442330609298,0.5218347296033855,7.809042020656019,perturbed,9,-0.2
pair,"1,6",0.9999999999999916,0.0,0.06659136816495072,0.5475320192270474,8.222267154367193,perturbed,9,-0.2
pair,"1,7",0.9999999999999916,0.0,0.07713130424632393,0.5396891723486955,6.997018624567302,perturbed,9,-0.2
pair,"1,8",0.9999999999999918,0.0,0.07724764428830898,0.5366588249418449,6.9472516590783,perturbed,9,-0.2
pair,"1,9",0.9999999999999918,0.0,0.07773445939560832,0.5252421236636198,6.756876265010648,perturbed,9,-0.2
pair,"2,3",0.9999999999999916,0.0,0.015282293461576368,0.6632580284077362,43.40042481682073,perturbed,9,-0.2
pair,"2,4",0.9999999999999918,0.0,0.04259944384726775,0.5438047200618072,12.765535672519956,perturbed,9,-0.2
pair,"2,5",0.9999999999999917,0.0,0.07282093931277647,0.5390090532727911,7.401841535683428,perturbed,9,-0.2
pair,"2,6",0.9999999999999918,0.0,0.06844787504238593,0.548276824201679,8.010136528886571,perturbed,9,-0.2
pair,"2,7",0.9999999999999916,0.0,0.07575931789864505,0.5335466004250771,7.042653170912716,perturbed,9,-0.2
pair,"2,8",0.9999999999999918,0.0,0.07875138016014852,0.540083812348171,6.858086947172971,perturbed,9,-0.2
pair,"2,9",0.9999999999999916,0.0,0.08637009181460119,0.5357448003218146,6.202897195846734,perturbed,9,-0.2
pair,"3,4",0.9999999999999918,0.0,0.03418235842860297,0.6014117772256692,17.594215404470816,perturbed,9,-0.2
pair,"3,5",0.9999999999999916,0.0,0.06429783014290961,0.5446644495887483,8.470961591987885,perturbed,9,-0.2
pair,"3,6",0.9999999999999916,0.0,0.06167798297255533,0.5666439267547402,9.18713452427389,perturbed,9,-0.2
pair,"3,7",0.9999999999999917,0.0,0.06857131011606518,0.5476587953814311,7.986704562804077,perturbed,9,-0.2
pair,"3,8",0.9999999999999916,0.0,0.06656816545900267,0.5478693461926551,8.230200463163904,perturbed,9,-0.2
pair,"3,9",0.9999999999999917,0.0,0.09108473644997282,0.5658621100880216,6.212480072320508,perturbed,9,-0.2
pair,"4,5",0.9999999999999917,0.0,0.04741554682785928,0.552974546989294,11.66230453899122,perturbed,9,-0.2
pair,"4,6",0.9999999999999918,0.0,0.06472622795627377,0.5438024508807724,8.401577970033133,perturbed,9,-0.2
pair,"4,7",0.9999999999999918,0.0,0.07353219874877526,0.5373251191355204,7.30734465008052,perturbed,9,-0.2
pair,"4,8",0.9999999999999916,0.0,0.06721579354633961,0.5212227907326117,7.754469050094196,perturbed,9,-0.2
pair,"4,9",0.9999999999999916,0.0,0.09088738655759489,0.5317100514858499,5.850207290853367,perturbed,9,-0.2
pair,"5,6",0.9999999999999918,0.0,0.03470261867389237,0.5996757968939839,17.280419167477255,perturbed,9,-0.2
pair,"5,7",0.9999999999999916,0.0,0.04387904264628623,0.5418059286337851,12.347715354715962,perturbed,9,-0.2
pair,"5,8",0.9999999999999917,0.0,0.07096181025901312,0.5546780375853138,7.816571132567212,perturbed,9,-0.2
pair,"5,9",0.9999999999999917,0.0,0.0860527363632043,0.5226109459231264,6.073147328137633,perturbed,9,-0.2
pair,"6,7",0.9999999999999916,0.0,0.01695713745921434,0.6583116163632032,38.822095884201445,perturbed,9,-0.2
pair,"6,8",0.9999999999999916,0.0,0.06764675946691065,0.5607554057661808,8.289464420545876,perturbed,9,-0.2
pair,"6,9",0.9999999999999918,0.0,0.07124715696949302,0.5422739065525624,7.611165548468917,perturbed,9,-0.2
pair,"7,8",0.9999999999999916,0.0,0.04338109107995461,0.5487346392365712,12.649166389688355,perturbed,9,-0.2
pair,"7,9",0.9999999999999918,0.0,0.06896824677086921,0.5297872342758018,7.681610872839719,perturbed,9,-0.2
pair,"8,9",0.9999999999999917,0.0,0.04463798997175867,0.5521513123062683,12.369537979994183,perturbed,9,-0.2
modular_A,"0,1,2,3",0.9999999999999916,7.144242423908493e-17,0.000314243612029868,0.3829563526226852,1218.6607395102315,perturbed,9,-0.2
single,0,0.9999999999999916,0.0,0.281814918530934,0.7181850814690576,2.548428185466074,perturbed,0,-0.1
single,1,0.9999999999999916,0.0,0.2708245085142698,0.7291754914857217,2.692428006187266,perturbed,0,-0.1
single,2,0.9999999999999913,0.0,0.2710861716781237,0.7289138283218677,2.6888639276936237,perturbed,0,-0.1
single,3,0.9999999999999913,0.0,0.24979544967559714,0.7502045503243941,3.003275485196649,perturbed,0,-0.1
single,4,0.9999999999999916,0.0,0.2835063557735629,0.7164936442264286,2.5272577832388823,perturbed,0,-0.1
single,5,0.9999999999999917,0.0,0.28348163921645664,0.716518360783535,2.5275653222691674,perturbed,0,-0.1
single,6,0.9999999999999917,0.0,0.24947388482655247,0.7505261151734393,3.0084355951535566,perturbed,0,-0.1
single,7,0.9999999999999916,0.0,0.27057062063291765,0.729429379367074,2.695892767887348,perturbed,0,-0.1
single,8,0.9999999999999918,0.0,0.2706596493493105,0.7293403506506813,2.6946770691681574,perturbed,0,-0.1
single,9,0.9999999999999916,0.0,0.2817966990654652,0.7182033009345263,2.5486576078298135,perturbed,0,-0.1
pair,"0,1",0.9999999999999916,0.0,0.044532046007787686,0.5523669414344947,12.403807840715375,perturbed,0,-0.1
pair,"0,2",0.9999999999999915,0.0,0.06849748813420013,0.530962014024947,7.751554523936519,perturbed,0,-0.1
pair,"0,3",0.9999999999999913,0.0,0.07097971334716287,0.5429197385145226,7.648942393710352,perturbed,0,-0.1
pair,"0,4",0.9999999999999918,0.0,0.08599331431018703,0.5227221733606273,6.078637363308418,perturbed,0,-0.1
pair,"0,5",0.9999999999999917,0.0,0.09078542562160656,0.5318370637839875,5.8581766857676385,perturbed,0,-0.1
pair,"0,6",0.9999999999999916,0.0,0.090994257136148,0.5659955569383388,6.220123936958806,perturbed,0,-0.1
pair,"0,7",0.9999999999999918,0.0,0.08633691965082711,0.5358107957294587,6.206044851917827,perturbed,0,-0.1
pair,"0,8",0.9999999999999917,0.0,0.07772194129454976,0.5252820880351808,6.758478742115725,perturbed,0,-0.1
pair,"0,9",0.9999999999999916,0.0,0.07921792216149755,0.5161920354363916,6.516101676891464,perturbed,0,-0.1
pair,"1,2",0.9999999999999915,0.0,0.042682208963320034,0.5503371567600668,12.89383024278364,perturbed,0,-0.1
pair,"1,3",0.9999999999999913,0.0,0.06718264422430818,0.5619743425736724,8.3648738310651,perturbed,0,-0.1
pair,"1,4",0.9999999999999916,0.0,0.07033173034543876,0.5556466418333581,7.9003692800427965,perturbed,0,-0.1
pair,"1,5",0.9999999999999916,0.0,0.06695445077643046,0.5216965874693428,7.791813410752257,perturbed,0,-0.1
pair,"1,6",0.9999999999999916,0.0,0.06641139987037083,0.5482521160127025,8.255391650873827,perturbed,0,-0.1
pair,"1,7",0.9999999999999916,0.0,0.07857692268548318,0.5404777694195166,6.87832700680919,perturbed,0,-0.1
pair,"1,8",0.9999999999999918,0.0,0.07710282145378267,0.5370337240431688,6.965163063002566,perturbed,0,-0.1
pair,"1,9",0.9999999999999917,0.0,0.07776383322753805,0.5251768178878587,6.753484185266229,perturbed,0,-0.1
pair,"2,3",0.9999999999999912,0.0,0.01570232693198111,0.6620177832268836,42.1604890851269,perturbed,0,-0.1
pair,"2,4",0.9999999999999916,0.0,0.042920539253338566,0.5433033887411645,12.65835420972498,perturbed,0,-0.1
pair,"2,5",0.9999999999999917,0.0,0.07301158938522888,0.538618211352222,7.3771604739396475,perturbed,0,-0.1
pair,"2,6",0.9999999999999916,0.0,0.06822865878776901,0.5488025377217216,8.043577984272241,perturbed,0,-0.1
pair,"2,7",0.9999999999999916,0.0,0.07555348387278674,0.5345992133643668,7.075771836868553,perturbed,0,-0.1
pair,"2,8",0.9999999999999916,0.0,0.07815594865953283,0.5403799188284392,6.914123980280393,perturbed,0,-0.1
pair,"2,9",0.9999999999999917,0.0,0.08515204991384513,0.5358029965233035,6.292308841248292,perturbed,0,-0.1
pair,"3,4",0.9999999999999916,0.0,0.03431291786061957,0.6009770827106833,17.514601502322712,perturbed,0,-0.1
pair,"3,5",0.9999999999999916,0.0,0.06439426112783989,0.5444975400596841,8.455684256997847,perturbed,0,-0.1
pair,"3,6",0.9999999999999915,0.0,0.061429482738877134,0.5673574242270276,9.235914074659165,perturbed,0,-0.1
pair,"3,7",0.9999999999999916,0.0,0.06819794378053824,0.5489574514005988,8.049472183019919,perturbed,0,-0.1
pair,"3,8",0.9999999999999917,0.0,0.06641675398279619,0.548167685690028,8.253454931447251,perturbed,0,-0.1
pair,"3,9",0.9999999999999918,0.0,0.09085267791565142,0.5658583616512389,6.228306909968992,perturbed,0,-0.1
pair,"4,5",0.9999999999999917,0.0,0.04739552283831402,0.553047433074555,11.668769536760495,perturbed,0,-0.1
pair,"4,6",0.9999999999999915,0.0,0.06428686988140743,0.5447135625463483,8.47316977092217,perturbed,0,-0.1
pair,"4,7",0.9999999999999915,0.0,0.07283341456590393,0.5390404371573024,7.4010046126499685,perturbed,0,-0.1
pair,"4,8",0.9999999999999916,0.0,0.06685596014682535,0.5218502599790893,7.805590688295116,perturbed,0,-0.1
pair,"4,9",0.9999999999999917,0.0,0.09075248431099929,0.5318698488567927,5.86066434318349,perturbed,0,-0.1
pair,"5,6",0.9999999999999916,0.0,0.03418249135694454,0.6014122051385203,17.594159502839663,perturbed,0,-0.1
pair,"5,7",0.9999999999999917,0.0,0.04259963860902364,0.5438045966014277,12.76547441147157,perturbed,0,-0.1
pair,"5,8",0.9999999999999916,0.0,0.07011965741525739,0.5559718123432533,7.928900865141406,perturbed,0,-0.1
pair,"5,9",0.9999999999999916,0.0,0.08597174832154554,0.5227597881871603,6.080599713198463,perturbed,0,-0.1
pair,"6,7",0.9999999999999916,0.0,0.01528229396715989,0.6632580265102399,43.400423256843155,perturbed,0,-0.1
pair,"6,8",0.9999999999999916,0.0,0.06702703847904111,0.5623823547077613,8.390380471361784,perturbed,0,-0.1
pair,"6,9",0.9999999999999918,0.0,0.07089035739395111,0.5431353696381197,7.661625496113863,perturbed,0,-0.1
pair,"7,8",0.9999999999999916,0.0,0.042448535398708506,0.5508730781196945,12.97743427294914,perturbed,0,-0.1
pair,"7,9",0.9999999999999917,0.0,0.06834016764581147,0.5313548553480129,7.775147086291635,perturbed,0,-0.1
pair,"8,9",0.9999999999999918,0.0,0.044496919433539596,0.5524384661869417,12.415207012522774,perturbed,0,-0.1
modular_A,"0,1,2,3",0.9999999999999916,6.111487139188173e-17,0.000284476984928079,0.3827737014508764,1345.5348647893206,perturbed,0,-0.1
single,0,0.9999999999999919,0.0,0.28181303492894333,0.7181869650710485,2.5484519027025594,perturbed,1,-0.1
single,1,0.9999999999999918,0.0,0.2712828207359249,0.7287171792640669,2.6861899227058785,perturbed,1,-0.1
single,2,0.9999999999999917,0.0,0.27051162221050884,0.7294883777894828,2.696698839881282,perturbed,1,-0.1
single,3,0.9999999999999916,0.0,0.24959799791914655,0.7504020020808451,3.0064423927147295,perturbed,1,-0.1
single,4,0.9999999999999916,0.0,0.2836039653160179,0.7163960346839737,2.526043787454448,perturbed,1,-0.1
single,5,0.9999999999999916,0.0,0.2834959142514355,0.7165040857485561,2.5273876967167896,perturbed,1,-0.1
single,6,0.9999999999999916,0.0,0.24947402430149596,0.7505259756984957,3.008433354133355,perturbed,1,-0.1
single,7,0.9999999999999916,0.0,0.2705706193007436,0.729429380699248,2.6958927860843436,perturbed,1,-0.1
single,8,0.9999999999999918,0.0,0.2706596493493105,0.7293403506506813,2.6946770691681574,perturbed,1,-0.1
single,9,0.9999999999999916,0.0,0.2817966990654652,0.7182033009345263,2.5486576078298135,perturbed,1,-0.1
pair,"0,1",0.9999999999999917,0.0,0.04455998250689623,0.5522654397437218,12.393753513216742,perturbed,1,-0.1
pair,"0,2",0.9999999999999917,0.0,0.06828100210523053,0.5315185138219654,7.7842810948032275,perturbed,1,-0.1
pair,"0,3",0.9999999999999918,0.0,0.07087294737296815,0.5430813311744099,7.662745113681389,perturbed,1,-0.1
pair,"0,4",0.9999999999999917,0.0,0.08595987812868489,0.5226640363822133,6.080325469979928,perturbed,1,-0.1
pair,"0,5",0.9999999999999917,0.0,0.09077937079035195,0.5318268306783863,5.858454691282229,perturbed,1,-0.1
pair,"0,6",0.9999999999999917,0.0,0.09098446967194795,0.5659936217351847,6.220771784194837,perturbed,1,-0.1
pair,"0,7",0.9999999999999917,0.0,0.08632658377563192,0.5358055950468978,6.20672765691145,perturbed,1,-0.1
pair,"0,8",0.9999999999999916,0.0,0.07771916967222982,0.5252828528482163,6.7587296038226645,perturbed,1,-0.1
pair,"0,9",0.9999999999999917,0.0,0.07921670531906033,0.5161937169396694,6.516222996912092,perturbed,1,-0.1
pair,"1,2",0.9999999999999916,0.0,0.04262095073965075,0.550655758138167,12.91983751141163,perturbed,1,-0.1
pair,"1,3",0.9999999999999918,0.0,0.06716082160486163,0.561787291569726,8.364806715364235,perturbed,1,-0.1
pair,"1,4",0.9999999999999917,0.0,0.07035211881436663,0.5552953716519561,7.893086676140861,perturbed,1,-0.1
pair,"1,5",0.9999999999999918,0.0,0.06708982811303123,0.5214184767452208,7.771945336731945,perturbed,1,-0.1
pair,"1,6",0.9999999999999918,0.0,0.06652517762062213,0.547944466297512,8.236647926328194,perturbed,1,-0.1
pair,"1,7",0.9999999999999917,0.0,0.07861055206735398,0.5401738520044224,6.871518362338916,perturbed,1,-0.1
pair,"1,8",0.9999999999999915,0.0,0.07698237405317473,0.5367673669537758,6.972600852540734,perturbed,1,-0.1
pair,"1,9",0.9999999999999916,0.0,0.07769025808972856,0.5249118813240317,6.756469784381246,perturbed,1,-0.1
pair,"2,3",0.9999999999999916,0.0,0.01530558895585133,0.6632694473092247,43.33511433126894,perturbed,1,-0.1
pair,"2,4",0.9999999999999919,0.0,0.042661204554363445,0.5437188260692215,12.745041584007717,perturbed,1,-0.1
pair,"2,5",0.9999999999999916,0.0,0.0728515546900571,0.5390507308108136,7.399303049937301,perturbed,1,-0.1
pair,"2,6",0.9999999999999916,0.0,0.06810637039838258,0.5492345640236291,8.064364035418816,perturbed,1,-0.1
pair,"2,7",0.9999999999999916,0.0,0.07548108477395904,0.5350085874834085,7.087982228734296,perturbed,1,-0.1
pair,"2,8",0.9999999999999917,0.0,0.07851772373105217,0.540659011171872,6.885821257679331,perturbed,1,-0.1
pair,"2,9",0.9999999999999916,0.0,0.08631722088507186,0.5358759246333229,6.208215685567791,perturbed,1,-0.1
pair,"3,4",0.9999999999999918,0.0,0.03429300870439837,0.6011312066684098,17.529264108905952,perturbed,1,-0.1
pair,"3,5",0.9999999999999916,0.0,0.06434422394002735,0.5446226641029502,8.46420441111499,perturbed,1,-0.1
pair,"3,6",0.9999999999999916,0.0,0.06138151802651449,0.5674960585756217,9.245389765865434,perturbed,1,-0.1
pair,"3,7",0.9999999999999915,0.0,0.06813702129225109,0.5491034856689414,8.058812599302582,perturbed,1,-0.1
pair,"3,8",0.9999999999999916,0.0,0.06634691256102089,0.5483150165238524,8.264363711266196,perturbed,1,-0.1
pair,"3,9",0.9999999999999916,0.0,0.09067295688113515,0.565997068072178,6.242181655266343,perturbed,1,-0.1
pair,"4,5",0.9999999999999917,0.0,0.04744198991291376,0.5528910574780208,11.654044412827702,perturbed,1,-0.1
pair,"4,6",0.9999999999999918,0.0,0.06432086093584619,0.5446415339551546,8.467572200228812,perturbed,1,-0.1
pair,"4,7",0.9999999999999918,0.0,0.07286695966095752,0.5389782918304511,7.396744619759926,perturbed,1,-0.1
pair,"4,8",0.9999999999999917,0.0,0.06688568249176023,0.5218055755466441,7.80145400491243,perturbed,1,-0.1
pair,"4,9",0.9999999999999918,0.0,0.09075081797687357,0.5318477483021856,5.860528424523058,perturbed,1,-0.1
pair,"5,6",0.9999999999999918,0.0,0.03418480015668225,0.601396637747835,17.592515825495543,perturbed,1,-0.1
pair,"5,7",0.9999999999999916,0.0,0.04260109231872698,0.543800460066372,12.764941706138439,perturbed,1,-0.1
pair,"5,8",0.9999999999999916,0.0,0.07012028286525657,0.5559688986525685,7.928788589186394,perturbed,1,-0.1
pair,"5,9",0.9999999999999916,0.0,0.08594352379000557,0.5227685480922877,6.082698556433647,perturbed,1,-0.1
pair,"6,7",0.9999999999999917,0.0,0.015282273667297683,0.6632579998013157,43.40047915910654,perturbed,1,-0.1
pair,"6,8",0.9999999999999917,0.0,0.06702675273471634,0.5623825763116734,8.39041954691606,perturbed,1,-0.1
pair,"6,9",0.9999999999999916,0.0,0.07089016581852321,0.5431355384454266,7.66164858234128,perturbed,1,-0.1
pair,"7,8",0.9999999999999916,0.0,0.04244853361094197,0.5508730829975798,12.977434934420941,perturbed,1,-0.1
pair,"7,9",0.9999999999999918,0.0,0.06834016559850271,0.531354860468072,7.775147394136745,perturbed,1,-0.1
pair,"8,9",0.9999999999999916,0.0,0.04449691943353951,0.5524384661869417,12.415207012522798,perturbed,1,-0.1
modular_A,"0,1,2,3",0.9999999999999918,5.228687924679043e-17,0.0002938839191483421,0.38330205242326254,1304.263443655062,perturbed,1,-0.1
single,0,0.9999999999999912,0.0,0.282062624896725,0.7179373751032663,2.545311968808818,perturbed,2,-0.1
single,1,0.9999999999999913,0.0,0.2704363307027306,0.7295636692972607,2.697728028632413,perturbed,2,-0.1
single,2,0.9999999999999911,0.0,0.27069145192460575,0.7293085480753854,2.6942429947086612,perturbed,2,-0.1
single,3,0.9999999999999911,0.0,0.24961652526849676,0.7503834747314944,3.006145021545966,perturbed,2,-0.1
single,4,0.9999999999999912,0.0,0.2835978287358709,0.7164021712641203,2.5261200851130003,perturbed,2,-0.1
single,5,0.9999999999999911,0.0,0.2836015133989196,0.7163984866010715,2.5260742723659977,perturbed,2,-0.1
single,6,0.9999999999999913,0.0,0.24948767931319482,0.7505123206867965,3.008213963722992,perturbed,2,-0.1
single,7,0.9999999999999912,0.0,0.2705704048031071,0.7294295951968841,2.6958957160436183,perturbed,2,-0.1
single,8,0.9999999999999913,0.0,0.2706596425964542,0.7293403574035371,2.6946771613489595,perturbed,2,-0.1
single,9,0.9999999999999913,0.0,0.2817966990654652,0.7182033009345261,2.5486576078298127,perturbed,2,-0.1
pair,"0,1",0.9999999999999913,0.0,0.044602220464825794,0.5528124762480786,12.394281506321812,perturbed,2,-0.1
pair,"0,2",0.9999999999999913,0.0,0.06846143275131501,0.5312034520551686,7.759163527657332,perturbed,2,-0.1
pair,"0,3",0.9999999999999912,0.0,0.07093906722556988,0.542818049912679,7.651891561904004,perturbed,2,-0.1
pair,"0,4",0.9999999999999912,0.0,0.0859756452160808,0.5224349333733939,6.076545654997634,perturbed,2,-0.1
pair,"0,5",0.9999999999999911,0.0,0.09068477578689293,0.5314977290556119,5.86093668362393,perturbed,2,-0.1
pair,"0,6",0.9999999999999916,0.0,0.09071707370713157,0.5656483345351491,6.235301817178011,perturbed,2,-0.1
pair,"0,7",0.9999999999999913,0.0,0.08624007167702726,0.53561850233592,6.210784521861648,perturbed,2,-0.1
pair,"0,8",0.9999999999999912,0.0,0.07770750538190527,0.5251269664071903,6.757738056657134,perturbed,2,-0.1
pair,"0,9",0.9999999999999913,0.0,0.07926600524610848,0.5160241637699826,6.510031156077675,perturbed,2,-0.1
pair,"1,2",0.9999999999999913,0.0,0.04247006307521503,0.551099663241157,12.976191305983049,perturbed,2,-0.1
pair,"1,3",0.9999999999999913,0.0,0.06704133775105944,0.5624744626019014,8.389964780990855,perturbed,2,-0.1
pair,"1,4",0.9999999999999912,0.0,0.0701250560621997,0.5560512661293953,7.929423480762533,perturbed,2,-0.1
pair,"1,5",0.9999999999999911,0.0,0.06684061565132916,0.5219205325131826,7.808433950335763,perturbed,2,-0.1
pair,"1,6",0.9999999999999913,0.0,0.06630216853838591,0.5485293298558476,8.27317329052781,perturbed,2,-0.1
pair,"1,7",0.9999999999999913,0.0,0.0784906193581002,0.5407965506015845,6.889951372842295,perturbed,2,-0.1
pair,"1,8",0.9999999999999913,0.0,0.0770017381640653,0.5373291813659602,6.978143535163959,perturbed,2,-0.1
pair,"1,9",0.9999999999999913,0.0,0.07765319500015555,0.5254576519862628,6.766722888674577,perturbed,2,-0.1
pair,"2,3",0.9999999999999911,0.0,0.01535664228264933,0.6631458814358606,43.182999853106864,perturbed,2,-0.1
pair,"2,4",0.9999999999999911,0.0,0.042701501187171996,0.543617947707232,12.730651911379192,perturbed,2,-0.1
pair,"2,5",0.9999999999999911,0.0,0.07293976864764912,0.538834338186279,7.387387541482775,perturbed,2,-0.1
pair,"2,6",0.9999999999999911,0.0,0.0681617781434414,0.5491005608271016,8.05584266994268,perturbed,2,-0.1
pair,"2,7",0.9999999999999911,0.0,0.07553289767470442,0.5348920729741394,7.0815775568116734,perturbed,2,-0.1
pair,"2,8",0.9999999999999913,0.0,0.07853612406920776,0.5405373920757841,6.882659393777195,perturbed,2,-0.1
pair,"2,9",0.9999999999999911,0.0,0.08626391212483149,0.5357683390714177,6.210805026974822,perturbed,2,-0.1
pair,"3,4",0.9999999999999911,0.0,0.03427582711396809,0.601248466365274,17.541472139129013,perturbed,2,-0.1
pair,"3,5",0.9999999999999911,0.0,0.06434583214279994,0.5445298457963915,8.462550372927648,perturbed,2,-0.1
pair,"3,6",0.9999999999999912,0.0,0.06140622004919187,0.5674841986654332,9.241477462882875,perturbed,2,-0.1
pair,"3,7",0.9999999999999912,0.0,0.0681562986967373,0.5490806023717902,8.056197488289886,perturbed,2,-0.1
pair,"3,8",0.9999999999999913,0.0,0.06639840592903189,0.548285429619789,8.257508925828864,perturbed,2,-0.1
pair,"3,9",0.9999999999999913,0.0,0.09097091362302234,0.5659479478468801,6.221196702411193,perturbed,2,-0.1
pair,"4,5",0.9999999999999911,0.0,0.04748942639723922,0.5528443415814255,11.641419649018225,perturbed,2,-0.1
pair,"4,6",0.9999999999999913,0.0,0.06433315671941475,0.5446225877695874,8.46565932004435,perturbed,2,-0.1
pair,"4,7",0.9999999999999912,0.0,0.07289054975758766,0.5389379128504908,7.393796790432208,perturbed,2,-0.1
pair,"4,8",0.9999999999999912,0.0,0.06690352104830628,0.5217826342942649,7.7990309944602565,perturbed,2,-0.1
pair,"4,9",0.9999999999999912,0.0,0.09077638173665405,0.5318282380298668,5.858663099975961,perturbed,2,-0.1
pair,"5,6",0.9999999999999912,0.0,0.034217764259348304,0.6012082310503161,17.57006175194704,perturbed,2,-0.1
pair,"5,7",0.9999999999999911,0.0,0.04262352080390406,0.5437233379896018,12.75641541887361,perturbed,2,-0.1
pair,"5,8",0.9999999999999913,0.0,0.0701422166581684,0.5559198885565818,7.925610495970008,perturbed,2,-0.1
pair,"5,9",0.9999999999999912,0.0,0.08593928384350816,0.522755983755293,6.082852455545356,perturbed,2,-0.1
pair,"6,7",0.9999999999999911,0.0,0.015283205595170097,0.6632435943458251,43.39689014950031,perturbed,2,-0.1
pair,"6,8",0.9999999999999912,0.0,0.06702261990988223,0.562384798564151,8.390970083239457,perturbed,2,-0.1
pair,"6,9",0.9999999999999912,0.0,0.07088896472445567,0.5431352111322938,7.661773778802555,perturbed,2,-0.1
pair,"7,8",0.9999999999999911,0.0,0.04244808877865188,0.5508744263903415,12.97760257859687,perturbed,2,-0.1
pair,"7,9",0.9999999999999912,0.0,0.0683395577006728,0.531356377683927,7.775238757196342,perturbed,2,-0.1
pair,"8,9",0.9999999999999911,0.0,0.04449691155526673,0.5524384900585104,12.415209747138572,perturbed,2,-0.1
modular_A,"0,1,2,3",0.9999999999999911,4.9739717030645157e-17,0.000301624927854991,0.3836053004765404,1271.7957471371938,perturbed,2,-0.1
single,0,0.9999999999999911,0.0,0.28016302856208525,0.7198369714379058,2.5693503355257565,perturbed,3,-0.1
single,1,0.999999999999991,0.0,0.27047750189642106,0.72952249810357,2.697165172661715,perturbed,3,-0.1
single,2,0.9999999999999913,0.0,0.2706691345797191,0.7293308654202723,2.6945475942528105,perturbed,3,-0.1
single,3,0.9999999999999911,0.0,0.24961609043574814,0.750383909564243,3.0061520002749735,perturbed,3,-0.1
single,4,0.9999999999999912,0.0,0.28362741843517514,0.7163725815648161,2.5257522192923942,perturbed,3,-0.1
single,5,0.9999999999999909,0.0,0.2835978317406179,0.716402168259373,2.526120047753409,perturbed,3,-0.1
single,6,0.9999999999999911,0.0,0.2495918914309792,0.750408108569012,3.0065404139001277,perturbed,3,-0.1
single,7,0.9999999999999913,0.0,0.2705712813991723,0.729428718600819,2.695883742091227,perturbed,3,-0.1
single,8,0.9999999999999913,0.0,0.2706576728341732,0.7293423271658181,2.694704050059103,perturbed,3,-0.1
single,9,0.9999999999999913,0.0,0.28179666179850216,0.7182033382014892,2.5486580771316527,perturbed,3,-0.1
pair,"0,1",0.9999999999999911,0.0,0.04419905831748269,0.5541417199288523,12.53741009476812,perturbed,3,-0.1
pair,"0,2",0.9999999999999912,0.0,0.06796985785841153,0.5325566140355078,7.835187990901497,perturbed,3,-0.1
pair,"0,3",0.999999999999991,0.0,0.07059540734271856,0.5443346031471911,7.710623447565325,perturbed,3,-0.1
pair,"0,4",0.9999999999999912,0.0,0.08552233991959085,0.5238194245254136,6.124942617541978,perturbed,3,-0.1
pair,"0,5",0.9999999999999911,0.0,0.09012494845627654,0.5327758655967476,5.911524774465973,perturbed,3,-0.1
pair,"0,6",0.9999999999999911,0.0,0.08997867357799737,0.5667972425137843,6.299239808447055,perturbed,3,-0.1
pair,"0,7",0.9999999999999912,0.0,0.08553787519923646,0.5368655576069805,6.2763490016148165,perturbed,3,-0.1
pair,"0,8",0.9999999999999913,0.0,0.07716109409814575,0.5265135641332551,6.823562707179235,perturbed,3,-0.1
pair,"0,9",0.9999999999999913,0.0,0.0787234673388268,0.517392766799968,6.5722812306158085,perturbed,3,-0.1
pair,"1,2",0.9999999999999913,0.0,0.042483957993514974,0.551053096540613,12.97085117692493,perturbed,3,-0.1
pair,"1,3",0.9999999999999911,0.0,0.06701364282282266,0.562416001082747,8.392559744434704,perturbed,3,-0.1
pair,"1,4",0.9999999999999912,0.0,0.07013264996773655,0.5559660233969962,7.927349439280561,perturbed,3,-0.1
pair,"1,5",0.9999999999999911,0.0,0.06695227300598658,0.5220303257768358,7.79705157627969,perturbed,3,-0.1
pair,"1,6",0.9999999999999911,0.0,0.06632341195055824,0.5484178644366027,8.268842755638518,perturbed,3,-0.1
pair,"1,7",0.9999999999999912,0.0,0.0783768562088232,0.5406880095297226,6.898567200617766,perturbed,3,-0.1
pair,"1,8",0.9999999999999915,0.0,0.0769296699217312,0.5373068068578786,6.984389864203738,perturbed,3,-0.1
pair,"1,9",0.9999999999999912,0.0,0.07760835820824705,0.525446234628945,6.770485122478838,perturbed,3,-0.1
pair,"2,3",0.9999999999999913,0.0,0.015344975069084221,0.6631435367261735,43.215680295383464,perturbed,3,-0.1
pair,"2,4",0.9999999999999913,0.0,0.04273637575957542,0.5435924284163711,12.719666063273392,perturbed,3,-0.1
pair,"2,5",0.9999999999999913,0.0,0.0729346026861145,0.5389176140531702,7.389052578684588,perturbed,3,-0.1
pair,"2,6",0.9999999999999915,0.0,0.06816396940177025,0.5490196754484803,8.054397070283029,perturbed,3,-0.1
pair,"2,7",0.9999999999999913,0.0,0.07551001254516972,0.5348712966030722,7.083448652364014,perturbed,3,-0.1
pair,"2,8",0.9999999999999913,0.0,0.07855263288523659,0.5405540379039728,6.881424823706528,perturbed,3,-0.1
pair,"2,9",0.9999999999999913,0.0,0.08631137191634684,0.5357805801822817,6.207531734075103,perturbed,3,-0.1
pair,"3,4",0.9999999999999911,0.0,0.03427091509152888,0.601278578128318,17.544864983104656,perturbed,3,-0.1
pair,"3,5",0.9999999999999911,0.0,0.06437039780268819,0.5445562821058842,8.459731502282915,perturbed,3,-0.1
pair,"3,6",0.9999999999999911,0.0,0.061415751389472716,0.567390783424315,9.238522212749018,perturbed,3,-0.1
pair,"3,7",0.9999999999999913,0.0,0.06815822578022017,0.5490973654580541,8.056215653685703,perturbed,3,-0.1
pair,"3,8",0.9999999999999915,0.0,0.06639591100855605,0.5482888855428262,8.257871263671214,perturbed,3,-0.1
pair,"3,9",0.9999999999999911,0.0,0.09097589971007626,0.5659404094101832,6.220772877363488,perturbed,3,-0.1
pair,"4,5",0.9999999999999911,0.0,0.04748354492517669,0.5529151395525495,11.64435259464765,perturbed,3,-0.1
pair,"4,6",0.9999999999999911,0.0,0.06435658987863667,0.5445415250316895,8.461317264612422,perturbed,3,-0.1
pair,"4,7",0.9999999999999913,0.0,0.07295863182855856,0.538961428703039,7.3872195132375085,perturbed,3,-0.1
pair,"4,8",0.9999999999999913,0.0,0.06693748669879009,0.5217597077986112,7.794731077168486,perturbed,3,-0.1
pair,"4,9",0.9999999999999913,0.0,0.09078524194144223,0.5317952259368991,5.857727694110399,perturbed,3,-0.1
pair,"5,6",0.9999999999999911,0.0,0.03426149443184207,0.601142338659159,17.545712720005206,perturbed,3,-0.1
pair,"5,7",0.9999999999999913,0.0,0.04266494691763367,0.5436452598079952,12.742199371711942,perturbed,3,-0.1
pair,"5,8",0.9999999999999912,0.0,0.07020240309967887,0.5558396490169508,7.917672678921349,perturbed,3,-0.1
pair,"5,9",0.9999999999999911,0.0,0.08593581889875407,0.5227472878437072,6.082996526274868,perturbed,3,-0.1
pair,"6,7",0.9999999999999912,0.0,0.015301939110739479,0.6630419061149422,43.33058060919837,perturbed,3,-0.1
pair,"6,8",0.9999999999999912,0.0,0.06702975680235922,0.5623725830347821,8.389894426932912,perturbed,3,-0.1
pair,"6,9",0.9999999999999913,0.0,0.07090468693858963,0.5431079813694748,7.6596908444128555,perturbed,3,-0.1
pair,"7,8",0.9999999999999911,0.0,0.042438775499087276,0.5509115955354801,12.98132637091116,perturbed,3,-0.1
pair,"7,9",0.9999999999999913,0.0,0.0683202804666745,0.5314053044210726,7.778148754530996,perturbed,3,-0.1
pair,"8,9",0.9999999999999913,0.0,0.044494725642234945,0.552445774960241,12.41598339997073,perturbed,3,-0.1
modular_A,"0,1,2,3",0.9999999999999911,6.282855703815203e-17,0.00030620293118796034,0.38441931971673843,1255.4397119104178,perturbed,3,-0.1
single,0,0.9999999999999911,0.0,0.2813955823872194,0.7186044176127717,2.5537160587827685,perturbed,4,-0.1
single,1,0.9999999999999913,0.0,0.2703392373981693,0.729660762601822,2.699056080886774,perturbed,4,-0.1
single,2,0.9999999999999913,0.0,0.2706411191432273,0.729358880856764,2.694930035634299,perturbed,4,-0.1
single,3,0.9999999999999912,0.0,0.24961817394181032,0.7503818260581809,3.006118561836391,perturbed,4,-0.1
single,4,0.9999999999999912,0.0,0.28362376122026633,0.7163762387797249,2.525797682456431,perturbed,4,-0.1
single,5,0.9999999999999915,0.0,0.2836274239835753,0.7163725760164161,2.525752150320629,perturbed,4,-0.1
single,6,0.9999999999999913,0.0,0.24959016750525645,0.7504098324947348,3.0065680871780773,perturbed,4,-0.1
single,7,0.9999999999999911,0.0,0.27061779173001843,0.7293822082699727,2.6952485407819755,perturbed,4,-0.1
single,8,0.9999999999999912,0.0,0.2705943024621209,0.7294056975378703,2.6955693113308477,perturbed,4,-0.1
single,9,0.9999999999999913,0.0,0.28178502889437085,0.7182149711056205,2.5488045760402995,perturbed,4,-0.1
pair,"0,1",0.9999999999999911,0.0,0.04431324643689599,0.5537743368287971,12.496812609236294,perturbed,4,-0.1
pair,"0,2",0.9999999999999912,0.0,0.06828558163511353,0.5316843127790007,7.786187069769356,perturbed,4,-0.1
pair,"0,3",0.9999999999999911,0.0,0.07079446758320843,0.543314218848766,7.674529343838634,perturbed,4,-0.1
pair,"0,4",0.9999999999999911,0.0,0.08586245590992835,0.5229950376705772,6.091079414490669,perturbed,4,-0.1
pair,"0,5",0.9999999999999915,0.0,0.09074420711566078,0.5321167340958991,5.8639195934311665,perturbed,4,-0.1
pair,"0,6",0.9999999999999913,0.0,0.09095674697611629,0.5663083174730079,6.226127651879535,perturbed,4,-0.1
pair,"0,7",0.9999999999999913,0.0,0.08624638293908643,0.5360868169977481,6.215759997452556,perturbed,4,-0.1
pair,"0,8",0.9999999999999913,0.0,0.07759841368794552,0.5256609268501885,6.7741194937835045,perturbed,4,-0.1
pair,"0,9",0.9999999999999913,0.0,0.07909493410170894,0.5165114901538219,6.530272716197409,perturbed,4,-0.1
pair,"1,2",0.9999999999999912,0.0,0.04245842771175951,0.551102043465366,12.979803378652427,perturbed,4,-0.1
pair,"1,3",0.9999999999999911,0.0,0.06698287427850712,0.5625460646291986,8.398356605155469,perturbed,4,-0.1
pair,"1,4",0.9999999999999913,0.0,0.07007765785529224,0.5559722149184988,7.933658628639684,perturbed,4,-0.1
pair,"1,5",0.9999999999999913,0.0,0.06696442503205274,0.5221231570475117,7.797022923703081,perturbed,4,-0.1
pair,"1,6",0.9999999999999913,0.0,0.06637858901142647,0.5486612413632124,8.265635795132152,perturbed,4,-0.1
pair,"1,7",0.9999999999999913,0.0,0.07845303688221252,0.5407859452975672,6.893116784114936,perturbed,4,-0.1
pair,"1,8",0.9999999999999911,0.0,0.07693981036557003,0.5374501240748273,6.985332060492471,perturbed,4,-0.1
pair,"1,9",0.9999999999999913,0.0,0.07759748585700853,0.5255577197390047,6.7728704601005685,perturbed,4,-0.1
pair,"2,3",0.9999999999999913,0.0,0.015329923043819325,0.6630791753426769,43.25391415516696,perturbed,4,-0.1
pair,"2,4",0.9999999999999913,0.0,0.042762070433095205,0.5436818622635042,12.714114558932302,perturbed,4,-0.1
pair,"2,5",0.9999999999999915,0.0,0.07289280935141888,0.5388754620419138,7.392710842628875,perturbed,4,-0.1
pair,"2,6",0.9999999999999912,0.0,0.06818161469135436,0.5491051419575065,8.053566118127366,perturbed,4,-0.1
pair,"2,7",0.9999999999999913,0.0,0.0755284874242834,0.5349001662886121,7.08209821922946,perturbed,4,-0.1
pair,"2,8",0.9999999999999912,0.0,0.07851669445845832,0.5406366388348186,6.885626586341572,perturbed,4,-0.1
pair,"2,9",0.9999999999999913,0.0,0.08626529988583882,0.5358323321286205,6.211446929851593,perturbed,4,-0.1
pair,"3,4",0.9999999999999913,0.0,0.034268728261308945,0.6012758557261776,17.545905151229295,perturbed,4,-0.1
pair,"3,5",0.9999999999999915,0.0,0.06438532970319763,0.5445102912083529,8.45705525961313,perturbed,4,-0.1
pair,"3,6",0.9999999999999915,0.0,0.06141411053912012,0.5674067486974053,9.239029006794349,perturbed,4,-0.1
pair,"3,7",0.9999999999999913,0.0,0.0681820160332903,0.5490649116415011,8.052928669246398,perturbed,4,-0.1
pair,"3,8",0.9999999999999915,0.0,0.06640667713930719,0.5483405323209013,8.257310197445937,perturbed,4,-0.1
pair,"3,9",0.9999999999999913,0.0,0.09094977238474951,0.5659538621790721,6.2227078456545035,perturbed,4,-0.1
pair,"4,5",0.9999999999999916,0.0,0.04748823040186299,0.5529482794288237,11.64390154675318,perturbed,4,-0.1
pair,"4,6",0.9999999999999913,0.0,0.06437603334341625,0.5445627670265191,8.459091664152862,perturbed,4,-0.1
pair,"4,7",0.9999999999999913,0.0,0.07288807307539313,0.5388610539942038,7.392993548297303,perturbed,4,-0.1
pair,"4,8",0.9999999999999913,0.0,0.0668634876638847,0.5217642825700508,7.803426067047261,perturbed,4,-0.1
pair,"4,9",0.9999999999999913,0.0,0.09076196500949275,0.5318058921860982,5.85934749352856,perturbed,4,-0.1
pair,"5,6",0.9999999999999915,0.0,0.03425737132504658,0.6012295585153529,17.550370482622995,perturbed,4,-0.1
pair,"5,7",0.9999999999999913,0.0,0.042755546394346984,0.5437519288891328,12.717693369509275,perturbed,4,-0.1
pair,"5,8",0.9999999999999913,0.0,0.07026978812480868,0.5559461052661085,7.911595012620116,perturbed,4,-0.1
pair,"5,9",0.9999999999999911,0.0,0.08599078649289969,0.5226968467741522,6.078521526458088,perturbed,4,-0.1
pair,"6,7",0.9999999999999912,0.0,0.015319166122260485,0.6629756494793154,43.27752856703712,perturbed,4,-0.1
pair,"6,8",0.9999999999999911,0.0,0.06701613572799968,0.5623612600927788,8.391430720136574,perturbed,4,-0.1
pair,"6,9",0.9999999999999911,0.0,0.0709180887180695,0.5431087681951483,7.658254445551174,perturbed,4,-0.1
pair,"7,8",0.9999999999999913,0.0,0.0424500306106065,0.5510090270545698,12.980179734355609,perturbed,4,-0.1
pair,"7,9",0.999999999999991,0.0,0.06826207552639472,0.5315867355706836,7.787438800701808,perturbed,4,-0.1
pair,"8,9",0.9999999999999911,0.0,0.04443591574863168,0.5526900216324506,12.437912268061444,perturbed,4,-0.1
modular_A,"0,1,2,3",0.9999999999999915,7.255524358074668e-17,0.00030976435708587565,0.38418509754131897,1240.249527594331,perturbed,4,-0.1
single,0,0.9999999999999911,0.0,0.2817850288943707,0.7182149711056204,2.548804576040301,perturbed,5,-0.1
single,1,0.9999999999999911,0.0,0.2705943024621207,0.7294056975378703,2.69556931133085,perturbed,5,-0.1
single,2,0.9999999999999912,0.0,0.27061779173001854,0.7293822082699727,2.695248540781974,perturbed,5,-0.1
single,3,0.9999999999999912,0.0,0.2495901675052565,0.7504098324947348,3.006568087178077,perturbed,5,-0.1
single,4,0.999999999999991,0.0,0.2836274239835752,0.7163725760164158,2.525752150320629,perturbed,5,-0.1
single,5,0.9999999999999909,0.0,0.2836237612202662,0.7163762387797247,2.525797682456431,perturbed,5,-0.1
single,6,0.9999999999999911,0.0,0.24961817394181038,0.7503818260581807,3.0061185618363893,perturbed,5,-0.1
single,7,0.9999999999999909,0.0,0.27064111914322714,0.7293588808567637,2.694930035634299,perturbed,5,-0.1
single,8,0.9999999999999909,0.0,0.2703392373981693,0.7296607626018217,2.699056080886773,perturbed,5,-0.1
single,9,0.9999999999999911,0.0,0.2813955823872194,0.7186044176127716,2.553716058782768,perturbed,5,-0.1
pair,"0,1",0.999999999999991,0.0,0.04443591574863158,0.5526900216324507,12.437912268061472,perturbed,5,-0.1
pair,"0,2",0.999999999999991,0.0,0.06826207552639481,0.5315867355706831,7.787438800701792,perturbed,5,-0.1
pair,"0,3",0.999999999999991,0.0,0.0709180887180695,0.5431087681951481,7.658254445551171,perturbed,5,-0.1
pair,"0,4",0.999999999999991,0.0,0.08599078649289965,0.5226968467741522,6.078521526458091,perturbed,5,-0.1
pair,"0,5",0.9999999999999909,0.0,0.09076196500949267,0.531805892186098,5.8593474935285625,perturbed,5,-0.1
pair,"0,6",0.9999999999999911,0.0,0.09094977238474934,0.5659538621790716,6.22270784565451,perturbed,5,-0.1
pair,"0,7",0.999999999999991,0.0,0.08626529988583886,0.5358323321286205,6.211446929851589,perturbed,5,-0.1
pair,"0,8",0.999999999999991,0.0,0.07759748585700844,0.5255577197390044,6.772870460100573,perturbed,5,-0.1
pair,"0,9",0.9999999999999911,0.0,0.07909493410170902,0.5165114901538217,6.530272716197399,perturbed,5,-0.1
pair,"1,2",0.9999999999999911,0.0,0.04245003061060651,0.5510090270545698,12.980179734355607,perturbed,5,-0.1
pair,"1,3",0.999999999999991,0.0,0.06701613572799975,0.5623612600927788,8.391430720136565,perturbed,5,-0.1
pair,"1,4",0.999999999999991,0.0,0.07026978812480862,0.5559461052661084,7.91159501262012,perturbed,5,-0.1
pair,"1,5",0.9999999999999909,0.0,0.06686348766388478,0.5217642825700508,7.803426067047251,perturbed,5,-0.1
pair,"1,6",0.9999999999999911,0.0,0.06640667713930708,0.5483405323209012,8.25731019744595,perturbed,5,-0.1
pair,"1,7",0.999999999999991,0.0,0.07851669445845824,0.5406366388348185,6.885626586341577,perturbed,5,-0.1
pair,"1,8",0.9999999999999909,0.0,0.07693981036556984,0.5374501240748267,6.985332060492482,perturbed,5,-0.1
pair,"1,9",0.999999999999991,0.0,0.0775984136879455,0.5256609268501883,6.774119493783504,perturbed,5,-0.1
pair,"2,3",0.9999999999999911,0.0,0.015319166122260393,0.6629756494793152,43.277528567037365,perturbed,5,-0.1
pair,"2,4",0.9999999999999911,0.0,0.04275554639434697,0.5437519288891328,12.717693369509279,perturbed,5,-0.1
pair,"2,5",0.9999999999999911,0.0,0.07288807307539308,0.5388610539942038,7.392993548297309,perturbed,5,-0.1
pair,"2,6",0.9999999999999912,0.0,0.06818201603329038,0.5490649116415013,8.052928669246391,perturbed,5,-0.1
pair,"2,7",0.9999999999999911,0.0,0.07552848742428334,0.5349001662886124,7.0820982192294695,perturbed,5,-0.1
pair,"2,8",0.9999999999999911,0.0,0.07845303688221257,0.5407859452975672,6.893116784114931,perturbed,5,-0.1
pair,"2,9",0.9999999999999911,0.0,0.08624638293908639,0.536086816997748,6.215759997452558,perturbed,5,-0.1
pair,"3,4",0.999999999999991,0.0,0.03425737132504655,0.6012295585153523,17.550370482622995,perturbed,5,-0.1
pair,"3,5",0.9999999999999911,0.0,0.06437603334341627,0.5445627670265188,8.459091664152856,perturbed,5,-0.1
pair,"3,6",0.9999999999999909,0.0,0.06141411053912006,0.5674067486974051,9.239029006794356,perturbed,5,-0.1
pair,"3,7",0.999999999999991,0.0,0.06818161469135442,0.5491051419575065,8.053566118127359,perturbed,5,-0.1
pair,"3,8",0.999999999999991,0.0,0.06637858901142653,0.5486612413632121,8.265635795132141,perturbed,5,-0.1
pair,"3,9",0.9999999999999911,0.0,0.09095674697611644,0.5663083174730077,6.226127651879522,perturbed,5,-0.1
pair,"4,5",0.999999999999991,0.0,0.047488230401863014,0.5529482794288235,11.643901546753167,perturbed,5,-0.1
pair,"4,6",0.9999999999999909,0.0,0.06438532970319746,0.5445102912083528,8.45705525961315,perturbed,5,-0.1
pair,"4,7",0.9999999999999911,0.0,0.072892809351419,0.5388754620419138,7.392710842628864,perturbed,5,-0.1
pair,"4,8",0.9999999999999909,0.0,0.06696442503205269,0.5221231570475117,7.7970229237030875,perturbed,5,-0.1
pair,"4,9",0.9999999999999911,0.0,0.0907442071156607,0.5321167340958989,5.863919593431169,perturbed,5,-0.1
pair,"5,6",0.9999999999999911,0.0,0.03426872826130896,0.6012758557261774,17.545905151229285,perturbed,5,-0.1
pair,"5,7",0.999999999999991,0.0,0.042762070433095184,0.543681862263504,12.714114558932302,perturbed,5,-0.1
pair,"5,8",0.999999999999991,0.0,0.07007765785529227,0.5559722149184986,7.9336586286396775,perturbed,5,-0.1
pair,"5,9",0.9999999999999911,0.0,0.08586245590992843,0.5229950376705772,6.091079414490663,perturbed,5,-0.1
pair,"6,7",0.999999999999991,0.0,0.015329923043819178,0.6630791753426768,43.25391415516737,perturbed,5,-0.1
pair,"6,8",0.9999999999999911,0.0,0.06698287427850735,0.5625460646291983,8.398356605155435,perturbed,5,-0.1
pair,"6,9",0.9999999999999911,0.0,0.07079446758320856,0.5433142188487659,7.674529343838617,perturbed,5,-0.1
pair,"7,8",0.9999999999999911,0.0,0.042458427711759554,0.5511020434653662,12.97980337865242,perturbed,5,-0.1
pair,"7,9",0.9999999999999911,0.0,0.06828558163511361,0.5316843127790005,7.786187069769343,perturbed,5,-0.1
pair,"8,9",0.9999999999999911,0.0,0.04431324643689607,0.553774336828797,12.496812609236269,perturbed,5,-0.1
modular_A,"0,1,2,3",0.999999999999991,6.535090988821991e-17,0.00031113479949935763,0.38374862577201596,1233.3838143129606,perturbed,5,-0.1
single,0,0.9999999999999916,0.0,0.2817966617985022,0.7182033382014893,2.5486580771316527,perturbed,6,-0.1
single,1,0.9999999999999917,0.0,0.2706576728341732,0.7293423271658185,2.694704050059104,perturbed,6,-0.1
single,2,0.999999999999992,0.0,0.2705712813991725,0.7294287186008195,2.6958837420912265,perturbed,6,-0.1
single,3,0.9999999999999918,0.0,0.24959189143097937,0.7504081085690124,3.0065404139001277,perturbed,6,-0.1
single,4,0.9999999999999917,0.0,0.28359783174061826,0.7164021682593735,2.526120047753408,perturbed,6,-0.1
single,5,0.9999999999999916,0.0,0.2836274184351752,0.7163725815648163,2.5257522192923942,perturbed,6,-0.1
single,6,0.9999999999999916,0.0,0.24961609043574845,0.7503839095642432,3.0061520002749704,perturbed,6,-0.1
single,7,0.9999999999999916,0.0,0.2706691345797191,0.7293308654202725,2.6945475942528114,perturbed,6,-0.1
single,8,0.9999999999999917,0.0,0.2704775018964213,0.7295224981035704,2.6971651726617147,perturbed,6,-0.1
single,9,0.9999999999999918,0.0,0.2801630285620855,0.7198369714379063,2.5693503355257556,perturbed,6,-0.1
pair,"0,1",0.9999999999999917,0.0,0.04449472564223499,0.552445774960241,12.415983399970717,perturbed,6,-0.1
pair,"0,2",0.9999999999999917,0.0,0.0683202804666745,0.5314053044210728,7.778148754530999,perturbed,6,-0.1
pair,"0,3",0.9999999999999916,0.0,0.07090468693858959,0.5431079813694748,7.65969084441286,perturbed,6,-0.1
pair,"0,4",0.9999999999999917,0.0,0.08593581889875396,0.5227472878437073,6.0829965262748775,perturbed,6,-0.1
pair,"0,5",0.9999999999999916,0.0,0.09078524194144222,0.5317952259368992,5.857727694110401,perturbed,6,-0.1
pair,"0,6",0.9999999999999916,0.0,0.09097589971007644,0.5659404094101834,6.220772877363478,perturbed,6,-0.1
pair,"0,7",0.9999999999999916,0.0,0.0863113719163467,0.5357805801822818,6.207531734075115,perturbed,6,-0.1
pair,"0,8",0.9999999999999918,0.0,0.07760835820824705,0.5254462346289455,6.770485122478844,perturbed,6,-0.1
pair,"0,9",0.9999999999999916,0.0,0.07872346733882678,0.5173927667999683,6.572281230615814,perturbed,6,-0.1
pair,"1,2",0.9999999999999917,0.0,0.04243877549908732,0.5509115955354805,12.981326370911157,perturbed,6,-0.1
pair,"1,3",0.9999999999999916,0.0,0.06702975680235926,0.5623725830347821,8.389894426932909,perturbed,6,-0.1
pair,"1,4",0.9999999999999917,0.0,0.07020240309967876,0.5558396490169508,7.917672678921361,perturbed,6,-0.1
pair,"1,5",0.9999999999999917,0.0,0.06693748669879014,0.5217597077986116,7.794731077168485,perturbed,6,-0.1
pair,"1,6",0.9999999999999916,0.0,0.06639591100855607,0.5482888855428266,8.257871263671216,perturbed,6,-0.1
pair,"1,7",0.9999999999999916,0.0,0.07855263288523648,0.5405540379039728,6.881424823706538,perturbed,6,-0.1
pair,"1,8",0.9999999999999918,0.0,0.07692966992173132,0.5373068068578789,6.984389864203731,perturbed,6,-0.1
pair,"1,9",0.9999999999999917,0.0,0.07716109409814571,0.5265135641332557,6.823562707179246,perturbed,6,-0.1
pair,"2,3",0.9999999999999917,0.0,0.015301939110739453,0.6630419061149426,43.33058060919847,perturbed,6,-0.1
pair,"2,4",0.9999999999999916,0.0,0.04266494691763371,0.5436452598079953,12.742199371711935,perturbed,6,-0.1
pair,"2,5",0.9999999999999917,0.0,0.07295863182855858,0.5389614287030391,7.3872195132375085,perturbed,6,-0.1
pair,"2,6",0.9999999999999918,0.0,0.06815822578022031,0.5490973654580541,8.056215653685685,perturbed,6,-0.1
pair,"2,7",0.9999999999999918,0.0,0.07551001254516986,0.5348712966030724,7.0834486523640035,perturbed,6,-0.1
pair,"2,8",0.9999999999999917,0.0,0.07837685620882312,0.5406880095297228,6.898567200617776,perturbed,6,-0.1
pair,"2,9",0.9999999999999917,0.0,0.08553787519923645,0.5368655576069806,6.276349001614818,perturbed,6,-0.1
pair,"3,4",0.9999999999999916,0.0,0.03426149443184229,0.6011423386591594,17.54571272000511,perturbed,6,-0.1
pair,"3,5",0.9999999999999916,0.0,0.06435658987863677,0.5445415250316897,8.461317264612413,perturbed,6,-0.1
pair,"3,6",0.9999999999999916,0.0,0.0614157513894727,0.567390783424315,9.23852221274902,perturbed,6,-0.1
pair,"3,7",0.9999999999999917,0.0,0.06816396940177016,0.5490196754484803,8.054397070283038,perturbed,6,-0.1
pair,"3,8",0.9999999999999917,0.0,0.06632341195055833,0.5484178644366029,8.268842755638511,perturbed,6,-0.1
pair,"3,9",0.9999999999999916,0.0,0.08997867357799726,0.5667972425137845,6.299239808447066,perturbed,6,-0.1
pair,"4,5",0.9999999999999916,0.0,0.04748354492517673,0.5529151395525496,11.644352594647643,perturbed,6,-0.1
pair,"4,6",0.9999999999999917,0.0,0.0643703978026882,0.5445562821058845,8.459731502282917,perturbed,6,-0.1
pair,"4,7",0.9999999999999916,0.0,0.0729346026861145,0.5389176140531705,7.389052578684592,perturbed,6,-0.1
pair,"4,8",0.9999999999999916,0.0,0.06695227300598655,0.5220303257768358,7.797051576279694,perturbed,6,-0.1
pair,"4,9",0.9999999999999916,0.0,0.09012494845627662,0.5327758655967478,5.91152477446597,perturbed,6,-0.1
pair,"5,6",0.9999999999999917,0.0,0.034270915091528915,0.6012785781283182,17.544864983104645,perturbed,6,-0.1
pair,"5,7",0.9999999999999918,0.0,0.042736375759575486,0.543592428416371,12.71966606327337,perturbed,6,-0.1
pair,"5,8",0.9999999999999916,0.0,0.07013264996773644,0.5559660233969966,7.92734943928058,perturbed,6,-0.1
pair,"5,9",0.9999999999999919,0.0,0.08552233991959096,0.5238194245254139,6.124942617541973,perturbed,6,-0.1
pair,"6,7",0.9999999999999918,0.0,0.015344975069084143,0.6631435367261734,43.21568029538368,perturbed,6,-0.1
pair,"6,8",0.9999999999999917,0.0,0.06701364282282254,0.5624160010827473,8.39255974443472,perturbed,6,-0.1
pair,"6,9",0.9999999999999917,0.0,0.07059540734271862,0.5443346031471915,7.710623447565325,perturbed,6,-0.1
pair,"7,8",0.9999999999999916,0.0,0.042483957993515016,0.5510530965406135,12.97085117692493,perturbed,6,-0.1
pair,"7,9",0.9999999999999918,0.0,0.06796985785841156,0.532556614035508,7.835187990901497,perturbed,6,-0.1
pair,"8,9",0.9999999999999916,0.0,0.04419905831748283,0.5541417199288525,12.537410094768084,perturbed,6,-0.1
modular_A,"0,1,2,3",0.9999999999999916,6.743842097467435e-17,0.0003121812111970876,0.3833908894933542,1228.1036646094315,perturbed,6,-0.1
single,0,0.9999999999999917,0.0,0.28179669906546523,0.7182033009345264,2.5486576078298135,perturbed,7,-0.1
single,1,0.9999999999999916,0.0,0.2706596425964542,0.7293403574035373,2.6946771613489604,perturbed,7,-0.1
single,2,0.9999999999999917,0.0,0.2705704048031071,0.7294295951968846,2.6958957160436197,perturbed,7,-0.1
single,3,0.9999999999999917,0.0,0.24948767931319496,0.7505123206867967,3.008213963722991,perturbed,7,-0.1
single,4,0.9999999999999918,0.0,0.2836015133989198,0.716398486601072,2.5260742723659972,perturbed,7,-0.1
single,5,0.9999999999999918,0.0,0.283597828735871,0.7164021712641206,2.5261200851130003,perturbed,7,-0.1
single,6,0.9999999999999916,0.0,0.24961652526849687,0.7503834747314947,3.006145021545966,perturbed,7,-0.1
single,7,0.9999999999999917,0.0,0.27069145192460586,0.7293085480753858,2.6942429947086617,perturbed,7,-0.1
single,8,0.9999999999999918,0.0,0.2704363307027307,0.729563669297261,2.697728028632413,perturbed,7,-0.1
single,9,0.9999999999999916,0.0,0.2820626248967251,0.7179373751032665,2.545311968808818,perturbed,7,-0.1
pair,"0,1",0.9999999999999916,0.0,0.04449691155526671,0.5524384900585103,12.415209747138574,perturbed,7,-0.1
pair,"0,2",0.9999999999999916,0.0,0.06833955770067272,0.5313563776839274,7.775238757196358,perturbed,7,-0.1
pair,"0,3",0.9999999999999915,0.0,0.07088896472445573,0.543135211132294,7.661773778802552,perturbed,7,-0.1
pair,"0,4",0.9999999999999916,0.0,0.08593928384350813,0.5227559837552932,6.082852455545361,perturbed,7,-0.1
pair,"0,5",0.9999999999999916,0.0,0.0907763817366542,0.5318282380298668,5.858663099975951,perturbed,7,-0.1
pair,"0,6",0.9999999999999913,0.0,0.0909709136230224,0.5659479478468803,6.221196702411191,perturbed,7,-0.1
pair,"0,7",0.9999999999999917,0.0,0.08626391212483141,0.5357683390714179,6.210805026974829,perturbed,7,-0.1
pair,"0,8",0.9999999999999916,0.0,0.07765319500015544,0.5254576519862633,6.766722888674593,perturbed,7,-0.1
pair,"0,9",0.9999999999999915,0.0,0.07926600524610845,0.5160241637699827,6.5100311560776785,perturbed,7,-0.1
pair,"1,2",0.9999999999999916,0.0,0.0424480887786517,0.5508744263903418,12.977602578596931,perturbed,7,-0.1
pair,"1,3",0.9999999999999915,0.0,0.06702261990988201,0.5623847985641512,8.39097008323949,perturbed,7,-0.1
pair,"1,4",0.9999999999999916,0.0,0.07014221665816832,0.555919888556582,7.92561049597002,perturbed,7,-0.1
pair,"1,5",0.9999999999999916,0.0,0.0669035210483062,0.5217826342942651,7.79903099446027,perturbed,7,-0.1
pair,"1,6",0.9999999999999913,0.0,0.06639840592903193,0.548285429619789,8.257508925828859,perturbed,7,-0.1
pair,"1,7",0.9999999999999916,0.0,0.07853612406920775,0.5405373920757843,6.8826593937772,perturbed,7,-0.1
pair,"1,8",0.9999999999999916,0.0,0.07700173816406518,0.5373291813659605,6.978143535163975,perturbed,7,-0.1
pair,"1,9",0.9999999999999916,0.0,0.07770750538190517,0.5251269664071907,6.757738056657148,perturbed,7,-0.1
pair,"2,3",0.9999999999999918,0.0,0.0152832055951702,0.6632435943458251,43.39689014950001,perturbed,7,-0.1
pair,"2,4",0.9999999999999916,0.0,0.0426235208039042,0.5437233379896023,12.756415418873578,perturbed,7,-0.1
pair,"2,5",0.9999999999999917,0.0,0.07289054975758766,0.5389379128504912,7.393796790432214,perturbed,7,-0.1
pair,"2,6",0.9999999999999917,0.0,0.06815629869673721,0.5490806023717902,8.056197488289897,perturbed,7,-0.1
pair,"2,7",0.9999999999999917,0.0,0.07553289767470456,0.5348920729741394,7.08157755681166,perturbed,7,-0.1
pair,"2,8",0.9999999999999917,0.0,0.07849061935810012,0.5407965506015845,6.889951372842303,perturbed,7,-0.1
pair,"2,9",0.9999999999999915,0.0,0.08624007167702734,0.5356185023359201,6.210784521861644,perturbed,7,-0.1
pair,"3,4",0.9999999999999915,0.0,0.03421776425934815,0.6012082310503162,17.570061751947122,perturbed,7,-0.1
pair,"3,5",0.9999999999999916,0.0,0.06433315671941478,0.5446225877695879,8.465659320044356,perturbed,7,-0.1
pair,"3,6",0.9999999999999916,0.0,0.06140622004919198,0.5674841986654332,9.241477462882859,perturbed,7,-0.1
pair,"3,7",0.9999999999999916,0.0,0.0681617781434416,0.549100560827102,8.055842669942663,perturbed,7,-0.1
pair,"3,8",0.9999999999999913,0.0,0.06630216853838572,0.5485293298558473,8.27317329052783,perturbed,7,-0.1
pair,"3,9",0.9999999999999915,0.0,0.09071707370713143,0.5656483345351488,6.235301817178018,perturbed,7,-0.1
pair,"4,5",0.9999999999999916,0.0,0.04748942639723915,0.5528443415814258,11.64141964901825,perturbed,7,-0.1
pair,"4,6",0.9999999999999916,0.0,0.06434583214279987,0.5445298457963916,8.462550372927659,perturbed,7,-0.1
pair,"4,7",0.9999999999999916,0.0,0.07293976864764931,0.5388343381862792,7.387387541482759,perturbed,7,-0.1
pair,"4,8",0.9999999999999916,0.0,0.06684061565132936,0.5219205325131828,7.808433950335743,perturbed,7,-0.1
pair,"4,9",0.9999999999999916,0.0,0.09068477578689298,0.5314977290556122,5.8609366836239305,perturbed,7,-0.1
pair,"5,6",0.9999999999999916,0.0,0.03427582711396813,0.6012484663652742,17.541472139129,perturbed,7,-0.1
pair,"5,7",0.9999999999999916,0.0,0.042701501187172045,0.5436179477072324,12.730651911379185,perturbed,7,-0.1
pair,"5,8",0.9999999999999915,0.0,0.07012505606219956,0.5560512661293957,7.929423480762555,perturbed,7,-0.1
pair,"5,9",0.9999999999999915,0.0,0.08597564521608074,0.522434933373394,6.076545654997639,perturbed,7,-0.1
pair,"6,7",0.9999999999999917,0.0,0.015356642282649218,0.6631458814358608,43.18299985310719,perturbed,7,-0.1
pair,"6,8",0.9999999999999916,0.0,0.06704133775105936,0.5624744626019016,8.38996478099087,perturbed,7,-0.1
pair,"6,9",0.9999999999999916,0.0,0.07093906722556968,0.542818049912679,7.651891561904025,perturbed,7,-0.1
pair,"7,8",0.9999999999999916,0.0,0.04247006307521503,0.5510996632411574,12.97619130598306,perturbed,7,-0.1
pair,"7,9",0.9999999999999915,0.0,0.06846143275131492,0.5312034520551688,7.759163527657346,perturbed,7,-0.1
pair,"8,9",0.9999999999999917,0.0,0.04460222046482578,0.5528124762480787,12.39428150632182,perturbed,7,-0.1
modular_A,"0,1,2,3",0.9999999999999916,6.926707103433073e-17,0.0003132855360206374,0.3830598161005657,1222.717847003738,perturbed,7,-0.1
single,0,0.9999999999999911,0.0,0.28179669906546495,0.7182033009345261,2.548657607829815,perturbed,8,-0.1
single,1,0.9999999999999911,0.0,0.2706596493493103,0.7293403506506808,2.694677069168158,perturbed,8,-0.1
single,2,0.9999999999999913,0.0,0.2705706193007436,0.7294293806992478,2.695892786084343,perturbed,8,-0.1
single,3,0.999999999999991,0.0,0.24947402430149596,0.750525975698495,3.0084333541333526,perturbed,8,-0.1
single,4,0.999999999999991,0.0,0.28349591425143517,0.7165040857485558,2.527387696716792,perturbed,8,-0.1
single,5,0.9999999999999911,0.0,0.2836039653160176,0.7163960346839734,2.5260437874544492,perturbed,8,-0.1
single,6,0.9999999999999909,0.0,0.24959799791914622,0.7504020020808446,3.0064423927147317,perturbed,8,-0.1
single,7,0.9999999999999912,0.0,0.2705116222105087,0.7294883777894826,2.696698839881283,perturbed,8,-0.1
single,8,0.9999999999999913,0.0,0.27128282073592463,0.7287171792640667,2.6861899227058808,perturbed,8,-0.1
single,9,0.999999999999991,0.0,0.28181303492894316,0.7181869650710478,2.548451902702559,perturbed,8,-0.1
pair,"0,1",0.9999999999999912,0.0,0.04449691943353953,0.5524384661869415,12.415207012522789,perturbed,8,-0.1
pair,"0,2",0.9999999999999911,0.0,0.06834016559850269,0.5313548604680713,7.775147394136739,perturbed,8,-0.1
pair,"0,3",0.9999999999999911,0.0,0.07089016581852316,0.5431355384454263,7.6616485823412805,perturbed,8,-0.1
pair,"0,4",0.9999999999999911,0.0,0.0859435237900054,0.5227685480922876,6.082698556433658,perturbed,8,-0.1
pair,"0,5",0.9999999999999911,0.0,0.09075081797687332,0.5318477483021855,5.860528424523072,perturbed,8,-0.1
pair,"0,6",0.9999999999999911,0.0,0.09067295688113501,0.5659970680721775,6.242181655266348,perturbed,8,-0.1
pair,"0,7",0.9999999999999912,0.0,0.08631722088507159,0.5358759246333225,6.208215685567806,perturbed,8,-0.1
pair,"0,8",0.9999999999999912,0.0,0.07769025808972867,0.5249118813240317,6.7564697843812365,perturbed,8,-0.1
pair,"0,9",0.9999999999999911,0.0,0.07921670531906025,0.5161937169396692,6.516222996912097,perturbed,8,-0.1
pair,"1,2",0.9999999999999912,0.0,0.0424485336109419,0.5508730829975795,12.977434934420957,perturbed,8,-0.1
pair,"1,3",0.9999999999999911,0.0,0.06702675273471624,0.5623825763116732,8.39041954691607,perturbed,8,-0.1
pair,"1,4",0.9999999999999911,0.0,0.07012028286525646,0.5559688986525682,7.928788589186402,perturbed,8,-0.1
pair,"1,5",0.9999999999999912,0.0,0.06688568249176037,0.521805575546644,7.801454004912412,perturbed,8,-0.1
pair,"1,6",0.9999999999999911,0.0,0.06634691256102092,0.5483150165238523,8.26436371126619,perturbed,8,-0.1
pair,"1,7",0.9999999999999911,0.0,0.07851772373105206,0.5406590111718713,6.885821257679333,perturbed,8,-0.1
pair,"1,8",0.9999999999999912,0.0,0.07698237405317473,0.5367673669537756,6.97260085254073,perturbed,8,-0.1
pair,"1,9",0.9999999999999911,0.0,0.07771916967222983,0.525282852848216,6.758729603822659,perturbed,8,-0.1
pair,"2,3",0.9999999999999911,0.0,0.015282273667297706,0.6632579998013155,43.40047915910646,perturbed,8,-0.1
pair,"2,4",0.9999999999999912,0.0,0.04260109231872704,0.5438004600663717,12.764941706138417,perturbed,8,-0.1
pair,"2,5",0.9999999999999913,0.0,0.07286695966095763,0.5389782918304509,7.396744619759912,perturbed,8,-0.1
pair,"2,6",0.9999999999999911,0.0,0.06813702129225095,0.5491034856689407,8.05881259930259,perturbed,8,-0.1
pair,"2,7",0.9999999999999913,0.0,0.07548108477395922,0.5350085874834086,7.087982228734281,perturbed,8,-0.1
pair,"2,8",0.9999999999999911,0.0,0.07861055206735382,0.5401738520044219,6.871518362338925,perturbed,8,-0.1
pair,"2,9",0.9999999999999913,0.0,0.08632658377563189,0.5358055950468973,6.206727656911445,perturbed,8,-0.1
pair,"3,4",0.9999999999999912,0.0,0.03418480015668227,0.6013966377478346,17.592515825495518,perturbed,8,-0.1
pair,"3,5",0.9999999999999912,0.0,0.06432086093584616,0.5446415339551547,8.467572200228819,perturbed,8,-0.1
pair,"3,6",0.9999999999999913,0.0,0.06138151802651457,0.5674960585756215,9.245389765865418,perturbed,8,-0.1
pair,"3,7",0.9999999999999913,0.0,0.06810637039838274,0.5492345640236289,8.064364035418793,perturbed,8,-0.1
pair,"3,8",0.9999999999999911,0.0,0.06652517762062216,0.5479444662975116,8.236647926328184,perturbed,8,-0.1
pair,"3,9",0.9999999999999913,0.0,0.09098446967194795,0.5659936217351845,6.220771784194835,perturbed,8,-0.1
pair,"4,5",0.9999999999999911,0.0,0.047441989912913575,0.5528910574780207,11.654044412827746,perturbed,8,-0.1
pair,"4,6",0.9999999999999912,0.0,0.06434422394002753,0.5446226641029503,8.464204411114968,perturbed,8,-0.1
pair,"4,7",0.9999999999999913,0.0,0.07285155469005718,0.5390507308108134,7.399303049937291,perturbed,8,-0.1
pair,"4,8",0.9999999999999911,0.0,0.06708982811303117,0.5214184767452205,7.771945336731947,perturbed,8,-0.1
pair,"4,9",0.9999999999999912,0.0,0.0907793707903519,0.5318268306783861,5.85845469128223,perturbed,8,-0.1
pair,"5,6",0.9999999999999912,0.0,0.03429300870439833,0.6011312066684095,17.529264108905963,perturbed,8,-0.1
pair,"5,7",0.9999999999999913,0.0,0.04266120455436323,0.5437188260692213,12.745041584007776,perturbed,8,-0.1
pair,"5,8",0.9999999999999911,0.0,0.07035211881436666,0.5552953716519559,7.893086676140855,perturbed,8,-0.1
pair,"5,9",0.9999999999999913,0.0,0.08595987812868505,0.5226640363822133,6.0803254699799165,perturbed,8,-0.1
pair,"6,7",0.9999999999999913,0.0,0.015305588955851402,0.6632694473092243,43.33511433126872,perturbed,8,-0.1
pair,"6,8",0.9999999999999912,0.0,0.06716082160486168,0.5617872915697261,8.36480671536423,perturbed,8,-0.1
pair,"6,9",0.9999999999999913,0.0,0.07087294737296823,0.5430813311744097,7.662745113681377,perturbed,8,-0.1
pair,"7,8",0.9999999999999913,0.0,0.04262095073965079,0.550655758138167,12.919837511411618,perturbed,8,-0.1
pair,"7,9",0.9999999999999911,0.0,0.06828100210523051,0.5315185138219649,7.784281094803222,perturbed,8,-0.1
pair,"8,9",0.999999999999991,0.0,0.04455998250689602,0.5522654397437216,12.393753513216796,perturbed,8,-0.1
modular_A,"0,1,2,3",0.9999999999999913,5.107438116272703e-17,0.00031415699764117936,0.38295981298071013,1219.0077440774223,perturbed,8,-0.1
single,0,0.9999999999999913,0.0,0.28179669906546523,0.7182033009345261,2.548657607829812,perturbed,9,-0.1
single,1,0.9999999999999912,0.0,0.2706596493493102,0.729340350650681,2.6946770691681596,perturbed,9,-0.1
single,2,0.9999999999999916,0.0,0.2705706206329177,0.7294293793670737,2.6958927678873468,perturbed,9,-0.1
single,3,0.9999999999999913,0.0,0.24947388482655225,0.750526115173439,3.0084355951535584,perturbed,9,-0.1
single,4,0.9999999999999916,0.0,0.2834816392164566,0.7165183607835349,2.5275653222691674,perturbed,9,-0.1
single,5,0.9999999999999916,0.0,0.28350635577356303,0.7164936442264285,2.527257783238881,perturbed,9,-0.1
single,6,0.9999999999999915,0.0,0.24979544967559716,0.7502045503243943,3.0032754851966494,perturbed,9,-0.1
single,7,0.9999999999999913,0.0,0.27108617167812366,0.7289138283218677,2.688863927693624,perturbed,9,-0.1
single,8,0.9999999999999916,0.0,0.2708245085142698,0.7291754914857218,2.6924280061872663,perturbed,9,-0.1
single,9,0.9999999999999915,0.0,0.28181491853093404,0.7181850814690574,2.5484281854660726,perturbed,9,-0.1
pair,"0,1",0.9999999999999913,0.0,0.04449691943353953,0.5524384661869415,12.415207012522789,perturbed,9,-0.1
pair,"0,2",0.9999999999999913,0.0,0.06834016764581138,0.5313548553480126,7.775147086291641,perturbed,9,-0.1
pair,"0,3",0.9999999999999911,0.0,0.07089035739395103,0.5431353696381196,7.66162549611387,perturbed,9,-0.1
pair,"0,4",0.9999999999999916,0.0,0.08597174832154546,0.5227597881871602,6.080599713198468,perturbed,9,-0.1
pair,"0,5",0.9999999999999916,0.0,0.09075248431099948,0.5318698488567929,5.860664343183481,perturbed,9,-0.1
pair,"0,6",0.9999999999999913,0.0,0.09085267791565134,0.5658583616512387,6.228306909968994,perturbed,9,-0.1
pair,"0,7",0.9999999999999913,0.0,0.08515204991384513,0.5358029965233035,6.292308841248292,perturbed,9,-0.1
pair,"0,8",0.9999999999999913,0.0,0.07776383322753815,0.5251768178878587,6.753484185266221,perturbed,9,-0.1
pair,"0,9",0.9999999999999913,0.0,0.0792179221614976,0.5161920354363917,6.51610167689146,perturbed,9,-0.1
pair,"1,2",0.9999999999999913,0.0,0.04244853539870838,0.5508730781196945,12.977434272949179,perturbed,9,-0.1
pair,"1,3",0.9999999999999911,0.0,0.06702703847904089,0.5623823547077609,8.390380471361805,perturbed,9,-0.1
pair,"1,4",0.9999999999999913,0.0,0.07011965741525739,0.5559718123432531,7.9289008651414035,perturbed,9,-0.1
pair,"1,5",0.9999999999999915,0.0,0.06685596014682547,0.5218502599790893,7.805590688295101,perturbed,9,-0.1
pair,"1,6",0.9999999999999913,0.0,0.06641675398279605,0.5481676856900282,8.253454931447271,perturbed,9,-0.1
pair,"1,7",0.9999999999999915,0.0,0.07815594865953286,0.5403799188284392,6.91412398028039,perturbed,9,-0.1
pair,"1,8",0.9999999999999913,0.0,0.07710282145378258,0.5370337240431687,6.9651630630025725,perturbed,9,-0.1
pair,"1,9",0.9999999999999913,0.0,0.0777219412945497,0.5252820880351806,6.758478742115726,perturbed,9,-0.1
pair,"2,3",0.9999999999999913,0.0,0.015282293967159973,0.6632580265102396,43.4004232568429,perturbed,9,-0.1
pair,"2,4",0.9999999999999913,0.0,0.04259963860902371,0.5438045966014277,12.76547441147155,perturbed,9,-0.1
pair,"2,5",0.9999999999999916,0.0,0.0728334145659039,0.5390404371573025,7.401004612649973,perturbed,9,-0.1
pair,"2,6",0.9999999999999915,0.0,0.0681979437805384,0.5489574514005989,8.049472183019901,perturbed,9,-0.1
pair,"2,7",0.9999999999999913,0.0,0.07555348387278679,0.5345992133643669,7.075771836868549,perturbed,9,-0.1
pair,"2,8",0.9999999999999915,0.0,0.0785769226854831,0.5404777694195166,6.878327006809197,perturbed,9,-0.1
pair,"2,9",0.9999999999999915,0.0,0.08633691965082717,0.5358107957294587,6.206044851917823,perturbed,9,-0.1
pair,"3,4",0.9999999999999912,0.0,0.03418249135694451,0.6014122051385201,17.59415950283967,perturbed,9,-0.1
pair,"3,5",0.9999999999999913,0.0,0.06428686988140758,0.5447135625463482,8.473169770922148,perturbed,9,-0.1
pair,"3,6",0.9999999999999913,0.0,0.06142948273887726,0.5673574242270278,9.235914074659151,perturbed,9,-0.1
pair,"3,7",0.9999999999999915,0.0,0.06822865878776896,0.5488025377217216,8.043577984272247,perturbed,9,-0.1
pair,"3,8",0.9999999999999913,0.0,0.06641139987037072,0.5482521160127023,8.255391650873838,perturbed,9,-0.1
pair,"3,9",0.9999999999999915,0.0,0.09099425713614795,0.5659955569383386,6.220123936958807,perturbed,9,-0.1
pair,"4,5",0.9999999999999916,0.0,0.04739552283831418,0.5530474330745548,11.668769536760454,perturbed,9,-0.1
pair,"4,6",0.9999999999999913,0.0,0.06439426112783997,0.5444975400596839,8.455684256997833,perturbed,9,-0.1
pair,"4,7",0.9999999999999915,0.0,0.07301158938522889,0.5386182113522219,7.377160473939644,perturbed,9,-0.1
pair,"4,8",0.9999999999999915,0.0,0.06695445077643032,0.5216965874693424,7.791813410752269,perturbed,9,-0.1
pair,"4,9",0.9999999999999913,0.0,0.09078542562160673,0.5318370637839874,5.858176685767626,perturbed,9,-0.1
pair,"5,6",0.9999999999999913,0.0,0.034312917860619706,0.6009770827106831,17.514601502322634,perturbed,9,-0.1
pair,"5,7",0.9999999999999916,0.0,0.042920539253338566,0.5433033887411645,12.65835420972498,perturbed,9,-0.1
pair,"5,8",0.9999999999999913,0.0,0.07033173034543862,0.5556466418333581,7.9003692800428125,perturbed,9,-0.1
pair,"5,9",0.9999999999999913,0.0,0.08599331431018684,0.5227221733606268,6.078637363308425,perturbed,9,-0.1
pair,"6,7",0.9999999999999913,0.0,0.01570232693198108,0.6620177832268836,42.16048908512697,perturbed,9,-0.1
pair,"6,8",0.9999999999999912,0.0,0.06718264422430824,0.5619743425736725,8.364873831065095,perturbed,9,-0.1
pair,"6,9",0.9999999999999913,0.0,0.07097971334716295,0.5429197385145226,7.648942393710343,perturbed,9,-0.1
pair,"7,8",0.9999999999999913,0.0,0.042682208963320055,0.5503371567600668,12.893830242783633,perturbed,9,-0.1
pair,"7,9",0.9999999999999913,0.0,0.06849748813420023,0.5309620140249469,7.751554523936506,perturbed,9,-0.1
pair,"8,9",0.9999999999999913,0.0,0.044532046007787755,0.5523669414344945,12.40380784071535,perturbed,9,-0.1
modular_A,"0,1,2,3",0.9999999999999913,4.838852720415917e-17,0.00031424540402864366,0.38295631479505576,1218.6536696656,perturbed,9,-0.1
single,0,0.9999999999999923,0.0,0.28180125081481633,0.718198749185176,2.548600288708921,perturbed,0,-0.05
single,1,0.9999999999999922,0.0,0.27070088549548993,0.7292991145045022,2.694114255184632,perturbed,0,-0.05
single,2,0.9999999999999922,0.0,0.27069958891305,0.7293004110869422,2.6941319490558846,perturbed,0,-0.05
single,3,0.9999999999999922,0.0,0.24955432337199876,0.7504456766279934,3.007143560920561,perturbed,0,-0.05
single,4,0.9999999999999921,0.0,0.28348764600823895,0.7165123539917532,2.527490577035337,perturbed,0,-0.05
single,5,0.999999999999992,0.0,0.2834814641118975,0.7165185358880946,2.5275675012221117,perturbed,0,-0.05
single,6,0.9999999999999921,0.0,0.24947388500211565,0.7505261149978765,3.0084355923326873,perturbed,0,-0.05
single,7,0.9999999999999922,0.0,0.2705706206329179,0.7294293793670743,2.6958927678873468,perturbed,0,-0.05
single,8,0.9999999999999922,0.0,0.27065964934931064,0.7293403506506816,2.6946770691681574,perturbed,0,-0.05
single,9,0.9999999999999922,0.0,0.28179669906546534,0.7182033009345268,2.5486576078298135,perturbed,0,-0.05
pair,"0,1",0.9999999999999922,0.0,0.044505692192300474,0.5524206016071243,12.412358383737114,perturbed,0,-0.05
pair,"0,2",0.9999999999999922,0.0,0.06837951650598172,0.5312565864458761,7.7692357827567085,perturbed,0,-0.05
pair,"0,3",0.9999999999999922,0.0,0.07091270693522543,0.5430814445435649,7.658450340072869,perturbed,0,-0.05
pair,"0,4",0.9999999999999921,0.0,0.08597834568111822,0.5227499668385788,6.08001890124039,perturbed,0,-0.05
pair,"0,5",0.9999999999999922,0.0,0.09075967468955382,0.5318690742808534,5.860191501348231,perturbed,0,-0.05
pair,"0,6",0.9999999999999921,0.0,0.09097138747176634,0.5660291676392468,6.222057103558174,perturbed,0,-0.05
pair,"0,7",0.9999999999999923,0.0,0.08632855477994392,0.5358273459012695,6.2068379027903555,perturbed,0,-0.05
pair,"0,8",0.9999999999999921,0.0,0.07771881725523627,0.5252920516272519,6.758878611110884,perturbed,0,-0.05
pair,"0,9",0.9999999999999922,0.0,0.07921193029629009,0.5162040863266995,6.516746712216859,perturbed,0,-0.05
pair,"1,2",0.9999999999999921,0.0,0.04250698720272699,0.5507390157017228,12.95643497562186,perturbed,0,-0.05
pair,"1,3",0.9999999999999922,0.0,0.06706598326828395,0.5622802710184703,8.383986092758551,perturbed,0,-0.05
pair,"1,4",0.9999999999999922,0.0,0.07017279135034242,0.5558904000216616,7.921737034035615,perturbed,0,-0.05
pair,"1,5",0.9999999999999922,0.0,0.06688866765726051,0.5218155919556622,7.801255582327646,perturbed,0,-0.05
pair,"1,6",0.9999999999999921,0.0,0.06637203319741512,0.548348086180154,8.261734043149811,perturbed,0,-0.05
pair,"1,7",0.9999999999999922,0.0,0.0785331014255887,0.5405765848229976,6.883423359195895,perturbed,0,-0.05
pair,"1,8",0.9999999999999921,0.0,0.07706648400712554,0.5371277264040117,6.96966694827221,perturbed,0,-0.05
pair,"1,9",0.9999999999999922,0.0,0.07772929699715359,0.5252657165397963,6.757628549747867,perturbed,0,-0.05
pair,"2,3",0.9999999999999922,0.0,0.015387384834699105,0.6629477376021684,43.083847237458926,perturbed,0,-0.05
pair,"2,4",0.9999999999999922,0.0,0.042679976047008544,0.5436791675394911,12.738506857189245,perturbed,0,-0.05
pair,"2,5",0.999999999999992,0.0,0.0728811922052639,0.5389426130893101,7.394810605888861,perturbed,0,-0.05
pair,"2,6",0.9999999999999922,0.0,0.06814299157090023,0.5490893382024082,8.057898920259486,perturbed,0,-0.05
pair,"2,7",0.9999999999999922,0.0,0.07550307363449879,0.5348630495744984,7.08399041029383,perturbed,0,-0.05
pair,"2,8",0.9999999999999923,0.0,0.07842680955455808,0.5405521732158558,6.892441198182587,perturbed,0,-0.05
pair,"2,9",0.9999999999999923,0.0,0.08602661028229353,0.5358255824080547,6.228602761979816,perturbed,0,-0.05
pair,"3,4",0.999999999999992,0.0,0.034215154620618804,0.601303460351428,17.574185094843013,perturbed,0,-0.05
pair,"3,5",0.9999999999999921,0.0,0.06431101014852712,0.5446718135178964,8.469340043951567,perturbed,0,-0.05
pair,"3,6",0.9999999999999921,0.0,0.061367173986303605,0.5675363045814592,9.248206617891942,perturbed,0,-0.05
pair,"3,7",0.999999999999992,0.0,0.06813532206877625,0.5491280920527484,8.05937471754305,perturbed,0,-0.05
pair,"3,8",0.9999999999999923,0.0,0.0663733434590032,0.5483269724459623,8.261252844444204,perturbed,0,-0.05
pair,"3,9",0.9999999999999922,0.0,0.09093565219560298,0.5659948785486805,6.224125135554348,perturbed,0,-0.05
pair,"4,5",0.9999999999999921,0.0,0.04739051217592329,0.5530656905019415,11.670388546315946,perturbed,0,-0.05
pair,"4,6",0.9999999999999922,0.0,0.06428414406788864,0.5447258518639958,8.47372022700849,perturbed,0,-0.05
pair,"4,7",0.999999999999992,0.0,0.07283662626586526,0.5390482472948521,7.400785496670869,perturbed,0,-0.05
pair,"4,8",0.9999999999999922,0.0,0.06686400434455887,0.521854053200047,7.804708352656617,perturbed,0,-0.05
pair,"4,9",0.9999999999999923,0.0,0.09075141924889518,0.5318772906848441,5.860815126495328,perturbed,0,-0.05
pair,"5,6",0.9999999999999922,0.0,0.03418252537847285,0.6014123115127377,17.59414510349459,perturbed,0,-0.05
pair,"5,7",0.9999999999999922,0.0,0.04259968835107961,0.5438045639679348,12.765458739656554,perturbed,0,-0.05
pair,"5,8",0.9999999999999922,0.0,0.07011967832125349,0.5559718001104339,7.928898326704347,perturbed,0,-0.05
pair,"5,9",0.9999999999999922,0.0,0.08597294557397653,0.5227593700476749,6.080510171631375,perturbed,0,-0.05
pair,"6,7",0.9999999999999921,0.0,0.01528229409515117,0.6632580260298788,43.40042286192622,perturbed,0,-0.05
pair,"6,8",0.9999999999999922,0.0,0.0670270396026272,0.5623823538126662,8.390380317358117,perturbed,0,-0.05
pair,"6,9",0.9999999999999922,0.0,0.0708903582585004,0.5431353688322239,7.661625391307668,perturbed,0,-0.05
pair,"7,8",0.9999999999999922,0.0,0.04244853539870824,0.550873078119695,12.97743427294923,perturbed,0,-0.05
pair,"7,9",0.9999999999999922,0.0,0.06834016764581151,0.5313548553480132,7.775147086291635,perturbed,0,-0.05
pair,"8,9",0.9999999999999923,0.0,0.04449691943353953,0.5524384661869419,12.4152070125228,perturbed,0,-0.05
modular_A,"0,1,2,3",0.9999999999999922,6.386641040155071e-17,0.00030646950955825716,0.3829106716498939,1249.4250152382808,perturbed,0,-0.05
single,0,0.9999999999999919,0.0,0.2818007230964938,0.7181992769034982,2.5486069340481197,perturbed,1,-0.05
single,1,0.9999999999999918,0.0,0.27081554335019087,0.7291844566498009,2.6925502415010736,perturbed,1,-0.05
single,2,0.9999999999999918,0.0,0.27055584027514656,0.7294441597248452,2.696094673036901,perturbed,1,-0.05
single,3,0.9999999999999917,0.0,0.24950492590426507,0.7504950740957266,3.007936902951933,perturbed,1,-0.05
single,4,0.9999999999999917,0.0,0.2835120576234269,0.7164879423765648,2.5271868448298425,perturbed,1,-0.05
single,5,0.9999999999999919,0.0,0.2834850338942757,0.7165149661057162,2.5275230803645767,perturbed,1,-0.05
single,6,0.9999999999999918,0.0,0.24947391985413495,0.7505260801458569,3.008435032345996,perturbed,1,-0.05
single,7,0.9999999999999918,0.0,0.2705706202990402,0.7294293797009516,2.6958927724479884,perturbed,1,-0.05
single,8,0.9999999999999919,0.0,0.2706596493493106,0.7293403506506813,2.694677069168157,perturbed,1,-0.05
single,9,0.9999999999999916,0.0,0.2817966990654652,0.7182033009345264,2.548657607829814,perturbed,1,-0.05
pair,"0,1",0.9999999999999918,0.0,0.044512637985596834,0.5523952520748537,12.409852057152733,perturbed,1,-0.05
pair,"0,2",0.9999999999999918,0.0,0.06832531883733038,0.5313959343662357,7.777438047986114,perturbed,1,-0.05
pair,"0,3",0.9999999999999918,0.0,0.07088595554457926,0.5431219204029062,7.661911534243816,perturbed,1,-0.05
pair,"0,4",0.9999999999999918,0.0,0.08596993621025689,0.5227354575945324,6.080444869891226,perturbed,1,-0.05
pair,"0,5",0.9999999999999917,0.0,0.09075814553511619,0.5318665622382986,5.860262559381059,perturbed,1,-0.05
pair,"0,6",0.9999999999999919,0.0,0.0909689165362567,0.566028725135556,6.222221245319095,perturbed,1,-0.05
pair,"0,7",0.9999999999999918,0.0,0.08632593674435549,0.5358260847668749,6.207011530655767,perturbed,1,-0.05
pair,"0,8",0.9999999999999918,0.0,0.07771809995301499,0.5252922864300821,6.758944013655135,perturbed,1,-0.05
pair,"0,9",0.9999999999999917,0.0,0.07921160760364959,0.5162045487542035,6.516779098047493,perturbed,1,-0.05
pair,"1,2",0.9999999999999918,0.0,0.04249159925444473,0.5508187885680477,12.96300441105263,perturbed,1,-0.05
pair,"1,3",0.9999999999999918,0.0,0.06706049689826529,0.5622334838502783,8.383974319534486,perturbed,1,-0.05
pair,"1,4",0.9999999999999917,0.0,0.07017782076268267,0.5558025732869392,7.9199178208521595,perturbed,1,-0.05
pair,"1,5",0.9999999999999918,0.0,0.06692250418308635,0.5217460348164993,7.796271839874795,perturbed,1,-0.05
pair,"1,6",0.9999999999999919,0.0,0.06640047640183692,0.5482711242283657,8.257036002428412,perturbed,1,-0.05
pair,"1,7",0.9999999999999919,0.0,0.07854139146086064,0.5405005669932285,6.881728944954775,perturbed,1,-0.05
pair,"1,8",0.9999999999999918,0.0,0.07703589672333465,0.5370611229307849,6.971569693795825,perturbed,1,-0.05
pair,"1,9",0.9999999999999917,0.0,0.07771053855934049,0.5251994654568704,6.758407227557987,perturbed,1,-0.05
pair,"2,3",0.9999999999999918,0.0,0.015288122288354663,0.6632609045826074,43.384065882821304,perturbed,1,-0.05
pair,"2,4",0.9999999999999918,0.0,0.04261508751079904,0.5437831319220192,12.760342960324081,perturbed,1,-0.05
pair,"2,5",0.9999999999999918,0.0,0.07284116569873902,0.5390508314126607,7.400359758685087,perturbed,1,-0.05
pair,"2,6",0.9999999999999917,0.0,0.06811241529611708,0.5491974306286564,8.063103154410747,perturbed,1,-0.05
pair,"2,7",0.9999999999999917,0.0,0.07548504361621873,0.5349654716225207,7.087039312613949,perturbed,1,-0.05
pair,"2,8",0.9999999999999918,0.0,0.07851828693292703,0.5406219459354619,6.885299807894171,perturbed,1,-0.05
pair,"2,9",0.9999999999999918,0.0,0.08632362038830142,0.5358436553176318,6.20738162865849,perturbed,1,-0.05
pair,"3,4",0.9999999999999918,0.0,0.03421016868775691,0.6013420273757736,17.57787378555023,perturbed,1,-0.05
pair,"3,5",0.9999999999999916,0.0,0.0642984848407462,0.5447031194162302,8.471476750429579,perturbed,1,-0.05
pair,"3,6",0.9999999999999918,0.0,0.06135517122770558,0.567570987348514,9.25058110003646,perturbed,1,-0.05
pair,"3,7",0.9999999999999918,0.0,0.06812007202737431,0.5491646301877885,8.061715348261883,perturbed,1,-0.05
pair,"3,8",0.9999999999999918,0.0,0.06635585951265319,0.5483638373621589,8.263985145992919,perturbed,1,-0.05
pair,"3,9",0.9999999999999917,0.0,0.09089042148243776,0.5660295845325914,6.227604353688273,perturbed,1,-0.05
pair,"4,5",0.9999999999999918,0.0,0.047402136538116216,0.5530265746231714,11.666701440313368,perturbed,1,-0.05
pair,"4,6",0.9999999999999918,0.0,0.06429264777795544,0.544707839471504,8.472319282178834,perturbed,1,-0.05
pair,"4,7",0.9999999999999918,0.0,0.07284501899422767,0.5390327086263721,7.399719515058205,perturbed,1,-0.05
pair,"4,8",0.9999999999999917,0.0,0.06687143757286776,0.5218428888801986,7.803673852705235,perturbed,1,-0.05
pair,"4,9",0.9999999999999918,0.0,0.09075098854593783,0.5318717863886784,5.860782289103625,perturbed,1,-0.05
pair,"5,6",0.9999999999999916,0.0,0.03418310245707115,0.6014084188897355,17.593734203763812,perturbed,1,-0.05
pair,"5,7",0.9999999999999918,0.0,0.042600051076272495,0.5438035327623594,12.765325839368504,perturbed,1,-0.05
pair,"5,8",0.9999999999999917,0.0,0.07011983292581683,0.5559710756226399,7.928870512438737,perturbed,1,-0.05
pair,"5,9",0.9999999999999918,0.0,0.08596586785412338,0.522761571187763,6.081036395454578,perturbed,1,-0.05
pair,"6,7",0.9999999999999918,0.0,0.015282288993680086,0.6632580194371098,43.4004369182782,perturbed,1,-0.05
pair,"6,8",0.9999999999999918,0.0,0.06702696795942546,0.562382409428247,8.390390115344069,perturbed,1,-0.05
pair,"6,9",0.9999999999999918,0.0,0.0708903102153873,0.5431354112144389,7.661631181528488,perturbed,1,-0.05
pair,"7,8",0.9999999999999918,0.0,0.042448534950647814,0.5508730793422197,12.977434438731148,perturbed,1,-0.05
pair,"7,9",0.9999999999999918,0.0,0.06834016713270251,0.531354856631233,7.775147163445642,perturbed,1,-0.05
pair,"8,9",0.9999999999999918,0.0,0.044496919433539554,0.5524384661869418,12.415207012522789,perturbed,1,-0.05
modular_A,"0,1,2,3",0.9999999999999918,5.810130090457897e-17,0.0003090115794921886,0.3830434953724367,1239.576510375138,perturbed,1,-0.05
single,0,0.9999999999999918,0.0,0.28186318884689965,0.7181368111530921,2.5478205014673425,perturbed,2,-0.05
single,1,0.9999999999999919,0.0,0.2706036670718199,0.7293963329281721,2.6954414211045625,perturbed,2,-0.05
single,2,0.999999999999992,0.0,0.27060082246844863,0.7293991775315434,2.6954802682338093,perturbed,2,-0.05
single,3,0.9999999999999919,0.0,0.24950956227713794,0.7504904377228538,3.0078624276902906,perturbed,2,-0.05
single,4,0.9999999999999916,0.0,0.2835105224788471,0.7164894775211446,2.5272059437391863,perturbed,2,-0.05
single,5,0.9999999999999918,0.0,0.2835114441722727,0.7164885558277191,2.527194476821022,perturbed,2,-0.05
single,6,0.999999999999992,0.0,0.24947733421306825,0.7505226657869237,3.0083801727091304,perturbed,2,-0.05
single,7,0.9999999999999918,0.0,0.27057056643630245,0.7294294335636894,2.6958935081928477,perturbed,2,-0.05
single,8,0.9999999999999918,0.0,0.27065964765686895,0.7293403523431229,2.694677092271066,perturbed,2,-0.05
single,9,0.9999999999999919,0.0,0.28179669906546534,0.7182033009345266,2.5486576078298127,perturbed,2,-0.05
pair,"0,1",0.999999999999992,0.0,0.04452304543443718,0.5525327384983011,12.410039185480658,perturbed,2,-0.05
pair,"0,2",0.999999999999992,0.0,0.06837045251479602,0.5313170761087616,7.771150497998817,perturbed,2,-0.05
pair,"0,3",0.9999999999999919,0.0,0.07090247762970052,0.543056019216551,7.659196651106433,perturbed,2,-0.05
pair,"0,4",0.9999999999999918,0.0,0.085973835415561,0.5226781227417878,6.0795022138466175,perturbed,2,-0.05
pair,"0,5",0.9999999999999919,0.0,0.09073429305120331,0.5317842163483582,5.860895571735605,perturbed,2,-0.05
pair,"0,6",0.999999999999992,0.0,0.09090153327199002,0.5659423266424786,6.225883175689683,perturbed,2,-0.05
pair,"0,7",0.9999999999999918,0.0,0.08630401461144294,0.5357792848588299,6.2080459092315685,perturbed,2,-0.05
pair,"0,8",0.9999999999999919,0.0,0.07771504761586183,0.525253295454634,6.758707760830458,perturbed,2,-0.05
pair,"0,9",0.9999999999999918,0.0,0.07922391947998202,0.5161621221661983,6.515230823648154,perturbed,2,-0.05
pair,"1,2",0.999999999999992,0.0,0.04245387024282207,0.5509300064609761,12.977144446662672,perturbed,2,-0.05
pair,"1,3",0.9999999999999919,0.0,0.06703058141684681,0.5624055038653568,8.390282345425208,perturbed,2,-0.05
pair,"1,4",0.9999999999999918,0.0,0.07012100430617803,0.5559917706249121,7.92903319235441,perturbed,2,-0.05
pair,"1,5",0.9999999999999918,0.0,0.06686013368957962,0.5218717217616209,7.80542444298098,perturbed,2,-0.05
pair,"1,6",0.999999999999992,0.0,0.06634466350018753,0.5484175182126908,8.266188857995198,perturbed,2,-0.05
pair,"1,7",0.9999999999999919,0.0,0.07851148759103803,0.5406564373432992,6.886335413227023,perturbed,2,-0.05
pair,"1,8",0.9999999999999919,0.0,0.07704115945202633,0.537201729404017,6.9729185441261885,perturbed,2,-0.05
pair,"1,9",0.9999999999999919,0.0,0.07770158218038772,0.5253360533165459,6.76094409631138,perturbed,2,-0.05
pair,"2,3",0.9999999999999918,0.0,0.015300893496377373,0.6632299931152549,43.34583423329367,perturbed,2,-0.05
pair,"2,4",0.9999999999999917,0.0,0.04262516970104027,0.5437579004544797,12.756732800554909,perturbed,2,-0.05
pair,"2,5",0.9999999999999918,0.0,0.07286323495250244,0.5389967033491223,7.39737542123239,perturbed,2,-0.05
pair,"2,6",0.9999999999999919,0.0,0.06812627009499628,0.5491639134384199,8.060971379655125,perturbed,2,-0.05
pair,"2,7",0.9999999999999918,0.0,0.07549799930315887,0.534936332742676,7.085437199397337,perturbed,2,-0.05
pair,"2,8",0.9999999999999918,0.0,0.07852285544208412,0.540591530194618,6.884511867927938,perturbed,2,-0.05
pair,"2,9",0.9999999999999919,0.0,0.08631014304106309,0.5358167597687429,6.208039297464976,perturbed,2,-0.05
pair,"3,4",0.9999999999999918,0.0,0.03420587126073315,0.6013713657400933,17.580939867198808,perturbed,2,-0.05
pair,"3,5",0.9999999999999919,0.0,0.06429889417753634,0.54467990334428,8.471061754815855,perturbed,2,-0.05
pair,"3,6",0.9999999999999919,0.0,0.061361355088763586,0.5675680189659715,9.249600471582543,perturbed,2,-0.05
pair,"3,7",0.999999999999992,0.0,0.06812490764282705,0.5491589001702286,8.061059004284026,perturbed,2,-0.05
pair,"3,8",0.9999999999999918,0.0,0.06636877629699944,0.5483564265443376,8.262265136401632,perturbed,2,-0.05
pair,"3,9",0.9999999999999919,0.0,0.09096550848877359,0.5660172794551691,6.222328538129631,perturbed,2,-0.05
pair,"4,5",0.9999999999999916,0.0,0.04741400054618346,0.5530148974824357,11.663535898932917,perturbed,2,-0.05
pair,"4,6",0.9999999999999919,0.0,0.06429571879669896,0.5447031025552149,8.471840936681165,perturbed,2,-0.05
pair,"4,7",0.9999999999999919,0.0,0.07285091641155568,0.5390226022093767,7.398981766602409,perturbed,2,-0.05
pair,"4,8",0.9999999999999918,0.0,0.06687590319709322,0.521837143891027,7.80306685882201,perturbed,2,-0.05
pair,"4,9",0.9999999999999919,0.0,0.09075739324087878,0.5318668977230318,5.860314831998384,perturbed,2,-0.05
pair,"5,6",0.9999999999999918,0.0,0.03419134905357091,0.6013612906178831,17.588112410413288,perturbed,2,-0.05
pair,"5,7",0.9999999999999918,0.0,0.042605661531691826,0.5437842513272555,12.763192303040915,perturbed,2,-0.05
pair,"5,8",0.9999999999999918,0.0,0.07012531249345537,0.5559588354256979,7.928076405756969,perturbed,2,-0.05
pair,"5,9",0.9999999999999919,0.0,0.08596479090647027,0.5227584583761478,6.081076367008316,perturbed,2,-0.05
pair,"6,7",0.9999999999999919,0.0,0.015282521486545148,0.6632544185739473,43.39954104811053,perturbed,2,-0.05
pair,"6,8",0.999999999999992,0.0,0.06702592983864457,0.5623829721319424,8.390528463921347,perturbed,2,-0.05
pair,"6,9",0.9999999999999918,0.0,0.07089000694783494,0.5431353348507977,7.661662880784717,perturbed,2,-0.05
pair,"7,8",0.9999999999999918,0.0,0.04244842343526656,0.5508734161224808,12.9774764653523,perturbed,2,-0.05
pair,"7,9",0.999999999999992,0.0,0.06834001474773022,0.5313552369611678,7.775170065774909,perturbed,2,-0.05
pair,"8,9",0.9999999999999919,0.0,0.04449691745903915,0.5524384721697789,12.415207697888654,perturbed,2,-0.05
modular_A,"0,1,2,3",0.9999999999999918,4.869631024405807e-17,0.0003110162613959614,0.38312078189523985,1231.8352107238554,perturbed,2,-0.05
single,0,0.9999999999999915,0.0,0.28138600337795966,0.7186139966220317,2.553837035230158,perturbed,3,-0.05
single,1,0.9999999999999912,0.0,0.2706139262974723,0.729386073702519,2.6953013234830405,perturbed,3,-0.05
single,2,0.9999999999999913,0.0,0.2705952431669872,0.7294047568330041,2.6955564639504055,perturbed,3,-0.05
single,3,0.9999999999999913,0.0,0.24950945087230708,0.7504905491276843,3.007864217182568,perturbed,3,-0.05
single,4,0.9999999999999913,0.0,0.28351792758603445,0.7164820724139568,2.527113817860911,perturbed,3,-0.05
single,5,0.9999999999999916,0.0,0.2835105232316113,0.7164894767683803,2.5272059343739097,perturbed,3,-0.05
single,6,0.9999999999999913,0.0,0.24950339673837268,0.7504966032616186,3.0079614669478167,perturbed,3,-0.05
single,7,0.9999999999999913,0.0,0.2705707782729765,0.7294292217270149,2.6958906145847727,perturbed,3,-0.05
single,8,0.9999999999999913,0.0,0.27065915387751804,0.7293408461224733,2.6946838326869353,perturbed,3,-0.05
single,9,0.9999999999999916,0.0,0.2817966897253932,0.7182033102745984,2.548657725449072,perturbed,3,-0.05
pair,"0,1",0.9999999999999913,0.0,0.04442173020470012,0.5528678452479677,12.445887242579097,perturbed,3,-0.05
pair,"0,2",0.9999999999999913,0.0,0.06824692042333673,0.531657201832315,7.790200620547227,perturbed,3,-0.05
pair,"0,3",0.9999999999999915,0.0,0.07081609354513649,0.5434369980881937,7.6739194564837145,perturbed,3,-0.05
pair,"0,4",0.9999999999999913,0.0,0.08585975024542768,0.5230258317214652,6.091630015535925,perturbed,3,-0.05
pair,"0,5",0.9999999999999913,0.0,0.09059313509843187,0.5321050103114757,5.87356878347713,perturbed,3,-0.05
pair,"0,6",0.9999999999999913,0.0,0.09071331596414926,0.5662305713081525,6.241978537439112,perturbed,3,-0.05
pair,"0,7",0.9999999999999913,0.0,0.08612657464254006,0.5360924440416546,6.2244719039002065,perturbed,3,-0.05
pair,"0,8",0.9999999999999913,0.0,0.07757749213972966,0.5256017326559388,6.775183344535613,perturbed,3,-0.05
pair,"0,9",0.9999999999999916,0.0,0.07908755941924099,0.5165059688927652,6.530811832930401,perturbed,3,-0.05
pair,"1,2",0.9999999999999913,0.0,0.04245732137865712,0.5509183630430463,12.975815363613297,perturbed,3,-0.05
pair,"1,3",0.9999999999999915,0.0,0.06702359360563598,0.5623909028850008,8.390939259301513,perturbed,3,-0.05
pair,"1,4",0.9999999999999913,0.0,0.07012289003074802,0.5559704638296542,7.9285161177165975,perturbed,3,-0.05
pair,"1,5",0.9999999999999913,0.0,0.06688810132862523,0.52189930003776,7.802573098519236,perturbed,3,-0.05
pair,"1,6",0.9999999999999913,0.0,0.06634994081615811,0.5483896648670163,8.26511159047587,perturbed,3,-0.05
pair,"1,7",0.9999999999999913,0.0,0.0784828850673537,0.5406292932698005,6.88849922891895,perturbed,3,-0.05
pair,"1,8",0.9999999999999913,0.0,0.07702297224202989,0.5371961853246303,6.974493059506903,perturbed,3,-0.05
pair,"1,9",0.9999999999999916,0.0,0.07769025545063557,0.5253332516123952,6.761893735131199,perturbed,3,-0.05
pair,"2,3",0.9999999999999916,0.0,0.015297976665348424,0.6632294069452501,43.35406056982272,perturbed,3,-0.05
pair,"2,4",0.9999999999999913,0.0,0.042633893499310904,0.543751504763457,12.753972488396954,perturbed,3,-0.05
pair,"2,5",0.9999999999999916,0.0,0.07286194489527262,0.5390175532970226,7.3977925523642565,perturbed,3,-0.05
pair,"2,6",0.9999999999999913,0.0,0.06812682118571473,0.5491436798286852,8.060609173760087,perturbed,3,-0.05
pair,"2,7",0.9999999999999913,0.0,0.07549227524403418,0.5349311248543803,7.085905453573591,perturbed,3,-0.05
pair,"2,8",0.9999999999999913,0.0,0.07852701333370168,0.5405956868503516,6.884200275809325,perturbed,3,-0.05
pair,"2,9",0.9999999999999916,0.0,0.0863221267796564,0.535819812085588,6.207212821033797,perturbed,3,-0.05
pair,"3,4",0.9999999999999913,0.0,0.03420464391171465,0.6013788969810188,17.581790897552782,perturbed,3,-0.05
pair,"3,5",0.9999999999999913,0.0,0.06430504067546157,0.5446865250044441,8.470355034116219,perturbed,3,-0.05
pair,"3,6",0.9999999999999913,0.0,0.061363739895250485,0.567544659726682,9.248860331777294,perturbed,3,-0.05
pair,"3,7",0.9999999999999913,0.0,0.06812538658004648,0.5491631103657061,8.061064133859208,perturbed,3,-0.05
pair,"3,8",0.9999999999999916,0.0,0.06636815142035142,0.5483572980720817,8.26235605989669,perturbed,3,-0.05
pair,"3,9",0.9999999999999916,0.0,0.0909667454590155,0.5660153921187083,6.222223179059682,perturbed,3,-0.05
pair,"4,5",0.9999999999999916,0.0,0.047412526252465254,0.5530326127364507,11.664272217675709,perturbed,3,-0.05
pair,"4,6",0.9999999999999913,0.0,0.06430158539870426,0.5446828255417893,8.470752659743365,perturbed,3,-0.05
pair,"4,7",0.9999999999999913,0.0,0.07286795779975518,0.539028485385521,7.397332128708731,perturbed,3,-0.05
pair,"4,8",0.9999999999999913,0.0,0.06688440968348046,0.521831400588987,7.801988580873613,perturbed,3,-0.05
pair,"4,9",0.9999999999999916,0.0,0.09075961030765918,0.5318586315222346,5.860080598840464,perturbed,3,-0.05
pair,"5,6",0.9999999999999916,0.0,0.0342022864529058,0.6013448141174429,17.582006248192016,perturbed,3,-0.05
pair,"5,7",0.9999999999999915,0.0,0.04261602785358911,0.5437647230562036,12.759629426852083,perturbed,3,-0.05
pair,"5,8",0.9999999999999915,0.0,0.07014037993515045,0.5559387457882686,7.926086888925777,perturbed,3,-0.05
pair,"5,9",0.9999999999999913,0.0,0.08596391322841888,0.5227562785136671,6.081113095964187,perturbed,3,-0.05
pair,"6,7",0.9999999999999913,0.0,0.015287207403432737,0.663203972069703,43.382938071526446,perturbed,3,-0.05
pair,"6,8",0.9999999999999915,0.0,0.06702769902603659,0.5623799488464297,8.390261891997456,perturbed,3,-0.05
pair,"6,9",0.9999999999999915,0.0,0.0708939321817321,0.5431285477118079,7.661142935611644,perturbed,3,-0.05
pair,"7,8",0.9999999999999915,0.0,0.04244608661046687,0.5508827406282509,12.978410605523468,perturbed,3,-0.05
pair,"7,9",0.9999999999999916,0.0,0.06833518047032638,0.5313675064902322,7.77589965860954,perturbed,3,-0.05
pair,"8,9",0.9999999999999916,0.0,0.044496369574456525,0.5524402980780081,12.415401601553143,perturbed,3,-0.05
modular_A,"0,1,2,3",0.9999999999999916,6.750967462036181e-17,0.0003121965935032824,0.3833267049377854,1227.8375642614278,perturbed,3,-0.05
single,0,0.9999999999999918,0.0,0.2816960869896434,0.7183039130103483,2.5499250652947727,perturbed,4,-0.05
single,1,0.9999999999999917,0.0,0.2705792450664025,0.7294207549335892,2.6957749651292837,perturbed,4,-0.05
single,2,0.999999999999992,0.0,0.2705882309004116,0.7294117690995804,2.695652233921571,perturbed,4,-0.05
single,3,0.9999999999999918,0.0,0.24950997484911458,0.7504900251508771,3.007855800573579,perturbed,4,-0.05
single,4,0.9999999999999918,0.0,0.28351700954067943,0.7164829904593124,2.527125238870405,perturbed,4,-0.05
single,5,0.9999999999999918,0.0,0.2835179289759049,0.7164820710240869,2.5271138005701856,perturbed,4,-0.05
single,6,0.999999999999992,0.0,0.24950296629537627,0.7504970337046157,3.0079683814906364,perturbed,4,-0.05
single,7,0.9999999999999921,0.0,0.2705823841404237,0.7294176158595684,2.6957320897912695,perturbed,4,-0.05
single,8,0.9999999999999918,0.0,0.2706432620048007,0.7293567379951911,2.694900780431229,perturbed,4,-0.05
single,9,0.999999999999992,0.0,0.2817937740220532,0.7182062259779388,2.548694443198493,perturbed,4,-0.05
pair,"0,1",0.9999999999999918,0.0,0.044450631545014496,0.5527748565006566,12.435703099985648,perturbed,4,-0.05
pair,"0,2",0.9999999999999918,0.0,0.06832639678895885,0.531437623247149,7.777925490328597,perturbed,4,-0.05
pair,"0,3",0.9999999999999917,0.0,0.07086624143226122,0.5431803062218157,7.664866870934934,perturbed,4,-0.05
pair,"0,4",0.9999999999999918,0.0,0.08594541785456872,0.522818445289132,6.0831450743984,perturbed,4,-0.05
pair,"0,5",0.9999999999999918,0.0,0.09074926825681046,0.5319392613233067,5.861636920509123,perturbed,4,-0.05
pair,"0,6",0.9999999999999919,0.0,0.09096199664720009,0.5661076899598945,6.223562705594149,perturbed,4,-0.05
pair,"0,7",0.9999999999999917,0.0,0.086305865420481,0.5358966605920175,6.2092727763186915,perturbed,4,-0.05
pair,"0,8",0.9999999999999917,0.0,0.07768785265876697,0.5253871064222546,6.762796092845351,perturbed,4,-0.05
pair,"0,9",0.9999999999999918,0.0,0.07918108528354317,0.5162842118876325,6.520297240671137,perturbed,4,-0.05
pair,"1,2",0.9999999999999918,0.0,0.0424509307132425,0.5509306585121758,12.978058413694894,perturbed,4,-0.05
pair,"1,3",0.9999999999999918,0.0,0.0670158994933317,0.5624235177901775,8.392389299290693,perturbed,4,-0.05
pair,"1,4",0.9999999999999918,0.0,0.07010909938584002,0.5559720410222977,7.930098174026576,perturbed,4,-0.05
pair,"1,5",0.9999999999999918,0.0,0.0668911211500377,0.5219225849144544,7.802568949977306,perturbed,4,-0.05
pair,"1,6",0.9999999999999919,0.0,0.06636381858012227,0.5484507376093145,8.264303491625633,perturbed,4,-0.05
pair,"1,7",0.9999999999999917,0.0,0.07850204496538603,0.540653901017295,6.887131427667725,perturbed,4,-0.05
pair,"1,8",0.9999999999999917,0.0,0.07702561259568748,0.5372321685736445,6.974721141052283,perturbed,4,-0.05
pair,"1,9",0.9999999999999918,0.0,0.07768754956305397,0.5253612341171949,6.762489447434471,perturbed,4,-0.05
pair,"2,3",0.9999999999999918,0.0,0.015294205839145335,0.663213304794417,43.36369679927614,perturbed,4,-0.05
pair,"2,4",0.9999999999999918,0.0,0.04264032183815906,0.5437738975326081,12.75257488900991,perturbed,4,-0.05
pair,"2,5",0.9999999999999917,0.0,0.07285148115323435,0.5390069989212374,7.398710230578577,perturbed,4,-0.05
pair,"2,6",0.9999999999999919,0.0,0.06813124098844167,0.5491650851625883,8.060400444720404,perturbed,4,-0.05
pair,"2,7",0.9999999999999918,0.0,0.07549689577385879,0.534938395702384,7.085568091497734,perturbed,4,-0.05
pair,"2,8",0.9999999999999918,0.0,0.07851801799362275,0.5406164170769585,6.885252976213275,perturbed,4,-0.05
pair,"2,9",0.9999999999999918,0.0,0.08631051990525261,0.5358327901499842,6.2081979200008846,perturbed,4,-0.05
pair,"3,4",0.9999999999999916,0.0,0.03420409871093873,0.6013782167135158,17.582051256365673,perturbed,4,-0.05
pair,"3,5",0.9999999999999919,0.0,0.06430877656634645,0.5446750069187163,8.469683859663895,perturbed,4,-0.05
pair,"3,6",0.9999999999999918,0.0,0.06136332758646302,0.5675486543577126,9.248987574182923,perturbed,4,-0.05
pair,"3,7",0.9999999999999916,0.0,0.0681313377491397,0.5491550107455596,8.06024112967742,perturbed,4,-0.05
pair,"3,8",0.9999999999999918,0.0,0.06637083305066124,0.5483702331974668,8.262217121471002,perturbed,4,-0.05
pair,"3,9",0.9999999999999918,0.0,0.0909601879464128,0.5660187533341539,6.222708704907376,perturbed,4,-0.05
pair,"4,5",0.9999999999999918,0.0,0.047413702382846146,0.5530409036543634,11.664157740494206,perturbed,4,-0.05
pair,"4,6",0.9999999999999918,0.0,0.06430645015070924,0.5446881479344762,8.470194617459674,perturbed,4,-0.05
pair,"4,7",0.9999999999999916,0.0,0.07285030644077532,0.5390034023641961,7.398780165768917,perturbed,4,-0.05
pair,"4,8",0.9999999999999917,0.0,0.06686589693955161,0.521832587656492,7.804166421759679,perturbed,4,-0.05
pair,"4,9",0.9999999999999918,0.0,0.09075377542768712,0.5318613106882515,5.860486885331181,perturbed,4,-0.05
pair,"5,6",0.9999999999999918,0.0,0.034201251015375286,0.6013666343185724,17.583176534923417,perturbed,4,-0.05
pair,"5,7",0.9999999999999919,0.0,0.042638686056521304,0.5437914347001043,12.75347542321687,perturbed,4,-0.05
pair,"5,8",0.9999999999999918,0.0,0.0701572323261053,0.555965406207656,7.92456298195194,perturbed,4,-0.05
pair,"5,9",0.9999999999999917,0.0,0.08597769884290742,0.5227436503335037,6.079991176416866,perturbed,4,-0.05
pair,"6,7",0.9999999999999918,0.0,0.015291513792708834,0.6631874111881271,43.36963757665002,perturbed,4,-0.05
pair,"6,8",0.9999999999999918,0.0,0.06702419797561447,0.5623771330611231,8.390658151041714,perturbed,4,-0.05
pair,"6,9",0.9999999999999918,0.0,0.07089728772304668,0.5431287471917454,7.660783150314928,perturbed,4,-0.05
pair,"7,8",0.9999999999999919,0.0,0.04244887939311808,0.5509072442209455,12.978133983679673,perturbed,4,-0.05
pair,"7,9",0.9999999999999917,0.0,0.06832056257726224,0.5314130513544553,7.778230027797148,perturbed,4,-0.05
pair,"8,9",0.9999999999999919,0.0,0.04448161904847731,0.5525015644968576,12.420896008635072,perturbed,4,-0.05
modular_A,"0,1,2,3",0.999999999999992,5.581735614657348e-17,0.0003131095708590882,0.3832675266800831,1224.0683848420872,perturbed,4,-0.05
single,0,0.9999999999999916,0.0,0.2817937740220529,0.7182062259779387,2.548694443198495,perturbed,5,-0.05
single,1,0.9999999999999916,0.0,0.2706432620048006,0.729356737995191,2.69490078043123,perturbed,5,-0.05
single,2,0.9999999999999916,0.0,0.27058238414042346,0.7294176158595681,2.6957320897912704,perturbed,5,-0.05
single,3,0.9999999999999917,0.0,0.24950296629537605,0.7504970337046156,3.0079683814906386,perturbed,5,-0.05
single,4,0.9999999999999919,0.0,0.28351792897590505,0.7164820710240869,2.527113800570184,perturbed,5,-0.05
single,5,0.9999999999999917,0.0,0.2835170095406794,0.7164829904593123,2.527125238870405,perturbed,5,-0.05
single,6,0.9999999999999916,0.0,0.2495099748491147,0.7504900251508768,3.0078558005735765,perturbed,5,-0.05
single,7,0.9999999999999916,0.0,0.2705882309004114,0.7294117690995802,2.6956522339215723,perturbed,5,-0.05
single,8,0.9999999999999915,0.0,0.2705792450664024,0.729420754933589,2.6957749651292846,perturbed,5,-0.05
single,9,0.9999999999999916,0.0,0.2816960869896434,0.7183039130103481,2.549925065294772,perturbed,5,-0.05
pair,"0,1",0.9999999999999916,0.0,0.044481619048477264,0.5525015644968574,12.42089600863508,perturbed,5,-0.05
pair,"0,2",0.9999999999999916,0.0,0.06832056257726232,0.5314130513544555,7.778230027797142,perturbed,5,-0.05
pair,"0,3",0.9999999999999916,0.0,0.07089728772304671,0.5431287471917455,7.660783150314926,perturbed,5,-0.05
pair,"0,4",0.9999999999999918,0.0,0.08597769884290753,0.5227436503335035,6.079991176416856,perturbed,5,-0.05
pair,"0,5",0.9999999999999917,0.0,0.09075377542768719,0.5318613106882515,5.860486885331176,perturbed,5,-0.05
pair,"0,6",0.9999999999999918,0.0,0.09096018794641271,0.5660187533341539,6.222708704907381,perturbed,5,-0.05
pair,"0,7",0.9999999999999917,0.0,0.08631051990525267,0.5358327901499842,6.20819792000088,perturbed,5,-0.05
pair,"0,8",0.9999999999999916,0.0,0.07768754956305406,0.5253612341171947,6.762489447434461,perturbed,5,-0.05
pair,"0,9",0.9999999999999915,0.0,0.07918108528354298,0.5162842118876325,6.520297240671153,perturbed,5,-0.05
pair,"1,2",0.9999999999999917,0.0,0.042448879393118005,0.5509072442209454,12.978133983679692,perturbed,5,-0.05
pair,"1,3",0.9999999999999916,0.0,0.06702419797561435,0.5623771330611232,8.390658151041732,perturbed,5,-0.05
pair,"1,4",0.9999999999999919,0.0,0.07015723232610532,0.5559654062076562,7.92456298195194,perturbed,5,-0.05
pair,"1,5",0.9999999999999918,0.0,0.06686589693955147,0.5218325876564918,7.804166421759692,perturbed,5,-0.05
pair,"1,6",0.9999999999999918,0.0,0.06637083305066119,0.5483702331974668,8.262217121471009,perturbed,5,-0.05
pair,"1,7",0.9999999999999917,0.0,0.0785180179936228,0.5406164170769585,6.88525297621327,perturbed,5,-0.05
pair,"1,8",0.9999999999999916,0.0,0.0770256125956875,0.5372321685736445,6.974721141052282,perturbed,5,-0.05
pair,"1,9",0.9999999999999916,0.0,0.0776878526587668,0.5253871064222544,6.762796092845363,perturbed,5,-0.05
pair,"2,3",0.9999999999999916,0.0,0.015291513792708758,0.6631874111881269,43.36963757665022,perturbed,5,-0.05
pair,"2,4",0.9999999999999918,0.0,0.04263868605652122,0.543791434700104,12.753475423216889,perturbed,5,-0.05
pair,"2,5",0.9999999999999918,0.0,0.0728503064407753,0.5390034023641959,7.398780165768917,perturbed,5,-0.05
pair,"2,6",0.9999999999999916,0.0,0.06813133774913956,0.5491550107455597,8.060241129677438,perturbed,5,-0.05
pair,"2,7",0.9999999999999916,0.0,0.07549689577385876,0.5349383957023839,7.085568091497735,perturbed,5,-0.05
pair,"2,8",0.9999999999999916,0.0,0.07850204496538589,0.5406539010172953,6.8871314276677404,perturbed,5,-0.05
pair,"2,9",0.9999999999999916,0.0,0.08630586542048102,0.5358966605920175,6.209272776318691,perturbed,5,-0.05
pair,"3,4",0.9999999999999918,0.0,0.03420125101537535,0.6013666343185723,17.583176534923382,perturbed,5,-0.05
pair,"3,5",0.9999999999999916,0.0,0.06430645015070935,0.5446881479344764,8.470194617459661,perturbed,5,-0.05
pair,"3,6",0.9999999999999913,0.0,0.06136332758646277,0.5675486543577125,9.248987574182959,perturbed,5,-0.05
pair,"3,7",0.9999999999999918,0.0,0.06813124098844148,0.549165085162588,8.060400444720424,perturbed,5,-0.05
pair,"3,8",0.9999999999999916,0.0,0.06636381858012226,0.5484507376093142,8.264303491625629,perturbed,5,-0.05
pair,"3,9",0.9999999999999916,0.0,0.09096199664720009,0.5661076899598946,6.22356270559415,perturbed,5,-0.05
pair,"4,5",0.9999999999999916,0.0,0.047413702382846284,0.5530409036543631,11.664157740494165,perturbed,5,-0.05
pair,"4,6",0.9999999999999916,0.0,0.06430877656634648,0.5446750069187158,8.469683859663885,perturbed,5,-0.05
pair,"4,7",0.9999999999999916,0.0,0.07285148115323449,0.5390069989212374,7.398710230578563,perturbed,5,-0.05
pair,"4,8",0.9999999999999917,0.0,0.06689112115003779,0.5219225849144546,7.802568949977299,perturbed,5,-0.05
pair,"4,9",0.9999999999999916,0.0,0.09074926825681054,0.5319392613233067,5.861636920509117,perturbed,5,-0.05
pair,"5,6",0.9999999999999917,0.0,0.034204098710938706,0.601378216713516,17.58205125636569,perturbed,5,-0.05
pair,"5,7",0.9999999999999918,0.0,0.04264032183815907,0.543773897532608,12.752574889009903,perturbed,5,-0.05
pair,"5,8",0.9999999999999918,0.0,0.07010909938583985,0.5559720410222977,7.930098174026595,perturbed,5,-0.05
pair,"5,9",0.9999999999999915,0.0,0.08594541785456872,0.5228184452891316,6.083145074398395,perturbed,5,-0.05
pair,"6,7",0.9999999999999916,0.0,0.015294205839145272,0.6632133047944168,43.3636967992763,perturbed,5,-0.05
pair,"6,8",0.9999999999999918,0.0,0.06701589949333164,0.5624235177901775,8.3923892992907,perturbed,5,-0.05
pair,"6,9",0.9999999999999917,0.0,0.07086624143226122,0.5431803062218157,7.664866870934934,perturbed,5,-0.05
pair,"7,8",0.9999999999999916,0.0,0.04245093071324254,0.5509306585121757,12.97805841369488,perturbed,5,-0.05
pair,"7,9",0.9999999999999916,0.0,0.06832639678895897,0.5314376232471489,7.777925490328583,perturbed,5,-0.05
pair,"8,9",0.9999999999999916,0.0,0.044450631545014434,0.5527748565006565,12.435703099985663,perturbed,5,-0.05
modular_A,"0,1,2,3",0.9999999999999916,7.353772575194748e-17,0.0003134585424887321,0.3831561511962946,1222.3503247166022,perturbed,5,-0.05
single,0,0.999999999999992,0.0,0.2817966897253934,0.7182033102745986,2.5486577254490705,perturbed,6,-0.05
single,1,0.999999999999992,0.0,0.2706591538775183,0.7293408461224737,2.694683832686934,perturbed,6,-0.05
single,2,0.999999999999992,0.0,0.27057077827297665,0.7294292217270153,2.6958906145847727,perturbed,6,-0.05
single,3,0.9999999999999917,0.0,0.2495033967383729,0.7504966032616187,3.0079614669478145,perturbed,6,-0.05
single,4,0.9999999999999919,0.0,0.2835105232316114,0.7164894767683805,2.5272059343739093,perturbed,6,-0.05
single,5,0.9999999999999917,0.0,0.28351792758603456,0.7164820724139571,2.527113817860911,perturbed,6,-0.05
single,6,0.9999999999999919,0.0,0.2495094508723073,0.7504905491276845,3.0078642171825662,perturbed,6,-0.05
single,7,0.9999999999999918,0.0,0.2705952431669874,0.7294047568330044,2.6955564639504046,perturbed,6,-0.05
single,8,0.9999999999999918,0.0,0.27061392629747266,0.7293860737025192,2.6953013234830374,perturbed,6,-0.05
single,9,0.9999999999999917,0.0,0.2813860033779598,0.7186139966220318,2.553837035230157,perturbed,6,-0.05
pair,"0,1",0.999999999999992,0.0,0.04449636957445654,0.5524402980780081,12.415401601553139,perturbed,6,-0.05
pair,"0,2",0.999999999999992,0.0,0.06833518047032629,0.5313675064902327,7.775899658609558,perturbed,6,-0.05
pair,"0,3",0.9999999999999917,0.0,0.07089393218173229,0.5431285477118079,7.661142935611624,perturbed,6,-0.05
pair,"0,4",0.9999999999999918,0.0,0.08596391322841905,0.5227562785136676,6.081113095964181,perturbed,6,-0.05
pair,"0,5",0.9999999999999918,0.0,0.09075961030765921,0.531858631522235,5.860080598840467,perturbed,6,-0.05
pair,"0,6",0.9999999999999918,0.0,0.09096674545901544,0.5660153921187085,6.2222231790596885,perturbed,6,-0.05
pair,"0,7",0.999999999999992,0.0,0.08632212677965634,0.5358198120855882,6.207212821033802,perturbed,6,-0.05
pair,"0,8",0.9999999999999919,0.0,0.07769025545063561,0.5253332516123951,6.761893735131195,perturbed,6,-0.05
pair,"0,9",0.9999999999999918,0.0,0.07908755941924094,0.5165059688927656,6.53081183293041,perturbed,6,-0.05
pair,"1,2",0.9999999999999921,0.0,0.04244608661046683,0.5508827406282512,12.978410605523486,perturbed,6,-0.05
pair,"1,3",0.9999999999999916,0.0,0.06702769902603667,0.5623799488464296,8.390261891997444,perturbed,6,-0.05
pair,"1,4",0.9999999999999919,0.0,0.07014037993515053,0.5559387457882687,7.92608688892577,perturbed,6,-0.05
pair,"1,5",0.9999999999999919,0.0,0.06688440968348038,0.5218314005889871,7.8019885808736245,perturbed,6,-0.05
pair,"1,6",0.9999999999999918,0.0,0.06636815142035148,0.5483572980720816,8.262356059896682,perturbed,6,-0.05
pair,"1,7",0.9999999999999919,0.0,0.0785270133337016,0.540595686850352,6.884200275809336,perturbed,6,-0.05
pair,"1,8",0.9999999999999919,0.0,0.07702297224203,0.5371961853246303,6.974493059506893,perturbed,6,-0.05
pair,"1,9",0.9999999999999918,0.0,0.07757749213972959,0.525601732655939,6.7751833445356215,perturbed,6,-0.05
pair,"2,3",0.999999999999992,0.0,0.01528720740343264,0.6632039720697035,43.38293807152675,perturbed,6,-0.05
pair,"2,4",0.999999999999992,0.0,0.04261602785358921,0.5437647230562037,12.759629426852056,perturbed,6,-0.05
pair,"2,5",0.9999999999999919,0.0,0.07286795779975522,0.5390284853855212,7.39733212870873,perturbed,6,-0.05
pair,"2,6",0.9999999999999918,0.0,0.06812538658004648,0.5491631103657062,8.06106413385921,perturbed,6,-0.05
pair,"2,7",0.9999999999999919,0.0,0.07549227524403407,0.5349311248543803,7.0859054535736,perturbed,6,-0.05
pair,"2,8",0.9999999999999917,0.0,0.07848288506735361,0.5406292932698005,6.888499228918957,perturbed,6,-0.05
pair,"2,9",0.9999999999999919,0.0,0.08612657464254034,0.5360924440416546,6.224471903900186,perturbed,6,-0.05
pair,"3,4",0.9999999999999918,0.0,0.03420228645290572,0.6013448141174433,17.58200624819207,perturbed,6,-0.05
pair,"3,5",0.9999999999999918,0.0,0.06430158539870438,0.5446828255417895,8.470752659743352,perturbed,6,-0.05
pair,"3,6",0.9999999999999916,0.0,0.06136373989525071,0.567544659726682,9.24886033177726,perturbed,6,-0.05
pair,"3,7",0.9999999999999918,0.0,0.0681268211857147,0.5491436798286854,8.060609173760094,perturbed,6,-0.05
pair,"3,8",0.9999999999999918,0.0,0.066349940816158,0.5483896648670165,8.265111590475884,perturbed,6,-0.05
pair,"3,9",0.999999999999992,0.0,0.09071331596414936,0.5662305713081524,6.241978537439104,perturbed,6,-0.05
pair,"4,5",0.9999999999999919,0.0,0.04741252625246523,0.5530326127364507,11.664272217675714,perturbed,6,-0.05
pair,"4,6",0.9999999999999918,0.0,0.06430504067546157,0.5446865250044444,8.470355034116222,perturbed,6,-0.05
pair,"4,7",0.9999999999999918,0.0,0.07286194489527255,0.5390175532970225,7.397792552364262,perturbed,6,-0.05
pair,"4,8",0.9999999999999919,0.0,0.06688810132862529,0.5218993000377602,7.8025730985192325,perturbed,6,-0.05
pair,"4,9",0.9999999999999918,0.0,0.09059313509843163,0.5321050103114754,5.8735687834771415,perturbed,6,-0.05
pair,"5,6",0.9999999999999918,0.0,0.03420464391171469,0.6013788969810185,17.581790897552754,perturbed,6,-0.05
pair,"5,7",0.9999999999999917,0.0,0.042633893499310876,0.5437515047634571,12.753972488396965,perturbed,6,-0.05
pair,"5,8",0.9999999999999918,0.0,0.0701228900307481,0.5559704638296544,7.928516117716591,perturbed,6,-0.05
pair,"5,9",0.9999999999999918,0.0,0.08585975024542765,0.5230258317214652,6.091630015535927,perturbed,6,-0.05
pair,"6,7",0.9999999999999918,0.0,0.015297976665348618,0.6632294069452499,43.35406056982215,perturbed,6,-0.05
pair,"6,8",0.9999999999999918,0.0,0.06702359360563609,0.5623909028850007,8.390939259301499,perturbed,6,-0.05
pair,"6,9",0.9999999999999918,0.0,0.07081609354513659,0.5434369980881938,7.673919456483706,perturbed,6,-0.05
pair,"7,8",0.9999999999999918,0.0,0.04245732137865723,0.5509183630430468,12.975815363613274,perturbed,6,-0.05
pair,"7,9",0.9999999999999919,0.0,0.06824692042333674,0.5316572018323152,7.790200620547229,perturbed,6,-0.05
pair,"8,9",0.9999999999999918,0.0,0.04442173020470024,0.5528678452479678,12.445887242579065,perturbed,6,-0.05
modular_A,"0,1,2,3",0.9999999999999919,5.583067479036246e-17,0.000313727757467593,0.38306548277607055,1221.012402180065,perturbed,6,-0.05
single,0,0.9999999999999918,0.0,0.2817966990654652,0.7182033009345267,2.548657607829815,perturbed,7,-0.05
single,1,0.9999999999999919,0.0,0.270659647656869,0.7293403523431229,2.6946770922710654,perturbed,7,-0.05
single,2,0.999999999999992,0.0,0.2705705664363025,0.7294294335636895,2.6958935081928477,perturbed,7,-0.05
single,3,0.999999999999992,0.0,0.2494773342130684,0.7505226657869236,3.008380172709128,perturbed,7,-0.05
single,4,0.9999999999999918,0.0,0.2835114441722727,0.716488555827719,2.5271944768210215,perturbed,7,-0.05
single,5,0.9999999999999916,0.0,0.28351052247884706,0.7164894775211446,2.5272059437391867,perturbed,7,-0.05
single,6,0.9999999999999918,0.0,0.24950956227713794,0.7504904377228538,3.0078624276902906,perturbed,7,-0.05
single,7,0.9999999999999916,0.0,0.2706008224684484,0.7293991775315432,2.695480268233811,perturbed,7,-0.05
single,8,0.9999999999999918,0.0,0.2706036670718198,0.729396332928172,2.6954414211045625,perturbed,7,-0.05
single,9,0.9999999999999918,0.0,0.28186318884689954,0.7181368111530921,2.5478205014673434,perturbed,7,-0.05
pair,"0,1",0.9999999999999919,0.0,0.04449691745903928,0.5524384721697789,12.415207697888617,perturbed,7,-0.05
pair,"0,2",0.9999999999999918,0.0,0.06834001474773024,0.5313552369611678,7.7751700657749065,perturbed,7,-0.05
pair,"0,3",0.999999999999992,0.0,0.07089000694783489,0.5431353348507977,7.661662880784723,perturbed,7,-0.05
pair,"0,4",0.9999999999999918,0.0,0.08596479090647008,0.5227584583761475,6.081076367008327,perturbed,7,-0.05
pair,"0,5",0.9999999999999918,0.0,0.09075739324087884,0.5318668977230319,5.860314831998381,perturbed,7,-0.05
pair,"0,6",0.9999999999999919,0.0,0.09096550848877376,0.5660172794551693,6.222328538129622,perturbed,7,-0.05
pair,"0,7",0.9999999999999917,0.0,0.08631014304106303,0.5358167597687429,6.20803929746498,perturbed,7,-0.05
pair,"0,8",0.9999999999999918,0.0,0.07770158218038772,0.5253360533165461,6.760944096311382,perturbed,7,-0.05
pair,"0,9",0.9999999999999918,0.0,0.07922391947998196,0.5161621221661981,6.515230823648156,perturbed,7,-0.05
pair,"1,2",0.9999999999999919,0.0,0.04244842343526648,0.550873416122481,12.977476465352328,perturbed,7,-0.05
pair,"1,3",0.999999999999992,0.0,0.06702592983864449,0.5623829721319424,8.390528463921358,perturbed,7,-0.05
pair,"1,4",0.9999999999999918,0.0,0.07012531249345523,0.5559588354256979,7.928076405756984,perturbed,7,-0.05
pair,"1,5",0.9999999999999919,0.0,0.06687590319709324,0.521837143891027,7.803066858822007,perturbed,7,-0.05
pair,"1,6",0.9999999999999918,0.0,0.06636877629699944,0.5483564265443374,8.26226513640163,perturbed,7,-0.05
pair,"1,7",0.9999999999999917,0.0,0.07852285544208401,0.5405915301946178,6.884511867927945,perturbed,7,-0.05
pair,"1,8",0.9999999999999918,0.0,0.07704115945202636,0.5372017294040168,6.972918544126183,perturbed,7,-0.05
pair,"1,9",0.9999999999999919,0.0,0.07771504761586172,0.5252532954546341,6.758707760830469,perturbed,7,-0.05
pair,"2,3",0.999999999999992,0.0,0.015282521486545037,0.6632544185739473,43.39954104811084,perturbed,7,-0.05
pair,"2,4",0.9999999999999917,0.0,0.04260566153169178,0.5437842513272555,12.76319230304093,perturbed,7,-0.05
pair,"2,5",0.9999999999999918,0.0,0.07285091641155574,0.5390226022093767,7.398981766602404,perturbed,7,-0.05
pair,"2,6",0.9999999999999919,0.0,0.06812490764282698,0.5491589001702284,8.06105900428403,perturbed,7,-0.05
pair,"2,7",0.9999999999999917,0.0,0.07549799930315876,0.5349363327426757,7.085437199397343,perturbed,7,-0.05
pair,"2,8",0.9999999999999917,0.0,0.07851148759103797,0.5406564373432992,6.886335413227028,perturbed,7,-0.05
pair,"2,9",0.9999999999999917,0.0,0.0863040146114428,0.5357792848588299,6.208045909231579,perturbed,7,-0.05
pair,"3,4",0.9999999999999919,0.0,0.034191349053570894,0.6013612906178831,17.588112410413295,perturbed,7,-0.05
pair,"3,5",0.9999999999999918,0.0,0.06429571879669893,0.5447031025552147,8.471840936681165,perturbed,7,-0.05
pair,"3,6",0.9999999999999918,0.0,0.061361355088763586,0.5675680189659713,9.24960047158254,perturbed,7,-0.05
pair,"3,7",0.9999999999999918,0.0,0.06812627009499622,0.54916391343842,8.060971379655134,perturbed,7,-0.05
pair,"3,8",0.9999999999999918,0.0,0.06634466350018758,0.5484175182126909,8.266188857995193,perturbed,7,-0.05
pair,"3,9",0.9999999999999918,0.0,0.09090153327199008,0.5659423266424783,6.225883175689677,perturbed,7,-0.05
pair,"4,5",0.9999999999999918,0.0,0.04741400054618356,0.5530148974824358,11.663535898932894,perturbed,7,-0.05
pair,"4,6",0.9999999999999917,0.0,0.06429889417753606,0.5446799033442797,8.471061754815889,perturbed,7,-0.05
pair,"4,7",0.9999999999999917,0.0,0.07286323495250241,0.5389967033491219,7.397375421232387,perturbed,7,-0.05
pair,"4,8",0.9999999999999917,0.0,0.0668601336895797,0.5218717217616209,7.805424442980971,perturbed,7,-0.05
pair,"4,9",0.9999999999999918,0.0,0.0907342930512034,0.5317842163483579,5.860895571735597,perturbed,7,-0.05
pair,"5,6",0.9999999999999918,0.0,0.03420587126073329,0.6013713657400932,17.580939867198733,perturbed,7,-0.05
pair,"5,7",0.9999999999999917,0.0,0.04262516970104025,0.5437579004544797,12.756732800554914,perturbed,7,-0.05
pair,"5,8",0.9999999999999919,0.0,0.07012100430617818,0.555991770624912,7.9290331923543915,perturbed,7,-0.05
pair,"5,9",0.9999999999999918,0.0,0.0859738354155611,0.522678122741788,6.079502213846613,perturbed,7,-0.05
pair,"6,7",0.9999999999999917,0.0,0.015300893496377192,0.6632299931152549,43.345834233294184,perturbed,7,-0.05
pair,"6,8",0.9999999999999918,0.0,0.06703058141684681,0.5624055038653568,8.390282345425208,perturbed,7,-0.05
pair,"6,9",0.9999999999999918,0.0,0.07090247762970041,0.5430560192165509,7.659196651106443,perturbed,7,-0.05
pair,"7,8",0.9999999999999918,0.0,0.04245387024282203,0.5509300064609761,12.977144446662685,perturbed,7,-0.05
pair,"7,9",0.9999999999999917,0.0,0.06837045251479601,0.5313170761087616,7.771150497998818,perturbed,7,-0.05
pair,"8,9",0.9999999999999918,0.0,0.04452304543443723,0.552532738498301,12.41003918548064,perturbed,7,-0.05
modular_A,"0,1,2,3",0.9999999999999919,4.2984206641771016e-17,0.0003140052858096669,0.38298225800369645,1219.6681881203735,perturbed,7,-0.05
single,0,0.999999999999992,0.0,0.28179669906546523,0.7182033009345268,2.548657607829815,perturbed,8,-0.05
single,1,0.999999999999992,0.0,0.27065964934931047,0.7293403506506815,2.6946770691681587,perturbed,8,-0.05
single,2,0.9999999999999922,0.0,0.2705706202990402,0.7294293797009519,2.6958927724479897,perturbed,8,-0.05
single,3,0.9999999999999919,0.0,0.2494739198541348,0.7505260801458571,3.0084350323459983,perturbed,8,-0.05
single,4,0.9999999999999922,0.0,0.2834850338942757,0.7165149661057165,2.527523080364578,perturbed,8,-0.05
single,5,0.9999999999999922,0.0,0.28351205762342685,0.7164879423765653,2.527186844829845,perturbed,8,-0.05
single,6,0.9999999999999922,0.0,0.24950492590426535,0.7504950740957269,3.007936902951931,perturbed,8,-0.05
single,7,0.9999999999999923,0.0,0.2705558402751467,0.7294441597248457,2.6960946730369013,perturbed,8,-0.05
single,8,0.9999999999999925,0.0,0.2708155433501909,0.7291844566498015,2.6925502415010754,perturbed,8,-0.05
single,9,0.9999999999999925,0.0,0.281800723096494,0.7181992769034984,2.5486069340481183,perturbed,8,-0.05
pair,"0,1",0.9999999999999921,0.0,0.044496919433539596,0.552438466186942,12.415207012522782,perturbed,8,-0.05
pair,"0,2",0.9999999999999921,0.0,0.06834016713270258,0.5313548566312333,7.775147163445638,perturbed,8,-0.05
pair,"0,3",0.999999999999992,0.0,0.07089031021538737,0.5431354112144392,7.661631181528485,perturbed,8,-0.05
pair,"0,4",0.999999999999992,0.0,0.08596586785412338,0.5227615711877632,6.08103639545458,perturbed,8,-0.05
pair,"0,5",0.9999999999999922,0.0,0.09075098854593791,0.5318717863886787,5.860782289103623,perturbed,8,-0.05
pair,"0,6",0.9999999999999922,0.0,0.09089042148243778,0.5660295845325916,6.227604353688272,perturbed,8,-0.05
pair,"0,7",0.9999999999999922,0.0,0.0863236203883016,0.535843655317632,6.207381628658481,perturbed,8,-0.05
pair,"0,8",0.9999999999999922,0.0,0.07771053855934046,0.5251994654568708,6.758407227557995,perturbed,8,-0.05
pair,"0,9",0.9999999999999925,0.0,0.07921160760364951,0.5162045487542035,6.5167790980474996,perturbed,8,-0.05
pair,"1,2",0.9999999999999921,0.0,0.04244853495064751,0.55087307934222,12.977434438731247,perturbed,8,-0.05
pair,"1,3",0.9999999999999919,0.0,0.06702696795942534,0.562382409428247,8.390390115344085,perturbed,8,-0.05
pair,"1,4",0.999999999999992,0.0,0.07011983292581697,0.5559710756226401,7.928870512438724,perturbed,8,-0.05
pair,"1,5",0.9999999999999922,0.0,0.0668714375728678,0.5218428888801989,7.803673852705235,perturbed,8,-0.05
pair,"1,6",0.9999999999999921,0.0,0.06635585951265306,0.5483638373621589,8.263985145992935,perturbed,8,-0.05
pair,"1,7",0.9999999999999922,0.0,0.07851828693292712,0.5406219459354618,6.885299807894162,perturbed,8,-0.05
pair,"1,8",0.9999999999999922,0.0,0.07703589672333463,0.5370611229307851,6.9715696937958285,perturbed,8,-0.05
pair,"1,9",0.9999999999999925,0.0,0.0777180999530151,0.5252922864300824,6.75894401365513,perturbed,8,-0.05
pair,"2,3",0.9999999999999921,0.0,0.015282288993680275,0.6632580194371102,43.400436918277684,perturbed,8,-0.05
pair,"2,4",0.9999999999999925,0.0,0.04260005107627246,0.5438035327623599,12.76532583936853,perturbed,8,-0.05
pair,"2,5",0.9999999999999922,0.0,0.07284501899422773,0.5390327086263723,7.3997195150582025,perturbed,8,-0.05
pair,"2,6",0.9999999999999922,0.0,0.06812007202737434,0.5491646301877887,8.061715348261883,perturbed,8,-0.05
pair,"2,7",0.9999999999999922,0.0,0.0754850436162189,0.534965471622521,7.087039312613936,perturbed,8,-0.05
pair,"2,8",0.999999999999992,0.0,0.0785413914608604,0.5405005669932286,6.881728944954798,perturbed,8,-0.05
pair,"2,9",0.9999999999999921,0.0,0.08632593674435546,0.5358260847668749,6.207011530655769,perturbed,8,-0.05
pair,"3,4",0.999999999999992,0.0,0.034183102457071055,0.6014084188897361,17.593734203763876,perturbed,8,-0.05
pair,"3,5",0.9999999999999922,0.0,0.06429264777795553,0.5447078394715041,8.472319282178823,perturbed,8,-0.05
pair,"3,6",0.9999999999999922,0.0,0.06135517122770569,0.567570987348514,9.250581100036442,perturbed,8,-0.05
pair,"3,7",0.9999999999999922,0.0,0.06811241529611706,0.5491974306286566,8.06310315441075,perturbed,8,-0.05
pair,"3,8",0.999999999999992,0.0,0.06640047640183695,0.5482711242283657,8.257036002428409,perturbed,8,-0.05
pair,"3,9",0.9999999999999921,0.0,0.09096891653625687,0.5660287251355562,6.222221245319086,perturbed,8,-0.05
pair,"4,5",0.9999999999999921,0.0,0.04740213653811642,0.5530265746231717,11.666701440313325,perturbed,8,-0.05
pair,"4,6",0.9999999999999921,0.0,0.0642984848407464,0.5447031194162304,8.471476750429556,perturbed,8,-0.05
pair,"4,7",0.9999999999999923,0.0,0.07284116569873933,0.5390508314126611,7.4003597586850605,perturbed,8,-0.05
pair,"4,8",0.9999999999999921,0.0,0.06692250418308641,0.5217460348164996,7.796271839874793,perturbed,8,-0.05
pair,"4,9",0.999999999999992,0.0,0.09075814553511627,0.5318665622382988,5.860262559381055,perturbed,8,-0.05
pair,"5,6",0.9999999999999922,0.0,0.034210168687756976,0.6013420273757738,17.577873785550207,perturbed,8,-0.05
pair,"5,7",0.999999999999992,0.0,0.04261508751079901,0.5437831319220194,12.760342960324095,perturbed,8,-0.05
pair,"5,8",0.9999999999999922,0.0,0.07017782076268256,0.5558025732869396,7.919917820852178,perturbed,8,-0.05
pair,"5,9",0.9999999999999922,0.0,0.08596993621025673,0.522735457594533,6.080444869891244,perturbed,8,-0.05
pair,"6,7",0.9999999999999922,0.0,0.015288122288354432,0.663260904582608,43.38406588282199,perturbed,8,-0.05
pair,"6,8",0.9999999999999921,0.0,0.0670604968982654,0.5622334838502787,8.38397431953448,perturbed,8,-0.05
pair,"6,9",0.9999999999999922,0.0,0.07088595554457931,0.5431219204029063,7.661911534243812,perturbed,8,-0.05
pair,"7,8",0.9999999999999922,0.0,0.04249159925444477,0.5508187885680482,12.963004411052632,perturbed,8,-0.05
pair,"7,9",0.9999999999999922,0.0,0.06832531883733033,0.5313959343662357,7.77743804798612,perturbed,8,-0.05
pair,"8,9",0.999999999999992,0.0,0.044512637985596806,0.552395252074854,12.409852057152746,perturbed,8,-0.05
modular_A,"0,1,2,3",0.9999999999999922,5.928038353174046e-17,0.0003142237010451775,0.38295718201826534,1218.740600229916,perturbed,8,-0.05
single,0,0.9999999999999917,0.0,0.2817966990654651,0.7182033009345266,2.548657607829815,perturbed,9,-0.05
single,1,0.9999999999999918,0.0,0.2706596493493105,0.7293403506506813,2.6946770691681574,perturbed,9,-0.05
single,2,0.9999999999999918,0.0,0.27057062063291776,0.729429379367074,2.6958927678873468,perturbed,9,-0.05
single,3,0.9999999999999918,0.0,0.2494738850021156,0.7505261149978761,3.0084355923326864,perturbed,9,-0.05
single,4,0.999999999999992,0.0,0.2834814641118977,0.7165185358880943,2.5275675012221095,perturbed,9,-0.05
single,5,0.9999999999999916,0.0,0.28348764600823884,0.7165123539917527,2.527490577035336,perturbed,9,-0.05
single,6,0.9999999999999915,0.0,0.24955432337199848,0.750445676627993,3.007143560920562,perturbed,9,-0.05
single,7,0.9999999999999918,0.0,0.2706995889130499,0.7293004110869419,2.6941319490558846,perturbed,9,-0.05
single,8,0.9999999999999917,0.0,0.27070088549548976,0.7292991145045019,2.6941142551846324,perturbed,9,-0.05
single,9,0.9999999999999916,0.0,0.28180125081481605,0.7181987491851756,2.548600288708922,perturbed,9,-0.05
pair,"0,1",0.9999999999999917,0.0,0.04449691943353958,0.5524384661869418,12.41520701252278,perturbed,9,-0.05
pair,"0,2",0.9999999999999918,0.0,0.06834016764581136,0.5313548553480131,7.775147086291651,perturbed,9,-0.05
pair,"0,3",0.9999999999999917,0.0,0.07089035825850029,0.5431353688322236,7.661625391307675,perturbed,9,-0.05
pair,"0,4",0.9999999999999918,0.0,0.08597294557397647,0.5227593700476746,6.080510171631375,perturbed,9,-0.05
pair,"0,5",0.9999999999999916,0.0,0.09075141924889497,0.5318772906848439,5.860815126495338,perturbed,9,-0.05
pair,"0,6",0.9999999999999917,0.0,0.09093565219560283,0.5659948785486804,6.224125135554357,perturbed,9,-0.05
pair,"0,7",0.9999999999999918,0.0,0.0860266102822935,0.5358255824080546,6.2286027619798165,perturbed,9,-0.05
pair,"0,8",0.9999999999999918,0.0,0.07772929699715343,0.525265716539796,6.757628549747878,perturbed,9,-0.05
pair,"0,9",0.9999999999999919,0.0,0.07921193029629012,0.5162040863266995,6.5167467122168565,perturbed,9,-0.05
pair,"1,2",0.9999999999999917,0.0,0.04244853539870844,0.5508730781196948,12.977434272949166,perturbed,9,-0.05
pair,"1,3",0.9999999999999918,0.0,0.06702703960262722,0.562382353812666,8.39038031735811,perturbed,9,-0.05
pair,"1,4",0.9999999999999918,0.0,0.0701196783212533,0.5559718001104338,7.928898326704367,perturbed,9,-0.05
pair,"1,5",0.9999999999999916,0.0,0.06686400434455893,0.5218540532000467,7.804708352656608,perturbed,9,-0.05
pair,"1,6",0.9999999999999916,0.0,0.06637334345900311,0.5483269724459618,8.261252844444208,perturbed,9,-0.05
pair,"1,7",0.9999999999999918,0.0,0.07842680955455802,0.5405521732158559,6.892441198182593,perturbed,9,-0.05
pair,"1,8",0.9999999999999918,0.0,0.07706648400712554,0.5371277264040115,6.969666948272207,perturbed,9,-0.05
pair,"1,9",0.9999999999999918,0.0,0.07771881725523631,0.5252920516272517,6.758878611110877,perturbed,9,-0.05
pair,"2,3",0.9999999999999918,0.0,0.015282294095151309,0.6632580260298782,43.400422861925776,perturbed,9,-0.05
pair,"2,4",0.9999999999999919,0.0,0.042599688351079724,0.5438045639679345,12.765458739656516,perturbed,9,-0.05
pair,"2,5",0.9999999999999918,0.0,0.07283662626586515,0.5390482472948518,7.400785496670876,perturbed,9,-0.05
pair,"2,6",0.9999999999999916,0.0,0.06813532206877625,0.5491280920527482,8.059374717543047,perturbed,9,-0.05
pair,"2,7",0.9999999999999917,0.0,0.07550307363449865,0.534863049574498,7.083990410293839,perturbed,9,-0.05
pair,"2,8",0.9999999999999916,0.0,0.07853310142558872,0.5405765848229975,6.88342335919589,perturbed,9,-0.05
pair,"2,9",0.9999999999999918,0.0,0.08632855477994383,0.5358273459012692,6.206837902790359,perturbed,9,-0.05
pair,"3,4",0.9999999999999918,0.0,0.03418252537847284,0.6014123115127374,17.594145103494586,perturbed,9,-0.05
pair,"3,5",0.9999999999999918,0.0,0.06428414406788877,0.5447258518639956,8.47372022700847,perturbed,9,-0.05
pair,"3,6",0.9999999999999918,0.0,0.06136717398630347,0.5675363045814588,9.248206617891956,perturbed,9,-0.05
pair,"3,7",0.9999999999999918,0.0,0.06814299157090017,0.5490893382024081,8.057898920259492,perturbed,9,-0.05
pair,"3,8",0.9999999999999917,0.0,0.06637203319741526,0.5483480861801541,8.261734043149795,perturbed,9,-0.05
pair,"3,9",0.9999999999999917,0.0,0.09097138747176638,0.5660291676392466,6.222057103558169,perturbed,9,-0.05
pair,"4,5",0.9999999999999918,0.0,0.04739051217592346,0.5530656905019413,11.6703885463159,perturbed,9,-0.05
pair,"4,6",0.9999999999999918,0.0,0.06431101014852704,0.5446718135178961,8.469340043951574,perturbed,9,-0.05
pair,"4,7",0.9999999999999918,0.0,0.07288119220526379,0.5389426130893101,7.394810605888873,perturbed,9,-0.05
pair,"4,8",0.9999999999999916,0.0,0.06688866765726037,0.5218155919556616,7.801255582327653,perturbed,9,-0.05
pair,"4,9",0.9999999999999917,0.0,0.09075967468955384,0.5318690742808532,5.860191501348226,perturbed,9,-0.05
pair,"5,6",0.9999999999999918,0.0,0.034215154620618714,0.6013034603514278,17.574185094843052,perturbed,9,-0.05
pair,"5,7",0.9999999999999918,0.0,0.04267997604700849,0.5436791675394907,12.738506857189254,perturbed,9,-0.05
pair,"5,8",0.9999999999999916,0.0,0.07017279135034259,0.5558904000216616,7.921737034035595,perturbed,9,-0.05
pair,"5,9",0.9999999999999918,0.0,0.08597834568111808,0.5227499668385783,6.080018901240394,perturbed,9,-0.05
pair,"6,7",0.9999999999999917,0.0,0.015387384834699279,0.6629477376021684,43.083847237458436,perturbed,9,-0.05
pair,"6,8",0.9999999999999917,0.0,0.06706598326828409,0.5622802710184699,8.383986092758528,perturbed,9,-0.05
pair,"6,9",0.9999999999999917,0.0,0.07091270693522551,0.5430814445435644,7.658450340072854,perturbed,9,-0.05
pair,"7,8",0.9999999999999918,0.0,0.04250698720272722,0.5507390157017223,12.956434975621779,perturbed,9,-0.05
pair,"7,9",0.9999999999999918,0.0,0.06837951650598174,0.5312565864458759,7.769235782756702,perturbed,9,-0.05
pair,"8,9",0.9999999999999916,0.0,0.04450569219230024,0.5524206016071236,12.412358383737166,perturbed,9,-0.05
modular_A,"0,1,2,3",0.9999999999999918,5.1650883986142504e-17,0.0003142458576828527,0.38295630521878266,1218.651879908867,perturbed,9,-0.05
single,0,0.9999999999999923,0.0,0.28180125081481633,0.718198749185176,2.548600288708921,perturbed,0,0.05
single,1,0.9999999999999923,0.0,0.2707008854954898,0.7292991145045025,2.694114255184634,perturbed,0,0.05
single,2,0.9999999999999922,0.0,0.2706995889130501,0.7293004110869421,2.6941319490558833,perturbed,0,0.05
single,3,0.9999999999999923,0.0,0.2495543233719989,0.7504456766279934,3.007143560920559,perturbed,0,0.05
single,4,0.9999999999999925,0.0,0.28348764600823917,0.7165123539917533,2.5274905770353353,perturbed,0,0.05
single,5,0.9999999999999923,0.0,0.28348146411189773,0.7165185358880947,2.5275675012221104,perturbed,0,0.05
single,6,0.9999999999999922,0.0,0.24947388500211565,0.7505261149978766,3.0084355923326878,perturbed,0,0.05
single,7,0.9999999999999925,0.0,0.27057062063291804,0.7294293793670744,2.695892767887346,perturbed,0,0.05
single,8,0.9999999999999923,0.0,0.27065964934931075,0.7293403506506816,2.6946770691681565,perturbed,0,0.05
single,9,0.9999999999999922,0.0,0.2817966990654655,0.7182033009345268,2.548657607829812,perturbed,0,0.05
pair,"0,1",0.9999999999999923,0.0,0.04450569219230038,0.552420601607124,12.412358383737136,perturbed,0,0.05
pair,"0,2",0.9999999999999923,0.0,0.06837951650598181,0.5312565864458759,7.769235782756694,perturbed,0,0.05
pair,"0,3",0.9999999999999922,0.0,0.07091270693522558,0.5430814445435648,7.658450340072851,perturbed,0,0.05
pair,"0,4",0.9999999999999923,0.0,0.08597834568111826,0.5227499668385787,6.080018901240385,perturbed,0,0.05
pair,"0,5",0.9999999999999923,0.0,0.09075967468955383,0.5318690742808534,5.86019150134823,perturbed,0,0.05
pair,"0,6",0.9999999999999922,0.0,0.09097138747176639,0.5660291676392465,6.222057103558167,perturbed,0,0.05
pair,"0,7",0.9999999999999922,0.0,0.0863285547799439,0.5358273459012698,6.206837902790361,perturbed,0,0.05
pair,"0,8",0.9999999999999922,0.0,0.07771881725523634,0.5252920516272518,6.758878611110876,perturbed,0,0.05
pair,"0,9",0.9999999999999922,0.0,0.07921193029629015,0.5162040863266996,6.516746712216856,perturbed,0,0.05
pair,"1,2",0.9999999999999923,0.0,0.04250698720272712,0.5507390157017228,12.95643497562182,perturbed,0,0.05
pair,"1,3",0.9999999999999922,0.0,0.06706598326828411,0.5622802710184702,8.38398609275853,perturbed,0,0.05
pair,"1,4",0.9999999999999923,0.0,0.07017279135034243,0.5558904000216618,7.9217370340356155,perturbed,0,0.05
pair,"1,5",0.9999999999999922,0.0,0.06688866765726047,0.5218155919556622,7.80125558232765,perturbed,0,0.05
pair,"1,6",0.9999999999999922,0.0,0.06637203319741505,0.5483480861801544,8.261734043149827,perturbed,0,0.05
pair,"1,7",0.9999999999999922,0.0,0.07853310142558871,0.5405765848229978,6.883423359195895,perturbed,0,0.05
pair,"1,8",0.9999999999999922,0.0,0.0770664840071256,0.537127726404012,6.969666948272208,perturbed,0,0.05
pair,"1,9",0.9999999999999922,0.0,0.07772929699715367,0.5252657165397964,6.757628549747862,perturbed,0,0.05
pair,"2,3",0.9999999999999922,0.0,0.015387384834699288,0.6629477376021687,43.083847237458436,perturbed,0,0.05
pair,"2,4",0.9999999999999923,0.0,0.042679976047008544,0.5436791675394912,12.738506857189249,perturbed,0,0.05
pair,"2,5",0.9999999999999925,0.0,0.07288119220526403,0.5389426130893104,7.3948106058888525,perturbed,0,0.05
pair,"2,6",0.9999999999999923,0.0,0.0681429915709003,0.5490893382024085,8.05789892025948,perturbed,0,0.05
pair,"2,7",0.9999999999999923,0.0,0.07550307363449882,0.5348630495744984,7.083990410293827,perturbed,0,0.05
pair,"2,8",0.9999999999999921,0.0,0.07842680955455794,0.5405521732158559,6.8924411981826,perturbed,0,0.05
pair,"2,9",0.9999999999999922,0.0,0.08602661028229351,0.5358255824080547,6.2286027619798165,perturbed,0,0.05
pair,"3,4",0.9999999999999922,0.0,0.034215154620618915,0.6013034603514281,17.57418509484296,perturbed,0,0.05
pair,"3,5",0.9999999999999922,0.0,0.0643110101485271,0.5446718135178964,8.46934004395157,perturbed,0,0.05
pair,"3,6",0.9999999999999923,0.0,0.0613671739863037,0.5675363045814588,9.24820661789192,perturbed,0,0.05
pair,"3,7",0.9999999999999922,0.0,0.06813532206877629,0.5491280920527484,8.059374717543045,perturbed,0,0.05
pair,"3,8",0.9999999999999921,0.0,0.06637334345900299,0.548326972445962,8.261252844444225,perturbed,0,0.05
pair,"3,9",0.9999999999999922,0.0,0.09093565219560285,0.5659948785486806,6.224125135554359,perturbed,0,0.05
pair,"4,5",0.9999999999999922,0.0,0.047390512175923355,0.5530656905019415,11.67038854631593,perturbed,0,0.05
pair,"4,6",0.9999999999999922,0.0,0.0642841440678887,0.5447258518639958,8.473720227008483,perturbed,0,0.05
pair,"4,7",0.9999999999999925,0.0,0.07283662626586533,0.5390482472948522,7.4007854966708635,perturbed,0,0.05
pair,"4,8",0.9999999999999923,0.0,0.06686400434455901,0.5218540532000469,7.804708352656599,perturbed,0,0.05
pair,"4,9",0.9999999999999923,0.0,0.09075141924889527,0.5318772906848441,5.860815126495322,perturbed,0,0.05
pair,"5,6",0.9999999999999922,0.0,0.03418252537847268,0.6014123115127377,17.594145103494675,perturbed,0,0.05
pair,"5,7",0.9999999999999923,0.0,0.04259968835107974,0.5438045639679348,12.765458739656516,perturbed,0,0.05
pair,"5,8",0.9999999999999921,0.0,0.07011967832125336,0.5559718001104339,7.928898326704362,perturbed,0,0.05
pair,"5,9",0.9999999999999922,0.0,0.08597294557397674,0.5227593700476749,6.080510171631361,perturbed,0,0.05
pair,"6,7",0.9999999999999922,0.0,0.01528229409515122,0.6632580260298786,43.40042286192605,perturbed,0,0.05
pair,"6,8",0.9999999999999922,0.0,0.06702703960262707,0.5623823538126665,8.390380317358137,perturbed,0,0.05
pair,"6,9",0.9999999999999921,0.0,0.07089035825850025,0.5431353688322238,7.661625391307683,perturbed,0,0.05
pair,"7,8",0.9999999999999922,0.0,0.04244853539870839,0.5508730781196948,12.97743427294918,perturbed,0,0.05
pair,"7,9",0.9999999999999921,0.0,0.06834016764581131,0.531354855348013,7.775147086291653,perturbed,0,0.05
pair,"8,9",0.9999999999999922,0.0,0.04449691943353958,0.5524384661869418,12.41520701252278,perturbed,0,0.05
modular_A,"0,1,2,3",0.9999999999999922,4.9871708960116853e-17,0.0003064695095582409,0.38291067164989395,1249.4250152383472,perturbed,0,0.05
single,0,0.999999999999992,0.0,0.28180072309649384,0.7181992769034982,2.548606934048119,perturbed,1,0.05
single,1,0.9999999999999919,0.0,0.2708155433501909,0.7291844566498009,2.692550241501073,perturbed,1,0.05
single,2,0.9999999999999918,0.0,0.2705558402751466,0.7294441597248452,2.6960946730369,perturbed,1,0.05
single,3,0.9999999999999917,0.0,0.24950492590426526,0.7504950740957265,3.00793690295193,perturbed,1,0.05
single,4,0.9999999999999916,0.0,0.2835120576234266,0.7164879423765649,2.5271868448298456,perturbed,1,0.05
single,5,0.9999999999999916,0.0,0.2834850338942753,0.7165149661057162,2.5275230803645803,perturbed,1,0.05
single,6,0.9999999999999918,0.0,0.24947391985413495,0.7505260801458569,3.008435032345996,perturbed,1,0.05
single,7,0.9999999999999918,0.0,0.2705706202990402,0.7294293797009516,2.6958927724479884,perturbed,1,0.05
single,8,0.9999999999999918,0.0,0.2706596493493105,0.7293403506506813,2.6946770691681574,perturbed,1,0.05
single,9,0.9999999999999918,0.0,0.28179669906546523,0.7182033009345266,2.548657607829814,perturbed,1,0.05
pair,"0,1",0.9999999999999918,0.0,0.04451263798559678,0.5523952520748538,12.40985205715275,perturbed,1,0.05
pair,"0,2",0.9999999999999919,0.0,0.06832531883733037,0.5313959343662354,7.777438047986112,perturbed,1,0.05
pair,"0,3",0.9999999999999918,0.0,0.07088595554457931,0.5431219204029059,7.6619115342438056,perturbed,1,0.05
pair,"0,4",0.9999999999999918,0.0,0.0859699362102566,0.5227354575945327,6.080444869891249,perturbed,1,0.05
pair,"0,5",0.9999999999999917,0.0,0.0907581455351164,0.531866562238299,5.86026255938105,perturbed,1,0.05
pair,"0,6",0.9999999999999919,0.0,0.0909689165362568,0.5660287251355562,6.2222212453190915,perturbed,1,0.05
pair,"0,7",0.9999999999999919,0.0,0.08632593674435535,0.5358260847668745,6.207011530655773,perturbed,1,0.05
pair,"0,8",0.9999999999999918,0.0,0.07771809995301496,0.5252922864300824,6.7589440136551415,perturbed,1,0.05
pair,"0,9",0.9999999999999919,0.0,0.07921160760364959,0.5162045487542029,6.5167790980474845,perturbed,1,0.05
pair,"1,2",0.9999999999999919,0.0,0.0424915992544449,0.5508187885680481,12.963004411052587,perturbed,1,0.05
pair,"1,3",0.9999999999999917,0.0,0.06706049689826543,0.5622334838502783,8.383974319534468,perturbed,1,0.05
pair,"1,4",0.9999999999999918,0.0,0.0701778207626828,0.555802573286939,7.9199178208521435,perturbed,1,0.05
pair,"1,5",0.9999999999999917,0.0,0.06692250418308629,0.5217460348164994,7.796271839874803,perturbed,1,0.05
pair,"1,6",0.9999999999999919,0.0,0.06640047640183687,0.5482711242283658,8.257036002428421,perturbed,1,0.05
pair,"1,7",0.9999999999999918,0.0,0.07854139146086042,0.5405005669932285,6.881728944954794,perturbed,1,0.05
pair,"1,8",0.9999999999999918,0.0,0.07703589672333457,0.5370611229307849,6.971569693795832,perturbed,1,0.05
pair,"1,9",0.9999999999999918,0.0,0.07771053855934039,0.5251994654568702,6.758407227557994,perturbed,1,0.05
pair,"2,3",0.9999999999999918,0.0,0.015288122288354506,0.6632609045826074,43.384065882821744,perturbed,1,0.05
pair,"2,4",0.9999999999999918,0.0,0.042615087510799086,0.5437831319220193,12.76034296032407,perturbed,1,0.05
pair,"2,5",0.9999999999999916,0.0,0.07284116569873912,0.5390508314126607,7.400359758685077,perturbed,1,0.05
pair,"2,6",0.9999999999999918,0.0,0.06811241529611713,0.5491974306286561,8.063103154410737,perturbed,1,0.05
pair,"2,7",0.9999999999999916,0.0,0.07548504361621876,0.5349654716225207,7.087039312613946,perturbed,1,0.05
pair,"2,8",0.9999999999999917,0.0,0.07851828693292719,0.5406219459354618,6.885299807894156,perturbed,1,0.05
pair,"2,9",0.9999999999999917,0.0,0.08632362038830138,0.5358436553176316,6.207381628658491,perturbed,1,0.05
pair,"3,4",0.9999999999999916,0.0,0.03421016868775686,0.6013420273757734,17.577873785550253,perturbed,1,0.05
pair,"3,5",0.9999999999999918,0.0,0.06429848484074632,0.5447031194162303,8.471476750429565,perturbed,1,0.05
pair,"3,6",0.9999999999999918,0.0,0.061355171227705674,0.5675709873485137,9.250581100036442,perturbed,1,0.05
pair,"3,7",0.9999999999999919,0.0,0.06812007202737436,0.5491646301877887,8.061715348261881,perturbed,1,0.05
pair,"3,8",0.9999999999999918,0.0,0.06635585951265328,0.5483638373621585,8.263985145992901,perturbed,1,0.05
pair,"3,9",0.9999999999999918,0.0,0.09089042148243777,0.5660295845325913,6.22760435368827,perturbed,1,0.05
pair,"4,5",0.9999999999999916,0.0,0.047402136538116195,0.5530265746231714,11.666701440313373,perturbed,1,0.05
pair,"4,6",0.9999999999999918,0.0,0.0642926477779554,0.544707839471504,8.47231928217884,perturbed,1,0.05
pair,"4,7",0.9999999999999918,0.0,0.07284501899422774,0.539032708626372,7.399719515058196,perturbed,1,0.05
pair,"4,8",0.9999999999999918,0.0,0.06687143757286775,0.5218428888801983,7.8036738527052325,perturbed,1,0.05
pair,"4,9",0.9999999999999918,0.0,0.09075098854593784,0.5318717863886784,5.860782289103624,perturbed,1,0.05
pair,"5,6",0.9999999999999916,0.0,0.034183102457071186,0.6014084188897354,17.59373420376379,perturbed,1,0.05
pair,"5,7",0.9999999999999917,0.0,0.04260005107627242,0.5438035327623596,12.765325839368533,perturbed,1,0.05
pair,"5,8",0.9999999999999917,0.0,0.07011983292581689,0.5559710756226399,7.92887051243873,perturbed,1,0.05
pair,"5,9",0.9999999999999917,0.0,0.08596586785412323,0.5227615711877629,6.081036395454587,perturbed,1,0.05
pair,"6,7",0.9999999999999919,0.0,0.015282288993680185,0.66325801943711,43.40043691827793,perturbed,1,0.05
pair,"6,8",0.9999999999999917,0.0,0.06702696795942543,0.5623824094282468,8.390390115344069,perturbed,1,0.05
pair,"6,9",0.9999999999999918,0.0,0.0708903102153874,0.5431354112144389,7.661631181528477,perturbed,1,0.05
pair,"7,8",0.9999999999999918,0.0,0.04244853495064761,0.5508730793422197,12.97743443873121,perturbed,1,0.05
pair,"7,9",0.9999999999999919,0.0,0.06834016713270268,0.5313548566312333,7.775147163445627,perturbed,1,0.05
pair,"8,9",0.9999999999999918,0.0,0.0444969194335395,0.5524384661869417,12.415207012522801,perturbed,1,0.05
modular_A,"0,1,2,3",0.9999999999999918,6.207888287904205e-17,0.0003090115794921904,0.3830434953724366,1239.5765103751305,perturbed,1,0.05
single,0,0.9999999999999917,0.0,0.28186318884689954,0.7181368111530921,2.5478205014673434,perturbed,2,0.05
single,1,0.9999999999999917,0.0,0.2706036670718198,0.7293963329281719,2.695441421104562,perturbed,2,0.05
single,2,0.9999999999999919,0.0,0.2706008224684485,0.7293991775315434,2.6954802682338106,perturbed,2,0.05
single,3,0.999999999999992,0.0,0.24950956227713808,0.750490437722854,3.007862427690289,perturbed,2,0.05
single,4,0.9999999999999918,0.0,0.28351052247884717,0.7164894775211446,2.5272059437391854,perturbed,2,0.05
single,5,0.9999999999999918,0.0,0.2835114441722728,0.716488555827719,2.5271944768210206,perturbed,2,0.05
single,6,0.9999999999999916,0.0,0.2494773342130681,0.7505226657869235,3.0083801727091313,perturbed,2,0.05
single,7,0.999999999999992,0.0,0.27057056643630256,0.7294294335636895,2.6958935081928472,perturbed,2,0.05
single,8,0.9999999999999918,0.0,0.27065964765686884,0.7293403523431229,2.694677092271067,perturbed,2,0.05
single,9,0.9999999999999918,0.0,0.2817966990654652,0.7182033009345266,2.5486576078298144,perturbed,2,0.05
pair,"0,1",0.9999999999999918,0.0,0.04452304543443721,0.5525327384983009,12.410039185480644,perturbed,2,0.05
pair,"0,2",0.9999999999999918,0.0,0.06837045251479605,0.5313170761087616,7.771150497998813,perturbed,2,0.05
pair,"0,3",0.9999999999999919,0.0,0.07090247762970044,0.543056019216551,7.659196651106442,perturbed,2,0.05
pair,"0,4",0.9999999999999918,0.0,0.08597383541556103,0.522678122741788,6.079502213846618,perturbed,2,0.05
pair,"0,5",0.9999999999999918,0.0,0.09073429305120337,0.5317842163483579,5.860895571735599,perturbed,2,0.05
pair,"0,6",0.9999999999999918,0.0,0.09090153327199006,0.5659423266424783,6.2258831756896775,perturbed,2,0.05
pair,"0,7",0.9999999999999918,0.0,0.08630401461144283,0.5357792848588298,6.208045909231576,perturbed,2,0.05
pair,"0,8",0.9999999999999916,0.0,0.0777150476158618,0.525253295454634,6.758707760830461,perturbed,2,0.05
pair,"0,9",0.9999999999999918,0.0,0.07922391947998196,0.5161621221661981,6.515230823648156,perturbed,2,0.05
pair,"1,2",0.9999999999999918,0.0,0.042453870242822066,0.5509300064609759,12.977144446662669,perturbed,2,0.05
pair,"1,3",0.9999999999999919,0.0,0.0670305814168469,0.5624055038653569,8.390282345425199,perturbed,2,0.05
pair,"1,4",0.9999999999999918,0.0,0.07012100430617813,0.5559917706249122,7.929033192354401,perturbed,2,0.05
pair,"1,5",0.9999999999999918,0.0,0.06686013368957952,0.5218717217616209,7.805424442980992,perturbed,2,0.05
pair,"1,6",0.9999999999999918,0.0,0.06634466350018758,0.5484175182126908,8.266188857995191,perturbed,2,0.05
pair,"1,7",0.9999999999999919,0.0,0.078511487591038,0.540656437343299,6.886335413227024,perturbed,2,0.05
pair,"1,8",0.9999999999999918,0.0,0.07704115945202632,0.5372017294040167,6.972918544126186,perturbed,2,0.05
pair,"1,9",0.9999999999999918,0.0,0.07770158218038771,0.5253360533165461,6.760944096311383,perturbed,2,0.05
pair,"2,3",0.999999999999992,0.0,0.015300893496377296,0.6632299931152551,43.34583423329391,perturbed,2,0.05
pair,"2,4",0.9999999999999918,0.0,0.04262516970104034,0.5437579004544798,12.75673280055489,perturbed,2,0.05
pair,"2,5",0.9999999999999918,0.0,0.07286323495250231,0.5389967033491219,7.397375421232397,perturbed,2,0.05
pair,"2,6",0.9999999999999917,0.0,0.06812627009499599,0.5491639134384199,8.06097137965516,perturbed,2,0.05
pair,"2,7",0.9999999999999919,0.0,0.07549799930315881,0.534936332742676,7.085437199397342,perturbed,2,0.05
pair,"2,8",0.9999999999999917,0.0,0.07852285544208401,0.5405915301946178,6.884511867927945,perturbed,2,0.05
pair,"2,9",0.9999999999999916,0.0,0.0863101430410631,0.535816759768743,6.2080392974649765,perturbed,2,0.05
pair,"3,4",0.999999999999992,0.0,0.03420587126073325,0.6013713657400935,17.580939867198758,perturbed,2,0.05
pair,"3,5",0.999999999999992,0.0,0.06429889417753634,0.5446799033442796,8.47106175481585,perturbed,2,0.05
pair,"3,6",0.999999999999992,0.0,0.0613613550887637,0.5675680189659715,9.249600471582527,perturbed,2,0.05
pair,"3,7",0.9999999999999919,0.0,0.06812490764282682,0.5491589001702286,8.061059004284052,perturbed,2,0.05
pair,"3,8",0.9999999999999918,0.0,0.06636877629699953,0.5483564265443376,8.262265136401624,perturbed,2,0.05
pair,"3,9",0.9999999999999919,0.0,0.09096550848877367,0.5660172794551691,6.222328538129625,perturbed,2,0.05
pair,"4,5",0.999999999999992,0.0,0.04741400054618359,0.5530148974824356,11.663535898932883,perturbed,2,0.05
pair,"4,6",0.999999999999992,0.0,0.06429571879669915,0.5447031025552148,8.471840936681138,perturbed,2,0.05
pair,"4,7",0.999999999999992,0.0,0.07285091641155579,0.5390226022093766,7.398981766602397,perturbed,2,0.05
pair,"4,8",0.9999999999999918,0.0,0.06687590319709324,0.5218371438910268,7.803066858822003,perturbed,2,0.05
pair,"4,9",0.9999999999999918,0.0,0.09075739324087884,0.5318668977230319,5.860314831998381,perturbed,2,0.05
pair,"5,6",0.9999999999999918,0.0,0.034191349053570685,0.6013612906178831,17.5881124104134,perturbed,2,0.05
pair,"5,7",0.9999999999999919,0.0,0.04260566153169191,0.5437842513272555,12.76319230304089,perturbed,2,0.05
pair,"5,8",0.9999999999999918,0.0,0.07012531249345529,0.5559588354256979,7.928076405756978,perturbed,2,0.05
pair,"5,9",0.9999999999999919,0.0,0.08596479090647018,0.5227584583761475,6.08107636700832,perturbed,2,0.05
pair,"6,7",0.9999999999999919,0.0,0.015282521486545127,0.6632544185739477,43.39954104811061,perturbed,2,0.05
pair,"6,8",0.9999999999999918,0.0,0.06702592983864447,0.5623829721319423,8.390528463921358,perturbed,2,0.05
pair,"6,9",0.9999999999999918,0.0,0.07089000694783505,0.5431353348507976,7.661662880784704,perturbed,2,0.05
pair,"7,8",0.9999999999999918,0.0,0.04244842343526662,0.5508734161224808,12.97747646535228,perturbed,2,0.05
pair,"7,9",0.9999999999999919,0.0,0.0683400147477302,0.5313552369611678,7.775170065774911,perturbed,2,0.05
pair,"8,9",0.999999999999992,0.0,0.04449691745903928,0.552438472169779,12.41520769788862,perturbed,2,0.05
modular_A,"0,1,2,3",0.9999999999999918,7.375284780261066e-17,0.0003110162613959704,0.3831207818952396,1231.835210723819,perturbed,2,0.05
single,0,0.9999999999999913,0.0,0.2813860033779596,0.7186139966220317,2.5538370352301585,perturbed,3,0.05
single,1,0.9999999999999916,0.0,0.27061392629747244,0.7293860737025191,2.695301323483039,perturbed,3,0.05
single,2,0.9999999999999919,0.0,0.27059524316698746,0.7294047568330044,2.6955564639504037,perturbed,3,0.05
single,3,0.9999999999999918,0.0,0.24950945087230725,0.7504905491276845,3.0078642171825667,perturbed,3,0.05
single,4,0.9999999999999917,0.0,0.2835179275860348,0.7164820724139569,2.5271138178609083,perturbed,3,0.05
single,5,0.9999999999999918,0.0,0.28351052323161147,0.7164894767683803,2.5272059343739084,perturbed,3,0.05
single,6,0.9999999999999916,0.0,0.2495033967383728,0.7504966032616187,3.007961466947816,perturbed,3,0.05
single,7,0.9999999999999918,0.0,0.2705707782729766,0.7294292217270151,2.6958906145847723,perturbed,3,0.05
single,8,0.9999999999999915,0.0,0.27065915387751815,0.7293408461224733,2.694683832686934,perturbed,3,0.05
single,9,0.9999999999999917,0.0,0.2817966897253933,0.7182033102745984,2.5486577254490705,perturbed,3,0.05
pair,"0,1",0.9999999999999917,0.0,0.044421730204700256,0.5528678452479674,12.445887242579051,perturbed,3,0.05
pair,"0,2",0.9999999999999916,0.0,0.06824692042333674,0.5316572018323151,7.790200620547227,perturbed,3,0.05
pair,"0,3",0.9999999999999916,0.0,0.07081609354513657,0.543436998088194,7.67391945648371,perturbed,3,0.05
pair,"0,4",0.9999999999999916,0.0,0.08585975024542769,0.5230258317214656,6.0916300155359275,perturbed,3,0.05
pair,"0,5",0.9999999999999916,0.0,0.09059313509843171,0.5321050103114755,5.873568783477137,perturbed,3,0.05
pair,"0,6",0.9999999999999915,0.0,0.09071331596414929,0.5662305713081521,6.241978537439106,perturbed,3,0.05
pair,"0,7",0.9999999999999916,0.0,0.08612657464254023,0.5360924440416546,6.224471903900194,perturbed,3,0.05
pair,"0,8",0.9999999999999915,0.0,0.07757749213972957,0.5256017326559387,6.775183344535619,perturbed,3,0.05
pair,"0,9",0.9999999999999915,0.0,0.07908755941924099,0.5165059688927653,6.530811832930402,perturbed,3,0.05
pair,"1,2",0.9999999999999916,0.0,0.04245732137865714,0.5509183630430466,12.975815363613298,perturbed,3,0.05
pair,"1,3",0.9999999999999916,0.0,0.06702359360563605,0.5623909028850005,8.3909392593015,perturbed,3,0.05
pair,"1,4",0.9999999999999916,0.0,0.07012289003074802,0.555970463829654,7.928516117716594,perturbed,3,0.05
pair,"1,5",0.9999999999999917,0.0,0.06688810132862515,0.5218993000377602,7.8025730985192485,perturbed,3,0.05
pair,"1,6",0.9999999999999915,0.0,0.06634994081615797,0.5483896648670161,8.265111590475883,perturbed,3,0.05
pair,"1,7",0.9999999999999916,0.0,0.07848288506735375,0.5406292932698002,6.888499228918942,perturbed,3,0.05
pair,"1,8",0.9999999999999915,0.0,0.07702297224202992,0.5371961853246303,6.974493059506901,perturbed,3,0.05
pair,"1,9",0.9999999999999913,0.0,0.07769025545063558,0.525333251612395,6.761893735131196,perturbed,3,0.05
pair,"2,3",0.9999999999999918,0.0,0.015297976665348509,0.6632294069452499,43.354060569822465,perturbed,3,0.05
pair,"2,4",0.9999999999999918,0.0,0.042633893499311,0.5437515047634575,12.753972488396935,perturbed,3,0.05
pair,"2,5",0.9999999999999918,0.0,0.07286194489527244,0.5390175532970223,7.39779255236427,perturbed,3,0.05
pair,"2,6",0.9999999999999918,0.0,0.06812682118571486,0.5491436798286853,8.060609173760072,perturbed,3,0.05
pair,"2,7",0.9999999999999918,0.0,0.07549227524403418,0.5349311248543801,7.085905453573587,perturbed,3,0.05
pair,"2,8",0.9999999999999916,0.0,0.07852701333370164,0.5405956868503518,6.88420027580933,perturbed,3,0.05
pair,"2,9",0.9999999999999916,0.0,0.08632212677965635,0.5358198120855883,6.207212821033803,perturbed,3,0.05
pair,"3,4",0.9999999999999916,0.0,0.03420464391171473,0.601378896981019,17.581790897552747,perturbed,3,0.05
pair,"3,5",0.9999999999999918,0.0,0.06430504067546164,0.5446865250044444,8.470355034116213,perturbed,3,0.05
pair,"3,6",0.9999999999999916,0.0,0.061363739895250624,0.5675446597266822,9.248860331777276,perturbed,3,0.05
pair,"3,7",0.9999999999999917,0.0,0.06812538658004662,0.5491631103657064,8.061064133859196,perturbed,3,0.05
pair,"3,8",0.9999999999999916,0.0,0.06636815142035159,0.5483572980720818,8.262356059896671,perturbed,3,0.05
pair,"3,9",0.9999999999999915,0.0,0.0909667454590155,0.5660153921187084,6.222223179059684,perturbed,3,0.05
pair,"4,5",0.9999999999999916,0.0,0.047412526252465004,0.5530326127364505,11.664272217675768,perturbed,3,0.05
pair,"4,6",0.9999999999999916,0.0,0.06430158539870437,0.5446828255417895,8.470752659743354,perturbed,3,0.05
pair,"4,7",0.9999999999999913,0.0,0.07286795779975523,0.539028485385521,7.397332128708726,perturbed,3,0.05
pair,"4,8",0.9999999999999916,0.0,0.06688440968348049,0.5218314005889871,7.801988580873611,perturbed,3,0.05
pair,"4,9",0.9999999999999915,0.0,0.09075961030765904,0.5318586315222343,5.8600805988404705,perturbed,3,0.05
pair,"5,6",0.9999999999999917,0.0,0.0342022864529058,0.601344814117443,17.582006248192016,perturbed,3,0.05
pair,"5,7",0.9999999999999916,0.0,0.04261602785358908,0.5437647230562037,12.759629426852094,perturbed,3,0.05
pair,"5,8",0.9999999999999916,0.0,0.07014037993515046,0.5559387457882683,7.926086888925771,perturbed,3,0.05
pair,"5,9",0.9999999999999913,0.0,0.08596391322841879,0.5227562785136673,6.081113095964197,perturbed,3,0.05
pair,"6,7",0.9999999999999918,0.0,0.015287207403432661,0.6632039720697034,43.38293807152669,perturbed,3,0.05
pair,"6,8",0.9999999999999916,0.0,0.06702769902603656,0.5623799488464297,8.39026189199746,perturbed,3,0.05
pair,"6,9",0.9999999999999915,0.0,0.07089393218173212,0.543128547711808,7.661142935611643,perturbed,3,0.05
pair,"7,8",0.9999999999999918,0.0,0.042446086610466775,0.5508827406282508,12.978410605523495,perturbed,3,0.05
pair,"7,9",0.9999999999999916,0.0,0.0683351804703261,0.5313675064902323,7.775899658609573,perturbed,3,0.05
pair,"8,9",0.9999999999999916,0.0,0.044496369574456414,0.5524402980780079,12.41540160155317,perturbed,3,0.05
modular_A,"0,1,2,3",0.9999999999999917,5.854937679526352e-17,0.0003121965935032844,0.38332670493778553,1227.8375642614205,perturbed,3,0.05
single,0,0.9999999999999919,0.0,0.28169608698964366,0.7183039130103482,2.5499250652947696,perturbed,4,0.05
single,1,0.9999999999999918,0.0,0.2705792450664027,0.7294207549335892,2.695774965129282,perturbed,4,0.05
single,2,0.9999999999999918,0.0,0.2705882309004115,0.7294117690995803,2.6956522339215714,perturbed,4,0.05
single,3,0.9999999999999919,0.0,0.24950997484911475,0.750490025150877,3.007855800573577,perturbed,4,0.05
single,4,0.9999999999999917,0.0,0.2835170095406794,0.7164829904593123,2.527125238870405,perturbed,4,0.05
single,5,0.999999999999992,0.0,0.283517928975905,0.716482071024087,2.5271138005701848,perturbed,4,0.05
single,6,0.9999999999999918,0.0,0.24950296629537605,0.7504970337046157,3.007968381490639,perturbed,4,0.05
single,7,0.999999999999992,0.0,0.2705823841404237,0.7294176158595683,2.695732089791269,perturbed,4,0.05
single,8,0.9999999999999918,0.0,0.27064326200480077,0.7293567379951911,2.6949007804312286,perturbed,4,0.05
single,9,0.999999999999992,0.0,0.2817937740220532,0.7182062259779387,2.548694443198493,perturbed,4,0.05
pair,"0,1",0.9999999999999918,0.0,0.04445063154501449,0.5527748565006565,12.435703099985648,perturbed,4,0.05
pair,"0,2",0.9999999999999919,0.0,0.06832639678895899,0.5314376232471489,7.777925490328579,perturbed,4,0.05
pair,"0,3",0.9999999999999918,0.0,0.07086624143226117,0.5431803062218156,7.664866870934938,perturbed,4,0.05
pair,"0,4",0.9999999999999917,0.0,0.08594541785456875,0.5228184452891315,6.0831450743983915,perturbed,4,0.05
pair,"0,5",0.9999999999999919,0.0,0.09074926825681048,0.5319392613233069,5.861636920509123,perturbed,4,0.05
pair,"0,6",0.9999999999999917,0.0,0.0909619966472001,0.5661076899598945,6.223562705594148,perturbed,4,0.05
pair,"0,7",0.9999999999999918,0.0,0.08630586542048115,0.5358966605920177,6.209272776318684,perturbed,4,0.05
pair,"0,8",0.9999999999999919,0.0,0.0776878526587669,0.525387106422255,6.762796092845361,perturbed,4,0.05
pair,"0,9",0.9999999999999918,0.0,0.07918108528354315,0.5162842118876327,6.520297240671142,perturbed,4,0.05
pair,"1,2",0.9999999999999919,0.0,0.04245093071324258,0.5509306585121758,12.97805841369487,perturbed,4,0.05
pair,"1,3",0.9999999999999919,0.0,0.06701589949333177,0.5624235177901773,8.39238929929068,perturbed,4,0.05
pair,"1,4",0.9999999999999918,0.0,0.07010909938583999,0.5559720410222978,7.930098174026581,perturbed,4,0.05
pair,"1,5",0.9999999999999918,0.0,0.06689112115003792,0.5219225849144544,7.80256894997728,perturbed,4,0.05
pair,"1,6",0.9999999999999917,0.0,0.06636381858012225,0.5484507376093144,8.264303491625634,perturbed,4,0.05
pair,"1,7",0.9999999999999918,0.0,0.07850204496538603,0.5406539010172952,6.887131427667727,perturbed,4,0.05
pair,"1,8",0.9999999999999918,0.0,0.07702561259568759,0.5372321685736445,6.974721141052274,perturbed,4,0.05
pair,"1,9",0.9999999999999918,0.0,0.07768754956305424,0.5253612341171952,6.762489447434451,perturbed,4,0.05
pair,"2,3",0.9999999999999918,0.0,0.01529420583914519,0.6632133047944171,43.36369679927655,perturbed,4,0.05
pair,"2,4",0.9999999999999916,0.0,0.042640321838159016,0.5437738975326081,12.752574889009923,perturbed,4,0.05
pair,"2,5",0.9999999999999917,0.0,0.07285148115323438,0.5390069989212373,7.398710230578573,perturbed,4,0.05
pair,"2,6",0.9999999999999917,0.0,0.06813124098844163,0.5491650851625883,8.06040044472041,perturbed,4,0.05
pair,"2,7",0.9999999999999918,0.0,0.0754968957738588,0.5349383957023841,7.085568091497734,perturbed,4,0.05
pair,"2,8",0.9999999999999918,0.0,0.07851801799362275,0.5406164170769584,6.885252976213273,perturbed,4,0.05
pair,"2,9",0.9999999999999919,0.0,0.08631051990525279,0.5358327901499844,6.208197920000874,perturbed,4,0.05
pair,"3,4",0.9999999999999918,0.0,0.03420409871093875,0.601378216713516,17.58205125636567,perturbed,4,0.05
pair,"3,5",0.9999999999999918,0.0,0.06430877656634638,0.5446750069187161,8.4696838596639,perturbed,4,0.05
pair,"3,6",0.9999999999999918,0.0,0.061363327586462936,0.5675486543577126,9.248987574182935,perturbed,4,0.05
pair,"3,7",0.9999999999999918,0.0,0.06813133774913974,0.5491550107455598,8.060241129677419,perturbed,4,0.05
pair,"3,8",0.9999999999999918,0.0,0.06637083305066128,0.5483702331974667,8.262217121470995,perturbed,4,0.05
pair,"3,9",0.9999999999999918,0.0,0.0909601879464128,0.5660187533341539,6.222708704907376,perturbed,4,0.05
pair,"4,5",0.9999999999999917,0.0,0.047413702382846236,0.5530409036543633,11.664157740494181,perturbed,4,0.05
pair,"4,6",0.9999999999999916,0.0,0.06430645015070931,0.5446881479344761,8.470194617459663,perturbed,4,0.05
pair,"4,7",0.9999999999999918,0.0,0.07285030644077535,0.5390034023641957,7.39878016576891,perturbed,4,0.05
pair,"4,8",0.9999999999999917,0.0,0.06686589693955154,0.521832587656492,7.804166421759687,perturbed,4,0.05
pair,"4,9",0.9999999999999919,0.0,0.09075377542768728,0.5318613106882516,5.860486885331171,perturbed,4,0.05
pair,"5,6",0.9999999999999917,0.0,0.03420125101537528,0.6013666343185724,17.58317653492342,perturbed,4,0.05
pair,"5,7",0.9999999999999916,0.0,0.04263868605652132,0.5437914347001044,12.753475423216868,perturbed,4,0.05
pair,"5,8",0.9999999999999918,0.0,0.07015723232610521,0.5559654062076564,7.924562981951955,perturbed,4,0.05
pair,"5,9",0.9999999999999918,0.0,0.0859776988429075,0.5227436503335036,6.079991176416859,perturbed,4,0.05
pair,"6,7",0.9999999999999917,0.0,0.015291513792708737,0.6631874111881269,43.36963757665028,perturbed,4,0.05
pair,"6,8",0.9999999999999918,0.0,0.06702419797561443,0.5623771330611234,8.390658151041723,perturbed,4,0.05
pair,"6,9",0.9999999999999918,0.0,0.07089728772304672,0.5431287471917453,7.660783150314922,perturbed,4,0.05
pair,"7,8",0.9999999999999918,0.0,0.04244887939311824,0.5509072442209456,12.978133983679626,perturbed,4,0.05
pair,"7,9",0.9999999999999917,0.0,0.06832056257726228,0.5314130513544554,7.778230027797145,perturbed,4,0.05
pair,"8,9",0.9999999999999918,0.0,0.04448161904847736,0.5525015644968579,12.420896008635065,perturbed,4,0.05
modular_A,"0,1,2,3",0.9999999999999918,5.328895038319341e-17,0.0003131095708590677,0.38326752668008324,1224.0683848421677,perturbed,4,0.05
single,0,0.9999999999999916,0.0,0.2817937740220529,0.7182062259779386,2.5486944431984946,perturbed,5,0.05
single,1,0.9999999999999917,0.0,0.27064326200480066,0.7293567379951911,2.69490078043123,perturbed,5,0.05
single,2,0.9999999999999916,0.0,0.27058238414042346,0.7294176158595682,2.695732089791271,perturbed,5,0.05
single,3,0.9999999999999913,0.0,0.24950296629537594,0.7504970337046154,3.007968381490639,perturbed,5,0.05
single,4,0.9999999999999916,0.0,0.2835179289759048,0.7164820710240868,2.527113800570186,perturbed,5,0.05
single,5,0.9999999999999916,0.0,0.2835170095406793,0.7164829904593122,2.527125238870405,perturbed,5,0.05
single,6,0.9999999999999918,0.0,0.2495099748491147,0.750490025150877,3.0078558005735774,perturbed,5,0.05
single,7,0.9999999999999917,0.0,0.2705882309004115,0.7294117690995802,2.695652233921571,perturbed,5,0.05
single,8,0.9999999999999917,0.0,0.2705792450664025,0.7294207549335892,2.6957749651292837,perturbed,5,0.05
single,9,0.9999999999999918,0.0,0.28169608698964355,0.7183039130103482,2.549925065294771,perturbed,5,0.05
pair,"0,1",0.9999999999999917,0.0,0.044481619048477264,0.5525015644968577,12.420896008635088,perturbed,5,0.05
pair,"0,2",0.9999999999999917,0.0,0.06832056257726231,0.5314130513544553,7.77823002779714,perturbed,5,0.05
pair,"0,3",0.9999999999999916,0.0,0.07089728772304672,0.5431287471917453,7.660783150314922,perturbed,5,0.05
pair,"0,4",0.9999999999999918,0.0,0.08597769884290744,0.5227436503335036,6.079991176416863,perturbed,5,0.05
pair,"0,5",0.9999999999999916,0.0,0.09075377542768714,0.5318613106882515,5.860486885331179,perturbed,5,0.05
pair,"0,6",0.9999999999999919,0.0,0.09096018794641271,0.5660187533341537,6.22270870490738,perturbed,5,0.05
pair,"0,7",0.9999999999999917,0.0,0.08631051990525274,0.5358327901499843,6.208197920000877,perturbed,5,0.05
pair,"0,8",0.9999999999999917,0.0,0.07768754956305411,0.5253612341171949,6.762489447434459,perturbed,5,0.05
pair,"0,9",0.9999999999999917,0.0,0.07918108528354323,0.5162842118876327,6.520297240671135,perturbed,5,0.05
pair,"1,2",0.9999999999999916,0.0,0.042448879393118116,0.5509072442209454,12.978133983679658,perturbed,5,0.05
pair,"1,3",0.9999999999999916,0.0,0.06702419797561435,0.5623771330611231,8.39065815104173,perturbed,5,0.05
pair,"1,4",0.9999999999999918,0.0,0.0701572323261053,0.555965406207656,7.92456298195194,perturbed,5,0.05
pair,"1,5",0.9999999999999916,0.0,0.06686589693955158,0.521832587656492,7.804166421759683,perturbed,5,0.05
pair,"1,6",0.9999999999999919,0.0,0.06637083305066115,0.5483702331974667,8.262217121471013,perturbed,5,0.05
pair,"1,7",0.9999999999999917,0.0,0.07851801799362286,0.5406164170769584,6.8852529762132635,perturbed,5,0.05
pair,"1,8",0.9999999999999918,0.0,0.0770256125956874,0.5372321685736443,6.974721141052289,perturbed,5,0.05
pair,"1,9",0.9999999999999918,0.0,0.07768785265876696,0.5253871064222546,6.7627960928453525,perturbed,5,0.05
pair,"2,3",0.9999999999999917,0.0,0.015291513792708848,0.663187411188127,43.36963757664997,perturbed,5,0.05
pair,"2,4",0.9999999999999917,0.0,0.04263868605652133,0.5437914347001043,12.75347542321686,perturbed,5,0.05
pair,"2,5",0.9999999999999918,0.0,0.07285030644077534,0.5390034023641957,7.398780165768912,perturbed,5,0.05
pair,"2,6",0.9999999999999918,0.0,0.06813133774913965,0.5491550107455596,8.060241129677426,perturbed,5,0.05
pair,"2,7",0.9999999999999917,0.0,0.07549689577385885,0.5349383957023839,7.085568091497728,perturbed,5,0.05
pair,"2,8",0.9999999999999916,0.0,0.07850204496538586,0.5406539010172952,6.887131427667741,perturbed,5,0.05
pair,"2,9",0.9999999999999918,0.0,0.08630586542048106,0.5358966605920175,6.209272776318688,perturbed,5,0.05
pair,"3,4",0.9999999999999917,0.0,0.034201251015375085,0.6013666343185723,17.583176534923517,perturbed,5,0.05
pair,"3,5",0.9999999999999917,0.0,0.06430645015070946,0.5446881479344763,8.470194617459645,perturbed,5,0.05
pair,"3,6",0.9999999999999918,0.0,0.06136332758646305,0.5675486543577124,9.248987574182914,perturbed,5,0.05
pair,"3,7",0.9999999999999918,0.0,0.06813124098844163,0.5491650851625883,8.06040044472041,perturbed,5,0.05
pair,"3,8",0.9999999999999917,0.0,0.06636381858012225,0.5484507376093144,8.264303491625634,perturbed,5,0.05
pair,"3,9",0.9999999999999918,0.0,0.09096199664720019,0.5661076899598946,6.223562705594143,perturbed,5,0.05
pair,"4,5",0.9999999999999917,0.0,0.04741370238284628,0.5530409036543633,11.66415774049417,perturbed,5,0.05
pair,"4,6",0.9999999999999918,0.0,0.06430877656634654,0.544675006918716,8.46968385966388,perturbed,5,0.05
pair,"4,7",0.9999999999999917,0.0,0.07285148115323441,0.5390069989212373,7.39871023057857,perturbed,5,0.05
pair,"4,8",0.9999999999999916,0.0,0.06689112115003784,0.5219225849144542,7.802568949977286,perturbed,5,0.05
pair,"4,9",0.9999999999999917,0.0,0.09074926825681048,0.5319392613233069,5.861636920509123,perturbed,5,0.05
pair,"5,6",0.9999999999999918,0.0,0.03420409871093865,0.6013782167135158,17.582051256365713,perturbed,5,0.05
pair,"5,7",0.9999999999999919,0.0,0.04264032183815901,0.5437738975326081,12.752574889009924,perturbed,5,0.05
pair,"5,8",0.9999999999999918,0.0,0.07010909938583988,0.5559720410222978,7.930098174026593,perturbed,5,0.05
pair,"5,9",0.9999999999999918,0.0,0.08594541785456877,0.5228184452891319,6.083145074398395,perturbed,5,0.05
pair,"6,7",0.9999999999999918,0.0,0.01529420583914545,0.6632133047944169,43.36369679927581,perturbed,5,0.05
pair,"6,8",0.9999999999999918,0.0,0.06701589949333177,0.5624235177901773,8.39238929929068,perturbed,5,0.05
pair,"6,9",0.9999999999999918,0.0,0.07086624143226133,0.5431803062218156,7.664866870934921,perturbed,5,0.05
pair,"7,8",0.9999999999999918,0.0,0.0424509307132425,0.5509306585121758,12.978058413694894,perturbed,5,0.05
pair,"7,9",0.9999999999999918,0.0,0.06832639678895899,0.5314376232471492,7.777925490328583,perturbed,5,0.05
pair,"8,9",0.9999999999999916,0.0,0.044450631545014586,0.5527748565006565,12.43570309998562,perturbed,5,0.05
modular_A,"0,1,2,3",0.9999999999999918,3.736779505037102e-17,0.0003134585424887397,0.38315615119629454,1222.3503247165725,perturbed,5,0.05
single,0,0.9999999999999919,0.0,0.2817966897253933,0.7182033102745986,2.5486577254490714,perturbed,6,0.05
single,1,0.999999999999992,0.0,0.2706591538775184,0.7293408461224736,2.694683832686933,perturbed,6,0.05
single,2,0.9999999999999918,0.0,0.27057077827297665,0.7294292217270151,2.695890614584772,perturbed,6,0.05
single,3,0.999999999999992,0.0,0.24950339673837305,0.7504966032616189,3.0079614669478136,perturbed,6,0.05
single,4,0.9999999999999918,0.0,0.28351052323161147,0.7164894767683803,2.5272059343739084,perturbed,6,0.05
single,5,0.9999999999999915,0.0,0.2835179275860345,0.7164820724139569,2.527113817860911,perturbed,6,0.05
single,6,0.9999999999999918,0.0,0.2495094508723072,0.7504905491276845,3.0078642171825676,perturbed,6,0.05
single,7,0.9999999999999919,0.0,0.27059524316698746,0.7294047568330044,2.6955564639504037,perturbed,6,0.05
single,8,0.999999999999992,0.0,0.27061392629747255,0.7293860737025194,2.695301323483039,perturbed,6,0.05
single,9,0.9999999999999919,0.0,0.28138600337796,0.718613996622032,2.553837035230156,perturbed,6,0.05
pair,"0,1",0.9999999999999918,0.0,0.04449636957445655,0.5524402980780082,12.415401601553137,perturbed,6,0.05
pair,"0,2",0.9999999999999919,0.0,0.06833518047032626,0.5313675064902323,7.775899658609556,perturbed,6,0.05
pair,"0,3",0.9999999999999918,0.0,0.07089393218173241,0.5431285477118079,7.66114293561161,perturbed,6,0.05
pair,"0,4",0.9999999999999917,0.0,0.08596391322841887,0.5227562785136673,6.081113095964191,perturbed,6,0.05
pair,"0,5",0.9999999999999917,0.0,0.09075961030765907,0.5318586315222346,5.860080598840471,perturbed,6,0.05
pair,"0,6",0.9999999999999918,0.0,0.09096674545901555,0.5660153921187088,6.222223179059684,perturbed,6,0.05
pair,"0,7",0.9999999999999917,0.0,0.08632212677965641,0.5358198120855883,6.2072128210337985,perturbed,6,0.05
pair,"0,8",0.999999999999992,0.0,0.07769025545063568,0.5253332516123954,6.761893735131193,perturbed,6,0.05
pair,"0,9",0.999999999999992,0.0,0.07908755941924091,0.5165059688927655,6.530811832930411,perturbed,6,0.05
pair,"1,2",0.9999999999999918,0.0,0.04244608661046677,0.550882740628251,12.978410605523502,perturbed,6,0.05
pair,"1,3",0.9999999999999918,0.0,0.06702769902603678,0.56237994884643,8.390261891997435,perturbed,6,0.05
pair,"1,4",0.9999999999999918,0.0,0.07014037993515049,0.5559387457882683,7.926086888925768,perturbed,6,0.05
pair,"1,5",0.9999999999999917,0.0,0.06688440968348038,0.521831400588987,7.801988580873623,perturbed,6,0.05
pair,"1,6",0.9999999999999918,0.0,0.06636815142035153,0.5483572980720818,8.262356059896678,perturbed,6,0.05
pair,"1,7",0.9999999999999918,0.0,0.07852701333370161,0.5405956868503519,6.8842002758093335,perturbed,6,0.05
pair,"1,8",0.999999999999992,0.0,0.07702297224203004,0.5371961853246305,6.974493059506892,perturbed,6,0.05
pair,"1,9",0.999999999999992,0.0,0.07757749213972971,0.525601732655939,6.775183344535611,perturbed,6,0.05
pair,"2,3",0.9999999999999919,0.0,0.015287207403432682,0.6632039720697035,43.38293807152663,perturbed,6,0.05
pair,"2,4",0.9999999999999916,0.0,0.04261602785358916,0.5437647230562037,12.75962942685207,perturbed,6,0.05
pair,"2,5",0.9999999999999917,0.0,0.07286795779975518,0.5390284853855212,7.397332128708734,perturbed,6,0.05
pair,"2,6",0.9999999999999918,0.0,0.06812538658004667,0.5491631103657064,8.06106413385919,perturbed,6,0.05
pair,"2,7",0.9999999999999918,0.0,0.07549227524403418,0.5349311248543805,7.085905453573593,perturbed,6,0.05
pair,"2,8",0.999999999999992,0.0,0.0784828850673537,0.5406292932698004,6.888499228918948,perturbed,6,0.05
pair,"2,9",0.9999999999999919,0.0,0.08612657464254028,0.5360924440416548,6.224471903900193,perturbed,6,0.05
pair,"3,4",0.9999999999999917,0.0,0.03420228645290578,0.601344814117443,17.582006248192027,perturbed,6,0.05
pair,"3,5",0.9999999999999916,0.0,0.06430158539870438,0.5446828255417894,8.47075265974335,perturbed,6,0.05
pair,"3,6",0.9999999999999917,0.0,0.06136373989525063,0.5675446597266822,9.248860331777276,perturbed,6,0.05
pair,"3,7",0.9999999999999917,0.0,0.06812682118571481,0.5491436798286853,8.06060917376008,perturbed,6,0.05
pair,"3,8",0.9999999999999919,0.0,0.06634994081615819,0.5483896648670163,8.26511159047586,perturbed,6,0.05
pair,"3,9",0.9999999999999918,0.0,0.09071331596414926,0.5662305713081521,6.241978537439108,perturbed,6,0.05
pair,"4,5",0.9999999999999916,0.0,0.04741252625246509,0.5530326127364505,11.664272217675748,perturbed,6,0.05
pair,"4,6",0.9999999999999917,0.0,0.06430504067546156,0.5446865250044444,8.470355034116224,perturbed,6,0.05
pair,"4,7",0.999999999999992,0.0,0.0728619448952726,0.5390175532970227,7.397792552364259,perturbed,6,0.05
pair,"4,8",0.999999999999992,0.0,0.06688810132862515,0.5218993000377602,7.8025730985192485,perturbed,6,0.05
pair,"4,9",0.9999999999999918,0.0,0.09059313509843173,0.5321050103114756,5.873568783477138,perturbed,6,0.05
pair,"5,6",0.9999999999999918,0.0,0.034204643911714704,0.6013788969810188,17.581790897552754,perturbed,6,0.05
pair,"5,7",0.9999999999999918,0.0,0.042633893499310994,0.5437515047634571,12.75397248839693,perturbed,6,0.05
pair,"5,8",0.999999999999992,0.0,0.0701228900307481,0.5559704638296545,7.928516117716593,perturbed,6,0.05
pair,"5,9",0.9999999999999919,0.0,0.08585975024542775,0.5230258317214654,6.091630015535922,perturbed,6,0.05
pair,"6,7",0.999999999999992,0.0,0.015297976665348633,0.6632294069452503,43.35406056982214,perturbed,6,0.05
pair,"6,8",0.9999999999999918,0.0,0.06702359360563595,0.5623909028850007,8.390939259301515,perturbed,6,0.05
pair,"6,9",0.9999999999999917,0.0,0.0708160935451366,0.5434369980881942,7.67391945648371,perturbed,6,0.05
pair,"7,8",0.9999999999999919,0.0,0.04245732137865721,0.5509183630430465,12.975815363613274,perturbed,6,0.05
pair,"7,9",0.9999999999999918,0.0,0.06824692042333672,0.531657201832315,7.790200620547228,perturbed,6,0.05
pair,"8,9",0.9999999999999918,0.0,0.04442173020470027,0.5528678452479675,12.44588724257905,perturbed,6,0.05
modular_A,"0,1,2,3",0.999999999999992,5.386842973416467e-17,0.00031372775746759784,0.3830654827760706,1221.0124021800464,perturbed,6,0.05
single,0,0.9999999999999916,0.0,0.281796699065465,0.7182033009345266,2.5486576078298158,perturbed,7,0.05
single,1,0.9999999999999918,0.0,0.2706596476568689,0.7293403523431229,2.6946770922710668,perturbed,7,0.05
single,2,0.9999999999999918,0.0,0.27057056643630245,0.7294294335636893,2.6958935081928472,perturbed,7,0.05
single,3,0.9999999999999915,0.0,0.24947733421306817,0.7505226657869233,3.0083801727091295,perturbed,7,0.05
single,4,0.9999999999999916,0.0,0.2835114441722726,0.716488555827719,2.5271944768210224,perturbed,7,0.05
single,5,0.999999999999992,0.0,0.2835105224788474,0.7164894775211447,2.527205943739184,perturbed,7,0.05
single,6,0.9999999999999917,0.0,0.24950956227713783,0.7504904377228538,3.007862427690292,perturbed,7,0.05
single,7,0.9999999999999917,0.0,0.2706008224684484,0.7293991775315433,2.6954802682338115,perturbed,7,0.05
single,8,0.9999999999999918,0.0,0.2706036670718199,0.729396332928172,2.695441421104562,perturbed,7,0.05
single,9,0.9999999999999919,0.0,0.28186318884689965,0.7181368111530922,2.547820501467343,perturbed,7,0.05
pair,"0,1",0.9999999999999916,0.0,0.044496917459039005,0.5524384721697789,12.415207697888695,perturbed,7,0.05
pair,"0,2",0.9999999999999917,0.0,0.06834001474773017,0.5313552369611678,7.7751700657749145,perturbed,7,0.05
pair,"0,3",0.9999999999999916,0.0,0.07089000694783472,0.5431353348507973,7.6616628807847365,perturbed,7,0.05
pair,"0,4",0.9999999999999917,0.0,0.08596479090647026,0.5227584583761478,6.0810763670083166,perturbed,7,0.05
pair,"0,5",0.9999999999999918,0.0,0.09075739324087881,0.5318668977230319,5.860314831998383,perturbed,7,0.05
pair,"0,6",0.9999999999999918,0.0,0.09096550848877363,0.5660172794551692,6.222328538129629,perturbed,7,0.05
pair,"0,7",0.9999999999999917,0.0,0.08631014304106302,0.5358167597687429,6.208039297464981,perturbed,7,0.05
pair,"0,8",0.9999999999999919,0.0,0.0777015821803878,0.5253360533165462,6.760944096311378,perturbed,7,0.05
pair,"0,9",0.999999999999992,0.0,0.07922391947998196,0.5161621221661983,6.515230823648158,perturbed,7,0.05
pair,"1,2",0.9999999999999918,0.0,0.04244842343526657,0.5508734161224808,12.977476465352295,perturbed,7,0.05
pair,"1,3",0.9999999999999916,0.0,0.06702592983864433,0.5623829721319421,8.390528463921372,perturbed,7,0.05
pair,"1,4",0.9999999999999918,0.0,0.07012531249345531,0.5559588354256979,7.9280764057569755,perturbed,7,0.05
pair,"1,5",0.9999999999999918,0.0,0.06687590319709327,0.5218371438910269,7.803066858822001,perturbed,7,0.05
pair,"1,6",0.9999999999999918,0.0,0.06636877629699955,0.5483564265443378,8.262265136401624,perturbed,7,0.05
pair,"1,7",0.9999999999999916,0.0,0.07852285544208412,0.5405915301946178,6.884511867927936,perturbed,7,0.05
pair,"1,8",0.999999999999992,0.0,0.07704115945202626,0.5372017294040163,6.972918544126187,perturbed,7,0.05
pair,"1,9",0.999999999999992,0.0,0.07771504761586184,0.5252532954546341,6.758707760830458,perturbed,7,0.05
pair,"2,3",0.9999999999999918,0.0,0.015282521486545204,0.6632544185739473,43.39954104811037,perturbed,7,0.05
pair,"2,4",0.9999999999999917,0.0,0.042605661531691805,0.5437842513272554,12.763192303040919,perturbed,7,0.05
pair,"2,5",0.999999999999992,0.0,0.07285091641155582,0.5390226022093768,7.398981766602397,perturbed,7,0.05
pair,"2,6",0.9999999999999918,0.0,0.06812490764282701,0.5491589001702285,8.061059004284028,perturbed,7,0.05
pair,"2,7",0.9999999999999918,0.0,0.07549799930315901,0.5349363327426763,7.085437199397327,perturbed,7,0.05
pair,"2,8",0.9999999999999916,0.0,0.07851148759103814,0.5406564373432993,6.886335413227015,perturbed,7,0.05
pair,"2,9",0.9999999999999917,0.0,0.08630401461144291,0.5357792848588298,6.208045909231569,perturbed,7,0.05
pair,"3,4",0.9999999999999913,0.0,0.034191349053570796,0.6013612906178829,17.588112410413338,perturbed,7,0.05
pair,"3,5",0.9999999999999918,0.0,0.06429571879669913,0.5447031025552149,8.471840936681144,perturbed,7,0.05
pair,"3,6",0.9999999999999916,0.0,0.061361355088763725,0.5675680189659713,9.249600471582518,perturbed,7,0.05
pair,"3,7",0.9999999999999918,0.0,0.0681262700949961,0.5491639134384201,8.06097137965515,perturbed,7,0.05
pair,"3,8",0.9999999999999918,0.0,0.06634466350018763,0.5484175182126909,8.266188857995187,perturbed,7,0.05
pair,"3,9",0.9999999999999917,0.0,0.09090153327199009,0.5659423266424786,6.2258831756896775,perturbed,7,0.05
pair,"4,5",0.9999999999999918,0.0,0.04741400054618355,0.5530148974824358,11.663535898932897,perturbed,7,0.05
pair,"4,6",0.9999999999999918,0.0,0.0642988941775363,0.5446799033442797,8.471061754815857,perturbed,7,0.05
pair,"4,7",0.9999999999999917,0.0,0.07286323495250223,0.5389967033491219,7.397375421232405,perturbed,7,0.05
pair,"4,8",0.9999999999999918,0.0,0.06686013368957955,0.5218717217616209,7.805424442980989,perturbed,7,0.05
pair,"4,9",0.9999999999999919,0.0,0.09073429305120329,0.5317842163483582,5.860895571735607,perturbed,7,0.05
pair,"5,6",0.999999999999992,0.0,0.034205871260733295,0.6013713657400934,17.580939867198733,perturbed,7,0.05
pair,"5,7",0.9999999999999919,0.0,0.04262516970104046,0.5437579004544799,12.756732800554857,perturbed,7,0.05
pair,"5,8",0.9999999999999918,0.0,0.07012100430617801,0.5559917706249122,7.929033192354414,perturbed,7,0.05
pair,"5,9",0.9999999999999918,0.0,0.08597383541556114,0.522678122741788,6.07950221384661,perturbed,7,0.05
pair,"6,7",0.9999999999999917,0.0,0.015300893496377045,0.6632299931152549,43.3458342332946,perturbed,7,0.05
pair,"6,8",0.9999999999999918,0.0,0.06703058141684685,0.5624055038653566,8.390282345425199,perturbed,7,0.05
pair,"6,9",0.9999999999999918,0.0,0.07090247762970041,0.5430560192165512,7.659196651106448,perturbed,7,0.05
pair,"7,8",0.9999999999999918,0.0,0.042453870242822135,0.5509300064609761,12.977144446662653,perturbed,7,0.05
pair,"7,9",0.9999999999999918,0.0,0.06837045251479602,0.5313170761087616,7.771150497998817,perturbed,7,0.05
pair,"8,9",0.9999999999999918,0.0,0.044523045434437324,0.5525327384983009,12.410039185480613,perturbed,7,0.05
modular_A,"0,1,2,3",0.9999999999999919,4.9847838253450714e-17,0.00031400528580967,0.3829822580036967,1219.6681881203622,perturbed,7,0.05
single,0,0.999999999999992,0.0,0.28179669906546534,0.7182033009345267,2.548657607829813,perturbed,8,0.05
single,1,0.999999999999992,0.0,0.2706596493493104,0.7293403506506816,2.6946770691681596,perturbed,8,0.05
single,2,0.9999999999999921,0.0,0.2705706202990404,0.7294293797009517,2.6958927724479875,perturbed,8,0.05
single,3,0.9999999999999922,0.0,0.24947391985413497,0.7505260801458572,3.008435032345997,perturbed,8,0.05
single,4,0.999999999999992,0.0,0.2834850338942756,0.7165149661057164,2.5275230803645785,perturbed,8,0.05
single,5,0.999999999999992,0.0,0.28351205762342674,0.7164879423765652,2.5271868448298456,perturbed,8,0.05
single,6,0.9999999999999921,0.0,0.24950492590426526,0.7504950740957268,3.0079369029519314,perturbed,8,0.05
single,7,0.9999999999999921,0.0,0.27055584027514656,0.7294441597248456,2.696094673036902,perturbed,8,0.05
single,8,0.9999999999999921,0.0,0.2708155433501909,0.7291844566498011,2.692550241501074,perturbed,8,0.05
single,9,0.9999999999999921,0.0,0.28180072309649395,0.7181992769034982,2.5486069340481183,perturbed,8,0.05
pair,"0,1",0.9999999999999922,0.0,0.044496919433539624,0.5524384661869421,12.415207012522776,perturbed,8,0.05
pair,"0,2",0.9999999999999921,0.0,0.06834016713270258,0.5313548566312334,7.77514716344564,perturbed,8,0.05
pair,"0,3",0.9999999999999922,0.0,0.07089031021538746,0.5431354112144392,7.6616311815284766,perturbed,8,0.05
pair,"0,4",0.9999999999999922,0.0,0.08596586785412343,0.5227615711877631,6.081036395454576,perturbed,8,0.05
pair,"0,5",0.999999999999992,0.0,0.09075098854593787,0.5318717863886786,5.860782289103625,perturbed,8,0.05
pair,"0,6",0.9999999999999921,0.0,0.09089042148243777,0.5660295845325916,6.227604353688273,perturbed,8,0.05
pair,"0,7",0.9999999999999922,0.0,0.08632362038830133,0.5358436553176319,6.207381628658499,perturbed,8,0.05
pair,"0,8",0.999999999999992,0.0,0.07771053855934058,0.5251994654568707,6.758407227557982,perturbed,8,0.05
pair,"0,9",0.9999999999999921,0.0,0.0792116076036497,0.5162045487542033,6.516779098047481,perturbed,8,0.05
pair,"1,2",0.9999999999999922,0.0,0.04244853495064773,0.5508730793422201,12.977434438731182,perturbed,8,0.05
pair,"1,3",0.9999999999999922,0.0,0.06702696795942555,0.5623824094282472,8.390390115344061,perturbed,8,0.05
pair,"1,4",0.9999999999999921,0.0,0.07011983292581683,0.5559710756226403,7.928870512438742,perturbed,8,0.05
pair,"1,5",0.999999999999992,0.0,0.0668714375728678,0.5218428888801987,7.8036738527052325,perturbed,8,0.05
pair,"1,6",0.9999999999999922,0.0,0.06635585951265315,0.5483638373621589,8.263985145992924,perturbed,8,0.05
pair,"1,7",0.9999999999999921,0.0,0.07851828693292716,0.540621945935462,6.885299807894161,perturbed,8,0.05
pair,"1,8",0.9999999999999921,0.0,0.07703589672333473,0.5370611229307852,6.971569693795821,perturbed,8,0.05
pair,"1,9",0.9999999999999921,0.0,0.0777180999530151,0.5252922864300826,6.758944013655133,perturbed,8,0.05
pair,"2,3",0.9999999999999923,0.0,0.015282288993680141,0.6632580194371103,43.400436918278075,perturbed,8,0.05
pair,"2,4",0.9999999999999923,0.0,0.042600051076272426,0.5438035327623598,12.765325839368536,perturbed,8,0.05
pair,"2,5",0.999999999999992,0.0,0.07284501899422773,0.5390327086263722,7.399719515058201,perturbed,8,0.05
pair,"2,6",0.9999999999999922,0.0,0.06812007202737436,0.549164630187789,8.061715348261886,perturbed,8,0.05
pair,"2,7",0.9999999999999922,0.0,0.07548504361621884,0.5349654716225208,7.08703931261394,perturbed,8,0.05
pair,"2,8",0.9999999999999922,0.0,0.07854139146086066,0.5405005669932287,6.8817289449547765,perturbed,8,0.05
pair,"2,9",0.9999999999999922,0.0,0.0863259367443555,0.5358260847668748,6.207011530655765,perturbed,8,0.05
pair,"3,4",0.9999999999999923,0.0,0.03418310245707106,0.6014084188897361,17.593734203763873,perturbed,8,0.05
pair,"3,5",0.9999999999999921,0.0,0.0642926477779555,0.5447078394715043,8.47231928217883,perturbed,8,0.05
pair,"3,6",0.9999999999999922,0.0,0.06135517122770576,0.567570987348514,9.250581100036433,perturbed,8,0.05
pair,"3,7",0.9999999999999922,0.0,0.06811241529611707,0.5491974306286566,8.063103154410749,perturbed,8,0.05
pair,"3,8",0.9999999999999922,0.0,0.06640047640183706,0.548271124228366,8.2570360024284,perturbed,8,0.05
pair,"3,9",0.9999999999999922,0.0,0.0909689165362567,0.5660287251355564,6.222221245319099,perturbed,8,0.05
pair,"4,5",0.9999999999999921,0.0,0.04740213653811636,0.5530265746231716,11.666701440313338,perturbed,8,0.05
pair,"4,6",0.9999999999999923,0.0,0.06429848484074643,0.5447031194162305,8.471476750429554,perturbed,8,0.05
pair,"4,7",0.9999999999999923,0.0,0.07284116569873914,0.5390508314126607,7.400359758685076,perturbed,8,0.05
pair,"4,8",0.9999999999999922,0.0,0.06692250418308632,0.5217460348164997,7.796271839874805,perturbed,8,0.05
pair,"4,9",0.9999999999999921,0.0,0.09075814553511626,0.5318665622382989,5.860262559381058,perturbed,8,0.05
pair,"5,6",0.9999999999999922,0.0,0.03421016868775698,0.6013420273757738,17.577873785550203,perturbed,8,0.05
pair,"5,7",0.9999999999999922,0.0,0.04261508751079902,0.5437831319220195,12.760342960324095,perturbed,8,0.05
pair,"5,8",0.9999999999999921,0.0,0.07017782076268268,0.5558025732869394,7.919917820852161,perturbed,8,0.05
pair,"5,9",0.9999999999999921,0.0,0.08596993621025685,0.5227354575945329,6.080444869891234,perturbed,8,0.05
pair,"6,7",0.9999999999999922,0.0,0.015288122288354557,0.663260904582608,43.38406588282164,perturbed,8,0.05
pair,"6,8",0.9999999999999923,0.0,0.06706049689826549,0.5622334838502786,8.383974319534467,perturbed,8,0.05
pair,"6,9",0.9999999999999922,0.0,0.07088595554457927,0.5431219204029063,7.661911534243816,perturbed,8,0.05
pair,"7,8",0.9999999999999922,0.0,0.04249159925444484,0.5508187885680482,12.96300441105261,perturbed,8,0.05
pair,"7,9",0.9999999999999921,0.0,0.06832531883733027,0.5313959343662356,7.777438047986125,perturbed,8,0.05
pair,"8,9",0.9999999999999922,0.0,0.044512637985596945,0.5523952520748541,12.409852057152708,perturbed,8,0.05
modular_A,"0,1,2,3",0.999999999999992,7.820157191684791e-17,0.0003142237010451563,0.38295718201826523,1218.7406002299979,perturbed,8,0.05
single,0,0.9999999999999918,0.0,0.2817966990654651,0.7182033009345267,2.5486576078298153,perturbed,9,0.05
single,1,0.999999999999992,0.0,0.2706596493493106,0.7293403506506814,2.6946770691681574,perturbed,9,0.05
single,2,0.9999999999999918,0.0,0.2705706206329177,0.7294293793670741,2.695892767887348,perturbed,9,0.05
single,3,0.9999999999999919,0.0,0.24947388500211548,0.7505261149978764,3.0084355923326886,perturbed,9,0.05
single,4,0.9999999999999918,0.0,0.28348146411189745,0.7165185358880943,2.5275675012221117,perturbed,9,0.05
single,5,0.9999999999999918,0.0,0.2834876460082389,0.7165123539917528,2.527490577035336,perturbed,9,0.05
single,6,0.9999999999999918,0.0,0.2495543233719987,0.750445676627993,3.0071435609205595,perturbed,9,0.05
single,7,0.9999999999999919,0.0,0.27069958891304985,0.729300411086942,2.6941319490558855,perturbed,9,0.05
single,8,0.9999999999999918,0.0,0.2707008854954897,0.729299114504502,2.6941142551846338,perturbed,9,0.05
single,9,0.999999999999992,0.0,0.28180125081481633,0.7181987491851758,2.5486002887089203,perturbed,9,0.05
pair,"0,1",0.9999999999999918,0.0,0.04449691943353957,0.5524384661869419,12.415207012522787,perturbed,9,0.05
pair,"0,2",0.9999999999999918,0.0,0.06834016764581138,0.5313548553480129,7.775147086291644,perturbed,9,0.05
pair,"0,3",0.999999999999992,0.0,0.07089035825850025,0.5431353688322236,7.6616253913076795,perturbed,9,0.05
pair,"0,4",0.9999999999999918,0.0,0.08597294557397651,0.5227593700476747,6.080510171631374,perturbed,9,0.05
pair,"0,5",0.9999999999999918,0.0,0.09075141924889504,0.5318772906848439,5.860815126495334,perturbed,9,0.05
pair,"0,6",0.9999999999999918,0.0,0.09093565219560285,0.5659948785486801,6.224125135554353,perturbed,9,0.05
pair,"0,7",0.9999999999999919,0.0,0.08602661028229357,0.5358255824080547,6.228602761979813,perturbed,9,0.05
pair,"0,8",0.9999999999999918,0.0,0.07772929699715345,0.525265716539796,6.757628549747877,perturbed,9,0.05
pair,"0,9",0.9999999999999919,0.0,0.07921193029629026,0.5162040863266996,6.516746712216847,perturbed,9,0.05
pair,"1,2",0.9999999999999918,0.0,0.04244853539870845,0.5508730781196948,12.977434272949163,perturbed,9,0.05
pair,"1,3",0.999999999999992,0.0,0.06702703960262729,0.5623823538126661,8.390380317358103,perturbed,9,0.05
pair,"1,4",0.9999999999999918,0.0,0.07011967832125342,0.5559718001104339,7.928898326704355,perturbed,9,0.05
pair,"1,5",0.9999999999999918,0.0,0.06686400434455887,0.5218540532000469,7.804708352656616,perturbed,9,0.05
pair,"1,6",0.9999999999999918,0.0,0.06637334345900303,0.5483269724459616,8.261252844444215,perturbed,9,0.05
pair,"1,7",0.9999999999999918,0.0,0.07842680955455816,0.5405521732158558,6.892441198182579,perturbed,9,0.05
pair,"1,8",0.9999999999999918,0.0,0.07706648400712549,0.5371277264040117,6.969666948272215,perturbed,9,0.05
pair,"1,9",0.9999999999999919,0.0,0.07771881725523631,0.5252920516272516,6.758878611110876,perturbed,9,0.05
pair,"2,3",0.999999999999992,0.0,0.015282294095151137,0.6632580260298785,43.40042286192629,perturbed,9,0.05
pair,"2,4",0.9999999999999918,0.0,0.04259968835107976,0.5438045639679346,12.765458739656507,perturbed,9,0.05
pair,"2,5",0.9999999999999918,0.0,0.07283662626586515,0.5390482472948518,7.400785496670876,perturbed,9,0.05
pair,"2,6",0.9999999999999918,0.0,0.06813532206877634,0.5491280920527483,8.059374717543038,perturbed,9,0.05
pair,"2,7",0.9999999999999919,0.0,0.07550307363449876,0.5348630495744982,7.08399041029383,perturbed,9,0.05
pair,"2,8",0.9999999999999918,0.0,0.07853310142558874,0.5405765848229976,6.88342335919589,perturbed,9,0.05
pair,"2,9",0.9999999999999918,0.0,0.08632855477994379,0.5358273459012693,6.2068379027903635,perturbed,9,0.05
pair,"3,4",0.9999999999999917,0.0,0.034182525378472634,0.6014123115127374,17.594145103494697,perturbed,9,0.05
pair,"3,5",0.9999999999999918,0.0,0.06428414406788871,0.5447258518639956,8.473720227008478,perturbed,9,0.05
pair,"3,6",0.9999999999999917,0.0,0.06136717398630364,0.5675363045814588,9.24820661789193,perturbed,9,0.05
pair,"3,7",0.9999999999999916,0.0,0.06814299157090019,0.549089338202408,8.057898920259488,perturbed,9,0.05
pair,"3,8",0.9999999999999918,0.0,0.06637203319741522,0.5483480861801541,8.2617340431498,perturbed,9,0.05
pair,"3,9",0.9999999999999916,0.0,0.09097138747176617,0.5660291676392463,6.222057103558179,perturbed,9,0.05
pair,"4,5",0.9999999999999918,0.0,0.04739051217592343,0.5530656905019413,11.670388546315907,perturbed,9,0.05
pair,"4,6",0.9999999999999918,0.0,0.06431101014852703,0.5446718135178962,8.469340043951577,perturbed,9,0.05
pair,"4,7",0.9999999999999917,0.0,0.07288119220526386,0.5389426130893101,7.394810605888866,perturbed,9,0.05
pair,"4,8",0.9999999999999917,0.0,0.06688866765726063,0.521815591955662,7.801255582327627,perturbed,9,0.05
pair,"4,9",0.9999999999999918,0.0,0.0907596746895539,0.5318690742808532,5.860191501348223,perturbed,9,0.05
pair,"5,6",0.9999999999999918,0.0,0.03421515462061884,0.6013034603514277,17.574185094842985,perturbed,9,0.05
pair,"5,7",0.9999999999999918,0.0,0.04267997604700846,0.5436791675394909,12.738506857189265,perturbed,9,0.05
pair,"5,8",0.9999999999999918,0.0,0.07017279135034249,0.5558904000216616,7.921737034035607,perturbed,9,0.05
pair,"5,9",0.9999999999999917,0.0,0.08597834568111823,0.5227499668385783,6.080018901240384,perturbed,9,0.05
pair,"6,7",0.9999999999999919,0.0,0.01538738483469914,0.6629477376021683,43.08384723745882,perturbed,9,0.05
pair,"6,8",0.9999999999999918,0.0,0.06706598326828403,0.56228027101847,8.383986092758537,perturbed,9,0.05
pair,"6,9",0.9999999999999918,0.0,0.07091270693522553,0.5430814445435644,7.658450340072852,perturbed,9,0.05
pair,"7,8",0.9999999999999917,0.0,0.04250698720272703,0.5507390157017225,12.956434975621839,perturbed,9,0.05
pair,"7,9",0.9999999999999918,0.0,0.06837951650598174,0.5312565864458758,7.7692357827567005,perturbed,9,0.05
pair,"8,9",0.9999999999999918,0.0,0.04450569219230031,0.5524206016071236,12.412358383737146,perturbed,9,0.05
modular_A,"0,1,2,3",0.9999999999999919,3.888773392623451e-17,0.00031424585768285415,0.382956305218783,1218.6518799088622,perturbed,9,0.05
single,0,0.9999999999999916,0.0,0.281814918530934,0.7181850814690576,2.548428185466074,perturbed,0,0.1
single,1,0.9999999999999916,0.0,0.27082450851426976,0.7291754914857218,2.6924280061872667,perturbed,0,0.1
single,2,0.9999999999999916,0.0,0.2710861716781238,0.7289138283218678,2.688863927693623,perturbed,0,0.1
single,3,0.9999999999999918,0.0,0.24979544967559736,0.7502045503243944,3.003275485196647,perturbed,0,0.1
single,4,0.9999999999999918,0.0,0.283506355773563,0.7164936442264287,2.5272577832388823,perturbed,0,0.1
single,5,0.9999999999999917,0.0,0.2834816392164565,0.7165183607835351,2.5275653222691687,perturbed,0,0.1
single,6,0.9999999999999918,0.0,0.24947388482655253,0.7505261151734393,3.008435595153556,perturbed,0,0.1
single,7,0.9999999999999915,0.0,0.27057062063291765,0.7294293793670739,2.6958927678873477,perturbed,0,0.1
single,8,0.9999999999999916,0.0,0.27065964934931047,0.7293403506506811,2.6946770691681574,perturbed,0,0.1
single,9,0.9999999999999916,0.0,0.28179669906546523,0.7182033009345263,2.548657607829813,perturbed,0,0.1
pair,"0,1",0.9999999999999917,0.0,0.04453204600778777,0.5523669414344945,12.403807840715347,perturbed,0,0.1
pair,"0,2",0.9999999999999917,0.0,0.06849748813420015,0.5309620140249471,7.751554523936519,perturbed,0,0.1
pair,"0,3",0.9999999999999918,0.0,0.07097971334716294,0.5429197385145227,7.648942393710346,perturbed,0,0.1
pair,"0,4",0.9999999999999918,0.0,0.0859933143101869,0.5227221733606268,6.07863736330842,perturbed,0,0.1
pair,"0,5",0.9999999999999916,0.0,0.0907854256216065,0.5318370637839875,5.858176685767642,perturbed,0,0.1
pair,"0,6",0.9999999999999917,0.0,0.09099425713614791,0.5659955569383385,6.220123936958808,perturbed,0,0.1
pair,"0,7",0.9999999999999916,0.0,0.08633691965082718,0.5358107957294588,6.206044851917823,perturbed,0,0.1
pair,"0,8",0.9999999999999917,0.0,0.07772194129454983,0.525282088035181,6.758478742115719,perturbed,0,0.1
pair,"0,9",0.9999999999999917,0.0,0.07921792216149749,0.5161920354363914,6.5161016768914655,perturbed,0,0.1
pair,"1,2",0.9999999999999917,0.0,0.0426822089633202,0.550337156760067,12.893830242783594,perturbed,0,0.1
pair,"1,3",0.9999999999999919,0.0,0.06718264422430831,0.5619743425736725,8.364873831065086,perturbed,0,0.1
pair,"1,4",0.9999999999999916,0.0,0.07033173034543895,0.5556466418333582,7.900369280042776,perturbed,0,0.1
pair,"1,5",0.9999999999999916,0.0,0.06695445077643043,0.5216965874693426,7.791813410752257,perturbed,0,0.1
pair,"1,6",0.9999999999999917,0.0,0.0664113998703707,0.5482521160127027,8.255391650873847,perturbed,0,0.1
pair,"1,7",0.9999999999999916,0.0,0.07857692268548319,0.5404777694195166,6.878327006809188,perturbed,0,0.1
pair,"1,8",0.9999999999999917,0.0,0.0771028214537828,0.5370337240431691,6.9651630630025565,perturbed,0,0.1
pair,"1,9",0.9999999999999918,0.0,0.07776383322753817,0.5251768178878586,6.753484185266218,perturbed,0,0.1
pair,"2,3",0.9999999999999918,0.0,0.015702326931981144,0.6620177832268836,42.160489085126805,perturbed,0,0.1
pair,"2,4",0.9999999999999917,0.0,0.042920539253338524,0.5433033887411647,12.658354209724997,perturbed,0,0.1
pair,"2,5",0.9999999999999916,0.0,0.07301158938522882,0.538618211352222,7.377160473939653,perturbed,0,0.1
pair,"2,6",0.9999999999999915,0.0,0.06822865878776904,0.5488025377217216,8.043577984272238,perturbed,0,0.1
pair,"2,7",0.9999999999999916,0.0,0.07555348387278668,0.534599213364367,7.075771836868561,perturbed,0,0.1
pair,"2,8",0.9999999999999916,0.0,0.078155948659533,0.5403799188284393,6.9141239802803796,perturbed,0,0.1
pair,"2,9",0.9999999999999916,0.0,0.08515204991384515,0.5358029965233037,6.292308841248292,perturbed,0,0.1
pair,"3,4",0.9999999999999917,0.0,0.03431291786061963,0.6009770827106835,17.514601502322687,perturbed,0,0.1
pair,"3,5",0.9999999999999916,0.0,0.06439426112784002,0.5444975400596841,8.455684256997827,perturbed,0,0.1
pair,"3,6",0.9999999999999917,0.0,0.061429482738877245,0.5673574242270278,9.235914074659153,perturbed,0,0.1
pair,"3,7",0.9999999999999918,0.0,0.06819794378053826,0.5489574514005989,8.049472183019919,perturbed,0,0.1
pair,"3,8",0.9999999999999918,0.0,0.06641675398279626,0.5481676856900284,8.253454931447248,perturbed,0,0.1
pair,"3,9",0.9999999999999916,0.0,0.09085267791565152,0.5658583616512388,6.228306909968984,perturbed,0,0.1
pair,"4,5",0.9999999999999917,0.0,0.047395522838314205,0.5530474330745552,11.668769536760454,perturbed,0,0.1
pair,"4,6",0.9999999999999917,0.0,0.06428686988140764,0.5447135625463482,8.47316977092214,perturbed,0,0.1
pair,"4,7",0.9999999999999915,0.0,0.0728334145659037,0.5390404371573025,7.401004612649994,perturbed,0,0.1
pair,"4,8",0.9999999999999917,0.0,0.06685596014682535,0.5218502599790894,7.805590688295117,perturbed,0,0.1
pair,"4,9",0.9999999999999917,0.0,0.09075248431099935,0.5318698488567927,5.860664343183487,perturbed,0,0.1
pair,"5,6",0.9999999999999916,0.0,0.034182491356944636,0.6014122051385207,17.59415950283962,perturbed,0,0.1
pair,"5,7",0.9999999999999916,0.0,0.042599638609023736,0.5438045966014278,12.765474411471544,perturbed,0,0.1
pair,"5,8",0.9999999999999918,0.0,0.07011965741525761,0.5559718123432532,7.9289008651413795,perturbed,0,0.1
pair,"5,9",0.9999999999999918,0.0,0.08597174832154553,0.5227597881871602,6.080599713198463,perturbed,0,0.1
pair,"6,7",0.9999999999999916,0.0,0.015282293967159945,0.6632580265102399,43.400423256843,perturbed,0,0.1
pair,"6,8",0.9999999999999918,0.0,0.0670270384790412,0.5623823547077612,8.39038047136177,perturbed,0,0.1
pair,"6,9",0.9999999999999917,0.0,0.07089035739395122,0.5431353696381196,7.6616254961138495,perturbed,0,0.1
pair,"7,8",0.9999999999999919,0.0,0.042448535398708374,0.5508730781196947,12.977434272949182,perturbed,0,0.1
pair,"7,9",0.9999999999999918,0.0,0.0683401676458113,0.5313548553480129,7.775147086291653,perturbed,0,0.1
pair,"8,9",0.9999999999999916,0.0,0.04449691943353951,0.5524384661869417,12.415207012522798,perturbed,0,0.1
modular_A,"0,1,2,3",0.9999999999999918,6.370594276407606e-17,0.000284476984928063,0.3827737014508763,1345.534864789396,perturbed,0,0.1
single,0,0.9999999999999919,0.0,0.28181303492894333,0.7181869650710485,2.5484519027025594,perturbed,1,0.1
single,1,0.9999999999999918,0.0,0.2712828207359248,0.728717179264067,2.6861899227058803,perturbed,1,0.1
single,2,0.999999999999992,0.0,0.2705116222105089,0.7294883777894831,2.6966988398812823,perturbed,1,0.1
single,3,0.9999999999999918,0.0,0.24959799791914666,0.7504020020808451,3.006442392714728,perturbed,1,0.1
single,4,0.9999999999999915,0.0,0.2836039653160178,0.7163960346839736,2.5260437874544484,perturbed,1,0.1
single,5,0.9999999999999919,0.0,0.28349591425143555,0.7165040857485563,2.52738769671679,perturbed,1,0.1
single,6,0.9999999999999918,0.0,0.24947402430149607,0.7505259756984957,3.008433354133354,perturbed,1,0.1
single,7,0.9999999999999919,0.0,0.2705706193007437,0.7294293806992482,2.6958927860843436,perturbed,1,0.1
single,8,0.9999999999999918,0.0,0.2706596493493106,0.7293403506506813,2.694677069168157,perturbed,1,0.1
single,9,0.9999999999999917,0.0,0.2817966990654653,0.7182033009345263,2.5486576078298127,perturbed,1,0.1
pair,"0,1",0.9999999999999918,0.0,0.04455998250689616,0.5522654397437218,12.393753513216762,perturbed,1,0.1
pair,"0,2",0.9999999999999918,0.0,0.06828100210523055,0.5315185138219652,7.784281094803223,perturbed,1,0.1
pair,"0,3",0.9999999999999917,0.0,0.07087294737296812,0.5430813311744097,7.662745113681389,perturbed,1,0.1
pair,"0,4",0.9999999999999915,0.0,0.08595987812868491,0.5226640363822131,6.0803254699799245,perturbed,1,0.1
pair,"0,5",0.9999999999999917,0.0,0.0907793707903518,0.5318268306783863,5.858454691282239,perturbed,1,0.1
pair,"0,6",0.9999999999999917,0.0,0.09098446967194794,0.5659936217351847,6.220771784194838,perturbed,1,0.1
pair,"0,7",0.9999999999999918,0.0,0.0863265837756319,0.5358055950468976,6.206727656911448,perturbed,1,0.1
pair,"0,8",0.9999999999999916,0.0,0.07771916967222994,0.5252828528482163,6.758729603822654,perturbed,1,0.1
pair,"0,9",0.9999999999999917,0.0,0.07921670531906044,0.5161937169396695,6.516222996912085,perturbed,1,0.1
pair,"1,2",0.9999999999999917,0.0,0.04262095073965075,0.5506557581381674,12.91983751141164,perturbed,1,0.1
pair,"1,3",0.9999999999999918,0.0,0.06716082160486153,0.5617872915697262,8.364806715364251,perturbed,1,0.1
pair,"1,4",0.9999999999999916,0.0,0.07035211881436669,0.5552953716519561,7.893086676140855,perturbed,1,0.1
pair,"1,5",0.9999999999999917,0.0,0.06708982811303121,0.5214184767452207,7.771945336731945,perturbed,1,0.1
pair,"1,6",0.9999999999999917,0.0,0.06652517762062217,0.5479444662975121,8.23664792632819,perturbed,1,0.1
pair,"1,7",0.9999999999999918,0.0,0.07861055206735408,0.5401738520044226,6.871518362338911,perturbed,1,0.1
pair,"1,8",0.9999999999999916,0.0,0.07698237405317489,0.536767366953776,6.972600852540722,perturbed,1,0.1
pair,"1,9",0.9999999999999917,0.0,0.0776902580897286,0.524911881324032,6.756469784381247,perturbed,1,0.1
pair,"2,3",0.9999999999999916,0.0,0.015305588955851318,0.6632694473092247,43.335114331268976,perturbed,1,0.1
pair,"2,4",0.9999999999999916,0.0,0.0426612045543634,0.5437188260692216,12.745041584007733,perturbed,1,0.1
pair,"2,5",0.9999999999999918,0.0,0.07285155469005702,0.5390507308108136,7.399303049937308,perturbed,1,0.1
pair,"2,6",0.9999999999999916,0.0,0.06810637039838263,0.5492345640236294,8.064364035418812,perturbed,1,0.1
pair,"2,7",0.9999999999999917,0.0,0.07548108477395908,0.5350085874834087,7.087982228734295,perturbed,1,0.1
pair,"2,8",0.9999999999999916,0.0,0.07851772373105194,0.5406590111718717,6.885821257679348,perturbed,1,0.1
pair,"2,9",0.9999999999999916,0.0,0.08631722088507165,0.5358759246333227,6.2082156855678035,perturbed,1,0.1
pair,"3,4",0.9999999999999918,0.0,0.03429300870439837,0.6011312066684098,17.529264108905952,perturbed,1,0.1
pair,"3,5",0.9999999999999918,0.0,0.06434422394002767,0.5446226641029507,8.464204411114954,perturbed,1,0.1
pair,"3,6",0.9999999999999917,0.0,0.06138151802651449,0.5674960585756219,9.245389765865438,perturbed,1,0.1
pair,"3,7",0.9999999999999916,0.0,0.06813702129225124,0.5491034856689406,8.058812599302552,perturbed,1,0.1
pair,"3,8",0.9999999999999918,0.0,0.06634691256102097,0.5483150165238524,8.264363711266185,perturbed,1,0.1
pair,"3,9",0.9999999999999918,0.0,0.09067295688113533,0.5659970680721782,6.242181655266333,perturbed,1,0.1
pair,"4,5",0.9999999999999917,0.0,0.04744198991291368,0.5528910574780208,11.654044412827721,perturbed,1,0.1
pair,"4,6",0.9999999999999917,0.0,0.06432086093584628,0.5446415339551549,8.467572200228805,perturbed,1,0.1
pair,"4,7",0.9999999999999917,0.0,0.07286695966095764,0.5389782918304511,7.396744619759914,perturbed,1,0.1
pair,"4,8",0.9999999999999916,0.0,0.06688568249176029,0.5218055755466442,7.801454004912426,perturbed,1,0.1
pair,"4,9",0.9999999999999918,0.0,0.09075081797687345,0.531847748302186,5.860528424523069,perturbed,1,0.1
pair,"5,6",0.9999999999999918,0.0,0.034184800156682196,0.6013966377478348,17.592515825495564,perturbed,1,0.1
pair,"5,7",0.9999999999999918,0.0,0.042601092318727045,0.5438004600663717,12.764941706138416,perturbed,1,0.1
pair,"5,8",0.9999999999999917,0.0,0.07012028286525665,0.5559688986525685,7.928788589186385,perturbed,1,0.1
pair,"5,9",0.9999999999999916,0.0,0.08594352379000547,0.5227685480922879,6.082698556433656,perturbed,1,0.1
pair,"6,7",0.9999999999999918,0.0,0.015282273667297605,0.663257999801316,43.40047915910677,perturbed,1,0.1
pair,"6,8",0.9999999999999916,0.0,0.06702675273471644,0.5623825763116733,8.390419546916046,perturbed,1,0.1
pair,"6,9",0.9999999999999916,0.0,0.07089016581852318,0.5431355384454265,7.661648582341281,perturbed,1,0.1
pair,"7,8",0.9999999999999917,0.0,0.04244853361094186,0.5508730829975793,12.977434934420963,perturbed,1,0.1
pair,"7,9",0.9999999999999916,0.0,0.06834016559850269,0.5313548604680718,7.775147394136745,perturbed,1,0.1
pair,"8,9",0.9999999999999916,0.0,0.044496919433539596,0.5524384661869417,12.415207012522774,perturbed,1,0.1
modular_A,"0,1,2,3",0.9999999999999916,5.831294477556131e-17,0.00029388391914834066,0.3833020524232623,1304.263443655068,perturbed,1,0.1
single,0,0.9999999999999913,0.0,0.28206262489672496,0.7179373751032664,2.545311968808819,perturbed,2,0.1
single,1,0.9999999999999913,0.0,0.27043633070273065,0.7295636692972607,2.697728028632412,perturbed,2,0.1
single,2,0.9999999999999913,0.0,0.270691451924606,0.7293085480753854,2.694242994708659,perturbed,2,0.1
single,3,0.9999999999999911,0.0,0.24961652526849676,0.7503834747314944,3.006145021545966,perturbed,2,0.1
single,4,0.9999999999999913,0.0,0.2835978287358709,0.7164021712641203,2.5261200851130003,perturbed,2,0.1
single,5,0.9999999999999913,0.0,0.28360151339891976,0.7163984866010715,2.526074272365996,perturbed,2,0.1
single,6,0.9999999999999913,0.0,0.24948767931319488,0.7505123206867965,3.008213963722991,perturbed,2,0.1
single,7,0.9999999999999913,0.0,0.2705704048031071,0.7294295951968843,2.695895716043619,perturbed,2,0.1
single,8,0.9999999999999911,0.0,0.27065964259645403,0.7293403574035371,2.694677161348961,perturbed,2,0.1
single,9,0.9999999999999911,0.0,0.28179669906546506,0.7182033009345261,2.548657607829814,perturbed,2,0.1
pair,"0,1",0.9999999999999913,0.0,0.04460222046482575,0.5528124762480784,12.39428150632182,perturbed,2,0.1
pair,"0,2",0.9999999999999913,0.0,0.0684614327513148,0.5312034520551686,7.759163527657356,perturbed,2,0.1
pair,"0,3",0.9999999999999912,0.0,0.07093906722556957,0.5428180499126788,7.6518915619040335,perturbed,2,0.1
pair,"0,4",0.9999999999999913,0.0,0.08597564521608075,0.5224349333733941,6.0765456549976395,perturbed,2,0.1
pair,"0,5",0.9999999999999913,0.0,0.09068477578689316,0.5314977290556121,5.860936683623917,perturbed,2,0.1
pair,"0,6",0.9999999999999913,0.0,0.09071707370713153,0.5656483345351487,6.23530181717801,perturbed,2,0.1
pair,"0,7",0.9999999999999913,0.0,0.0862400716770273,0.5356185023359199,6.210784521861644,perturbed,2,0.1
pair,"0,8",0.9999999999999911,0.0,0.07770750538190516,0.5251269664071903,6.757738056657144,perturbed,2,0.1
pair,"0,9",0.999999999999991,0.0,0.07926600524610856,0.5160241637699828,6.5100311560776705,perturbed,2,0.1
pair,"1,2",0.9999999999999913,0.0,0.0424700630752151,0.5510996632411572,12.976191305983033,perturbed,2,0.1
pair,"1,3",0.9999999999999912,0.0,0.06704133775105947,0.5624744626019014,8.389964780990852,perturbed,2,0.1
pair,"1,4",0.9999999999999913,0.0,0.07012505606219954,0.5560512661293954,7.929423480762551,perturbed,2,0.1
pair,"1,5",0.9999999999999911,0.0,0.06684061565132914,0.5219205325131827,7.808433950335767,perturbed,2,0.1
pair,"1,6",0.9999999999999912,0.0,0.06630216853838583,0.5485293298558477,8.27317329052782,perturbed,2,0.1
pair,"1,7",0.9999999999999913,0.0,0.07849061935810002,0.5407965506015845,6.889951372842311,perturbed,2,0.1
pair,"1,8",0.9999999999999911,0.0,0.07700173816406515,0.5373291813659603,6.978143535163975,perturbed,2,0.1
pair,"1,9",0.9999999999999909,0.0,0.07765319500015533,0.5254576519862626,6.766722888674594,perturbed,2,0.1
pair,"2,3",0.9999999999999915,0.0,0.015356642282649316,0.6631458814358604,43.182999853106885,perturbed,2,0.1
pair,"2,4",0.9999999999999912,0.0,0.04270150118717194,0.5436179477072323,12.730651911379214,perturbed,2,0.1
pair,"2,5",0.9999999999999913,0.0,0.07293976864764928,0.5388343381862791,7.3873875414827594,perturbed,2,0.1
pair,"2,6",0.9999999999999915,0.0,0.06816177814344138,0.5491005608271018,8.055842669942686,perturbed,2,0.1
pair,"2,7",0.9999999999999913,0.0,0.07553289767470453,0.5348920729741394,7.081577556811663,perturbed,2,0.1
pair,"2,8",0.9999999999999911,0.0,0.07853612406920767,0.5405373920757843,6.882659393777207,perturbed,2,0.1
pair,"2,9",0.9999999999999912,0.0,0.08626391212483152,0.5357683390714177,6.21080502697482,perturbed,2,0.1
pair,"3,4",0.9999999999999913,0.0,0.034275827113968156,0.6012484663652738,17.541472139128974,perturbed,2,0.1
pair,"3,5",0.9999999999999913,0.0,0.06434583214279993,0.5445298457963916,8.462550372927652,perturbed,2,0.1
pair,"3,6",0.9999999999999911,0.0,0.06140622004919174,0.5674841986654331,9.241477462882893,perturbed,2,0.1
pair,"3,7",0.9999999999999911,0.0,0.06815629869673721,0.5490806023717902,8.056197488289897,perturbed,2,0.1
pair,"3,8",0.9999999999999912,0.0,0.06639840592903189,0.5482854296197888,8.25750892582886,perturbed,2,0.1
pair,"3,9",0.9999999999999913,0.0,0.09097091362302245,0.5659479478468805,6.2211967024111905,perturbed,2,0.1
pair,"4,5",0.9999999999999913,0.0,0.0474894263972393,0.5528443415814256,11.641419649018209,perturbed,2,0.1
pair,"4,6",0.9999999999999912,0.0,0.06433315671941477,0.5446225877695876,8.465659320044352,perturbed,2,0.1
pair,"4,7",0.9999999999999911,0.0,0.07289054975758762,0.538937912850491,7.393796790432215,perturbed,2,0.1
pair,"4,8",0.9999999999999913,0.0,0.066903521048306,0.5217826342942647,7.799030994460288,perturbed,2,0.1
pair,"4,9",0.9999999999999912,0.0,0.0907763817366542,0.5318282380298667,5.858663099975949,perturbed,2,0.1
pair,"5,6",0.9999999999999913,0.0,0.03421776425934845,0.6012082310503162,17.57006175194697,perturbed,2,0.1
pair,"5,7",0.9999999999999912,0.0,0.04262352080390396,0.543723337989602,12.756415418873644,perturbed,2,0.1
pair,"5,8",0.9999999999999913,0.0,0.07014221665816835,0.5559198885565819,7.925610495970016,perturbed,2,0.1
pair,"5,9",0.9999999999999912,0.0,0.08593928384350799,0.5227559837552929,6.082852455545367,perturbed,2,0.1
pair,"6,7",0.9999999999999912,0.0,0.015283205595170313,0.6632435943458251,43.39689014949969,perturbed,2,0.1
pair,"6,8",0.9999999999999913,0.0,0.06702261990988218,0.562384798564151,8.390970083239464,perturbed,2,0.1
pair,"6,9",0.9999999999999911,0.0,0.07088896472445554,0.5431352111322933,7.661773778802564,perturbed,2,0.1
pair,"7,8",0.9999999999999911,0.0,0.04244808877865176,0.5508744263903412,12.9776025785969,perturbed,2,0.1
pair,"7,9",0.9999999999999912,0.0,0.0683395577006727,0.531356377683927,7.775238757196355,perturbed,2,0.1
pair,"8,9",0.9999999999999912,0.0,0.04449691155526681,0.5524384900585101,12.41520974713854,perturbed,2,0.1
modular_A,"0,1,2,3",0.9999999999999911,6.560905913628002e-17,0.0003016249278550086,0.38360530047654057,1271.7957471371199,perturbed,2,0.1
single,0,0.9999999999999911,0.0,0.2801630285620853,0.7198369714379058,2.569350335525756,perturbed,3,0.1
single,1,0.9999999999999913,0.0,0.2704775018964212,0.7295224981035701,2.6971651726617143,perturbed,3,0.1
single,2,0.9999999999999913,0.0,0.27066913457971903,0.7293308654202724,2.6945475942528114,perturbed,3,0.1
single,3,0.9999999999999913,0.0,0.24961609043574834,0.7503839095642431,3.0061520002749713,perturbed,3,0.1
single,4,0.9999999999999913,0.0,0.2836274184351751,0.7163725815648163,2.5257522192923956,perturbed,3,0.1
single,5,0.9999999999999912,0.0,0.28359783174061814,0.7164021682593731,2.526120047753407,perturbed,3,0.1
single,6,0.9999999999999916,0.0,0.24959189143097937,0.7504081085690122,3.0065404139001264,perturbed,3,0.1
single,7,0.9999999999999913,0.0,0.2705712813991723,0.729428718600819,2.695883742091227,perturbed,3,0.1
single,8,0.9999999999999913,0.0,0.27065767283417314,0.7293423271658181,2.6947040500591037,perturbed,3,0.1
single,9,0.9999999999999912,0.0,0.2817966617985022,0.7182033382014891,2.548658077131652,perturbed,3,0.1
pair,"0,1",0.9999999999999913,0.0,0.04419905831748264,0.5541417199288525,12.53741009476814,perturbed,3,0.1
pair,"0,2",0.9999999999999913,0.0,0.06796985785841149,0.5325566140355078,7.8351879909015025,perturbed,3,0.1
pair,"0,3",0.9999999999999913,0.0,0.07059540734271857,0.5443346031471911,7.7106234475653235,perturbed,3,0.1
pair,"0,4",0.9999999999999913,0.0,0.08552233991959099,0.5238194245254133,6.124942617541965,perturbed,3,0.1
pair,"0,5",0.9999999999999913,0.0,0.0901249484562766,0.5327758655967475,5.911524774465968,perturbed,3,0.1
pair,"0,6",0.9999999999999915,0.0,0.08997867357799755,0.5667972425137845,6.299239808447045,perturbed,3,0.1
pair,"0,7",0.9999999999999913,0.0,0.08553787519923652,0.5368655576069805,6.276349001614812,perturbed,3,0.1
pair,"0,8",0.9999999999999912,0.0,0.07716109409814557,0.5265135641332551,6.823562707179251,perturbed,3,0.1
pair,"0,9",0.9999999999999912,0.0,0.07872346733882674,0.5173927667999679,6.572281230615813,perturbed,3,0.1
pair,"1,2",0.9999999999999913,0.0,0.04248395799351502,0.5510530965406131,12.970851176924917,perturbed,3,0.1
pair,"1,3",0.9999999999999913,0.0,0.06701364282282277,0.5624160010827473,8.392559744434694,perturbed,3,0.1
pair,"1,4",0.9999999999999913,0.0,0.0701326499677365,0.5559660233969966,7.927349439280573,perturbed,3,0.1
pair,"1,5",0.9999999999999913,0.0,0.06695227300598662,0.5220303257768358,7.797051576279686,perturbed,3,0.1
pair,"1,6",0.9999999999999913,0.0,0.06632341195055821,0.5484178644366028,8.268842755638524,perturbed,3,0.1
pair,"1,7",0.9999999999999913,0.0,0.07837685620882316,0.5406880095297227,6.89856720061777,perturbed,3,0.1
pair,"1,8",0.9999999999999911,0.0,0.07692966992173116,0.5373068068578788,6.984389864203745,perturbed,3,0.1
pair,"1,9",0.9999999999999911,0.0,0.07760835820824699,0.5254462346289452,6.770485122478846,perturbed,3,0.1
pair,"2,3",0.9999999999999913,0.0,0.015344975069084117,0.6631435367261733,43.21568029538375,perturbed,3,0.1
pair,"2,4",0.9999999999999915,0.0,0.0427363757595755,0.543592428416371,12.719666063273365,perturbed,3,0.1
pair,"2,5",0.9999999999999913,0.0,0.07293460268611449,0.5389176140531701,7.389052578684587,perturbed,3,0.1
pair,"2,6",0.9999999999999913,0.0,0.06816396940177014,0.5490196754484801,8.054397070283038,perturbed,3,0.1
pair,"2,7",0.9999999999999913,0.0,0.07551001254516977,0.5348712966030726,7.083448652364014,perturbed,3,0.1
pair,"2,8",0.9999999999999911,0.0,0.0785526328852366,0.5405540379039728,6.881424823706527,perturbed,3,0.1
pair,"2,9",0.9999999999999913,0.0,0.08631137191634673,0.5357805801822818,6.207531734075112,perturbed,3,0.1
pair,"3,4",0.9999999999999915,0.0,0.0342709150915289,0.6012785781283183,17.544864983104656,perturbed,3,0.1
pair,"3,5",0.9999999999999915,0.0,0.06437039780268822,0.5445562821058844,8.459731502282914,perturbed,3,0.1
pair,"3,6",0.9999999999999913,0.0,0.06141575138947268,0.567390783424315,9.238522212749023,perturbed,3,0.1
pair,"3,7",0.9999999999999913,0.0,0.0681582257802204,0.549097365458054,8.056215653685673,perturbed,3,0.1
pair,"3,8",0.9999999999999912,0.0,0.06639591100855578,0.5482888855428258,8.257871263671241,perturbed,3,0.1
pair,"3,9",0.9999999999999912,0.0,0.09097589971007639,0.5659404094101832,6.220772877363479,perturbed,3,0.1
pair,"4,5",0.9999999999999913,0.0,0.047483544925176785,0.5529151395525495,11.644352594647627,perturbed,3,0.1
pair,"4,6",0.9999999999999915,0.0,0.06435658987863677,0.5445415250316896,8.461317264612411,perturbed,3,0.1
pair,"4,7",0.9999999999999913,0.0,0.0729586318285585,0.538961428703039,7.387219513237516,perturbed,3,0.1
pair,"4,8",0.9999999999999912,0.0,0.06693748669879004,0.5217597077986112,7.794731077168491,perturbed,3,0.1
pair,"4,9",0.9999999999999913,0.0,0.09078524194144222,0.5317952259368992,5.857727694110401,perturbed,3,0.1
pair,"5,6",0.9999999999999912,0.0,0.03426149443184222,0.601142338659159,17.54571272000513,perturbed,3,0.1
pair,"5,7",0.9999999999999912,0.0,0.04266494691763358,0.5436452598079953,12.742199371711973,perturbed,3,0.1
pair,"5,8",0.9999999999999913,0.0,0.07020240309967873,0.5558396490169509,7.917672678921366,perturbed,3,0.1
pair,"5,9",0.9999999999999911,0.0,0.08593581889875396,0.522747287843707,6.082996526274875,perturbed,3,0.1
pair,"6,7",0.9999999999999912,0.0,0.01530193911073947,0.6630419061149422,43.33058060919839,perturbed,3,0.1
pair,"6,8",0.9999999999999913,0.0,0.06702975680235947,0.5623725830347821,8.389894426932882,perturbed,3,0.1
pair,"6,9",0.9999999999999911,0.0,0.07090468693858946,0.5431079813694747,7.659690844412872,perturbed,3,0.1
pair,"7,8",0.9999999999999913,0.0,0.04243877549908731,0.5509115955354802,12.981326370911152,perturbed,3,0.1
pair,"7,9",0.9999999999999911,0.0,0.0683202804666743,0.5314053044210727,7.778148754531021,perturbed,3,0.1
pair,"8,9",0.9999999999999913,0.0,0.04449472564223491,0.5524457749602412,12.415983399970742,perturbed,3,0.1
modular_A,"0,1,2,3",0.9999999999999913,6.082770362700904e-17,0.00030620293118799254,0.3844193197167387,1255.4397119102866,perturbed,3,0.1
single,0,0.9999999999999911,0.0,0.28139558238721935,0.7186044176127718,2.5537160587827694,perturbed,4,0.1
single,1,0.9999999999999912,0.0,0.27033923739816934,0.7296607626018219,2.699056080886773,perturbed,4,0.1
single,2,0.9999999999999912,0.0,0.2706411191432273,0.7293588808567639,2.6949300356342984,perturbed,4,0.1
single,3,0.9999999999999913,0.0,0.24961817394181052,0.7503818260581808,3.0061185618363884,perturbed,4,0.1
single,4,0.9999999999999911,0.0,0.28362376122026633,0.7163762387797248,2.5257976824564308,perturbed,4,0.1
single,5,0.9999999999999913,0.0,0.2836274239835753,0.716372576016416,2.5257521503206286,perturbed,4,0.1
single,6,0.9999999999999911,0.0,0.24959016750525626,0.7504098324947348,3.0065680871780796,perturbed,4,0.1
single,7,0.9999999999999911,0.0,0.2706177917300185,0.7293822082699726,2.695248540781974,perturbed,4,0.1
single,8,0.9999999999999913,0.0,0.27059430246212096,0.7294056975378704,2.6955693113308477,perturbed,4,0.1
single,9,0.9999999999999913,0.0,0.28178502889437085,0.7182149711056205,2.5488045760402995,perturbed,4,0.1
pair,"0,1",0.9999999999999913,0.0,0.04431324643689612,0.5537743368287973,12.496812609236263,perturbed,4,0.1
pair,"0,2",0.9999999999999913,0.0,0.06828558163511364,0.5316843127790007,7.786187069769343,perturbed,4,0.1
pair,"0,3",0.9999999999999913,0.0,0.0707944675832085,0.5433142188487664,7.674529343838632,perturbed,4,0.1
pair,"0,4",0.9999999999999913,0.0,0.08586245590992836,0.5229950376705774,6.09107941449067,perturbed,4,0.1
pair,"0,5",0.9999999999999915,0.0,0.09074420711566075,0.5321167340958992,5.863919593431169,perturbed,4,0.1
pair,"0,6",0.9999999999999912,0.0,0.09095674697611633,0.5663083174730079,6.2261276518795325,perturbed,4,0.1
pair,"0,7",0.9999999999999913,0.0,0.08624638293908632,0.5360868169977482,6.215759997452566,perturbed,4,0.1
pair,"0,8",0.9999999999999913,0.0,0.0775984136879455,0.5256609268501884,6.774119493783505,perturbed,4,0.1
pair,"0,9",0.9999999999999912,0.0,0.0790949341017089,0.5165114901538219,6.530272716197413,perturbed,4,0.1
pair,"1,2",0.9999999999999913,0.0,0.04245842771175945,0.551102043465366,12.979803378652447,perturbed,4,0.1
pair,"1,3",0.9999999999999913,0.0,0.06698287427850715,0.5625460646291984,8.398356605155463,perturbed,4,0.1
pair,"1,4",0.9999999999999913,0.0,0.07007765785529235,0.5559722149184987,7.9336586286396695,perturbed,4,0.1
pair,"1,5",0.9999999999999913,0.0,0.06696442503205283,0.5221231570475119,7.797022923703075,perturbed,4,0.1
pair,"1,6",0.9999999999999913,0.0,0.06637858901142649,0.5486612413632123,8.265635795132148,perturbed,4,0.1
pair,"1,7",0.9999999999999913,0.0,0.0784530368822127,0.5407859452975674,6.893116784114923,perturbed,4,0.1
pair,"1,8",0.9999999999999913,0.0,0.07693981036557,0.5374501240748273,6.985332060492474,perturbed,4,0.1
pair,"1,9",0.9999999999999912,0.0,0.07759748585700861,0.5255577197390047,6.7728704601005605,perturbed,4,0.1
pair,"2,3",0.9999999999999912,0.0,0.01532992304381922,0.6630791753426769,43.25391415516726,perturbed,4,0.1
pair,"2,4",0.9999999999999912,0.0,0.042762070433095184,0.543681862263504,12.714114558932302,perturbed,4,0.1
pair,"2,5",0.9999999999999911,0.0,0.0728928093514189,0.5388754620419137,7.392710842628872,perturbed,4,0.1
pair,"2,6",0.9999999999999911,0.0,0.0681816146913544,0.5491051419575065,8.05356611812736,perturbed,4,0.1
pair,"2,7",0.9999999999999913,0.0,0.07552848742428328,0.5349001662886125,7.082098219229476,perturbed,4,0.1
pair,"2,8",0.9999999999999911,0.0,0.07851669445845816,0.5406366388348183,6.885626586341583,perturbed,4,0.1
pair,"2,9",0.9999999999999912,0.0,0.08626529988583875,0.5358323321286205,6.211446929851597,perturbed,4,0.1
pair,"3,4",0.9999999999999912,0.0,0.03426872826130893,0.6012758557261775,17.5459051512293,perturbed,4,0.1
pair,"3,5",0.9999999999999913,0.0,0.06438532970319762,0.544510291208353,8.457055259613133,perturbed,4,0.1
pair,"3,6",0.9999999999999913,0.0,0.06141411053912026,0.5674067486974055,9.23902900679433,perturbed,4,0.1
pair,"3,7",0.9999999999999913,0.0,0.06818201603329029,0.5490649116415012,8.052928669246402,perturbed,4,0.1
pair,"3,8",0.9999999999999911,0.0,0.06640667713930697,0.5483405323209009,8.257310197445959,perturbed,4,0.1
pair,"3,9",0.9999999999999911,0.0,0.09094977238474941,0.5659538621790716,6.222707845654505,perturbed,4,0.1
pair,"4,5",0.9999999999999913,0.0,0.04748823040186306,0.5529482794288237,11.64390154675316,perturbed,4,0.1
pair,"4,6",0.9999999999999912,0.0,0.0643760333434162,0.544562767026519,8.459091664152867,perturbed,4,0.1
pair,"4,7",0.9999999999999913,0.0,0.07288807307539315,0.5388610539942036,7.392993548297299,perturbed,4,0.1
pair,"4,8",0.9999999999999912,0.0,0.06686348766388477,0.5217642825700507,7.803426067047251,perturbed,4,0.1
pair,"4,9",0.9999999999999911,0.0,0.09076196500949286,0.5318058921860984,5.8593474935285546,perturbed,4,0.1
pair,"5,6",0.9999999999999912,0.0,0.034257371325046686,0.6012295585153524,17.550370482622927,perturbed,4,0.1
pair,"5,7",0.9999999999999911,0.0,0.04275554639434699,0.5437519288891328,12.717693369509274,perturbed,4,0.1
pair,"5,8",0.9999999999999912,0.0,0.07026978812480862,0.5559461052661085,7.911595012620122,perturbed,4,0.1
pair,"5,9",0.9999999999999912,0.0,0.0859907864928997,0.5226968467741523,6.078521526458088,perturbed,4,0.1
pair,"6,7",0.9999999999999912,0.0,0.015319166122260558,0.6629756494793153,43.27752856703691,perturbed,4,0.1
pair,"6,8",0.9999999999999911,0.0,0.06701613572799972,0.5623612600927788,8.391430720136569,perturbed,4,0.1
pair,"6,9",0.9999999999999912,0.0,0.0709180887180694,0.5431087681951483,7.658254445551185,perturbed,4,0.1
pair,"7,8",0.9999999999999911,0.0,0.04245003061060652,0.5510090270545699,12.980179734355605,perturbed,4,0.1
pair,"7,9",0.9999999999999913,0.0,0.06826207552639478,0.5315867355706836,7.787438800701802,perturbed,4,0.1
pair,"8,9",0.9999999999999912,0.0,0.044435915748631746,0.5526900216324508,12.437912268061428,perturbed,4,0.1
modular_A,"0,1,2,3",0.9999999999999913,5.748853585451304e-17,0.0003097643570858776,0.38418509754131913,1240.2495275943238,perturbed,4,0.1
single,0,0.9999999999999912,0.0,0.28178502889437074,0.7182149711056205,2.548804576040301,perturbed,5,0.1
single,1,0.9999999999999912,0.0,0.2705943024621209,0.7294056975378703,2.6955693113308477,perturbed,5,0.1
single,2,0.9999999999999913,0.0,0.27061779173001865,0.7293822082699727,2.6952485407819733,perturbed,5,0.1
single,3,0.9999999999999912,0.0,0.2495901675052564,0.7504098324947348,3.006568087178078,perturbed,5,0.1
single,4,0.9999999999999911,0.0,0.2836274239835752,0.7163725760164159,2.525752150320629,perturbed,5,0.1
single,5,0.9999999999999913,0.0,0.2836237612202664,0.7163762387797249,2.5257976824564308,perturbed,5,0.1
single,6,0.9999999999999912,0.0,0.2496181739418105,0.7503818260581807,3.006118561836388,perturbed,5,0.1
single,7,0.9999999999999913,0.0,0.27064111914322736,0.7293588808567639,2.6949300356342976,perturbed,5,0.1
single,8,0.9999999999999913,0.0,0.27033923739816934,0.729660762601822,2.6990560808867734,perturbed,5,0.1
single,9,0.9999999999999912,0.0,0.2813955823872195,0.7186044176127717,2.553716058782767,perturbed,5,0.1
pair,"0,1",0.9999999999999911,0.0,0.044435915748631594,0.5526900216324506,12.437912268061467,perturbed,5,0.1
pair,"0,2",0.9999999999999913,0.0,0.06826207552639477,0.5315867355706833,7.787438800701799,perturbed,5,0.1
pair,"0,3",0.9999999999999911,0.0,0.07091808871806952,0.5431087681951483,7.658254445551171,perturbed,5,0.1
pair,"0,4",0.9999999999999911,0.0,0.0859907864928996,0.5226968467741521,6.078521526458093,perturbed,5,0.1
pair,"0,5",0.9999999999999911,0.0,0.0907619650094928,0.5318058921860982,5.859347493528557,perturbed,5,0.1
pair,"0,6",0.9999999999999911,0.0,0.09094977238474938,0.5659538621790716,6.222707845654507,perturbed,5,0.1
pair,"0,7",0.9999999999999913,0.0,0.08626529988583881,0.5358323321286202,6.211446929851591,perturbed,5,0.1
pair,"0,8",0.9999999999999911,0.0,0.07759748585700856,0.5255577197390047,6.772870460100566,perturbed,5,0.1
pair,"0,9",0.999999999999991,0.0,0.0790949341017089,0.5165114901538218,6.530272716197411,perturbed,5,0.1
pair,"1,2",0.9999999999999911,0.0,0.04245003061060647,0.5510090270545697,12.980179734355616,perturbed,5,0.1
pair,"1,3",0.9999999999999911,0.0,0.06701613572799964,0.5623612600927785,8.391430720136576,perturbed,5,0.1
pair,"1,4",0.9999999999999912,0.0,0.07026978812480854,0.5559461052661084,7.91159501262013,perturbed,5,0.1
pair,"1,5",0.9999999999999912,0.0,0.06686348766388471,0.5217642825700506,7.803426067047256,perturbed,5,0.1
pair,"1,6",0.9999999999999911,0.0,0.06640667713930708,0.5483405323209009,8.257310197445944,perturbed,5,0.1
pair,"1,7",0.9999999999999913,0.0,0.07851669445845827,0.5406366388348185,6.8856265863415755,perturbed,5,0.1
pair,"1,8",0.9999999999999912,0.0,0.07693981036556993,0.5374501240748273,6.98533206049248,perturbed,5,0.1
pair,"1,9",0.9999999999999909,0.0,0.07759841368794552,0.5256609268501882,6.7741194937835,perturbed,5,0.1
pair,"2,3",0.9999999999999913,0.0,0.015319166122260489,0.6629756494793153,43.2775285670371,perturbed,5,0.1
pair,"2,4",0.9999999999999911,0.0,0.04275554639434688,0.5437519288891327,12.717693369509304,perturbed,5,0.1
pair,"2,5",0.9999999999999911,0.0,0.07288807307539315,0.5388610539942038,7.3929935482973015,perturbed,5,0.1
pair,"2,6",0.9999999999999911,0.0,0.0681820160332903,0.549064911641501,8.052928669246397,perturbed,5,0.1
pair,"2,7",0.9999999999999911,0.0,0.07552848742428334,0.5349001662886121,7.082098219229466,perturbed,5,0.1
pair,"2,8",0.999999999999991,0.0,0.07845303688221258,0.5407859452975673,6.893116784114931,perturbed,5,0.1
pair,"2,9",0.9999999999999911,0.0,0.08624638293908651,0.5360868169977482,6.215759997452552,perturbed,5,0.1
pair,"3,4",0.999999999999991,0.0,0.034257371325046554,0.6012295585153524,17.550370482622995,perturbed,5,0.1
pair,"3,5",0.999999999999991,0.0,0.06437603334341616,0.5445627670265186,8.459091664152867,perturbed,5,0.1
pair,"3,6",0.9999999999999909,0.0,0.06141411053912007,0.5674067486974053,9.239029006794356,perturbed,5,0.1
pair,"3,7",0.999999999999991,0.0,0.0681816146913543,0.5491051419575063,8.05356611812737,perturbed,5,0.1
pair,"3,8",0.9999999999999911,0.0,0.06637858901142649,0.5486612413632123,8.265635795132148,perturbed,5,0.1
pair,"3,9",0.9999999999999911,0.0,0.0909567469761162,0.566308317473008,6.226127651879542,perturbed,5,0.1
pair,"4,5",0.999999999999991,0.0,0.047488230401863035,0.5529482794288235,11.643901546753161,perturbed,5,0.1
pair,"4,6",0.9999999999999909,0.0,0.06438532970319756,0.544510291208353,8.45705525961314,perturbed,5,0.1
pair,"4,7",0.999999999999991,0.0,0.07289280935141898,0.5388754620419139,7.392710842628866,perturbed,5,0.1
pair,"4,8",0.9999999999999911,0.0,0.06696442503205277,0.5221231570475117,7.797022923703078,perturbed,5,0.1
pair,"4,9",0.9999999999999911,0.0,0.09074420711566081,0.5321167340958991,5.863919593431165,perturbed,5,0.1
pair,"5,6",0.9999999999999909,0.0,0.034268728261308834,0.6012758557261776,17.545905151229352,perturbed,5,0.1
pair,"5,7",0.9999999999999911,0.0,0.0427620704330952,0.5436818622635041,12.7141145589323,perturbed,5,0.1
pair,"5,8",0.999999999999991,0.0,0.07007765785529221,0.5559722149184987,7.9336586286396855,perturbed,5,0.1
pair,"5,9",0.999999999999991,0.0,0.08586245590992811,0.5229950376705772,6.091079414490685,perturbed,5,0.1
pair,"6,7",0.9999999999999909,0.0,0.015329923043819178,0.6630791753426766,43.25391415516736,perturbed,5,0.1
pair,"6,8",0.999999999999991,0.0,0.06698287427850713,0.5625460646291982,8.398356605155461,perturbed,5,0.1
pair,"6,9",0.999999999999991,0.0,0.07079446758320847,0.543314218848766,7.674529343838629,perturbed,5,0.1
pair,"7,8",0.9999999999999911,0.0,0.04245842771175956,0.5511020434653657,12.979803378652408,perturbed,5,0.1
pair,"7,9",0.999999999999991,0.0,0.06828558163511368,0.5316843127790005,7.786187069769335,perturbed,5,0.1
pair,"8,9",0.9999999999999911,0.0,0.044313246436896096,0.5537743368287972,12.496812609236265,perturbed,5,0.1
modular_A,"0,1,2,3",0.9999999999999911,5.3761179000274554e-17,0.00031113479949933286,0.383748625772016,1233.383814313059,perturbed,5,0.1
single,0,0.9999999999999918,0.0,0.2817966617985024,0.7182033382014894,2.5486580771316514,perturbed,6,0.1
single,1,0.9999999999999919,0.0,0.2706576728341733,0.7293423271658186,2.6947040500591033,perturbed,6,0.1
single,2,0.9999999999999916,0.0,0.2705712813991722,0.7294287186008194,2.695883742091229,perturbed,6,0.1
single,3,0.9999999999999917,0.0,0.24959189143097932,0.7504081085690124,3.006540413900128,perturbed,6,0.1
single,4,0.9999999999999917,0.0,0.2835978317406182,0.7164021682593735,2.5261200477534085,perturbed,6,0.1
single,5,0.9999999999999918,0.0,0.2836274184351753,0.7163725815648165,2.5257522192923942,perturbed,6,0.1
single,6,0.9999999999999918,0.0,0.24961609043574845,0.7503839095642434,3.0061520002749713,perturbed,6,0.1
single,7,0.9999999999999916,0.0,0.2706691345797191,0.7293308654202725,2.6945475942528114,perturbed,6,0.1
single,8,0.9999999999999916,0.0,0.2704775018964212,0.7295224981035704,2.697165172661715,perturbed,6,0.1
single,9,0.9999999999999917,0.0,0.2801630285620854,0.7198369714379063,2.5693503355257565,perturbed,6,0.1
pair,"0,1",0.9999999999999917,0.0,0.04449472564223487,0.552445774960241,12.41598339997075,perturbed,6,0.1
pair,"0,2",0.9999999999999917,0.0,0.06832028046667442,0.5314053044210729,7.77814875453101,perturbed,6,0.1
pair,"0,3",0.9999999999999918,0.0,0.07090468693858963,0.5431079813694749,7.659690844412857,perturbed,6,0.1
pair,"0,4",0.9999999999999916,0.0,0.08593581889875418,0.5227472878437075,6.082996526274864,perturbed,6,0.1
pair,"0,5",0.9999999999999917,0.0,0.09078524194144222,0.5317952259368994,5.8577276941104035,perturbed,6,0.1
pair,"0,6",0.9999999999999918,0.0,0.09097589971007641,0.5659404094101831,6.220772877363476,perturbed,6,0.1
pair,"0,7",0.9999999999999918,0.0,0.08631137191634687,0.5357805801822821,6.207531734075107,perturbed,6,0.1
pair,"0,8",0.9999999999999918,0.0,0.077608358208247,0.5254462346289455,6.770485122478847,perturbed,6,0.1
pair,"0,9",0.9999999999999918,0.0,0.07872346733882687,0.5173927667999684,6.572281230615807,perturbed,6,0.1
pair,"1,2",0.9999999999999917,0.0,0.0424387754990874,0.5509115955354804,12.981326370911129,perturbed,6,0.1
pair,"1,3",0.9999999999999918,0.0,0.06702975680235933,0.5623725830347821,8.3898944269329,perturbed,6,0.1
pair,"1,4",0.9999999999999916,0.0,0.07020240309967879,0.5558396490169509,7.91767267892136,perturbed,6,0.1
pair,"1,5",0.9999999999999918,0.0,0.06693748669878988,0.5217597077986115,7.794731077168514,perturbed,6,0.1
pair,"1,6",0.9999999999999918,0.0,0.06639591100855592,0.5482888855428263,8.25787126367123,perturbed,6,0.1
pair,"1,7",0.9999999999999918,0.0,0.07855263288523663,0.540554037903973,6.881424823706527,perturbed,6,0.1
pair,"1,8",0.9999999999999918,0.0,0.07692966992173113,0.537306806857879,6.9843898642037505,perturbed,6,0.1
pair,"1,9",0.9999999999999917,0.0,0.07716109409814574,0.5265135641332555,6.82356270717924,perturbed,6,0.1
pair,"2,3",0.9999999999999916,0.0,0.015301939110739338,0.6630419061149426,43.3305806091988,perturbed,6,0.1
pair,"2,4",0.9999999999999916,0.0,0.04266494691763359,0.5436452598079954,12.742199371711973,perturbed,6,0.1
pair,"2,5",0.9999999999999918,0.0,0.07295863182855852,0.5389614287030392,7.387219513237516,perturbed,6,0.1
pair,"2,6",0.9999999999999917,0.0,0.06815822578022028,0.549097365458054,8.056215653685687,perturbed,6,0.1
pair,"2,7",0.9999999999999918,0.0,0.07551001254516983,0.5348712966030725,7.083448652364008,perturbed,6,0.1
pair,"2,8",0.9999999999999917,0.0,0.07837685620882322,0.5406880095297228,6.898567200617767,perturbed,6,0.1
pair,"2,9",0.9999999999999917,0.0,0.08553787519923649,0.5368655576069806,6.276349001614816,perturbed,6,0.1
pair,"3,4",0.9999999999999918,0.0,0.03426149443184222,0.6011423386591594,17.545712720005145,perturbed,6,0.1
pair,"3,5",0.9999999999999917,0.0,0.06435658987863672,0.5445415250316896,8.461317264612417,perturbed,6,0.1
pair,"3,6",0.9999999999999917,0.0,0.06141575138947278,0.5673907834243153,9.238522212749013,perturbed,6,0.1
pair,"3,7",0.9999999999999918,0.0,0.06816396940177005,0.5490196754484803,8.054397070283052,perturbed,6,0.1
pair,"3,8",0.9999999999999917,0.0,0.06632341195055844,0.5484178644366028,8.268842755638497,perturbed,6,0.1
pair,"3,9",0.9999999999999917,0.0,0.0899786735779976,0.5667972425137845,6.299239808447042,perturbed,6,0.1
pair,"4,5",0.9999999999999917,0.0,0.047483544925176764,0.5529151395525495,11.644352594647632,perturbed,6,0.1
pair,"4,6",0.9999999999999917,0.0,0.06437039780268836,0.5445562821058845,8.459731502282898,perturbed,6,0.1
pair,"4,7",0.9999999999999916,0.0,0.07293460268611444,0.5389176140531704,7.389052578684596,perturbed,6,0.1
pair,"4,8",0.9999999999999915,0.0,0.06695227300598654,0.522030325776836,7.7970515762796975,perturbed,6,0.1
pair,"4,9",0.9999999999999916,0.0,0.09012494845627665,0.5327758655967475,5.911524774465964,perturbed,6,0.1
pair,"5,6",0.9999999999999917,0.0,0.034270915091528915,0.6012785781283185,17.544864983104656,perturbed,6,0.1
pair,"5,7",0.9999999999999919,0.0,0.04273637575957559,0.5435924284163713,12.719666063273348,perturbed,6,0.1
pair,"5,8",0.9999999999999917,0.0,0.0701326499677365,0.5559660233969966,7.927349439280573,perturbed,6,0.1
pair,"5,9",0.9999999999999917,0.0,0.08552233991959085,0.5238194245254137,6.12494261754198,perturbed,6,0.1
pair,"6,7",0.9999999999999917,0.0,0.015344975069084011,0.6631435367261735,43.21568029538406,perturbed,6,0.1
pair,"6,8",0.9999999999999916,0.0,0.06701364282282267,0.5624160010827474,8.392559744434706,perturbed,6,0.1
pair,"6,9",0.9999999999999916,0.0,0.07059540734271869,0.5443346031471914,7.710623447565316,perturbed,6,0.1
pair,"7,8",0.9999999999999917,0.0,0.042483957993515,0.5510530965406132,12.970851176924926,perturbed,6,0.1
pair,"7,9",0.9999999999999916,0.0,0.06796985785841153,0.5325566140355078,7.835187990901497,perturbed,6,0.1
pair,"8,9",0.9999999999999916,0.0,0.04419905831748273,0.5541417199288527,12.53741009476812,perturbed,6,0.1
modular_A,"0,1,2,3",0.9999999999999918,4.8368056163200485e-17,0.00031218121119707944,0.3833908894933543,1228.103664609464,perturbed,6,0.1
single,0,0.9999999999999916,0.0,0.2817966990654652,0.7182033009345263,2.5486576078298135,perturbed,7,0.1
single,1,0.9999999999999916,0.0,0.27065964259645425,0.7293403574035373,2.6946771613489595,perturbed,7,0.1
single,2,0.9999999999999916,0.0,0.2705704048031072,0.7294295951968844,2.6958957160436188,perturbed,7,0.1
single,3,0.9999999999999916,0.0,0.24948767931319485,0.7505123206867967,3.0082139637229925,perturbed,7,0.1
single,4,0.9999999999999916,0.0,0.28360151339891976,0.7163984866010717,2.526074272365997,perturbed,7,0.1
single,5,0.9999999999999916,0.0,0.283597828735871,0.7164021712641205,2.526120085113,perturbed,7,0.1
single,6,0.9999999999999917,0.0,0.24961652526849687,0.7503834747314948,3.0061450215459664,perturbed,7,0.1
single,7,0.9999999999999916,0.0,0.2706914519246059,0.7293085480753856,2.6942429947086604,perturbed,7,0.1
single,8,0.9999999999999917,0.0,0.2704363307027308,0.7295636692972608,2.6977280286324112,perturbed,7,0.1
single,9,0.9999999999999916,0.0,0.28206262489672507,0.7179373751032665,2.5453119688088184,perturbed,7,0.1
pair,"0,1",0.9999999999999916,0.0,0.04449691155526674,0.5524384900585104,12.415209747138567,perturbed,7,0.1
pair,"0,2",0.9999999999999916,0.0,0.06833955770067261,0.5313563776839271,7.775238757196366,perturbed,7,0.1
pair,"0,3",0.9999999999999916,0.0,0.07088896472445562,0.5431352111322938,7.661773778802561,perturbed,7,0.1
pair,"0,4",0.9999999999999916,0.0,0.08593928384350813,0.5227559837552932,6.082852455545361,perturbed,7,0.1
pair,"0,5",0.9999999999999916,0.0,0.09077638173665409,0.5318282380298668,5.858663099975958,perturbed,7,0.1
pair,"0,6",0.9999999999999916,0.0,0.09097091362302237,0.5659479478468803,6.221196702411193,perturbed,7,0.1
pair,"0,7",0.9999999999999917,0.0,0.0862639121248317,0.5357683390714183,6.210805026974814,perturbed,7,0.1
pair,"0,8",0.9999999999999916,0.0,0.07765319500015541,0.5254576519862628,6.76672288867459,perturbed,7,0.1
pair,"0,9",0.9999999999999915,0.0,0.07926600524610851,0.5160241637699831,6.510031156077678,perturbed,7,0.1
pair,"1,2",0.9999999999999916,0.0,0.04244808877865174,0.5508744263903415,12.977602578596912,perturbed,7,0.1
pair,"1,3",0.9999999999999916,0.0,0.06702261990988216,0.5623847985641512,8.39097008323947,perturbed,7,0.1
pair,"1,4",0.9999999999999916,0.0,0.0701422166581684,0.5559198885565819,7.92561049597001,perturbed,7,0.1
pair,"1,5",0.9999999999999917,0.0,0.06690352104830609,0.5217826342942651,7.799030994460282,perturbed,7,0.1
pair,"1,6",0.9999999999999916,0.0,0.06639840592903189,0.548285429619789,8.257508925828864,perturbed,7,0.1
pair,"1,7",0.9999999999999917,0.0,0.07853612406920767,0.5405373920757841,6.882659393777204,perturbed,7,0.1
pair,"1,8",0.9999999999999916,0.0,0.07700173816406515,0.5373291813659605,6.978143535163977,perturbed,7,0.1
pair,"1,9",0.9999999999999915,0.0,0.07770750538190523,0.5251269664071907,6.757738056657143,perturbed,7,0.1
pair,"2,3",0.9999999999999917,0.0,0.015283205595170152,0.6632435943458251,43.39689014950015,perturbed,7,0.1
pair,"2,4",0.9999999999999918,0.0,0.042623520803904046,0.5437233379896023,12.756415418873624,perturbed,7,0.1
pair,"2,5",0.9999999999999916,0.0,0.07289054975758781,0.5389379128504914,7.3937967904322015,perturbed,7,0.1
pair,"2,6",0.9999999999999917,0.0,0.06815629869673741,0.5490806023717905,8.056197488289875,perturbed,7,0.1
pair,"2,7",0.9999999999999915,0.0,0.07553289767470456,0.5348920729741397,7.081577556811663,perturbed,7,0.1
pair,"2,8",0.9999999999999916,0.0,0.07849061935810016,0.5407965506015847,6.889951372842302,perturbed,7,0.1
pair,"2,9",0.9999999999999916,0.0,0.08624007167702737,0.5356185023359202,6.210784521861643,perturbed,7,0.1
pair,"3,4",0.9999999999999916,0.0,0.03421776425934837,0.6012082310503164,17.570061751947016,perturbed,7,0.1
pair,"3,5",0.9999999999999915,0.0,0.06433315671941477,0.5446225877695877,8.465659320044354,perturbed,7,0.1
pair,"3,6",0.9999999999999916,0.0,0.06140622004919188,0.5674841986654333,9.241477462882875,perturbed,7,0.1
pair,"3,7",0.9999999999999916,0.0,0.06816177814344138,0.549100560827102,8.05584266994269,perturbed,7,0.1
pair,"3,8",0.9999999999999916,0.0,0.06630216853838578,0.5485293298558477,8.273173290527827,perturbed,7,0.1
pair,"3,9",0.9999999999999916,0.0,0.09071707370713163,0.5656483345351488,6.235301817178005,perturbed,7,0.1
pair,"4,5",0.9999999999999917,0.0,0.04748942639723927,0.5528443415814258,11.641419649018221,perturbed,7,0.1
pair,"4,6",0.9999999999999917,0.0,0.06434583214279992,0.5445298457963919,8.462550372927657,perturbed,7,0.1
pair,"4,7",0.9999999999999916,0.0,0.0729397686476493,0.5388343381862793,7.387387541482761,perturbed,7,0.1
pair,"4,8",0.9999999999999915,0.0,0.06684061565132933,0.5219205325131829,7.808433950335749,perturbed,7,0.1
pair,"4,9",0.9999999999999916,0.0,0.09068477578689306,0.5314977290556121,5.860936683623923,perturbed,7,0.1
pair,"5,6",0.9999999999999916,0.0,0.03427582711396819,0.6012484663652742,17.541472139128967,perturbed,7,0.1
pair,"5,7",0.9999999999999916,0.0,0.04270150118717208,0.5436179477072326,12.730651911379182,perturbed,7,0.1
pair,"5,8",0.9999999999999916,0.0,0.07012505606219957,0.5560512661293955,7.9294234807625505,perturbed,7,0.1
pair,"5,9",0.9999999999999916,0.0,0.08597564521608081,0.5224349333733941,6.076545654997635,perturbed,7,0.1
pair,"6,7",0.9999999999999918,0.0,0.015356642282649168,0.6631458814358608,43.18299985310733,perturbed,7,0.1
pair,"6,8",0.9999999999999915,0.0,0.0670413377510594,0.5624744626019018,8.389964780990868,perturbed,7,0.1
pair,"6,9",0.9999999999999916,0.0,0.07093906722556971,0.5428180499126791,7.651891561904024,perturbed,7,0.1
pair,"7,8",0.9999999999999915,0.0,0.04247006307521497,0.5510996632411571,12.97619130598307,perturbed,7,0.1
pair,"7,9",0.9999999999999915,0.0,0.06846143275131493,0.5312034520551686,7.759163527657342,perturbed,7,0.1
pair,"8,9",0.9999999999999913,0.0,0.04460222046482574,0.5528124762480786,12.394281506321828,perturbed,7,0.1
modular_A,"0,1,2,3",0.9999999999999916,6.65359246920926e-17,0.00031328553602063376,0.3830598161005659,1222.7178470037527,perturbed,7,0.1
single,0,0.9999999999999912,0.0,0.2817966990654651,0.7182033009345261,2.548657607829813,perturbed,8,0.1
single,1,0.9999999999999913,0.0,0.2706596493493103,0.729340350650681,2.6946770691681587,perturbed,8,0.1
single,2,0.9999999999999913,0.0,0.27057061930074355,0.7294293806992478,2.6958927860843436,perturbed,8,0.1
single,3,0.9999999999999911,0.0,0.2494740243014959,0.7505259756984952,3.0084333541333543,perturbed,8,0.1
single,4,0.9999999999999916,0.0,0.2834959142514356,0.716504085748556,2.5273876967167883,perturbed,8,0.1
single,5,0.9999999999999913,0.0,0.2836039653160177,0.7163960346839735,2.526043787454449,perturbed,8,0.1
single,6,0.9999999999999911,0.0,0.24959799791914633,0.7504020020808448,3.0064423927147312,perturbed,8,0.1
single,7,0.9999999999999911,0.0,0.2705116222105086,0.7294883777894825,2.6966988398812832,perturbed,8,0.1
single,8,0.9999999999999911,0.0,0.27128282073592447,0.7287171792640667,2.686189922705882,perturbed,8,0.1
single,9,0.9999999999999911,0.0,0.28181303492894316,0.718186965071048,2.548451902702559,perturbed,8,0.1
pair,"0,1",0.9999999999999913,0.0,0.04449691943353958,0.5524384661869416,12.415207012522776,perturbed,8,0.1
pair,"0,2",0.9999999999999913,0.0,0.06834016559850283,0.5313548604680717,7.775147394136727,perturbed,8,0.1
pair,"0,3",0.9999999999999911,0.0,0.07089016581852327,0.5431355384454264,7.661648582341271,perturbed,8,0.1
pair,"0,4",0.9999999999999913,0.0,0.08594352379000553,0.5227685480922876,6.082698556433649,perturbed,8,0.1
pair,"0,5",0.9999999999999913,0.0,0.09075081797687333,0.5318477483021855,5.860528424523071,perturbed,8,0.1
pair,"0,6",0.9999999999999911,0.0,0.09067295688113508,0.5659970680721778,6.242181655266346,perturbed,8,0.1
pair,"0,7",0.9999999999999912,0.0,0.08631722088507177,0.5358759246333225,6.208215685567793,perturbed,8,0.1
pair,"0,8",0.9999999999999911,0.0,0.07769025808972863,0.5249118813240317,6.75646978438124,perturbed,8,0.1
pair,"0,9",0.9999999999999911,0.0,0.0792167053190603,0.5161937169396694,6.516222996912095,perturbed,8,0.1
pair,"1,2",0.9999999999999913,0.0,0.04244853361094191,0.5508730829975793,12.977434934420947,perturbed,8,0.1
pair,"1,3",0.9999999999999911,0.0,0.0670267527347162,0.5623825763116731,8.390419546916073,perturbed,8,0.1
pair,"1,4",0.9999999999999913,0.0,0.07012028286525654,0.5559688986525684,7.928788589186396,perturbed,8,0.1
pair,"1,5",0.9999999999999913,0.0,0.06688568249176029,0.521805575546644,7.801454004912422,perturbed,8,0.1
pair,"1,6",0.9999999999999912,0.0,0.066346912561021,0.548315016523852,8.264363711266176,perturbed,8,0.1
pair,"1,7",0.9999999999999911,0.0,0.07851772373105208,0.5406590111718717,6.885821257679336,perturbed,8,0.1
pair,"1,8",0.9999999999999912,0.0,0.07698237405317478,0.5367673669537756,6.972600852540727,perturbed,8,0.1
pair,"1,9",0.9999999999999911,0.0,0.07771916967222983,0.5252828528482162,6.758729603822662,perturbed,8,0.1
pair,"2,3",0.9999999999999911,0.0,0.015282273667297744,0.6632579998013157,43.40047915910637,perturbed,8,0.1
pair,"2,4",0.9999999999999913,0.0,0.04260109231872691,0.5438004600663717,12.764941706138455,perturbed,8,0.1
pair,"2,5",0.9999999999999911,0.0,0.07286695966095776,0.5389782918304513,7.396744619759905,perturbed,8,0.1
pair,"2,6",0.9999999999999911,0.0,0.06813702129225108,0.5491034856689405,8.058812599302572,perturbed,8,0.1
pair,"2,7",0.9999999999999912,0.0,0.07548108477395916,0.5350085874834083,7.0879822287342815,perturbed,8,0.1
pair,"2,8",0.9999999999999911,0.0,0.0786105520673538,0.5401738520044219,6.871518362338927,perturbed,8,0.1
pair,"2,9",0.9999999999999911,0.0,0.086326583775632,0.5358055950468975,6.20672765691144,perturbed,8,0.1
pair,"3,4",0.9999999999999913,0.0,0.03418480015668222,0.6013966377478348,17.592515825495553,perturbed,8,0.1
pair,"3,5",0.9999999999999913,0.0,0.06432086093584613,0.5446415339551547,8.467572200228823,perturbed,8,0.1
pair,"3,6",0.9999999999999913,0.0,0.06138151802651449,0.5674960585756215,9.245389765865431,perturbed,8,0.1
pair,"3,7",0.9999999999999913,0.0,0.06810637039838263,0.5492345640236289,8.064364035418807,perturbed,8,0.1
pair,"3,8",0.9999999999999913,0.0,0.06652517762062223,0.5479444662975118,8.236647926328178,perturbed,8,0.1
pair,"3,9",0.9999999999999913,0.0,0.09098446967194791,0.5659936217351845,6.220771784194838,perturbed,8,0.1
pair,"4,5",0.9999999999999911,0.0,0.047441989912913644,0.5528910574780204,11.654044412827721,perturbed,8,0.1
pair,"4,6",0.9999999999999913,0.0,0.06434422394002731,0.5446226641029502,8.464204411114995,perturbed,8,0.1
pair,"4,7",0.9999999999999912,0.0,0.072851554690057,0.5390507308108134,7.39930304993731,perturbed,8,0.1
pair,"4,8",0.9999999999999915,0.0,0.06708982811303121,0.5214184767452206,7.771945336731943,perturbed,8,0.1
pair,"4,9",0.9999999999999913,0.0,0.09077937079035182,0.5318268306783859,5.858454691282232,perturbed,8,0.1
pair,"5,6",0.9999999999999912,0.0,0.03429300870439822,0.6011312066684096,17.529264108906023,perturbed,8,0.1
pair,"5,7",0.9999999999999913,0.0,0.04266120455436338,0.5437188260692213,12.74504158400773,perturbed,8,0.1
pair,"5,8",0.9999999999999912,0.0,0.07035211881436661,0.5552953716519556,7.893086676140858,perturbed,8,0.1
pair,"5,9",0.9999999999999911,0.0,0.08595987812868494,0.5226640363822129,6.08032546997992,perturbed,8,0.1
pair,"6,7",0.9999999999999911,0.0,0.015305588955851346,0.6632694473092244,43.33511433126888,perturbed,8,0.1
pair,"6,8",0.9999999999999913,0.0,0.0671608216048616,0.561787291569726,8.364806715364239,perturbed,8,0.1
pair,"6,9",0.9999999999999912,0.0,0.07087294737296818,0.5430813311744098,7.6627451136813844,perturbed,8,0.1
pair,"7,8",0.9999999999999912,0.0,0.04262095073965071,0.550655758138167,12.919837511411641,perturbed,8,0.1
pair,"7,9",0.9999999999999912,0.0,0.06828100210523055,0.531518513821965,7.7842810948032195,perturbed,8,0.1
pair,"8,9",0.9999999999999913,0.0,0.0445599825068961,0.5522654397437216,12.393753513216774,perturbed,8,0.1
modular_A,"0,1,2,3",0.9999999999999913,5.982168385578171e-17,0.0003141569976411782,0.38295981298071036,1219.0077440774273,perturbed,8,0.1
single,0,0.9999999999999913,0.0,0.28179669906546506,0.7182033009345263,2.5486576078298144,perturbed,9,0.1
single,1,0.9999999999999913,0.0,0.2706596493493102,0.729340350650681,2.6946770691681596,perturbed,9,0.1
single,2,0.9999999999999913,0.0,0.2705706206329177,0.7294293793670736,2.6958927678873463,perturbed,9,0.1
single,3,0.9999999999999915,0.0,0.24947388482655225,0.7505261151734391,3.008435595153559,perturbed,9,0.1
single,4,0.9999999999999915,0.0,0.2834816392164565,0.7165183607835349,2.527565322269168,perturbed,9,0.1
single,5,0.9999999999999913,0.0,0.2835063557735629,0.7164936442264285,2.5272577832388823,perturbed,9,0.1
single,6,0.9999999999999916,0.0,0.24979544967559714,0.7502045503243944,3.00327548519665,perturbed,9,0.1
single,7,0.9999999999999915,0.0,0.27108617167812377,0.7289138283218677,2.6888639276936233,perturbed,9,0.1
single,8,0.9999999999999913,0.0,0.2708245085142697,0.7291754914857217,2.692428006187267,perturbed,9,0.1
single,9,0.9999999999999913,0.0,0.28181491853093416,0.7181850814690572,2.5484281854660713,perturbed,9,0.1
pair,"0,1",0.9999999999999913,0.0,0.04449691943353964,0.5524384661869417,12.415207012522762,perturbed,9,0.1
pair,"0,2",0.9999999999999913,0.0,0.06834016764581136,0.5313548553480129,7.775147086291647,perturbed,9,0.1
pair,"0,3",0.9999999999999913,0.0,0.07089035739395119,0.5431353696381196,7.661625496113852,perturbed,9,0.1
pair,"0,4",0.9999999999999913,0.0,0.08597174832154536,0.52275978818716,6.080599713198472,perturbed,9,0.1
pair,"0,5",0.9999999999999913,0.0,0.09075248431099929,0.5318698488567927,5.86066434318349,perturbed,9,0.1
pair,"0,6",0.9999999999999913,0.0,0.0908526779156513,0.5658583616512388,6.228306909968999,perturbed,9,0.1
pair,"0,7",0.9999999999999915,0.0,0.08515204991384517,0.5358029965233037,6.29230884124829,perturbed,9,0.1
pair,"0,8",0.9999999999999913,0.0,0.07776383322753798,0.5251768178878586,6.753484185266235,perturbed,9,0.1
pair,"0,9",0.9999999999999915,0.0,0.07921792216149749,0.5161920354363916,6.516101676891468,perturbed,9,0.1
pair,"1,2",0.9999999999999913,0.0,0.04244853539870847,0.5508730781196945,12.97743427294915,perturbed,9,0.1
pair,"1,3",0.9999999999999913,0.0,0.06702703847904096,0.5623823547077612,8.3903804713618,perturbed,9,0.1
pair,"1,4",0.9999999999999913,0.0,0.0701196574152575,0.5559718123432529,7.9289008651413875,perturbed,9,0.1
pair,"1,5",0.9999999999999913,0.0,0.06685596014682535,0.5218502599790891,7.805590688295112,perturbed,9,0.1
pair,"1,6",0.9999999999999913,0.0,0.06641675398279612,0.5481676856900283,8.253454931447264,perturbed,9,0.1
pair,"1,7",0.9999999999999915,0.0,0.07815594865953278,0.5403799188284388,6.914123980280393,perturbed,9,0.1
pair,"1,8",0.9999999999999913,0.0,0.0771028214537827,0.5370337240431688,6.965163063002564,perturbed,9,0.1
pair,"1,9",0.9999999999999916,0.0,0.07772194129454975,0.525282088035181,6.758478742115726,perturbed,9,0.1
pair,"2,3",0.9999999999999913,0.0,0.01528229396715987,0.6632580265102401,43.400423256843226,perturbed,9,0.1
pair,"2,4",0.9999999999999913,0.0,0.04259963860902372,0.5438045966014277,12.765474411471546,perturbed,9,0.1
pair,"2,5",0.9999999999999912,0.0,0.07283341456590384,0.5390404371573022,7.4010046126499756,perturbed,9,0.1
pair,"2,6",0.9999999999999913,0.0,0.06819794378053828,0.5489574514005987,8.049472183019912,perturbed,9,0.1
pair,"2,7",0.9999999999999913,0.0,0.07555348387278668,0.5345992133643667,7.075771836868556,perturbed,9,0.1
pair,"2,8",0.9999999999999913,0.0,0.07857692268548311,0.5404777694195169,6.878327006809199,perturbed,9,0.1
pair,"2,9",0.9999999999999913,0.0,0.08633691965082707,0.5358107957294583,6.206044851917826,perturbed,9,0.1
pair,"3,4",0.9999999999999912,0.0,0.03418249135694451,0.6014122051385202,17.594159502839673,perturbed,9,0.1
pair,"3,5",0.9999999999999913,0.0,0.06428686988140765,0.5447135625463482,8.473169770922139,perturbed,9,0.1
pair,"3,6",0.9999999999999912,0.0,0.06142948273887722,0.5673574242270278,9.235914074659156,perturbed,9,0.1
pair,"3,7",0.9999999999999913,0.0,0.06822865878776901,0.5488025377217216,8.043577984272241,perturbed,9,0.1
pair,"3,8",0.9999999999999915,0.0,0.0664113998703706,0.5482521160127025,8.255391650873856,perturbed,9,0.1
pair,"3,9",0.9999999999999913,0.0,0.09099425713614791,0.5659955569383387,6.220123936958811,perturbed,9,0.1
pair,"4,5",0.9999999999999915,0.0,0.047395522838314226,0.5530474330745547,11.66876953676044,perturbed,9,0.1
pair,"4,6",0.9999999999999916,0.0,0.06439426112783982,0.5444975400596839,8.455684256997852,perturbed,9,0.1
pair,"4,7",0.9999999999999915,0.0,0.0730115893852288,0.5386182113522219,7.377160473939654,perturbed,9,0.1
pair,"4,8",0.9999999999999915,0.0,0.06695445077643038,0.5216965874693424,7.791813410752263,perturbed,9,0.1
pair,"4,9",0.9999999999999913,0.0,0.09078542562160662,0.5318370637839875,5.858176685767635,perturbed,9,0.1
pair,"5,6",0.9999999999999916,0.0,0.03431291786061979,0.6009770827106835,17.514601502322606,perturbed,9,0.1
pair,"5,7",0.9999999999999913,0.0,0.042920539253338545,0.5433033887411642,12.65835420972498,perturbed,9,0.1
pair,"5,8",0.9999999999999913,0.0,0.07033173034543881,0.5556466418333582,7.900369280042792,perturbed,9,0.1
pair,"5,9",0.9999999999999916,0.0,0.08599331431018688,0.5227221733606269,6.078637363308423,perturbed,9,0.1
pair,"6,7",0.9999999999999913,0.0,0.01570232693198108,0.6620177832268835,42.16048908512696,perturbed,9,0.1
pair,"6,8",0.9999999999999916,0.0,0.06718264422430831,0.5619743425736727,8.36487383106509,perturbed,9,0.1
pair,"6,9",0.9999999999999916,0.0,0.07097971334716308,0.5429197385145227,7.648942393710331,perturbed,9,0.1
pair,"7,8",0.9999999999999915,0.0,0.04268220896332018,0.550337156760067,12.8938302427836,perturbed,9,0.1
pair,"7,9",0.9999999999999915,0.0,0.06849748813420013,0.5309620140249469,7.751554523936517,perturbed,9,0.1
pair,"8,9",0.9999999999999913,0.0,0.044532046007787804,0.5523669414344945,12.403807840715338,perturbed,9,0.1
modular_A,"0,1,2,3",0.9999999999999912,5.2510822561474034e-17,0.0003142454040286419,0.3829563147950558,1218.6536696656071,perturbed,9,0.1
single,0,0.999999999999992,0.0,0.2818697743829585,0.7181302256170334,2.547737611062035,perturbed,0,0.2
single,1,0.999999999999992,0.0,0.2713177203492183,0.7286822796507737,2.685715767893349,perturbed,0,0.2
single,2,0.9999999999999918,0.0,0.27262767806206456,0.7273723219379272,2.6680061507633814,perturbed,0,0.2
single,3,0.9999999999999917,0.0,0.2507571291743976,0.749242870825594,2.987922510089464,perturbed,0,0.2
single,4,0.999999999999992,0.0,0.28358102869285035,0.7164189713071416,2.5263289812066474,perturbed,0,0.2
single,5,0.9999999999999917,0.0,0.28348233901806597,0.7165176609819257,2.5275566141574095,perturbed,0,0.2
single,6,0.999999999999992,0.0,0.24947388413305366,0.7505261158669383,3.0084356062963886,perturbed,0,0.2
single,7,0.999999999999992,0.0,0.2705706206329178,0.7294293793670742,2.695892767887347,perturbed,0,0.2
single,8,0.9999999999999918,0.0,0.2706596493493105,0.7293403506506813,2.6946770691681574,perturbed,0,0.2
single,9,0.9999999999999918,0.0,0.28179669906546523,0.7182033009345266,2.548657607829814,perturbed,0,0.2
pair,"0,1",0.999999999999992,0.0,0.04463798997175873,0.5521513123062686,12.36953797999417,perturbed,0,0.2
pair,"0,2",0.999999999999992,0.0,0.06896824677086909,0.5297872342758021,7.681610872839737,perturbed,0,0.2
pair,"0,3",0.999999999999992,0.0,0.0712471569694929,0.5422739065525624,7.6111655484689305,perturbed,0,0.2
pair,"0,4",0.9999999999999919,0.0,0.0860527363632044,0.5226109459231268,6.073147328137632,perturbed,0,0.2
pair,"0,5",0.9999999999999918,0.0,0.09088738655759497,0.5317100514858503,5.8502072908533655,perturbed,0,0.2
pair,"0,6",0.9999999999999919,0.0,0.09108473644997292,0.5658621100880219,6.212480072320505,perturbed,0,0.2
pair,"0,7",0.999999999999992,0.0,0.08637009181460097,0.5357448003218146,6.20289719584675,perturbed,0,0.2
pair,"0,8",0.9999999999999919,0.0,0.07773445939560839,0.5252421236636198,6.756876265010642,perturbed,0,0.2
pair,"0,9",0.9999999999999919,0.0,0.07924181984742473,0.5161438188068324,6.513528081518517,perturbed,0,0.2
pair,"1,2",0.9999999999999919,0.0,0.04338109107995465,0.5487346392365712,12.649166389688343,perturbed,0,0.2
pair,"1,3",0.9999999999999921,0.0,0.06764675946691066,0.560755405766181,8.289464420545878,perturbed,0,0.2
pair,"1,4",0.999999999999992,0.0,0.07096181025901313,0.5546780375853136,7.8165711325672085,perturbed,0,0.2
pair,"1,5",0.9999999999999918,0.0,0.06721579354633973,0.5212227907326121,7.754469050094188,perturbed,0,0.2
pair,"1,6",0.999999999999992,0.0,0.06656816545900278,0.5478693461926549,8.230200463163888,perturbed,0,0.2
pair,"1,7",0.999999999999992,0.0,0.0787513801601486,0.5400838123481714,6.858086947172969,perturbed,0,0.2
pair,"1,8",0.999999999999992,0.0,0.0772476442883089,0.5366588249418451,6.947251659078311,perturbed,0,0.2
pair,"1,9",0.999999999999992,0.0,0.07790159518640881,0.5248221642099978,6.736988670824568,perturbed,0,0.2
pair,"2,3",0.9999999999999919,0.0,0.01695713745921436,0.6583116163632037,38.822095884201424,perturbed,0,0.2
pair,"2,4",0.9999999999999918,0.0,0.04387904264628618,0.5418059286337853,12.347715354715984,perturbed,0,0.2
pair,"2,5",0.9999999999999919,0.0,0.07353219874877522,0.5373251191355207,7.307344650080529,perturbed,0,0.2
pair,"2,6",0.999999999999992,0.0,0.06857131011606514,0.5476587953814315,7.9867045628040865,perturbed,0,0.2
pair,"2,7",0.999999999999992,0.0,0.07575931789864479,0.5335466004250774,7.042653170912745,perturbed,0,0.2
pair,"2,8",0.999999999999992,0.0,0.07713130424632406,0.5396891723486957,6.997018624567293,perturbed,0,0.2
pair,"2,9",0.999999999999992,0.0,0.08195291189537308,0.5357018179575342,6.536702669472554,perturbed,0,0.2
pair,"3,4",0.9999999999999919,0.0,0.034702618673892294,0.5996757968939841,17.2804191674773,perturbed,0,0.2
pair,"3,5",0.9999999999999919,0.0,0.06472622795627365,0.5438024508807725,8.40157797003315,perturbed,0,0.2
pair,"3,6",0.9999999999999919,0.0,0.06167798297255542,0.5666439267547405,9.187134524273882,perturbed,0,0.2
pair,"3,7",0.9999999999999921,0.0,0.06844787504238588,0.5482768242016791,8.010136528886578,perturbed,0,0.2
pair,"3,8",0.999999999999992,0.0,0.06659136816495086,0.5475320192270475,8.222267154367177,perturbed,0,0.2
pair,"3,9",0.999999999999992,0.0,0.0905394772837083,0.565312714521474,6.243825693294527,perturbed,0,0.2
pair,"4,5",0.9999999999999919,0.0,0.0474155468278593,0.552974546989294,11.662304538991217,perturbed,0,0.2
pair,"4,6",0.999999999999992,0.0,0.06429783014290973,0.5446644495887484,8.470961591987873,perturbed,0,0.2
pair,"4,7",0.999999999999992,0.0,0.0728209393127764,0.5390090532727911,7.4018415356834355,perturbed,0,0.2
pair,"4,8",0.999999999999992,0.0,0.06682442330609308,0.5218347296033854,7.8090420206560065,perturbed,0,0.2
pair,"4,9",0.9999999999999918,0.0,0.09075690235343661,0.5318399088516188,5.860049153952643,perturbed,0,0.2
pair,"5,6",0.9999999999999918,0.0,0.034182358428602996,0.6014117772256691,17.5942154044708,perturbed,0,0.2
pair,"5,7",0.999999999999992,0.0,0.042599443847267576,0.5438047200618071,12.765535672520006,perturbed,0,0.2
pair,"5,8",0.9999999999999919,0.0,0.07011957691842222,0.55597185485848,7.9289105737945755,perturbed,0,0.2
pair,"5,9",0.999999999999992,0.0,0.08596702156387309,0.5227614340679956,6.080953190632367,perturbed,0,0.2
pair,"6,7",0.999999999999992,0.0,0.015282293461576316,0.6632580284077366,43.40042481682091,perturbed,0,0.2
pair,"6,8",0.999999999999992,0.0,0.06702703404071718,0.5623823582435141,8.390381079698104,perturbed,0,0.2
pair,"6,9",0.9999999999999918,0.0,0.0708903539788599,0.543135372821524,7.661625910113124,perturbed,0,0.2
pair,"7,8",0.9999999999999921,0.0,0.0424485353987084,0.5508730781196948,12.977434272949177,perturbed,0,0.2
pair,"7,9",0.9999999999999919,0.0,0.06834016764581144,0.531354855348013,7.775147086291639,perturbed,0,0.2
pair,"8,9",0.999999999999992,0.0,0.04449691943353944,0.552438466186942,12.415207012522824,perturbed,0,0.2
modular_A,"0,1,2,3",0.9999999999999919,4.7143972985671584e-17,0.00021234469988031852,0.3822246556782214,1800.0197598228278,perturbed,0,0.2
single,0,0.9999999999999916,0.0,0.2818658547708264,0.7181341452291652,2.547786945719448,perturbed,1,0.2
single,1,0.9999999999999916,0.0,0.27314586786193973,0.7268541321380518,2.6610475121865536,perturbed,1,0.2
single,2,0.9999999999999915,0.0,0.27033658444303543,0.729663415556956,2.6990923816702606,perturbed,1,0.2
single,3,0.9999999999999916,0.0,0.24996952789665872,0.7500304721033328,3.000487613087812,perturbed,1,0.2
single,4,0.9999999999999911,0.0,0.28397087592043657,0.7160291240795547,2.5214878876528624,perturbed,1,0.2
single,5,0.9999999999999913,0.0,0.28353937336165913,0.7164606266383322,2.526847041184911,perturbed,1,0.2
single,6,0.9999999999999915,0.0,0.24947444308906427,0.7505255569109271,3.008426625259501,perturbed,1,0.2
single,7,0.9999999999999912,0.0,0.2705706153573305,0.7294293846426607,2.6958928399498814,perturbed,1,0.2
single,8,0.9999999999999915,0.0,0.27065964934931036,0.7293403506506811,2.6946770691681587,perturbed,1,0.2
single,9,0.9999999999999916,0.0,0.28179669906546534,0.7182033009345263,2.548657607829812,perturbed,1,0.2
pair,"0,1",0.9999999999999916,0.0,0.04475216130471613,0.5517436568422798,12.328871740640048,perturbed,1,0.2
pair,"0,2",0.9999999999999916,0.0,0.06810715433242064,0.5319990514926728,7.8112065715749415,perturbed,1,0.2
pair,"0,3",0.9999999999999916,0.0,0.07082389841255596,0.5429153286329684,7.665708056204911,perturbed,1,0.2
pair,"0,4",0.9999999999999916,0.0,0.08592219004720866,0.5223768037806991,6.079649546801437,perturbed,1,0.2
pair,"0,5",0.9999999999999916,0.0,0.09086413987238032,0.5316661751433329,5.85122112959044,perturbed,1,0.2
pair,"0,6",0.9999999999999916,0.0,0.09104710712856943,0.5658517405728322,6.214933768008485,perturbed,1,0.2
pair,"0,7",0.9999999999999916,0.0,0.08633089198684683,0.5357215155929911,6.205443998825036,perturbed,1,0.2
pair,"0,8",0.9999999999999916,0.0,0.07772491225791803,0.5252424123252165,6.757709942241958,perturbed,1,0.2
pair,"0,9",0.9999999999999916,0.0,0.07923812564077362,0.5161478706536545,6.513882887558611,perturbed,1,0.2
pair,"1,2",0.9999999999999916,0.0,0.04314055800240611,0.5500012602943294,12.749052997034802,perturbed,1,0.2
pair,"1,3",0.9999999999999915,0.0,0.06756141857458203,0.5600087707241892,8.288884137416199,perturbed,1,0.2
pair,"1,4",0.9999999999999915,0.0,0.07104766861515224,0.5532735524487591,7.7873569004171825,perturbed,1,0.2
pair,"1,5",0.9999999999999916,0.0,0.06775778273799415,0.5201122358753529,7.676051589328466,perturbed,1,0.2
pair,"1,6",0.9999999999999916,0.0,0.06702333897591224,0.5466419143788064,8.155993460356637,perturbed,1,0.2
pair,"1,7",0.9999999999999916,0.0,0.07889321034800409,0.5388706052177828,6.830379988858137,perturbed,1,0.2
pair,"1,8",0.9999999999999916,0.0,0.0767950494889381,0.5355943129714245,6.974333847503723,perturbed,1,0.2
pair,"1,9",0.9999999999999917,0.0,0.07762976822903951,0.5237635089611847,6.746941552316227,perturbed,1,0.2
pair,"2,3",0.9999999999999916,0.0,0.015375189317683441,0.6633022279041916,43.1410771079943,perturbed,1,0.2
pair,"2,4",0.9999999999999915,0.0,0.042845216089648974,0.543460968422909,12.684285855526456,perturbed,1,0.2
pair,"2,5",0.9999999999999913,0.0,0.07289321784155602,0.5390495475524416,7.395057640673018,perturbed,1,0.2
pair,"2,6",0.9999999999999916,0.0,0.06808244115520307,0.5493814208442285,8.069355497871173,perturbed,1,0.2
pair,"2,7",0.9999999999999913,0.0,0.07546537009687758,0.5351790859506852,7.091717502526746,perturbed,1,0.2
pair,"2,8",0.9999999999999916,0.0,0.07851552527651937,0.5408055491943965,6.8878804196974315,perturbed,1,0.2
pair,"2,9",0.9999999999999916,0.0,0.0862919136251137,0.5360035845846305,6.21151579640756,perturbed,1,0.2
pair,"3,4",0.9999999999999916,0.0,0.03462353276987233,0.6002899902284051,17.33762970457906,perturbed,1,0.2
pair,"3,5",0.9999999999999916,0.0,0.0645270946654561,0.5443013590504452,8.435237350641655,perturbed,1,0.2
pair,"3,6",0.9999999999999918,0.0,0.06148686099777736,0.5671969198687936,9.224684927228546,perturbed,1,0.2
pair,"3,7",0.9999999999999916,0.0,0.06820541926288086,0.5488590741426819,8.04714757382021,perturbed,1,0.2
pair,"3,8",0.9999999999999916,0.0,0.06631350179043757,0.5481192881675317,8.265575989331493,perturbed,1,0.2
pair,"3,9",0.9999999999999916,0.0,0.08983872750905751,0.5658656667115487,6.29868301122696,perturbed,1,0.2
pair,"4,5",0.9999999999999916,0.0,0.04760092981229122,0.5523504492412838,11.60377436784143,perturbed,1,0.2
pair,"4,6",0.9999999999999917,0.0,0.0644334145580169,0.5443766714459295,8.448670230812676,perturbed,1,0.2
pair,"4,7",0.9999999999999915,0.0,0.07295470710521991,0.5387606223973456,7.384864442267046,perturbed,1,0.2
pair,"4,8",0.9999999999999917,0.0,0.06694314287010088,0.5216555606370613,7.792516727953786,perturbed,1,0.2
pair,"4,9",0.9999999999999916,0.0,0.09075113542524497,0.5317501809515509,5.859432815466787,perturbed,1,0.2
pair,"5,6",0.9999999999999915,0.0,0.03419160122234004,0.6013495577251361,17.587639543837085,perturbed,1,0.2
pair,"5,7",0.9999999999999915,0.0,0.042605303261653786,0.5437879878626515,12.763387330517585,perturbed,1,0.2
pair,"5,8",0.9999999999999915,0.0,0.070122190503026,0.5559599499625765,7.928445274945953,perturbed,1,0.2
pair,"5,9",0.9999999999999915,0.0,0.08585549576703352,0.5227957633074122,6.089252163029887,perturbed,1,0.2
pair,"6,7",0.9999999999999915,0.0,0.01528221394891516,0.6632579162014711,43.400643284970755,perturbed,1,0.2
pair,"6,8",0.9999999999999916,0.0,0.0670259042506585,0.5623832309991994,8.390535529308792,perturbed,1,0.2
pair,"6,9",0.9999999999999917,0.0,0.07088959717951916,0.5431360365694573,7.661717066807874,perturbed,1,0.2
pair,"7,8",0.9999999999999915,0.0,0.04244852831891562,0.5508730974367678,12.977436892465635,perturbed,1,0.2
pair,"7,9",0.9999999999999916,0.0,0.06834015953819736,0.5313548756241271,7.775148305399213,perturbed,1,0.2
pair,"8,9",0.9999999999999916,0.0,0.04449691943353964,0.5524384661869417,12.415207012522762,perturbed,1,0.2
modular_A,"0,1,2,3",0.9999999999999916,4.665572771874527e-17,0.00024085180207233464,0.38429250311662577,1595.5558555514224,perturbed,1,0.2
single,0,0.9999999999999916,0.0,0.28285986943279656,0.7171401305671949,2.53531945696375,perturbed,2,0.2
single,1,0.9999999999999918,0.0,0.2697760653869599,0.7302239346130318,2.706778058926826,perturbed,2,0.2
single,2,0.9999999999999916,0.0,0.2710543237061934,0.7289456762937981,2.6892973568056098,perturbed,2,0.2
single,3,0.9999999999999918,0.0,0.25004334780244,0.7499566521975518,2.999306555398126,perturbed,2,0.2
single,4,0.9999999999999919,0.0,0.283946393434501,0.7160536065654909,2.521791518125641,perturbed,2,0.2
single,5,0.9999999999999915,0.0,0.2839610983786905,0.7160389016213009,2.5216091419198254,perturbed,2,0.2
single,6,0.9999999999999916,0.0,0.24952902393266307,0.7504709760673285,3.0075498402536436,perturbed,2,0.2
single,7,0.9999999999999916,0.0,0.27056977253538067,0.7294302274646108,2.6959043526165805,perturbed,2,0.2
single,8,0.9999999999999916,0.0,0.27065962260710197,0.7293403773928896,2.6946774342164184,perturbed,2,0.2
single,9,0.9999999999999916,0.0,0.28179669906546523,0.7182033009345263,2.548657607829813,perturbed,2,0.2
pair,"0,1",0.9999999999999915,0.0,0.044930212046194476,0.5538865092591938,12.327707438587689,perturbed,2,0.2
pair,"0,2",0.9999999999999915,0.0,0.06882719170896133,0.5307447059619399,7.711264876332833,perturbed,2,0.2
pair,"0,3",0.9999999999999916,0.0,0.07108883985795071,0.5418673565829615,7.622396956621005,perturbed,2,0.2
pair,"0,4",0.9999999999999918,0.0,0.08598791011564888,0.5214641639160787,6.06438932187954,perturbed,2,0.2
pair,"0,5",0.9999999999999915,0.0,0.09049843993104927,0.5303542681619657,5.860369179469198,perturbed,2,0.2
pair,"0,6",0.9999999999999916,0.0,0.09001006502086824,0.5644754874269344,6.271248524218536,perturbed,2,0.2
pair,"0,7",0.9999999999999915,0.0,0.08600291858758365,0.5349748537194712,6.2204267309215036,perturbed,2,0.2
pair,"0,8",0.9999999999999916,0.0,0.0776867119561424,0.5246201059830684,6.7530223994965795,perturbed,2,0.2
pair,"0,9",0.9999999999999916,0.0,0.07943613748768433,0.5154720973577647,6.489138491126696,perturbed,2,0.2
pair,"1,2",0.9999999999999915,0.0,0.042537582818677075,0.5517616375392571,12.9711563511078,perturbed,2,0.2
pair,"1,3",0.9999999999999916,0.0,0.06708630725969238,0.5627429862508768,8.388343452449812,perturbed,2,0.2
pair,"1,4",0.9999999999999918,0.0,0.07014266794522338,0.5562828771811964,7.930734508353963,perturbed,2,0.2
pair,"1,5",0.9999999999999916,0.0,0.06676522523692878,0.5221094512103166,7.820080728515697,perturbed,2,0.2
pair,"1,6",0.9999999999999916,0.0,0.06613516386859747,0.5489700324718074,8.300728392577119,perturbed,2,0.2
pair,"1,7",0.9999999999999916,0.0,0.07840858115881931,0.5413489513632959,6.904205424490143,perturbed,2,0.2
pair,"1,8",0.9999999999999917,0.0,0.07684671643992785,0.5378318451324808,6.998761561307717,perturbed,2,0.2
pair,"1,9",0.9999999999999916,0.0,0.0774625473154961,0.5259373522958164,6.789569547122349,perturbed,2,0.2
pair,"2,3",0.9999999999999917,0.0,0.015578898779976024,0.6628092401416448,42.54532040439028,perturbed,2,0.2
pair,"2,4",0.9999999999999918,0.0,0.043005890185564534,0.5430582112996113,12.627530995321557,perturbed,2,0.2
pair,"2,5",0.9999999999999915,0.0,0.07324506777736885,0.5381858858337044,7.3477423417716095,perturbed,2,0.2
pair,"2,6",0.9999999999999916,0.0,0.06830388597414525,0.5488464546641406,8.035362071081767,perturbed,2,0.2
pair,"2,7",0.9999999999999916,0.0,0.07567246052734276,0.5347136831055362,7.06615959596461,perturbed,2,0.2
pair,"2,8",0.9999999999999916,0.0,0.07859111434573729,0.540319774108749,6.875074601077411,perturbed,2,0.2
pair,"2,9",0.9999999999999917,0.0,0.08608804338335951,0.5355731948920321,6.221226245171654,perturbed,2,0.2
pair,"3,4",0.9999999999999917,0.0,0.034554935563054646,0.6007575343146985,17.385578196737104,perturbed,2,0.2
pair,"3,5",0.9999999999999915,0.0,0.06453306931825337,0.543930819871294,8.428714543063608,perturbed,2,0.2
pair,"3,6",0.9999999999999916,0.0,0.061585138880919474,0.5671496975465833,9.209197346184757,perturbed,2,0.2
pair,"3,7",0.9999999999999916,0.0,0.06828149922311405,0.5487681265401603,8.036849406997147,perturbed,2,0.2
pair,"3,8",0.9999999999999917,0.0,0.06651672569652371,0.548001837754958,8.238557024817558,perturbed,2,0.2
pair,"3,9",0.9999999999999917,0.0,0.0909940952852442,0.5656707790545829,6.216565781343762,perturbed,2,0.2
pair,"4,5",0.9999999999999916,0.0,0.047790361636522866,0.5521634694373209,11.553866732310738,perturbed,2,0.2
pair,"4,6",0.9999999999999917,0.0,0.0644827789917603,0.5443009123228008,8.441027524455052,perturbed,2,0.2
pair,"4,7",0.9999999999999916,0.0,0.07304906833891975,0.5385998519673444,7.373124178236566,perturbed,2,0.2
pair,"4,8",0.9999999999999917,0.0,0.0670141144841619,0.521564412830039,7.782903897854315,perturbed,2,0.2
pair,"4,9",0.9999999999999916,0.0,0.09085251483130664,0.5316728463498812,5.8520432520451635,perturbed,2,0.2
pair,"5,6",0.9999999999999915,0.0,0.03432310150943434,0.6005976307946056,17.498349635726257,perturbed,2,0.2
pair,"5,7",0.9999999999999915,0.0,0.042694803851599045,0.5434795600789717,12.729407587115938,perturbed,2,0.2
pair,"5,8",0.9999999999999916,0.0,0.07021017215210881,0.5557631264802281,7.91570664826429,perturbed,2,0.2
pair,"5,9",0.9999999999999915,0.0,0.08583961548084723,0.5227437077861056,6.089772243944191,perturbed,2,0.2
pair,"6,7",0.9999999999999917,0.0,0.01528597271971715,0.6632002632158789,43.38619958155667,perturbed,2,0.2
pair,"6,8",0.9999999999999918,0.0,0.0670096857240203,0.5623916657664103,8.392692186061325,perturbed,2,0.2
pair,"6,9",0.9999999999999917,0.0,0.07088498329914898,0.5431343797723807,7.662192392431605,perturbed,2,0.2
pair,"7,8",0.9999999999999916,0.0,0.042446768556490364,0.5508784116618759,12.978100109758374,perturbed,2,0.2
pair,"7,9",0.9999999999999916,0.0,0.06833775408566653,0.53136087916082,7.775509837427771,perturbed,2,0.2
pair,"8,9",0.9999999999999918,0.0,0.044496888234536125,0.5524385607215108,12.415217841968941,perturbed,2,0.2
modular_A,"0,1,2,3",0.9999999999999916,5.671631415232473e-17,0.00026784544399666485,0.38541903527569077,1438.9605793723708,perturbed,2,0.2
single,0,0.9999999999999915,0.0,0.2754035234004639,0.7245964765995275,2.631035607870175,perturbed,3,0.2
single,1,0.9999999999999915,0.0,0.2699428809252348,0.7300571190747567,2.7044873958982394,perturbed,3,0.2
single,2,0.9999999999999915,0.0,0.2709650522891267,0.7290349477108647,2.6905128227863333,perturbed,3,0.2
single,3,0.9999999999999917,0.0,0.2500417803562476,0.7499582196437441,2.9993316259996208,perturbed,3,0.2
single,4,0.9999999999999919,0.0,0.28406426189336675,0.7159357381066251,2.5203302004085826,perturbed,3,0.2
single,5,0.9999999999999917,0.0,0.2839464053528969,0.7160535946470947,2.5217913703015977,perturbed,3,0.2
single,6,0.9999999999999919,0.0,0.24994526417915877,0.7500547358208332,3.000875964920063,perturbed,3,0.2
single,7,0.9999999999999916,0.0,0.27057374395406114,0.7294262560459304,2.6958501049893986,perturbed,3,0.2
single,8,0.9999999999999918,0.0,0.27065182880188066,0.7293481711981111,2.694783827719856,perturbed,3,0.2
single,9,0.9999999999999918,0.0,0.28179655148336685,0.7182034485166249,2.548659466327845,perturbed,3,0.2
pair,"0,1",0.9999999999999915,0.0,0.04334930888982032,0.5590352323118155,12.89605870609608,perturbed,3,0.2
pair,"0,2",0.9999999999999916,0.0,0.06690027750542711,0.5360439122997036,8.012581296934357,perturbed,3,0.2
pair,"0,3",0.9999999999999916,0.0,0.0697432474963794,0.5478193736558417,7.85480162340133,perturbed,3,0.2
pair,"0,4",0.9999999999999919,0.0,0.08422118167589264,0.5269034477414078,6.256186831586905,perturbed,3,0.2
pair,"0,5",0.9999999999999917,0.0,0.08833138736417546,0.5353880527268827,6.061130349052118,perturbed,3,0.2
pair,"0,6",0.9999999999999918,0.0,0.08725902067947051,0.5690072155906185,6.520898483158077,perturbed,3,0.2
pair,"0,7",0.9999999999999916,0.0,0.08330519796064462,0.5398761519901398,6.480701867429573,perturbed,3,0.2
pair,"0,8",0.9999999999999917,0.0,0.07555890643501638,0.5300558108656326,7.015133435282065,perturbed,3,0.2
pair,"0,9",0.9999999999999916,0.0,0.07731080522842819,0.5208413066191104,6.736979456884383,perturbed,3,0.2
pair,"1,2",0.9999999999999915,0.0,0.04259456459517893,0.5515754727981844,12.949433291322212,perturbed,3,0.2
pair,"1,3",0.9999999999999916,0.0,0.06697951733967707,0.562508225211926,8.398212581306696,perturbed,3,0.2
pair,"1,4",0.9999999999999918,0.0,0.0701738478308538,0.5559416561363331,7.922348186982252,perturbed,3,0.2
pair,"1,5",0.9999999999999917,0.0,0.0672084760823316,0.5225404139949288,7.774918350399841,perturbed,3,0.2
pair,"1,6",0.9999999999999918,0.0,0.06622224111333047,0.5485233494989773,8.283068351012966,perturbed,3,0.2
pair,"1,7",0.9999999999999917,0.0,0.07796362674700962,0.5409153492648023,6.938047546454729,perturbed,3,0.2
pair,"1,8",0.9999999999999917,0.0,0.07656901229825189,0.5377392230479308,7.022935348223209,perturbed,3,0.2
pair,"1,9",0.9999999999999916,0.0,0.07729053156447312,0.5258883609201261,6.804046372503572,perturbed,3,0.2
pair,"2,3",0.9999999999999916,0.0,0.015532232212299761,0.6627998615092974,42.672543936372215,perturbed,3,0.2
pair,"2,4",0.9999999999999918,0.0,0.04314505891530816,0.5429571460936398,12.584457171780448,perturbed,3,0.2
pair,"2,5",0.9999999999999916,0.0,0.07322431333905811,0.5385170165535035,7.354347101350783,perturbed,3,0.2
pair,"2,6",0.9999999999999917,0.0,0.06831244432421267,0.5485236957390108,8.029630635608687,perturbed,3,0.2
pair,"2,7",0.9999999999999917,0.0,0.07558110144890126,0.5346314556881852,7.073612919621684,perturbed,3,0.2
pair,"2,8",0.9999999999999918,0.0,0.07865521866356343,0.5403866613037784,6.870321772484111,perturbed,3,0.2
pair,"2,9",0.9999999999999918,0.0,0.08627050646452362,0.5356226620012838,6.20864167780844,perturbed,3,0.2
pair,"3,4",0.9999999999999918,0.0,0.03453524460493777,0.6008777711417528,17.398972499411244,perturbed,3,0.2
pair,"3,5",0.9999999999999918,0.0,0.06463100731477088,0.5440357622791652,8.417565884894236,perturbed,3,0.2
pair,"3,6",0.9999999999999916,0.0,0.061623138168751916,0.5667763847207765,9.197460589700697,perturbed,3,0.2
pair,"3,7",0.9999999999999918,0.0,0.06828938657367845,0.5488339436672715,8.03688495686114,perturbed,3,0.2
pair,"3,8",0.9999999999999918,0.0,0.06650681774749165,0.548015181596158,8.239985014420974,perturbed,3,0.2
pair,"3,9",0.9999999999999916,0.0,0.09101463211763654,0.5656407987100032,6.214833654207509,perturbed,3,0.2
pair,"4,5",0.9999999999999916,0.0,0.04776708338705849,0.552445657677949,11.5654048458739,perturbed,3,0.2
pair,"4,6",0.9999999999999916,0.0,0.06457598611515876,0.5439773846428916,8.42383395698849,perturbed,3,0.2
pair,"4,7",0.9999999999999916,0.0,0.0733200714857623,0.5386936468238943,7.347151140305432,perturbed,3,0.2
pair,"4,8",0.9999999999999918,0.0,0.06714901878492843,0.5214734510302245,7.765913195253852,perturbed,3,0.2
pair,"4,9",0.9999999999999916,0.0,0.09088782680919219,0.5315416376095913,5.848325966969125,perturbed,3,0.2
pair,"5,6",0.9999999999999917,0.0,0.03449771007829556,0.6003342794592392,17.402148667164525,perturbed,3,0.2
pair,"5,7",0.9999999999999917,0.0,0.04285988234221187,0.5431678082059179,12.673105443198159,perturbed,3,0.2
pair,"5,8",0.9999999999999916,0.0,0.07044958877163529,0.5554440646862271,7.884276890340946,perturbed,3,0.2
pair,"5,9",0.9999999999999916,0.0,0.08582647079048095,0.5227092986614943,6.090304003499445,perturbed,3,0.2
pair,"6,7",0.9999999999999919,0.0,0.015360744262844447,0.6623950732092626,43.122589757028,perturbed,3,0.2
pair,"6,8",0.9999999999999916,0.0,0.06703918744108962,0.5623408583566123,8.388240965044016,perturbed,3,0.2
pair,"6,9",0.9999999999999916,0.0,0.07094821020070477,0.543024169825493,7.653810692184294,perturbed,3,0.2
pair,"7,8",0.9999999999999918,0.0,0.042410056200011426,0.5510250392324744,12.99279200748444,perturbed,3,0.2
pair,"7,9",0.9999999999999918,0.0,0.06826159726110033,0.5315541789505618,7.78701642326606,perturbed,3,0.2
pair,"8,9",0.9999999999999917,0.0,0.044488234125094686,0.5524674021756314,12.418281216156398,perturbed,3,0.2
modular_A,"0,1,2,3",0.9999999999999918,4.733830806686669e-17,0.00028426346574133925,0.38853651484215196,1366.818327599278,perturbed,3,0.2
single,0,0.9999999999999916,0.0,0.28021330891620966,0.7197866910837819,2.568709865593911,perturbed,4,0.2
single,1,0.9999999999999918,0.0,0.2693970977359081,0.7306029022640836,2.7119924765496135,perturbed,4,0.2
single,2,0.9999999999999918,0.0,0.2708535263372387,0.7291464736627531,2.6920324188613134,perturbed,4,0.2
single,3,0.9999999999999918,0.0,0.25004991672905463,0.7499500832709372,2.999201491770769,perturbed,4,0.2
single,4,0.9999999999999918,0.0,0.2840498716680786,0.7159501283319132,2.5205085435438037,perturbed,4,0.2
single,5,0.9999999999999918,0.0,0.2840642839102216,0.7159357160897701,2.520329927559782,perturbed,4,0.2
single,6,0.9999999999999918,0.0,0.24993833421409928,0.7500616657858925,3.0009868960052497,perturbed,4,0.2
single,7,0.9999999999999919,0.0,0.27076116587029064,0.7292388341297013,2.6932918233889067,perturbed,4,0.2
single,8,0.9999999999999918,0.0,0.27040148199395886,0.7295985180060329,2.6982045831477106,perturbed,4,0.2
single,9,0.9999999999999918,0.0,0.28175049593935325,0.7182495040606385,2.5492395378613337,perturbed,4,0.2
pair,"0,1",0.9999999999999917,0.0,0.04378482442815376,0.5576337062683209,12.735775775082493,perturbed,4,0.2
pair,"0,2",0.9999999999999918,0.0,0.06812962026476425,0.5326472628582094,7.818145188366588,perturbed,4,0.2
pair,"0,3",0.9999999999999917,0.0,0.07051585692052456,0.5438365238476506,7.712258598241041,perturbed,4,0.2
pair,"0,4",0.9999999999999919,0.0,0.08554265983299639,0.5236858168213467,6.121925806886651,perturbed,4,0.2
pair,"0,5",0.9999999999999918,0.0,0.09072894008976316,0.5328116825877434,5.872565931670791,perturbed,4,0.2
pair,"0,6",0.9999999999999918,0.0,0.090935535252447,0.5670921313458466,6.236199410621345,perturbed,4,0.2
pair,"0,7",0.9999999999999918,0.0,0.08601142468476075,0.5368293290015138,6.241372363834681,perturbed,4,0.2
pair,"0,8",0.9999999999999918,0.0,0.07724558616291981,0.5267356924004009,6.818974630983508,perturbed,4,0.2
pair,"0,9",0.9999999999999918,0.0,0.07875606666550103,0.5174050717545717,6.569717021955087,perturbed,4,0.2
pair,"1,2",0.9999999999999918,0.0,0.04249297893523687,0.5517675591341817,12.984911224396042,perturbed,4,0.2
pair,"1,3",0.9999999999999918,0.0,0.06685656292397411,0.5630222266949103,8.421345670060104,perturbed,4,0.2
pair,"1,4",0.9999999999999919,0.0,0.06995655844442006,0.555964563788895,7.947282944609182,perturbed,4,0.2
pair,"1,5",0.9999999999999918,0.0,0.06725824035981327,0.5229069015799448,7.774614661081456,perturbed,4,0.2
pair,"1,6",0.9999999999999917,0.0,0.0664376794731014,0.5494824456711886,8.270644761059986,perturbed,4,0.2
pair,"1,7",0.9999999999999919,0.0,0.07826121433017826,0.5412992699755116,6.916571313240938,perturbed,4,0.2
pair,"1,8",0.9999999999999918,0.0,0.07660306442324749,0.5383027950701615,7.02717050712135,perturbed,4,0.2
pair,"1,9",0.9999999999999918,0.0,0.07724628735897926,0.526327295713159,6.813625789770434,perturbed,4,0.2
pair,"2,3",0.9999999999999918,0.0,0.015472521287428013,0.662543168114319,42.82063380663496,perturbed,4,0.2
pair,"2,4",0.9999999999999918,0.0,0.04324753922861496,0.5433126974805926,12.56285807635286,perturbed,4,0.2
pair,"2,5",0.9999999999999918,0.0,0.07305811915353441,0.538349451000486,7.368783336306868,perturbed,4,0.2
pair,"2,6",0.9999999999999919,0.0,0.06838248523487911,0.5488630979616969,8.026369560516414,perturbed,4,0.2
pair,"2,7",0.9999999999999918,0.0,0.07565488487491892,0.5347435409430976,7.068195818778856,perturbed,4,0.2
pair,"2,8",0.9999999999999918,0.0,0.0785121404958751,0.5407119923342028,6.886985744104262,perturbed,4,0.2
pair,"2,9",0.9999999999999919,0.0,0.08609173753664671,0.5358271291464486,6.223908873001463,perturbed,4,0.2
pair,"3,4",0.9999999999999918,0.0,0.034526402475920336,0.6008668604464003,17.403112324414955,perturbed,4,0.2
pair,"3,5",0.9999999999999918,0.0,0.06469054877580223,0.5438530972151167,8.40699464615683,perturbed,4,0.2
pair,"3,6",0.9999999999999918,0.0,0.061616707841702124,0.5668400347766414,9.199453437741193,perturbed,4,0.2
pair,"3,7",0.9999999999999917,0.0,0.06838431834282889,0.5487032486406446,8.023816891613196,perturbed,4,0.2
pair,"3,8",0.9999999999999917,0.0,0.0665505110789112,0.548220278878693,8.237656931419348,perturbed,4,0.2
pair,"3,9",0.9999999999999919,0.0,0.09091174593648396,0.5656947357577827,6.22246036450569,perturbed,4,0.2
pair,"4,5",0.9999999999999918,0.0,0.047785522242895374,0.552577839219401,11.563708279897616,perturbed,4,0.2
pair,"4,6",0.9999999999999916,0.0,0.06465351168343098,0.5440615937219629,8.41503546452206,perturbed,4,0.2
pair,"4,7",0.9999999999999917,0.0,0.07303858183731718,0.5382914704944296,7.369960601006679,perturbed,4,0.2
pair,"4,8",0.9999999999999918,0.0,0.06685385065914884,0.5214889933532217,7.800433156977126,perturbed,4,0.2
pair,"4,9",0.9999999999999918,0.0,0.0907957103825128,0.5315835006740453,5.854720431554968,perturbed,4,0.2
pair,"5,6",0.9999999999999918,0.0,0.03448151100301208,0.6006821871494301,17.42041371380037,perturbed,4,0.2
pair,"5,7",0.9999999999999918,0.0,0.043221747559252774,0.5435916627510446,12.576808978069057,perturbed,4,0.2
pair,"5,8",0.9999999999999918,0.0,0.07071873622163573,0.5558669426031817,7.86024994650738,perturbed,4,0.2
pair,"5,9",0.9999999999999918,0.0,0.08604357119115211,0.5225086767515058,6.072605652207466,perturbed,4,0.2
pair,"6,7",0.9999999999999918,0.0,0.015429673554974646,0.6621298392625962,42.91275748015553,perturbed,4,0.2
pair,"6,8",0.9999999999999916,0.0,0.0669905979216425,0.5622946263687989,8.39363498481538,perturbed,4,0.2
pair,"6,9",0.9999999999999918,0.0,0.07100149180130189,0.5430271425522386,7.648108916808444,perturbed,4,0.2
pair,"7,8",0.9999999999999918,0.0,0.042456392575644486,0.5514055507678884,12.987574245396617,perturbed,4,0.2
pair,"7,9",0.9999999999999918,0.0,0.06803299487768431,0.5322680632070593,7.823675323481166,perturbed,4,0.2
pair,"8,9",0.9999999999999917,0.0,0.04425603890446752,0.553431429113425,12.505218334340304,perturbed,4,0.2
modular_A,"0,1,2,3",0.9999999999999918,5.3136304924355486e-17,0.00029724716246702903,0.3876357118616751,1304.0854911598092,perturbed,4,0.2
single,0,0.9999999999999918,0.0,0.2817504959393531,0.7182495040606387,2.549239537861336,perturbed,5,0.2
single,1,0.999999999999992,0.0,0.2704014819939589,0.729598518006033,2.6982045831477106,perturbed,5,0.2
single,2,0.9999999999999916,0.0,0.2707611658702906,0.729238834129701,2.6932918233889063,perturbed,5,0.2
single,3,0.9999999999999919,0.0,0.24993833421409933,0.7500616657858925,3.0009868960052493,perturbed,5,0.2
single,4,0.9999999999999917,0.0,0.28406428391022165,0.71593571608977,2.5203299275597812,perturbed,5,0.2
single,5,0.9999999999999918,0.0,0.2840498716680786,0.7159501283319132,2.5205085435438037,perturbed,5,0.2
single,6,0.9999999999999918,0.0,0.2500499167290547,0.749950083270937,2.9992014917707674,perturbed,5,0.2
single,7,0.999999999999992,0.0,0.27085352633723886,0.7291464736627531,2.6920324188613116,perturbed,5,0.2
single,8,0.9999999999999917,0.0,0.26939709773590803,0.7306029022640836,2.711992476549614,perturbed,5,0.2
single,9,0.9999999999999918,0.0,0.28021330891620955,0.7197866910837822,2.568709865593913,perturbed,5,0.2
pair,"0,1",0.9999999999999918,0.0,0.04425603890446763,0.5534314291134252,12.505218334340277,perturbed,5,0.2
pair,"0,2",0.9999999999999918,0.0,0.0680329948776844,0.5322680632070595,7.82367532348116,perturbed,5,0.2
pair,"0,3",0.9999999999999918,0.0,0.071001491801302,0.5430271425522387,7.648108916808434,perturbed,5,0.2
pair,"0,4",0.9999999999999918,0.0,0.08604357119115236,0.5225086767515058,6.072605652207449,perturbed,5,0.2
pair,"0,5",0.999999999999992,0.0,0.09079571038251273,0.531583500674045,5.85472043155497,perturbed,5,0.2
pair,"0,6",0.9999999999999918,0.0,0.09091174593648396,0.5656947357577827,6.22246036450569,perturbed,5,0.2
pair,"0,7",0.9999999999999919,0.0,0.08609173753664658,0.5358271291464488,6.223908873001475,perturbed,5,0.2
pair,"0,8",0.9999999999999918,0.0,0.07724628735897907,0.5263272957131587,6.813625789770448,perturbed,5,0.2
pair,"0,9",0.9999999999999918,0.0,0.078756066665501,0.517405071754572,6.569717021955093,perturbed,5,0.2
pair,"1,2",0.9999999999999918,0.0,0.04245639257564461,0.5514055507678887,12.987574245396583,perturbed,5,0.2
pair,"1,3",0.9999999999999919,0.0,0.06699059792164241,0.5622946263687989,8.393634984815389,perturbed,5,0.2
pair,"1,4",0.9999999999999918,0.0,0.07071873622163578,0.5558669426031818,7.860249946507375,perturbed,5,0.2
pair,"1,5",0.999999999999992,0.0,0.0668538506591488,0.5214889933532216,7.80043315697713,perturbed,5,0.2
pair,"1,6",0.9999999999999919,0.0,0.06655051107891115,0.548220278878693,8.237656931419354,perturbed,5,0.2
pair,"1,7",0.9999999999999919,0.0,0.0785121404958751,0.5407119923342028,6.886985744104262,perturbed,5,0.2
pair,"1,8",0.9999999999999917,0.0,0.07660306442324749,0.5383027950701613,7.0271705071213475,perturbed,5,0.2
pair,"1,9",0.9999999999999918,0.0,0.07724558616291997,0.5267356924004013,6.818974630983499,perturbed,5,0.2
pair,"2,3",0.9999999999999918,0.0,0.015429673554974528,0.6621298392625959,42.91275748015584,perturbed,5,0.2
pair,"2,4",0.9999999999999918,0.0,0.04322174755925297,0.5435916627510446,12.576808978069,perturbed,5,0.2
pair,"2,5",0.9999999999999918,0.0,0.0730385818373172,0.5382914704944298,7.369960601006679,perturbed,5,0.2
pair,"2,6",0.9999999999999917,0.0,0.06838431834282876,0.5487032486406447,8.023816891613212,perturbed,5,0.2
pair,"2,7",0.9999999999999918,0.0,0.07565488487491892,0.5347435409430976,7.068195818778856,perturbed,5,0.2
pair,"2,8",0.9999999999999918,0.0,0.07826121433017823,0.5412992699755116,6.916571313240941,perturbed,5,0.2
pair,"2,9",0.9999999999999918,0.0,0.08601142468476082,0.5368293290015139,6.241372363834677,perturbed,5,0.2
pair,"3,4",0.9999999999999916,0.0,0.03448151100301194,0.6006821871494301,17.420413713800446,perturbed,5,0.2
pair,"3,5",0.9999999999999916,0.0,0.06465351168343107,0.5440615937219628,8.415035464522045,perturbed,5,0.2
pair,"3,6",0.9999999999999917,0.0,0.061616707841702124,0.5668400347766409,9.199453437741186,perturbed,5,0.2
pair,"3,7",0.9999999999999918,0.0,0.06838248523487916,0.548863097961697,8.02636956051641,perturbed,5,0.2
pair,"3,8",0.9999999999999918,0.0,0.0664376794731014,0.5494824456711886,8.270644761059986,perturbed,5,0.2
pair,"3,9",0.9999999999999918,0.0,0.09093553525244695,0.5670921313458467,6.23619941062135,perturbed,5,0.2
pair,"4,5",0.9999999999999917,0.0,0.04778552224289535,0.552577839219401,11.563708279897623,perturbed,5,0.2
pair,"4,6",0.9999999999999917,0.0,0.06469054877580228,0.5438530972151168,8.406994646156825,perturbed,5,0.2
pair,"4,7",0.9999999999999917,0.0,0.07305811915353425,0.5383494510004858,7.368783336306882,perturbed,5,0.2
pair,"4,8",0.9999999999999917,0.0,0.06725824035981322,0.5229069015799446,7.7746146610814595,perturbed,5,0.2
pair,"4,9",0.9999999999999918,0.0,0.09072894008976329,0.5328116825877436,5.872565931670785,perturbed,5,0.2
pair,"5,6",0.9999999999999916,0.0,0.03452640247592033,0.6008668604464001,17.403112324414955,perturbed,5,0.2
pair,"5,7",0.9999999999999916,0.0,0.04324753922861497,0.5433126974805926,12.562858076352859,perturbed,5,0.2
pair,"5,8",0.9999999999999917,0.0,0.06995655844442004,0.555964563788895,7.947282944609184,perturbed,5,0.2
pair,"5,9",0.9999999999999918,0.0,0.08554265983299628,0.5236858168213467,6.121925806886659,perturbed,5,0.2
pair,"6,7",0.9999999999999916,0.0,0.015472521287428022,0.6625431681143192,42.820633806634945,perturbed,5,0.2
pair,"6,8",0.9999999999999918,0.0,0.0668565629239741,0.5630222266949103,8.421345670060106,perturbed,5,0.2
pair,"6,9",0.9999999999999918,0.0,0.07051585692052448,0.5438365238476505,7.712258598241049,perturbed,5,0.2
pair,"7,8",0.9999999999999919,0.0,0.042492978935237034,0.5517675591341815,12.984911224395985,perturbed,5,0.2
pair,"7,9",0.9999999999999918,0.0,0.06812962026476428,0.5326472628582095,7.818145188366586,perturbed,5,0.2
pair,"8,9",0.999999999999992,0.0,0.04378482442815373,0.5576337062683213,12.735775775082514,perturbed,5,0.2
modular_A,"0,1,2,3",0.9999999999999918,5.257726621389224e-17,0.00030236302855634034,0.3860184070584888,1276.6719823569986,perturbed,5,0.2
single,0,0.9999999999999917,0.0,0.281796551483367,0.7182034485166247,2.548659466327843,perturbed,6,0.2
single,1,0.9999999999999916,0.0,0.27065182880188066,0.7293481711981109,2.694783827719855,perturbed,6,0.2
single,2,0.9999999999999916,0.0,0.27057374395406114,0.7294262560459304,2.6958501049893986,perturbed,6,0.2
single,3,0.9999999999999918,0.0,0.24994526417915885,0.7500547358208329,3.0008759649200614,perturbed,6,0.2
single,4,0.9999999999999918,0.0,0.28394640535289684,0.716053594647095,2.5217913703015986,perturbed,6,0.2
single,5,0.9999999999999918,0.0,0.28406426189336664,0.7159357381066251,2.5203302004085835,perturbed,6,0.2
single,6,0.9999999999999916,0.0,0.2500417803562476,0.7499582196437441,2.9993316259996208,perturbed,6,0.2
single,7,0.9999999999999917,0.0,0.27096505228912693,0.7290349477108647,2.690512822786331,perturbed,6,0.2
single,8,0.9999999999999916,0.0,0.26994288092523466,0.7300571190747569,2.704487395898241,perturbed,6,0.2
single,9,0.9999999999999917,0.0,0.2754035234004639,0.7245964765995278,2.6310356078701758,perturbed,6,0.2
pair,"0,1",0.9999999999999916,0.0,0.044488234125094596,0.5524674021756313,12.418281216156421,perturbed,6,0.2
pair,"0,2",0.9999999999999917,0.0,0.06826159726110037,0.5315541789505616,7.787016423266052,perturbed,6,0.2
pair,"0,3",0.9999999999999917,0.0,0.07094821020070471,0.5430241698254927,7.6538106921842965,perturbed,6,0.2
pair,"0,4",0.9999999999999918,0.0,0.08582647079048097,0.5227092986614943,6.090304003499443,perturbed,6,0.2
pair,"0,5",0.9999999999999918,0.0,0.09088782680919208,0.5315416376095916,5.848325966969136,perturbed,6,0.2
pair,"0,6",0.9999999999999918,0.0,0.09101463211763665,0.565640798710003,6.2148336542074984,perturbed,6,0.2
pair,"0,7",0.9999999999999918,0.0,0.08627050646452376,0.5356226620012841,6.208641677808433,perturbed,6,0.2
pair,"0,8",0.9999999999999916,0.0,0.07729053156447303,0.5258883609201259,6.804046372503576,perturbed,6,0.2
pair,"0,9",0.9999999999999918,0.0,0.07731080522842822,0.5208413066191104,6.73697945688438,perturbed,6,0.2
pair,"1,2",0.9999999999999917,0.0,0.042410056200011384,0.5510250392324744,12.992792007484452,perturbed,6,0.2
pair,"1,3",0.9999999999999917,0.0,0.06703918744108962,0.5623408583566123,8.388240965044016,perturbed,6,0.2
pair,"1,4",0.9999999999999918,0.0,0.07044958877163512,0.5554440646862272,7.884276890340966,perturbed,6,0.2
pair,"1,5",0.9999999999999918,0.0,0.06714901878492863,0.5214734510302245,7.765913195253829,perturbed,6,0.2
pair,"1,6",0.9999999999999918,0.0,0.06650681774749173,0.5480151815961577,8.239985014420958,perturbed,6,0.2
pair,"1,7",0.9999999999999918,0.0,0.07865521866356343,0.5403866613037784,6.870321772484111,perturbed,6,0.2
pair,"1,8",0.9999999999999916,0.0,0.07656901229825194,0.5377392230479308,7.0229353482232035,perturbed,6,0.2
pair,"1,9",0.9999999999999916,0.0,0.07555890643501646,0.5300558108656328,7.015133435282061,perturbed,6,0.2
pair,"2,3",0.9999999999999916,0.0,0.015360744262844435,0.6623950732092623,43.12258975702802,perturbed,6,0.2
pair,"2,4",0.9999999999999916,0.0,0.042859882342211726,0.5431678082059181,12.673105443198207,perturbed,6,0.2
pair,"2,5",0.9999999999999916,0.0,0.07332007148576217,0.5386936468238944,7.3471511403054475,perturbed,6,0.2
pair,"2,6",0.9999999999999917,0.0,0.06828938657367858,0.5488339436672715,8.036884956861124,perturbed,6,0.2
pair,"2,7",0.9999999999999918,0.0,0.0755811014489012,0.534631455688185,7.073612919621688,perturbed,6,0.2
pair,"2,8",0.9999999999999917,0.0,0.07796362674700959,0.5409153492648022,6.9380475464547295,perturbed,6,0.2
pair,"2,9",0.9999999999999915,0.0,0.08330519796064459,0.5398761519901395,6.4807018674295715,perturbed,6,0.2
pair,"3,4",0.9999999999999916,0.0,0.03449771007829545,0.600334279459239,17.402148667164575,perturbed,6,0.2
pair,"3,5",0.9999999999999916,0.0,0.0645759861151588,0.5439773846428915,8.423833956988483,perturbed,6,0.2
pair,"3,6",0.9999999999999918,0.0,0.06162313816875214,0.5667763847207764,9.197460589700661,perturbed,6,0.2
pair,"3,7",0.9999999999999916,0.0,0.06831244432421259,0.5485236957390106,8.029630635608694,perturbed,6,0.2
pair,"3,8",0.9999999999999917,0.0,0.0662222411133304,0.548523349498977,8.28306835101297,perturbed,6,0.2
pair,"3,9",0.9999999999999916,0.0,0.08725902067947068,0.5690072155906185,6.5208984831580645,perturbed,6,0.2
pair,"4,5",0.9999999999999918,0.0,0.04776708338705867,0.5524456576779488,11.565404845873854,perturbed,6,0.2
pair,"4,6",0.9999999999999918,0.0,0.0646310073147709,0.544035762279165,8.41756588489423,perturbed,6,0.2
pair,"4,7",0.9999999999999917,0.0,0.07322431333905793,0.5385170165535033,7.354347101350798,perturbed,6,0.2
pair,"4,8",0.9999999999999916,0.0,0.0672084760823316,0.5225404139949288,7.774918350399841,perturbed,6,0.2
pair,"4,9",0.9999999999999916,0.0,0.08833138736417523,0.5353880527268828,6.061130349052136,perturbed,6,0.2
pair,"5,6",0.9999999999999917,0.0,0.034535244604937815,0.6008777711417523,17.398972499411208,perturbed,6,0.2
pair,"5,7",0.9999999999999916,0.0,0.04314505891530821,0.54295714609364,12.58445717178044,perturbed,6,0.2
pair,"5,8",0.9999999999999916,0.0,0.07017384783085372,0.5559416561363328,7.9223481869822585,perturbed,6,0.2
pair,"5,9",0.9999999999999916,0.0,0.0842211816758923,0.5269034477414078,6.25618683158693,perturbed,6,0.2
pair,"6,7",0.9999999999999918,0.0,0.015532232212299808,0.6627998615092974,42.67254393637209,perturbed,6,0.2
pair,"6,8",0.9999999999999916,0.0,0.06697951733967702,0.562508225211926,8.398212581306701,perturbed,6,0.2
pair,"6,9",0.9999999999999916,0.0,0.06974324749637949,0.547819373655842,7.854801623401325,perturbed,6,0.2
pair,"7,8",0.9999999999999916,0.0,0.042594564595179005,0.5515754727981849,12.9494332913222,perturbed,6,0.2
pair,"7,9",0.9999999999999917,0.0,0.06690027750542701,0.5360439122997034,8.012581296934366,perturbed,6,0.2
pair,"8,9",0.9999999999999916,0.0,0.04334930888982029,0.559035232311816,12.896058706096099,perturbed,6,0.2
modular_A,"0,1,2,3",0.9999999999999918,6.035959054835084e-17,0.00030611570865985636,0.3846612178032761,1256.5876461789042,perturbed,6,0.2
single,0,0.9999999999999917,0.0,0.28179669906546523,0.7182033009345264,2.5486576078298135,perturbed,7,0.2
single,1,0.9999999999999916,0.0,0.27065962260710197,0.7293403773928897,2.694677434216419,perturbed,7,0.2
single,2,0.9999999999999917,0.0,0.2705697725353807,0.729430227464611,2.6959043526165805,perturbed,7,0.2
single,3,0.9999999999999918,0.0,0.2495290239326631,0.7504709760673286,3.007549840253644,perturbed,7,0.2
single,4,0.9999999999999915,0.0,0.28396109837869055,0.7160389016213009,2.521609141919825,perturbed,7,0.2
single,5,0.9999999999999918,0.0,0.2839463934345009,0.7160536065654909,2.5217915181256423,perturbed,7,0.2
single,6,0.9999999999999918,0.0,0.25004334780243986,0.7499566521975519,2.9993065553981277,perturbed,7,0.2
single,7,0.9999999999999917,0.0,0.2710543237061935,0.7289456762937983,2.6892973568056098,perturbed,7,0.2
single,8,0.9999999999999918,0.0,0.26977606538696,0.7302239346130318,2.706778058926825,perturbed,7,0.2
single,9,0.9999999999999917,0.0,0.28285986943279673,0.7171401305671949,2.5353194569637485,perturbed,7,0.2
pair,"0,1",0.9999999999999916,0.0,0.04449688823453599,0.5524385607215108,12.415217841968978,perturbed,7,0.2
pair,"0,2",0.9999999999999916,0.0,0.06833775408566654,0.5313608791608201,7.775509837427771,perturbed,7,0.2
pair,"0,3",0.9999999999999917,0.0,0.07088498329914901,0.5431343797723804,7.662192392431598,perturbed,7,0.2
pair,"0,4",0.9999999999999916,0.0,0.08583961548084729,0.5227437077861055,6.089772243944186,perturbed,7,0.2
pair,"0,5",0.9999999999999918,0.0,0.09085251483130674,0.5316728463498814,5.85204325204516,perturbed,7,0.2
pair,"0,6",0.9999999999999918,0.0,0.09099409528524442,0.565670779054583,6.216565781343748,perturbed,7,0.2
pair,"0,7",0.9999999999999917,0.0,0.08608804338335951,0.5355731948920321,6.221226245171654,perturbed,7,0.2
pair,"0,8",0.9999999999999916,0.0,0.0774625473154961,0.5259373522958165,6.789569547122351,perturbed,7,0.2
pair,"0,9",0.9999999999999917,0.0,0.07943613748768422,0.5154720973577646,6.489138491126704,perturbed,7,0.2
pair,"1,2",0.9999999999999916,0.0,0.04244676855649035,0.550878411661876,12.978100109758381,perturbed,7,0.2
pair,"1,3",0.9999999999999918,0.0,0.06700968572402048,0.5623916657664102,8.3926921860613,perturbed,7,0.2
pair,"1,4",0.9999999999999916,0.0,0.07021017215210862,0.5557631264802279,7.915706648264309,perturbed,7,0.2
pair,"1,5",0.9999999999999918,0.0,0.06701411448416193,0.5215644128300391,7.782903897854313,perturbed,7,0.2
pair,"1,6",0.9999999999999917,0.0,0.06651672569652373,0.5480018377549583,8.23855702481756,perturbed,7,0.2
pair,"1,7",0.9999999999999916,0.0,0.07859111434573732,0.5403197741087488,6.875074601077405,perturbed,7,0.2
pair,"1,8",0.9999999999999916,0.0,0.07684671643992777,0.5378318451324806,6.998761561307721,perturbed,7,0.2
pair,"1,9",0.9999999999999916,0.0,0.07768671195614243,0.5246201059830682,6.753022399496574,perturbed,7,0.2
pair,"2,3",0.9999999999999916,0.0,0.015285972719717137,0.6632002632158784,43.38619958155668,perturbed,7,0.2
pair,"2,4",0.9999999999999915,0.0,0.04269480385159909,0.5434795600789718,12.729407587115928,perturbed,7,0.2
pair,"2,5",0.9999999999999917,0.0,0.07304906833891972,0.5385998519673445,7.37312417823657,perturbed,7,0.2
pair,"2,6",0.9999999999999916,0.0,0.06828149922311394,0.5487681265401603,8.03684940699716,perturbed,7,0.2
pair,"2,7",0.9999999999999918,0.0,0.07567246052734293,0.5347136831055364,7.066159595964596,perturbed,7,0.2
pair,"2,8",0.9999999999999916,0.0,0.07840858115881935,0.5413489513632963,6.9042054244901445,perturbed,7,0.2
pair,"2,9",0.9999999999999917,0.0,0.08600291858758384,0.5349748537194716,6.220426730921495,perturbed,7,0.2
pair,"3,4",0.9999999999999916,0.0,0.03432310150943443,0.6005976307946055,17.498349635726207,perturbed,7,0.2
pair,"3,5",0.9999999999999916,0.0,0.06448277899176037,0.5443009123228008,8.441027524455043,perturbed,7,0.2
pair,"3,6",0.9999999999999916,0.0,0.06158513888091953,0.5671496975465831,9.209197346184745,perturbed,7,0.2
pair,"3,7",0.9999999999999916,0.0,0.06830388597414533,0.5488464546641407,8.035362071081758,perturbed,7,0.2
pair,"3,8",0.9999999999999916,0.0,0.06613516386859752,0.5489700324718075,8.300728392577113,perturbed,7,0.2
pair,"3,9",0.9999999999999917,0.0,0.09001006502086827,0.5644754874269347,6.271248524218537,perturbed,7,0.2
pair,"4,5",0.9999999999999916,0.0,0.047790361636522886,0.5521634694373211,11.553866732310738,perturbed,7,0.2
pair,"4,6",0.9999999999999915,0.0,0.06453306931825344,0.543930819871294,8.428714543063597,perturbed,7,0.2
pair,"4,7",0.9999999999999916,0.0,0.07324506777736887,0.5381858858337044,7.347742341771607,perturbed,7,0.2
pair,"4,8",0.9999999999999916,0.0,0.06676522523692888,0.522109451210317,7.820080728515692,perturbed,7,0.2
pair,"4,9",0.9999999999999916,0.0,0.09049843993104931,0.5303542681619657,5.8603691794691954,perturbed,7,0.2
pair,"5,6",0.9999999999999916,0.0,0.03455493556305451,0.6007575343146984,17.38557819673717,perturbed,7,0.2
pair,"5,7",0.9999999999999917,0.0,0.04300589018556444,0.5430582112996116,12.627530995321592,perturbed,7,0.2
pair,"5,8",0.9999999999999915,0.0,0.07014266794522328,0.5562828771811963,7.930734508353972,perturbed,7,0.2
pair,"5,9",0.9999999999999915,0.0,0.08598791011564871,0.5214641639160787,6.064389321879552,perturbed,7,0.2
pair,"6,7",0.9999999999999916,0.0,0.015578898779976084,0.6628092401416448,42.54532040439012,perturbed,7,0.2
pair,"6,8",0.9999999999999916,0.0,0.06708630725969227,0.5627429862508772,8.388343452449831,perturbed,7,0.2
pair,"6,9",0.9999999999999916,0.0,0.07108883985795074,0.5418673565829619,7.622396956621008,perturbed,7,0.2
pair,"7,8",0.9999999999999917,0.0,0.04253758281867698,0.5517616375392571,12.971156351107828,perturbed,7,0.2
pair,"7,9",0.9999999999999916,0.0,0.06882719170896144,0.5307447059619398,7.7112648763328195,perturbed,7,0.2
pair,"8,9",0.9999999999999915,0.0,0.04493021204619457,0.5538865092591941,12.32770743858767,perturbed,7,0.2
modular_A,"0,1,2,3",0.9999999999999916,6.056276086091807e-17,0.0003104426241796821,0.3833654373624663,1234.8994870645631,perturbed,7,0.2
single,0,0.9999999999999911,0.0,0.28179669906546506,0.718203300934526,2.5486576078298135,perturbed,8,0.2
single,1,0.9999999999999913,0.0,0.27065964934931036,0.729340350650681,2.6946770691681583,perturbed,8,0.2
single,2,0.9999999999999915,0.0,0.27057061535733073,0.7294293846426607,2.695892839949879,perturbed,8,0.2
single,3,0.9999999999999913,0.0,0.24947444308906425,0.750525556910927,3.008426625259501,perturbed,8,0.2
single,4,0.9999999999999912,0.0,0.28353937336165913,0.7164606266383321,2.5268470411849107,perturbed,8,0.2
single,5,0.9999999999999913,0.0,0.2839708759204367,0.7160291240795547,2.5214878876528615,perturbed,8,0.2
single,6,0.9999999999999911,0.0,0.2499695278966585,0.7500304721033326,3.000487613087814,perturbed,8,0.2
single,7,0.9999999999999912,0.0,0.27033658444303543,0.7296634155569558,2.6990923816702597,perturbed,8,0.2
single,8,0.9999999999999911,0.0,0.27314586786193956,0.7268541321380516,2.6610475121865544,perturbed,8,0.2
single,9,0.9999999999999913,0.0,0.28186585477082626,0.7181341452291651,2.5477869457194484,perturbed,8,0.2
pair,"0,1",0.9999999999999912,0.0,0.044496919433539506,0.5524384661869415,12.415207012522794,perturbed,8,0.2
pair,"0,2",0.9999999999999912,0.0,0.06834015953819723,0.5313548756241269,7.775148305399225,perturbed,8,0.2
pair,"0,3",0.9999999999999913,0.0,0.07088959717951927,0.5431360365694573,7.661717066807862,perturbed,8,0.2
pair,"0,4",0.9999999999999911,0.0,0.08585549576703347,0.5227957633074122,6.089252163029891,perturbed,8,0.2
pair,"0,5",0.9999999999999913,0.0,0.09075113542524488,0.5317501809515508,5.859432815466793,perturbed,8,0.2
pair,"0,6",0.9999999999999912,0.0,0.0898387275090574,0.5658656667115487,6.298683011226967,perturbed,8,0.2
pair,"0,7",0.9999999999999913,0.0,0.08629191362511368,0.5360035845846307,6.211515796407563,perturbed,8,0.2
pair,"0,8",0.9999999999999913,0.0,0.07762976822903926,0.5237635089611847,6.746941552316248,perturbed,8,0.2
pair,"0,9",0.9999999999999913,0.0,0.07923812564077345,0.5161478706536543,6.513882887558623,perturbed,8,0.2
pair,"1,2",0.9999999999999912,0.0,0.04244852831891539,0.550873097436768,12.97743689246571,perturbed,8,0.2
pair,"1,3",0.9999999999999913,0.0,0.06702590425065827,0.5623832309991991,8.390535529308817,perturbed,8,0.2
pair,"1,4",0.9999999999999912,0.0,0.07012219050302591,0.5559599499625764,7.928445274945961,perturbed,8,0.2
pair,"1,5",0.9999999999999912,0.0,0.06694314287010088,0.5216555606370613,7.792516727953786,perturbed,8,0.2
pair,"1,6",0.9999999999999912,0.0,0.06631350179043738,0.5481192881675315,8.265575989331513,perturbed,8,0.2
pair,"1,7",0.9999999999999913,0.0,0.07851552527651942,0.5408055491943964,6.887880419697425,perturbed,8,0.2
pair,"1,8",0.9999999999999913,0.0,0.0767950494889379,0.535594312971424,6.974333847503735,perturbed,8,0.2
pair,"1,9",0.9999999999999913,0.0,0.07772491225791792,0.5252424123252165,6.757709942241968,perturbed,8,0.2
pair,"2,3",0.9999999999999916,0.0,0.015282213948914951,0.6632579162014711,43.400643284971345,perturbed,8,0.2
pair,"2,4",0.9999999999999913,0.0,0.04260530326165383,0.5437879878626514,12.76338733051757,perturbed,8,0.2
pair,"2,5",0.9999999999999911,0.0,0.07295470710521958,0.5387606223973455,7.384864442267078,perturbed,8,0.2
pair,"2,6",0.9999999999999912,0.0,0.0682054192628808,0.5488590741426816,8.047147573820213,perturbed,8,0.2
pair,"2,7",0.9999999999999913,0.0,0.07546537009687752,0.5351790859506853,7.091717502526752,perturbed,8,0.2
pair,"2,8",0.9999999999999913,0.0,0.07889321034800395,0.5388706052177827,6.830379988858148,perturbed,8,0.2
pair,"2,9",0.9999999999999915,0.0,0.08633089198684678,0.535721515592991,6.2054439988250385,perturbed,8,0.2
pair,"3,4",0.9999999999999913,0.0,0.03419160122233995,0.6013495577251358,17.587639543837124,perturbed,8,0.2
pair,"3,5",0.9999999999999916,0.0,0.06443341455801702,0.5443766714459295,8.448670230812661,perturbed,8,0.2
pair,"3,6",0.9999999999999913,0.0,0.061486860997777386,0.5671969198687934,9.22468492722854,perturbed,8,0.2
pair,"3,7",0.9999999999999915,0.0,0.06808244115520293,0.5493814208442283,8.069355497871186,perturbed,8,0.2
pair,"3,8",0.9999999999999913,0.0,0.0670233389759122,0.5466419143788063,8.15599346035664,perturbed,8,0.2
pair,"3,9",0.9999999999999913,0.0,0.09104710712856932,0.5658517405728322,6.214933768008492,perturbed,8,0.2
pair,"4,5",0.9999999999999913,0.0,0.04760092981229117,0.552350449241284,11.603774367841444,perturbed,8,0.2
pair,"4,6",0.9999999999999913,0.0,0.06452709466545607,0.5443013590504452,8.435237350641659,perturbed,8,0.2
pair,"4,7",0.9999999999999913,0.0,0.07289321784155593,0.5390495475524416,7.395057640673027,perturbed,8,0.2
pair,"4,8",0.9999999999999913,0.0,0.06775778273799402,0.5201122358753528,7.67605158932848,perturbed,8,0.2
pair,"4,9",0.9999999999999913,0.0,0.09086413987238008,0.5316661751433326,5.851221129590452,perturbed,8,0.2
pair,"5,6",0.9999999999999915,0.0,0.03462353276987235,0.600289990228405,17.33762970457905,perturbed,8,0.2
pair,"5,7",0.9999999999999913,0.0,0.042845216089648905,0.543460968422909,12.684285855526477,perturbed,8,0.2
pair,"5,8",0.9999999999999916,0.0,0.07104766861515224,0.553273552448759,7.787356900417181,perturbed,8,0.2
pair,"5,9",0.9999999999999913,0.0,0.08592219004720855,0.522376803780699,6.079649546801443,perturbed,8,0.2
pair,"6,7",0.9999999999999913,0.0,0.01537518931768363,0.6633022279041915,43.14107710799376,perturbed,8,0.2
pair,"6,8",0.9999999999999916,0.0,0.06756141857458209,0.5600087707241894,8.288884137416195,perturbed,8,0.2
pair,"6,9",0.9999999999999913,0.0,0.07082389841255593,0.5429153286329684,7.665708056204914,perturbed,8,0.2
pair,"7,8",0.9999999999999912,0.0,0.04314055800240612,0.5500012602943292,12.749052997034795,perturbed,8,0.2
pair,"7,9",0.9999999999999913,0.0,0.06810715433242057,0.5319990514926723,7.811206571574942,perturbed,8,0.2
pair,"8,9",0.9999999999999913,0.0,0.04475216130471615,0.5517436568422798,12.328871740640043,perturbed,8,0.2
modular_A,"0,1,2,3",0.9999999999999913,3.6488839819900715e-17,0.00031389349176988,0.3829702019026277,1220.064168082175,perturbed,8,0.2
single,0,0.9999999999999916,0.0,0.2817966990654652,0.7182033009345263,2.5486576078298135,perturbed,9,0.2
single,1,0.9999999999999916,0.0,0.2706596493493104,0.7293403506506813,2.6946770691681583,perturbed,9,0.2
single,2,0.9999999999999918,0.0,0.2705706206329178,0.729429379367074,2.6958927678873463,perturbed,9,0.2
single,3,0.9999999999999917,0.0,0.2494738841330535,0.7505261158669382,3.0084356062963904,perturbed,9,0.2
single,4,0.9999999999999918,0.0,0.28348233901806613,0.7165176609819257,2.527556614157408,perturbed,9,0.2
single,5,0.9999999999999919,0.0,0.2835810286928504,0.7164189713071415,2.5263289812066465,perturbed,9,0.2
single,6,0.9999999999999916,0.0,0.25075712917439763,0.7492428708255939,2.9879225100894633,perturbed,9,0.2
single,7,0.9999999999999917,0.0,0.27262767806206467,0.727372321937927,2.6680061507633797,perturbed,9,0.2
single,8,0.9999999999999917,0.0,0.27131772034921803,0.7286822796507736,2.685715767893351,perturbed,9,0.2
single,9,0.9999999999999917,0.0,0.28186977438295846,0.7181302256170332,2.5477376110620344,perturbed,9,0.2
pair,"0,1",0.9999999999999917,0.0,0.04449691943353963,0.5524384661869419,12.41520701252277,perturbed,9,0.2
pair,"0,2",0.9999999999999917,0.0,0.06834016764581141,0.5313548553480127,7.775147086291639,perturbed,9,0.2
pair,"0,3",0.9999999999999916,0.0,0.07089035397885965,0.5431353728215238,7.661625910113148,perturbed,9,0.2
pair,"0,4",0.9999999999999917,0.0,0.08596702156387301,0.5227614340679952,6.0809531906323695,perturbed,9,0.2
pair,"0,5",0.9999999999999917,0.0,0.09075690235343667,0.5318399088516187,5.860049153952637,perturbed,9,0.2
pair,"0,6",0.9999999999999918,0.0,0.09053947728370827,0.5653127145214738,6.243825693294526,perturbed,9,0.2
pair,"0,7",0.9999999999999917,0.0,0.08195291189537299,0.5357018179575341,6.53670266947256,perturbed,9,0.2
pair,"0,8",0.9999999999999918,0.0,0.07790159518640873,0.5248221642099976,6.736988670824572,perturbed,9,0.2
pair,"0,9",0.9999999999999916,0.0,0.07924181984742484,0.5161438188068321,6.513528081518505,perturbed,9,0.2
pair,"1,2",0.9999999999999918,0.0,0.04244853539870839,0.5508730781196947,12.977434272949179,perturbed,9,0.2
pair,"1,3",0.9999999999999916,0.0,0.06702703404071697,0.5623823582435139,8.390381079698127,perturbed,9,0.2
pair,"1,4",0.9999999999999916,0.0,0.07011957691842208,0.5559718548584798,7.928910573794589,perturbed,9,0.2
pair,"1,5",0.9999999999999918,0.0,0.06682442330609306,0.5218347296033854,7.809042020656008,perturbed,9,0.2
pair,"1,6",0.9999999999999918,0.0,0.0665913681649508,0.5475320192270474,8.222267154367183,perturbed,9,0.2
pair,"1,7",0.9999999999999918,0.0,0.077131304246324,0.5396891723486954,6.997018624567294,perturbed,9,0.2
pair,"1,8",0.9999999999999917,0.0,0.0772476442883088,0.5366588249418447,6.947251659078313,perturbed,9,0.2
pair,"1,9",0.9999999999999916,0.0,0.07773445939560827,0.5252421236636196,6.756876265010648,perturbed,9,0.2
pair,"2,3",0.9999999999999919,0.0,0.01528229346157626,0.6632580284077363,43.400424816821044,perturbed,9,0.2
pair,"2,4",0.999999999999992,0.0,0.04259944384726777,0.5438047200618072,12.76553567251995,perturbed,9,0.2
pair,"2,5",0.9999999999999917,0.0,0.07282093931277651,0.539009053272791,7.401841535683422,perturbed,9,0.2
pair,"2,6",0.9999999999999917,0.0,0.06844787504238596,0.5482768242016789,8.010136528886566,perturbed,9,0.2
pair,"2,7",0.9999999999999917,0.0,0.07575931789864507,0.5335466004250773,7.042653170912717,perturbed,9,0.2
pair,"2,8",0.9999999999999917,0.0,0.07875138016014843,0.5400838123481712,6.85808694717298,perturbed,9,0.2
pair,"2,9",0.9999999999999916,0.0,0.08637009181460116,0.5357448003218148,6.202897195846738,perturbed,9,0.2
pair,"3,4",0.9999999999999918,0.0,0.03418235842860312,0.6014117772256691,17.594215404470734,perturbed,9,0.2
pair,"3,5",0.9999999999999918,0.0,0.06429783014290968,0.5446644495887483,8.470961591987876,perturbed,9,0.2
pair,"3,6",0.9999999999999916,0.0,0.061677982972555334,0.56664392675474,9.187134524273885,perturbed,9,0.2
pair,"3,7",0.9999999999999916,0.0,0.06857131011606517,0.5476587953814309,7.986704562804075,perturbed,9,0.2
pair,"3,8",0.9999999999999917,0.0,0.06656816545900272,0.5478693461926551,8.230200463163897,perturbed,9,0.2
pair,"3,9",0.9999999999999916,0.0,0.09108473644997275,0.5658621100880217,6.212480072320514,perturbed,9,0.2
pair,"4,5",0.9999999999999918,0.0,0.04741554682785942,0.552974546989294,11.662304538991185,perturbed,9,0.2
pair,"4,6",0.9999999999999918,0.0,0.06472622795627364,0.5438024508807725,8.401577970033152,perturbed,9,0.2
pair,"4,7",0.9999999999999918,0.0,0.07353219874877516,0.5373251191355204,7.3073446500805295,perturbed,9,0.2
pair,"4,8",0.9999999999999917,0.0,0.06721579354633962,0.5212227907326117,7.754469050094194,perturbed,9,0.2
pair,"4,9",0.9999999999999915,0.0,0.09088738655759479,0.53171005148585,5.850207290853374,perturbed,9,0.2
pair,"5,6",0.9999999999999918,0.0,0.03470261867389235,0.5996757968939839,17.280419167477266,perturbed,9,0.2
pair,"5,7",0.9999999999999918,0.0,0.04387904264628629,0.5418059286337853,12.347715354715952,perturbed,9,0.2
pair,"5,8",0.9999999999999916,0.0,0.07096181025901299,0.5546780375853136,7.8165711325672245,perturbed,9,0.2
pair,"5,9",0.9999999999999916,0.0,0.08605273636320432,0.5226109459231266,6.073147328137635,perturbed,9,0.2
pair,"6,7",0.9999999999999916,0.0,0.0169571374592143,0.6583116163632035,38.82209588420155,perturbed,9,0.2
pair,"6,8",0.9999999999999917,0.0,0.06764675946691058,0.5607554057661808,8.289464420545885,perturbed,9,0.2
pair,"6,9",0.9999999999999918,0.0,0.07124715696949298,0.5422739065525626,7.611165548468924,perturbed,9,0.2
pair,"7,8",0.9999999999999916,0.0,0.04338109107995458,0.5487346392365712,12.649166389688364,perturbed,9,0.2
pair,"7,9",0.9999999999999919,0.0,0.06896824677086918,0.529787234275802,7.681610872839725,perturbed,9,0.2
pair,"8,9",0.9999999999999918,0.0,0.04463798997175889,0.5521513123062687,12.36953797999413,perturbed,9,0.2
modular_A,"0,1,2,3",0.9999999999999918,4.827835525542686e-17,0.00031424361202988946,0.3829563526226851,1218.660739510148,perturbed,9,0.2
