q,epsilon,i,j,in_A,W_ij,baseline_W_ij,delta_W_ij
0,-0.2,0,1,True,0.15243936216405252,0.15246617394451634,-2.6811780463820156e-05
0,-0.2,0,2,True,0.029052370521380322,0.02947189025553132,-0.0004195197341509971
0,-0.2,0,3,True,0.00807559924940593,0.008115821995266614,-4.0222745860685194e-05
0,-0.2,0,4,False,0.007627603374100511,0.007896421168336776,-0.0002688177942362646
0,-0.2,0,5,False,0.010285872266838192,0.010589654378399427,-0.0003037821115612349
0,-0.2,0,6,False,0.014098726565865194,0.014363147851822244,-0.0002644212859570505
0,-0.2,0,7,False,0.009442701940048925,0.009749412251592648,-0.0003067103115437231
0,-0.2,0,8,False,0.008976299659973153,0.009335105106145436,-0.0003588054461722834
0,-0.2,0,9,False,0.004536943521105563,0.004721696435875167,-0.00018475291476960365
0,-0.2,1,2,True,0.1529532777435565,0.1552113169226943,-0.002258039179137805
0,-0.2,1,3,True,0.05049094471718285,0.05233104572250791,-0.0018401010053250566
0,-0.2,1,4,False,0.044020761354172766,0.04574690253138369,-0.001726141177210927
0,-0.2,1,5,False,0.014575256768491807,0.015132562622129031,-0.0005573058536372244
0,-0.2,1,6,False,0.005927328709032453,0.006142912257184108,-0.00021558354815165437
0,-0.2,1,7,False,0.008191531788045658,0.008469839794692957,-0.0002783080066472987
0,-0.2,1,8,False,0.010344529171482542,0.010728429308898058,-0.000383900137415516
0,-0.2,1,9,False,0.008977736571400108,0.00933510510614588,-0.00035736853474577224
0,-0.2,2,3,True,0.26823386155122986,0.2756102305193435,-0.007376368968113667
0,-0.2,2,4,False,0.08831978684531583,0.09112791143432353,-0.002808124589007699
0,-0.2,2,5,False,0.027013375200192424,0.027772438491855178,-0.0007590632916627538
0,-0.2,2,6,False,0.008365307361281271,0.008556992301686384,-0.00019168494040511241
0,-0.2,2,7,False,0.0069789411828364845,0.0068636687489671555,0.00011527243386932895
0,-0.2,2,8,False,0.010550020397715576,0.008469839794692735,0.002080180603022841
0,-0.2,2,9,False,0.014461722777078245,0.009749412251592648,0.004712310525485597
0,-0.2,3,4,False,0.1856069798932507,0.18718970383811795,-0.001582723944867248
0,-0.2,3,5,False,0.03572689294518927,0.0360727761789188,-0.000345883233729527
0,-0.2,3,6,False,0.010334110227626647,0.01042011308615276,-8.6002858526113e-05
0,-0.2,3,7,False,0.008467384323340044,0.008556992301686162,-8.960797834611789e-05
0,-0.2,3,8,False,0.006291441318486024,0.006142912257183886,0.0001485290613021384
0,-0.2,3,9,False,0.014957041804817273,0.014363147851822022,0.0005938939529952503
0,-0.2,4,5,False,0.15088610716441364,0.1509294223399451,-4.3315175531466465e-05
0,-0.2,4,6,False,0.036080302195597325,0.03607277617891924,7.5260166780832805e-06
0,-0.2,4,7,False,0.027840218910545778,0.027772438491855178,6.778041869059948e-05
0,-0.2,4,8,False,0.015258314052585265,0.015132562622129475,0.0001257514304557894
0,-0.2,4,9,False,0.010635847191106329,0.010589654378399427,4.619281270690223e-05
0,-0.2,5,6,False,0.18719041711598194,0.1871897038381185,7.132778634399983e-07
0,-0.2,5,7,False,0.0911294347065017,0.09112791143432397,1.5232721777280744e-06
0,-0.2,5,8,False,0.045747976716701944,0.04574690253138414,1.074185317806453e-06
0,-0.2,5,9,False,0.007904496990444931,0.007896421168336776,8.075822108155606e-06
0,-0.2,6,7,False,0.27561023627103665,0.2756102305193442,5.751692455646662e-09
0,-0.2,6,8,False,0.05233105526365045,0.052331045722507685,9.541142764746269e-09
0,-0.2,6,9,False,0.008115829901395255,0.00811582199526617,7.906129084744862e-09
0,-0.2,7,8,False,0.15521131692269385,0.15521131692269408,-2.220446049250313e-16
0,-0.2,7,9,False,0.029471890255530653,0.029471890255531097,-4.440892098500626e-16
0,-0.2,8,9,False,0.15246617394451611,0.15246617394451678,-6.661338147750939e-16
1,-0.2,0,1,True,0.1536676389986118,0.15246617394451634,0.001201465054095463
1,-0.2,0,2,True,0.03034632750813837,0.02947189025553132,0.0008744372526070521
1,-0.2,0,3,True,0.00863276978522931,0.008115821995266614,0.0005169477899626962
1,-0.2,0,4,False,0.008011171510533766,0.007896421168336776,0.00011475034219698976
1,-0.2,0,5,False,0.010328969239708607,0.010589654378399427,-0.00026068513869081933
1,-0.2,0,6,False,0.014103525271252026,0.014363147851822244,-0.0002596225805702179
1,-0.2,0,7,False,0.009435538713098879,0.009749412251592648,-0.00031387353849376964
1,-0.2,0,8,False,0.00896864537463049,0.009335105106145436,-0.0003664597315149454
1,-0.2,0,9,False,0.004534788845909965,0.004721696435875167,-0.00018690758996520174
1,-0.2,1,2,True,0.1530770341762433,0.1552113169226943,-0.0021342827464509995
1,-0.2,1,3,True,0.05220252794996916,0.05233104572250791,-0.00012851777253874985
1,-0.2,1,4,False,0.0447337653232136,0.04574690253138369,-0.0010131372081700896
1,-0.2,1,5,False,0.014736009359129776,0.015132562622129031,-0.0003965532629992552
1,-0.2,1,6,False,0.006058748664179658,0.006142912257184108,-8.416359300444931e-05
1,-0.2,1,7,False,0.008532698238338687,0.008469839794692957,6.285844364573023e-05
1,-0.2,1,8,False,0.0112396029076971,0.010728429308898058,0.0005111735987990418
1,-0.2,1,9,False,0.009717780809943788,0.00933510510614588,0.00038267570379790783
1,-0.2,2,3,True,0.2751868654119407,0.2756102305193435,-0.00042336510740281774
1,-0.2,2,4,False,0.09044043093865439,0.09112791143432353,-0.0006874804956691349
1,-0.2,2,5,False,0.027461807392656246,0.027772438491855178,-0.0003106310991989325
1,-0.2,2,6,False,0.008462935410036954,0.008556992301686384,-9.405689164942999e-05
1,-0.2,2,7,False,0.00680133408516248,0.0068636687489671555,-6.233466380467512e-05
1,-0.2,2,8,False,0.008394526961040372,0.008469839794692735,-7.531283365236341e-05
1,-0.2,2,9,False,0.009666721821726787,0.009749412251592648,-8.26904298658615e-05
1,-0.2,3,4,False,0.1856896512950783,0.18718970383811795,-0.0015000525430396427
1,-0.2,3,5,False,0.035536490115591235,0.0360727761789188,-0.0005362860633275623
1,-0.2,3,6,False,0.010250889721870271,0.01042011308615276,-0.00016922336428248919
1,-0.2,3,7,False,0.008449016197594528,0.008556992301686162,-0.00010797610409163383
1,-0.2,3,8,False,0.006312870533782933,0.006142912257183886,0.00016995827659904705
1,-0.2,3,9,False,0.015162690486552055,0.014363147851822022,0.0007995426347300327
1,-0.2,4,5,False,0.15037547422284914,0.1509294223399451,-0.0005539481170959704
1,-0.2,4,6,False,0.035900154797758876,0.03607277617891924,-0.00017262138116036496
1,-0.2,4,7,False,0.027750483516663982,0.027772438491855178,-2.195497519119627e-05
1,-0.2,4,8,False,0.01529042360940247,0.015132562622129475,0.00015786098727299525
1,-0.2,4,9,False,0.010898517491184201,0.010589654378399427,0.0003088631127847741
1,-0.2,5,6,False,0.18716013814230315,0.1871897038381185,-2.956569581535895e-05
1,-0.2,5,7,False,0.09114900647221869,0.09112791143432397,2.1095037894713897e-05
1,-0.2,5,8,False,0.04578692804812268,0.04574690253138414,4.0025516738539935e-05
1,-0.2,5,9,False,0.008081057535882286,0.007896421168336776,0.00018463636754550983
1,-0.2,6,7,False,0.2756110613456366,0.2756102305193442,8.308262924305865e-07
1,-0.2,6,8,False,0.05233364602471191,0.052331045722507685,2.6003022042253576e-06
1,-0.2,6,9,False,0.008117860205427263,0.00811582199526617,2.038210161092735e-06
1,-0.2,7,8,False,0.15521134260657488,0.15521131692269408,2.5683880799931558e-08
1,-0.2,7,9,False,0.02947191503844504,0.029471890255531097,2.478291394325538e-08
1,-0.2,8,9,False,0.15246617394451678,0.15246617394451678,0.0
2,-0.2,0,1,True,0.15001042336425097,0.15246617394451634,-0.00245575058026537
2,-0.2,0,2,True,0.0293640111986595,0.02947189025553132,-0.00010787905687181798
2,-0.2,0,3,True,0.008026034058185028,0.008115821995266614,-8.978793708158683e-05
2,-0.2,0,4,False,0.0078620019487321,0.007896421168336776,-3.441921960467553e-05
2,-0.2,0,5,False,0.010439298383908557,0.010589654378399427,-0.00015035599449086945
2,-0.2,0,6,False,0.014058411737409626,0.014363147851822244,-0.00030473611441261816
2,-0.2,0,7,False,0.009604670350330968,0.009749412251592648,-0.00014474190126168018
2,-0.2,0,8,False,0.00912634199655682,0.009335105106145436,-0.00020876310958861666
2,-0.2,0,9,False,0.004574656024355805,0.004721696435875167,-0.00014704041151936131
2,-0.2,1,2,True,0.15424693321883964,0.1552113169226943,-0.0009643837038546543
2,-0.2,1,3,True,0.05199620566073415,0.05233104572250791,-0.0003348400617737557
2,-0.2,1,4,False,0.04549903972060676,0.04574690253138369,-0.0002478628107769332
2,-0.2,1,5,False,0.01493481461026569,0.015132562622129031,-0.00019774801186334123
2,-0.2,1,6,False,0.0060342645888389335,0.006142912257184108,-0.00010864766834517425
2,-0.2,1,7,False,0.008366331852775577,0.008469839794692957,-0.00010350794191738011
2,-0.2,1,8,False,0.010573980700305796,0.010728429308898058,-0.0001544486085922614
2,-0.2,1,9,False,0.009189757568688117,0.00933510510614588,-0.00014534753745776285
2,-0.2,2,3,True,0.2744358933693827,0.2756102305193435,-0.0011743371499608468
2,-0.2,2,4,False,0.09052235269636677,0.09112791143432353,-0.0006055587379567573
2,-0.2,2,5,False,0.02735735013468421,0.027772438491855178,-0.00041508835717096737
2,-0.2,2,6,False,0.008396357349626626,0.008556992301686384,-0.0001606349520597572
2,-0.2,2,7,False,0.006726845429934292,0.0068636687489671555,-0.00013682331903286382
2,-0.2,2,8,False,0.008383471180028579,0.008469839794692735,-8.636861466415624e-05
2,-0.2,2,9,False,0.009772467637311433,0.009749412251592648,2.3055385718784294e-05
2,-0.2,3,4,False,0.18603040038450347,0.18718970383811795,-0.0011593034536144797
2,-0.2,3,5,False,0.03567484239321739,0.0360727761789188,-0.0003979337857014098
2,-0.2,3,6,False,0.010294233060795355,0.01042011308615276,-0.0001258800253574055
2,-0.2,3,7,False,0.008478152386893534,0.008556992301686162,-7.883991479262775e-05
2,-0.2,3,8,False,0.006137086139856418,0.006142912257183886,-5.826117327467628e-06
2,-0.2,3,9,False,0.014453865844066938,0.014363147851822022,9.071799224491528e-05
2,-0.2,4,5,False,0.14980701068880964,0.1509294223399451,-0.0011224116511354687
2,-0.2,4,6,False,0.03550955581322346,0.03607277617891924,-0.0005632203656957824
2,-0.2,4,7,False,0.027308260971311782,0.027772438491855178,-0.0004641775205433962
2,-0.2,4,8,False,0.014990364679844381,0.015132562622129475,-0.00014219794228509386
2,-0.2,4,9,False,0.010680453309410476,0.010589654378399427,9.079893101104908e-05
2,-0.2,5,6,False,0.18646918754418973,0.1871897038381185,-0.0007205162939287746
2,-0.2,5,7,False,0.09087491479098508,0.09112791143432397,-0.0002529966433388875
2,-0.2,5,8,False,0.045867220697796585,0.04574690253138414,0.00012031816641244752
2,-0.2,5,9,False,0.008420599641542514,0.007896421168336776,0.0005241784732057386
2,-0.2,6,7,False,0.27557265798197406,0.2756102305193442,-3.757253737013411e-05
2,-0.2,6,8,False,0.05241159263238648,0.052331045722507685,8.054690987879809e-05
2,-0.2,6,9,False,0.008178184937336574,0.00811582199526617,6.236294207040416e-05
2,-0.2,7,8,False,0.15521789008729603,0.15521131692269408,6.573164601952897e-06
2,-0.2,7,9,False,0.02947994772492657,0.029471890255531097,8.057469395472694e-06
2,-0.2,8,9,False,0.15246630736954025,0.15246617394451678,1.3342502347413188e-07
3,-0.2,0,1,True,0.1511885484446447,0.15246617394451634,-0.0012776254998716485
3,-0.2,0,2,True,0.029118609537286844,0.02947189025553132,-0.00035328071824447527
3,-0.2,0,3,True,0.007981001831827816,0.008115821995266614,-0.000134820163438798
3,-0.2,0,4,False,0.007793693906907206,0.007896421168336776,-0.00010272726142956934
3,-0.2,0,5,False,0.010323551856546764,0.010589654378399427,-0.0002661025218526625
3,-0.2,0,6,False,0.013944741553939988,0.014363147851822244,-0.0004184062978822567
3,-0.2,0,7,False,0.009494411647189116,0.009749412251592648,-0.00025500060440353245
3,-0.2,0,8,False,0.009074005033536059,0.009335105106145436,-0.00026110007260937707
3,-0.2,0,9,False,0.004572898787471802,0.004721696435875167,-0.00014879764840336485
3,-0.2,1,2,True,0.15383893306363783,0.1552113169226943,-0.0013723838590564696
3,-0.2,1,3,True,0.05182478618686548,0.05233104572250791,-0.0005062595356424282
3,-0.2,1,4,False,0.045395774929035904,0.04574690253138369,-0.0003511276023477894
3,-0.2,1,5,False,0.015030547156332341,0.015132562622129031,-0.00010201546579668985
3,-0.2,1,6,False,0.006016199875842787,0.006142912257184108,-0.00012671238134132068
3,-0.2,1,7,False,0.008274072945856359,0.008469839794692957,-0.00019576684883659823
3,-0.2,1,8,False,0.010507766098155402,0.010728429308898058,-0.00022066321074265538
3,-0.2,1,9,False,0.00914801230920359,0.00933510510614588,-0.00018709279694228975
3,-0.2,2,3,True,0.27444374719317954,0.2756102305193435,-0.0011664833261639806
3,-0.2,2,4,False,0.09038187355999705,0.09112791143432353,-0.0007460378743264773
3,-0.2,2,5,False,0.02750413905645943,0.027772438491855178,-0.00026829943539574685
3,-0.2,2,6,False,0.008400355665717063,0.008556992301686384,-0.00015663663596932054
3,-0.2,2,7,False,0.00674948399773978,0.0068636687489671555,-0.00011418475122737526
3,-0.2,2,8,False,0.008469898333334891,0.008469839794692735,5.8538642155880893e-08
3,-0.2,2,9,False,0.009945964020115827,0.009749412251592648,0.0001965517685231788
3,-0.2,3,4,False,0.1861137527445007,0.18718970383811795,-0.0010759510936172445
3,-0.2,3,5,False,0.035843695263140685,0.0360727761789188,-0.00022908091577811263
3,-0.2,3,6,False,0.01030079037394116,0.01042011308615276,-0.00011932271221160029
3,-0.2,3,7,False,0.00841676838545169,0.008556992301686162,-0.00014022391623447206
3,-0.2,3,8,False,0.006067325067302454,0.006142912257183886,-7.558718988143198e-05
3,-0.2,3,9,False,0.014348653998260241,0.014363147851822022,-1.4493853561781123e-05
3,-0.2,4,5,False,0.14990240510627006,0.1509294223399451,-0.0010270172336750427
3,-0.2,4,6,False,0.035644930951832965,0.03607277617891924,-0.0004278452270862765
3,-0.2,4,7,False,0.02742317296624308,0.027772438491855178,-0.0003492655256120969
3,-0.2,4,8,False,0.014952639504683063,0.015132562622129475,-0.0001799231174464122
3,-0.2,4,9,False,0.010639545982538579,0.010589654378399427,4.9891604139151724e-05
3,-0.2,5,6,False,0.1858084387629253,0.1871897038381185,-0.0013812650751932054
3,-0.2,5,7,False,0.08985672032402592,0.09112791143432397,-0.0012711911102980533
3,-0.2,5,8,False,0.04513480817811488,0.04574690253138414,-0.0006120943532692547
3,-0.2,5,9,False,0.00827770127585481,0.007896421168336776,0.00038128010751803387
3,-0.2,6,7,False,0.27458284635216845,0.2756102305193442,-0.0010273841671757378
3,-0.2,6,8,False,0.0525954949074936,0.052331045722507685,0.0002644491849859154
3,-0.2,6,9,False,0.008422941773521542,0.00811582199526617,0.0003071197782553714
3,-0.2,7,8,False,0.15534753670691215,0.15521131692269408,0.00013621978421807235
3,-0.2,7,9,False,0.029762165001097962,0.029471890255531097,0.0002902747455668653
3,-0.2,8,9,False,0.15250234428232146,0.15246617394451678,3.617033780467516e-05
4,-0.2,0,1,True,0.15291610996146643,0.15246617394451634,0.0004499360169500921
4,-0.2,0,2,True,0.028971666419284725,0.02947189025553132,-0.0005002238362465938
4,-0.2,0,3,True,0.007975209872719935,0.008115821995266614,-0.00014061212254667943
4,-0.2,0,4,False,0.00788944470612618,0.007896421168336776,-6.9764622105950025e-06
4,-0.2,0,5,False,0.010487037639173247,0.010589654378399427,-0.00010261673922618009
4,-0.2,0,6,False,0.014371900809127425,0.014363147851822244,8.752957305180331e-06
4,-0.2,0,7,False,0.009409353079944616,0.009749412251592648,-0.0003400591716480328
4,-0.2,0,8,False,0.00910247373612183,0.009335105106145436,-0.000232631370023606
4,-0.2,0,9,False,0.004607709977194396,0.004721696435875167,-0.0001139864586807704
4,-0.2,1,2,True,0.15415717451935507,0.1552113169226943,-0.001054142403339231
4,-0.2,1,3,True,0.05178966495044457,0.05233104572250791,-0.0005413807720633379
4,-0.2,1,4,False,0.0451789861889893,0.04574690253138369,-0.0005679163423943923
4,-0.2,1,5,False,0.014875230041237586,0.015132562622129031,-0.00025733258089144506
4,-0.2,1,6,False,0.0062280806808314715,0.006142912257184108,8.516842364736377e-05
4,-0.2,1,7,False,0.00815301287054071,0.008469839794692957,-0.000316826924152247
4,-0.2,1,8,False,0.010347514993862772,0.010728429308898058,-0.0003809143150352856
4,-0.2,1,9,False,0.009027980610950337,0.00933510510614588,-0.0003071244951955432
4,-0.2,2,3,True,0.274294895270246,0.2756102305193435,-0.001315335249097549
4,-0.2,2,4,False,0.09024637985150141,0.09112791143432353,-0.0008815315828221149
4,-0.2,2,5,False,0.027480415063346753,0.027772438491855178,-0.00029202342850842555
4,-0.2,2,6,False,0.008592055067709659,0.008556992301686384,3.506276602327496e-05
4,-0.2,2,7,False,0.006770569799773529,0.0068636687489671555,-9.309894919362627e-05
4,-0.2,2,8,False,0.008372025037806763,0.008469839794692735,-9.781475688597219e-05
4,-0.2,2,9,False,0.009781819429607097,0.009749412251592648,3.240717801444859e-05
4,-0.2,3,4,False,0.1861129002278077,0.18718970383811795,-0.0010768036103102618
4,-0.2,3,5,False,0.03584314583446746,0.0360727761789188,-0.000229630344451337
4,-0.2,3,6,False,0.01032204492650668,0.01042011308615276,-9.806815964608084e-05
4,-0.2,3,7,False,0.008413308818188359,0.008556992301686162,-0.0001436834834978029
4,-0.2,3,8,False,0.006026550340826997,0.006142912257183886,-0.00011636191635688853
4,-0.2,3,9,False,0.014468136461241787,0.014363147851822022,0.00010498860941976496
4,-0.2,4,5,False,0.1499209744073684,0.1509294223399451,-0.001008447932576706
4,-0.2,4,6,False,0.03582892611163113,0.03607277617891924,-0.00024385006728810943
4,-0.2,4,7,False,0.027440712461654915,0.027772438491855178,-0.00033172603020026337
4,-0.2,4,8,False,0.014923495429472133,0.015132562622129475,-0.00020906719265734175
4,-0.2,4,9,False,0.010649774668570311,0.010589654378399427,6.012029017088416e-05
4,-0.2,5,6,False,0.18603142381638582,0.1871897038381185,-0.0011582800217326827
4,-0.2,5,7,False,0.09017932590362943,0.09112791143432397,-0.0009485855306945457
4,-0.2,5,8,False,0.04522011911246282,0.04574690253138414,-0.0005267834189213172
4,-0.2,5,9,False,0.007946108877768365,0.007896421168336776,4.968770943158951e-05
4,-0.2,6,7,False,0.2738796607367473,0.2756102305193442,-0.0017305697825968913
4,-0.2,6,8,False,0.05157503795258833,0.052331045722507685,-0.0007560077699193535
4,-0.2,6,9,False,0.008212159576589606,0.00811582199526617,9.633758132343573e-05
4,-0.2,7,8,False,0.15485106677929594,0.15521131692269408,-0.0003602501433981331
4,-0.2,7,9,False,0.03069976594533874,0.029471890255531097,0.0012278756898076448
4,-0.2,8,9,False,0.1533588319871586,0.15246617394451678,0.0008926580426418251
5,-0.2,0,1,True,0.1533588319871586,0.15246617394451634,0.0008926580426422692
5,-0.2,0,2,True,0.03069976594533874,0.02947189025553132,0.0012278756898074228
5,-0.2,0,3,True,0.008212159576589606,0.008115821995266614,9.633758132299164e-05
5,-0.2,0,4,False,0.007946108877768143,0.007896421168336776,4.9687709431367466e-05
5,-0.2,0,5,False,0.010649774668570089,0.010589654378399427,6.0120290170662116e-05
5,-0.2,0,6,False,0.014468136461242231,0.014363147851822244,0.000104988609419987
5,-0.2,0,7,False,0.009781819429607097,0.009749412251592648,3.240717801444859e-05
5,-0.2,0,8,False,0.009027980610950337,0.009335105106145436,-0.0003071244951950991
5,-0.2,0,9,False,0.004607709977194396,0.004721696435875167,-0.0001139864586807704
5,-0.2,1,2,True,0.1548510667792966,0.1552113169226943,-0.000360250143397689
5,-0.2,1,3,True,0.051575037952588554,0.05233104572250791,-0.0007560077699193535
5,-0.2,1,4,False,0.045220119112463264,0.04574690253138369,-0.000526783418920429
5,-0.2,1,5,False,0.014923495429472355,0.015132562622129031,-0.00020906719265667562
5,-0.2,1,6,False,0.006026550340827219,0.006142912257184108,-0.00011636191635688853
5,-0.2,1,7,False,0.008372025037806763,0.008469839794692957,-9.781475688619423e-05
5,-0.2,1,8,False,0.010347514993862994,0.010728429308898058,-0.00038091431503506357
5,-0.2,1,9,False,0.009102473736121386,0.00933510510614588,-0.0002326313700244942
5,-0.2,2,3,True,0.2738796607367465,0.2756102305193435,-0.0017305697825970023
5,-0.2,2,4,False,0.09017932590362965,0.09112791143432353,-0.0009485855306938795
5,-0.2,2,5,False,0.027440712461655137,0.027772438491855178,-0.0003317260302000413
5,-0.2,2,6,False,0.00841330881818858,0.008556992301686384,-0.0001436834834978029
5,-0.2,2,7,False,0.006770569799773529,0.0068636687489671555,-9.309894919362627e-05
5,-0.2,2,8,False,0.008153012870540932,0.008469839794692735,-0.0003168269241518029
5,-0.2,2,9,False,0.009409353079944838,0.009749412251592648,-0.00034005917164781074
5,-0.2,3,4,False,0.18603142381638627,0.18718970383811795,-0.0011582800217316835
5,-0.2,3,5,False,0.035828926111630466,0.0360727761789188,-0.00024385006728833147
5,-0.2,3,6,False,0.01032204492650668,0.01042011308615276,-9.806815964608084e-05
5,-0.2,3,7,False,0.008592055067709214,0.008556992301686162,3.5062766023052916e-05
5,-0.2,3,8,False,0.006228080680831027,0.006142912257183886,8.516842364714172e-05
5,-0.2,3,9,False,0.014371900809127425,0.014363147851822022,8.752957305402376e-06
5,-0.2,4,5,False,0.14992097440736818,0.1509294223399451,-0.001008447932576928
5,-0.2,4,6,False,0.03584314583446746,0.03607277617891924,-0.0002296303444517811
5,-0.2,4,7,False,0.027480415063346753,0.027772438491855178,-0.00029202342850842555
5,-0.2,4,8,False,0.014875230041237364,0.015132562622129475,-0.0002573325808921112
5,-0.2,4,9,False,0.010487037639173247,0.010589654378399427,-0.00010261673922618009
5,-0.2,5,6,False,0.18611290022780802,0.1871897038381185,-0.0010768036103104839
5,-0.2,5,7,False,0.09024637985150141,0.09112791143432397,-0.0008815315828225589
5,-0.2,5,8,False,0.0451789861889893,0.04574690253138414,-0.0005679163423948363
5,-0.2,5,9,False,0.007889444706125959,0.007896421168336776,-6.976462210817047e-06
5,-0.2,6,7,False,0.2742948952702462,0.2756102305193442,-0.001315335249097993
5,-0.2,6,8,False,0.05178966495044479,0.052331045722507685,-0.0005413807720628938
5,-0.2,6,9,False,0.007975209872719935,0.00811582199526617,-0.00014061212254623534
5,-0.2,7,8,False,0.1541571745193553,0.15521131692269408,-0.001054142403338787
5,-0.2,7,9,False,0.028971666419284947,0.029471890255531097,-0.0005002238362461497
5,-0.2,8,9,False,0.1529161099614662,0.15246617394451678,0.000449936016949426
6,-0.2,0,1,True,0.15250234428232146,0.15246617394451634,3.6170337805119246e-05
6,-0.2,0,2,True,0.029762165001097518,0.02947189025553132,0.00029027474556619914
6,-0.2,0,3,True,0.00842294177352132,0.008115821995266614,0.00030711977825470527
6,-0.2,0,4,False,0.00827770127585481,0.007896421168336776,0.00038128010751803387
6,-0.2,0,5,False,0.010639545982539023,0.010589654378399427,4.989160413959581e-05
6,-0.2,0,6,False,0.01434865399826002,0.014363147851822244,-1.4493853562225212e-05
6,-0.2,0,7,False,0.00994596402011605,0.009749412251592648,0.00019655176852340084
6,-0.2,0,8,False,0.00914801230920359,0.009335105106145436,-0.00018709279694184566
6,-0.2,0,9,False,0.004572898787471802,0.004721696435875167,-0.00014879764840336485
6,-0.2,1,2,True,0.15534753670691215,0.1552113169226943,0.0001362197842178503
6,-0.2,1,3,True,0.05259549490749316,0.05233104572250791,0.0002644491849852493
6,-0.2,1,4,False,0.04513480817811466,0.04574690253138369,-0.0006120943532690326
6,-0.2,1,5,False,0.01495263950468284,0.015132562622129031,-0.00017992311744619016
6,-0.2,1,6,False,0.0060673250673017876,0.006142912257184108,-7.558718988232016e-05
6,-0.2,1,7,False,0.008469898333334669,0.008469839794692957,5.8538641711791684e-08
6,-0.2,1,8,False,0.010507766098155402,0.010728429308898058,-0.00022066321074265538
6,-0.2,1,9,False,0.009074005033536059,0.00933510510614588,-0.00026110007260982115
6,-0.2,2,3,True,0.2745828463521689,0.2756102305193435,-0.0010273841671746275
6,-0.2,2,4,False,0.08985672032402658,0.09112791143432353,-0.001271191110296943
6,-0.2,2,5,False,0.02742317296624286,0.027772438491855178,-0.00034926552561231894
6,-0.2,2,6,False,0.008416768385451912,0.008556992301686384,-0.00014022391623447206
6,-0.2,2,7,False,0.006749483997740002,0.0068636687489671555,-0.00011418475122715321
6,-0.2,2,8,False,0.008274072945856581,0.008469839794692735,-0.00019576684883615414
6,-0.2,2,9,False,0.009494411647189338,0.009749412251592648,-0.0002550006044033104
6,-0.2,3,4,False,0.1858084387629253,0.18718970383811795,-0.0013812650751926503
6,-0.2,3,5,False,0.03564493095183319,0.0360727761789188,-0.00042784522708561035
6,-0.2,3,6,False,0.01030079037394116,0.01042011308615276,-0.00011932271221160029
6,-0.2,3,7,False,0.008400355665716841,0.008556992301686162,-0.00015663663596932054
6,-0.2,3,8,False,0.006016199875842787,0.006142912257183886,-0.00012671238134109863
6,-0.2,3,9,False,0.013944741553939766,0.014363147851822022,-0.0004184062978822567
6,-0.2,4,5,False,0.14990240510627006,0.1509294223399451,-0.0010270172336750427
6,-0.2,4,6,False,0.035843695263140685,0.03607277617891924,-0.00022908091577855672
6,-0.2,4,7,False,0.027504139056459653,0.027772438491855178,-0.0002682994353955248
6,-0.2,4,8,False,0.015030547156332563,0.015132562622129475,-0.0001020154657969119
6,-0.2,4,9,False,0.01032355185654743,0.010589654378399427,-0.00026610252185199634
6,-0.2,5,6,False,0.18611375274450093,0.1871897038381185,-0.0010759510936175776
6,-0.2,5,7,False,0.09038187355999683,0.09112791143432397,-0.0007460378743271434
6,-0.2,5,8,False,0.04539577492903568,0.04574690253138414,-0.0003511276023484555
6,-0.2,5,9,False,0.007793693906906762,0.007896421168336776,-0.00010272726143001343
6,-0.2,6,7,False,0.274443747193179,0.2756102305193442,-0.001166483326165202
6,-0.2,6,8,False,0.0518247861868657,0.052331045722507685,-0.0005062595356419841
6,-0.2,6,9,False,0.00798100183182826,0.00811582199526617,-0.0001348201634379098
6,-0.2,7,8,False,0.1538389330636376,0.15521131692269408,-0.0013723838590564696
6,-0.2,7,9,False,0.0291186095372864,0.029471890255531097,-0.0003532807182446973
6,-0.2,8,9,False,0.15118854844464513,0.15246617394451678,-0.0012776254998716485
7,-0.2,0,1,True,0.15246630736954003,0.15246617394451634,1.3342502369617648e-07
7,-0.2,0,2,True,0.029479947724926125,0.02947189025553132,8.05746939480656e-06
7,-0.2,0,3,True,0.008178184937337019,0.008115821995266614,6.236294207040416e-05
7,-0.2,0,4,False,0.008420599641542514,0.007896421168336776,0.0005241784732057386
7,-0.2,0,5,False,0.010680453309410254,0.010589654378399427,9.079893101082703e-05
7,-0.2,0,6,False,0.01445386584406716,0.014363147851822244,9.071799224491528e-05
7,-0.2,0,7,False,0.009772467637311433,0.009749412251592648,2.3055385718784294e-05
7,-0.2,0,8,False,0.009189757568688117,0.009335105106145436,-0.00014534753745731877
7,-0.2,0,9,False,0.004574656024355361,0.004721696435875167,-0.0001470404115198054
7,-0.2,1,2,True,0.1552178900872958,0.1552113169226943,6.5731646015088074e-06
7,-0.2,1,3,True,0.05241159263238626,0.05233104572250791,8.0546909878354e-05
7,-0.2,1,4,False,0.045867220697796585,0.04574690253138369,0.00012031816641289161
7,-0.2,1,5,False,0.014990364679844603,0.015132562622129031,-0.00014219794228442773
7,-0.2,1,6,False,0.00613708613985664,0.006142912257184108,-5.826117327467628e-06
7,-0.2,1,7,False,0.008383471180029023,0.008469839794692957,-8.63686146639342e-05
7,-0.2,1,8,False,0.010573980700306018,0.010728429308898058,-0.00015444860859203935
7,-0.2,1,9,False,0.009126341996557041,0.00933510510614588,-0.0002087631095888387
7,-0.2,2,3,True,0.27557265798197417,0.2756102305193435,-3.757253736935695e-05
7,-0.2,2,4,False,0.09087491479098508,0.09112791143432353,-0.0002529966433384434
7,-0.2,2,5,False,0.02730826097131156,0.027772438491855178,-0.00046417752054361827
7,-0.2,2,6,False,0.008478152386893534,0.008556992301686384,-7.88399147928498e-05
7,-0.2,2,7,False,0.00672684542993407,0.0068636687489671555,-0.00013682331903308587
7,-0.2,2,8,False,0.008366331852775355,0.008469839794692735,-0.00010350794191738011
7,-0.2,2,9,False,0.009604670350330524,0.009749412251592648,-0.00014474190126212427
7,-0.2,3,4,False,0.18646918754419017,0.18718970383811795,-0.0007205162939277754
7,-0.2,3,5,False,0.03550955581322324,0.0360727761789188,-0.0005632203656955603
7,-0.2,3,6,False,0.010294233060795799,0.01042011308615276,-0.0001258800253569614
7,-0.2,3,7,False,0.008396357349626404,0.008556992301686162,-0.0001606349520597572
7,-0.2,3,8,False,0.0060342645888391555,0.006142912257183886,-0.00010864766834473016
7,-0.2,3,9,False,0.014058411737409182,0.014363147851822022,-0.0003047361144128402
7,-0.2,4,5,False,0.14980701068880964,0.1509294223399451,-0.0011224116511354687
7,-0.2,4,6,False,0.03567484239321761,0.03607277617891924,-0.00039793378570163185
7,-0.2,4,7,False,0.02735735013468421,0.027772438491855178,-0.00041508835717096737
7,-0.2,4,8,False,0.01493481461026569,0.015132562622129475,-0.00019774801186378532
7,-0.2,4,9,False,0.010439298383908557,0.010589654378399427,-0.00015035599449086945
7,-0.2,5,6,False,0.18603040038450314,0.1871897038381185,-0.001159303453615368
7,-0.2,5,7,False,0.09052235269636677,0.09112791143432397,-0.0006055587379572014
7,-0.2,5,8,False,0.045499039720607204,0.04574690253138414,-0.0002478628107769332
7,-0.2,5,9,False,0.007862001948731656,0.007896421168336776,-3.441921960511962e-05
7,-0.2,6,7,False,0.2744358933693827,0.2756102305193442,-0.001174337149961513
7,-0.2,6,8,False,0.051996205660734374,0.052331045722507685,-0.0003348400617733116
7,-0.2,6,9,False,0.008026034058185028,0.00811582199526617,-8.978793708114274e-05
7,-0.2,7,8,False,0.1542469332188403,0.15521131692269408,-0.0009643837038537661
7,-0.2,7,9,False,0.029364011198659057,0.029471890255531097,-0.00010787905687204002
7,-0.2,8,9,False,0.15001042336424986,0.15246617394451678,-0.0024557505802669244
8,-0.2,0,1,True,0.15246617394451634,0.15246617394451634,0.0
8,-0.2,0,2,True,0.029471915038445262,0.02947189025553132,2.478291394325538e-08
8,-0.2,0,3,True,0.008117860205427707,0.008115821995266614,2.038210161092735e-06
8,-0.2,0,4,False,0.008081057535882286,0.007896421168336776,0.00018463636754550983
8,-0.2,0,5,False,0.010898517491184201,0.010589654378399427,0.0003088631127847741
8,-0.2,0,6,False,0.0151626904865525,0.014363147851822244,0.0007995426347302548
8,-0.2,0,7,False,0.009666721821727231,0.009749412251592648,-8.269042986541741e-05
8,-0.2,0,8,False,0.00971778080994401,0.009335105106145436,0.00038267570379857396
8,-0.2,0,9,False,0.004534788845910409,0.004721696435875167,-0.00018690758996475765
8,-0.2,1,2,True,0.1552113426065751,0.1552113169226943,2.5683880799931558e-08
8,-0.2,1,3,True,0.05233364602471191,0.05233104572250791,2.600302204003313e-06
8,-0.2,1,4,False,0.045786928048122455,0.04574690253138369,4.002551673876198e-05
8,-0.2,1,5,False,0.015290423609402248,0.015132562622129031,0.0001578609872732173
8,-0.2,1,6,False,0.006312870533782933,0.006142912257184108,0.000169958276598825
8,-0.2,1,7,False,0.00839452696104015,0.008469839794692957,-7.53128336528075e-05
8,-0.2,1,8,False,0.011239602907696433,0.010728429308898058,0.0005111735987983757
8,-0.2,1,9,False,0.00896864537463049,0.00933510510614588,-0.00036645973151538946
8,-0.2,2,3,True,0.2756110613456366,0.2756102305193435,8.308262930967203e-07
8,-0.2,2,4,False,0.09114900647221935,0.09112791143432353,2.109503789582412e-05
8,-0.2,2,5,False,0.027750483516664204,0.027772438491855178,-2.1954975190974224e-05
8,-0.2,2,6,False,0.008449016197594528,0.008556992301686384,-0.00010797610409185587
8,-0.2,2,7,False,0.0068013340851629245,0.0068636687489671555,-6.233466380423103e-05
8,-0.2,2,8,False,0.00853269823833891,0.008469839794692735,6.285844364617432e-05
8,-0.2,2,9,False,0.0094355387130991,0.009749412251592648,-0.0003138735384935476
8,-0.2,3,4,False,0.18716013814230303,0.18718970383811795,-2.956569581491486e-05
8,-0.2,3,5,False,0.03590015479775843,0.0360727761789188,-0.00017262138116036496
8,-0.2,3,6,False,0.010250889721870493,0.01042011308615276,-0.00016922336428226714
8,-0.2,3,7,False,0.008462935410036732,0.008556992301686162,-9.405689164942999e-05
8,-0.2,3,8,False,0.0060587486641801025,0.006142912257183886,-8.416359300378318e-05
8,-0.2,3,9,False,0.014103525271252249,0.014363147851822022,-0.00025962258056977383
8,-0.2,4,5,False,0.15037547422284847,0.1509294223399451,-0.0005539481170966365
8,-0.2,4,6,False,0.035536490115591235,0.03607277617891924,-0.0005362860633280064
8,-0.2,4,7,False,0.027461807392656246,0.027772438491855178,-0.0003106310991989325
8,-0.2,4,8,False,0.014736009359129776,0.015132562622129475,-0.0003965532629996993
8,-0.2,4,9,False,0.01032896923970883,0.010589654378399427,-0.0002606851386905973
8,-0.2,5,6,False,0.1856896512950782,0.1871897038381185,-0.0015000525430403089
8,-0.2,5,7,False,0.09044043093865439,0.09112791143432397,-0.000687480495669579
8,-0.2,5,8,False,0.044733765323213825,0.04574690253138414,-0.0010131372081703116
8,-0.2,5,9,False,0.0080111715105331,0.007896421168336776,0.00011475034219632363
8,-0.2,6,7,False,0.2751868654119397,0.2756102305193442,-0.0004233651074044831
8,-0.2,6,8,False,0.05220252794996916,0.052331045722507685,-0.0001285177725385278
8,-0.2,6,9,False,0.008632769785229533,0.00811582199526617,0.0005169477899633623
8,-0.2,7,8,False,0.15307703417624285,0.15521131692269408,-0.0021342827464512215
8,-0.2,7,9,False,0.03034632750813815,0.029471890255531097,0.0008744372526070521
8,-0.2,8,9,False,0.1536676389986118,0.15246617394451678,0.001201465054095019
9,-0.2,0,1,True,0.15246617394451611,0.15246617394451634,-2.220446049250313e-16
9,-0.2,0,2,True,0.029471890255530653,0.02947189025553132,-6.661338147750939e-16
9,-0.2,0,3,True,0.008115829901395255,0.008115821995266614,7.906128640655652e-09
9,-0.2,0,4,False,0.007904496990445598,0.007896421168336776,8.07582210882174e-06
9,-0.2,0,5,False,0.010635847191106329,0.010589654378399427,4.619281270690223e-05
9,-0.2,0,6,False,0.014957041804817717,0.014363147851822244,0.0005938939529954723
9,-0.2,0,7,False,0.01446172277707869,0.009749412251592648,0.004712310525486041
9,-0.2,0,8,False,0.008977736571400108,0.009335105106145436,-0.00035736853474532815
9,-0.2,0,9,False,0.004536943521105563,0.004721696435875167,-0.00018475291476960365
9,-0.2,1,2,True,0.1552113169226934,0.1552113169226943,-8.881784197001252e-16
9,-0.2,1,3,True,0.05233105526365023,0.05233104572250791,9.541142320657059e-09
9,-0.2,1,4,False,0.045747976716702166,0.04574690253138369,1.074185318472587e-06
9,-0.2,1,5,False,0.015258314052585487,0.015132562622129031,0.00012575143045645554
9,-0.2,1,6,False,0.006291441318486468,0.006142912257184108,0.00014852906130236043
9,-0.2,1,7,False,0.010550020397715576,0.008469839794692957,0.002080180603022619
9,-0.2,1,8,False,0.010344529171482764,0.010728429308898058,-0.00038390013741529394
9,-0.2,1,9,False,0.008976299659973597,0.00933510510614588,-0.0003588054461722834
9,-0.2,2,3,True,0.27561023627103665,0.2756102305193435,5.751693121780477e-09
9,-0.2,2,4,False,0.09112943470650192,0.09112791143432353,1.5232721783942083e-06
9,-0.2,2,5,False,0.027840218910546,0.027772438491855178,6.778041869082152e-05
9,-0.2,2,6,False,0.008467384323339822,0.008556992301686384,-8.960797834656198e-05
9,-0.2,2,7,False,0.0069789411828367065,0.0068636687489671555,0.000115272433869551
9,-0.2,2,8,False,0.008191531788045658,0.008469839794692735,-0.00027830800664707667
9,-0.2,2,9,False,0.009442701940048925,0.009749412251592648,-0.0003067103115437231
9,-0.2,3,4,False,0.18719041711598194,0.18718970383811795,7.132778639951098e-07
9,-0.2,3,5,False,0.03608030219559799,0.0360727761789188,7.5260166791935035e-06
9,-0.2,3,6,False,0.010334110227626425,0.01042011308615276,-8.600285852633505e-05
9,-0.2,3,7,False,0.008365307361281049,0.008556992301686162,-0.00019168494040511241
9,-0.2,3,8,False,0.005927328709033564,0.006142912257183886,-0.0002155835481503221
9,-0.2,3,9,False,0.014098726565865194,0.014363147851822022,-0.00026442128595682846
9,-0.2,4,5,False,0.1508861071644143,0.1509294223399451,-4.331517553080033e-05
9,-0.2,4,6,False,0.03572689294518905,0.03607277617891924,-0.00034588323373019314
9,-0.2,4,7,False,0.027013375200192424,0.027772438491855178,-0.0007590632916627538
9,-0.2,4,8,False,0.01457525676849225,0.015132562622129475,-0.0005573058536372244
9,-0.2,4,9,False,0.010285872266838636,0.010589654378399427,-0.0003037821115607908
9,-0.2,5,6,False,0.1856069798932518,0.1871897038381185,-0.001582723944866693
9,-0.2,5,7,False,0.08831978684531627,0.09112791143432397,-0.002808124589007699
9,-0.2,5,8,False,0.044020761354172544,0.04574690253138414,-0.001726141177211593
9,-0.2,5,9,False,0.007627603374100733,0.007896421168336776,-0.0002688177942360426
9,-0.2,6,7,False,0.26823386155122964,0.2756102305193442,-0.007376368968114555
9,-0.2,6,8,False,0.05049094471718263,0.052331045722507685,-0.0018401010053250566
9,-0.2,6,9,False,0.00807559924940593,0.00811582199526617,-4.0222745860241105e-05
9,-0.2,7,8,False,0.15295327774355671,0.15521131692269408,-0.002258039179137361
9,-0.2,7,9,False,0.029052370521380766,0.029471890255531097,-0.00041951973415033095
9,-0.2,8,9,False,0.15243936216405296,0.15246617394451678,-2.6811780463820156e-05
0,-0.1,0,1,True,0.1524605856648915,0.15246617394451634,-5.588279624824111e-06
0,-0.1,0,2,True,0.02936632681934581,0.02947189025553132,-0.00010556343618550734
0,-0.1,0,3,True,0.008105718227382042,0.008115821995266614,-1.010376788457279e-05
0,-0.1,0,4,False,0.007828529636217274,0.007896421168336776,-6.789153211950172e-05
0,-0.1,0,5,False,0.010512919296022938,0.010589654378399427,-7.673508237648896e-05
0,-0.1,0,6,False,0.01429636627813613,0.014363147851822244,-6.678157368611437e-05
0,-0.1,0,7,False,0.009671946473763349,0.009749412251592648,-7.746577782929975e-05
0,-0.1,0,8,False,0.009244475870181956,0.009335105106145436,-9.062923596347972e-05
0,-0.1,0,9,False,0.004675037673184335,0.004721696435875167,-4.6658762690832134e-05
0,-0.1,1,2,True,0.15464244787373782,0.1552113169226943,-0.0005688690489564774
0,-0.1,1,3,True,0.051865443844084425,0.05233104572250791,-0.0004656018784234828
0,-0.1,1,4,False,0.04531061870879194,0.04574690253138369,-0.00043628382259175424
0,-0.1,1,5,False,0.014991795038302058,0.015132562622129031,-0.00014076758382697285
0,-0.1,1,6,False,0.006088475146703187,0.006142912257184108,-5.443711048092048e-05
0,-0.1,1,7,False,0.008399564307695728,0.008469839794692957,-7.027548699722885e-05
0,-0.1,1,8,False,0.010631458317122089,0.010728429308898058,-9.697099177596868e-05
0,-0.1,1,9,False,0.00924482424924955,0.00933510510614588,-9.028085689632981e-05
0,-0.1,2,3,True,0.2737394728790139,0.2756102305193435,-0.0018707576403296233
0,-0.1,2,4,False,0.09041833606770155,0.09112791143432353,-0.0007095753666219728
0,-0.1,2,5,False,0.02758102425861697,0.027772438491855178,-0.0001914142332382074
0,-0.1,2,6,False,0.008508671220644803,0.008556992301686384,-4.832108104158017e-05
0,-0.1,2,7,False,0.006893076418725386,0.0068636687489671555,2.940766975823017e-05
0,-0.1,2,8,False,0.008996593971355438,0.008469839794692735,0.0005267541766627026
0,-0.1,2,9,False,0.01094060533390162,0.009749412251592648,0.0011911930823089723
0,-0.1,3,4,False,0.18679150286080404,0.18718970383811795,-0.0003982009773139117
0,-0.1,3,5,False,0.03598586283443872,0.0360727761789188,-8.691334448007737e-05
0,-0.1,3,6,False,0.010398516931144908,0.01042011308615276,-2.1596155007852502e-05
0,-0.1,3,7,False,0.00853448121591871,0.008556992301686162,-2.2511085767451533e-05
0,-0.1,3,8,False,0.0061806091396166,0.006142912257183886,3.769688243271396e-05
0,-0.1,3,9,False,0.014513532703250398,0.014363147851822022,0.00015038485142837565
0,-0.1,4,5,False,0.15091860290612957,0.1509294223399451,-1.0819433815534296e-05
0,-0.1,4,6,False,0.036074713375228606,0.03607277617891924,1.9371963093650635e-06
0,-0.1,4,7,False,0.027789573264643153,0.027772438491855178,1.7134772787974484e-05
0,-0.1,4,8,False,0.01516433092282421,0.015132562622129475,3.1768300694734464e-05
0,-0.1,4,9,False,0.010601324724551331,0.010589654378399427,1.1670346151904099e-05
0,-0.1,5,6,False,0.18718988521106428,0.1871897038381185,1.813729457733615e-07
0,-0.1,5,7,False,0.09112829653366283,0.09112791143432397,3.850993388621049e-07
0,-0.1,5,8,False,0.04574717396619765,0.04574690253138414,2.7143481351465937e-07
0,-0.1,5,9,False,0.00789846047976095,0.007896421168336776,2.0393114241734622e-06
0,-0.1,6,7,False,0.27561023197174306,0.2756102305193442,1.452398867840543e-09
0,-0.1,6,8,False,0.05233104813180556,0.052331045722507685,2.4092978723189162e-09
0,-0.1,6,9,False,0.008115823991696303,0.00811582199526617,1.9964301323227573e-09
0,-0.1,7,8,False,0.1552113169226932,0.15521131692269408,-8.881784197001252e-16
0,-0.1,7,9,False,0.029471890255530653,0.029471890255531097,-4.440892098500626e-16
0,-0.1,8,9,False,0.15246617394451611,0.15246617394451678,-6.661338147750939e-16
1,-0.1,0,1,True,0.1527733434971954,0.15246617394451634,0.0003071695526790652
1,-0.1,0,2,True,0.0296930918929863,0.02947189025553132,0.0002212016374549819
1,-0.1,0,3,True,0.008246550063559344,0.008115821995266614,0.0001307280682927292
1,-0.1,0,4,False,0.00792547631225693,0.007896421168336776,2.9055143920153625e-05
1,-0.1,0,5,False,0.010523892057881845,0.010589654378399427,-6.576232051758168e-05
1,-0.1,0,6,False,0.014297619006895967,0.014363147851822244,-6.552884492627697e-05
1,-0.1,0,7,False,0.009670169292960162,0.009749412251592648,-7.92429586324861e-05
1,-0.1,0,8,False,0.009242558654507738,0.009335105106145436,-9.254645163769837e-05
1,-0.1,0,9,False,0.004674497396593091,0.004721696435875167,-4.719903928207536e-05
1,-0.1,1,2,True,0.15467251121880854,0.1552113169226943,-0.0005388057038857585
1,-0.1,1,3,True,0.05229845021683488,0.05233104572250791,-3.25955056730276e-05
1,-0.1,1,4,False,0.045491380953623484,0.04574690253138369,-0.00025552157776020934
1,-0.1,1,5,False,0.015032544518031044,0.015132562622129031,-0.0001000181040979875
1,-0.1,1,6,False,0.006121772041937312,0.006142912257184108,-2.1140215246795435e-05
1,-0.1,1,7,False,0.008486141341537579,0.008469839794692957,1.6301546844621484e-05
1,-0.1,1,8,False,0.010858569164877263,0.010728429308898058,0.00013013985597920552
1,-0.1,1,9,False,0.009432580505522203,0.00933510510614588,9.747539937632332e-05
1,-0.1,2,3,True,0.2755036150135335,0.2756102305193435,-0.00010661550581003709
1,-0.1,2,4,False,0.0909552271220262,0.09112791143432353,-0.00017268431229733316
1,-0.1,2,5,False,0.027694408246775604,0.027772438491855178,-7.803024507957446e-05
1,-0.1,2,6,False,0.008533378816829362,0.008556992301686384,-2.3613484857021305e-05
1,-0.1,2,7,False,0.006848043076989052,0.0068636687489671555,-1.5625671978103384e-05
1,-0.1,2,8,False,0.008450951889865888,0.008469839794692735,-1.8887904826847546e-05
1,-0.1,2,9,False,0.009728660120984944,0.009749412251592648,-2.075213060770409e-05
1,-0.1,3,4,False,0.18681278678003954,0.18718970383811795,-0.0003769170580784076
1,-0.1,3,5,False,0.03593796101454405,0.0360727761789188,-0.0001348151643747464
1,-0.1,3,6,False,0.010377581766658706,0.01042011308615276,-4.253131949405464e-05
1,-0.1,3,7,False,0.008529898664877189,0.008556992301686162,-2.7093636808972477e-05
1,-0.1,3,8,False,0.0061860116809335786,0.006142912257183886,4.309942374969289e-05
1,-0.1,3,9,False,0.014565353660386915,0.014363147851822022,0.00020220580856489256
1,-0.1,4,5,False,0.15079033052296098,0.1509294223399451,-0.0001390918169841271
1,-0.1,4,6,False,0.03602950207649269,0.03607277617891924,-4.327410242654928e-05
1,-0.1,4,7,False,0.027767074763614952,0.027772438491855178,-5.363728240226351e-06
1,-0.1,4,8,False,0.015172570954843145,0.015132562622129475,4.0008332713670214e-05
1,-0.1,4,9,False,0.010667720160952188,0.010589654378399427,7.806578255276087e-05
1,-0.1,5,6,False,0.18718233524697125,0.1871897038381185,-7.368591147249859e-06
1,-0.1,5,7,False,0.09113327601703736,0.09112791143432397,5.364582713385246e-06
1,-0.1,5,8,False,0.04575702653714875,0.04574690253138414,1.0124005764611255e-05
1,-0.1,5,9,False,0.007943046053559,0.007896421168336776,4.6624885222223966e-05
1,-0.1,6,7,False,0.27561044169214766,0.2756102305193442,2.1117280346594214e-07
1,-0.1,6,8,False,0.05233170259779296,0.052331045722507685,6.568752852764703e-07
1,-0.1,6,9,False,0.008116336717935324,0.00811582199526617,5.147226691537554e-07
1,-0.1,7,8,False,0.15521132340830412,0.15521131692269408,6.485610049011825e-09
1,-0.1,7,9,False,0.029471896513632467,0.029471890255531097,6.258101370448799e-09
1,-0.1,8,9,False,0.15246617394451611,0.15246617394451678,-6.661338147750939e-16
2,-0.1,0,1,True,0.15184662405481242,0.15246617394451634,-0.0006195498897039187
2,-0.1,0,2,True,0.02944472520517394,0.02947189025553132,-2.7165050357380593e-05
2,-0.1,0,3,True,0.008093214999773446,0.008115821995266614,-2.260699549316847e-05
2,-0.1,0,4,False,0.007887772849689112,0.007896421168336776,-8.6483186476638e-06
2,-0.1,0,5,False,0.010551839810335917,0.010589654378399427,-3.7814568063510023e-05
2,-0.1,0,6,False,0.014286247838809496,0.014363147851822244,-7.69000130127484e-05
2,-0.1,0,7,False,0.009713066477471388,0.009749412251592648,-3.634577412126028e-05
2,-0.1,0,8,False,0.009282513803751558,0.009335105106145436,-5.2591302393878436e-05
2,-0.1,0,9,False,0.004684575331219465,0.004721696435875167,-3.712110465570184e-05
2,-0.1,1,2,True,0.15496876366429646,0.1552113169226943,-0.00024255325839783737
2,-0.1,1,3,True,0.05224687953080931,0.05233104572250791,-8.416619169859807e-05
2,-0.1,1,4,False,0.045684488950590074,0.04574690253138369,-6.24135807936188e-05
2,-0.1,1,5,False,0.015082838474249183,0.015132562622129031,-4.9724147879848246e-05
2,-0.1,1,6,False,0.006115589520670595,0.006142912257184108,-2.7322736513513135e-05
2,-0.1,1,7,False,0.008443858954475747,0.008469839794692957,-2.5980840217210144e-05
2,-0.1,1,8,False,0.010689655707908363,0.010728429308898058,-3.87736009896944e-05
2,-0.1,1,9,False,0.009298603360656355,0.00933510510614588,-3.650174548952556e-05
2,-0.1,2,3,True,0.2753144857575922,0.2756102305193435,-0.00029574476175131537
2,-0.1,2,4,False,0.09097566755124897,0.09112791143432353,-0.00015224388307455428
2,-0.1,2,5,False,0.027667921316949506,0.027772438491855178,-0.0001045171749056717
2,-0.1,2,6,False,0.008516553581002562,0.008556992301686384,-4.043872068382193e-05
2,-0.1,2,7,False,0.006829214510628345,0.0068636687489671555,-3.445423833881023e-05
2,-0.1,2,8,False,0.008448200377163761,0.008469839794692735,-2.163941752897358e-05
2,-0.1,2,9,False,0.00975544735340228,0.009749412251592648,6.035101809631627e-06
2,-0.1,3,4,False,0.1868983129349766,0.18718970383811795,-0.00029139090314134197
2,-0.1,3,5,False,0.03597264049816995,0.0360727761789188,-0.00010013568074884738
2,-0.1,3,6,False,0.010388460840560443,0.01042011308615276,-3.1652245592317385e-05
2,-0.1,3,7,False,0.008537194137022253,0.008556992301686162,-1.9798164663908935e-05
2,-0.1,3,8,False,0.006141548046040057,0.006142912257183886,-1.3642111438283422e-06
2,-0.1,3,9,False,0.014386201732052184,0.014363147851822022,2.305388023016164e-05
2,-0.1,4,5,False,0.1506474499693784,0.1509294223399451,-0.00028197237056670765
2,-0.1,4,6,False,0.0359311506080735,0.03607277617891924,-0.00014162557084573812
2,-0.1,4,7,False,0.027655698386802374,0.027772438491855178,-0.00011674010505280386
2,-0.1,4,8,False,0.015096946169341985,0.015132562622129475,-3.561645278749026e-05
2,-0.1,4,9,False,0.01061275335540457,0.010589654378399427,2.309897700514263e-05
2,-0.1,5,6,False,0.18700882013463604,0.1871897038381185,-0.00018088370348245952
2,-0.1,5,7,False,0.09106455816923797,0.09112791143432397,-6.335326508599692e-05
2,-0.1,5,8,False,0.04577760266074282,0.04574690253138414,3.0700129358685047e-05
2,-0.1,5,9,False,0.008028845346979896,0.007896421168336776,0.00013242417864312017
2,-0.1,6,7,False,0.27560088412333605,0.2756102305193442,-9.34639600813636e-06
2,-0.1,6,8,False,0.052351410790332675,0.052331045722507685,2.0365067824990035e-05
2,-0.1,6,9,False,0.008131574398757557,0.00811582199526617,1.5752403491386957e-05
2,-0.1,7,8,False,0.15521297753394614,0.15521131692269408,1.6606112520634042e-06
2,-0.1,7,9,False,0.029473925053515426,0.029471890255531097,2.034797984329373e-06
2,-0.1,8,9,False,0.1524662076365697,0.15246617394451678,3.369205292536037e-08
3,-0.1,0,1,True,0.1521441186063739,0.15246617394451634,-0.00032205533814244625
3,-0.1,0,2,True,0.02938292261998865,0.02947189025553132,-8.89676355426694e-05
3,-0.1,0,3,True,0.008081581194736343,0.008115821995266614,-3.42408005302719e-05
3,-0.1,0,4,False,0.007870317435227703,0.007896421168336776,-2.610373310907299e-05
3,-0.1,0,5,False,0.010522399280873174,0.010589654378399427,-6.725509752625314e-05
3,-0.1,0,6,False,0.014257947231287371,0.014363147851822244,-0.00010520062053487322
3,-0.1,0,7,False,0.009685319924482183,0.009749412251592648,-6.409232711046542e-05
3,-0.1,0,8,False,0.00926954490369103,0.009335105106145436,-6.556020245440664e-05
3,-0.1,0,9,False,0.004684280546023434,0.004721696435875167,-3.741588985173294e-05
3,-0.1,1,2,True,0.15486638916997486,0.1552113169226943,-0.0003449277527194372
3,-0.1,1,3,True,0.05220376955143635,0.05233104572250791,-0.0001272761710715553
3,-0.1,1,4,False,0.04565865996849139,0.04574690253138369,-8.824256289230448e-05
3,-0.1,1,5,False,0.015106727871332604,0.015132562622129031,-2.5834750796427386e-05
3,-0.1,1,6,False,0.006111004074680126,0.006142912257184108,-3.190818250398131e-05
3,-0.1,1,7,False,0.008420471035507804,0.008469839794692957,-4.9368759185153266e-05
3,-0.1,1,8,False,0.010672950759778699,0.010728429308898058,-5.547854911935879e-05
3,-0.1,1,9,False,0.009288084286452447,0.00933510510614588,-4.702081969343297e-05
3,-0.1,2,3,True,0.27531643656686744,0.2756102305193435,-0.00029379395247608464
3,-0.1,2,4,False,0.09094017965082779,0.09112791143432353,-0.00018773178349573705
3,-0.1,2,5,False,0.027704982316678173,0.027772438491855178,-6.74561751770053e-05
3,-0.1,2,6,False,0.008517507456465845,0.008556992301686384,-3.9484845220538745e-05
3,-0.1,2,7,False,0.006834910019035467,0.0068636687489671555,-2.8758729931688265e-05
3,-0.1,2,8,False,0.008469972042077778,0.008469839794692735,1.3224738504291622e-07
3,-0.1,2,9,False,0.009799188756585142,0.009749412251592648,4.977650499249364e-05
3,-0.1,3,4,False,0.1869189406635372,0.18718970383811795,-0.00027076317458074595
3,-0.1,3,5,False,0.03601523564212994,0.0360727761789188,-5.7540536788858176e-05
3,-0.1,3,6,False,0.010390071302415205,0.01042011308615276,-3.0041783737555505e-05
3,-0.1,3,7,False,0.008521691147729715,0.008556992301686162,-3.5301153956446285e-05
3,-0.1,3,8,False,0.006123916649126704,0.006142912257183886,-1.8995608057181812e-05
3,-0.1,3,9,False,0.014359677614079525,0.014363147851822022,-3.4702377424977726e-06
3,-0.1,4,5,False,0.15067136327007935,0.1509294223399451,-0.000258059069865757
3,-0.1,4,6,False,0.03596509593886377,0.03607277617891924,-0.00010768024005547439
3,-0.1,4,7,False,0.027684484189313574,0.027772438491855178,-8.795430254160408e-05
3,-0.1,4,8,False,0.015087363873487414,0.015132562622129475,-4.5198748642061304e-05
3,-0.1,4,9,False,0.010602423024812957,0.010589654378399427,1.276864641353015e-05
3,-0.1,5,6,False,0.18684267783334751,0.1871897038381185,-0.00034702600477098944
3,-0.1,5,7,False,0.0908080691502593,0.09112791143432397,-0.0003198422840646753
3,-0.1,5,8,False,0.04559312115641534,0.04574690253138414,-0.00015378137496879773
3,-0.1,5,9,False,0.007992872802519813,0.007896421168336776,9.645163418303682e-05
3,-0.1,6,7,False,0.2753523400836335,0.2756102305193442,-0.0002578904357106726
3,-0.1,6,8,False,0.05239819284090763,0.052331045722507685,6.714711839994614e-05
3,-0.1,6,9,False,0.008193461363699361,0.00811582199526617,7.763936843319108e-05
3,-0.1,7,8,False,0.15524578393419586,0.15521131692269408,3.4467011501782e-05
3,-0.1,7,9,False,0.029545200735214605,0.029471890255531097,7.331047968350823e-05
3,-0.1,8,9,False,0.1524753081819188,0.15246617394451678,9.134237402008694e-06
4,-0.1,0,1,True,0.15257980504272073,0.15246617394451634,0.00011363109820439199
4,-0.1,0,2,True,0.029345960967940954,0.02947189025553132,-0.00012592928759036504
4,-0.1,0,3,True,0.00808043367059419,0.008115821995266614,-3.538832467242514e-05
4,-0.1,0,4,False,0.00789471053150903,0.007896421168336776,-1.7106368277453043e-06
4,-0.1,0,5,False,0.010563523809564046,0.010589654378399427,-2.6130568835380785e-05
4,-0.1,0,6,False,0.014365108056233922,0.014363147851822244,1.9602044116773243e-06
4,-0.1,0,7,False,0.009663217523240064,0.009749412251592648,-8.619472835258435e-05
4,-0.1,0,8,False,0.009276226462941572,0.009335105106145436,-5.887864320386349e-05
4,-0.1,0,9,False,0.004692966004560928,0.004721696435875167,-2.8730431314238913e-05
4,-0.1,1,2,True,0.15494660859576292,0.1552113169226943,-0.00026470832693137325
4,-0.1,1,3,True,0.0521948877927747,0.05233104572250791,-0.00013615792973320495
4,-0.1,1,4,False,0.04560401156592042,0.04574690253138369,-0.0001428909654632715
4,-0.1,1,5,False,0.015067417783557913,0.015132562622129031,-6.514483857111841e-05
4,-0.1,1,6,False,0.006164032476523085,0.006142912257184108,2.112021933897701e-05
4,-0.1,1,7,False,0.00838959331884559,0.008469839794692957,-8.024647584736755e-05
4,-0.1,1,8,False,0.010632041434457173,0.010728429308898058,-9.638787444088415e-05
4,-0.1,1,9,False,0.009257611449140946,0.00933510510614588,-7.749365700493449e-05
4,-0.1,2,3,True,0.2752795886791486,0.2756102305193435,-0.00033064184019493403
4,-0.1,2,4,False,0.09090601069314053,0.09112791143432353,-0.00022190074118300096
4,-0.1,2,5,False,0.027698981787968258,0.027772438491855178,-7.34567038869205e-05
4,-0.1,2,6,False,0.008565859070641002,0.008556992301686384,8.866768954618465e-06
4,-0.1,2,7,False,0.006840125882767056,0.0068636687489671555,-2.3542866200099155e-05
4,-0.1,2,8,False,0.008445053037877681,0.008469839794692735,-2.4786756815053934e-05
4,-0.1,2,9,False,0.009757699155158894,0.009749412251592648,8.28690356624584e-06
4,-0.1,3,4,False,0.18691871271193983,0.18718970383811795,-0.0002709911261781217
4,-0.1,3,5,False,0.03601502122246658,0.0360727761789188,-5.775495645221618e-05
4,-0.1,3,6,False,0.010395455373964246,0.01042011308615276,-2.465771218851387e-05
4,-0.1,3,7,False,0.008520768332951345,0.008556992301686162,-3.622396873481648e-05
4,-0.1,3,8,False,0.006113592707789328,0.006142912257183886,-2.9319549394557498e-05
4,-0.1,3,9,False,0.014389734671024668,0.014363147851822022,2.6586819202645273e-05
4,-0.1,4,5,False,0.15067575501399122,0.1509294223399451,-0.00025366732595388797
4,-0.1,4,6,False,0.036011520591263446,0.03607277617891924,-6.12555876557952e-05
4,-0.1,4,7,False,0.027688911853219533,0.027772438491855178,-8.35266386356448e-05
4,-0.1,4,8,False,0.015079706449127261,0.015132562622129475,-5.285617300221368e-05
4,-0.1,4,9,False,0.010605022196613412,0.010589654378399427,1.536781821398492e-05
4,-0.1,5,6,False,0.18689858771402368,0.1871897038381185,-0.0002911161240948257
4,-0.1,5,7,False,0.09088906342760739,0.09112791143432397,-0.00023884800671658546
4,-0.1,5,8,False,0.04561409868462185,0.04574690253138414,-0.00013280384676228607
4,-0.1,5,9,False,0.007909085850558828,0.007896421168336776,1.2664682222052193e-05
4,-0.1,6,7,False,0.27517550105294397,0.2756102305193442,-0.0004347294664002188
4,-0.1,6,8,False,0.05214098669782263,0.052331045722507685,-0.00019005902468505198
4,-0.1,6,9,False,0.008140289141997048,0.00811582199526617,2.4467146730877687e-05
4,-0.1,7,8,False,0.15512100876417834,0.15521131692269408,-9.030815851573948e-05
4,-0.1,7,9,False,0.029782121570890663,0.029471890255531097,0.00031023131535956594
4,-0.1,8,9,False,0.1526915407764713,0.15246617394451678,0.0002253668319545099
5,-0.1,0,1,True,0.1526915407764715,0.15246617394451634,0.00022536683195517604
5,-0.1,0,2,True,0.02978212157089022,0.02947189025553132,0.0003102313153588998
5,-0.1,0,3,True,0.008140289141997048,0.008115821995266614,2.4467146730433598e-05
5,-0.1,0,4,False,0.007909085850558828,0.007896421168336776,1.2664682222052193e-05
5,-0.1,0,5,False,0.010605022196613634,0.010589654378399427,1.5367818214206963e-05
5,-0.1,0,6,False,0.014389734671025112,0.014363147851822244,2.6586819202867318e-05
5,-0.1,0,7,False,0.009757699155159116,0.009749412251592648,8.286903566467885e-06
5,-0.1,0,8,False,0.009257611449141168,0.009335105106145436,-7.749365700426836e-05
5,-0.1,0,9,False,0.004692966004560706,0.004721696435875167,-2.8730431314460958e-05
5,-0.1,1,2,True,0.15512100876417834,0.1552113169226943,-9.030815851596152e-05
5,-0.1,1,3,True,0.05214098669782263,0.05233104572250791,-0.00019005902468527403
5,-0.1,1,4,False,0.04561409868462207,0.04574690253138369,-0.00013280384676161994
5,-0.1,1,5,False,0.01507970644912704,0.015132562622129031,-5.2856173001991635e-05
5,-0.1,1,6,False,0.006113592707789772,0.006142912257184108,-2.9319549394335453e-05
5,-0.1,1,7,False,0.008445053037877903,0.008469839794692957,-2.4786756815053934e-05
5,-0.1,1,8,False,0.010632041434457618,0.010728429308898058,-9.638787444044006e-05
5,-0.1,1,9,False,0.009276226462941572,0.00933510510614588,-5.887864320430758e-05
5,-0.1,2,3,True,0.2751755010529442,0.2756102305193435,-0.00043472946639933063
5,-0.1,2,4,False,0.09088906342760739,0.09112791143432353,-0.00023884800671614137
5,-0.1,2,5,False,0.027688911853219533,0.027772438491855178,-8.35266386356448e-05
5,-0.1,2,6,False,0.008520768332951345,0.008556992301686384,-3.6223968735038525e-05
5,-0.1,2,7,False,0.006840125882767278,0.0068636687489671555,-2.354286619987711e-05
5,-0.1,2,8,False,0.008389593318845812,0.008469839794692735,-8.024647584692346e-05
5,-0.1,2,9,False,0.009663217523240064,0.009749412251592648,-8.619472835258435e-05
5,-0.1,3,4,False,0.18689858771402335,0.18718970383811795,-0.00029111612409460363
5,-0.1,3,5,False,0.036011520591263446,0.0360727761789188,-6.125558765535111e-05
5,-0.1,3,6,False,0.01039545537396469,0.01042011308615276,-2.465771218806978e-05
5,-0.1,3,7,False,0.008565859070641002,0.008556992301686162,8.86676895484051e-06
5,-0.1,3,8,False,0.006164032476523307,0.006142912257183886,2.1120219339421098e-05
5,-0.1,3,9,False,0.0143651080562337,0.014363147851822022,1.9602044116773243e-06
5,-0.1,4,5,False,0.15067575501399122,0.1509294223399451,-0.00025366732595388797
5,-0.1,4,6,False,0.03601502122246747,0.03607277617891924,-5.775495645177209e-05
5,-0.1,4,7,False,0.02769898178796848,0.027772438491855178,-7.345670388669845e-05
5,-0.1,4,8,False,0.015067417783558579,0.015132562622129475,-6.514483857089637e-05
5,-0.1,4,9,False,0.010563523809563824,0.010589654378399427,-2.613056883560283e-05
5,-0.1,5,6,False,0.18691871271194027,0.1871897038381185,-0.00027099112617823273
5,-0.1,5,7,False,0.09090601069314053,0.09112791143432397,-0.00022190074118344505
5,-0.1,5,8,False,0.045604011565920644,0.04574690253138414,-0.00014289096546349356
5,-0.1,5,9,False,0.00789471053150903,0.007896421168336776,-1.7106368277453043e-06
5,-0.1,6,7,False,0.2752795886791496,0.2756102305193442,-0.00033064184019460097
5,-0.1,6,8,False,0.0521948877927747,0.052331045722507685,-0.0001361579297329829
5,-0.1,6,9,False,0.008080433670594411,0.00811582199526617,-3.538832467175901e-05
5,-0.1,7,8,False,0.15494660859576337,0.15521131692269408,-0.0002647083269307071
5,-0.1,7,9,False,0.029345960967940732,0.029471890255531097,-0.00012592928759036504
5,-0.1,8,9,False,0.1525798050427205,0.15246617394451678,0.00011363109820372586
6,-0.1,0,1,True,0.1524753081819179,0.15246617394451634,9.134237401564604e-06
6,-0.1,0,2,True,0.02954520073521416,0.02947189025553132,7.33104796828421e-05
6,-0.1,0,3,True,0.008193461363698917,0.008115821995266614,7.76393684323029e-05
6,-0.1,0,4,False,0.007992872802519368,0.007896421168336776,9.645163418259273e-05
6,-0.1,0,5,False,0.010602423024813179,0.010589654378399427,1.2768646413752194e-05
6,-0.1,0,6,False,0.014359677614078858,0.014363147851822244,-3.470237743385951e-06
6,-0.1,0,7,False,0.009799188756585142,0.009749412251592648,4.977650499249364e-05
6,-0.1,0,8,False,0.009288084286452447,0.009335105106145436,-4.702081969298888e-05
6,-0.1,0,9,False,0.00468428054602299,0.004721696435875167,-3.741588985217703e-05
6,-0.1,1,2,True,0.1552457839341954,0.1552113169226943,3.446701150111586e-05
6,-0.1,1,3,True,0.05239819284090674,0.05233104572250791,6.714711839883591e-05
6,-0.1,1,4,False,0.045593121156414895,0.04574690253138369,-0.00015378137496879773
6,-0.1,1,5,False,0.01508736387348697,0.015132562622129031,-4.5198748642061304e-05
6,-0.1,1,6,False,0.006123916649126482,0.006142912257184108,-1.89956080576259e-05
6,-0.1,1,7,False,0.008469972042077556,0.008469839794692957,1.32247384598827e-07
6,-0.1,1,8,False,0.010672950759778033,0.010728429308898058,-5.547854912002492e-05
6,-0.1,1,9,False,0.009269544903690807,0.00933510510614588,-6.556020245507277e-05
6,-0.1,2,3,True,0.2753523400836331,0.2756102305193435,-0.00025789043571045056
6,-0.1,2,4,False,0.09080806915025863,0.09112791143432353,-0.00031984228406489734
6,-0.1,2,5,False,0.027684484189312908,0.027772438491855178,-8.795430254227021e-05
6,-0.1,2,6,False,0.008521691147728605,0.008556992301686384,-3.530115395777855e-05
6,-0.1,2,7,False,0.006834910019034801,0.0068636687489671555,-2.87587299323544e-05
6,-0.1,2,8,False,0.008420471035507582,0.008469839794692735,-4.9368759185153266e-05
6,-0.1,2,9,False,0.009685319924481739,0.009749412251592648,-6.409232711090951e-05
6,-0.1,3,4,False,0.1868426778333464,0.18718970383811795,-0.00034702600477154455
6,-0.1,3,5,False,0.03596509593886332,0.0360727761789188,-0.00010768024005547439
6,-0.1,3,6,False,0.010390071302414983,0.01042011308615276,-3.004178373777755e-05
6,-0.1,3,7,False,0.008517507456465623,0.008556992301686162,-3.9484845220538745e-05
6,-0.1,3,8,False,0.006111004074679016,0.006142912257183886,-3.190818250486949e-05
6,-0.1,3,9,False,0.014257947231286927,0.014363147851822022,-0.00010520062053509527
6,-0.1,4,5,False,0.1506713632700789,0.1509294223399451,-0.0002580590698662011
6,-0.1,4,6,False,0.03601523564212972,0.03607277617891924,-5.754053678952431e-05
6,-0.1,4,7,False,0.02770498231667773,0.027772438491855178,-6.74561751774494e-05
6,-0.1,4,8,False,0.01510672787133216,0.015132562622129475,-2.5834750797315564e-05
6,-0.1,4,9,False,0.01052239928087273,0.010589654378399427,-6.725509752669723e-05
6,-0.1,5,6,False,0.18691894066353698,0.1871897038381185,-0.0002707631745815231
6,-0.1,5,7,False,0.09094017965082735,0.09112791143432397,-0.00018773178349662523
6,-0.1,5,8,False,0.045658659968491166,0.04574690253138414,-8.824256289297061e-05
6,-0.1,5,9,False,0.007870317435227259,0.007896421168336776,-2.610373310951708e-05
6,-0.1,6,7,False,0.2753164365668672,0.2756102305193442,-0.0002937939524769728
6,-0.1,6,8,False,0.052203769551436574,0.052331045722507685,-0.00012727617107111122
6,-0.1,6,9,False,0.00808158119473612,0.00811582199526617,-3.424080053004985e-05
6,-0.1,7,8,False,0.15486638916997442,0.15521131692269408,-0.00034492775271965925
6,-0.1,7,9,False,0.029382922619987983,0.029471890255531097,-8.896763554311349e-05
6,-0.1,8,9,False,0.15214411860637322,0.15246617394451678,-0.00032205533814355647
7,-0.1,0,1,True,0.15246620763656926,0.15246617394451634,3.369205292536037e-08
7,-0.1,0,2,True,0.029473925053515426,0.02947189025553132,2.0347979841073283e-06
7,-0.1,0,3,True,0.008131574398757335,0.008115821995266614,1.5752403490720823e-05
7,-0.1,0,4,False,0.008028845346979452,0.007896421168336776,0.00013242417864267608
7,-0.1,0,5,False,0.010612753355403903,0.010589654378399427,2.3098977004476495e-05
7,-0.1,0,6,False,0.014386201732051962,0.014363147851822244,2.305388022971755e-05
7,-0.1,0,7,False,0.009755447353402058,0.009749412251592648,6.035101809409582e-06
7,-0.1,0,8,False,0.009298603360656355,0.009335105106145436,-3.650174548908147e-05
7,-0.1,0,9,False,0.004684575331219021,0.004721696435875167,-3.712110465614593e-05
7,-0.1,1,2,True,0.15521297753394636,0.1552113169226943,1.6606112520634042e-06
7,-0.1,1,3,True,0.052351410790332675,0.05233104572250791,2.036506782476799e-05
7,-0.1,1,4,False,0.0457776026607426,0.04574690253138369,3.070012935890709e-05
7,-0.1,1,5,False,0.015096946169341763,0.015132562622129031,-3.5616452787268216e-05
7,-0.1,1,6,False,0.006141548046039613,0.006142912257184108,-1.364211144494476e-06
7,-0.1,1,7,False,0.00844820037716354,0.008469839794692957,-2.163941752941767e-05
7,-0.1,1,8,False,0.010689655707908141,0.010728429308898058,-3.8773600989916446e-05
7,-0.1,1,9,False,0.009282513803752002,0.00933510510614588,-5.2591302393878436e-05
7,-0.1,2,3,True,0.2756008841233353,0.2756102305193435,-9.346396008247382e-06
7,-0.1,2,4,False,0.09106455816923731,0.09112791143432353,-6.335326508621897e-05
7,-0.1,2,5,False,0.027655698386802152,0.027772438491855178,-0.0001167401050530259
7,-0.1,2,6,False,0.008537194137021809,0.008556992301686384,-1.979816466457507e-05
7,-0.1,2,7,False,0.006829214510627457,0.0068636687489671555,-3.4454238339698406e-05
7,-0.1,2,8,False,0.008443858954475747,0.008469839794692735,-2.59808402169881e-05
7,-0.1,2,9,False,0.009713066477470944,0.009749412251592648,-3.6345774121704366e-05
7,-0.1,3,4,False,0.18700882013463604,0.18718970383811795,-0.0001808837034819044
7,-0.1,3,5,False,0.03593115060807328,0.0360727761789188,-0.00014162557084551608
7,-0.1,3,6,False,0.010388460840559555,0.01042011308615276,-3.1652245593205564e-05
7,-0.1,3,7,False,0.008516553581001896,0.008556992301686162,-4.0438720684266016e-05
7,-0.1,3,8,False,0.0061155895206703725,0.006142912257183886,-2.7322736513513135e-05
7,-0.1,3,9,False,0.014286247838809718,0.014363147851822022,-7.690001301230431e-05
7,-0.1,4,5,False,0.15064744996937818,0.1509294223399451,-0.0002819723705669297
7,-0.1,4,6,False,0.03597264049816995,0.03607277617891924,-0.00010013568074929147
7,-0.1,4,7,False,0.02766792131694884,0.027772438491855178,-0.00010451717490633783
7,-0.1,4,8,False,0.015082838474248295,0.015132562622129475,-4.9724147881180514e-05
7,-0.1,4,9,False,0.010551839810335473,0.010589654378399427,-3.781456806395411e-05
7,-0.1,5,6,False,0.18689831293497572,0.1871897038381185,-0.00029139090314278526
7,-0.1,5,7,False,0.09097566755124853,0.09112791143432397,-0.00015224388307544245
7,-0.1,5,8,False,0.045684488950590296,0.04574690253138414,-6.241358079384085e-05
7,-0.1,5,9,False,0.007887772849689112,0.007896421168336776,-8.6483186476638e-06
7,-0.1,6,7,False,0.2753144857575922,0.2756102305193442,-0.0002957447617519815
7,-0.1,6,8,False,0.052246879530808865,0.052331045722507685,-8.416619169882011e-05
7,-0.1,6,9,False,0.008093214999773668,0.00811582199526617,-2.2606995492502335e-05
7,-0.1,7,8,False,0.15496876366429602,0.15521131692269408,-0.0002425532583980594
7,-0.1,7,9,False,0.029444725205173494,0.029471890255531097,-2.7165050357602638e-05
7,-0.1,8,9,False,0.15184662405481242,0.15246617394451678,-0.0006195498897043628
8,-0.1,0,1,True,0.15246617394451678,0.15246617394451634,4.440892098500626e-16
8,-0.1,0,2,True,0.02947189651363269,0.02947189025553132,6.258101370448799e-09
8,-0.1,0,3,True,0.00811633671793599,0.008115821995266614,5.147226693758e-07
8,-0.1,0,4,False,0.007943046053559222,0.007896421168336776,4.662488522244601e-05
8,-0.1,0,5,False,0.010667720160953076,0.010589654378399427,7.806578255364904e-05
8,-0.1,0,6,False,0.014565353660387581,0.014363147851822244,0.00020220580856533665
8,-0.1,0,7,False,0.009728660120985833,0.009749412251592648,-2.075213060681591e-05
8,-0.1,0,8,False,0.00943258050552176,0.009335105106145436,9.747539937632332e-05
8,-0.1,0,9,False,0.0046744973965939796,0.004721696435875167,-4.719903928118718e-05
8,-0.1,1,2,True,0.15521132340830457,0.1552113169226943,6.48561027105643e-09
8,-0.1,1,3,True,0.052331702597793406,0.05233104572250791,6.568752854985149e-07
8,-0.1,1,4,False,0.04575702653714919,0.04574690253138369,1.0124005765499433e-05
8,-0.1,1,5,False,0.015172570954843367,0.015132562622129031,4.000833271433635e-05
8,-0.1,1,6,False,0.006186011680934023,0.006142912257184108,4.3099423749914934e-05
8,-0.1,1,7,False,0.008450951889865665,0.008469839794692957,-1.8887904827291635e-05
8,-0.1,1,8,False,0.010858569164877485,0.010728429308898058,0.00013013985597942757
8,-0.1,1,9,False,0.009242558654508404,0.00933510510614588,-9.254645163747632e-05
8,-0.1,2,3,True,0.2756104416921482,0.2756102305193435,2.1117280468718747e-07
8,-0.1,2,4,False,0.09113327601703736,0.09112791143432353,5.364582713829336e-06
8,-0.1,2,5,False,0.027767074763615174,0.027772438491855178,-5.363728240004306e-06
8,-0.1,2,6,False,0.008529898664877855,0.008556992301686384,-2.7093636808528387e-05
8,-0.1,2,7,False,0.00684804307698883,0.0068636687489671555,-1.562567197832543e-05
8,-0.1,2,8,False,0.008486141341538023,0.008469839794692735,1.6301546845287618e-05
8,-0.1,2,9,False,0.009670169292960828,0.009749412251592648,-7.924295863181996e-05
8,-0.1,3,4,False,0.18718233524697148,0.18718970383811795,-7.368591146472703e-06
8,-0.1,3,5,False,0.03602950207649358,0.0360727761789188,-4.327410242521701e-05
8,-0.1,3,6,False,0.01037758176665915,0.01042011308615276,-4.253131949361055e-05
8,-0.1,3,7,False,0.008533378816829362,0.008556992301686162,-2.361348485679926e-05
8,-0.1,3,8,False,0.006121772041937756,0.006142912257183886,-2.11402152461293e-05
8,-0.1,3,9,False,0.014297619006897078,0.014363147851822022,-6.552884492494471e-05
8,-0.1,4,5,False,0.15079033052296142,0.1509294223399451,-0.000139091816983683
8,-0.1,4,6,False,0.03593796101454405,0.03607277617891924,-0.00013481516437519048
8,-0.1,4,7,False,0.027694408246775604,0.027772438491855178,-7.803024507957446e-05
8,-0.1,4,8,False,0.015032544518031266,0.015132562622129475,-0.00010001810409820955
8,-0.1,4,9,False,0.010523892057882511,0.010589654378399427,-6.576232051691555e-05
8,-0.1,5,6,False,0.18681278678003999,0.1871897038381185,-0.0003769170580785186
8,-0.1,5,7,False,0.09095522712202708,0.09112791143432397,-0.00017268431229688908
8,-0.1,5,8,False,0.045491380953623484,0.04574690253138414,-0.00025552157776065343
8,-0.1,5,9,False,0.007925476312257151,0.007896421168336776,2.905514392037567e-05
8,-0.1,6,7,False,0.27550361501353327,0.2756102305193442,-0.00010661550581092527
8,-0.1,6,8,False,0.0522984502168351,0.052331045722507685,-3.2595505672583514e-05
8,-0.1,6,9,False,0.00824655006356001,0.00811582199526617,0.00013072806829383943
8,-0.1,7,8,False,0.15467251121880854,0.15521131692269408,-0.0005388057038855365
8,-0.1,7,9,False,0.029693091892986745,0.029471890255531097,0.00022120163745564803
8,-0.1,8,9,False,0.1527733434971963,0.15246617394451678,0.0003071695526795093
9,-0.1,0,1,True,0.15246617394451656,0.15246617394451634,2.220446049250313e-16
9,-0.1,0,2,True,0.02947189025553132,0.02947189025553132,0.0
9,-0.1,0,3,True,0.00811582399169719,0.008115821995266614,1.996430576411967e-09
9,-0.1,0,4,False,0.007898460479761393,0.007896421168336776,2.0393114246175514e-06
9,-0.1,0,5,False,0.010601324724551553,0.010589654378399427,1.1670346152126143e-05
9,-0.1,0,6,False,0.014513532703251064,0.014363147851822244,0.00015038485142881974
9,-0.1,0,7,False,0.010940605333902065,0.009749412251592648,0.0011911930823094163
9,-0.1,0,8,False,0.009244824249249328,0.009335105106145436,-9.028085689610776e-05
9,-0.1,0,9,False,0.004675037673184335,0.004721696435875167,-4.6658762690832134e-05
9,-0.1,1,2,True,0.15521131692269408,0.1552113169226943,-2.220446049250313e-16
9,-0.1,1,3,True,0.052331048131806224,0.05233104572250791,2.409298316408126e-09
9,-0.1,1,4,False,0.04574717396619765,0.04574690253138369,2.714348139587486e-07
9,-0.1,1,5,False,0.015164330922823988,0.015132562622129031,3.176830069495651e-05
9,-0.1,1,6,False,0.006180609139617044,0.006142912257184108,3.769688243293601e-05
9,-0.1,1,7,False,0.00899659397135566,0.008469839794692957,0.0005267541766627026
9,-0.1,1,8,False,0.010631458317122311,0.010728429308898058,-9.697099177574664e-05
9,-0.1,1,9,False,0.0092444758701824,0.00933510510614588,-9.062923596347972e-05
9,-0.1,2,3,True,0.2756102319717427,0.2756102305193435,1.4523992009074504e-09
9,-0.1,2,4,False,0.09112829653366306,0.09112791143432353,3.850993395282387e-07
9,-0.1,2,5,False,0.027789573264643597,0.027772438491855178,1.7134772788418573e-05
9,-0.1,2,6,False,0.008534481215918488,0.008556992301686384,-2.2511085767895622e-05
9,-0.1,2,7,False,0.006893076418725608,0.0068636687489671555,2.9407669758452215e-05
9,-0.1,2,8,False,0.00839956430769595,0.008469839794692735,-7.027548699678476e-05
9,-0.1,2,9,False,0.00967194647376357,0.009749412251592648,-7.746577782907771e-05
9,-0.1,3,4,False,0.18718988521106428,0.18718970383811795,1.81372946328473e-07
9,-0.1,3,5,False,0.036074713375228384,0.0360727761789188,1.937196309587108e-06
9,-0.1,3,6,False,0.010398516931144686,0.01042011308615276,-2.1596155008074547e-05
9,-0.1,3,7,False,0.008508671220645248,0.008556992301686162,-4.832108104091404e-05
9,-0.1,3,8,False,0.006088475146703409,0.006142912257183886,-5.443711048047639e-05
9,-0.1,3,9,False,0.014296366278136574,0.014363147851822022,-6.678157368544824e-05
9,-0.1,4,5,False,0.15091860290612957,0.1509294223399451,-1.0819433815534296e-05
9,-0.1,4,6,False,0.03598586283443872,0.03607277617891924,-8.691334448052146e-05
9,-0.1,4,7,False,0.02758102425861697,0.027772438491855178,-0.0001914142332382074
9,-0.1,4,8,False,0.01499179503830228,0.015132562622129475,-0.0001407675838271949
9,-0.1,4,9,False,0.010512919296022938,0.010589654378399427,-7.673508237648896e-05
9,-0.1,5,6,False,0.1867915028608036,0.1871897038381185,-0.0003982009773149109
9,-0.1,5,7,False,0.09041833606770178,0.09112791143432397,-0.0007095753666221949
9,-0.1,5,8,False,0.04531061870879238,0.04574690253138414,-0.00043628382259175424
9,-0.1,5,9,False,0.007828529636217718,0.007896421168336776,-6.789153211905763e-05
9,-0.1,6,7,False,0.2737394728790139,0.2756102305193442,-0.0018707576403302895
9,-0.1,6,8,False,0.05186544384408465,0.052331045722507685,-0.0004656018784230387
9,-0.1,6,9,False,0.00810571822738182,0.00811582199526617,-1.0103767884350745e-05
9,-0.1,7,8,False,0.1546424478737376,0.15521131692269408,-0.0005688690489564774
9,-0.1,7,9,False,0.02936632681934581,0.029471890255531097,-0.0001055634361852853
9,-0.1,8,9,False,0.1524605856648913,0.15246617394451678,-5.5882796254902445e-06
0,-0.05,0,1,True,0.15246484703475716,0.15246617394451634,-1.3269097591805945e-06
0,-0.05,0,2,True,0.029445456412280357,0.02947189025553132,-2.643384325096143e-05
0,-0.05,0,3,True,0.008113293005518774,0.008115821995266614,-2.528989747840882e-06
0,-0.05,0,4,False,0.00787940510355889,0.007896421168336776,-1.7016064777886086e-05
0,-0.05,0,5,False,0.010570420998607721,0.010589654378399427,-1.9233379791705474e-05
0,-0.05,0,6,False,0.014346409970358076,0.014363147851822244,-1.6737881464168325e-05
0,-0.05,0,7,False,0.009729996281508946,0.009749412251592648,-1.941597008370266e-05
0,-0.05,0,8,False,0.009312389485303108,0.009335105106145436,-2.2715620842328477e-05
0,-0.05,0,9,False,0.004710002183371698,0.004721696435875167,-1.1694252503469116e-05
0,-0.05,1,2,True,0.1550688245171581,0.1552113169226943,-0.0001424924055362098
0,-0.05,1,3,True,0.05221429360627905,0.05233104572250791,-0.00011675211622885762
0,-0.05,1,4,False,0.045637532734784436,0.04574690253138369,-0.00010936979659925683
0,-0.05,1,5,False,0.01509728013248135,0.015132562622129031,-3.5282489647681103e-05
0,-0.05,1,6,False,0.006129268962461687,0.006142912257184108,-1.3643294722420762e-05
0,-0.05,1,7,False,0.00845222702031756,0.008469839794692957,-1.7612774375397322e-05
0,-0.05,1,8,False,0.010704123938378718,0.010728429308898058,-2.4305370519339675e-05
0,-0.05,1,9,False,0.009312475864047043,0.00933510510614588,-2.262924209883721e-05
0,-0.05,2,3,True,0.27514082989970956,0.2756102305193435,-0.00046940061963396396
0,-0.05,2,4,False,0.09095004107694216,0.09112791143432353,-0.00017787035738137114
0,-0.05,2,5,False,0.027724481287632496,0.027772438491855178,-4.795720422268168e-05
0,-0.05,2,6,False,0.008544886912652538,0.008556992301686384,-1.210538903384517e-05
0,-0.05,2,7,False,0.006871057982529072,0.0068636687489671555,7.389233561916342e-06
0,-0.05,2,8,False,0.008601950705562134,0.008469839794692735,0.00013211091086939852
0,-0.05,2,9,False,0.010048033542080725,0.009749412251592648,0.00029862129048807695
0,-0.05,3,4,False,0.18708999509948843,0.18718970383811795,-9.970873862952256e-05
0,-0.05,3,5,False,0.036051020038782466,0.0360727761789188,-2.175614013633087e-05
0,-0.05,3,6,False,0.010414708055174637,0.01042011308615276,-5.405030978122838e-06
0,-0.05,3,7,False,0.008551357687669014,0.008556992301686162,-5.634614017147044e-06
0,-0.05,3,8,False,0.0061523720623100075,0.006142912257183886,9.459805126121879e-06
0,-0.05,3,9,False,0.01440086439823074,0.014363147851822022,3.771654640871702e-05
0,-0.05,4,5,False,0.15092671807902147,0.1509294223399451,-2.7042609236360704e-06
0,-0.05,4,6,False,0.036073263979647274,0.03607277617891924,4.878007280328944e-07
0,-0.05,4,7,False,0.02777673410132553,0.027772438491855178,4.29560947035057e-06
0,-0.05,4,8,False,0.015140525454788278,0.015132562622129475,7.962832658803265e-06
0,-0.05,4,9,False,0.010592579637760391,0.010589654378399427,2.9252593609641053e-06
0,-0.05,5,6,False,0.1871897493732515,0.1871897038381185,4.553513299754286e-08
0,-0.05,5,7,False,0.09112800797811538,0.09112791143432397,9.654379140577873e-08
0,-0.05,5,8,False,0.04574697057153587,0.04574690253138414,6.804015173500488e-08
0,-0.05,5,9,False,0.007896932274807922,0.007896421168336776,5.1110647114605e-07
0,-0.05,6,7,False,0.2756102308833528,0.2756102305193442,3.6400860103924515e-10
0,-0.05,6,8,False,0.05233104632634,0.052331045722507685,6.038323174806237e-10
0,-0.05,6,9,False,0.00811582249562326,0.00811582199526617,5.00357089094905e-10
0,-0.05,7,8,False,0.15521131692269385,0.15521131692269408,-2.220446049250313e-16
0,-0.05,7,9,False,0.02947189025553043,0.029471890255531097,-6.661338147750939e-16
0,-0.05,8,9,False,0.15246617394451611,0.15246617394451678,-6.661338147750939e-16
1,-0.05,0,1,True,0.15254339468745282,0.15246617394451634,7.722074293647907e-05
1,-0.05,0,2,True,0.02952735338479817,0.02947189025553132,5.546312926685282e-05
1,-0.05,0,3,True,0.008148597687627213,0.008115821995266614,3.2775692360598185e-05
1,-0.05,0,4,False,0.007903708101683504,0.007896421168336776,7.286933346728475e-06
1,-0.05,0,5,False,0.01057317672935909,0.010589654378399427,-1.6477649040336217e-05
1,-0.05,0,6,False,0.014346726531670795,0.014363147851822244,-1.6421320151449592e-05
1,-0.05,0,7,False,0.009729552894370164,0.009749412251592648,-1.9859357222484775e-05
1,-0.05,0,8,False,0.009311909985270539,0.009335105106145436,-2.3195120874897057e-05
1,-0.05,0,9,False,0.0047098670233256534,0.004721696435875167,-1.1829412549513307e-05
1,-0.05,1,2,True,0.1550762848603513,0.1552113169226943,-0.00013503206234299903
1,-0.05,1,3,True,0.052322867519658756,0.05233104572250791,-8.178202849151717e-06
1,-0.05,1,4,False,0.04568288147486688,0.04574690253138369,-6.402105651681644e-05
1,-0.05,1,5,False,0.015107502768093584,0.015132562622129031,-2.5059854035447415e-05
1,-0.05,1,6,False,0.006137621031255813,0.006142912257184108,-5.291225928294452e-06
1,-0.05,1,7,False,0.008473952513137872,0.008469839794692957,4.112718444915231e-06
1,-0.05,1,8,False,0.010761112885095514,0.010728429308898058,3.268357619745643e-05
1,-0.05,1,9,False,0.009359588444047606,0.00933510510614588,2.4483337901726188e-05
1,-0.05,2,3,True,0.2755835279776253,0.2756102305193435,-2.67025417182154e-05
1,-0.05,2,4,False,0.09108468926504765,0.09112791143432353,-4.322216927588052e-05
1,-0.05,2,5,False,0.02775290756911386,0.027772438491855178,-1.9530922741317625e-05
1,-0.05,2,6,False,0.008551082708800228,0.008556992301686384,-5.909592886155224e-06
1,-0.05,2,7,False,0.0068597597030006785,0.0068636687489671555,-3.909045966477009e-06
1,-0.05,2,8,False,0.00846511408102546,0.008469839794692735,-4.725713667275144e-06
1,-0.05,2,9,False,0.009744219236347496,0.009749412251592648,-5.193015245152921e-06
1,-0.05,3,4,False,0.18709535497033958,0.18718970383811795,-9.434886777837104e-05
1,-0.05,3,5,False,0.036039025710671524,0.0360727761789188,-3.3750468247273346e-05
1,-0.05,3,6,False,0.01040946611616378,0.01042011308615276,-1.064696998898107e-05
1,-0.05,3,7,False,0.008550212660348722,0.008556992301686162,-6.779641337439912e-06
1,-0.05,3,8,False,0.006153725474490779,0.006142912257183886,1.0813217306893108e-05
1,-0.05,3,9,False,0.014413845080231358,0.014363147851822022,5.069722840933544e-05
1,-0.05,4,5,False,0.15089461144913097,0.1509294223399451,-3.4810890814140905e-05
1,-0.05,4,6,False,0.03606195021857772,0.03607277617891924,-1.0825960341520613e-05
1,-0.05,4,7,False,0.027771105437909505,0.027772438491855178,-1.3330539456735124e-06
1,-0.05,4,8,False,0.015142598848299382,0.015132562622129475,1.0036226169907181e-05
1,-0.05,4,9,False,0.010609224223790514,0.010589654378399427,1.9569845391087526e-05
1,-0.05,5,6,False,0.18718786313233848,0.1871897038381185,-1.8407057800207127e-06
1,-0.05,5,7,False,0.09112925828827345,0.09112791143432397,1.3468539494798648e-06
1,-0.05,5,8,False,0.0457494409226582,0.04574690253138414,2.538391274065077e-06
1,-0.05,5,9,False,0.007908106643095714,0.007896421168336776,1.1685474758937886e-05
1,-0.05,6,7,False,0.27561028353037775,0.2756102305193442,5.3011033562810894e-08
1,-0.05,6,8,False,0.05233121036846167,0.052331045722507685,1.6464595398169024e-07
1,-0.05,6,9,False,0.008115951000689403,0.00811582199526617,1.290054232327975e-07
1,-0.05,7,8,False,0.15521131854815584,0.15521131692269408,1.625461765186742e-09
1,-0.05,7,9,False,0.02947189182397425,0.029471890255531097,1.5684431531326481e-09
1,-0.05,8,9,False,0.15246617394451656,0.15246617394451678,-2.220446049250313e-16
2,-0.05,0,1,True,0.15231093319722167,0.15246617394451634,-0.00015524074729467152
2,-0.05,0,2,True,0.029465086717556543,0.02947189025553132,-6.803537974775509e-06
2,-0.05,0,3,True,0.008110160269904965,0.008115821995266614,-5.661725361649772e-06
2,-0.05,0,4,False,0.007894256400419186,0.007896421168336776,-2.1647679175895718e-06
2,-0.05,0,5,False,0.010580186669543412,0.010589654378399427,-9.467708856014667e-06
2,-0.05,0,6,False,0.01434387785425395,0.014363147851822244,-1.9269997568294173e-05
2,-0.05,0,7,False,0.009740316015477424,0.009749412251592648,-9.096236115224698e-06
2,-0.05,0,8,False,0.00932193231661449,0.009335105106145436,-1.317278953094636e-05
2,-0.05,0,9,False,0.004712393509527457,0.004721696435875167,-9.302926347709572e-06
2,-0.05,1,2,True,0.15515058713875218,0.1552113169226943,-6.0729783942115034e-05
2,-0.05,1,3,True,0.052309975533031405,0.05233104572250791,-2.1070189476501966e-05
2,-0.05,1,4,False,0.04573127099101515,0.04574690253138369,-1.563154036854364e-05
2,-0.05,1,5,False,0.015120113582511197,0.015132562622129031,-1.2449039617834501e-05
2,-0.05,1,6,False,0.006136071490681738,0.006142912257184108,-6.840766502369533e-06
2,-0.05,1,7,False,0.008463338084881755,0.008469839794692957,-6.501709811201906e-06
2,-0.05,1,8,False,0.010718725816962316,0.010728429308898058,-9.703491935741937e-06
2,-0.05,1,9,False,0.0093259693526897,0.00933510510614588,-9.135753456179785e-06
2,-0.05,2,3,True,0.2755361583043501,0.2756102305193435,-7.407221499344807e-05
2,-0.05,2,4,False,0.09108979677543894,0.09112791143432353,-3.8114658884591535e-05
2,-0.05,2,5,False,0.027746262386531884,0.027772438491855178,-2.6176105323294507e-05
2,-0.05,2,6,False,0.008546865036720863,0.008556992301686384,-1.012726496552041e-05
2,-0.05,2,7,False,0.0068550395877398085,0.0068636687489671555,-8.629161227347026e-06
2,-0.05,2,8,False,0.008464427026895205,0.008469839794692735,-5.4127677975301935e-06
2,-0.05,2,9,False,0.00975093816521122,0.009749412251592648,1.5259136185719058e-06
2,-0.05,3,4,False,0.18711675773311542,0.18718970383811795,-7.294610500252485e-05
2,-0.05,3,5,False,0.036047701261850085,0.0360727761789188,-2.5074917068712566e-05
2,-0.05,3,6,False,0.010412188578363235,0.01042011308615276,-7.924507789525137e-06
2,-0.05,3,7,False,0.008552037227890441,0.008556992301686162,-4.955073795720466e-06
2,-0.05,3,8,False,0.0061425770155119075,0.006142912257183886,-3.3524167197818144e-07
2,-0.05,3,9,False,0.014368934855088167,0.014363147851822022,5.787003266144453e-06
2,-0.05,4,5,False,0.15085884325634824,0.1509294223399451,-7.057908359686671e-05
2,-0.05,4,6,False,0.03603731826655898,0.03607277617891924,-3.5457912360259414e-05
2,-0.05,4,7,False,0.02774320980219125,0.027772438491855178,-2.922868966392933e-05
2,-0.05,4,8,False,0.015123654339148196,0.015132562622129475,-8.908282981279214e-06
2,-0.05,4,9,False,0.01059545422054975,0.010589654378399427,5.799842150322476e-06
2,-0.05,5,6,False,0.18714443558357108,0.1871897038381185,-4.526825454742589e-05
2,-0.05,5,7,False,0.09111206662439164,0.09112791143432397,-1.5844809932330506e-05
2,-0.05,5,8,False,0.04575461657696511,0.04574690253138414,7.714045580975437e-06
2,-0.05,5,9,False,0.007929613855118145,0.007896421168336776,3.319268678136922e-05
2,-0.05,6,7,False,0.2756078968676344,0.2756102305193442,-2.3336517097627407e-06
2,-0.05,6,8,False,0.05233615133366154,0.052331045722507685,5.105611153854994e-06
2,-0.05,6,9,False,0.008119770251215686,0.00811582199526617,3.9482559495152e-06
2,-0.05,7,8,False,0.1552117331634948,0.15521131692269408,4.162408007157836e-07
2,-0.05,7,9,False,0.029472400238349072,0.029471890255531097,5.099828179755406e-07
2,-0.05,8,9,False,0.15246618238862175,0.15246617394451678,8.444104970806166e-09
3,-0.05,0,1,True,0.15238549353584485,0.15246617394451634,-8.068040867148518e-05
3,-0.05,0,2,True,0.029449607841852465,0.02947189025553132,-2.228241367885353e-05
3,-0.05,0,3,True,0.00810722835660238,0.008115821995266614,-8.593638664233794e-06
3,-0.05,0,4,False,0.007889868883163675,0.007896421168336776,-6.552285173100358e-06
3,-0.05,0,5,False,0.010572794994935464,0.010589654378399427,-1.6859383463962985e-05
3,-0.05,0,6,False,0.014336810339490302,0.014363147851822244,-2.6337512331942037e-05
3,-0.05,0,7,False,0.00973336784300205,0.009749412251592648,-1.6044408590598636e-05
3,-0.05,0,8,False,0.009318697338612347,0.009335105106145436,-1.6407767533088702e-05
3,-0.05,0,9,False,0.004712328969530555,0.004721696435875167,-9.367466344611941e-06
3,-0.05,1,2,True,0.1551249701160753,0.1552113169226943,-8.634680661900873e-05
3,-0.05,1,3,True,0.05229918207033912,0.05233104572250791,-3.1863652168784284e-05
3,-0.05,1,4,False,0.04572481297280162,0.04574690253138369,-2.20895585820724e-05
3,-0.05,1,5,False,0.01512608298210849,0.015132562622129031,-6.479640020540245e-06
3,-0.05,1,6,False,0.006134920789366838,0.006142912257184108,-7.991467817269893e-06
3,-0.05,1,7,False,0.008457470797033517,0.008469839794692957,-1.2368997659439884e-05
3,-0.05,1,8,False,0.010714540172432896,0.010728429308898058,-1.3889136465161656e-05
3,-0.05,1,9,False,0.009323334446542653,0.00933510510614588,-1.1770659603227429e-05
3,-0.05,2,3,True,0.27553664522947807,0.2756102305193435,-7.35852898654521e-05
3,-0.05,2,4,False,0.091080901592965,0.09112791143432353,-4.700984135852515e-05
3,-0.05,2,5,False,0.027755550456125988,0.027772438491855178,-1.6888035729190065e-05
3,-0.05,2,6,False,0.008547100600817537,0.008556992301686384,-9.891700868847053e-06
3,-0.05,2,7,False,0.00685646569962306,0.0068636687489671555,-7.203049344095547e-06
3,-0.05,2,8,False,0.00846988024913009,0.008469839794692735,4.0454437355563755e-08
3,-0.05,2,9,False,0.009761896504314471,0.009749412251592648,1.2484252721822742e-05
3,-0.05,3,4,False,0.18712190135962503,0.18718970383811795,-6.780247849291765e-05
3,-0.05,3,5,False,0.03605837405708079,0.0360727761789188,-1.4402121838008597e-05
3,-0.05,3,6,False,0.01041258936634848,0.01042011308615276,-7.523719804281015e-06
3,-0.05,3,7,False,0.008548151590940467,0.008556992301686162,-8.84071074569448e-06
3,-0.05,3,8,False,0.006138157147485446,0.006142912257183886,-4.755109698439952e-06
3,-0.05,3,9,False,0.01436228996410005,0.014363147851822022,-8.578877219722614e-07
3,-0.05,4,5,False,0.1508648255994005,0.1509294223399451,-6.459674054459796e-05
3,-0.05,4,6,False,0.03604581092567227,0.03607277617891924,-2.6965253246968857e-05
3,-0.05,4,7,False,0.027750409811687415,0.027772438491855178,-2.2028680167762715e-05
3,-0.05,4,8,False,0.015121249248843727,0.015132562622129475,-1.131337328574844e-05
3,-0.05,4,9,False,0.010592865139606333,0.010589654378399427,3.210761206906554e-06
3,-0.05,5,6,False,0.18710283995996768,0.1871897038381185,-8.686387815082242e-05
3,-0.05,5,7,False,0.09104782237063724,0.09112791143432397,-8.008906368672797e-05
3,-0.05,5,8,False,0.045708409632945646,0.04574690253138414,-3.849289843849135e-05
3,-0.05,5,9,False,0.007920605175748108,0.007896421168336776,2.4184007411331976e-05
3,-0.05,6,7,False,0.2755456924088715,0.2756102305193442,-6.453811047268943e-05
3,-0.05,6,8,False,0.052347897538297605,0.052331045722507685,1.685181578992001e-05
3,-0.05,6,9,False,0.008135285833598793,0.00811582199526617,1.9463838332622885e-05
3,-0.05,7,8,False,0.15521995956047818,0.15521131692269408,8.642637784106455e-06
3,-0.05,7,9,False,0.029490264461755178,0.029471890255531097,1.8374206224081036e-05
3,-0.05,8,9,False,0.15246846326074182,0.15246617394451678,2.28931622503481e-06
4,-0.05,0,1,True,0.15249465313087818,0.15246617394451634,2.8479186361840547e-05
4,-0.05,0,2,True,0.029440353114638107,0.02947189025553132,-3.153714089321191e-05
4,-0.05,0,3,True,0.00810696018829482,0.008115821995266614,-8.86180697179384e-06
4,-0.05,0,4,False,0.007895995664296107,0.007896421168336776,-4.255040406686561e-07
4,-0.05,0,5,False,0.010583091794686084,0.010589654378399427,-6.562583713343173e-06
4,-0.05,0,6,False,0.014363623254755487,0.014363147851822244,4.7540293324210836e-07
4,-0.05,0,7,False,0.009727789191106506,0.009749412251592648,-2.1623060486142265e-05
4,-0.05,0,8,False,0.009320339997849869,0.009335105106145436,-1.4765108295566876e-05
4,-0.05,0,9,False,0.004714499132498551,0.004721696435875167,-7.197303376615949e-06
4,-0.05,1,2,True,0.1551450663777174,0.1552113169226943,-6.625054497688687e-05
4,-0.05,1,3,True,0.0522969552523489,0.05233104572250791,-3.4090470159009456e-05
4,-0.05,1,4,False,0.04571112259229326,0.04574690253138369,-3.577993909043009e-05
4,-0.05,1,5,False,0.015116225328822175,0.015132562622129031,-1.6337293306856182e-05
4,-0.05,1,6,False,0.0061481812359232,0.006142912257184108,5.268978739092489e-06
4,-0.05,1,7,False,0.00844971267612804,0.008469839794692957,-2.0127118564916557e-05
4,-0.05,1,8,False,0.01070425935192354,0.010728429308898058,-2.416995697451796e-05
4,-0.05,1,9,False,0.009315686978234705,0.00933510510614588,-1.941812791117492e-05
4,-0.05,2,3,True,0.27552745642047494,0.2756102305193435,-8.277409886858766e-05
4,-0.05,2,4,False,0.09107234065702285,0.09112791143432353,-5.557077730067306e-05
4,-0.05,2,5,False,0.02775404599112985,0.027772438491855178,-1.8392500725328276e-05
4,-0.05,2,6,False,0.008559215292710087,0.008556992301686384,2.222991023703713e-06
4,-0.05,2,7,False,0.0068577660925073225,0.0068636687489671555,-5.902656459833011e-06
4,-0.05,2,8,False,0.008463622054402098,0.008469839794692735,-6.217740290637153e-06
4,-0.05,2,9,False,0.009751495627724038,0.009749412251592648,2.083376131389869e-06
4,-0.05,3,4,False,0.18712184342737137,0.18718970383811795,-6.786041074657856e-05
4,-0.05,3,5,False,0.03605831560998629,0.0360727761789188,-1.4460568932506135e-05
4,-0.05,3,6,False,0.01041393980751626,0.01042011308615276,-6.173278636500967e-06
4,-0.05,3,7,False,0.008547917224573709,0.008556992301686162,-9.07507711245259e-06
4,-0.05,3,8,False,0.006135567987003876,0.006142912257183886,-7.3442701800097154e-06
4,-0.05,3,9,False,0.014369815919806017,0.014363147851822022,6.668067983994774e-06
4,-0.05,4,5,False,0.15086590771200314,0.1509294223399451,-6.351462794196294e-05
4,-0.05,4,6,False,0.03605744386060006,0.03607277617891924,-1.5332318319183358e-05
4,-0.05,4,7,False,0.027751519427157145,0.027772438491855178,-2.091906469803284e-05
4,-0.05,4,8,False,0.01511931148612744,0.015132562622129475,-1.3251136002034869e-05
4,-0.05,4,9,False,0.01059351756754201,0.010589654378399427,3.863189142583323e-06
4,-0.05,5,6,False,0.18711682763824644,0.1871897038381185,-7.287619987206284e-05
4,-0.05,5,7,False,0.09106809235332114,0.09112791143432397,-5.9819081002832064e-05
4,-0.05,5,8,False,0.0457136318821556,0.04574690253138414,-3.3270649228533955e-05
4,-0.05,5,9,False,0.007899602581646015,0.007896421168336776,3.181413309238934e-06
4,-0.05,6,7,False,0.27550141712208776,0.2756102305193442,-0.00010881339725643535
4,-0.05,6,8,False,0.05228346463230338,0.052331045722507685,-4.758109020430723e-05
4,-0.05,6,9,False,0.008121962826939777,0.00811582199526617,6.140831673606684e-06
4,-0.05,7,8,False,0.15518872450694143,0.15521131692269408,-2.259241575264248e-05
4,-0.05,7,9,False,0.029549652856709407,0.029471890255531097,7.776260117831058e-05
4,-0.05,8,9,False,0.15252265384426766,0.15246617394451678,5.647989975088308e-05
5,-0.05,0,1,True,0.1525226538442681,0.15246617394451634,5.6479899751771256e-05
5,-0.05,0,2,True,0.02954965285670985,0.02947189025553132,7.776260117853262e-05
5,-0.05,0,3,True,0.008121962826939777,0.008115821995266614,6.1408316731625945e-06
5,-0.05,0,4,False,0.007899602581645793,0.007896421168336776,3.1814133090168895e-06
5,-0.05,0,5,False,0.010593517567542232,0.010589654378399427,3.863189142805368e-06
5,-0.05,0,6,False,0.014369815919806683,0.014363147851822244,6.6680679844388635e-06
5,-0.05,0,7,False,0.009751495627724482,0.009749412251592648,2.0833761318339583e-06
5,-0.05,0,8,False,0.009315686978234483,0.009335105106145436,-1.9418127910952876e-05
5,-0.05,0,9,False,0.004714499132499217,0.004721696435875167,-7.197303375949815e-06
5,-0.05,1,2,True,0.15518872450694166,0.1552113169226943,-2.259241575264248e-05
5,-0.05,1,3,True,0.052283464632304044,0.05233104572250791,-4.758109020386314e-05
5,-0.05,1,4,False,0.045713631882155825,0.04574690253138369,-3.327064922786782e-05
5,-0.05,1,5,False,0.015119311486127884,0.015132562622129031,-1.325113600114669e-05
5,-0.05,1,6,False,0.006135567987004542,0.006142912257184108,-7.344270179565626e-06
5,-0.05,1,7,False,0.008463622054402098,0.008469839794692957,-6.217740290859197e-06
5,-0.05,1,8,False,0.01070425935192354,0.010728429308898058,-2.416995697451796e-05
5,-0.05,1,9,False,0.009320339997850313,0.00933510510614588,-1.4765108295566876e-05
5,-0.05,2,3,True,0.2755014171220884,0.2756102305193435,-0.00010881339725510308
5,-0.05,2,4,False,0.09106809235332136,0.09112791143432353,-5.981908100216593e-05
5,-0.05,2,5,False,0.027751519427157367,0.027772438491855178,-2.0919064697810796e-05
5,-0.05,2,6,False,0.008547917224574375,0.008556992301686384,-9.0750771120085e-06
5,-0.05,2,7,False,0.0068577660925075445,0.0068636687489671555,-5.9026564596109665e-06
5,-0.05,2,8,False,0.008449712676128707,0.008469839794692735,-2.012711856402838e-05
5,-0.05,2,9,False,0.009727789191107172,0.009749412251592648,-2.162306048547613e-05
5,-0.05,3,4,False,0.187116827638246,0.18718970383811795,-7.287619987195182e-05
5,-0.05,3,5,False,0.036057443860599836,0.0360727761789188,-1.5332318318961313e-05
5,-0.05,3,6,False,0.010413939807517147,0.01042011308615276,-6.173278635612789e-06
5,-0.05,3,7,False,0.008559215292710753,0.008556992301686162,2.2229910245918916e-06
5,-0.05,3,8,False,0.006148181235922978,0.006142912257183886,5.268978739092489e-06
5,-0.05,3,9,False,0.014363623254755487,0.014363147851822022,4.7540293346415297e-07
5,-0.05,4,5,False,0.15086590771200292,0.1509294223399451,-6.351462794218499e-05
5,-0.05,4,6,False,0.036058315609986735,0.03607277617891924,-1.4460568932506135e-05
5,-0.05,4,7,False,0.02775404599112985,0.027772438491855178,-1.8392500725328276e-05
5,-0.05,4,8,False,0.015116225328821953,0.015132562622129475,-1.6337293307522316e-05
5,-0.05,4,9,False,0.01058309179468564,0.010589654378399427,-6.562583713787262e-06
5,-0.05,5,6,False,0.18712184342737181,0.1871897038381185,-6.786041074668958e-05
5,-0.05,5,7,False,0.0910723406570233,0.09112791143432397,-5.557077730067306e-05
5,-0.05,5,8,False,0.045711122592293485,0.04574690253138414,-3.5779939090652135e-05
5,-0.05,5,9,False,0.007895995664295885,0.007896421168336776,-4.255040408907007e-07
5,-0.05,6,7,False,0.2755274564204754,0.2756102305193442,-8.277409886880971e-05
5,-0.05,6,8,False,0.05229695525234934,0.052331045722507685,-3.409047015834332e-05
5,-0.05,6,9,False,0.008106960188295487,0.00811582199526617,-8.861806970683617e-06
5,-0.05,7,8,False,0.15514506637771763,0.15521131692269408,-6.625054497644278e-05
5,-0.05,7,9,False,0.02944035311463855,0.029471890255531097,-3.153714089254578e-05
5,-0.05,8,9,False,0.1524946531308784,0.15246617394451678,2.8479186361618503e-05
6,-0.05,0,1,True,0.1524684632607416,0.15246617394451634,2.2893162252568544e-06
6,-0.05,0,2,True,0.0294902644617554,0.02947189025553132,1.8374206224081036e-05
6,-0.05,0,3,True,0.008135285833598349,0.008115821995266614,1.9463838331734706e-05
6,-0.05,0,4,False,0.007920605175747442,0.007896421168336776,2.4184007410665842e-05
6,-0.05,0,5,False,0.01059286513960589,0.010589654378399427,3.2107612064624647e-06
6,-0.05,0,6,False,0.01436228996410005,0.014363147851822244,-8.57887722194306e-07
6,-0.05,0,7,False,0.009761896504314693,0.009749412251592648,1.2484252722044786e-05
6,-0.05,0,8,False,0.00932333444654243,0.009335105106145436,-1.1770659603005384e-05
6,-0.05,0,9,False,0.004712328969530777,0.004721696435875167,-9.367466344389896e-06
6,-0.05,1,2,True,0.15521995956047774,0.1552113169226943,8.642637783440321e-06
6,-0.05,1,3,True,0.052347897538297605,0.05233104572250791,1.6851815789697966e-05
6,-0.05,1,4,False,0.04570840963294498,0.04574690253138369,-3.8492898438713397e-05
6,-0.05,1,5,False,0.015121249248843283,0.015132562622129031,-1.131337328574844e-05
6,-0.05,1,6,False,0.0061381571474845575,0.006142912257184108,-4.755109699550175e-06
6,-0.05,1,7,False,0.008469880249129647,0.008469839794692957,4.045443668942994e-08
6,-0.05,1,8,False,0.010714540172432896,0.010728429308898058,-1.3889136465161656e-05
6,-0.05,1,9,False,0.009318697338612125,0.00933510510614588,-1.6407767533754836e-05
6,-0.05,2,3,True,0.2755456924088717,0.2756102305193435,-6.453811047180125e-05
6,-0.05,2,4,False,0.09104782237063658,0.09112791143432353,-8.008906368695001e-05
6,-0.05,2,5,False,0.02775040981168675,0.027772438491855178,-2.202868016842885e-05
6,-0.05,2,6,False,0.008548151590940245,0.008556992301686384,-8.84071074613857e-06
6,-0.05,2,7,False,0.00685646569962306,0.0068636687489671555,-7.203049344095547e-06
6,-0.05,2,8,False,0.008457470797033295,0.008469839794692735,-1.2368997659439884e-05
6,-0.05,2,9,False,0.00973336784300094,0.009749412251592648,-1.604440859170886e-05
6,-0.05,3,4,False,0.1871028399599679,0.18718970383811795,-8.686387815004526e-05
6,-0.05,3,5,False,0.03604581092567183,0.0360727761789188,-2.6965253246968857e-05
6,-0.05,3,6,False,0.010412589366347813,0.01042011308615276,-7.523719804947149e-06
6,-0.05,3,7,False,0.008547100600817759,0.008556992301686162,-9.891700868402964e-06
6,-0.05,3,8,False,0.00613492078936706,0.006142912257183886,-7.991467816825804e-06
6,-0.05,3,9,False,0.014336810339489858,0.014363147851822022,-2.633751233216408e-05
6,-0.05,4,5,False,0.1508648255994003,0.1509294223399451,-6.459674054482001e-05
6,-0.05,4,6,False,0.03605837405708057,0.03607277617891924,-1.440212183867473e-05
6,-0.05,4,7,False,0.027755550456125766,0.027772438491855178,-1.688803572941211e-05
6,-0.05,4,8,False,0.015126082982108047,0.015132562622129475,-6.479640021428423e-06
6,-0.05,4,9,False,0.010572794994935242,0.010589654378399427,-1.685938346418503e-05
6,-0.05,5,6,False,0.18712190135962448,0.1871897038381185,-6.780247849402787e-05
6,-0.05,5,7,False,0.09108090159296522,0.09112791143432397,-4.7009841358747195e-05
6,-0.05,5,8,False,0.045724812972800954,0.04574690253138414,-2.2089558583182622e-05
6,-0.05,5,9,False,0.007889868883163231,0.007896421168336776,-6.552285173544448e-06
6,-0.05,6,7,False,0.2755366452294772,0.2756102305193442,-7.358528986700641e-05
6,-0.05,6,8,False,0.05229918207033846,0.052331045722507685,-3.1863652169228374e-05
6,-0.05,6,9,False,0.008107228356601714,0.00811582199526617,-8.593638664455838e-06
6,-0.05,7,8,False,0.15512497011607507,0.15521131692269408,-8.634680661900873e-05
6,-0.05,7,9,False,0.0294496078418518,0.029471890255531097,-2.228241367929762e-05
6,-0.05,8,9,False,0.1523854935358444,0.15246617394451678,-8.068040867237336e-05
7,-0.05,0,1,True,0.15246618238862153,0.15246617394451634,8.44410519285077e-09
7,-0.05,0,2,True,0.02947240023834885,0.02947189025553132,5.099828175314514e-07
7,-0.05,0,3,True,0.008119770251215686,0.008115821995266614,3.948255949071111e-06
7,-0.05,0,4,False,0.007929613855118589,0.007896421168336776,3.319268678181331e-05
7,-0.05,0,5,False,0.010595454220549305,0.010589654378399427,5.799842149878387e-06
7,-0.05,0,6,False,0.014368934855087723,0.014363147851822244,5.787003265478319e-06
7,-0.05,0,7,False,0.00975093816521122,0.009749412251592648,1.5259136185719058e-06
7,-0.05,0,8,False,0.009325969352689256,0.009335105106145436,-9.135753456179785e-06
7,-0.05,0,9,False,0.004712393509527457,0.004721696435875167,-9.302926347709572e-06
7,-0.05,1,2,True,0.1552117331634948,0.1552113169226943,4.16240800493739e-07
7,-0.05,1,3,True,0.05233615133366154,0.05233104572250791,5.10561115363295e-06
7,-0.05,1,4,False,0.04575461657696578,0.04574690253138369,7.71404558208566e-06
7,-0.05,1,5,False,0.015123654339148196,0.015132562622129031,-8.908282980835125e-06
7,-0.05,1,6,False,0.0061425770155116854,0.006142912257184108,-3.3524167242227065e-07
7,-0.05,1,7,False,0.008464427026895649,0.008469839794692957,-5.412767797308149e-06
7,-0.05,1,8,False,0.010718725816962316,0.010728429308898058,-9.703491935741937e-06
7,-0.05,1,9,False,0.009321932316614934,0.00933510510614588,-1.317278953094636e-05
7,-0.05,2,3,True,0.27560789686763465,0.2756102305193435,-2.3336517088745623e-06
7,-0.05,2,4,False,0.09111206662439186,0.09112791143432353,-1.5844809931664372e-05
7,-0.05,2,5,False,0.02774320980219125,0.027772438491855178,-2.922868966392933e-05
7,-0.05,2,6,False,0.008552037227890219,0.008556992301686384,-4.955073796164555e-06
7,-0.05,2,7,False,0.0068550395877398085,0.0068636687489671555,-8.629161227347026e-06
7,-0.05,2,8,False,0.008463338084881755,0.008469839794692735,-6.501709810979861e-06
7,-0.05,2,9,False,0.009740316015477646,0.009749412251592648,-9.096236115002654e-06
7,-0.05,3,4,False,0.1871444355835712,0.18718970383811795,-4.5268254546759756e-05
7,-0.05,3,5,False,0.03603731826655898,0.0360727761789188,-3.5457912359815325e-05
7,-0.05,3,6,False,0.010412188578363013,0.01042011308615276,-7.924507789747182e-06
7,-0.05,3,7,False,0.008546865036721751,0.008556992301686162,-1.0127264964410188e-05
7,-0.05,3,8,False,0.006136071490681738,0.006142912257183886,-6.840766502147488e-06
7,-0.05,3,9,False,0.01434387785425395,0.014363147851822022,-1.9269997568072128e-05
7,-0.05,4,5,False,0.15085884325634824,0.1509294223399451,-7.057908359686671e-05
7,-0.05,4,6,False,0.03604770126185097,0.03607277617891924,-2.5074917068268476e-05
7,-0.05,4,7,False,0.027746262386531884,0.027772438491855178,-2.6176105323294507e-05
7,-0.05,4,8,False,0.015120113582511197,0.015132562622129475,-1.244903961827859e-05
7,-0.05,4,9,False,0.010580186669543412,0.010589654378399427,-9.467708856014667e-06
7,-0.05,5,6,False,0.1871167577331152,0.1871897038381185,-7.294610500330201e-05
7,-0.05,5,7,False,0.09108979677543894,0.09112791143432397,-3.8114658885035624e-05
7,-0.05,5,8,False,0.045731270991014705,0.04574690253138414,-1.5631540369431818e-05
7,-0.05,5,9,False,0.007894256400419186,0.007896421168336776,-2.1647679175895718e-06
7,-0.05,6,7,False,0.27553615830435096,0.2756102305193442,-7.407221499322603e-05
7,-0.05,6,8,False,0.05230997553303163,0.052331045722507685,-2.1070189476057877e-05
7,-0.05,6,9,False,0.008110160269904965,0.00811582199526617,-5.661725361205683e-06
7,-0.05,7,8,False,0.1551505871387524,0.15521131692269408,-6.0729783941670945e-05
7,-0.05,7,9,False,0.02946508671755721,0.029471890255531097,-6.80353797388733e-06
7,-0.05,8,9,False,0.15231093319722144,0.15246617394451678,-0.00015524074729533766
8,-0.05,0,1,True,0.15246617394451567,0.15246617394451634,-6.661338147750939e-16
8,-0.05,0,2,True,0.029471891823973584,0.02947189025553132,1.5684422649542284e-09
8,-0.05,0,3,True,0.008115951000688959,0.008115821995266614,1.290054223446191e-07
8,-0.05,0,4,False,0.007908106643095492,0.007896421168336776,1.1685474758715841e-05
8,-0.05,0,5,False,0.010609224223789626,0.010589654378399427,1.9569845390199347e-05
8,-0.05,0,6,False,0.014413845080230914,0.014363147851822244,5.0697228408669304e-05
8,-0.05,0,7,False,0.009744219236346385,0.009749412251592648,-5.193015246263144e-06
8,-0.05,0,8,False,0.009359588444047162,0.009335105106145436,2.4483337901726188e-05
8,-0.05,0,9,False,0.004709867023325209,0.004721696435875167,-1.1829412549957397e-05
8,-0.05,1,2,True,0.15521131854815584,0.1552113169226943,1.625461543142137e-09
8,-0.05,1,3,True,0.05233121036846189,0.05233104572250791,1.6464595398169024e-07
8,-0.05,1,4,False,0.045749440922657536,0.04574690253138369,2.5383912738430325e-06
8,-0.05,1,5,False,0.015142598848298716,0.015132562622129031,1.0036226169685136e-05
8,-0.05,1,6,False,0.006153725474490779,0.006142912257184108,1.0813217306671064e-05
8,-0.05,1,7,False,0.008465114081024794,0.008469839794692957,-4.725713668163323e-06
8,-0.05,1,8,False,0.010761112885094848,0.010728429308898058,3.26835761967903e-05
8,-0.05,1,9,False,0.009311909985270095,0.00933510510614588,-2.3195120875785236e-05
8,-0.05,2,3,True,0.27561028353037687,0.2756102305193435,5.301103334076629e-08
8,-0.05,2,4,False,0.09112925828827301,0.09112791143432353,1.3468539494798648e-06
8,-0.05,2,5,False,0.027771105437908616,0.027772438491855178,-1.3330539465616909e-06
8,-0.05,2,6,False,0.008550212660348055,0.008556992301686384,-6.779641338328091e-06
8,-0.05,2,7,False,0.006859759702999568,0.0068636687489671555,-3.9090459675872324e-06
8,-0.05,2,8,False,0.008473952513138094,0.008469839794692735,4.11271844535932e-06
8,-0.05,2,9,False,0.009729552894369498,0.009749412251592648,-1.985935722315091e-05
8,-0.05,3,4,False,0.1871878631323386,0.18718970383811795,-1.840705779354579e-06
8,-0.05,3,5,False,0.03606195021857728,0.0360727761789188,-1.0825960341520613e-05
8,-0.05,3,6,False,0.010409466116162891,0.01042011308615276,-1.0646969989869248e-05
8,-0.05,3,7,False,0.00855108270879934,0.008556992301686162,-5.909592886821358e-06
8,-0.05,3,8,False,0.006137621031255147,0.006142912257183886,-5.291225928738541e-06
8,-0.05,3,9,False,0.014346726531669907,0.014363147851822022,-1.6421320152115726e-05
8,-0.05,4,5,False,0.15089461144912986,0.1509294223399451,-3.481089081525113e-05
8,-0.05,4,6,False,0.036039025710670636,0.03607277617891924,-3.3750468248605614e-05
8,-0.05,4,7,False,0.027752907569112528,0.027772438491855178,-1.9530922742649892e-05
8,-0.05,4,8,False,0.015107502768092917,0.015132562622129475,-2.505985403655764e-05
8,-0.05,4,9,False,0.010573176729358424,0.010589654378399427,-1.647764904100235e-05
8,-0.05,5,6,False,0.18709535497033902,0.1871897038381185,-9.434886777948126e-05
8,-0.05,5,7,False,0.09108468926504698,0.09112791143432397,-4.322216927699074e-05
8,-0.05,5,8,False,0.04568288147486643,0.04574690253138414,-6.402105651770462e-05
8,-0.05,5,9,False,0.007903708101683504,0.007896421168336776,7.286933346728475e-06
8,-0.05,6,7,False,0.275583527977626,0.2756102305193442,-2.67025417182154e-05
8,-0.05,6,8,False,0.05232286751965809,0.052331045722507685,-8.178202849595806e-06
8,-0.05,6,9,False,0.008148597687626546,0.00811582199526617,3.277569236037614e-05
8,-0.05,7,8,False,0.15507628486035085,0.15521131692269408,-0.00013503206234322107
8,-0.05,7,9,False,0.02952735338479795,0.029471890255531097,5.546312926685282e-05
8,-0.05,8,9,False,0.1525433946874526,0.15246617394451678,7.722074293581294e-05
9,-0.05,0,1,True,0.15246617394451611,0.15246617394451634,-2.220446049250313e-16
9,-0.05,0,2,True,0.029471890255531097,0.02947189025553132,-2.220446049250313e-16
9,-0.05,0,3,True,0.008115822495623704,0.008115821995266614,5.00357089094905e-10
9,-0.05,0,4,False,0.007896932274808144,0.007896421168336776,5.111064713680946e-07
9,-0.05,0,5,False,0.010592579637761501,0.010589654378399427,2.9252593620743284e-06
9,-0.05,0,6,False,0.014400864398231183,0.014363147851822244,3.771654640893907e-05
9,-0.05,0,7,False,0.010048033542080947,0.009749412251592648,0.000298621290488299
9,-0.05,0,8,False,0.009312475864047931,0.009335105106145436,-2.2629242097504942e-05
9,-0.05,0,9,False,0.004710002183372364,0.004721696435875167,-1.1694252502802982e-05
9,-0.05,1,2,True,0.15521131692269363,0.1552113169226943,-6.661338147750939e-16
9,-0.05,1,3,True,0.05233104632634,0.05233104572250791,6.038320954360188e-10
9,-0.05,1,4,False,0.04574697057153676,0.04574690253138369,6.804015306727251e-08
9,-0.05,1,5,False,0.015140525454788722,0.015132562622129031,7.962832659691443e-06
9,-0.05,1,6,False,0.006152372062310674,0.006142912257184108,9.459805126565968e-06
9,-0.05,1,7,False,0.0086019507055628,0.008469839794692957,0.0001321109108698426
9,-0.05,1,8,False,0.01070412393837894,0.010728429308898058,-2.430537051911763e-05
9,-0.05,1,9,False,0.009312389485303552,0.00933510510614588,-2.2715620842328477e-05
9,-0.05,2,3,True,0.27561023088335235,0.2756102305193435,3.640088230838501e-10
9,-0.05,2,4,False,0.0911280079781156,0.09112791143432353,9.654379207191255e-08
9,-0.05,2,5,False,0.027776734101326195,0.027772438491855178,4.295609471016704e-06
9,-0.05,2,6,False,0.008551357687669459,0.008556992301686384,-5.634614016924999e-06
9,-0.05,2,7,False,0.006871057982529738,0.0068636687489671555,7.389233562582476e-06
9,-0.05,2,8,False,0.00845222702031756,0.008469839794692735,-1.7612774375175277e-05
9,-0.05,2,9,False,0.009729996281509612,0.009749412251592648,-1.9415970083036527e-05
9,-0.05,3,4,False,0.18718974937325172,0.18718970383811795,4.553513377469898e-08
9,-0.05,3,5,False,0.03607326397964772,0.0360727761789188,4.878007289210728e-07
9,-0.05,3,6,False,0.010414708055175304,0.01042011308615276,-5.405030977456704e-06
9,-0.05,3,7,False,0.008544886912652983,0.008556992301686162,-1.2105389033179037e-05
9,-0.05,3,8,False,0.006129268962462131,0.006142912257183886,-1.3643294721754629e-05
9,-0.05,3,9,False,0.01434640997035852,0.014363147851822022,-1.673788146350219e-05
9,-0.05,4,5,False,0.15092671807902125,0.1509294223399451,-2.704260923858115e-06
9,-0.05,4,6,False,0.03605102003878313,0.03607277617891924,-2.1756140136108826e-05
9,-0.05,4,7,False,0.027724481287633385,0.027772438491855178,-4.7957204221793504e-05
9,-0.05,4,8,False,0.015097280132482238,0.015132562622129475,-3.5282489647237014e-05
9,-0.05,4,9,False,0.010570420998608387,0.010589654378399427,-1.923337979103934e-05
9,-0.05,5,6,False,0.18708999509948931,0.1871897038381185,-9.97087386291895e-05
9,-0.05,5,7,False,0.09095004107694282,0.09112791143432397,-0.0001778703573811491
9,-0.05,5,8,False,0.04563753273478488,0.04574690253138414,-0.00010936979659925683
9,-0.05,5,9,False,0.007879405103559556,0.007896421168336776,-1.7016064777219952e-05
9,-0.05,6,7,False,0.27514082989970956,0.2756102305193442,-0.0004694006196346301
9,-0.05,6,8,False,0.05221429360627905,0.052331045722507685,-0.00011675211622863557
9,-0.05,6,9,False,0.008113293005519218,0.00811582199526617,-2.5289897469527034e-06
9,-0.05,7,8,False,0.15506882451715764,0.15521131692269408,-0.00014249240553643183
9,-0.05,7,9,False,0.029445456412281024,0.029471890255531097,-2.6433843250073252e-05
9,-0.05,8,9,False,0.15246484703475782,0.15246617394451678,-1.32690975895855e-06
0,0.05,0,1,True,0.15246484703475716,0.15246617394451634,-1.3269097591805945e-06
0,0.05,0,2,True,0.029445456412280357,0.02947189025553132,-2.643384325096143e-05
0,0.05,0,3,True,0.00811329300551833,0.008115821995266614,-2.528989748284971e-06
0,0.05,0,4,False,0.007879405103558668,0.007896421168336776,-1.701606477810813e-05
0,0.05,0,5,False,0.010570420998607721,0.010589654378399427,-1.9233379791705474e-05
0,0.05,0,6,False,0.014346409970357854,0.014363147851822244,-1.673788146439037e-05
0,0.05,0,7,False,0.009729996281509168,0.009749412251592648,-1.9415970083480616e-05
0,0.05,0,8,False,0.009312389485302885,0.009335105106145436,-2.271562084255052e-05
0,0.05,0,9,False,0.00471000218337192,0.004721696435875167,-1.1694252503247071e-05
0,0.05,1,2,True,0.15506882451715764,0.1552113169226943,-0.00014249240553665388
0,0.05,1,3,True,0.052214293606278384,0.05233104572250791,-0.00011675211622952375
0,0.05,1,4,False,0.045637532734784214,0.04574690253138369,-0.00010936979659947887
0,0.05,1,5,False,0.015097280132481794,0.015132562622129031,-3.5282489647237014e-05
0,0.05,1,6,False,0.006129268962461909,0.006142912257184108,-1.3643294722198718e-05
0,0.05,1,7,False,0.008452227020316894,0.008469839794692957,-1.7612774376063456e-05
0,0.05,1,8,False,0.010704123938378496,0.010728429308898058,-2.430537051956172e-05
0,0.05,1,9,False,0.009312475864047043,0.00933510510614588,-2.262924209883721e-05
0,0.05,2,3,True,0.27514082989970934,0.2756102305193435,-0.000469400619634186
0,0.05,2,4,False,0.09095004107694238,0.09112791143432353,-0.0001778703573811491
0,0.05,2,5,False,0.02772448128763272,0.027772438491855178,-4.795720422245964e-05
0,0.05,2,6,False,0.008544886912652538,0.008556992301686384,-1.210538903384517e-05
0,0.05,2,7,False,0.006871057982529072,0.0068636687489671555,7.389233561916342e-06
0,0.05,2,8,False,0.008601950705562356,0.008469839794692735,0.00013211091086962057
0,0.05,2,9,False,0.010048033542080947,0.009749412251592648,0.000298621290488299
0,0.05,3,4,False,0.18708999509948798,0.18718970383811795,-9.970873862996665e-05
0,0.05,3,5,False,0.036051020038782466,0.0360727761789188,-2.175614013633087e-05
0,0.05,3,6,False,0.010414708055173971,0.01042011308615276,-5.405030978788972e-06
0,0.05,3,7,False,0.008551357687669014,0.008556992301686162,-5.634614017147044e-06
0,0.05,3,8,False,0.006152372062310452,0.006142912257183886,9.459805126565968e-06
0,0.05,3,9,False,0.014400864398230961,0.014363147851822022,3.771654640893907e-05
0,0.05,4,5,False,0.15092671807902125,0.1509294223399451,-2.704260923858115e-06
0,0.05,4,6,False,0.036073263979647274,0.03607277617891924,4.878007280328944e-07
0,0.05,4,7,False,0.027776734101324863,0.027772438491855178,4.295609469684436e-06
0,0.05,4,8,False,0.015140525454787612,0.015132562622129475,7.962832658137131e-06
0,0.05,4,9,False,0.010592579637760391,0.010589654378399427,2.9252593609641053e-06
0,0.05,5,6,False,0.18718974937325172,0.1871897038381185,4.5535133219587465e-08
0,0.05,5,7,False,0.09112800797811493,0.09112791143432397,9.654379096168952e-08
0,0.05,5,8,False,0.045746970571536316,0.04574690253138414,6.804015217909409e-08
0,0.05,5,9,False,0.0078969322748077,0.007896421168336776,5.111064709240054e-07
0,0.05,6,7,False,0.27561023088335235,0.2756102305193442,3.640081569500353e-10
0,0.05,6,8,False,0.05233104632634,0.052331045722507685,6.038323174806237e-10
0,0.05,6,9,False,0.00811582249562326,0.00811582199526617,5.00357089094905e-10
0,0.05,7,8,False,0.1552113169226934,0.15521131692269408,-6.661338147750939e-16
0,0.05,7,9,False,0.029471890255530875,0.029471890255531097,-2.220446049250313e-16
0,0.05,8,9,False,0.15246617394451611,0.15246617394451678,-6.661338147750939e-16
1,0.05,0,1,True,0.15254339468745304,0.15246617394451634,7.722074293670111e-05
1,0.05,0,2,True,0.029527353384798394,0.02947189025553132,5.546312926707486e-05
1,0.05,0,3,True,0.00814859768762699,0.008115821995266614,3.277569236037614e-05
1,0.05,0,4,False,0.007903708101683726,0.007896421168336776,7.286933346950519e-06
1,0.05,0,5,False,0.010573176729358869,0.010589654378399427,-1.6477649040558262e-05
1,0.05,0,6,False,0.01434672653167035,0.014363147851822244,-1.642132015189368e-05
1,0.05,0,7,False,0.009729552894369942,0.009749412251592648,-1.985935722270682e-05
1,0.05,0,8,False,0.009311909985270761,0.009335105106145436,-2.3195120874675013e-05
1,0.05,0,9,False,0.004709867023324987,0.004721696435875167,-1.1829412550179441e-05
1,0.05,1,2,True,0.15507628486035108,0.1552113169226943,-0.00013503206234322107
1,0.05,1,3,True,0.05232286751965898,0.05233104572250791,-8.178202848929672e-06
1,0.05,1,4,False,0.045682881474866655,0.04574690253138369,-6.402105651703849e-05
1,0.05,1,5,False,0.015107502768093806,0.015132562622129031,-2.505985403522537e-05
1,0.05,1,6,False,0.006137621031256035,0.006142912257184108,-5.291225928072407e-06
1,0.05,1,7,False,0.008473952513138538,0.008469839794692957,4.112718445581365e-06
1,0.05,1,8,False,0.010761112885095736,0.010728429308898058,3.268357619767848e-05
1,0.05,1,9,False,0.009359588444047606,0.00933510510614588,2.4483337901726188e-05
1,0.05,2,3,True,0.27558352797762575,0.2756102305193435,-2.670254171777131e-05
1,0.05,2,4,False,0.0910846892650472,0.09112791143432353,-4.322216927632461e-05
1,0.05,2,5,False,0.02775290756911364,0.027772438491855178,-1.953092274153967e-05
1,0.05,2,6,False,0.008551082708799784,0.008556992301686384,-5.909592886599313e-06
1,0.05,2,7,False,0.0068597597030006785,0.0068636687489671555,-3.909045966477009e-06
1,0.05,2,8,False,0.008465114081025238,0.008469839794692735,-4.725713667497189e-06
1,0.05,2,9,False,0.009744219236347496,0.009749412251592648,-5.193015245152921e-06
1,0.05,3,4,False,0.18709535497033958,0.18718970383811795,-9.434886777837104e-05
1,0.05,3,5,False,0.0360390257106713,0.0360727761789188,-3.375046824749539e-05
1,0.05,3,6,False,0.010409466116163557,0.01042011308615276,-1.0646969989203114e-05
1,0.05,3,7,False,0.0085502126603485,0.008556992301686162,-6.779641337661957e-06
1,0.05,3,8,False,0.006153725474490779,0.006142912257183886,1.0813217306893108e-05
1,0.05,3,9,False,0.014413845080231358,0.014363147851822022,5.069722840933544e-05
1,0.05,4,5,False,0.15089461144913052,0.1509294223399451,-3.4810890814584994e-05
1,0.05,4,6,False,0.03606195021857772,0.03607277617891924,-1.0825960341520613e-05
1,0.05,4,7,False,0.027771105437909283,0.027772438491855178,-1.333053945895557e-06
1,0.05,4,8,False,0.015142598848298716,0.015132562622129475,1.0036226169241047e-05
1,0.05,4,9,False,0.01060922422379007,0.010589654378399427,1.9569845390643437e-05
1,0.05,5,6,False,0.18718786313233848,0.1871897038381185,-1.8407057800207127e-06
1,0.05,5,7,False,0.09112925828827345,0.09112791143432397,1.3468539494798648e-06
1,0.05,5,8,False,0.04574944092265798,0.04574690253138414,2.5383912738430325e-06
1,0.05,5,9,False,0.007908106643095714,0.007896421168336776,1.1685474758937886e-05
1,0.05,6,7,False,0.2756102835303773,0.2756102305193442,5.3011033118721684e-08
1,0.05,6,8,False,0.05233121036846189,0.052331045722507685,1.6464595420373485e-07
1,0.05,6,9,False,0.008115951000688959,0.00811582199526617,1.290054227887083e-07
1,0.05,7,8,False,0.15521131854815629,0.15521131692269408,1.6254622092759519e-09
1,0.05,7,9,False,0.029471891823973806,0.029471890255531097,1.5684427090434383e-09
1,0.05,8,9,False,0.15246617394451611,0.15246617394451678,-6.661338147750939e-16
2,0.05,0,1,True,0.15231093319722122,0.15246617394451634,-0.0001552407472951156
2,0.05,0,2,True,0.029465086717556987,0.02947189025553132,-6.8035379743314195e-06
2,0.05,0,3,True,0.008110160269904965,0.008115821995266614,-5.661725361649772e-06
2,0.05,0,4,False,0.007894256400419186,0.007896421168336776,-2.1647679175895718e-06
2,0.05,0,5,False,0.01058018666954319,0.010589654378399427,-9.467708856236712e-06
2,0.05,0,6,False,0.01434387785425395,0.014363147851822244,-1.9269997568294173e-05
2,0.05,0,7,False,0.009740316015477424,0.009749412251592648,-9.096236115224698e-06
2,0.05,0,8,False,0.009321932316614712,0.009335105106145436,-1.3172789530724316e-05
2,0.05,0,9,False,0.004712393509527679,0.004721696435875167,-9.302926347487528e-06
2,0.05,1,2,True,0.15515058713875218,0.1552113169226943,-6.0729783942115034e-05
2,0.05,1,3,True,0.05230997553303118,0.05233104572250791,-2.107018947672401e-05
2,0.05,1,4,False,0.04573127099101515,0.04574690253138369,-1.563154036854364e-05
2,0.05,1,5,False,0.015120113582511863,0.015132562622129031,-1.2449039617168367e-05
2,0.05,1,6,False,0.006136071490681738,0.006142912257184108,-6.840766502369533e-06
2,0.05,1,7,False,0.008463338084881755,0.008469839794692957,-6.501709811201906e-06
2,0.05,1,8,False,0.010718725816962316,0.010728429308898058,-9.703491935741937e-06
2,0.05,1,9,False,0.009325969352689478,0.00933510510614588,-9.13575345640183e-06
2,0.05,2,3,True,0.2755361583043503,0.2756102305193435,-7.407221499322603e-05
2,0.05,2,4,False,0.09108979677543871,0.09112791143432353,-3.811465888481358e-05
2,0.05,2,5,False,0.027746262386532106,0.027772438491855178,-2.6176105323072463e-05
2,0.05,2,6,False,0.008546865036721973,0.008556992301686384,-1.0127264964410188e-05
2,0.05,2,7,False,0.0068550395877398085,0.0068636687489671555,-8.629161227347026e-06
2,0.05,2,8,False,0.008464427026895427,0.008469839794692735,-5.412767797308149e-06
2,0.05,2,9,False,0.00975093816521122,0.009749412251592648,1.5259136185719058e-06
2,0.05,3,4,False,0.18711675773311498,0.18718970383811795,-7.294610500296894e-05
2,0.05,3,5,False,0.03604770126184986,0.0360727761789188,-2.507491706893461e-05
2,0.05,3,6,False,0.010412188578362791,0.01042011308615276,-7.924507789969226e-06
2,0.05,3,7,False,0.008552037227890885,0.008556992301686162,-4.955073795276377e-06
2,0.05,3,8,False,0.006142577015511463,0.006142912257183886,-3.3524167242227065e-07
2,0.05,3,9,False,0.014368934855087945,0.014363147851822022,5.787003265922408e-06
2,0.05,4,5,False,0.15085884325634802,0.1509294223399451,-7.057908359708875e-05
2,0.05,4,6,False,0.03603731826655876,0.03607277617891924,-3.545791236048146e-05
2,0.05,4,7,False,0.027743209802191027,0.027772438491855178,-2.9228689664151375e-05
2,0.05,4,8,False,0.015123654339148196,0.015132562622129475,-8.908282981279214e-06
2,0.05,4,9,False,0.010595454220549305,0.010589654378399427,5.799842149878387e-06
2,0.05,5,6,False,0.18714443558357186,0.1871897038381185,-4.5268254546648734e-05
2,0.05,5,7,False,0.09111206662439142,0.09112791143432397,-1.584480993255255e-05
2,0.05,5,8,False,0.04575461657696556,0.04574690253138414,7.714045581419526e-06
2,0.05,5,9,False,0.007929613855118367,0.007896421168336776,3.319268678159126e-05
2,0.05,6,7,False,0.27560789686763476,0.2756102305193442,-2.333651709429674e-06
2,0.05,6,8,False,0.05233615133366154,0.052331045722507685,5.105611153854994e-06
2,0.05,6,9,False,0.008119770251215241,0.00811582199526617,3.948255949071111e-06
2,0.05,7,8,False,0.15521173316349457,0.15521131692269408,4.16240800493739e-07
2,0.05,7,9,False,0.02947240023834885,0.029471890255531097,5.09982817753496e-07
2,0.05,8,9,False,0.15246618238862153,0.15246617394451678,8.44410474876156e-09
3,0.05,0,1,True,0.15238549353584419,0.15246617394451634,-8.068040867215132e-05
3,0.05,0,2,True,0.029449607841852243,0.02947189025553132,-2.2282413679075574e-05
3,0.05,0,3,True,0.008107228356601937,0.008115821995266614,-8.593638664677883e-06
3,0.05,0,4,False,0.007889868883163897,0.007896421168336776,-6.552285172878314e-06
3,0.05,0,5,False,0.010572794994935464,0.010589654378399427,-1.6859383463962985e-05
3,0.05,0,6,False,0.014336810339489858,0.014363147851822244,-2.6337512332386126e-05
3,0.05,0,7,False,0.009733367843001606,0.009749412251592648,-1.6044408591042725e-05
3,0.05,0,8,False,0.009318697338612347,0.009335105106145436,-1.6407767533088702e-05
3,0.05,0,9,False,0.004712328969530555,0.004721696435875167,-9.367466344611941e-06
3,0.05,1,2,True,0.1551249701160755,0.1552113169226943,-8.634680661878669e-05
3,0.05,1,3,True,0.05229918207033846,0.05233104572250791,-3.186365216945042e-05
3,0.05,1,4,False,0.04572481297280162,0.04574690253138369,-2.20895585820724e-05
3,0.05,1,5,False,0.01512608298210849,0.015132562622129031,-6.479640020540245e-06
3,0.05,1,6,False,0.00613492078936706,0.006142912257184108,-7.991467817047848e-06
3,0.05,1,7,False,0.008457470797033295,0.008469839794692957,-1.2368997659661929e-05
3,0.05,1,8,False,0.010714540172432896,0.010728429308898058,-1.3889136465161656e-05
3,0.05,1,9,False,0.00932333444654243,0.00933510510614588,-1.1770659603449474e-05
3,0.05,2,3,True,0.27553664522947763,0.2756102305193435,-7.358528986589619e-05
3,0.05,2,4,False,0.091080901592965,0.09112791143432353,-4.700984135852515e-05
3,0.05,2,5,False,0.027755550456125988,0.027772438491855178,-1.6888035729190065e-05
3,0.05,2,6,False,0.008547100600817092,0.008556992301686384,-9.891700869291142e-06
3,0.05,2,7,False,0.00685646569962306,0.0068636687489671555,-7.203049344095547e-06
3,0.05,2,8,False,0.00846988024913009,0.008469839794692735,4.0454437355563755e-08
3,0.05,2,9,False,0.009761896504314693,0.009749412251592648,1.2484252722044786e-05
3,0.05,3,4,False,0.1871219013596248,0.18718970383811795,-6.78024784931397e-05
3,0.05,3,5,False,0.03605837405708057,0.0360727761789188,-1.4402121838230642e-05
3,0.05,3,6,False,0.010412589366348035,0.01042011308615276,-7.523719804725104e-06
3,0.05,3,7,False,0.008548151590940245,0.008556992301686162,-8.840710745916525e-06
3,0.05,3,8,False,0.006138157147485002,0.006142912257183886,-4.755109698884041e-06
3,0.05,3,9,False,0.014362289964099828,0.014363147851822022,-8.57887722194306e-07
3,0.05,4,5,False,0.15086482559940095,0.1509294223399451,-6.459674054415387e-05
3,0.05,4,6,False,0.03604581092567205,0.03607277617891924,-2.69652532471909e-05
3,0.05,4,7,False,0.027750409811687415,0.027772438491855178,-2.2028680167762715e-05
3,0.05,4,8,False,0.015121249248843727,0.015132562622129475,-1.131337328574844e-05
3,0.05,4,9,False,0.010592865139606555,0.010589654378399427,3.2107612071285985e-06
3,0.05,5,6,False,0.1871028399599679,0.1871897038381185,-8.686387815060037e-05
3,0.05,5,7,False,0.09104782237063724,0.09112791143432397,-8.008906368672797e-05
3,0.05,5,8,False,0.045708409632945646,0.04574690253138414,-3.849289843849135e-05
3,0.05,5,9,False,0.007920605175748108,0.007896421168336776,2.4184007411331976e-05
3,0.05,6,7,False,0.27554569240887195,0.2756102305193442,-6.453811047224534e-05
3,0.05,6,8,False,0.05234789753829783,0.052331045722507685,1.6851815790142055e-05
3,0.05,6,9,False,0.008135285833598793,0.00811582199526617,1.9463838332622885e-05
3,0.05,7,8,False,0.1552199595604784,0.15521131692269408,8.6426377843285e-06
3,0.05,7,9,False,0.029490264461755844,0.029471890255531097,1.837420622474717e-05
3,0.05,8,9,False,0.15246846326074204,0.15246617394451678,2.2893162252568544e-06
4,0.05,0,1,True,0.15249465313087796,0.15246617394451634,2.8479186361618503e-05
4,0.05,0,2,True,0.029440353114637885,0.02947189025553132,-3.153714089343396e-05
4,0.05,0,3,True,0.008106960188295043,0.008115821995266614,-8.861806971571795e-06
4,0.05,0,4,False,0.007895995664295885,0.007896421168336776,-4.255040408907007e-07
4,0.05,0,5,False,0.010583091794685862,0.010589654378399427,-6.562583713565218e-06
4,0.05,0,6,False,0.014363623254755487,0.014363147851822244,4.7540293324210836e-07
4,0.05,0,7,False,0.00972778919110695,0.009749412251592648,-2.1623060485698176e-05
4,0.05,0,8,False,0.009320339997850091,0.009335105106145436,-1.4765108295344831e-05
4,0.05,0,9,False,0.004714499132498995,0.004721696435875167,-7.19730337617186e-06
4,0.05,1,2,True,0.15514506637771697,0.1552113169226943,-6.625054497733096e-05
4,0.05,1,3,True,0.052296955252348454,0.05233104572250791,-3.4090470159453545e-05
4,0.05,1,4,False,0.04571112259229326,0.04574690253138369,-3.577993909043009e-05
4,0.05,1,5,False,0.01511622532882173,0.015132562622129031,-1.633729330730027e-05
4,0.05,1,6,False,0.0061481812359232,0.006142912257184108,5.268978739092489e-06
4,0.05,1,7,False,0.008449712676128263,0.008469839794692957,-2.0127118564694513e-05
4,0.05,1,8,False,0.010704259351923096,0.010728429308898058,-2.4169956974962048e-05
4,0.05,1,9,False,0.009315686978234261,0.00933510510614588,-1.941812791161901e-05
4,0.05,2,3,True,0.2755274564204755,0.2756102305193435,-8.277409886803255e-05
4,0.05,2,4,False,0.09107234065702308,0.09112791143432353,-5.557077730045101e-05
4,0.05,2,5,False,0.027754045991130072,0.027772438491855178,-1.839250072510623e-05
4,0.05,2,6,False,0.008559215292710087,0.008556992301686384,2.222991023703713e-06
4,0.05,2,7,False,0.0068577660925073225,0.0068636687489671555,-5.902656459833011e-06
4,0.05,2,8,False,0.008463622054402098,0.008469839794692735,-6.217740290637153e-06
4,0.05,2,9,False,0.009751495627724038,0.009749412251592648,2.083376131389869e-06
4,0.05,3,4,False,0.18712184342737137,0.18718970383811795,-6.786041074657856e-05
4,0.05,3,5,False,0.03605831560998629,0.0360727761789188,-1.4460568932506135e-05
4,0.05,3,6,False,0.01041393980751626,0.01042011308615276,-6.173278636500967e-06
4,0.05,3,7,False,0.008547917224573709,0.008556992301686162,-9.07507711245259e-06
4,0.05,3,8,False,0.006135567987004098,0.006142912257183886,-7.344270179787671e-06
4,0.05,3,9,False,0.014369815919806017,0.014363147851822022,6.668067983994774e-06
4,0.05,4,5,False,0.15086590771200292,0.1509294223399451,-6.351462794218499e-05
4,0.05,4,6,False,0.036057443860599836,0.03607277617891924,-1.5332318319405402e-05
4,0.05,4,7,False,0.027751519427156923,0.027772438491855178,-2.0919064698254886e-05
4,0.05,4,8,False,0.015119311486127884,0.015132562622129475,-1.325113600159078e-05
4,0.05,4,9,False,0.010593517567541788,0.010589654378399427,3.8631891423612785e-06
4,0.05,5,6,False,0.18711682763824644,0.1871897038381185,-7.287619987206284e-05
4,0.05,5,7,False,0.09106809235332114,0.09112791143432397,-5.9819081002832064e-05
4,0.05,5,8,False,0.0457136318821556,0.04574690253138414,-3.3270649228533955e-05
4,0.05,5,9,False,0.007899602581645793,0.007896421168336776,3.1814133090168895e-06
4,0.05,6,7,False,0.2755014171220884,0.2756102305193442,-0.00010881339725576922
4,0.05,6,8,False,0.05228346463230382,0.052331045722507685,-4.758109020386314e-05
4,0.05,6,9,False,0.008121962826939555,0.00811582199526617,6.140831673384639e-06
4,0.05,7,8,False,0.155188724506941,0.15521131692269408,-2.259241575308657e-05
4,0.05,7,9,False,0.02954965285670985,0.029471890255531097,7.776260117875466e-05
4,0.05,8,9,False,0.15252265384426789,0.15246617394451678,5.647989975110512e-05
5,0.05,0,1,True,0.15252265384426789,0.15246617394451634,5.647989975154921e-05
5,0.05,0,2,True,0.02954965285670963,0.02947189025553132,7.776260117831058e-05
5,0.05,0,3,True,0.008121962826939777,0.008115821995266614,6.1408316731625945e-06
5,0.05,0,4,False,0.007899602581645793,0.007896421168336776,3.1814133090168895e-06
5,0.05,0,5,False,0.010593517567542232,0.010589654378399427,3.863189142805368e-06
5,0.05,0,6,False,0.014369815919806017,0.014363147851822244,6.66806798377273e-06
5,0.05,0,7,False,0.00975149562772426,0.009749412251592648,2.0833761316119137e-06
5,0.05,0,8,False,0.009315686978234483,0.009335105106145436,-1.9418127910952876e-05
5,0.05,0,9,False,0.004714499132499217,0.004721696435875167,-7.197303375949815e-06
5,0.05,1,2,True,0.15518872450694143,0.1552113169226943,-2.2592415752864525e-05
5,0.05,1,3,True,0.052283464632304044,0.05233104572250791,-4.758109020386314e-05
5,0.05,1,4,False,0.045713631882155825,0.04574690253138369,-3.327064922786782e-05
5,0.05,1,5,False,0.015119311486127884,0.015132562622129031,-1.325113600114669e-05
5,0.05,1,6,False,0.00613556798700432,0.006142912257184108,-7.344270179787671e-06
5,0.05,1,7,False,0.008463622054401654,0.008469839794692957,-6.2177402913032864e-06
5,0.05,1,8,False,0.01070425935192354,0.010728429308898058,-2.416995697451796e-05
5,0.05,1,9,False,0.009320339997849869,0.00933510510614588,-1.4765108296010965e-05
5,0.05,2,3,True,0.2755014171220881,0.2756102305193435,-0.00010881339725543615
5,0.05,2,4,False,0.09106809235332136,0.09112791143432353,-5.981908100216593e-05
5,0.05,2,5,False,0.027751519427157145,0.027772438491855178,-2.091906469803284e-05
5,0.05,2,6,False,0.008547917224573931,0.008556992301686384,-9.07507711245259e-06
5,0.05,2,7,False,0.0068577660925071005,0.0068636687489671555,-5.902656460055056e-06
5,0.05,2,8,False,0.008449712676128707,0.008469839794692735,-2.012711856402838e-05
5,0.05,2,9,False,0.009727789191106728,0.009749412251592648,-2.162306048592022e-05
5,0.05,3,4,False,0.1871168276382471,0.18718970383811795,-7.28761998708416e-05
5,0.05,3,5,False,0.03605744386059939,0.0360727761789188,-1.5332318319405402e-05
5,0.05,3,6,False,0.010413939807516481,0.01042011308615276,-6.173278636278923e-06
5,0.05,3,7,False,0.00855921529271031,0.008556992301686162,2.2229910241478024e-06
5,0.05,3,8,False,0.0061481812359232,0.006142912257183886,5.268978739314534e-06
5,0.05,3,9,False,0.014363623254755264,0.014363147851822022,4.7540293324210836e-07
5,0.05,4,5,False,0.15086590771200292,0.1509294223399451,-6.351462794218499e-05
5,0.05,4,6,False,0.03605831560998629,0.03607277617891924,-1.4460568932950224e-05
5,0.05,4,7,False,0.027754045991130072,0.027772438491855178,-1.839250072510623e-05
5,0.05,4,8,False,0.01511622532882173,0.015132562622129475,-1.633729330774436e-05
5,0.05,4,9,False,0.010583091794685862,0.010589654378399427,-6.562583713565218e-06
5,0.05,5,6,False,0.1871218434273716,0.1871897038381185,-6.786041074691163e-05
5,0.05,5,7,False,0.09107234065702352,0.09112791143432397,-5.557077730045101e-05
5,0.05,5,8,False,0.045711122592293485,0.04574690253138414,-3.5779939090652135e-05
5,0.05,5,9,False,0.007895995664296107,0.007896421168336776,-4.255040406686561e-07
5,0.05,6,7,False,0.2755274564204744,0.2756102305193442,-8.277409886980891e-05
5,0.05,6,8,False,0.052296955252348676,0.052331045722507685,-3.4090470159009456e-05
5,0.05,6,9,False,0.00810696018829482,0.00811582199526617,-8.86180697134975e-06
5,0.05,7,8,False,0.15514506637771763,0.15521131692269408,-6.625054497644278e-05
5,0.05,7,9,False,0.02944035311463833,0.029471890255531097,-3.153714089276782e-05
5,0.05,8,9,False,0.15249465313087796,0.15246617394451678,2.8479186361174413e-05
6,0.05,0,1,True,0.15246846326074204,0.15246617394451634,2.2893162257009436e-06
6,0.05,0,2,True,0.0294902644617554,0.02947189025553132,1.8374206224081036e-05
6,0.05,0,3,True,0.008135285833597683,0.008115821995266614,1.9463838331068573e-05
6,0.05,0,4,False,0.007920605175747886,0.007896421168336776,2.418400741110993e-05
6,0.05,0,5,False,0.010592865139606333,0.010589654378399427,3.210761206906554e-06
6,0.05,0,6,False,0.014362289964099828,0.014363147851822244,-8.578877224163506e-07
6,0.05,0,7,False,0.009761896504314693,0.009749412251592648,1.2484252722044786e-05
6,0.05,0,8,False,0.009323334446541987,0.009335105106145436,-1.1770659603449474e-05
6,0.05,0,9,False,0.004712328969530777,0.004721696435875167,-9.367466344389896e-06
6,0.05,1,2,True,0.15521995956047863,0.1552113169226943,8.6426377843285e-06
6,0.05,1,3,True,0.05234789753829716,0.05233104572250791,1.6851815789253877e-05
6,0.05,1,4,False,0.045708409632945424,0.04574690253138369,-3.849289843826931e-05
6,0.05,1,5,False,0.015121249248843505,0.015132562622129031,-1.1313373285526396e-05
6,0.05,1,6,False,0.0061381571474845575,0.006142912257184108,-4.755109699550175e-06
6,0.05,1,7,False,0.008469880249129869,0.008469839794692957,4.0454436911474545e-08
6,0.05,1,8,False,0.010714540172432452,0.010728429308898058,-1.3889136465605745e-05
6,0.05,1,9,False,0.009318697338611681,0.00933510510614588,-1.6407767534198925e-05
6,0.05,2,3,True,0.2755456924088717,0.2756102305193435,-6.453811047180125e-05
6,0.05,2,4,False,0.09104782237063702,0.09112791143432353,-8.008906368650592e-05
6,0.05,2,5,False,0.027750409811687193,0.027772438491855178,-2.202868016798476e-05
6,0.05,2,6,False,0.008548151590939801,0.008556992301686384,-8.840710746582658e-06
6,0.05,2,7,False,0.00685646569962306,0.0068636687489671555,-7.203049344095547e-06
6,0.05,2,8,False,0.008457470797033073,0.008469839794692735,-1.2368997659661929e-05
6,0.05,2,9,False,0.009733367843001162,0.009749412251592648,-1.6044408591486814e-05
6,0.05,3,4,False,0.18710283995996746,0.18718970383811795,-8.686387815048935e-05
6,0.05,3,5,False,0.03604581092567183,0.0360727761789188,-2.6965253246968857e-05
6,0.05,3,6,False,0.010412589366347813,0.01042011308615276,-7.523719804947149e-06
6,0.05,3,7,False,0.008547100600817092,0.008556992301686162,-9.891700869069098e-06
6,0.05,3,8,False,0.00613492078936595,0.006142912257183886,-7.991467817936027e-06
6,0.05,3,9,False,0.014336810339489636,0.014363147851822022,-2.6337512332386126e-05
6,0.05,4,5,False,0.15086482559940073,0.1509294223399451,-6.459674054437592e-05
6,0.05,4,6,False,0.03605837405708057,0.03607277617891924,-1.440212183867473e-05
6,0.05,4,7,False,0.027755550456125766,0.027772438491855178,-1.688803572941211e-05
6,0.05,4,8,False,0.01512608298210849,0.015132562622129475,-6.479640020984334e-06
6,0.05,4,9,False,0.010572794994935464,0.010589654378399427,-1.6859383463962985e-05
6,0.05,5,6,False,0.18712190135962448,0.1871897038381185,-6.780247849402787e-05
6,0.05,5,7,False,0.09108090159296478,0.09112791143432397,-4.7009841359191284e-05
6,0.05,5,8,False,0.045724812972800954,0.04574690253138414,-2.2089558583182622e-05
6,0.05,5,9,False,0.007889868883163453,0.007896421168336776,-6.552285173322403e-06
6,0.05,6,7,False,0.2755366452294773,0.2756102305193442,-7.358528986689539e-05
6,0.05,6,8,False,0.05229918207033868,0.052331045722507685,-3.186365216900633e-05
6,0.05,6,9,False,0.008107228356601714,0.00811582199526617,-8.593638664455838e-06
6,0.05,7,8,False,0.15512497011607507,0.15521131692269408,-8.634680661900873e-05
6,0.05,7,9,False,0.02944960784185202,0.029471890255531097,-2.2282413679075574e-05
6,0.05,8,9,False,0.15238549353584374,0.15246617394451678,-8.06804086730395e-05
7,0.05,0,1,True,0.1524661823886222,0.15246617394451634,8.444105858984585e-09
7,0.05,0,2,True,0.029472400238349072,0.02947189025553132,5.09982817753496e-07
7,0.05,0,3,True,0.008119770251215908,0.008115821995266614,3.948255949293156e-06
7,0.05,0,4,False,0.007929613855118145,0.007896421168336776,3.319268678136922e-05
7,0.05,0,5,False,0.010595454220549305,0.010589654378399427,5.799842149878387e-06
7,0.05,0,6,False,0.014368934855087945,0.014363147851822244,5.787003265700363e-06
7,0.05,0,7,False,0.00975093816521122,0.009749412251592648,1.5259136185719058e-06
7,0.05,0,8,False,0.009325969352689034,0.009335105106145436,-9.13575345640183e-06
7,0.05,0,9,False,0.004712393509527457,0.004721696435875167,-9.302926347709572e-06
7,0.05,1,2,True,0.1552117331634948,0.1552113169226943,4.16240800493739e-07
7,0.05,1,3,True,0.052336151333661984,0.05233104572250791,5.105611154077039e-06
7,0.05,1,4,False,0.045754616576965335,0.04574690253138369,7.714045581641571e-06
7,0.05,1,5,False,0.015123654339148196,0.015132562622129031,-8.908282980835125e-06
7,0.05,1,6,False,0.006142577015511463,0.006142912257184108,-3.3524167264431526e-07
7,0.05,1,7,False,0.008464427026895205,0.008469839794692957,-5.412767797752238e-06
7,0.05,1,8,False,0.010718725816962316,0.010728429308898058,-9.703491935741937e-06
7,0.05,1,9,False,0.009321932316614712,0.00933510510614588,-1.3172789531168405e-05
7,0.05,2,3,True,0.27560789686763465,0.2756102305193435,-2.3336517088745623e-06
7,0.05,2,4,False,0.09111206662439186,0.09112791143432353,-1.5844809931664372e-05
7,0.05,2,5,False,0.02774320980219125,0.027772438491855178,-2.922868966392933e-05
7,0.05,2,6,False,0.008552037227890663,0.008556992301686384,-4.955073795720466e-06
7,0.05,2,7,False,0.006855039587739364,0.0068636687489671555,-8.629161227791116e-06
7,0.05,2,8,False,0.008463338084881533,0.008469839794692735,-6.501709811201906e-06
7,0.05,2,9,False,0.009740316015477424,0.009749412251592648,-9.096236115224698e-06
7,0.05,3,4,False,0.1871444355835714,0.18718970383811795,-4.526825454653771e-05
7,0.05,3,5,False,0.03603731826655898,0.0360727761789188,-3.5457912359815325e-05
7,0.05,3,6,False,0.010412188578362791,0.01042011308615276,-7.924507789969226e-06
7,0.05,3,7,False,0.008546865036721973,0.008556992301686162,-1.0127264964188143e-05
7,0.05,3,8,False,0.00613607149068196,0.006142912257183886,-6.840766501925444e-06
7,0.05,3,9,False,0.01434387785425395,0.014363147851822022,-1.9269997568072128e-05
7,0.05,4,5,False,0.15085884325634802,0.1509294223399451,-7.057908359708875e-05
7,0.05,4,6,False,0.03604770126185031,0.03607277617891924,-2.507491706893461e-05
7,0.05,4,7,False,0.027746262386532328,0.027772438491855178,-2.6176105322850418e-05
7,0.05,4,8,False,0.015120113582511419,0.015132562622129475,-1.2449039618056545e-05
7,0.05,4,9,False,0.010580186669543412,0.010589654378399427,-9.467708856014667e-06
7,0.05,5,6,False,0.18711675773311542,0.1871897038381185,-7.294610500307996e-05
7,0.05,5,7,False,0.09108979677543849,0.09112791143432397,-3.811465888547971e-05
7,0.05,5,8,False,0.04573127099101515,0.04574690253138414,-1.563154036898773e-05
7,0.05,5,9,False,0.007894256400418964,0.007896421168336776,-2.1647679178116164e-06
7,0.05,6,7,False,0.2755361583043514,0.2756102305193442,-7.407221499278194e-05
7,0.05,6,8,False,0.052309975533031405,0.052331045722507685,-2.107018947627992e-05
7,0.05,6,9,False,0.008110160269905187,0.00811582199526617,-5.661725360983638e-06
7,0.05,7,8,False,0.15515058713875218,0.15521131692269408,-6.072978394189299e-05
7,0.05,7,9,False,0.029465086717556765,0.029471890255531097,-6.8035379743314195e-06
7,0.05,8,9,False,0.15231093319722122,0.15246617394451678,-0.0001552407472955597
8,0.05,0,1,True,0.15246617394451567,0.15246617394451634,-6.661338147750939e-16
8,0.05,0,2,True,0.029471891823974028,0.02947189025553132,1.5684427090434383e-09
8,0.05,0,3,True,0.008115951000688737,0.008115821995266614,1.290054221225745e-07
8,0.05,0,4,False,0.007908106643095492,0.007896421168336776,1.1685474758715841e-05
8,0.05,0,5,False,0.010609224223789848,0.010589654378399427,1.9569845390421392e-05
8,0.05,0,6,False,0.014413845080231136,0.014363147851822244,5.069722840889135e-05
8,0.05,0,7,False,0.009744219236347273,0.009749412251592648,-5.193015245374966e-06
8,0.05,0,8,False,0.009359588444047162,0.009335105106145436,2.4483337901726188e-05
8,0.05,0,9,False,0.004709867023325209,0.004721696435875167,-1.1829412549957397e-05
8,0.05,1,2,True,0.15521131854815584,0.1552113169226943,1.625461543142137e-09
8,0.05,1,3,True,0.052331210368461,0.05233104572250791,1.6464595309351182e-07
8,0.05,1,4,False,0.04574944092265798,0.04574690253138369,2.5383912742871217e-06
8,0.05,1,5,False,0.015142598848298494,0.015132562622129031,1.0036226169463092e-05
8,0.05,1,6,False,0.006153725474490335,0.006142912257184108,1.0813217306226974e-05
8,0.05,1,7,False,0.008465114081024572,0.008469839794692957,-4.725713668385367e-06
8,0.05,1,8,False,0.01076111288509507,0.010728429308898058,3.268357619701234e-05
8,0.05,1,9,False,0.009311909985270539,0.00933510510614588,-2.3195120875341146e-05
8,0.05,2,3,True,0.27561028353037753,0.2756102305193435,5.3011034006900104e-08
8,0.05,2,4,False,0.09112925828827345,0.09112791143432353,1.346853949923954e-06
8,0.05,2,5,False,0.02777110543790906,0.027772438491855178,-1.3330539461176016e-06
8,0.05,2,6,False,0.008550212660348722,0.008556992301686384,-6.779641337661957e-06
8,0.05,2,7,False,0.006859759703000012,0.0068636687489671555,-3.909045967143143e-06
8,0.05,2,8,False,0.008473952513138094,0.008469839794692735,4.11271844535932e-06
8,0.05,2,9,False,0.009729552894369942,0.009749412251592648,-1.985935722270682e-05
8,0.05,3,4,False,0.1871878631323386,0.18718970383811795,-1.840705779354579e-06
8,0.05,3,5,False,0.0360619502185775,0.0360727761789188,-1.0825960341298568e-05
8,0.05,3,6,False,0.010409466116162669,0.01042011308615276,-1.0646969990091293e-05
8,0.05,3,7,False,0.008551082708799562,0.008556992301686162,-5.909592886599313e-06
8,0.05,3,8,False,0.006137621031255369,0.006142912257183886,-5.2912259285164964e-06
8,0.05,3,9,False,0.014346726531670573,0.014363147851822022,-1.6421320151449592e-05
8,0.05,4,5,False,0.1508946114491303,0.1509294223399451,-3.481089081480704e-05
8,0.05,4,6,False,0.03603902571067086,0.03607277617891924,-3.375046824838357e-05
8,0.05,4,7,False,0.027752907569113194,0.027772438491855178,-1.953092274198376e-05
8,0.05,4,8,False,0.015107502768093362,0.015132562622129475,-2.505985403611355e-05
8,0.05,4,9,False,0.01057317672935909,0.010589654378399427,-1.6477649040336217e-05
8,0.05,5,6,False,0.18709535497033902,0.1871897038381185,-9.434886777948126e-05
8,0.05,5,7,False,0.09108468926504698,0.09112791143432397,-4.322216927699074e-05
8,0.05,5,8,False,0.045682881474866655,0.04574690253138414,-6.402105651748258e-05
8,0.05,5,9,False,0.007903708101683504,0.007896421168336776,7.286933346728475e-06
8,0.05,6,7,False,0.27558352797762553,0.2756102305193442,-2.670254171865949e-05
8,0.05,6,8,False,0.05232286751965831,0.052331045722507685,-8.178202849373761e-06
8,0.05,6,9,False,0.008148597687627213,0.00811582199526617,3.2775692361042275e-05
8,0.05,7,8,False,0.15507628486035063,0.15521131692269408,-0.00013503206234344312
8,0.05,7,9,False,0.02952735338479817,0.029471890255531097,5.546312926707486e-05
8,0.05,8,9,False,0.15254339468745282,0.15246617394451678,7.722074293603498e-05
9,0.05,0,1,True,0.15246617394451611,0.15246617394451634,-2.220446049250313e-16
9,0.05,0,2,True,0.029471890255530653,0.02947189025553132,-6.661338147750939e-16
9,0.05,0,3,True,0.00811582249562326,0.008115821995266614,5.003566450056951e-10
9,0.05,0,4,False,0.007896932274807922,0.007896421168336776,5.1110647114605e-07
9,0.05,0,5,False,0.010592579637761279,0.010589654378399427,2.9252593618522837e-06
9,0.05,0,6,False,0.014400864398230961,0.014363147851822244,3.771654640871702e-05
9,0.05,0,7,False,0.010048033542080947,0.009749412251592648,0.000298621290488299
9,0.05,0,8,False,0.009312475864047487,0.009335105106145436,-2.262924209794903e-05
9,0.05,0,9,False,0.00471000218337192,0.004721696435875167,-1.1694252503247071e-05
9,0.05,1,2,True,0.15521131692269363,0.1552113169226943,-6.661338147750939e-16
9,0.05,1,3,True,0.05233104632633978,0.05233104572250791,6.038318733914139e-10
9,0.05,1,4,False,0.04574697057153654,0.04574690253138369,6.804015284522791e-08
9,0.05,1,5,False,0.015140525454788945,0.015132562622129031,7.962832659913488e-06
9,0.05,1,6,False,0.006152372062310674,0.006142912257184108,9.459805126565968e-06
9,0.05,1,7,False,0.008601950705562356,0.008469839794692957,0.00013211091086939852
9,0.05,1,8,False,0.010704123938379384,0.010728429308898058,-2.430537051867354e-05
9,0.05,1,9,False,0.009312389485303552,0.00933510510614588,-2.2715620842328477e-05
9,0.05,2,3,True,0.275610230883353,0.2756102305193435,3.6400948921766485e-10
9,0.05,2,4,False,0.09112800797811516,0.09112791143432353,9.654379162782334e-08
9,0.05,2,5,False,0.02777673410132575,0.027772438491855178,4.2956094705726144e-06
9,0.05,2,6,False,0.008551357687669237,0.008556992301686384,-5.634614017147044e-06
9,0.05,2,7,False,0.006871057982529294,0.0068636687489671555,7.3892335621383864e-06
9,0.05,2,8,False,0.008452227020317338,0.008469839794692735,-1.7612774375397322e-05
9,0.05,2,9,False,0.009729996281509834,0.009749412251592648,-1.9415970082814482e-05
9,0.05,3,4,False,0.18718974937325195,0.18718970383811795,4.553513399674358e-08
9,0.05,3,5,False,0.036073263979647496,0.0360727761789188,4.878007286990282e-07
9,0.05,3,6,False,0.01041470805517486,0.01042011308615276,-5.405030977900793e-06
9,0.05,3,7,False,0.00854488691265276,0.008556992301686162,-1.2105389033401082e-05
9,0.05,3,8,False,0.006129268962461909,0.006142912257183886,-1.3643294721976673e-05
9,0.05,3,9,False,0.014346409970358298,0.014363147851822022,-1.6737881463724236e-05
9,0.05,4,5,False,0.15092671807902147,0.1509294223399451,-2.7042609236360704e-06
9,0.05,4,6,False,0.03605102003878313,0.03607277617891924,-2.1756140136108826e-05
9,0.05,4,7,False,0.027724481287633385,0.027772438491855178,-4.7957204221793504e-05
9,0.05,4,8,False,0.015097280132481572,0.015132562622129475,-3.528248964790315e-05
9,0.05,4,9,False,0.010570420998607943,0.010589654378399427,-1.923337979148343e-05
9,0.05,5,6,False,0.18708999509948887,0.1871897038381185,-9.970873862963359e-05
9,0.05,5,7,False,0.0909500410769426,0.09112791143432397,-0.00017787035738137114
9,0.05,5,8,False,0.045637532734784436,0.04574690253138414,-0.00010936979659970092
9,0.05,5,9,False,0.007879405103559112,0.007896421168336776,-1.701606477766404e-05
9,0.05,6,7,False,0.27514082989971,0.2756102305193442,-0.000469400619634186
9,0.05,6,8,False,0.05221429360627883,0.052331045722507685,-0.00011675211622885762
9,0.05,6,9,False,0.008113293005518996,0.00811582199526617,-2.528989747174748e-06
9,0.05,7,8,False,0.15506882451715787,0.15521131692269408,-0.0001424924055362098
9,0.05,7,9,False,0.02944545641228058,0.029471890255531097,-2.643384325051734e-05
9,0.05,8,9,False,0.1524648470347576,0.15246617394451678,-1.3269097591805945e-06
0,0.1,0,1,True,0.15246058566489107,0.15246617394451634,-5.5882796252682e-06
0,0.1,0,2,True,0.02936632681934581,0.02947189025553132,-0.00010556343618550734
0,0.1,0,3,True,0.008105718227381598,0.008115821995266614,-1.0103767885016879e-05
0,0.1,0,4,False,0.007828529636217274,0.007896421168336776,-6.789153211950172e-05
0,0.1,0,5,False,0.01051291929602316,0.010589654378399427,-7.673508237626692e-05
0,0.1,0,6,False,0.01429636627813613,0.014363147851822244,-6.678157368611437e-05
0,0.1,0,7,False,0.00967194647376357,0.009749412251592648,-7.746577782907771e-05
0,0.1,0,8,False,0.009244475870182178,0.009335105106145436,-9.062923596325767e-05
0,0.1,0,9,False,0.004675037673184335,0.004721696435875167,-4.6658762690832134e-05
0,0.1,1,2,True,0.15464244787373693,0.1552113169226943,-0.0005688690489573656
0,0.1,1,3,True,0.051865443844084425,0.05233104572250791,-0.0004656018784234828
0,0.1,1,4,False,0.04531061870879127,0.04574690253138369,-0.0004362838225924204
0,0.1,1,5,False,0.014991795038301836,0.015132562622129031,-0.0001407675838271949
0,0.1,1,6,False,0.006088475146703409,0.006142912257184108,-5.4437110480698436e-05
0,0.1,1,7,False,0.008399564307695728,0.008469839794692957,-7.027548699722885e-05
0,0.1,1,8,False,0.010631458317122089,0.010728429308898058,-9.697099177596868e-05
0,0.1,1,9,False,0.009244824249248884,0.00933510510614588,-9.028085689699594e-05
0,0.1,2,3,True,0.27373947287901357,0.2756102305193435,-0.0018707576403299564
0,0.1,2,4,False,0.09041833606770178,0.09112791143432353,-0.0007095753666217508
0,0.1,2,5,False,0.02758102425861697,0.027772438491855178,-0.0001914142332382074
0,0.1,2,6,False,0.008508671220644803,0.008556992301686384,-4.832108104158017e-05
0,0.1,2,7,False,0.00689307641872583,0.0068636687489671555,2.940766975867426e-05
0,0.1,2,8,False,0.008996593971354994,0.008469839794692735,0.0005267541766622585
0,0.1,2,9,False,0.010940605333901843,0.009749412251592648,0.0011911930823091943
0,0.1,3,4,False,0.18679150286080337,0.18718970383811795,-0.0003982009773145778
0,0.1,3,5,False,0.035985862834438276,0.0360727761789188,-8.691334448052146e-05
0,0.1,3,6,False,0.010398516931144686,0.01042011308615276,-2.1596155008074547e-05
0,0.1,3,7,False,0.00853448121591871,0.008556992301686162,-2.2511085767451533e-05
0,0.1,3,8,False,0.0061806091396166,0.006142912257183886,3.769688243271396e-05
0,0.1,3,9,False,0.014513532703249954,0.014363147851822022,0.00015038485142793157
0,0.1,4,5,False,0.15091860290612913,0.1509294223399451,-1.0819433815978385e-05
0,0.1,4,6,False,0.03607471337522794,0.03607277617891924,1.9371963086989297e-06
0,0.1,4,7,False,0.027789573264643597,0.027772438491855178,1.7134772788418573e-05
0,0.1,4,8,False,0.01516433092282421,0.015132562622129475,3.1768300694734464e-05
0,0.1,4,9,False,0.010601324724551331,0.010589654378399427,1.1670346151904099e-05
0,0.1,5,6,False,0.18718988521106383,0.1871897038381185,1.8137294532927228e-07
0,0.1,5,7,False,0.09112829653366283,0.09112791143432397,3.850993388621049e-07
0,0.1,5,8,False,0.045747173966196986,0.04574690253138414,2.7143481284852555e-07
0,0.1,5,9,False,0.007898460479760727,0.007896421168336776,2.0393114239514176e-06
0,0.1,6,7,False,0.27561023197174306,0.2756102305193442,1.452398867840543e-09
0,0.1,6,8,False,0.05233104813180578,0.052331045722507685,2.409298094363521e-09
0,0.1,6,9,False,0.008115823991696303,0.00811582199526617,1.9964301323227573e-09
0,0.1,7,8,False,0.1552113169226943,0.15521131692269408,2.220446049250313e-16
0,0.1,7,9,False,0.02947189025553132,0.029471890255531097,2.220446049250313e-16
0,0.1,8,9,False,0.15246617394451634,0.15246617394451678,-4.440892098500626e-16
1,0.1,0,1,True,0.15277334349719585,0.15246617394451634,0.0003071695526795093
1,0.1,0,2,True,0.029693091892985635,0.02947189025553132,0.00022120163745431576
1,0.1,0,3,True,0.008246550063559344,0.008115821995266614,0.0001307280682927292
1,0.1,0,4,False,0.007925476312256485,0.007896421168336776,2.9055143919709536e-05
1,0.1,0,5,False,0.01052389205788229,0.010589654378399427,-6.57623205171376e-05
1,0.1,0,6,False,0.014297619006895967,0.014363147851822244,-6.552884492627697e-05
1,0.1,0,7,False,0.00967016929295994,0.009749412251592648,-7.924295863270814e-05
1,0.1,0,8,False,0.009242558654507738,0.009335105106145436,-9.254645163769837e-05
1,0.1,0,9,False,0.004674497396592869,0.004721696435875167,-4.7199039282297406e-05
1,0.1,1,2,True,0.15467251121880854,0.1552113169226943,-0.0005388057038857585
1,0.1,1,3,True,0.0522984502168351,0.05233104572250791,-3.259550567280556e-05
1,0.1,1,4,False,0.04549138095362304,0.04574690253138369,-0.00025552157776065343
1,0.1,1,5,False,0.0150325445180306,0.015132562622129031,-0.00010001810409843159
1,0.1,1,6,False,0.006121772041937312,0.006142912257184108,-2.1140215246795435e-05
1,0.1,1,7,False,0.008486141341537135,0.008469839794692957,1.6301546844177395e-05
1,0.1,1,8,False,0.010858569164877041,0.010728429308898058,0.00013013985597898348
1,0.1,1,9,False,0.009432580505521537,0.00933510510614588,9.747539937565719e-05
1,0.1,2,3,True,0.27550361501353315,0.2756102305193435,-0.00010661550581037016
1,0.1,2,4,False,0.0909552271220262,0.09112791143432353,-0.00017268431229733316
1,0.1,2,5,False,0.02769440824677538,0.027772438491855178,-7.80302450797965e-05
1,0.1,2,6,False,0.00853337881682914,0.008556992301686384,-2.361348485724335e-05
1,0.1,2,7,False,0.006848043076988608,0.0068636687489671555,-1.5625671978547473e-05
1,0.1,2,8,False,0.008450951889865888,0.008469839794692735,-1.8887904826847546e-05
1,0.1,2,9,False,0.009728660120984944,0.009749412251592648,-2.075213060770409e-05
1,0.1,3,4,False,0.18681278678003954,0.18718970383811795,-0.0003769170580784076
1,0.1,3,5,False,0.035937961014543385,0.0360727761789188,-0.00013481516437541252
1,0.1,3,6,False,0.010377581766658928,0.01042011308615276,-4.25313194938326e-05
1,0.1,3,7,False,0.008529898664876523,0.008556992301686162,-2.709363680963861e-05
1,0.1,3,8,False,0.006186011680933801,0.006142912257183886,4.3099423749914934e-05
1,0.1,3,9,False,0.014565353660386693,0.014363147851822022,0.00020220580856467052
1,0.1,4,5,False,0.15079033052296098,0.1509294223399451,-0.0001390918169841271
1,0.1,4,6,False,0.03602950207649269,0.03607277617891924,-4.327410242654928e-05
1,0.1,4,7,False,0.027767074763614952,0.027772438491855178,-5.363728240226351e-06
1,0.1,4,8,False,0.015172570954843367,0.015132562622129475,4.000833271389226e-05
1,0.1,4,9,False,0.010667720160952632,0.010589654378399427,7.806578255320495e-05
1,0.1,5,6,False,0.18718233524697103,0.1871897038381185,-7.3685911474719035e-06
1,0.1,5,7,False,0.09113327601703647,0.09112791143432397,5.364582712497068e-06
1,0.1,5,8,False,0.045757026537148526,0.04574690253138414,1.012400576438921e-05
1,0.1,5,9,False,0.007943046053559,0.007896421168336776,4.6624885222223966e-05
1,0.1,6,7,False,0.2756104416921481,0.2756102305193442,2.1117280391003135e-07
1,0.1,6,8,False,0.05233170259779252,0.052331045722507685,6.568752848323811e-07
1,0.1,6,9,False,0.008116336717935324,0.00811582199526617,5.147226691537554e-07
1,0.1,7,8,False,0.15521132340830412,0.15521131692269408,6.485610049011825e-09
1,0.1,7,9,False,0.02947189651363269,0.029471890255531097,6.258101592493404e-09
1,0.1,8,9,False,0.15246617394451634,0.15246617394451678,-4.440892098500626e-16
2,0.1,0,1,True,0.15184662405481264,0.15246617394451634,-0.0006195498897036966
2,0.1,0,2,True,0.02944472520517416,0.02947189025553132,-2.716505035715855e-05
2,0.1,0,3,True,0.00809321499977389,0.008115821995266614,-2.260699549272438e-05
2,0.1,0,4,False,0.007887772849689334,0.007896421168336776,-8.648318647441755e-06
2,0.1,0,5,False,0.010551839810335473,0.010589654378399427,-3.781456806395411e-05
2,0.1,0,6,False,0.014286247838809496,0.014363147851822244,-7.69000130127484e-05
2,0.1,0,7,False,0.009713066477471166,0.009749412251592648,-3.634577412148232e-05
2,0.1,0,8,False,0.00928251380375178,0.009335105106145436,-5.259130239365639e-05
2,0.1,0,9,False,0.004684575331219243,0.004721696435875167,-3.712110465592389e-05
2,0.1,1,2,True,0.15496876366429624,0.1552113169226943,-0.0002425532583980594
2,0.1,1,3,True,0.05224687953080909,0.05233104572250791,-8.416619169882011e-05
2,0.1,1,4,False,0.04568448895059074,0.04574690253138369,-6.241358079295267e-05
2,0.1,1,5,False,0.015082838474249405,0.015132562622129031,-4.97241478796262e-05
2,0.1,1,6,False,0.006115589520670817,0.006142912257184108,-2.732273651329109e-05
2,0.1,1,7,False,0.008443858954475969,0.008469839794692957,-2.59808402169881e-05
2,0.1,1,8,False,0.010689655707908585,0.010728429308898058,-3.8773600989472357e-05
2,0.1,1,9,False,0.009298603360656355,0.00933510510614588,-3.650174548952556e-05
2,0.1,2,3,True,0.27531448575759243,0.2756102305193435,-0.0002957447617510933
2,0.1,2,4,False,0.0909756675512492,0.09112791143432353,-0.00015224388307433223
2,0.1,2,5,False,0.02766792131694973,0.027772438491855178,-0.00010451717490544965
2,0.1,2,6,False,0.008516553581003006,0.008556992301686384,-4.043872068337784e-05
2,0.1,2,7,False,0.006829214510628123,0.0068636687489671555,-3.445423833903227e-05
2,0.1,2,8,False,0.008448200377164428,0.008469839794692735,-2.1639417528307447e-05
2,0.1,2,9,False,0.00975544735340228,0.009749412251592648,6.035101809631627e-06
2,0.1,3,4,False,0.18689831293497605,0.18718970383811795,-0.0002913909031418971
2,0.1,3,5,False,0.03597264049817017,0.0360727761789188,-0.00010013568074862533
2,0.1,3,6,False,0.010388460840560665,0.01042011308615276,-3.165224559209534e-05
2,0.1,3,7,False,0.008537194137022253,0.008556992301686162,-1.9798164663908935e-05
2,0.1,3,8,False,0.006141548046040057,0.006142912257183886,-1.3642111438283422e-06
2,0.1,3,9,False,0.014386201732051962,0.014363147851822022,2.3053880229939594e-05
2,0.1,4,5,False,0.15064744996937796,0.1509294223399451,-0.00028197237056715174
2,0.1,4,6,False,0.035931150608073725,0.03607277617891924,-0.00014162557084551608
2,0.1,4,7,False,0.027655698386802374,0.027772438491855178,-0.00011674010505280386
2,0.1,4,8,False,0.015096946169342429,0.015132562622129475,-3.561645278704617e-05
2,0.1,4,9,False,0.010612753355404125,0.010589654378399427,2.309897700469854e-05
2,0.1,5,6,False,0.18700882013463604,0.1871897038381185,-0.00018088370348245952
2,0.1,5,7,False,0.09106455816923775,0.09112791143432397,-6.335326508621897e-05
2,0.1,5,8,False,0.045777602660743044,0.04574690253138414,3.070012935890709e-05
2,0.1,5,9,False,0.008028845346979896,0.007896421168336776,0.00013242417864312017
2,0.1,6,7,False,0.27560088412333505,0.2756102305193442,-9.34639600913556e-06
2,0.1,6,8,False,0.052351410790332675,0.052331045722507685,2.0365067824990035e-05
2,0.1,6,9,False,0.008131574398757557,0.00811582199526617,1.5752403491386957e-05
2,0.1,7,8,False,0.15521297753394614,0.15521131692269408,1.6606112520634042e-06
2,0.1,7,9,False,0.02947392505351565,0.029471890255531097,2.0347979845514175e-06
2,0.1,8,9,False,0.15246620763656882,0.15246617394451678,3.369205203718195e-08
3,0.1,0,1,True,0.1521441186063741,0.15246617394451634,-0.0003220553381422242
3,0.1,0,2,True,0.02938292261998865,0.02947189025553132,-8.89676355426694e-05
3,0.1,0,3,True,0.008081581194736343,0.008115821995266614,-3.42408005302719e-05
3,0.1,0,4,False,0.00787031743522748,0.007896421168336776,-2.6103733109295035e-05
3,0.1,0,5,False,0.010522399280873174,0.010589654378399427,-6.725509752625314e-05
3,0.1,0,6,False,0.01425794723128715,0.014363147851822244,-0.00010520062053509527
3,0.1,0,7,False,0.009685319924481961,0.009749412251592648,-6.409232711068746e-05
3,0.1,0,8,False,0.009269544903691251,0.009335105106145436,-6.556020245418459e-05
3,0.1,0,9,False,0.004684280546023434,0.004721696435875167,-3.741588985173294e-05
3,0.1,1,2,True,0.15486638916997464,0.1552113169226943,-0.00034492775271965925
3,0.1,1,3,True,0.05220376955143635,0.05233104572250791,-0.0001272761710715553
3,0.1,1,4,False,0.04565865996849139,0.04574690253138369,-8.824256289230448e-05
3,0.1,1,5,False,0.015106727871332604,0.015132562622129031,-2.5834750796427386e-05
3,0.1,1,6,False,0.006111004074679904,0.006142912257184108,-3.190818250420335e-05
3,0.1,1,7,False,0.008420471035507804,0.008469839794692957,-4.9368759185153266e-05
3,0.1,1,8,False,0.01067295075977892,0.010728429308898058,-5.5478549119136744e-05
3,0.1,1,9,False,0.009288084286452891,0.00933510510614588,-4.702081969298888e-05
3,0.1,2,3,True,0.27531643656686733,0.2756102305193435,-0.00029379395247619566
3,0.1,2,4,False,0.09094017965082757,0.09112791143432353,-0.0001877317834959591
3,0.1,2,5,False,0.02770498231667773,0.027772438491855178,-6.74561751774494e-05
3,0.1,2,6,False,0.008517507456466067,0.008556992301686384,-3.94848452203167e-05
3,0.1,2,7,False,0.006834910019035467,0.0068636687489671555,-2.8758729931688265e-05
3,0.1,2,8,False,0.008469972042077778,0.008469839794692735,1.3224738504291622e-07
3,0.1,2,9,False,0.009799188756585586,0.009749412251592648,4.977650499293773e-05
3,0.1,3,4,False,0.1869189406635371,0.18718970383811795,-0.00027076317458085697
3,0.1,3,5,False,0.03601523564212994,0.0360727761789188,-5.7540536788858176e-05
3,0.1,3,6,False,0.010390071302414983,0.01042011308615276,-3.004178373777755e-05
3,0.1,3,7,False,0.008521691147729049,0.008556992301686162,-3.530115395711242e-05
3,0.1,3,8,False,0.006123916649127148,0.006142912257183886,-1.8995608056737723e-05
3,0.1,3,9,False,0.01435967761407908,0.014363147851822022,-3.470237742941862e-06
3,0.1,4,5,False,0.1506713632700789,0.1509294223399451,-0.0002580590698662011
3,0.1,4,6,False,0.035965095938863545,0.03607277617891924,-0.00010768024005569643
3,0.1,4,7,False,0.027684484189313796,0.027772438491855178,-8.795430254138203e-05
3,0.1,4,8,False,0.015087363873487414,0.015132562622129475,-4.5198748642061304e-05
3,0.1,4,9,False,0.010602423024813179,0.010589654378399427,1.2768646413752194e-05
3,0.1,5,6,False,0.18684267783334685,0.1871897038381185,-0.00034702600477165557
3,0.1,5,7,False,0.09080806915025974,0.09112791143432397,-0.0003198422840642312
3,0.1,5,8,False,0.04559312115641578,0.04574690253138414,-0.00015378137496835365
3,0.1,5,9,False,0.007992872802520257,0.007896421168336776,9.64516341834809e-05
3,0.1,6,7,False,0.2753523400836335,0.2756102305193442,-0.0002578904357106726
3,0.1,6,8,False,0.052398192840906965,0.052331045722507685,6.714711839928e-05
3,0.1,6,9,False,0.008193461363699583,0.00811582199526617,7.763936843341313e-05
3,0.1,7,8,False,0.15524578393419564,0.15521131692269408,3.446701150155995e-05
3,0.1,7,9,False,0.029545200735214827,0.029471890255531097,7.331047968373028e-05
3,0.1,8,9,False,0.1524753081819188,0.15246617394451678,9.134237402008694e-06
4,0.1,0,1,True,0.1525798050427205,0.15246617394451634,0.00011363109820416994
4,0.1,0,2,True,0.02934596096794051,0.02947189025553132,-0.00012592928759080912
4,0.1,0,3,True,0.00808043367059419,0.008115821995266614,-3.538832467242514e-05
4,0.1,0,4,False,0.007894710531508808,0.007896421168336776,-1.710636827967349e-06
4,0.1,0,5,False,0.010563523809563824,0.010589654378399427,-2.613056883560283e-05
4,0.1,0,6,False,0.0143651080562337,0.014363147851822244,1.9602044114552797e-06
4,0.1,0,7,False,0.009663217523240286,0.009749412251592648,-8.61947283523623e-05
4,0.1,0,8,False,0.009276226462941572,0.009335105106145436,-5.887864320386349e-05
4,0.1,0,9,False,0.004692966004560706,0.004721696435875167,-2.8730431314460958e-05
4,0.1,1,2,True,0.15494660859576292,0.1552113169226943,-0.00026470832693137325
4,0.1,1,3,True,0.0521948877927747,0.05233104572250791,-0.00013615792973320495
4,0.1,1,4,False,0.0456040115659202,0.04574690253138369,-0.00014289096546349356
4,0.1,1,5,False,0.01506741778355769,0.015132562622129031,-6.514483857134046e-05
4,0.1,1,6,False,0.006164032476523085,0.006142912257184108,2.112021933897701e-05
4,0.1,1,7,False,0.008389593318845368,0.008469839794692957,-8.02464758475896e-05
4,0.1,1,8,False,0.010632041434457173,0.010728429308898058,-9.638787444088415e-05
4,0.1,1,9,False,0.009257611449140946,0.00933510510614588,-7.749365700493449e-05
4,0.1,2,3,True,0.27527958867914926,0.2756102305193435,-0.0003306418401942679
4,0.1,2,4,False,0.09090601069314053,0.09112791143432353,-0.00022190074118300096
4,0.1,2,5,False,0.0276989817879687,0.027772438491855178,-7.34567038864764e-05
4,0.1,2,6,False,0.008565859070641002,0.008556992301686384,8.866768954618465e-06
4,0.1,2,7,False,0.0068401258827675004,0.0068636687489671555,-2.3542866199655066e-05
4,0.1,2,8,False,0.008445053037877681,0.008469839794692735,-2.4786756815053934e-05
4,0.1,2,9,False,0.009757699155159116,0.009749412251592648,8.286903566467885e-06
4,0.1,3,4,False,0.18691871271194027,0.18718970383811795,-0.0002709911261776776
4,0.1,3,5,False,0.036015021222467025,0.0360727761789188,-5.775495645177209e-05
4,0.1,3,6,False,0.010395455373964246,0.01042011308615276,-2.465771218851387e-05
4,0.1,3,7,False,0.008520768332951567,0.008556992301686162,-3.6223968734594436e-05
4,0.1,3,8,False,0.006113592707789772,0.006142912257183886,-2.931954939411341e-05
4,0.1,3,9,False,0.014389734671025112,0.014363147851822022,2.6586819203089362e-05
4,0.1,4,5,False,0.150675755013991,0.1509294223399451,-0.00025366732595411
4,0.1,4,6,False,0.03601152059126367,0.03607277617891924,-6.125558765557315e-05
4,0.1,4,7,False,0.027688911853219533,0.027772438491855178,-8.35266386356448e-05
4,0.1,4,8,False,0.015079706449127483,0.015132562622129475,-5.2856173001991635e-05
4,0.1,4,9,False,0.010605022196613634,0.010589654378399427,1.5367818214206963e-05
4,0.1,5,6,False,0.186898587714023,0.1871897038381185,-0.0002911161240954918
4,0.1,5,7,False,0.09088906342760716,0.09112791143432397,-0.0002388480067168075
4,0.1,5,8,False,0.04561409868462185,0.04574690253138414,-0.00013280384676228607
4,0.1,5,9,False,0.007909085850558606,0.007896421168336776,1.2664682221830148e-05
4,0.1,6,7,False,0.27517550105294375,0.2756102305193442,-0.00043472946640044086
4,0.1,6,8,False,0.05214098669782263,0.052331045722507685,-0.00019005902468505198
4,0.1,6,9,False,0.00814028914199727,0.00811582199526617,2.446714673109973e-05
4,0.1,7,8,False,0.15512100876417834,0.15521131692269408,-9.030815851573948e-05
4,0.1,7,9,False,0.02978212157089022,0.029471890255531097,0.00031023131535912185
4,0.1,8,9,False,0.1526915407764713,0.15246617394451678,0.0002253668319545099
5,0.1,0,1,True,0.1526915407764715,0.15246617394451634,0.00022536683195517604
5,0.1,0,2,True,0.02978212157089022,0.02947189025553132,0.0003102313153588998
5,0.1,0,3,True,0.008140289141997048,0.008115821995266614,2.4467146730433598e-05
5,0.1,0,4,False,0.00790908585055905,0.007896421168336776,1.2664682222274237e-05
5,0.1,0,5,False,0.010605022196613412,0.010589654378399427,1.536781821398492e-05
5,0.1,0,6,False,0.014389734671025112,0.014363147851822244,2.6586819202867318e-05
5,0.1,0,7,False,0.009757699155158894,0.009749412251592648,8.28690356624584e-06
5,0.1,0,8,False,0.009257611449140946,0.009335105106145436,-7.74936570044904e-05
5,0.1,0,9,False,0.00469296600456115,0.004721696435875167,-2.873043131401687e-05
5,0.1,1,2,True,0.15512100876417856,0.1552113169226943,-9.030815851573948e-05
5,0.1,1,3,True,0.05214098669782263,0.05233104572250791,-0.00019005902468527403
5,0.1,1,4,False,0.04561409868462207,0.04574690253138369,-0.00013280384676161994
5,0.1,1,5,False,0.015079706449127261,0.015132562622129031,-5.285617300176959e-05
5,0.1,1,6,False,0.00611359270778955,0.006142912257184108,-2.9319549394557498e-05
5,0.1,1,7,False,0.008445053037877681,0.008469839794692957,-2.478675681527598e-05
5,0.1,1,8,False,0.010632041434457173,0.010728429308898058,-9.638787444088415e-05
5,0.1,1,9,False,0.009276226462941572,0.00933510510614588,-5.887864320430758e-05
5,0.1,2,3,True,0.27517550105294397,0.2756102305193435,-0.0004347294663995527
5,0.1,2,4,False,0.09088906342760783,0.09112791143432353,-0.00023884800671569728
5,0.1,2,5,False,0.027688911853219755,0.027772438491855178,-8.352663863542276e-05
5,0.1,2,6,False,0.008520768332951567,0.008556992301686384,-3.622396873481648e-05
5,0.1,2,7,False,0.006840125882767278,0.0068636687489671555,-2.354286619987711e-05
5,0.1,2,8,False,0.00838959331884559,0.008469839794692735,-8.02464758471455e-05
5,0.1,2,9,False,0.009663217523240064,0.009749412251592648,-8.619472835258435e-05
5,0.1,3,4,False,0.18689858771402346,0.18718970383811795,-0.0002911161240944926
5,0.1,3,5,False,0.036011520591263446,0.0360727761789188,-6.125558765535111e-05
5,0.1,3,6,False,0.01039545537396469,0.01042011308615276,-2.465771218806978e-05
5,0.1,3,7,False,0.008565859070641224,0.008556992301686162,8.866768955062554e-06
5,0.1,3,8,False,0.006164032476523307,0.006142912257183886,2.1120219339421098e-05
5,0.1,3,9,False,0.014365108056234366,0.014363147851822022,1.960204412343458e-06
5,0.1,4,5,False,0.150675755013991,0.1509294223399451,-0.00025366732595411
5,0.1,4,6,False,0.036015021222467025,0.03607277617891924,-5.775495645221618e-05
5,0.1,4,7,False,0.02769898178796848,0.027772438491855178,-7.345670388669845e-05
5,0.1,4,8,False,0.015067417783558135,0.015132562622129475,-6.514483857134046e-05
5,0.1,4,9,False,0.010563523809563824,0.010589654378399427,-2.613056883560283e-05
5,0.1,5,6,False,0.1869187127119405,0.1871897038381185,-0.0002709911261780107
5,0.1,5,7,False,0.09090601069314053,0.09112791143432397,-0.00022190074118344505
5,0.1,5,8,False,0.04560401156592042,0.04574690253138414,-0.0001428909654637156
5,0.1,5,9,False,0.007894710531509475,0.007896421168336776,-1.7106368273012151e-06
5,0.1,6,7,False,0.27527958867914903,0.2756102305193442,-0.0003306418401951561
5,0.1,6,8,False,0.0521948877927747,0.052331045722507685,-0.0001361579297329829
5,0.1,6,9,False,0.008080433670594633,0.00811582199526617,-3.5388324671536964e-05
5,0.1,7,8,False,0.1549466085957627,0.15521131692269408,-0.00026470832693137325
5,0.1,7,9,False,0.029345960967940732,0.029471890255531097,-0.00012592928759036504
5,0.1,8,9,False,0.1525798050427205,0.15246617394451678,0.00011363109820372586
6,0.1,0,1,True,0.15247530818191857,0.15246617394451634,9.134237402230738e-06
6,0.1,0,2,True,0.029545200735214383,0.02947189025553132,7.331047968306414e-05
6,0.1,0,3,True,0.008193461363698695,0.008115821995266614,7.763936843208086e-05
6,0.1,0,4,False,0.007992872802519368,0.007896421168336776,9.645163418259273e-05
6,0.1,0,5,False,0.010602423024812513,0.010589654378399427,1.276864641308606e-05
6,0.1,0,6,False,0.014359677614078858,0.014363147851822244,-3.470237743385951e-06
6,0.1,0,7,False,0.00979918875658492,0.009749412251592648,4.97765049922716e-05
6,0.1,0,8,False,0.00928808428645267,0.009335105106145436,-4.7020819692766835e-05
6,0.1,0,9,False,0.00468428054602299,0.004721696435875167,-3.741588985217703e-05
6,0.1,1,2,True,0.15524578393419475,0.1552113169226943,3.446701150044973e-05
6,0.1,1,3,True,0.052398192840906965,0.05233104572250791,6.714711839905796e-05
6,0.1,1,4,False,0.04559312115641534,0.04574690253138369,-0.00015378137496835365
6,0.1,1,5,False,0.015087363873487192,0.015132562622129031,-4.519874864183926e-05
6,0.1,1,6,False,0.006123916649126482,0.006142912257184108,-1.89956080576259e-05
6,0.1,1,7,False,0.008469972042077334,0.008469839794692957,1.322473843767824e-07
6,0.1,1,8,False,0.010672950759778477,0.010728429308898058,-5.547854911958083e-05
6,0.1,1,9,False,0.009269544903690363,0.00933510510614588,-6.556020245551686e-05
6,0.1,2,3,True,0.27535234008363374,0.2756102305193435,-0.0002578904357097844
6,0.1,2,4,False,0.09080806915025907,0.09112791143432353,-0.00031984228406445325
6,0.1,2,5,False,0.027684484189313352,0.027772438491855178,-8.795430254182612e-05
6,0.1,2,6,False,0.008521691147728827,0.008556992301686384,-3.530115395755651e-05
6,0.1,2,7,False,0.006834910019034801,0.0068636687489671555,-2.87587299323544e-05
6,0.1,2,8,False,0.00842047103550736,0.008469839794692735,-4.936875918537531e-05
6,0.1,2,9,False,0.009685319924481739,0.009749412251592648,-6.409232711090951e-05
6,0.1,3,4,False,0.18684267783334663,0.18718970383811795,-0.0003470260047713225
6,0.1,3,5,False,0.0359650959388631,0.0360727761789188,-0.00010768024005569643
6,0.1,3,6,False,0.01039007130241476,0.01042011308615276,-3.0041783737999594e-05
6,0.1,3,7,False,0.008517507456465845,0.008556992301686162,-3.94848452203167e-05
6,0.1,3,8,False,0.006111004074678794,0.006142912257183886,-3.190818250509153e-05
6,0.1,3,9,False,0.014257947231286483,0.014363147851822022,-0.00010520062053553936
6,0.1,4,5,False,0.15067136327007868,0.1509294223399451,-0.00025805906986642313
6,0.1,4,6,False,0.03601523564212927,0.03607277617891924,-5.75405367899684e-05
6,0.1,4,7,False,0.02770498231667773,0.027772438491855178,-6.74561751774494e-05
6,0.1,4,8,False,0.01510672787133216,0.015132562622129475,-2.5834750797315564e-05
6,0.1,4,9,False,0.010522399280872285,0.010589654378399427,-6.725509752714132e-05
6,0.1,5,6,False,0.18691894066353698,0.1871897038381185,-0.0002707631745815231
6,0.1,5,7,False,0.0909401796508269,0.09112791143432397,-0.00018773178349706932
6,0.1,5,8,False,0.04565865996849072,0.04574690253138414,-8.82425628934147e-05
6,0.1,5,9,False,0.007870317435227259,0.007896421168336776,-2.610373310951708e-05
6,0.1,6,7,False,0.27531643656686766,0.2756102305193442,-0.00029379395247652873
6,0.1,6,8,False,0.05220376955143613,0.052331045722507685,-0.0001272761710715553
6,0.1,6,9,False,0.00808158119473612,0.00811582199526617,-3.424080053004985e-05
6,0.1,7,8,False,0.1548663891699742,0.15521131692269408,-0.0003449277527198813
6,0.1,7,9,False,0.029382922619988205,0.029471890255531097,-8.896763554289144e-05
6,0.1,8,9,False,0.15214411860637367,0.15246617394451678,-0.0003220553381431124
7,0.1,0,1,True,0.15246620763656926,0.15246617394451634,3.369205292536037e-08
7,0.1,0,2,True,0.029473925053515426,0.02947189025553132,2.0347979841073283e-06
7,0.1,0,3,True,0.008131574398757557,0.008115821995266614,1.5752403490942868e-05
7,0.1,0,4,False,0.008028845346979674,0.007896421168336776,0.00013242417864289813
7,0.1,0,5,False,0.010612753355404125,0.010589654378399427,2.309897700469854e-05
7,0.1,0,6,False,0.014386201732051962,0.014363147851822244,2.305388022971755e-05
7,0.1,0,7,False,0.009755447353401614,0.009749412251592648,6.035101808965493e-06
7,0.1,0,8,False,0.009298603360656355,0.009335105106145436,-3.650174548908147e-05
7,0.1,0,9,False,0.004684575331218799,0.004721696435875167,-3.7121104656367976e-05
7,0.1,1,2,True,0.15521297753394614,0.1552113169226943,1.6606112518413596e-06
7,0.1,1,3,True,0.05235141079033245,0.05233104572250791,2.0365067824545946e-05
7,0.1,1,4,False,0.045777602660743044,0.04574690253138369,3.070012935935118e-05
7,0.1,1,5,False,0.015096946169341985,0.015132562622129031,-3.561645278704617e-05
7,0.1,1,6,False,0.006141548046039613,0.006142912257184108,-1.364211144494476e-06
7,0.1,1,7,False,0.008448200377163984,0.008469839794692957,-2.163941752897358e-05
7,0.1,1,8,False,0.010689655707908585,0.010728429308898058,-3.8773600989472357e-05
7,0.1,1,9,False,0.00928251380375178,0.00933510510614588,-5.259130239410048e-05
7,0.1,2,3,True,0.2756008841233355,0.2756102305193435,-9.346396008025337e-06
7,0.1,2,4,False,0.09106455816923775,0.09112791143432353,-6.335326508577488e-05
7,0.1,2,5,False,0.027655698386802152,0.027772438491855178,-0.0001167401050530259
7,0.1,2,6,False,0.008537194137021809,0.008556992301686384,-1.979816466457507e-05
7,0.1,2,7,False,0.006829214510627679,0.0068636687489671555,-3.445423833947636e-05
7,0.1,2,8,False,0.008443858954475969,0.008469839794692735,-2.5980840216766055e-05
7,0.1,2,9,False,0.009713066477470944,0.009749412251592648,-3.6345774121704366e-05
7,0.1,3,4,False,0.18700882013463616,0.18718970383811795,-0.0001808837034817934
7,0.1,3,5,False,0.03593115060807328,0.0360727761789188,-0.00014162557084551608
7,0.1,3,6,False,0.010388460840559777,0.01042011308615276,-3.165224559298352e-05
7,0.1,3,7,False,0.008516553581002562,0.008556992301686162,-4.043872068359988e-05
7,0.1,3,8,False,0.006115589520670817,0.006142912257183886,-2.7322736513069046e-05
7,0.1,3,9,False,0.014286247838809274,0.014363147851822022,-7.69000130127484e-05
7,0.1,4,5,False,0.15064744996937818,0.1509294223399451,-0.0002819723705669297
7,0.1,4,6,False,0.03597264049816995,0.03607277617891924,-0.00010013568074929147
7,0.1,4,7,False,0.027667921316949062,0.027772438491855178,-0.00010451717490611578
7,0.1,4,8,False,0.015082838474248739,0.015132562622129475,-4.9724147880736425e-05
7,0.1,4,9,False,0.010551839810335473,0.010589654378399427,-3.781456806395411e-05
7,0.1,5,6,False,0.18689831293497572,0.1871897038381185,-0.00029139090314278526
7,0.1,5,7,False,0.09097566755124897,0.09112791143432397,-0.00015224388307499837
7,0.1,5,8,False,0.045684488950590296,0.04574690253138414,-6.241358079384085e-05
7,0.1,5,9,False,0.00788777284968889,0.007896421168336776,-8.648318647885844e-06
7,0.1,6,7,False,0.27531448575759243,0.2756102305193442,-0.00029574476175175946
7,0.1,6,8,False,0.05224687953080909,0.052331045722507685,-8.416619169859807e-05
7,0.1,6,9,False,0.008093214999773446,0.00811582199526617,-2.260699549272438e-05
7,0.1,7,8,False,0.15496876366429646,0.15521131692269408,-0.00024255325839761532
7,0.1,7,9,False,0.029444725205173494,0.029471890255531097,-2.7165050357602638e-05
7,0.1,8,9,False,0.15184662405481264,0.15246617394451678,-0.0006195498897041407
8,0.1,0,1,True,0.15246617394451656,0.15246617394451634,2.220446049250313e-16
8,0.1,0,2,True,0.02947189651363269,0.02947189025553132,6.258101370448799e-09
8,0.1,0,3,True,0.008116336717935768,0.008115821995266614,5.147226691537554e-07
8,0.1,0,4,False,0.007943046053559222,0.007896421168336776,4.662488522244601e-05
8,0.1,0,5,False,0.010667720160953076,0.010589654378399427,7.806578255364904e-05
8,0.1,0,6,False,0.014565353660387359,0.014363147851822244,0.0002022058085651146
8,0.1,0,7,False,0.009728660120985388,0.009749412251592648,-2.075213060726e-05
8,0.1,0,8,False,0.00943258050552176,0.009335105106145436,9.747539937632332e-05
8,0.1,0,9,False,0.0046744973965939796,0.004721696435875167,-4.719903928118718e-05
8,0.1,1,2,True,0.15521132340830435,0.1552113169226943,6.485610049011825e-09
8,0.1,1,3,True,0.05233170259779363,0.05233104572250791,6.568752857205595e-07
8,0.1,1,4,False,0.04575702653714897,0.04574690253138369,1.0124005765277388e-05
8,0.1,1,5,False,0.01517257095484359,0.015132562622129031,4.000833271455839e-05
8,0.1,1,6,False,0.0061860116809335786,0.006142912257184108,4.3099423749470844e-05
8,0.1,1,7,False,0.008450951889865888,0.008469839794692957,-1.888790482706959e-05
8,0.1,1,8,False,0.010858569164877263,0.010728429308898058,0.00013013985597920552
8,0.1,1,9,False,0.009242558654508182,0.00933510510614588,-9.254645163769837e-05
8,0.1,2,3,True,0.2756104416921481,0.2756102305193435,2.1117280457616516e-07
8,0.1,2,4,False,0.09113327601703736,0.09112791143432353,5.364582713829336e-06
8,0.1,2,5,False,0.027767074763614952,0.027772438491855178,-5.363728240226351e-06
8,0.1,2,6,False,0.008529898664877189,0.008556992301686384,-2.709363680919452e-05
8,0.1,2,7,False,0.00684804307698883,0.0068636687489671555,-1.562567197832543e-05
8,0.1,2,8,False,0.008486141341538023,0.008469839794692735,1.6301546845287618e-05
8,0.1,2,9,False,0.009670169292960384,0.009749412251592648,-7.924295863226405e-05
8,0.1,3,4,False,0.18718233524697148,0.18718970383811795,-7.368591146472703e-06
8,0.1,3,5,False,0.03602950207649358,0.0360727761789188,-4.327410242521701e-05
8,0.1,3,6,False,0.01037758176665915,0.01042011308615276,-4.253131949361055e-05
8,0.1,3,7,False,0.008533378816829806,0.008556992301686162,-2.361348485635517e-05
8,0.1,3,8,False,0.006121772041937534,0.006142912257183886,-2.1140215246351346e-05
8,0.1,3,9,False,0.014297619006896634,0.014363147851822022,-6.55288449253888e-05
8,0.1,4,5,False,0.1507903305229612,0.1509294223399451,-0.00013909181698390505
8,0.1,4,6,False,0.03593796101454427,0.03607277617891924,-0.00013481516437496843
8,0.1,4,7,False,0.02769440824677627,0.027772438491855178,-7.803024507890832e-05
8,0.1,4,8,False,0.015032544518031266,0.015132562622129475,-0.00010001810409820955
8,0.1,4,9,False,0.010523892057882511,0.010589654378399427,-6.576232051691555e-05
8,0.1,5,6,False,0.1868127867800402,0.1871897038381185,-0.00037691705807829656
8,0.1,5,7,False,0.09095522712202664,0.09112791143432397,-0.00017268431229733316
8,0.1,5,8,False,0.04549138095362326,0.04574690253138414,-0.0002555215777608755
8,0.1,5,9,False,0.00792547631225693,0.007896421168336776,2.9055143920153625e-05
8,0.1,6,7,False,0.2755036150135335,0.2756102305193442,-0.00010661550581070323
8,0.1,6,8,False,0.0522984502168351,0.052331045722507685,-3.2595505672583514e-05
8,0.1,6,9,False,0.008246550063559788,0.00811582199526617,0.00013072806829361738
8,0.1,7,8,False,0.15467251121880898,0.15521131692269408,-0.0005388057038850924
8,0.1,7,9,False,0.029693091892986745,0.029471890255531097,0.00022120163745564803
8,0.1,8,9,False,0.1527733434971963,0.15246617394451678,0.0003071695526795093
9,0.1,0,1,True,0.15246617394451634,0.15246617394451634,0.0
9,0.1,0,2,True,0.02947189025553154,0.02947189025553132,2.220446049250313e-16
9,0.1,0,3,True,0.008115823991696303,0.008115821995266614,1.9964296882335475e-09
9,0.1,0,4,False,0.007898460479761393,0.007896421168336776,2.0393114246175514e-06
9,0.1,0,5,False,0.010601324724551553,0.010589654378399427,1.1670346152126143e-05
9,0.1,0,6,False,0.01451353270325062,0.014363147851822244,0.00015038485142837565
9,0.1,0,7,False,0.010940605333901843,0.009749412251592648,0.0011911930823091943
9,0.1,0,8,False,0.00924482424924955,0.009335105106145436,-9.028085689588572e-05
9,0.1,0,9,False,0.004675037673184779,0.004721696435875167,-4.6658762690388045e-05
9,0.1,1,2,True,0.15521131692269363,0.1552113169226943,-6.661338147750939e-16
9,0.1,1,3,True,0.052331048131806224,0.05233104572250791,2.409298316408126e-09
9,0.1,1,4,False,0.04574717396619721,0.04574690253138369,2.7143481351465937e-07
9,0.1,1,5,False,0.015164330922824432,0.015132562622129031,3.17683006954006e-05
9,0.1,1,6,False,0.006180609139616822,0.006142912257184108,3.769688243271396e-05
9,0.1,1,7,False,0.00899659397135566,0.008469839794692957,0.0005267541766627026
9,0.1,1,8,False,0.010631458317122089,0.010728429308898058,-9.697099177596868e-05
9,0.1,1,9,False,0.0092444758701824,0.00933510510614588,-9.062923596347972e-05
9,0.1,2,3,True,0.2756102319717435,0.2756102305193435,1.4523999780635677e-09
9,0.1,2,4,False,0.09112829653366306,0.09112791143432353,3.850993395282387e-07
9,0.1,2,5,False,0.027789573264643597,0.027772438491855178,1.7134772788418573e-05
9,0.1,2,6,False,0.00853448121591871,0.008556992301686384,-2.2511085767673578e-05
9,0.1,2,7,False,0.006893076418726052,0.0068636687489671555,2.9407669758896304e-05
9,0.1,2,8,False,0.00839956430769595,0.008469839794692735,-7.027548699678476e-05
9,0.1,2,9,False,0.009671946473763793,0.009749412251592648,-7.746577782885566e-05
9,0.1,3,4,False,0.18718988521106406,0.18718970383811795,1.813729461064284e-07
9,0.1,3,5,False,0.036074713375228606,0.0360727761789188,1.9371963098091527e-06
9,0.1,3,6,False,0.010398516931144464,0.01042011308615276,-2.159615500829659e-05
9,0.1,3,7,False,0.008508671220644803,0.008556992301686162,-4.832108104135813e-05
9,0.1,3,8,False,0.006088475146703631,0.006142912257183886,-5.443711048025435e-05
9,0.1,3,9,False,0.014296366278136574,0.014363147851822022,-6.678157368544824e-05
9,0.1,4,5,False,0.1509186029061289,0.1509294223399451,-1.081943381620043e-05
9,0.1,4,6,False,0.03598586283443894,0.03607277617891924,-8.691334448029941e-05
9,0.1,4,7,False,0.027581024258617193,0.027772438491855178,-0.00019141423323798534
9,0.1,4,8,False,0.014991795038302058,0.015132562622129475,-0.00014076758382741694
9,0.1,4,9,False,0.01051291929602316,0.010589654378399427,-7.673508237626692e-05
9,0.1,5,6,False,0.18679150286080326,0.1871897038381185,-0.00039820097731524395
9,0.1,5,7,False,0.090418336067702,0.09112791143432397,-0.0007095753666219728
9,0.1,5,8,False,0.04531061870879194,0.04574690253138414,-0.00043628382259219833
9,0.1,5,9,False,0.007828529636217496,0.007896421168336776,-6.789153211927967e-05
9,0.1,6,7,False,0.2737394728790139,0.2756102305193442,-0.0018707576403302895
9,0.1,6,8,False,0.051865443844084425,0.052331045722507685,-0.00046560187842326073
9,0.1,6,9,False,0.008105718227381598,0.00811582199526617,-1.010376788457279e-05
9,0.1,7,8,False,0.15464244787373738,0.15521131692269408,-0.0005688690489566994
9,0.1,7,9,False,0.029366326819346256,0.029471890255531097,-0.00010556343618484121
9,0.1,8,9,False,0.15246058566489107,0.15246617394451678,-5.588279625712289e-06
0,0.2,0,1,True,0.15243936216405252,0.15246617394451634,-2.6811780463820156e-05
0,0.2,0,2,True,0.029052370521380544,0.02947189025553132,-0.00041951973415077504
0,0.2,0,3,True,0.008075599249406151,0.008115821995266614,-4.022274586046315e-05
0,0.2,0,4,False,0.007627603374100733,0.007896421168336776,-0.0002688177942360426
0,0.2,0,5,False,0.010285872266838414,0.010589654378399427,-0.00030378211156101287
0,0.2,0,6,False,0.014098726565865194,0.014363147851822244,-0.0002644212859570505
0,0.2,0,7,False,0.009442701940049147,0.009749412251592648,-0.00030671031154350104
0,0.2,0,8,False,0.008976299659973153,0.009335105106145436,-0.0003588054461722834
0,0.2,0,9,False,0.004536943521106007,0.004721696435875167,-0.00018475291476915956
0,0.2,1,2,True,0.15295327774355627,0.1552113169226943,-0.002258039179138027
0,0.2,1,3,True,0.05049094471718263,0.05233104572250791,-0.0018401010053252786
0,0.2,1,4,False,0.044020761354172544,0.04574690253138369,-0.001726141177211149
0,0.2,1,5,False,0.014575256768491807,0.015132562622129031,-0.0005573058536372244
0,0.2,1,6,False,0.005927328709032675,0.006142912257184108,-0.00021558354815143232
0,0.2,1,7,False,0.008191531788045436,0.008469839794692957,-0.00027830800664752076
0,0.2,1,8,False,0.010344529171482542,0.010728429308898058,-0.000383900137415516
0,0.2,1,9,False,0.008977736571400108,0.00933510510614588,-0.00035736853474577224
0,0.2,2,3,True,0.26823386155122964,0.2756102305193435,-0.007376368968113889
0,0.2,2,4,False,0.08831978684531605,0.09112791143432353,-0.002808124589007477
0,0.2,2,5,False,0.027013375200192202,0.027772438491855178,-0.0007590632916629758
0,0.2,2,6,False,0.008365307361281049,0.008556992301686384,-0.00019168494040533446
0,0.2,2,7,False,0.0069789411828367065,0.0068636687489671555,0.000115272433869551
0,0.2,2,8,False,0.010550020397715132,0.008469839794692735,0.002080180603022397
0,0.2,2,9,False,0.014461722777078023,0.009749412251592648,0.004712310525485375
0,0.2,3,4,False,0.1856069798932518,0.18718970383811795,-0.0015827239448661379
0,0.2,3,5,False,0.03572689294518927,0.0360727761789188,-0.000345883233729527
0,0.2,3,6,False,0.010334110227625981,0.01042011308615276,-8.600285852677914e-05
0,0.2,3,7,False,0.008467384323339822,0.008556992301686162,-8.960797834633993e-05
0,0.2,3,8,False,0.006291441318486024,0.006142912257183886,0.0001485290613021384
0,0.2,3,9,False,0.01495704180481705,0.014363147851822022,0.0005938939529950282
0,0.2,4,5,False,0.15088610716441386,0.1509294223399451,-4.331517553124442e-05
0,0.2,4,6,False,0.036080302195597325,0.03607277617891924,7.5260166780832805e-06
0,0.2,4,7,False,0.027840218910546,0.027772438491855178,6.778041869082152e-05
0,0.2,4,8,False,0.015258314052585042,0.015132562622129475,0.00012575143045556736
0,0.2,4,9,False,0.010635847191106107,0.010589654378399427,4.6192812706680186e-05
0,0.2,5,6,False,0.1871904171159815,0.1871897038381185,7.132778629959091e-07
0,0.2,5,7,False,0.09112943470650192,0.09112791143432397,1.523272177950119e-06
0,0.2,5,8,False,0.04574797671670172,0.04574690253138414,1.0741853175844085e-06
0,0.2,5,9,False,0.007904496990445153,0.007896421168336776,8.07582210837765e-06
0,0.2,6,7,False,0.275610236271037,0.2756102305193442,5.751692788713569e-09
0,0.2,6,8,False,0.05233105526365023,0.052331045722507685,9.541142542701664e-09
0,0.2,6,9,False,0.008115829901394811,0.00811582199526617,7.906128640655652e-09
0,0.2,7,8,False,0.1552113169226934,0.15521131692269408,-6.661338147750939e-16
0,0.2,7,9,False,0.029471890255530653,0.029471890255531097,-4.440892098500626e-16
0,0.2,8,9,False,0.15246617394451634,0.15246617394451678,-4.440892098500626e-16
1,0.2,0,1,True,0.15366763899861158,0.15246617394451634,0.001201465054095241
1,0.2,0,2,True,0.03034632750813815,0.02947189025553132,0.00087443725260683
1,0.2,0,3,True,0.008632769785228867,0.008115821995266614,0.0005169477899622521
1,0.2,0,4,False,0.008011171510533543,0.007896421168336776,0.00011475034219676772
1,0.2,0,5,False,0.010328969239708385,0.010589654378399427,-0.0002606851386910414
1,0.2,0,6,False,0.014103525271251804,0.014363147851822244,-0.00025962258057043996
1,0.2,0,7,False,0.009435538713098879,0.009749412251592648,-0.00031387353849376964
1,0.2,0,8,False,0.00896864537463049,0.009335105106145436,-0.0003664597315149454
1,0.2,0,9,False,0.004534788845909965,0.004721696435875167,-0.00018690758996520174
1,0.2,1,2,True,0.1530770341762433,0.1552113169226943,-0.0021342827464509995
1,0.2,1,3,True,0.05220252794996938,0.05233104572250791,-0.0001285177725385278
1,0.2,1,4,False,0.0447337653232136,0.04574690253138369,-0.0010131372081700896
1,0.2,1,5,False,0.014736009359129332,0.015132562622129031,-0.0003965532629996993
1,0.2,1,6,False,0.0060587486641801025,0.006142912257184108,-8.416359300400522e-05
1,0.2,1,7,False,0.008532698238338687,0.008469839794692957,6.285844364573023e-05
1,0.2,1,8,False,0.011239602907697321,0.010728429308898058,0.0005111735987992638
1,0.2,1,9,False,0.009717780809943788,0.00933510510614588,0.00038267570379790783
1,0.2,2,3,True,0.27518686541194026,0.2756102305193435,-0.00042336510740326183
1,0.2,2,4,False,0.09044043093865417,0.09112791143432353,-0.000687480495669357
1,0.2,2,5,False,0.027461807392656246,0.027772438491855178,-0.0003106310991989325
1,0.2,2,6,False,0.008462935410036732,0.008556992301686384,-9.405689164965203e-05
1,0.2,2,7,False,0.0068013340851627024,0.0068636687489671555,-6.233466380445307e-05
1,0.2,2,8,False,0.00839452696104015,0.008469839794692735,-7.531283365258545e-05
1,0.2,2,9,False,0.009666721821727009,0.009749412251592648,-8.269042986563946e-05
1,0.2,3,4,False,0.18568965129507842,0.18718970383811795,-0.0015000525430395317
1,0.2,3,5,False,0.03553649011559146,0.0360727761789188,-0.0005362860633273403
1,0.2,3,6,False,0.010250889721870271,0.01042011308615276,-0.00016922336428248919
1,0.2,3,7,False,0.008449016197594306,0.008556992301686162,-0.00010797610409185587
1,0.2,3,8,False,0.006312870533782489,0.006142912257183886,0.00016995827659860296
1,0.2,3,9,False,0.015162690486552055,0.014363147851822022,0.0007995426347300327
1,0.2,4,5,False,0.15037547422284847,0.1509294223399451,-0.0005539481170966365
1,0.2,4,6,False,0.0359001547977591,0.03607277617891924,-0.00017262138116014292
1,0.2,4,7,False,0.02775048351666376,0.027772438491855178,-2.1954975191418313e-05
1,0.2,4,8,False,0.015290423609402914,0.015132562622129475,0.00015786098727343933
1,0.2,4,9,False,0.010898517491183979,0.010589654378399427,0.00030886311278455203
1,0.2,5,6,False,0.18716013814230315,0.1871897038381185,-2.956569581535895e-05
1,0.2,5,7,False,0.09114900647221869,0.09112791143432397,2.1095037894713897e-05
1,0.2,5,8,False,0.04578692804812223,0.04574690253138414,4.0025516738095845e-05
1,0.2,5,9,False,0.008081057535882064,0.007896421168336776,0.00018463636754528778
1,0.2,6,7,False,0.2756110613456362,0.2756102305193442,8.308262919864973e-07
1,0.2,6,8,False,0.05233364602471213,0.052331045722507685,2.6003022044474022e-06
1,0.2,6,9,False,0.008117860205427485,0.00811582199526617,2.0382101613147796e-06
1,0.2,7,8,False,0.15521134260657443,0.15521131692269408,2.5683880355842348e-08
1,0.2,7,9,False,0.02947191503844504,0.029471890255531097,2.478291394325538e-08
1,0.2,8,9,False,0.15246617394451611,0.15246617394451678,-6.661338147750939e-16
2,0.2,0,1,True,0.15001042336425074,0.15246617394451634,-0.002455750580265592
2,0.2,0,2,True,0.0293640111986595,0.02947189025553132,-0.00010787905687181798
2,0.2,0,3,True,0.00802603405818525,0.008115821995266614,-8.978793708136479e-05
2,0.2,0,4,False,0.007862001948731878,0.007896421168336776,-3.441921960489758e-05
2,0.2,0,5,False,0.010439298383908557,0.010589654378399427,-0.00015035599449086945
2,0.2,0,6,False,0.014058411737409626,0.014363147851822244,-0.00030473611441261816
2,0.2,0,7,False,0.009604670350330746,0.009749412251592648,-0.00014474190126190223
2,0.2,0,8,False,0.009126341996557263,0.009335105106145436,-0.00020876310958817257
2,0.2,0,9,False,0.004574656024355139,0.004721696435875167,-0.00014704041152002745
2,0.2,1,2,True,0.15424693321883987,0.1552113169226943,-0.0009643837038544323
2,0.2,1,3,True,0.051996205660734374,0.05233104572250791,-0.00033484006177353365
2,0.2,1,4,False,0.045499039720606316,0.04574690253138369,-0.00024786281077737726
2,0.2,1,5,False,0.01493481461026569,0.015132562622129031,-0.00019774801186334123
2,0.2,1,6,False,0.0060342645888389335,0.006142912257184108,-0.00010864766834517425
2,0.2,1,7,False,0.008366331852775577,0.008469839794692957,-0.00010350794191738011
2,0.2,1,8,False,0.010573980700306018,0.010728429308898058,-0.00015444860859203935
2,0.2,1,9,False,0.009189757568687895,0.00933510510614588,-0.0001453475374579849
2,0.2,2,3,True,0.27443589336938246,0.2756102305193435,-0.0011743371499610689
2,0.2,2,4,False,0.09052235269636633,0.09112791143432353,-0.0006055587379572014
2,0.2,2,5,False,0.02735735013468421,0.027772438491855178,-0.00041508835717096737
2,0.2,2,6,False,0.008396357349626182,0.008556992301686384,-0.00016063495206020129
2,0.2,2,7,False,0.006726845429934292,0.0068636687489671555,-0.00013682331903286382
2,0.2,2,8,False,0.008383471180028801,0.008469839794692735,-8.63686146639342e-05
2,0.2,2,9,False,0.00977246763731121,0.009749412251592648,2.305538571856225e-05
2,0.2,3,4,False,0.18603040038450347,0.18718970383811795,-0.0011593034536144797
2,0.2,3,5,False,0.03567484239321761,0.0360727761789188,-0.00039793378570118776
2,0.2,3,6,False,0.01029423306079602,0.01042011308615276,-0.00012588002535673937
2,0.2,3,7,False,0.008478152386893312,0.008556992301686162,-7.88399147928498e-05
2,0.2,3,8,False,0.006137086139856862,0.006142912257183886,-5.826117327023539e-06
2,0.2,3,9,False,0.014453865844067382,0.014363147851822022,9.071799224535937e-05
2,0.2,4,5,False,0.14980701068880942,0.1509294223399451,-0.0011224116511356907
2,0.2,4,6,False,0.03550955581322324,0.03607277617891924,-0.0005632203656960044
2,0.2,4,7,False,0.027308260971312226,0.027772438491855178,-0.00046417752054295214
2,0.2,4,8,False,0.014990364679844603,0.015132562622129475,-0.00014219794228487181
2,0.2,4,9,False,0.010680453309410254,0.010589654378399427,9.079893101082703e-05
2,0.2,5,6,False,0.18646918754418995,0.1871897038381185,-0.0007205162939285525
2,0.2,5,7,False,0.09087491479098486,0.09112791143432397,-0.00025299664333910954
2,0.2,5,8,False,0.045867220697796585,0.04574690253138414,0.00012031816641244752
2,0.2,5,9,False,0.008420599641542292,0.007896421168336776,0.0005241784732055166
2,0.2,6,7,False,0.27557265798197383,0.2756102305193442,-3.757253737035615e-05
2,0.2,6,8,False,0.052411592632386705,0.052331045722507685,8.054690987902013e-05
2,0.2,6,9,False,0.008178184937336797,0.00811582199526617,6.23629420706262e-05
2,0.2,7,8,False,0.15521789008729603,0.15521131692269408,6.573164601952897e-06
2,0.2,7,9,False,0.029479947724926348,0.029471890255531097,8.05746939525065e-06
2,0.2,8,9,False,0.1524663073695398,0.15246617394451678,1.3342502303004267e-07
3,0.2,0,1,True,0.15118854844464535,0.15246617394451634,-0.0012776254998709824
3,0.2,0,2,True,0.0291186095372864,0.02947189025553132,-0.00035328071824491936
3,0.2,0,3,True,0.007981001831828483,0.008115821995266614,-0.00013482016343813186
3,0.2,0,4,False,0.007793693906906762,0.007896421168336776,-0.00010272726143001343
3,0.2,0,5,False,0.010323551856547208,0.010589654378399427,-0.0002661025218522184
3,0.2,0,6,False,0.013944741553939988,0.014363147851822244,-0.0004184062978822567
3,0.2,0,7,False,0.009494411647189782,0.009749412251592648,-0.0002550006044028663
3,0.2,0,8,False,0.009074005033536059,0.009335105106145436,-0.00026110007260937707
3,0.2,0,9,False,0.004572898787471802,0.004721696435875167,-0.00014879764840336485
3,0.2,1,2,True,0.15383893306363805,0.1552113169226943,-0.0013723838590562476
3,0.2,1,3,True,0.05182478618686592,0.05233104572250791,-0.0005062595356419841
3,0.2,1,4,False,0.04539577492903568,0.04574690253138369,-0.00035112760234801144
3,0.2,1,5,False,0.015030547156332119,0.015132562622129031,-0.0001020154657969119
3,0.2,1,6,False,0.006016199875842343,0.006142912257184108,-0.00012671238134176477
3,0.2,1,7,False,0.008274072945857247,0.008469839794692957,-0.00019576684883571005
3,0.2,1,8,False,0.01050776609815518,0.010728429308898058,-0.00022066321074287742
3,0.2,1,9,False,0.00914801230920359,0.00933510510614588,-0.00018709279694228975
3,0.2,2,3,True,0.2744437471931793,0.2756102305193435,-0.0011664833261642027
3,0.2,2,4,False,0.09038187355999683,0.09112791143432353,-0.0007460378743266993
3,0.2,2,5,False,0.027504139056459653,0.027772438491855178,-0.0002682994353955248
3,0.2,2,6,False,0.008400355665716619,0.008556992301686384,-0.00015663663596976463
3,0.2,2,7,False,0.00674948399773978,0.0068636687489671555,-0.00011418475122737526
3,0.2,2,8,False,0.008469898333334891,0.008469839794692735,5.8538642155880893e-08
3,0.2,2,9,False,0.00994596402011605,0.009749412251592648,0.00019655176852340084
3,0.2,3,4,False,0.18611375274450104,0.18718970383811795,-0.0010759510936169114
3,0.2,3,5,False,0.03584369526314113,0.0360727761789188,-0.00022908091577766854
3,0.2,3,6,False,0.010300790373941604,0.01042011308615276,-0.0001193227122111562
3,0.2,3,7,False,0.008416768385451912,0.008556992301686162,-0.00014022391623425
3,0.2,3,8,False,0.006067325067302454,0.006142912257183886,-7.558718988143198e-05
3,0.2,3,9,False,0.014348653998260685,0.014363147851822022,-1.4493853561337033e-05
3,0.2,4,5,False,0.14990240510627006,0.1509294223399451,-0.0010270172336750427
3,0.2,4,6,False,0.035644930951832965,0.03607277617891924,-0.0004278452270862765
3,0.2,4,7,False,0.02742317296624308,0.027772438491855178,-0.0003492655256120969
3,0.2,4,8,False,0.014952639504683063,0.015132562622129475,-0.0001799231174464122
3,0.2,4,9,False,0.0106395459825388,0.010589654378399427,4.989160413937377e-05
3,0.2,5,6,False,0.1858084387629254,0.1871897038381185,-0.0013812650751930944
3,0.2,5,7,False,0.0898567203240268,0.09112791143432397,-0.0012711911102971651
3,0.2,5,8,False,0.04513480817811488,0.04574690253138414,-0.0006120943532692547
3,0.2,5,9,False,0.008277701275855032,0.007896421168336776,0.0003812801075182559
3,0.2,6,7,False,0.274582846352169,0.2756102305193442,-0.0010273841671751827
3,0.2,6,8,False,0.05259549490749316,0.052331045722507685,0.0002644491849854713
3,0.2,6,9,False,0.008422941773521098,0.00811582199526617,0.0003071197782549273
3,0.2,7,8,False,0.15534753670691215,0.15521131692269408,0.00013621978421807235
3,0.2,7,9,False,0.029762165001097962,0.029471890255531097,0.0002902747455668653
3,0.2,8,9,False,0.15250234428232146,0.15246617394451678,3.617033780467516e-05
4,0.2,0,1,True,0.15291610996146687,0.15246617394451634,0.0004499360169505362
4,0.2,0,2,True,0.028971666419284947,0.02947189025553132,-0.0005002238362463718
4,0.2,0,3,True,0.007975209872720157,0.008115821995266614,-0.00014061212254645739
4,0.2,0,4,False,0.007889444706126403,0.007896421168336776,-6.976462210372958e-06
4,0.2,0,5,False,0.010487037639174135,0.010589654378399427,-0.00010261673922529191
4,0.2,0,6,False,0.014371900809127425,0.014363147851822244,8.752957305180331e-06
4,0.2,0,7,False,0.009409353079944838,0.009749412251592648,-0.00034005917164781074
4,0.2,0,8,False,0.009102473736122274,0.009335105106145436,-0.00023263137002316192
4,0.2,0,9,False,0.0046077099771948404,0.004721696435875167,-0.00011398645868032631
4,0.2,1,2,True,0.15415717451935507,0.1552113169226943,-0.001054142403339231
4,0.2,1,3,True,0.05178966495044435,0.05233104572250791,-0.0005413807720635599
4,0.2,1,4,False,0.0451789861889893,0.04574690253138369,-0.0005679163423943923
4,0.2,1,5,False,0.014875230041237808,0.015132562622129031,-0.000257332580891223
4,0.2,1,6,False,0.0062280806808312494,0.006142912257184108,8.516842364714172e-05
4,0.2,1,7,False,0.008153012870541154,0.008469839794692957,-0.0003168269241518029
4,0.2,1,8,False,0.010347514993862994,0.010728429308898058,-0.00038091431503506357
4,0.2,1,9,False,0.009027980610950781,0.00933510510614588,-0.0003071244951950991
4,0.2,2,3,True,0.27429489527024553,0.2756102305193435,-0.001315335249097993
4,0.2,2,4,False,0.09024637985150119,0.09112791143432353,-0.0008815315828223369
4,0.2,2,5,False,0.027480415063346753,0.027772438491855178,-0.00029202342850842555
4,0.2,2,6,False,0.008592055067709214,0.008556992301686384,3.506276602283087e-05
4,0.2,2,7,False,0.006770569799773307,0.0068636687489671555,-9.309894919384831e-05
4,0.2,2,8,False,0.00837202503780654,0.008469839794692735,-9.781475688619423e-05
4,0.2,2,9,False,0.009781819429606875,0.009749412251592648,3.2407178014226545e-05
4,0.2,3,4,False,0.1861129002278079,0.18718970383811795,-0.0010768036103100398
4,0.2,3,5,False,0.03584314583446768,0.0360727761789188,-0.00022963034445111496
4,0.2,3,6,False,0.010322044926506457,0.01042011308615276,-9.806815964630289e-05
4,0.2,3,7,False,0.00841330881818858,0.008556992301686162,-0.00014368348349758087
4,0.2,3,8,False,0.006026550340826997,0.006142912257183886,-0.00011636191635688853
4,0.2,3,9,False,0.014468136461242231,0.014363147851822022,0.00010498860942020904
4,0.2,4,5,False,0.1499209744073684,0.1509294223399451,-0.001008447932576706
4,0.2,4,6,False,0.03582892611163091,0.03607277617891924,-0.00024385006728833147
4,0.2,4,7,False,0.027440712461655137,0.027772438491855178,-0.0003317260302000413
4,0.2,4,8,False,0.014923495429472133,0.015132562622129475,-0.00020906719265734175
4,0.2,4,9,False,0.010649774668570311,0.010589654378399427,6.012029017088416e-05
4,0.2,5,6,False,0.1860314238163856,0.1871897038381185,-0.0011582800217329048
4,0.2,5,7,False,0.09017932590362943,0.09112791143432397,-0.0009485855306945457
4,0.2,5,8,False,0.04522011911246282,0.04574690253138414,-0.0005267834189213172
4,0.2,5,9,False,0.007946108877769031,0.007896421168336776,4.9687709432255645e-05
4,0.2,6,7,False,0.2738796607367471,0.2756102305193442,-0.0017305697825971134
4,0.2,6,8,False,0.051575037952588776,0.052331045722507685,-0.0007560077699189094
4,0.2,6,9,False,0.008212159576589606,0.00811582199526617,9.633758132343573e-05
4,0.2,7,8,False,0.1548510667792966,0.15521131692269408,-0.00036025014339746697
4,0.2,7,9,False,0.030699765945338964,0.029471890255531097,0.0012278756898078669
4,0.2,8,9,False,0.15335883198715905,0.15246617394451678,0.0008926580426422692
5,0.2,0,1,True,0.15335883198715883,0.15246617394451634,0.0008926580426424913
5,0.2,0,2,True,0.030699765945339186,0.02947189025553132,0.0012278756898078669
5,0.2,0,3,True,0.008212159576589606,0.008115821995266614,9.633758132299164e-05
5,0.2,0,4,False,0.007946108877768365,0.007896421168336776,4.968770943158951e-05
5,0.2,0,5,False,0.010649774668570089,0.010589654378399427,6.0120290170662116e-05
5,0.2,0,6,False,0.01446813646124201,0.014363147851822244,0.00010498860941976496
5,0.2,0,7,False,0.009781819429607097,0.009749412251592648,3.240717801444859e-05
5,0.2,0,8,False,0.009027980610950781,0.009335105106145436,-0.000307124495194655
5,0.2,0,9,False,0.004607709977194618,0.004721696435875167,-0.00011398645868054835
5,0.2,1,2,True,0.15485106677929616,0.1552113169226943,-0.0003602501433981331
5,0.2,1,3,True,0.051575037952588776,0.05233104572250791,-0.0007560077699191314
5,0.2,1,4,False,0.04522011911246282,0.04574690253138369,-0.0005267834189208731
5,0.2,1,5,False,0.014923495429472133,0.015132562622129031,-0.00020906719265689766
5,0.2,1,6,False,0.006026550340826997,0.006142912257184108,-0.00011636191635711057
5,0.2,1,7,False,0.008372025037806319,0.008469839794692957,-9.781475688663832e-05
5,0.2,1,8,False,0.010347514993862994,0.010728429308898058,-0.00038091431503506357
5,0.2,1,9,False,0.009102473736121608,0.00933510510614588,-0.00023263137002427214
5,0.2,2,3,True,0.2738796607367475,0.2756102305193435,-0.0017305697825960031
5,0.2,2,4,False,0.09017932590362943,0.09112791143432353,-0.0009485855306941016
5,0.2,2,5,False,0.027440712461655137,0.027772438491855178,-0.0003317260302000413
5,0.2,2,6,False,0.008413308818189025,0.008556992301686384,-0.00014368348349735882
5,0.2,2,7,False,0.006770569799773529,0.0068636687489671555,-9.309894919362627e-05
5,0.2,2,8,False,0.008153012870541376,0.008469839794692735,-0.0003168269241513588
5,0.2,2,9,False,0.009409353079944616,0.009749412251592648,-0.0003400591716480328
5,0.2,3,4,False,0.18603142381638627,0.18718970383811795,-0.0011582800217316835
5,0.2,3,5,False,0.03582892611163069,0.0360727761789188,-0.00024385006728810943
5,0.2,3,6,False,0.010322044926506235,0.01042011308615276,-9.806815964652493e-05
5,0.2,3,7,False,0.008592055067708992,0.008556992301686162,3.506276602283087e-05
5,0.2,3,8,False,0.0062280806808314715,0.006142912257183886,8.516842364758581e-05
5,0.2,3,9,False,0.014371900809127203,0.014363147851822022,8.752957305180331e-06
5,0.2,4,5,False,0.1499209744073684,0.1509294223399451,-0.001008447932576706
5,0.2,4,6,False,0.03584314583446746,0.03607277617891924,-0.0002296303444517811
5,0.2,4,7,False,0.027480415063346975,0.027772438491855178,-0.0002920234285082035
5,0.2,4,8,False,0.014875230041237808,0.015132562622129475,-0.0002573325808916671
5,0.2,4,9,False,0.010487037639173469,0.010589654378399427,-0.00010261673922595804
5,0.2,5,6,False,0.18611290022780802,0.1871897038381185,-0.0010768036103104839
5,0.2,5,7,False,0.09024637985150141,0.09112791143432397,-0.0008815315828225589
5,0.2,5,8,False,0.04517898618898952,0.04574690253138414,-0.0005679163423946143
5,0.2,5,9,False,0.007889444706125959,0.007896421168336776,-6.976462210817047e-06
5,0.2,6,7,False,0.274294895270246,0.2756102305193442,-0.001315335249098215
5,0.2,6,8,False,0.05178966495044479,0.052331045722507685,-0.0005413807720628938
5,0.2,6,9,False,0.007975209872719713,0.00811582199526617,-0.00014061212254645739
5,0.2,7,8,False,0.15415717451935462,0.15521131692269408,-0.001054142403339453
5,0.2,7,9,False,0.028971666419284503,0.029471890255531097,-0.0005002238362465938
5,0.2,8,9,False,0.15291610996146665,0.15246617394451678,0.00044993601694987007
6,0.2,0,1,True,0.1525023442823219,0.15246617394451634,3.6170337805563335e-05
6,0.2,0,2,True,0.02976216500109774,0.02947189025553132,0.0002902747455664212
6,0.2,0,3,True,0.008422941773521764,0.008115821995266614,0.00030711977825514936
6,0.2,0,4,False,0.00827770127585481,0.007896421168336776,0.00038128010751803387
6,0.2,0,5,False,0.010639545982539023,0.010589654378399427,4.989160413959581e-05
6,0.2,0,6,False,0.014348653998260463,0.014363147851822244,-1.4493853561781123e-05
6,0.2,0,7,False,0.009945964020115827,0.009749412251592648,0.0001965517685231788
6,0.2,0,8,False,0.00914801230920359,0.009335105106145436,-0.00018709279694184566
6,0.2,0,9,False,0.004572898787472024,0.004721696435875167,-0.0001487976484031428
6,0.2,1,2,True,0.15534753670691215,0.1552113169226943,0.0001362197842178503
6,0.2,1,3,True,0.05259549490749382,0.05233104572250791,0.0002644491849859154
6,0.2,1,4,False,0.045134808178115327,0.04574690253138369,-0.0006120943532683665
6,0.2,1,5,False,0.014952639504682619,0.015132562622129031,-0.0001799231174464122
6,0.2,1,6,False,0.006067325067302232,0.006142912257184108,-7.558718988187607e-05
6,0.2,1,7,False,0.008469898333335113,0.008469839794692957,5.8538642155880893e-08
6,0.2,1,8,False,0.01050776609815518,0.010728429308898058,-0.00022066321074287742
6,0.2,1,9,False,0.009074005033536059,0.00933510510614588,-0.00026110007260982115
6,0.2,2,3,True,0.2745828463521691,0.2756102305193435,-0.0010273841671744055
6,0.2,2,4,False,0.08985672032402725,0.09112791143432353,-0.001271191110296277
6,0.2,2,5,False,0.027423172966243525,0.027772438491855178,-0.0003492655256116528
6,0.2,2,6,False,0.00841676838545169,0.008556992301686384,-0.0001402239162346941
6,0.2,2,7,False,0.006749483997740224,0.0068636687489671555,-0.00011418475122693117
6,0.2,2,8,False,0.008274072945856581,0.008469839794692735,-0.00019576684883615414
6,0.2,2,9,False,0.009494411647189338,0.009749412251592648,-0.0002550006044033104
6,0.2,3,4,False,0.1858084387629254,0.18718970383811795,-0.0013812650751925393
6,0.2,3,5,False,0.03564493095183274,0.0360727761789188,-0.00042784522708605444
6,0.2,3,6,False,0.01030079037394116,0.01042011308615276,-0.00011932271221160029
6,0.2,3,7,False,0.008400355665717063,0.008556992301686162,-0.0001566366359690985
6,0.2,3,8,False,0.006016199875842343,0.006142912257183886,-0.00012671238134154272
6,0.2,3,9,False,0.013944741553939544,0.014363147851822022,-0.00041840629788247874
6,0.2,4,5,False,0.14990240510626984,0.1509294223399451,-0.0010270172336752648
6,0.2,4,6,False,0.03584369526314091,0.03607277617891924,-0.00022908091577833467
6,0.2,4,7,False,0.027504139056459875,0.027772438491855178,-0.00026829943539530277
6,0.2,4,8,False,0.015030547156332119,0.015132562622129475,-0.00010201546579735599
6,0.2,4,9,False,0.01032355185654743,0.010589654378399427,-0.00026610252185199634
6,0.2,5,6,False,0.1861137527445006,0.1871897038381185,-0.0010759510936179106
6,0.2,5,7,False,0.09038187355999705,0.09112791143432397,-0.0007460378743269214
6,0.2,5,8,False,0.04539577492903524,0.04574690253138414,-0.0003511276023488996
6,0.2,5,9,False,0.0077936939069074285,0.007896421168336776,-0.0001027272614293473
6,0.2,6,7,False,0.2744437471931793,0.2756102305193442,-0.0011664833261648688
6,0.2,6,8,False,0.05182478618686548,0.052331045722507685,-0.0005062595356422062
6,0.2,6,9,False,0.007981001831828483,0.00811582199526617,-0.00013482016343768777
6,0.2,7,8,False,0.1538389330636376,0.15521131692269408,-0.0013723838590564696
6,0.2,7,9,False,0.02911860953728662,0.029471890255531097,-0.00035328071824447527
6,0.2,8,9,False,0.15118854844464535,0.15246617394451678,-0.0012776254998714265
7,0.2,0,1,True,0.15246630736954003,0.15246617394451634,1.3342502369617648e-07
7,0.2,0,2,True,0.029479947724926348,0.02947189025553132,8.057469395028605e-06
7,0.2,0,3,True,0.008178184937336574,0.008115821995266614,6.236294206996007e-05
7,0.2,0,4,False,0.00842059964154207,0.007896421168336776,0.0005241784732052945
7,0.2,0,5,False,0.010680453309410032,0.010589654378399427,9.079893101060499e-05
7,0.2,0,6,False,0.014453865844066716,0.014363147851822244,9.071799224447119e-05
7,0.2,0,7,False,0.00977246763731121,0.009749412251592648,2.305538571856225e-05
7,0.2,0,8,False,0.009189757568687895,0.009335105106145436,-0.0001453475374575408
7,0.2,0,9,False,0.004574656024355361,0.004721696435875167,-0.0001470404115198054
7,0.2,1,2,True,0.15521789008729625,0.1552113169226943,6.573164601952897e-06
7,0.2,1,3,True,0.05241159263238626,0.05233104572250791,8.0546909878354e-05
7,0.2,1,4,False,0.04586722069779681,0.04574690253138369,0.00012031816641311366
7,0.2,1,5,False,0.014990364679844381,0.015132562622129031,-0.00014219794228464977
7,0.2,1,6,False,0.00613708613985664,0.006142912257184108,-5.826117327467628e-06
7,0.2,1,7,False,0.008383471180028579,0.008469839794692957,-8.636861466437828e-05
7,0.2,1,8,False,0.010573980700306018,0.010728429308898058,-0.00015444860859203935
7,0.2,1,9,False,0.009126341996557041,0.00933510510614588,-0.0002087631095888387
7,0.2,2,3,True,0.27557265798197317,0.2756102305193435,-3.757253737035615e-05
7,0.2,2,4,False,0.09087491479098486,0.09112791143432353,-0.00025299664333866545
7,0.2,2,5,False,0.027308260971312004,0.027772438491855178,-0.0004641775205431742
7,0.2,2,6,False,0.008478152386893534,0.008556992301686384,-7.88399147928498e-05
7,0.2,2,7,False,0.00672684542993407,0.0068636687489671555,-0.00013682331903308587
7,0.2,2,8,False,0.008366331852775577,0.008469839794692735,-0.00010350794191715806
7,0.2,2,9,False,0.009604670350330746,0.009749412251592648,-0.00014474190126190223
7,0.2,3,4,False,0.18646918754418973,0.18718970383811795,-0.0007205162939282195
7,0.2,3,5,False,0.03550955581322324,0.0360727761789188,-0.0005632203656955603
7,0.2,3,6,False,0.010294233060795577,0.01042011308615276,-0.00012588002535718346
7,0.2,3,7,False,0.00839635734962596,0.008556992301686162,-0.00016063495206020129
7,0.2,3,8,False,0.0060342645888389335,0.006142912257183886,-0.00010864766834495221
7,0.2,3,9,False,0.014058411737409182,0.014363147851822022,-0.0003047361144128402
7,0.2,4,5,False,0.14980701068880942,0.1509294223399451,-0.0011224116511356907
7,0.2,4,6,False,0.03567484239321761,0.03607277617891924,-0.00039793378570163185
7,0.2,4,7,False,0.02735735013468421,0.027772438491855178,-0.00041508835717096737
7,0.2,4,8,False,0.01493481461026569,0.015132562622129475,-0.00019774801186378532
7,0.2,4,9,False,0.010439298383908557,0.010589654378399427,-0.00015035599449086945
7,0.2,5,6,False,0.18603040038450325,0.1871897038381185,-0.0011593034536152569
7,0.2,5,7,False,0.09052235269636677,0.09112791143432397,-0.0006055587379572014
7,0.2,5,8,False,0.04549903972060654,0.04574690253138414,-0.0002478628107775993
7,0.2,5,9,False,0.007862001948731878,0.007896421168336776,-3.441921960489758e-05
7,0.2,6,7,False,0.27443589336938223,0.2756102305193442,-0.001174337149961957
7,0.2,6,8,False,0.051996205660734596,0.052331045722507685,-0.00033484006177308956
7,0.2,6,9,False,0.00802603405818525,0.00811582199526617,-8.97879370809207e-05
7,0.2,7,8,False,0.1542469332188401,0.15521131692269408,-0.0009643837038539882
7,0.2,7,9,False,0.029364011198659057,0.029471890255531097,-0.00010787905687204002
7,0.2,8,9,False,0.15001042336425074,0.15246617394451678,-0.002455750580266036
8,0.2,0,1,True,0.15246617394451656,0.15246617394451634,2.220446049250313e-16
8,0.2,0,2,True,0.029471915038445262,0.02947189025553132,2.478291394325538e-08
8,0.2,0,3,True,0.008117860205427263,0.008115821995266614,2.038210160648646e-06
8,0.2,0,4,False,0.008081057535882508,0.007896421168336776,0.00018463636754573187
8,0.2,0,5,False,0.010898517491184645,0.010589654378399427,0.00030886311278521816
8,0.2,0,6,False,0.0151626904865525,0.014363147851822244,0.0007995426347302548
8,0.2,0,7,False,0.009666721821727675,0.009749412251592648,-8.269042986497332e-05
8,0.2,0,8,False,0.009717780809944454,0.009335105106145436,0.00038267570379901805
8,0.2,0,9,False,0.004534788845910631,0.004721696435875167,-0.0001869075899645356
8,0.2,1,2,True,0.1552113426065751,0.1552113169226943,2.5683880799931558e-08
8,0.2,1,3,True,0.05233364602471258,0.05233104572250791,2.600302204669447e-06
8,0.2,1,4,False,0.04578692804812268,0.04574690253138369,4.0025516738984024e-05
8,0.2,1,5,False,0.015290423609402692,0.015132562622129031,0.00015786098727366138
8,0.2,1,6,False,0.006312870533783155,0.006142912257184108,0.00016995827659904705
8,0.2,1,7,False,0.008394526961040372,0.008469839794692957,-7.531283365258545e-05
8,0.2,1,8,False,0.011239602907697321,0.010728429308898058,0.0005111735987992638
8,0.2,1,9,False,0.008968645374630935,0.00933510510614588,-0.0003664597315149454
8,0.2,2,3,True,0.27561106134563707,0.2756102305193435,8.308262935408095e-07
8,0.2,2,4,False,0.09114900647221869,0.09112791143432353,2.1095037895157986e-05
8,0.2,2,5,False,0.027750483516664648,0.027772438491855178,-2.1954975190530135e-05
8,0.2,2,6,False,0.008449016197594528,0.008556992301686384,-0.00010797610409185587
8,0.2,2,7,False,0.0068013340851629245,0.0068636687489671555,-6.233466380423103e-05
8,0.2,2,8,False,0.008532698238338687,0.008469839794692735,6.285844364595228e-05
8,0.2,2,9,False,0.009435538713098879,0.009749412251592648,-0.00031387353849376964
8,0.2,3,4,False,0.18716013814230337,0.18718970383811795,-2.9565695814581794e-05
8,0.2,3,5,False,0.035900154797758876,0.0360727761789188,-0.00017262138115992087
8,0.2,3,6,False,0.010250889721870271,0.01042011308615276,-0.00016922336428248919
8,0.2,3,7,False,0.008462935410037176,0.008556992301686162,-9.40568916489859e-05
8,0.2,3,8,False,0.0060587486641798804,0.006142912257183886,-8.416359300400522e-05
8,0.2,3,9,False,0.014103525271252026,0.014363147851822022,-0.0002596225805699959
8,0.2,4,5,False,0.15037547422284847,0.1509294223399451,-0.0005539481170966365
8,0.2,4,6,False,0.03553649011559168,0.03607277617891924,-0.0005362860633275623
8,0.2,4,7,False,0.027461807392656468,0.027772438491855178,-0.00031063109919871046
8,0.2,4,8,False,0.014736009359129776,0.015132562622129475,-0.0003965532629996993
8,0.2,4,9,False,0.01032896923970883,0.010589654378399427,-0.0002606851386905973
8,0.2,5,6,False,0.18568965129507853,0.1871897038381185,-0.0015000525430399758
8,0.2,5,7,False,0.09044043093865484,0.09112791143432397,-0.0006874804956691349
8,0.2,5,8,False,0.04473376532321338,0.04574690253138414,-0.0010131372081707557
8,0.2,5,9,False,0.008011171510533988,0.007896421168336776,0.00011475034219721181
8,0.2,6,7,False,0.2751868654119398,0.2756102305193442,-0.00042336510740437205
8,0.2,6,8,False,0.052202527949968935,0.052331045722507685,-0.00012851777253874985
8,0.2,6,9,False,0.00863276978522931,0.00811582199526617,0.0005169477899631403
8,0.2,7,8,False,0.1530770341762433,0.15521131692269408,-0.0021342827464507774
8,0.2,7,9,False,0.030346327508138593,0.029471890255531097,0.0008744372526074962
8,0.2,8,9,False,0.15366763899861202,0.15246617394451678,0.001201465054095241
9,0.2,0,1,True,0.1524661739445159,0.15246617394451634,-4.440892098500626e-16
9,0.2,0,2,True,0.029471890255530653,0.02947189025553132,-6.661338147750939e-16
9,0.2,0,3,True,0.008115829901395477,0.008115821995266614,7.906128862700257e-09
9,0.2,0,4,False,0.007904496990445375,0.007896421168336776,8.075822108599695e-06
9,0.2,0,5,False,0.010635847191106329,0.010589654378399427,4.619281270690223e-05
9,0.2,0,6,False,0.014957041804817495,0.014363147851822244,0.0005938939529952503
9,0.2,0,7,False,0.014461722777078911,0.009749412251592648,0.004712310525486263
9,0.2,0,8,False,0.008977736571400108,0.009335105106145436,-0.00035736853474532815
9,0.2,0,9,False,0.004536943521106229,0.004721696435875167,-0.00018475291476893752
9,0.2,1,2,True,0.15521131692269363,0.1552113169226943,-6.661338147750939e-16
9,0.2,1,3,True,0.05233105526365045,0.05233104572250791,9.541142542701664e-09
9,0.2,1,4,False,0.045747976716702166,0.04574690253138369,1.074185318472587e-06
9,0.2,1,5,False,0.015258314052585265,0.015132562622129031,0.0001257514304562335
9,0.2,1,6,False,0.006291441318486024,0.006142912257184108,0.00014852906130191634
9,0.2,1,7,False,0.010550020397715354,0.008469839794692957,0.002080180603022397
9,0.2,1,8,False,0.010344529171482542,0.010728429308898058,-0.000383900137415516
9,0.2,1,9,False,0.008976299659973819,0.00933510510614588,-0.00035880544617206134
9,0.2,2,3,True,0.2756102362710372,0.2756102305193435,5.751693676891989e-09
9,0.2,2,4,False,0.09112943470650192,0.09112791143432353,1.5232721783942083e-06
9,0.2,2,5,False,0.027840218910546,0.027772438491855178,6.778041869082152e-05
9,0.2,2,6,False,0.008467384323339822,0.008556992301686384,-8.960797834656198e-05
9,0.2,2,7,False,0.0069789411828364845,0.0068636687489671555,0.00011527243386932895
9,0.2,2,8,False,0.008191531788045658,0.008469839794692735,-0.00027830800664707667
9,0.2,2,9,False,0.009442701940049592,0.009749412251592648,-0.00030671031154305695
9,0.2,3,4,False,0.18719041711598117,0.18718970383811795,7.132778632179537e-07
9,0.2,3,5,False,0.03608030219559777,0.0360727761789188,7.526016678971459e-06
9,0.2,3,6,False,0.010334110227626425,0.01042011308615276,-8.600285852633505e-05
9,0.2,3,7,False,0.008365307361280827,0.008556992301686162,-0.00019168494040533446
9,0.2,3,8,False,0.0059273287090328974,0.006142912257183886,-0.00021558354815098824
9,0.2,3,9,False,0.014098726565865638,0.014363147851822022,-0.00026442128595638437
9,0.2,4,5,False,0.15088610716441386,0.1509294223399451,-4.331517553124442e-05
9,0.2,4,6,False,0.03572689294518949,0.03607277617891924,-0.00034588323372974905
9,0.2,4,7,False,0.027013375200192646,0.027772438491855178,-0.0007590632916625317
9,0.2,4,8,False,0.014575256768491807,0.015132562622129475,-0.0005573058536376685
9,0.2,4,9,False,0.010285872266838858,0.010589654378399427,-0.0003037821115605688
9,0.2,5,6,False,0.1856069798932518,0.1871897038381185,-0.001582723944866693
9,0.2,5,7,False,0.08831978684531627,0.09112791143432397,-0.002808124589007699
9,0.2,5,8,False,0.04402076135417299,0.04574690253138414,-0.001726141177211149
9,0.2,5,9,False,0.007627603374101177,0.007896421168336776,-0.0002688177942355985
9,0.2,6,7,False,0.26823386155122986,0.2756102305193442,-0.007376368968114333
9,0.2,6,8,False,0.05049094471718285,0.052331045722507685,-0.0018401010053248346
9,0.2,6,9,False,0.008075599249406151,0.00811582199526617,-4.022274586001906e-05
9,0.2,7,8,False,0.15295327774355694,0.15521131692269408,-0.002258039179137139
9,0.2,7,9,False,0.029052370521380988,0.029471890255531097,-0.0004195197341501089
9,0.2,8,9,False,0.15243936216405252,0.15246617394451678,-2.6811780464264245e-05
