{
  "mi_file": "papers/paper10_limite_newtonienne_propagateur/results/mi_ds_check_N800_lam030_k12/mi_matrices/MI_N800_d3_lam0p3_k12_seed0.csv",
  "lambda": 0.3,
  "N": 800,
  "k": 12,
  "n_centers": 300,
  "d_s_eigenvalue": 4.144267612395576,
  "d_s_heat": 2.9640329244211854,
  "alpha_pred": 0.9640329244211854,
  "results_by_threshold": {
    "0.7": {
      "n": 300,
      "median": 1.1933955791954731,
      "mean": 1.2175586200728867,
      "std": 0.3830394041113937,
      "iqr": 0.4827441389964189,
      "cv": 0.31459627306334476,
      "delta": 0.22936265477428774,
      "q05": 0.6580834744239209,
      "q25": 0.9682107722354227,
      "q75": 1.4509549112318416,
      "q95": 1.8752068981832268
    },
    "0.85": {
      "n": 202,
      "median": 1.1546576931467198,
      "mean": 1.1573555684424637,
      "std": 0.34248862152689113,
      "iqr": 0.45053035665334407,
      "cv": 0.2959234230734351,
      "delta": 0.19062476872553447,
      "q05": 0.6317388655590197,
      "q25": 0.9255991872615534,
      "q75": 1.3761295439148975,
      "q95": 1.7601307966802469
    }
  },
  "elapsed_s": 179.6
}
