{
  "mi_file": "papers/paper10_limite_newtonienne_propagateur/results/mi_ds_check_N800_lam030_k12/mi_matrices/MI_N800_d3_lam0p3_k12_seed0.csv",
  "lambda": 0.3,
  "N": 800,
  "k": 12,
  "n_centers": 150,
  "d_s_eigenvalue": 4.144267612395576,
  "d_s_heat": 2.9640329244211854,
  "alpha_pred": 0.9640329244211854,
  "results_by_threshold": {
    "0.7": {
      "n": 150,
      "median": 1.2451138372092578,
      "mean": 1.2626734954488648,
      "std": 0.385350160687884,
      "iqr": 0.5057357242714935,
      "cv": 0.3051859107493118,
      "delta": 0.28108091278807246,
      "q05": 0.6685560621421621,
      "q25": 0.9930173195083936,
      "q75": 1.498753043779887,
      "q95": 1.9575921102168008
    },
    "0.85": {
      "n": 102,
      "median": 1.20217722785233,
      "mean": 1.2013356480968527,
      "std": 0.3617653144377197,
      "iqr": 0.4844955010603216,
      "cv": 0.301135919016908,
      "delta": 0.23814430343114457,
      "q05": 0.6505122648578809,
      "q25": 0.9597492245197861,
      "q75": 1.4442447255801076,
      "q95": 1.7962500792342
    }
  },
  "elapsed_s": 104.4
}
