n,hilbert_dim,subsystem_size,d_A,topology,seed,eta_zz,hx,hz,hz_random,j_disorder,j,A_sites,n_edges_input,ground_energy,mean_hz_random,std_hz_random,mean_single_entropy,mean_MI,max_MI,K_gap_ratio,candidate_L,g2_plateau,C_modular,t_dip,g2_dip,t_ramp,g2_ramp,slope_ramp,log_t_dip,log_t_ramp,delta3_proxy,family,spearman_lambda_kappa,fit_ok,r2,A_fit,beta,B_fit,source_csv,source_run,log_C_modular,log_slope_ramp,rmt_distance,rmt_score,regime
9,512,4,16,chain,0,0.5,0.4,0.0,0.2,0.2,1.0,"3,4,6,8",8,-12.747098825739304,-0.0901544585973685,0.1811377024894774,0.0998204468469024,0.023514244486886,0.1764758420287067,0.5007044303701661,induced,0.065070265005023,1.0411242400803693,40.469208211143695,2.964980310936647e-05,41.64222873900294,0.0729016061596115,0.0621233427939177,3.700541393861804,3.72911476630586,0.0012598595318438,pos,1.0,1,0.9770992426483148,34.378670338598155,0.2375829304368372,-2.070884576693102,papers/paper14_modular_spectral_action/results/sff_features_v3_N9_fixed/paper14_v3_sff_features.csv,sff_features_v3_N9_fixed,0.040301129370706415,-2.778633470270551,0.02929556962983393,0.9351491441119223,0.5_0.4_0.2
9,512,4,16,chain,2,0.5,0.4,0.0,0.2,0.2,1.0,"1,3,5,7",8,-12.117846706186777,-0.0166908633277139,0.1169251035127263,0.1072013527019323,0.0255273718084109,0.221711117513039,0.4752354023454814,induced,0.0625197062005191,1.000315299208307,64.39882697947215,7.676633535570369e-05,68.1524926686217,0.0633348118240086,0.0168523386809614,4.165095418339965,4.221747733682346,0.0032608974224427,pos,1.0,1,0.9637315518378936,67.91427456121714,0.3994299347252538,0.0560253674547372,papers/paper14_modular_spectral_action/results/sff_features_v3_N9_fixed/paper14_v3_sff_features.csv,sff_features_v3_N9_fixed,0.0003152495119575774,-4.083265837692441,0.05476459765451863,0.7911169547377458,0.5_0.4_0.2
9,512,4,16,chain,3,0.5,0.4,0.0,0.2,0.2,1.0,"0,1,4,5",8,-11.39879649088348,-0.0304372749288179,0.1121511028154929,0.130742892697505,0.0315743521278428,0.4626280185665404,0.5109595187870516,induced,0.0485659891551679,0.7770558264826877,5.747800586510264,7.889232022374018e-06,11.026392961876834,0.0585640540449044,0.0110931401117737,1.74881727494122,2.400291759100514,0.0017473358907601,pos,1.0,1,0.9452462402255348,25.38146942245062,0.1823260730575018,1.503683727590798,papers/paper14_modular_spectral_action/results/sff_features_v3_N9_fixed/paper14_v3_sff_features.csv,sff_features_v3_N9_fixed,-0.25224308244042,-4.501428369657792,0.019040481212948435,0.9720739165043998,0.5_0.4_0.2
9,512,4,16,chain,4,0.5,0.4,0.0,0.2,0.2,1.0,"1,4,6,8",8,-11.970949395075412,-0.0243083374874923,0.2470349206510918,0.0959709453725167,0.0226586149420434,0.2029332557984799,0.4694511063035264,induced,0.0770504946016488,1.232807913626382,27.44868035190616,3.314352054568154e-05,47.03812316715543,0.0680053486577516,0.003469838615537,3.312318092188157,3.85095840413701,0.0027970307087011,pos,1.0,1,0.9770575091482684,31.798008944659745,0.1816648020890867,-2.4884608660729204,papers/paper14_modular_spectral_action/results/sff_features_v3_N9_fixed/paper14_v3_sff_features.csv,sff_features_v3_N9_fixed,0.2092944242328722,-5.6636471945957005,0.06054889369647365,0.750947590273614,0.5_0.4_0.2
9,512,4,16,grid,0,0.5,0.4,0.0,0.2,0.2,1.0,"0,2,4,6",12,-16.056561208193227,0.0538066478323158,0.1377142408094708,0.0574686134027769,0.0141025695623144,0.0708645220291359,0.5657854164396037,induced,0.0473486641931778,0.7575786270908454,109.67741935483872,2.971105175700082e-05,114.25219941348976,0.0399374750897424,0.0087234279083032,4.697543506119116,4.738408280472964,0.0038423585295793,pos,1.0,1,0.961031624225954,369.42082895610434,0.8478033495013753,0.8275429627942312,papers/paper14_modular_spectral_action/results/sff_features_v3_N9_fixed/paper14_v3_sff_features.csv,sff_features_v3_N9_fixed,-0.27762794884553704,-4.741743009557883,0.035785416439603646,0.9047952854211848,0.5_0.4_0.2
9,512,4,16,grid,2,0.5,0.4,0.0,0.2,0.2,1.0,"3,4,5,6",12,-16.12357754606786,-0.0015005711537953,0.1250881957881533,0.0601479499570979,0.0146700099979312,0.0791416246734948,0.483690499652509,induced,0.0465064563218972,0.7441033011503563,16.070381231671554,0.0003256469193128,16.89149560117302,0.0611416412195272,0.0740651930584754,2.7769779026586066,2.826810276406479,0.0048745321127135,pos,1.0,1,0.9912450011012468,39.22717646366923,0.4216206230510222,-0.1339787380997839,papers/paper14_modular_spectral_action/results/sff_features_v3_N9_fixed/paper14_v3_sff_features.csv,sff_features_v3_N9_fixed,-0.29557540815500855,-2.6028095863427914,0.04630950034749104,0.8457389663698077,0.5_0.4_0.2
9,512,4,16,grid,3,0.5,0.4,0.0,0.2,0.2,1.0,"2,3,5,8",12,-15.782184391215807,0.0539659241020438,0.1259118989165448,0.0651121111126435,0.015943378000429,0.1232921273622133,0.4958684158162929,induced,0.0542829014412513,0.8685264230600208,30.146627565982406,8.511982309513567e-06,34.72140762463344,0.0687972627418877,0.0150365153903949,3.4060730617256727,3.5473564311545087,0.0051396031963539,pos,1.0,1,0.9706811643851426,25.49714165359261,0.1062394220299686,-6.057604829612865,papers/paper14_modular_spectral_action/results/sff_features_v3_N9_fixed/paper14_v3_sff_features.csv,sff_features_v3_N9_fixed,-0.14095726997560704,-4.197273676773019,0.03413158418370715,0.9130059388322609,0.5_0.4_0.2
9,512,4,16,er,0,0.5,0.4,0.0,0.2,0.2,1.0,"0,4,6,7",16,-19.11930923319194,-0.0044716392812183,0.1473056727306751,0.0440267472104788,0.0116892490148095,0.0366700701679327,0.4564152212835529,induced,0.0589135579628715,0.9426169274059444,102.05278592375367,0.0001065530443594,103.6950146627566,0.069512930624196,0.0422635263477219,4.625490188479059,4.641454039468073,0.0032938778232137,pos,1.0,1,0.9548042242997992,34.219200963047584,0.2731414053851221,-0.5224086351636705,papers/paper14_modular_spectral_action/results/sff_features_v3_N9_fixed/paper14_v3_sff_features.csv,sff_features_v3_N9_fixed,-0.05909530644672547,-3.163830826174169,0.07358477871644714,0.6550622738148284,0.5_0.4_0.2
9,512,4,16,er,2,0.5,0.4,0.0,0.2,0.2,1.0,"0,1,2,6",18,-22.008863641515568,-0.032467227896925,0.2543276246350432,0.0422386151510925,0.0112993269252827,0.0465516439939721,0.5608817524922666,induced,0.0615270213774586,0.9844323420393388,76.95014662756599,1.6539463155396677e-05,82.81524926686218,0.0765836525738448,0.0130546927853725,4.343157765774522,4.416612214323674,0.0043026349134155,pos,1.0,1,0.9719474189883416,33.13006082242133,0.2683576105271235,-0.7231435231849321,papers/paper14_modular_spectral_action/results/sff_features_v3_N9_fixed/paper14_v3_sff_features.csv,sff_features_v3_N9_fixed,-0.015690106434295015,-4.338607609442481,0.030881752492266545,0.9282014815568348,0.5_0.4_0.2
9,512,4,16,er,3,0.5,0.4,0.0,0.2,0.2,1.0,"0,5,7,8",20,-23.483559629132863,0.0552503906214805,0.1655933760663596,0.0413560929994742,0.0113669668438427,0.0547347950235777,0.5047680712875334,induced,0.0585461873286573,0.936738997258517,77.77126099706746,2.7186302792226056e-05,79.17888563049854,0.0693772562991451,0.0492674455599091,4.353771967016295,4.371709667702962,0.0050014238059748,pos,1.0,1,0.964904732648265,142.6969837305855,0.7847581663702055,0.3808180239914087,papers/paper14_modular_spectral_action/results/sff_features_v3_N9_fixed/paper14_v3_sff_features.csv,sff_features_v3_N9_fixed,-0.06535058703142625,-3.0104917495200674,0.0252319287124666,0.9514783948170416,0.5_0.4_0.2
9,512,4,16,er,4,0.5,0.4,0.0,0.2,0.2,1.0,"2,5,7,8",15,-18.832513122406496,-0.0706885650209662,0.176779251933983,0.0458884949840243,0.011863767189464,0.0740165472511726,0.5405793888244329,induced,0.0602368946135492,0.963790313816788,113.66568914956012,0.0001034680919859,120.0,0.0415514238300345,0.0065434041234604,4.733261588721194,4.787491742782055,0.003810929047811,pos,1.0,1,0.9885651536497548,49.97022416192335,0.3197918144974846,-0.904510043439844,papers/paper14_modular_spectral_action/results/sff_features_v3_N9_fixed/paper14_v3_sff_features.csv,sff_features_v3_N9_fixed,-0.03688152481936321,-5.029297740756048,0.010579388824432878,0.9912940968396695,0.5_0.4_0.2
9,512,4,16,chain,2,0.5,0.4,0.0,0.4,0.2,1.0,"1,3,5,7",8,-12.18459711508902,-0.0333817266554278,0.2338502070254526,0.1046542318016772,0.0248968198391589,0.2028845744816434,0.4540965354887851,induced,0.0565056723934137,0.9040907582946196,62.639296187683286,2.429852647893892e-07,66.62756598240469,0.0611927456303828,0.0153431201485185,4.137392815790631,4.199118395551586,0.00332378252159,pos,1.0,1,0.9585676655595368,69.20606083469187,0.4025705295547412,0.1005111024952878,papers/paper14_modular_spectral_action/results/sff_features_v3_N9_fixed/paper14_v3_sff_features.csv,sff_features_v3_N9_fixed,-0.10082552728573042,-4.177088104213615,0.07590346451121494,0.6375616064019445,0.5_0.4_0.4
9,512,4,16,chain,3,0.5,0.4,0.0,0.4,0.2,1.0,"0,1,4,5",8,-11.506914866425122,-0.0608745498576359,0.2243022056309859,0.1306666670310187,0.0315569499780264,0.4647502662428464,0.5608950462578685,induced,0.0664140776532227,1.0626252424515636,46.09970674486804,8.731216180942767e-05,47.03812316715543,0.0743667650111789,0.0791540419426095,3.830806588699703,3.85095840413701,0.0017120686655873,pos,1.0,1,0.9453116733342048,25.409232938493545,0.180672776465332,1.4006067368966095,papers/paper14_modular_spectral_action/results/sff_features_v3_N9_fixed/paper14_v3_sff_features.csv,sff_features_v3_N9_fixed,0.06074249011822412,-2.536359427090892,0.03089504625786843,0.9281419301847686,0.5_0.4_0.4
9,512,4,16,chain,4,0.5,0.4,0.0,0.4,0.2,1.0,"1,4,6,8",8,-12.224937444649097,-0.0486166749749846,0.4940698413021836,0.0912961955708527,0.0215429498619753,0.2028762150498704,0.4586146829061239,induced,0.0651476584342026,1.042362534947242,7.390029325513197,7.061682993591942e-05,12.78592375366569,0.0878366253963363,0.0162653309354035,2.000131703222088,2.5483448590596414,0.0025228061161464,pos,1.0,1,0.9671185171628414,30.301713929578195,0.1500992246158072,-3.352569707021384,papers/paper14_modular_spectral_action/results/sff_features_v3_N9_fixed/paper14_v3_sff_features.csv,sff_features_v3_N9_fixed,0.041489805034520405,-4.1187193727895695,0.07138531709387613,0.6715852371231912,0.5_0.4_0.4
9,512,4,16,grid,0,0.5,0.4,0.0,0.4,0.2,1.0,"0,2,4,6",12,-16.16579900014284,0.1076132956646316,0.2754284816189416,0.0569825863098439,0.0139827431272212,0.0690486560360245,0.5287596693724218,induced,0.0699037442561166,1.1184599080978657,67.09677419354838,4.306496220489471e-05,70.85043988269796,0.1011081386820972,0.0269243672956899,4.206135968210233,4.260571174765249,0.0035321688782058,pos,1.0,1,0.9664360832236248,371.8044107647956,0.8458446576170237,0.8248310544851933,papers/paper14_modular_spectral_action/results/sff_features_v3_N9_fixed/paper14_v3_sff_features.csv,sff_features_v3_N9_fixed,0.11195265695861002,-3.6147235549831054,0.0012403306275782233,0.9998798181547831,0.5_0.4_0.4
9,512,4,16,grid,2,0.5,0.4,0.0,0.4,0.2,1.0,"3,4,5,6",12,-16.18011457061544,-0.0030011423075907,0.2501763915763066,0.0594980545181946,0.0145016373414432,0.0798068831328791,0.5056940314082107,induced,0.0481146333182303,0.769834133091685,53.95894428152493,6.447353282559601e-05,55.483870967741936,0.0414710749179412,0.0271531751390854,3.988223466313579,4.01609236532237,0.0047628992515072,pos,1.0,1,0.9914479709763416,39.96053725438616,0.425317810094493,-0.1194987597710687,papers/paper14_modular_spectral_action/results/sff_features_v3_N9_fixed/paper14_v3_sff_features.csv,sff_features_v3_N9_fixed,-0.26158019890805223,-3.606261291407469,0.02430596859178935,0.9548942324175013,0.5_0.4_0.4
9,512,4,16,grid,3,0.5,0.4,0.0,0.4,0.2,1.0,"2,3,5,8",12,-15.867379389424936,0.1079318482040876,0.2518237978330897,0.0647578095043027,0.0158523231592213,0.1199262246765995,0.5142973395748349,induced,0.0567505620889108,0.9080089934225742,10.322580645161292,2.0994364068989405e-05,16.3049853372434,0.0593366771055946,0.0099150234386569,2.334333791308723,2.7914709099611725,0.0051267160345024,pos,1.0,1,0.970932633734498,25.439230434619567,0.1079344088223871,-5.890075865790423,papers/paper14_modular_spectral_action/results/sff_features_v3_N9_fixed/paper14_v3_sff_features.csv,sff_features_v3_N9_fixed,-0.09650099577948233,-4.613704153053828,0.015702660425165105,0.9809207984917826,0.5_0.4_0.4
9,512,4,16,er,2,0.5,0.4,0.0,0.4,0.2,1.0,"0,1,2,6",18,-22.252328442082774,-0.06493445579385,0.5086552492700865,0.0416133842592002,0.0110926470573385,0.0474062114416706,0.5917642878566761,induced,0.0533205121955863,0.853128195129381,93.72434017595307,0.0001312951379086,94.7800586510264,0.0710890440459201,0.0672127566045336,4.540357922596705,4.551559035351525,0.0041295670015002,pos,1.0,1,0.9711185424504046,33.23104598591882,0.266469975035032,-0.7305625077656341,papers/paper14_modular_spectral_action/results/sff_features_v3_N9_fixed/paper14_v3_sff_features.csv,sff_features_v3_N9_fixed,-0.15884545540922534,-2.6998922190439414,0.06176428785667609,0.7422765626968459,0.5_0.4_0.4
9,512,4,16,er,3,0.5,0.4,0.0,0.4,0.2,1.0,"0,5,7,8",20,-23.562917489569447,0.1105007812429611,0.3311867521327192,0.0412055212647089,0.0113150275673824,0.0549999580251425,0.4830261553749539,induced,0.0606072606004015,0.9697161696064244,9.501466275659824,1.5869381019691865e-05,11.8475073313783,0.064948825559083,0.0276776725708995,2.251446131502964,2.472117493671764,0.0049520863131584,pos,1.0,1,0.9653628979193718,145.438446419963,0.7905106990475164,0.3969188841193259,papers/paper14_modular_spectral_action/results/sff_features_v3_N9_fixed/paper14_v3_sff_features.csv,sff_features_v3_N9_fixed,-0.03075185895614412,-3.587129235189138,0.04697384462504611,0.8416541478350255,0.5_0.4_0.4
9,512,4,16,chain,3,0.5,0.4,0.0,0.6,0.2,1.0,"0,1,4,5",8,-11.683627080043529,-0.0913118247864539,0.3364533084464788,0.1303902505379561,0.0314953547364537,0.4667780023589045,0.5606181560692601,induced,0.0716002718510416,1.145604349616666,53.60703812316716,3.0891642509014355e-05,56.539589442815256,0.0849360007747352,0.028952642214089,3.981680367724643,4.034941090881038,0.0017357380390346,pos,1.0,1,0.943750622179164,25.2971778808258,0.1808014347893167,1.4326237733813836,papers/paper14_modular_spectral_action/results/sff_features_v3_N9_fixed/paper14_v3_sff_features.csv,sff_features_v3_N9_fixed,0.13593231401929354,-3.542093810938218,0.030618156069260105,0.9293777902743905,0.5_0.4_0.6
9,512,4,16,grid,0,0.5,0.4,0.0,0.6,0.2,1.0,"0,2,4,6",12,-16.345520026687666,0.1614199434969474,0.4131427224284124,0.0561444332741139,0.0137755890331358,0.0660510522358702,0.5792982319714246,induced,0.0632027784515142,1.0112444552242283,58.768328445747805,1.946382906348917e-05,62.40469208211144,0.0595825236708641,0.0163798414564951,4.073603077915301,4.13364046617208,0.0032654849149995,pos,1.0,1,0.9719214059088896,364.8335308454752,0.8352281513356238,0.8022314059346652,papers/paper14_modular_spectral_action/results/sff_features_v3_N9_fixed/paper14_v3_sff_features.csv,sff_features_v3_N9_fixed,0.011181706284534266,-4.111703879694709,0.04929823197142458,0.8270679588784486,0.5_0.4_0.6
9,512,4,16,grid,1,0.5,0.4,0.0,0.6,0.2,1.0,"2,3,4,7",12,-17.262983902176337,-0.131311361366809,0.646470135278536,0.0557141429516344,0.0135857806512894,0.0600278344103469,0.4669052154759874,induced,0.0749697211524199,1.1995155384387188,3.1671554252199416,4.222862803246183e-05,4.574780058651027,0.0941665965409023,0.0668675197047679,1.1528338428350644,1.5205586229602843,0.0049701750630664,pos,1.0,1,0.97276222870907,34.01584210740256,0.2959790829673692,-0.64042239805951,papers/paper14_modular_spectral_action/results/sff_features_v3_N9_fixed/paper14_v3_sff_features.csv,sff_features_v3_N9_fixed,0.18191775731018117,-2.7050419349041657,0.06309478452401263,0.7327051844384566,0.5_0.4_0.6
9,512,4,16,grid,2,0.5,0.4,0.0,0.6,0.2,1.0,"3,4,5,6",12,-16.274092099239247,-0.0045017134613861,0.37526458736446,0.0584604972667389,0.0142332098083947,0.0809011278688105,0.5311846589463632,induced,0.0420393528490639,0.6726296455850228,26.744868035190617,1.1468414602725873e-07,30.967741935483872,0.0404833493585796,0.0095866548777651,3.2863426057848977,3.432946079976768,0.0046075599013251,pos,1.0,1,0.9914130739819248,41.228992087514605,0.431527961160923,-0.0954032708093524,papers/paper14_modular_spectral_action/results/sff_features_v3_N9_fixed/paper14_v3_sff_features.csv,sff_features_v3_N9_fixed,-0.39656040454704855,-4.647383264516679,0.0011846589463632151,0.9998903640714578,0.5_0.4_0.6
9,512,4,16,grid,3,0.5,0.4,0.0,0.6,0.2,1.0,"2,3,5,8",12,-16.007477535310088,0.1618977723061314,0.3777356967496346,0.0641451544631741,0.0156954968038551,0.1157856072002186,0.5447507203180735,induced,0.0619199718219241,0.9907195491507862,60.410557184750736,2.464965885835148e-05,62.639296187683286,0.0600204759987154,0.0269191799761727,4.101163877494172,4.137392815790631,0.0050969354000873,pos,1.0,1,0.9711327673689956,25.37334929615292,0.1107273430018641,-5.628613673078694,papers/paper14_modular_spectral_action/results/sff_features_v3_N9_fixed/paper14_v3_sff_features.csv,sff_features_v3_N9_fixed,-0.009323782533272292,-3.614916236178758,0.014750720318073451,0.983144932774858,0.5_0.4_0.6
9,512,4,16,er,2,0.5,0.4,0.0,0.6,0.2,1.0,"0,1,2,6",18,-22.65023138239927,-0.097401683690775,0.7629828739051298,0.0406096136895154,0.0107613381976833,0.0483757117304922,0.4948409792490325,induced,0.0652093169739303,1.0433490715828857,75.89442815249268,7.568090554776549e-06,77.53665689149561,0.0535139839361831,0.0325815853631415,4.329343271331333,4.350750816682119,0.0038884234680843,pos,1.0,1,0.9693703328869876,33.26983381985105,0.2621672347183081,-0.7543052683742806,papers/paper14_modular_spectral_action/results/sff_features_v3_N9_fixed/paper14_v3_sff_features.csv,sff_features_v3_N9_fixed,0.04243580035441646,-3.424008016367772,0.03515902075096755,0.9079420306407568,0.5_0.4_0.6
9,512,4,16,er,3,0.5,0.4,0.0,0.6,0.2,1.0,"0,5,7,8",20,-23.69435089630282,0.1657511718644417,0.4967801281990787,0.0409540289586338,0.0112282737522905,0.0554242835315893,0.4900353584931188,induced,0.062392116838619,0.9982738694179052,103.81231671554252,2.8685935564461825e-06,104.51612903225806,0.0711742828598942,0.1011227177700884,4.642584621838359,4.649341404301238,0.0049093078183967,pos,1.0,1,0.9655393620937242,149.1632648547473,0.7977516748691958,0.4152138864965595,papers/paper14_modular_spectral_action/results/sff_features_v3_N9_fixed/paper14_v3_sff_features.csv,sff_features_v3_N9_fixed,-0.0017276220620612635,-2.291420472262716,0.03996464150688123,0.8826918614237084,0.5_0.4_0.6
9,512,4,16,chain,2,0.5,0.6,0.0,0.2,0.2,1.0,"1,3,5,7",8,-13.847540887950704,-0.0166908633277139,0.1169251035127263,0.0813876448418903,0.0194253600354656,0.1621232754015356,0.4701737242078257,induced,0.0603229680701209,0.9651674891219344,28.38709677419355,0.0001172381303031,32.72727272727273,0.0743956982935564,0.0171141587268036,3.345934702987141,3.488208758651816,0.0033742096997194,pos,1.0,1,0.9532695308683372,97.5381029240508,0.4278691763398849,0.2129157357688375,papers/paper14_modular_spectral_action/results/sff_features_v3_N9_fixed/paper14_v3_sff_features.csv,sff_features_v3_N9_fixed,-0.035453628846687894,-4.067849162353369,0.05982627579217431,0.7560682014057131,0.5_0.6_0.2
9,512,4,16,chain,3,0.5,0.6,0.0,0.2,0.2,1.0,"0,1,4,5",8,-13.105873857928142,-0.0304372749288179,0.1121511028154929,0.0946472829470842,0.0228644052684495,0.3250309118330722,0.4970686719677309,induced,0.0756370866635743,1.2101933866171897,6.803519061583578,3.4196172080556924e-06,10.205278592375366,0.1034899235934733,0.0304214636688848,1.9174399873769856,2.322905095485101,0.0026994473487855,pos,1.0,1,0.936335060766675,28.426083938844556,0.1760776505957977,1.6562874186512535,papers/paper14_modular_spectral_action/results/sff_features_v3_N9_fixed/paper14_v3_sff_features.csv,sff_features_v3_N9_fixed,0.1907801704887807,-3.492606877960541,0.032931328032269114,0.9187654579736267,0.5_0.6_0.2
9,512,4,16,grid,0,0.5,0.6,0.0,0.2,0.2,1.0,"0,2,4,6",12,-17.819928711005275,0.0538066478323158,0.1377142408094708,0.0485299257844949,0.0118944256195776,0.0597632928796149,0.5822160382189355,induced,0.0645017165495351,1.0320274647925618,60.29325513196481,0.000114109816694,63.92961876832845,0.0701120462423213,0.0192494325170474,4.099220242285601,4.15778277149368,0.0036440740604291,pos,1.0,1,0.9606631425024698,556.0429589621577,0.8903983877344301,1.0292721562652043,papers/paper14_modular_spectral_action/results/sff_features_v3_N9_fixed/paper14_v3_sff_features.csv,sff_features_v3_N9_fixed,0.03152527987633385,-3.9502736983167783,0.0522160382189355,0.8081488987407784,0.5_0.6_0.2
9,512,4,16,grid,2,0.5,0.6,0.0,0.2,0.2,1.0,"3,4,5,6",12,-17.886947744269893,-0.0015005711537953,0.1250881957881533,0.0507744724584174,0.0123734224176033,0.0670046955539806,0.5702046345222537,induced,0.051765755681571,0.8282520909051363,59.82404692082112,2.847346853968849e-05,61.46627565982405,0.0569515801614439,0.0346621060397864,4.091407702548808,4.118488661151478,0.0039676752196731,pos,1.0,1,0.9921392228929374,46.408881104461,0.4414265927433488,-0.0585867685488552,papers/paper14_modular_spectral_action/results/sff_features_v3_N9_fixed/paper14_v3_sff_features.csv,sff_features_v3_N9_fixed,-0.18843771331979306,-3.3621082337078185,0.040204634522253646,0.881366057325523,0.5_0.6_0.2
9,512,4,16,grid,3,0.5,0.6,0.0,0.2,0.2,1.0,"2,3,5,8",12,-17.540570333772536,0.0539659241020438,0.1259118989165448,0.0545355296937052,0.0133443544026211,0.1039602249804859,0.5387070036657345,induced,0.0555978941512355,0.8895663064197695,17.008797653958947,4.7545917957176925e-05,40.469208211143695,0.0560839035952685,0.0023885497459953,2.833730719251053,3.700541393861804,0.0043458236941155,pos,1.0,1,0.9739179071068912,27.322524074666216,0.1094257159774879,-6.095607248312771,papers/paper14_modular_spectral_action/results/sff_features_v3_N9_fixed/paper14_v3_sff_features.csv,sff_features_v3_N9_fixed,-0.11702123118087127,-6.037068898055644,0.008707003665734514,0.9940946995462897,0.5_0.6_0.2
9,512,4,16,er,2,0.5,0.6,0.0,0.2,0.2,1.0,"0,1,2,6",18,-23.77980323425732,-0.032467227896925,0.2543276246350432,0.0374589822321442,0.0099727246608927,0.0390679295874683,0.5545633879011657,induced,0.0458409153139114,0.7334546450225832,83.16715542521995,0.0001475423773736,83.87096774193549,0.0578856737962865,0.082036261724372,4.420852503362559,4.429279519524439,0.0038625297122257,pos,1.0,1,0.9672427278955718,35.12435468049477,0.264983835158052,-0.7481704229113849,papers/paper14_modular_spectral_action/results/sff_features_v3_N9_fixed/paper14_v3_sff_features.csv,sff_features_v3_N9_fixed,-0.3099895169542559,-2.5005939133157518,0.024563387901165634,0.9539562177150525,0.5_0.6_0.2
9,512,4,16,er,3,0.5,0.6,0.0,0.2,0.2,1.0,"0,5,7,8",20,-25.259047705660045,0.0552503906214805,0.1655933760663596,0.036994332706701,0.0101013403346703,0.0478743646231377,0.4670308455853527,induced,0.0435185828041118,0.6962973248657899,48.91495601173021,1.7590130021861268e-05,49.73607038123168,0.0504631083722156,0.061435434716386,3.8900831986292417,3.9067304320623975,0.004602272249345,pos,1.0,1,0.9652260941642542,171.32550401778295,0.8045974100087775,0.4301692558849792,papers/paper14_modular_spectral_action/results/sff_features_v3_N9_fixed/paper14_v3_sff_features.csv,sff_features_v3_N9_fixed,-0.3619785189686482,-2.7897684976497765,0.06296915441464734,0.7336123208704614,0.5_0.6_0.2
9,512,4,16,er,4,0.5,0.6,0.0,0.2,0.2,1.0,"2,5,7,8",15,-20.603005459153284,-0.0706885650209662,0.176779251933983,0.0398981980764495,0.0102744128944858,0.0611621967092428,0.5233818045293229,induced,0.0546543283624685,0.8744692537994967,38.35777126099707,3.0391292559944143e-05,40.58651026392962,0.0590538592294993,0.0264828981138109,3.646957147727699,3.703435751888168,0.00345181955056,pos,1.0,1,0.9885305219359606,55.5249788672444,0.3215068572219655,-0.9491680567672032,papers/paper14_modular_spectral_action/results/sff_features_v3_N9_fixed/paper14_v3_sff_features.csv,sff_features_v3_N9_fixed,-0.1341381437470512,-3.631256108516431,0.006618195470677102,0.9965839331341171,0.5_0.6_0.2
9,512,4,16,chain,2,0.5,0.6,0.0,0.4,0.2,1.0,"1,3,5,7",8,-13.910268998846986,-0.0333817266554278,0.2338502070254526,0.0796442725602163,0.0189954795883058,0.149877365936934,0.4525251691634088,induced,0.06306283307695,1.009005329231201,67.80058651026394,6.054570264149604e-05,82.22873900293256,0.0718468287174839,0.0049754314040774,4.216570845502812,4.409504863865021,0.0034287923577205,pos,1.0,1,0.9476626286917588,99.309026727883,0.430620509721923,0.2519243058477556,papers/paper14_modular_spectral_action/results/sff_features_v3_N9_fixed/paper14_v3_sff_features.csv,sff_features_v3_N9_fixed,0.008965023053461259,-5.303243197743639,0.07747483083659124,0.6256691588025303,0.5_0.6_0.4
9,512,4,16,chain,3,0.5,0.6,0.0,0.4,0.2,1.0,"0,1,4,5",8,-13.200483595641558,-0.0608745498576359,0.2243022056309859,0.0944678521927486,0.0228230652304486,0.3264682468373118,0.5326678400374171,induced,0.0707927685182594,1.1326842962921508,19.70674486803519,7.433436708626912e-05,21.935483870967744,0.077610804318482,0.0347893898071393,2.980960956233729,3.088105593685052,0.0027083150337224,pos,1.0,1,0.9359962753171172,28.41264877256195,0.1753373825762029,1.625439978387844,papers/paper14_modular_spectral_action/results/sff_features_v3_N9_fixed/paper14_v3_sff_features.csv,sff_features_v3_N9_fixed,0.12459029916810994,-3.3584428292897424,0.0026678400374170463,0.9994441099965338,0.5_0.6_0.4
9,512,4,16,grid,0,0.5,0.6,0.0,0.4,0.2,1.0,"0,2,4,6",12,-17.920583740866928,0.1076132956646316,0.2754284816189416,0.0481177371906252,0.0117927456821283,0.0582695920209391,0.4973711728584807,induced,0.048233349512616,0.771733592201856,67.44868035190616,2.232523109717722e-05,71.43695014662757,0.0434865318707826,0.0108980106353917,4.211367017627785,4.26881524454033,0.0034590549071356,pos,1.0,1,0.9647834820144182,540.8764744472716,0.8799681471736327,0.9940554136101089,papers/paper14_modular_spectral_action/results/sff_features_v3_N9_fixed/paper14_v3_sff_features.csv,sff_features_v3_N9_fixed,-0.25911587633529504,-4.519175016918632,0.03262882714151932,0.9201900739356967,0.5_0.6_0.4
9,512,4,16,grid,2,0.5,0.6,0.0,0.4,0.2,1.0,"3,4,5,6",12,-17.940706925381708,-0.0030011423075907,0.2501763915763066,0.0502731370457568,0.0122457178357276,0.0674543485848437,0.566619469653434,induced,0.0601982667334274,0.9631722677348392,54.42815249266862,9.274728630968432e-05,57.00879765395895,0.0769452949633472,0.029780362224852,3.996881529056693,4.043205600730931,0.0039119767149219,pos,1.0,1,0.991879042106893,47.22331878772018,0.4448638129586849,-0.0435498472469721,papers/paper14_modular_spectral_action/results/sff_features_v3_N9_fixed/paper14_v3_sff_features.csv,sff_features_v3_N9_fixed,-0.03752299664560311,-3.513906088440543,0.03661946965343399,0.9005365769554845,0.5_0.6_0.4
9,512,4,16,grid,3,0.5,0.6,0.0,0.4,0.2,1.0,"2,3,5,8",12,-17.619457949856383,0.1079318482040876,0.2518237978330897,0.0541630843956976,0.0132500715676605,0.1012556270226156,0.5392917542163342,induced,0.0584921649144025,0.9358746386304408,67.21407624633432,3.3230427547667203e-06,68.03519061583579,0.0652670481510576,0.0794818937926111,4.207882693545174,4.220025080370899,0.0043275397632863,pos,1.0,1,0.9737643586053442,27.2878628797776,0.1110215615223005,-5.934046652394958,papers/paper14_modular_spectral_action/results/sff_features_v3_N9_fixed/paper14_v3_sff_features.csv,sff_features_v3_N9_fixed,-0.06627374456151768,-2.532226034297395,0.009291754216334214,0.9932776424128206,0.5_0.6_0.4
9,512,4,16,er,1,0.5,0.6,0.0,0.4,0.2,1.0,"0,1,3,6",19,-25.23343390690333,-0.1223835996613076,0.5515757152704825,0.0337760339103353,0.0093162493201001,0.0247934258735359,0.4830776824466433,induced,0.0476090585483907,0.7617449367742515,93.48973607038124,1.7932992769947746e-05,94.54545454545456,0.0414674449886554,0.0392618988627696,4.537851655620646,4.549080719337058,0.004700538849465,pos,1.0,1,0.9718903545300672,59.96686783537836,0.4975932400750039,0.1942716392896896,papers/paper14_modular_spectral_action/results/sff_features_v3_N9_fixed/paper14_v3_sff_features.csv,sff_features_v3_N9_fixed,-0.272143507972342,-3.237500724956783,0.04692231755335674,0.8419723397078605,0.5_0.6_0.4
9,512,4,16,er,2,0.5,0.6,0.0,0.4,0.2,1.0,"0,1,2,6",18,-24.008500463074324,-0.06493445579385,0.5086552492700865,0.036960626954669,0.009810659899357,0.03981635140308,0.5306151437910246,induced,0.0503914565101358,0.8062633041621742,16.89149560117302,2.8874723272294438e-05,18.65102639296188,0.0328936485499425,0.0186781464581575,2.826810276406479,2.925901179050705,0.0037254183417,pos,1.0,1,0.9664762976973238,35.20465053880519,0.2634841444127545,-0.7530791177560127,papers/paper14_modular_spectral_action/results/sff_features_v3_N9_fixed/paper14_v3_sff_features.csv,sff_features_v3_N9_fixed,-0.21534490972188194,-3.9804010771133655,0.0006151437910245638,0.9999704377898117,0.5_0.6_0.4
9,512,4,16,er,3,0.5,0.6,0.0,0.4,0.2,1.0,"0,5,7,8",20,-25.335122310371688,0.1105007812429611,0.3311867521327192,0.0368501927418365,0.0100531494005145,0.048052263050953,0.4710899014360765,induced,0.0485799479310127,0.7772791668962042,53.489736070381234,2.091055549127324e-05,56.65689149560118,0.0492804625172848,0.0155532474249737,3.979489786344824,4.03701363048301,0.0045681623761457,pos,1.0,1,0.9655557148466398,174.82597954404642,0.8103727781909162,0.4472358724979877,papers/paper14_modular_spectral_action/results/sff_features_v3_N9_fixed/paper14_v3_sff_features.csv,sff_features_v3_N9_fixed,-0.2519557049883199,-4.163485824541547,0.05891009856392354,0.7625211924091106,0.5_0.6_0.4
9,512,4,16,er,4,0.5,0.6,0.0,0.4,0.2,1.0,"2,5,7,8",15,-20.73736925533169,-0.1413771300419324,0.3535585038679661,0.039623415518263,0.0101979009902698,0.0618008551546611,0.5782192259609643,induced,0.054231701433794,0.8677072229407041,16.187683284457478,2.781800662498219e-05,20.175953079178885,0.0659179275972165,0.0165209760076409,2.7842506619876857,3.0044914536439222,0.0032713077935218,pos,1.0,1,0.9875315752031214,56.14778309647748,0.3190663380800007,-1.015508578833393,papers/paper14_modular_spectral_action/results/sff_features_v3_N9_fixed/paper14_v3_sff_features.csv,sff_features_v3_N9_fixed,-0.14190092198004056,-4.103124432268809,0.048219225960964285,0.833894861934933,0.5_0.6_0.4
9,512,4,16,chain,3,0.5,0.6,0.0,0.6,0.2,1.0,"0,1,4,5",8,-13.355797672101891,-0.0913118247864539,0.3364533084464788,0.0941270636313929,0.0227456043516446,0.3283043227729555,0.4961732586436725,induced,0.0633929306186264,1.0142868898980233,24.04692082111437,1.663907539588762e-05,33.0791788856305,0.0787685907558028,0.0087189660789022,3.180006955968869,3.498904047768564,0.0027688552469496,pos,1.0,1,0.9346834422178508,28.34879632054844,0.1747561519533494,1.632607689266197,papers/paper14_modular_spectral_action/results/sff_features_v3_N9_fixed/paper14_v3_sff_features.csv,sff_features_v3_N9_fixed,0.01418579404567389,-4.742254617024335,0.03382674135632752,0.9144848217084743,0.5_0.6_0.6
9,512,4,16,chain,4,0.5,0.6,0.0,0.6,0.2,1.0,"1,4,6,8",8,-14.340730701774785,-0.072925012462477,0.7411047619532752,0.0637687132618935,0.0151246198423526,0.1464648957253791,0.4550569186969613,induced,0.0495705154441824,0.793128247106919,3.519061583577713,1.0472048570829896e-05,5.2785923753665696,0.0493714706421457,0.0280535008673483,1.2581943584928592,1.6636594666009288,0.0024551600431026,pos,1.0,1,0.9316394809255184,33.930215068501305,0.1587989699546901,-1.642576850908953,papers/paper14_modular_spectral_action/results/sff_features_v3_N9_fixed/paper14_v3_sff_features.csv,sff_features_v3_N9_fixed,-0.23177034645482827,-3.5736418466962068,0.07494308130303873,0.6448185225749545,0.5_0.6_0.6
9,512,4,16,grid,0,0.5,0.6,0.0,0.6,0.2,1.0,"0,2,4,6",12,-18.08656030653422,0.1614199434969474,0.4131427224284124,0.0474230878789222,0.0116212906140265,0.0558162484751756,0.5528114377923231,induced,0.060644179777511,0.9703068764401762,42.58064516129033,5.1634696744286175e-05,47.03812316715543,0.0484070642639106,0.0108481588700024,3.7513998110952937,3.85095840413701,0.0031589608981768,pos,1.0,1,0.9708227024725083,517.1311666042375,0.8633252515539817,0.9441773882235992,papers/paper14_modular_spectral_action/results/sff_features_v3_N9_fixed/paper14_v3_sff_features.csv,sff_features_v3_N9_fixed,-0.03014289005424313,-4.523759902795244,0.022811437792323086,0.9601620013454074,0.5_0.6_0.6
9,512,4,16,grid,2,0.5,0.6,0.0,0.6,0.2,1.0,"3,4,5,6",12,-18.030080353779365,-0.0045017134613861,0.37526458736446,0.0494670682712884,0.012040609006122,0.0681946624268189,0.5173060973707154,induced,0.0771924386759462,1.2350790188151397,46.686217008797655,3.572831993152108e-05,48.21114369501466,0.0860136813618988,0.0563816961294439,3.843448982114879,3.875590191326675,0.0038320386369037,pos,1.0,1,0.9912603276346303,48.62431033602447,0.4506084956829317,-0.0183766971731671,papers/paper14_modular_spectral_action/results/sff_features_v3_N9_fixed/paper14_v3_sff_features.csv,sff_features_v3_N9_fixed,0.2111349508793925,-2.8756107098635466,0.012693902629284604,0.9874902213517349,0.5_0.6_0.6
9,512,4,16,grid,3,0.5,0.6,0.0,0.6,0.2,1.0,"2,3,5,8",12,-17.749481967737147,0.1618977723061314,0.3777356967496346,0.0535435979451774,0.0130935265779609,0.0969255058801846,0.5366572600199516,induced,0.0610348140021505,0.9765570240344096,52.78592375366569,0.0001150036233256,54.07624633431085,0.0775455583123904,0.0600086798840252,3.966244559594804,3.990395019827087,0.0043046560825043,pos,1.0,1,0.973328929327422,27.257195830984543,0.1135406790910183,-5.690102300437967,papers/paper14_modular_spectral_action/results/sff_features_v3_N9_fixed/paper14_v3_sff_features.csv,sff_features_v3_N9_fixed,-0.023722134021802094,-2.8132660624892165,0.006657260019951594,0.9965435567556565,0.5_0.6_0.6
9,512,4,16,er,1,0.5,0.6,0.0,0.6,0.2,1.0,"0,1,3,6",19,-25.58797723058445,-0.1835753994919614,0.8273635729057237,0.0327493396551971,0.0090033705029581,0.0243686419158603,0.5065294919309836,induced,0.0583333410965891,0.9333334575454256,74.72140762463343,4.602042005240289e-05,75.42521994134898,0.0741868635397743,0.1053417812659362,4.313766632402596,4.323141701068052,0.0043595433891035,pos,1.0,1,0.9772159235821584,64.86536367304602,0.5119687241805734,0.2520912641713825,papers/paper14_modular_spectral_action/results/sff_features_v3_N9_fixed/paper14_v3_sff_features.csv,sff_features_v3_N9_fixed,-0.0689927384025757,-2.250545155387535,0.023470508069016405,0.9578766103564313,0.5_0.6_0.6
9,512,4,16,er,2,0.5,0.6,0.0,0.6,0.2,1.0,"0,1,2,6",18,-24.3834030982878,-0.097401683690775,0.7629828739051298,0.0361603721349314,0.0095505052564819,0.0407489984724226,0.4998768216822989,induced,0.0653656116858769,1.045849786974031,28.739002932551323,2.714503134040368e-05,33.90029325513197,0.0702120930567534,0.0135983336799237,3.3582551873751814,3.5234236649428814,0.0035492123417277,pos,1.0,1,0.9649234492183568,35.23230327277064,0.2600615644712999,-0.7719630558719691,papers/paper14_modular_spectral_action/results/sff_features_v3_N9_fixed/paper14_v3_sff_features.csv,sff_features_v3_N9_fixed,0.04482974823084768,-4.297808017281774,0.030123178317701116,0.9315633489918604,0.5_0.6_0.6
9,512,4,16,er,3,0.5,0.6,0.0,0.6,0.2,1.0,"0,5,7,8",20,-25.461186125724,0.1657511718644417,0.4967801281990787,0.0366112994079361,0.0099732858852736,0.0483371629576611,0.4795178226411584,induced,0.0644193418576775,1.0307094697228405,46.09970674486804,3.5119715614359525e-05,51.37829912023461,0.0818906575071408,0.0155070768816169,3.830806588699703,3.939215887206885,0.0045227897530005,pos,1.0,1,0.9657919049958922,179.77949854715197,0.8179884644910111,0.4679993213707352,papers/paper14_modular_spectral_action/results/sff_features_v3_N9_fixed/paper14_v3_sff_features.csv,sff_features_v3_N9_fixed,0.030247370680032196,-4.166458786247135,0.05048217735884164,0.8194698482896475,0.5_0.6_0.6
9,512,4,16,chain,3,0.5,0.8,0.0,0.2,0.2,1.0,"0,1,4,5",8,-14.842385561804448,-0.0304372749288179,0.1121511028154929,0.0722136378802035,0.0174437491943184,0.2403642872895476,0.5025412058537352,induced,0.0893266171922065,1.4292258750753044,111.0850439882698,3.840599689294564e-05,113.5483870967742,0.0940129996891093,0.0381492100583877,4.710296070016507,4.732229064107005,0.0040854893464222,pos,0.9970544855015814,1,0.9247509249961328,31.01412749576853,0.1617252809249004,1.2549998332489114,papers/paper14_modular_spectral_action/results/sff_features_v3_N9_fixed/paper14_v3_sff_features.csv,sff_features_v3_N9_fixed,0.3571329515899266,-3.2662502276682046,0.027458794146264842,0.9427962292061031,0.5_0.8_0.2
9,512,4,16,grid,0,0.5,0.8,0.0,0.2,0.2,1.0,"0,2,4,6",12,-19.58973234649374,0.0538066478323158,0.1377142408094708,0.0417040286355189,0.0102127308712871,0.0512171411809408,0.5417006436249859,induced,0.0579187752152819,0.9267004034445115,70.26392961876833,0.0001482909377856,71.67155425219941,0.0595599377776295,0.0422070241091391,4.252258574945883,4.272093936002029,0.0036209635723132,pos,1.0,1,0.960710727238914,782.9266232313994,0.9206998237306436,1.1922429888705974,papers/paper14_modular_spectral_action/results/sff_features_v3_N9_fixed/paper14_v3_sff_features.csv,sff_features_v3_N9_fixed,-0.07612495503347134,-3.165168623707251,0.011700643624985907,0.9893612877904432,0.5_0.8_0.2
9,512,4,16,grid,2,0.5,0.8,0.0,0.2,0.2,1.0,"3,4,5,6",12,-19.65673539058537,-0.0015005711537953,0.1250881957881533,0.0436146378872142,0.0106225696297317,0.0575960687608566,0.5494759339298857,induced,0.0760623602858678,1.216997764573886,78.0058651026393,1.800092818855389e-05,79.29618768328446,0.0946589692825325,0.073346750474617,4.356784017486286,4.3731900528733965,0.0034934034931575,pos,1.0,1,0.991179671768844,53.63886743765039,0.4567081157636233,0.0064460945396339,papers/paper14_modular_spectral_action/results/sff_features_v3_N9_fixed/paper14_v3_sff_features.csv,sff_features_v3_N9_fixed,0.19638697717041315,-2.6125570770157065,0.01947593392988567,0.9708010241352888,0.5_0.8_0.2
9,512,4,16,grid,3,0.5,0.8,0.0,0.2,0.2,1.0,"2,3,5,8",12,-19.30662595383239,0.0539659241020438,0.1259118989165448,0.0465472139514058,0.0113840394310307,0.0890589644615517,0.4695333245907553,induced,0.0541576902439718,0.8665230439035497,32.84457478005865,0.0001986774997876,36.48093841642229,0.0548598899899364,0.0150318334347908,3.4917865799997,3.596789889009681,0.003930370818996,pos,1.0,1,0.973949912157317,28.9493751531782,0.1121845705606112,-6.093720896991654,papers/paper14_modular_spectral_action/results/sff_features_v3_N9_fixed/paper14_v3_sff_features.csv,sff_features_v3_N9_fixed,-0.14326657594634046,-4.1975850976408,0.06046667540924472,0.7515315435977395,0.5_0.8_0.2
9,512,4,16,er,1,0.5,0.8,0.0,0.2,0.2,1.0,"0,1,3,6",19,-26.7966450004107,-0.0611917998306538,0.2757878576352413,0.0311504200032268,0.008556565204948,0.0224428892148498,0.4558969096725621,induced,0.0557752241601221,0.8924035865619545,102.87390029325512,4.099726421089131e-05,108.1524926686217,0.06349841683279,0.0120216555960474,4.6335039692026125,4.683542200387023,0.004542539619774,pos,1.0,1,0.9635226700606376,63.35157965991655,0.4970253635396384,0.1938862780463962,papers/paper14_modular_spectral_action/results/sff_features_v3_N9_fixed/paper14_v3_sff_features.csv,sff_features_v3_N9_fixed,-0.1138367974247151,-4.421045622583924,0.07410309032743795,0.6511564701026958,0.5_0.8_0.2
9,512,4,16,er,2,0.5,0.8,0.0,0.2,0.2,1.0,"0,1,2,6",18,-25.554516234599127,-0.032467227896925,0.2543276246350432,0.0335439458079917,0.0088941326970546,0.0333112390340105,0.4648761474602506,induced,0.0555434658609514,0.8886954537752231,58.18181818181819,0.0001969035690038,64.04692082111437,0.0657184893664038,0.0111714303784567,4.0635729035553645,4.15961595257534,0.0034829659899014,pos,1.0,1,0.9621476192344524,36.9424941878843,0.2617834130325459,-0.7711534738988264,papers/paper14_modular_spectral_action/results/sff_features_v3_N9_fixed/paper14_v3_sff_features.csv,sff_features_v3_N9_fixed,-0.11800067384072911,-4.494395618731762,0.06512385253974945,0.7179630305447838,0.5_0.8_0.2
9,512,4,16,er,3,0.5,0.8,0.0,0.2,0.2,1.0,"0,5,7,8",20,-27.0374649433484,0.0552503906214805,0.1655933760663596,0.0333655420849176,0.009059067325476,0.0422924380263176,0.4991489922635964,induced,0.0545225502651661,0.8723608042426577,45.04398826979472,3.288396586909057e-05,47.3900293255132,0.0702019506308543,0.0299095646659499,3.807639529418169,3.858411854791591,0.0042246926266666,pos,1.0,1,0.9663381837072076,204.0853007641199,0.8244546491581439,0.4901154689621365,papers/paper14_modular_spectral_action/results/sff_features_v3_N9_fixed/paper14_v3_sff_features.csv,sff_features_v3_N9_fixed,-0.13655217431751834,-3.509576961245604,0.030851007736403646,0.9283391236380593,0.5_0.8_0.2
9,512,4,16,er,4,0.5,0.8,0.0,0.2,0.2,1.0,"2,5,7,8",15,-22.377872173725454,-0.0706885650209662,0.176779251933983,0.0351423243189136,0.0090210265580963,0.051501372492241,0.5489041940512769,induced,0.0551842565474634,0.8829481047594145,42.9325513196481,5.4268254308244056e-05,45.63049853372434,0.0602080831471084,0.0222961422591792,3.759630310231809,3.820576320448888,0.0031240726331115,pos,1.0,1,0.9888234639558184,60.83970192639665,0.3227257887356312,-0.9925528583629104,papers/paper14_modular_spectral_action/results/sff_features_v3_N9_fixed/paper14_v3_sff_features.csv,sff_features_v3_N9_fixed,-0.12448885161218151,-3.8033416083429743,0.018904194051276857,0.9724667267808946,0.5_0.8_0.2
9,512,4,16,grid,0,0.5,0.8,0.0,0.4,0.2,1.0,"0,2,4,6",12,-19.68321555521304,0.1076132956646316,0.2754284816189416,0.0413620522792239,0.0101285369774547,0.0499921370756044,0.520078224571916,induced,0.047227721028477,0.7556435364556329,43.87096774193549,1.4649854240382688e-05,47.976539589442815,0.0355750763305992,0.008661503877456,3.781252774244974,3.8707121328732415,0.0034275886833173,pos,1.0,1,0.9646616834812102,749.8813318089495,0.9071652150901288,1.143714059589517,papers/paper14_modular_spectral_action/results/sff_features_v3_N9_fixed/paper14_v3_sff_features.csv,sff_features_v3_N9_fixed,-0.2801855266244612,-4.748866913579732,0.009921775428084034,0.9923387460051345,0.5_0.8_0.4
9,512,4,16,grid,1,0.5,0.8,0.0,0.4,0.2,1.0,"2,3,4,7",12,-20.37080599894385,-0.0875409075778727,0.4309800901856908,0.0420700583952469,0.010262035656386,0.0418816439042691,0.4620228928442947,induced,0.0435884064160256,0.6974145026564111,40.58651026392962,1.9384903121221944e-06,45.395894428152495,0.0409054607863607,0.0085049396969222,3.703435751888168,3.815421669860224,0.004443791016407,pos,1.0,1,0.9721284453780006,40.00679318912675,0.2884694302881542,-0.8067249427184989,papers/paper14_modular_spectral_action/results/sff_features_v3_N9_fixed/paper14_v3_sff_features.csv,sff_features_v3_N9_fixed,-0.3603753496364573,-4.76710814346842,0.06797710715570532,0.6969742559080222,0.5_0.8_0.4
9,512,4,16,grid,2,0.5,0.8,0.0,0.4,0.2,1.0,"3,4,5,6",12,-19.70795578200933,-0.0030011423075907,0.2501763915763066,0.0432190471600469,0.0105229917953669,0.0579104308424464,0.5407376965822752,induced,0.0670108722008954,1.0721739552143263,117.30205278592376,6.71350448867216e-05,120.0,0.0672255544494253,0.0248924141488562,4.7647522558125655,4.787491742782055,0.0034684856895247,pos,1.0,1,0.990720283030996,54.51592486600631,0.4598417123496283,0.0213227962048548,papers/paper14_modular_spectral_action/results/sff_features_v3_N9_fixed/paper14_v3_sff_features.csv,sff_features_v3_N9_fixed,0.06968832113914453,-3.6931921745839005,0.010737696582275191,0.9910327812469863,0.5_0.8_0.4
9,512,4,16,grid,3,0.5,0.8,0.0,0.4,0.2,1.0,"2,3,5,8",12,-19.380282955690404,0.1079318482040876,0.2518237978330897,0.0462085995610436,0.0112990111797028,0.086879053480792,0.4674255011977742,induced,0.0497294949061183,0.7956719184978933,29.208211143695017,0.0001689404445254,36.71554252199414,0.0626611606298806,0.0083241590168773,3.3744498732951613,3.6032001673706,0.003909626152094,pos,1.0,1,0.9735767111315397,28.92619486955908,0.1136786379901861,-5.938403956360792,papers/paper14_modular_spectral_action/results/sff_features_v3_N9_fixed/paper14_v3_sff_features.csv,sff_features_v3_N9_fixed,-0.22856834079123114,-4.78859326721211,0.06257449880222582,0.7364575058127485,0.5_0.8_0.4
9,512,4,16,er,2,0.5,0.8,0.0,0.4,0.2,1.0,"0,1,2,6",18,-25.77031994818244,-0.06493445579385,0.5086552492700865,0.0331368274846777,0.00876373779392,0.033948640062668,0.4599139296706566,induced,0.0513933366295059,0.822293386072095,22.873900293255133,0.0001843755070044,23.6950146627566,0.0701818025275649,0.0852468664786113,3.12999653539421,3.1652646742316666,0.0034003948747929,pos,1.0,1,0.9614383304685986,36.99925133091338,0.2604574424348785,-0.7768714098069509,papers/paper14_modular_spectral_action/results/sff_features_v3_N9_fixed/paper14_v3_sff_features.csv,sff_features_v3_N9_fixed,-0.19565803024316117,-2.4622039203431947,0.07008607032934344,0.6812986838777748,0.5_0.8_0.4
9,512,4,16,er,3,0.5,0.8,0.0,0.4,0.2,1.0,"0,5,7,8",20,-27.11057189477936,0.1105007812429611,0.3311867521327192,0.0332324266995749,0.0090156182383029,0.0424141011630109,0.5160793845970576,induced,0.0531179492108637,0.8498871873738202,66.97947214076247,2.678889942560443e-05,68.97360703812318,0.0323450824218918,0.016206673663472,4.2043861864864445,4.233723924729061,0.0041868459680439,pos,1.0,1,0.9666868933949372,208.29325887322247,0.8300127690152522,0.5067894342126615,papers/paper14_modular_spectral_action/results/sff_features_v3_N9_fixed/paper14_v3_sff_features.csv,sff_features_v3_N9_fixed,-0.16265165904263337,-4.122332167038463,0.013920615402942427,0.9849746851151817,0.5_0.8_0.4
9,512,4,16,er,4,0.5,0.8,0.0,0.4,0.2,1.0,"2,5,7,8",15,-22.50392921670092,-0.1413771300419324,0.3535585038679661,0.0348931738671614,0.0089522333979461,0.0519732370864446,0.5632802787645589,induced,0.0505545435245679,0.8088726963930879,30.26392961876833,1.6147899603757155e-05,32.023460410557185,0.060375820222861,0.0343044137703845,3.40995656175207,3.4664687720154106,0.0030370113335248,pos,1.0,1,0.9876666546019603,61.213417301017074,0.319699774491253,-1.061531795385073,papers/paper14_modular_spectral_action/results/sff_features_v3_N9_fixed/paper14_v3_sff_features.csv,sff_features_v3_N9_fixed,-0.2121137335233499,-3.37248125173666,0.03328027876455886,0.9171085399240628,0.5_0.8_0.4
9,512,4,16,grid,0,0.5,0.8,0.0,0.6,0.2,1.0,"0,2,4,6",12,-19.837621134992773,0.1614199434969474,0.4131427224284124,0.040791858637772,0.0099881545861906,0.0479847851819264,0.4975882621784428,induced,0.0558365959376909,0.8933855350030552,27.56598240469208,6.220975896186861e-05,28.38709677419355,0.0729184897547446,0.0887285409948636,3.3165824909746147,3.345934702987141,0.0031980877538145,pos,1.0,1,0.9696742996382052,697.0817023978933,0.8847064265625101,1.0674612189890882,papers/paper14_modular_spectral_action/results/sff_features_v3_N9_fixed/paper14_v3_sff_features.csv,sff_features_v3_N9_fixed,-0.11273706114767273,-2.422173671470086,0.03241173782155721,0.9212056907768107,0.5_0.8_0.6
9,512,4,16,grid,1,0.5,0.8,0.0,0.6,0.2,1.0,"2,3,4,7",12,-20.70909523715124,-0.131311361366809,0.646470135278536,0.0409992006186498,0.0099942545437549,0.0425273255701865,0.4805536345481113,induced,0.0558444963489906,0.8935119415838506,41.40762463343109,2.301290620405625e-05,42.9325513196481,0.0616182051403416,0.0403922318304633,3.7234650337637407,3.759630310231809,0.0044034577805225,pos,1.0,1,0.9710792156746196,40.00749133170604,0.2890887334634295,-0.7623361523805812,papers/paper14_modular_spectral_action/results/sff_features_v3_N9_fixed/paper14_v3_sff_features.csv,sff_features_v3_N9_fixed,-0.11259557952081663,-3.2091177939276516,0.04944636545188874,0.8261233551125224,0.5_0.8_0.6
9,512,4,16,grid,2,0.5,0.8,0.0,0.6,0.2,1.0,"3,4,5,6",12,-19.793122782247917,-0.0045017134613861,0.37526458736446,0.0425797840988083,0.0103622083914513,0.0584285213680516,0.5098548524777662,induced,0.0570446346982372,0.9127141551717952,97.71260997067448,0.0001780713419261,100.41055718475074,0.0656852220732832,0.0242803678254268,4.582030618997273,4.609267352972172,0.0034278436766024,pos,1.0,1,0.9898955154805468,56.02101011921855,0.4650844661526863,0.0464873533795023,papers/paper14_modular_spectral_action/results/sff_features_v3_N9_fixed/paper14_v3_sff_features.csv,sff_features_v3_N9_fixed,-0.09133253046179339,-3.7180871635881756,0.02014514752223384,0.9687921089760835,0.5_0.8_0.6
9,512,4,16,grid,3,0.5,0.8,0.0,0.6,0.2,1.0,"2,3,5,8",12,-19.50188458983483,0.1618977723061314,0.3777356967496346,0.0456518735797595,0.0111593693880491,0.083385735719135,0.460981232852353,induced,0.0576200961119902,0.921921537791844,28.85630498533725,2.980173478059184e-05,37.18475073313783,0.0580805043020021,0.0069701723857121,3.362328512762817,3.615898750707727,0.0038911383089837,pos,1.0,1,0.972791327275685,28.91230334372974,0.1159991776334139,-5.706609836904282,papers/paper14_modular_spectral_action/results/sff_features_v3_N9_fixed/paper14_v3_sff_features.csv,sff_features_v3_N9_fixed,-0.08129515905560036,-4.966115321988705,0.06901876714764704,0.6892470660423966,0.5_0.8_0.6
9,512,4,16,er,1,0.5,0.8,0.0,0.6,0.2,1.0,"0,1,3,6",19,-27.341762387807776,-0.1835753994919614,0.8273635729057237,0.0297067560412341,0.008124841900979,0.0218702909336218,0.4925266417578994,induced,0.0580313166531784,0.9285010664508548,38.12316715542522,1.0253829965629572e-05,39.41348973607038,0.0745111545679213,0.0577381980719157,3.6408221591601833,3.674108136793649,0.004009020328457,pos,1.0,1,0.9724446906291252,72.0358398411807,0.521843984429366,0.3095845423262314,papers/paper14_modular_spectral_action/results/sff_features_v3_N9_fixed/paper14_v3_sff_features.csv,sff_features_v3_N9_fixed,-0.07418374961614836,-2.8518363128561433,0.03747335824210063,0.8960964446768394,0.5_0.8_0.6
9,512,4,16,er,2,0.5,0.8,0.0,0.6,0.2,1.0,"0,1,2,6",18,-26.12491872068917,-0.097401683690775,0.7629828739051298,0.0324830313341673,0.0085542175552384,0.0347909166177716,0.4567552363914683,induced,0.059662208175668,0.9545953308106888,74.95601173020528,0.0002609010127997,75.89442815249268,0.0855639106684295,0.0909010196642792,4.316901431207968,4.329343271331333,0.0032905880289061,pos,1.0,1,0.9600988276861306,37.0124232221052,0.2575776641542345,-0.7948213867881231,papers/paper14_modular_spectral_action/results/sff_features_v3_N9_fixed/paper14_v3_sff_features.csv,sff_features_v3_N9_fixed,-0.04646776567446229,-2.3979840604328047,0.07324476360853172,0.657622223916379,0.5_0.8_0.6
9,512,4,16,er,3,0.5,0.8,0.0,0.6,0.2,1.0,"0,5,7,8",20,-27.231773126179167,0.1657511718644417,0.4967801281990787,0.0330125662806586,0.0089438705034614,0.0426089333805468,0.5382434888791618,induced,0.0534025391103343,0.8544406257653501,66.158357771261,0.0001286526224356,67.80058651026394,0.0703338390305193,0.0427499438663506,4.192051228328493,4.216570845502812,0.0041009116503523,pos,1.0,1,0.9673992540916674,214.747643501886,0.8380841125955949,0.5297463892185379,papers/paper14_modular_spectral_action/results/sff_features_v3_N9_fixed/paper14_v3_sff_features.csv,sff_features_v3_N9_fixed,-0.15730826302395268,-3.1523873966680522,0.00824348887916182,0.994705074913548,0.5_0.8_0.6
9,512,4,16,er,4,0.5,0.8,0.0,0.6,0.2,1.0,"2,5,7,8",15,-22.71345911505392,-0.2120656950628986,0.5303377558019492,0.0345401103335033,0.0088526967116731,0.0527336152044866,0.5799541483458563,induced,0.0666916754086565,1.067066806538505,100.99706744868035,0.0004928740649989,107.33137829912025,0.0781811994241123,0.012264684697897,4.61509148125816,4.675921042105951,0.0028994215167916,pos,1.0,1,0.98505989356446,61.72750036652464,0.3140483669275649,-1.1924894304973443,papers/paper14_modular_spectral_action/results/sff_features_v3_N9_fixed/paper14_v3_sff_features.csv,sff_features_v3_N9_fixed,0.06491358192332888,-4.4010313090707776,0.04995414834585632,0.822872140509497,0.5_0.8_0.6
9,512,4,16,chain,2,0.7,0.4,0.0,0.2,0.2,1.0,"1,3,5,7",8,-12.549390516623706,-0.0166908633277139,0.1169251035127263,0.1793980401119408,0.0425522311879232,0.354719599458677,0.5941579508357054,induced,0.0660954910503609,1.0575278568057755,84.80938416422288,0.0002216459432153,86.21700879765396,0.0619888847847458,0.0438804759270039,4.440406198989196,4.456867476043268,0.0027638113783736,pos,1.0,1,0.970485438556491,38.771228094563085,0.3999505247237493,0.0722881034605908,papers/paper14_modular_spectral_action/results/sff_features_v3_N9_fixed/paper14_v3_sff_features.csv,sff_features_v3_N9_fixed,0.05593397372446917,-3.126285797530829,0.06415795083570541,0.7250015708385124,0.7_0.4_0.2
9,512,4,16,chain,3,0.7,0.4,0.0,0.2,0.2,1.0,"0,1,4,5",8,-11.84474585423941,-0.0304372749288179,0.1121511028154929,0.2068943356233571,0.0496977985156353,0.6633661605451444,0.5424548306041422,induced,0.0650897558598366,1.0414360937573868,49.97067448680352,4.200451387477394e-05,51.8475073313783,0.0676363540223487,0.0360151143474838,3.91143632309981,3.948306858908137,0.0015864670090602,pos,1.0,1,0.959819088458229,22.268268158951265,0.1829954936237551,0.0979262480496078,papers/paper14_modular_spectral_action/results/sff_features_v3_N9_fixed/paper14_v3_sff_features.csv,sff_features_v3_N9_fixed,0.04060062002582108,-3.3238165856497717,0.012454830604142209,0.987954169782346,0.7_0.4_0.2
9,512,4,16,chain,4,0.7,0.4,0.0,0.2,0.2,1.0,"1,4,6,8",8,-12.35886506839362,-0.0243083374874923,0.2470349206510918,0.1629658215236819,0.0383386670655834,0.3231594006790407,0.5618549764377158,induced,0.0680367156911358,1.0885874510581728,51.14369501466276,1.674089688319859e-05,53.02052785923754,0.079023949813103,0.0420960285006734,3.9346392201794735,3.9706791566626696,0.002410328483891,pos,1.0,1,0.9853096090978192,26.275083007470773,0.2509440525436624,-0.9179299701776252,papers/paper14_modular_spectral_action/results/sff_features_v3_N9_fixed/paper14_v3_sff_features.csv,sff_features_v3_N9_fixed,0.0848809393547646,-3.167801877644487,0.03185497643771573,0.9237844393529057,0.7_0.4_0.2
9,512,4,16,grid,0,0.7,0.4,0.0,0.2,0.2,1.0,"0,2,4,6",12,-16.43177909096778,0.0538066478323158,0.1377142408094708,0.1063557840891216,0.0270569861945878,0.1227656133207869,0.5046296023905,induced,0.0539936552914842,0.863898484663748,31.0850439882698,2.10068949368329e-05,38.94428152492669,0.0519626238756408,0.0066089893247836,3.4367268028166738,3.6621319457469337,0.0034678894581647,pos,1.0,1,0.9643195778711772,171.12773681461778,0.91099558659875,0.7373678322329384,papers/paper14_modular_spectral_action/results/sff_features_v3_N9_fixed/paper14_v3_sff_features.csv,sff_features_v3_N9_fixed,-0.14630001168325646,-5.019324537749537,0.025370397609499995,0.9509576885385799,0.7_0.4_0.2
9,512,4,16,grid,1,0.7,0.4,0.0,0.2,0.2,1.0,"2,3,4,7",12,-17.029885040224027,-0.0437704537889363,0.2154900450928454,0.1080107060348063,0.0273880540329716,0.0988425602276886,0.5946417251592067,induced,0.063925153179974,1.022802450879585,89.3841642228739,0.0002761933410115,93.2551319648094,0.0640592811129621,0.0164772976744205,4.492943532517077,4.535339091484762,0.0039981500947545,pos,1.0,1,0.9853584150913396,28.508648966304,0.3844633839365172,-0.2497042216868913,papers/paper14_modular_spectral_action/results/sff_features_v3_N9_fixed/paper14_v3_sff_features.csv,sff_features_v3_N9_fixed,0.022546360677218064,-4.105771744013074,0.06464172515920663,0.7214808634963787,0.7_0.4_0.2
9,512,4,16,grid,3,0.7,0.4,0.0,0.2,0.2,1.0,"2,3,5,8",12,-16.188722428352563,0.0539659241020438,0.1259118989165448,0.1177135271329469,0.0295907730460413,0.2056126679729402,0.469044385668718,induced,0.0617494524851074,0.987991239761719,20.175953079178885,0.0001372170012868,24.750733137829915,0.0621284745738971,0.0135506530976026,3.0044914536439222,3.2088551103065264,0.0053824160602622,pos,1.0,1,0.968342825281065,18.86759461742233,0.160161514537042,-2.401238017435532,papers/paper14_modular_spectral_action/results/sff_features_v3_N9_fixed/paper14_v3_sff_features.csv,sff_features_v3_N9_fixed,-0.012081447911514352,-4.301320533732903,0.06095561433128205,0.7480539125464483,0.7_0.4_0.2
9,512,4,16,er,0,0.7,0.4,0.0,0.2,0.2,1.0,"0,4,6,7",16,-19.489239068436444,-0.0044716392812183,0.1473056727306751,0.0875069673524752,0.0249399019534599,0.072492586079332,0.4683483504608255,induced,0.0491524214590619,0.7864387433449915,39.53079178885631,5.985182672955409e-05,41.05571847507331,0.0587074917037611,0.0384593176885918,3.677079907182807,3.714930131313903,0.00339775900034,pos,1.0,1,0.971698975844086,29.209268014324017,0.3727873696786532,0.0223363103366099,papers/paper14_modular_spectral_action/results/sff_features_v3_N9_fixed/paper14_v3_sff_features.csv,sff_features_v3_N9_fixed,-0.2402404446473438,-3.258154279785119,0.06165164953917451,0.743083145636899,0.7_0.4_0.2
9,512,4,16,er,2,0.7,0.4,0.0,0.2,0.2,1.0,"0,1,2,6",18,-22.422389386033636,-0.032467227896925,0.2543276246350432,0.0856903887415171,0.0249888761631588,0.0817185170184294,0.4511983877140768,induced,0.0723198464937349,1.157117543899759,26.39296187683285,3.820504524481876e-05,41.99413489736071,0.0789175743222013,0.0050559896472635,3.2730973790348776,3.737529963231144,0.004100713100346,pos,1.0,1,0.9792416186950068,26.379474636188057,0.3464235500589994,-0.1482028705351049,papers/paper14_modular_spectral_action/results/sff_features_v3_N9_fixed/paper14_v3_sff_features.csv,sff_features_v3_N9_fixed,0.1459320367416208,-5.2871816697537,0.07880161228592325,0.6156157137253745,0.7_0.4_0.2
9,512,4,16,chain,0,0.7,0.4,0.0,0.4,0.2,1.0,"3,4,6,8",8,-13.62964594541431,-0.1803089171947371,0.3622754049789548,0.1629700881103318,0.0383421852528625,0.2792389308224737,0.5690660796365952,induced,0.0605942479556303,0.969507967290086,92.08211143695016,5.95811295673603e-05,92.90322580645162,0.0719663510895365,0.0875721734155347,4.522680694612839,4.531558368644856,0.0015062721928961,pos,1.0,1,0.977307644658688,26.53924056013401,0.2757228068394118,-1.3059575802650218,papers/paper14_modular_spectral_action/results/sff_features_v3_N9_fixed/paper14_v3_sff_features.csv,sff_features_v3_N9_fixed,-0.030966586396027906,-2.435291986576656,0.03906607963659514,0.8876026175397644,0.7_0.4_0.4
9,512,4,16,chain,1,0.7,0.4,0.0,0.4,0.2,1.0,"0,3,6,8",8,-12.892438413495938,-0.0918369022658164,0.160568459111908,0.170952289996555,0.0403606576792007,0.3592297068486101,0.5858331522825218,induced,0.0536990875137297,0.8591854002196756,118.0058651026393,1.763341485245925e-05,120.0,0.0476182217717058,0.0238702950436574,4.770734327490112,4.787491742782055,0.0027844723281219,pos,1.0,1,0.9755646463635624,23.01587777100822,0.2014271044240921,-1.3660029994312997,papers/paper14_modular_spectral_action/results/sff_features_v3_N9_fixed/paper14_v3_sff_features.csv,sff_features_v3_N9_fixed,-0.15177054766744336,-3.73512047826969,0.055833152282521725,0.7838463520797139,0.7_0.4_0.4
9,512,4,16,chain,2,0.7,0.4,0.0,0.4,0.2,1.0,"1,3,5,7",8,-12.609936105042449,-0.0333817266554278,0.2338502070254526,0.1762254294247268,0.0417616535154162,0.3352660396430891,0.588314424299823,induced,0.074338906988543,1.1894225118166883,68.85630498533725,0.0001767263336146,69.56011730205279,0.0945539590647844,0.1340943181722039,4.232021796658531,4.242191375828159,0.002780292491691,pos,1.0,1,0.9671157991615416,39.39115685001772,0.4021056283267163,0.0964352536062148,papers/paper14_modular_spectral_action/results/sff_features_v3_N9_fixed/paper14_v3_sff_features.csv,sff_features_v3_N9_fixed,0.17346790514730098,-2.009211859672649,0.05831442429982292,0.7666923288647441,0.7_0.4_0.4
9,512,4,16,chain,4,0.7,0.4,0.0,0.4,0.2,1.0,"1,4,6,8",8,-12.590130906453997,-0.0486166749749846,0.4940698413021836,0.1563172134899842,0.0366628217780169,0.3121914172007455,0.5201197528515655,induced,0.0689274430056891,1.1028390880910266,48.91495601173021,6.182432389715864e-05,50.08797653958945,0.0997365398349169,0.0849726949731444,3.8900831986292417,3.913780990059064,0.0022846663005925,pos,1.0,1,0.9818297160344056,25.68124194716023,0.2263234994135382,-1.123026558286461,papers/paper14_modular_spectral_action/results/sff_features_v3_N9_fixed/paper14_v3_sff_features.csv,sff_features_v3_N9_fixed,0.09788784394544793,-2.4654253097090972,0.009880247148434496,0.9924025014707311,0.7_0.4_0.4
9,512,4,16,grid,0,0.7,0.4,0.0,0.4,0.2,1.0,"0,2,4,6",12,-16.54979018140301,0.1076132956646316,0.2754284816189416,0.1052391994522057,0.0267628229625188,0.1210612448486854,0.5074783746004053,induced,0.0571261872781152,0.9140189964498432,59.94134897360704,3.2231811234008595e-05,66.62756598240469,0.0587774659023775,0.0087860196601227,4.093366567034141,4.199118395551586,0.0033497104307286,pos,1.0,1,0.9659770355297056,174.9739212771936,0.9141595120349196,0.751658387165993,papers/paper14_modular_spectral_action/results/sff_features_v3_N9_fixed/paper14_v3_sff_features.csv,sff_features_v3_N9_fixed,-0.08990392388199565,-4.734593495766279,0.02252162539959468,0.9611480298387135,0.7_0.4_0.4
9,512,4,16,grid,3,0.7,0.4,0.0,0.4,0.2,1.0,"2,3,5,8",12,-16.28154018193459,0.1079318482040876,0.2518237978330897,0.1171488544380835,0.0294410133794733,0.200182239246767,0.5120835037744501,induced,0.064723402362312,1.0355744377969929,65.10263929618769,2.810941327920616e-05,67.21407624633432,0.0664214695244044,0.0314446330526301,4.175965090576869,4.207882693545174,0.0053012082787733,pos,1.0,1,0.9689366174286784,18.97800740799572,0.161819931145298,-2.363949154837185,papers/paper14_modular_spectral_action/results/sff_features_v3_N9_fixed/paper14_v3_sff_features.csv,sff_features_v3_N9_fixed,0.03495628511917921,-3.4595269605529277,0.017916496225549916,0.9752336551466363,0.7_0.4_0.4
9,512,4,16,er,0,0.7,0.4,0.0,0.4,0.2,1.0,"0,4,6,7",16,-19.567747352362623,-0.0089432785624367,0.2946113454613502,0.0864806544284737,0.0245951290226475,0.0724550012156764,0.482658212593016,induced,0.0548179138744838,0.8770866219917423,93.95894428152494,2.920945055158478e-05,95.48387096774194,0.064286403382567,0.0421378906361872,4.542857923898789,4.55895734283297,0.0033284173362943,pos,1.0,1,0.9709994173067936,29.117318759700098,0.3679159172395261,0.010800621315377,papers/paper14_modular_spectral_action/results/sff_features_v3_N9_fixed/paper14_v3_sff_features.csv,sff_features_v3_N9_fixed,-0.13114952068730612,-3.1668079279532186,0.047341787406984026,0.8393753852555903,0.7_0.4_0.4
9,512,4,16,er,2,0.7,0.4,0.0,0.4,0.2,1.0,"0,1,2,6",18,-22.668195397025684,-0.06493445579385,0.5086552492700865,0.0833990938225854,0.02417743860012,0.0787074173094174,0.4880608834017401,induced,0.066124403644362,1.057990458309792,74.36950146627566,0.0001006430761194,75.42521994134898,0.0613078170344472,0.057976795332749,4.309045931267659,4.323141701068052,0.0039110816053741,pos,1.0,1,0.9781283015150848,26.254502447809354,0.3364082041424258,-0.1698833751584088,papers/paper14_modular_spectral_action/results/sff_features_v3_N9_fixed/paper14_v3_sff_features.csv,sff_features_v3_N9_fixed,0.05637131478465721,-2.8477124289591065,0.04193911659825994,0.8716099656199763,0.7_0.4_0.4
9,512,4,16,er,3,0.7,0.4,0.0,0.4,0.2,1.0,"0,5,7,8",20,-24.001679470701585,0.1105007812429611,0.3311867521327192,0.0853237172106771,0.0257560029975117,0.1005577047604454,0.4557243931580553,induced,0.0886108314375899,1.4177733030014388,4.457478005865103,1.0705893335346244e-05,14.3108504398827,0.1084303553285209,0.011003303707559,1.4945831365570297,2.6610180215637462,0.0051520011113382,pos,1.0,1,0.9698744796742668,78.91516588706601,0.8836310738484056,0.4958311265082352,papers/paper14_modular_spectral_action/results/sff_features_v3_N9_fixed/paper14_v3_sff_features.csv,sff_features_v3_N9_fixed,0.3490875443852359,-4.509559714225092,0.07427560684194473,0.6498555715371754,0.7_0.4_0.4
9,512,4,16,chain,0,0.7,0.4,0.0,0.6,0.2,1.0,"3,4,6,8",8,-14.248833038988233,-0.2704633757921057,0.5434131074684323,0.1566701945567217,0.0368972184896869,0.2699620145280517,0.543718780264993,induced,0.0627763317282162,1.0044213076514596,72.25806451612904,1.5276223239553765e-06,79.88269794721408,0.0724051172995077,0.0094960092615075,4.280243940363953,4.380559282979944,0.0015816551608899,pos,1.0,1,0.9757673479126824,26.34324361797514,0.2647151977089547,-1.4407871888544068,papers/paper14_modular_spectral_action/results/sff_features_v3_N9_fixed/paper14_v3_sff_features.csv,sff_features_v3_N9_fixed,0.004411562384774873,-4.656883646369065,0.013718780264992958,0.9854040584403031,0.7_0.4_0.6
9,512,4,16,chain,1,0.7,0.4,0.0,0.6,0.2,1.0,"0,3,6,8",8,-13.012077242687589,-0.1377553533987246,0.240852688667862,0.1692823499029485,0.0399959935788345,0.3630078269759736,0.547581642053846,induced,0.0538549946915224,0.8616799150643596,7.976539589442815,3.0522272913788e-05,9.266862170087975,0.071927307074667,0.0557200082213587,2.0765046820066515,2.226444829297549,0.0027826671420957,pos,1.0,1,0.9765849094079344,23.23495990785212,0.1970575837870481,-1.5170202882961303,papers/paper14_modular_spectral_action/results/sff_features_v3_N9_fixed/paper14_v3_sff_features.csv,sff_features_v3_N9_fixed,-0.14887140550944472,-2.887415982522828,0.017581642053845936,0.9761397249781513,0.7_0.4_0.6
9,512,4,16,chain,2,0.7,0.4,0.0,0.6,0.2,1.0,"1,3,5,7",8,-12.71138633722499,-0.0500725899831417,0.3507753105381789,0.1710700149486942,0.0404805874657467,0.3141231523654804,0.5416204374976029,induced,0.0777056448767939,1.2432903180287025,7.507331378299121,7.0764394962121934e-06,12.903225806451614,0.1047723082977003,0.0194157304693737,2.0158800601902245,2.557477342622913,0.0028263683799127,pos,1.0,1,0.9605292446999872,40.23933462426527,0.4042952759392581,0.1295273056821086,papers/paper14_modular_spectral_action/results/sff_features_v3_N9_fixed/paper14_v3_sff_features.csv,sff_features_v3_N9_fixed,0.21776134762937607,-3.9416716925364685,0.011620437497602887,0.9895058760078236,0.7_0.4_0.6
9,512,4,16,chain,3,0.7,0.4,0.0,0.6,0.2,1.0,"0,1,4,5",8,-12.155062867114392,-0.0913118247864539,0.3364533084464788,0.2003625870508261,0.0481435030661992,0.6405396597832709,0.5701234466739887,induced,0.0646801874820682,1.0348829997130922,5.6304985337243405,9.410244931175934e-06,20.762463343108507,0.0820877087630714,0.005424166626877,1.728197987738488,3.033146709404297,0.00157592508132,pos,1.0,1,0.9558823783396676,21.931712523919224,0.1897638909576386,0.6013960117596051,papers/paper14_modular_spectral_action/results/sff_features_v3_N9_fixed/paper14_v3_sff_features.csv,sff_features_v3_N9_fixed,0.034288376571939,-5.216891008521469,0.040123446673988705,0.8818152321619103,0.7_0.4_0.6
9,512,4,16,grid,1,0.7,0.4,0.0,0.6,0.2,1.0,"2,3,4,7",12,-17.660269228013306,-0.131311361366809,0.646470135278536,0.1012393283661609,0.0254734417906044,0.1023364089933927,0.5524157232504993,induced,0.0605978244652768,0.9695651914444297,10.322580645161292,3.748784561032106e-05,13.958944281524928,0.0668472061608273,0.0183726725366847,2.334333791308723,2.6361204699420204,0.0041222709925861,pos,1.0,1,0.9833009370589432,27.84670573292989,0.3681812863085816,-0.2514278354659547,papers/paper14_modular_spectral_action/results/sff_features_v3_N9_fixed/paper14_v3_sff_features.csv,sff_features_v3_N9_fixed,-0.03090756422442756,-3.996890906576104,0.02241572325049923,0.9615054452422602,0.7_0.4_0.6
9,512,4,16,grid,3,0.7,0.4,0.0,0.6,0.2,1.0,"2,3,5,8",12,-16.43299645865234,0.1618977723061314,0.3777356967496346,0.1161731486258393,0.0291814818593579,0.1945040836687176,0.5112984540251156,induced,0.061973083784198,0.9915693405471696,50.08797653958945,1.6861779511283335e-05,50.909090909090914,0.0923181973353966,0.1124098408019891,3.913780990059064,3.930041510930844,0.005196093114861,pos,1.0,1,0.9696037341728724,19.17132079867121,0.1644027406554972,-2.309325581579618,papers/paper14_modular_spectral_action/results/sff_features_v3_N9_fixed/paper14_v3_sff_features.csv,sff_features_v3_N9_fixed,-0.0084663984730002,-2.1856037937358455,0.01870154597488438,0.97304587629375,0.7_0.4_0.6
9,512,4,16,grid,4,0.7,0.4,0.0,0.6,0.2,1.0,"1,3,5,7",12,-16.8995999637527,-0.1066661617013568,0.5906127710009499,0.1062577613431557,0.0265458408199306,0.1714522144924896,0.528296189249281,induced,0.0505089177551613,0.8081426840825815,18.181818181818183,1.5953084453534807e-05,20.762463343108507,0.0600853135644302,0.0232768771859909,2.900422093749721,3.033146709404297,0.0040391123063899,pos,1.0,1,0.9647862927197974,134.57164412933002,0.7877859600267455,0.1069337368888277,papers/paper14_modular_spectral_action/results/sff_features_v3_N9_fixed/paper14_v3_sff_features.csv,sff_features_v3_N9_fixed,-0.21301664683996538,-3.760294806611911,0.0017038107507190148,0.9997732311007776,0.7_0.4_0.6
9,512,4,16,er,0,0.7,0.4,0.0,0.6,0.2,1.0,"0,4,6,7",16,-19.698318249044902,-0.013414917843655,0.4419170181920253,0.0848338935711565,0.0240415718009274,0.0724103659093887,0.5184606182550343,induced,0.0507018782428008,0.8112300518848141,30.498533724340177,3.635582081336849e-05,37.41935483870968,0.0583824256529208,0.0084305126325206,3.41767860784598,3.6221880796152903,0.0032401235094105,pos,1.0,1,0.9696350024804278,28.94584049493974,0.3597778165490845,-0.0104953520408185,papers/paper14_modular_spectral_action/results/sff_features_v3_N9_fixed/paper14_v3_sff_features.csv,sff_features_v3_N9_fixed,-0.20920360062232182,-4.775897698316593,0.011539381744965715,0.9896510066988555,0.7_0.4_0.6
9,512,4,16,er,2,0.7,0.4,0.0,0.6,0.2,1.0,"0,1,2,6",18,-23.06791783989371,-0.097401683690775,0.7629828739051298,0.0799672182320764,0.0229640887929582,0.0744572081915479,0.5410553247862452,induced,0.0600970676480596,0.9615530823689548,9.149560117302054,0.0001403846805725,13.255131964809385,0.0675321063370495,0.0164146979177561,2.2137058035201207,2.584384795542836,0.0036831336494431,pos,1.0,1,0.9760531370296568,26.049989571486314,0.3211582947092929,-0.209934784292699,papers/paper14_modular_spectral_action/results/sff_features_v3_N9_fixed/paper14_v3_sff_features.csv,sff_features_v3_N9_fixed,-0.03920550760517328,-4.1095781310150885,0.011055324786245158,0.9904969881314769,0.7_0.4_0.6
9,512,4,16,er,3,0.7,0.4,0.0,0.6,0.2,1.0,"0,5,7,8",20,-24.141780095998897,0.1657511718644417,0.4967801281990787,0.0847068005521355,0.0255190872829992,0.1012020952438546,0.5040718140560254,induced,0.0775386980501804,1.2406191688028865,89.73607038123167,4.876629701949682e-05,91.37829912023462,0.0785759541124087,0.0478174482947276,4.496872810656966,4.515008022701179,0.0051421075108893,pos,1.0,1,0.9691920764857832,80.01249401788841,0.8868853028727992,0.5004546497771843,papers/paper14_modular_spectral_action/results/sff_features_v3_N9_fixed/paper14_v3_sff_features.csv,sff_features_v3_N9_fixed,0.2156105846731119,-3.0403646790045538,0.025928185943974613,0.9488342451159998,0.7_0.4_0.6
9,512,4,16,chain,0,0.7,0.6,0.0,0.2,0.2,1.0,"3,4,6,8",8,-14.853810205785422,-0.0901544585973685,0.1811377024894774,0.1305745623771625,0.0307603178231254,0.2197815519974891,0.4573543324138858,induced,0.0593325546939608,0.9493208751033734,108.0351906158358,0.0001095594539048,108.73900293255132,0.0702447327839457,0.0996503921064331,4.682457013085736,4.688950542396284,0.0013301215646802,pos,1.0,1,0.977426166836332,31.407128883819755,0.268519158279324,-1.568109631773882,papers/paper14_modular_spectral_action/results/sff_features_v3_N9_fixed/paper14_v3_sff_features.csv,sff_features_v3_N9_fixed,-0.05200841833998098,-2.306087297494817,0.07264566758611424,0.6621280388333389,0.7_0.6_0.2
9,512,4,16,chain,1,0.7,0.6,0.0,0.2,0.2,1.0,"0,3,6,8",8,-14.488831082893826,-0.0459184511329082,0.080284229555954,0.1334638229387781,0.0315674032406881,0.2650685952703295,0.4858520657518611,induced,0.0571103945424508,0.9137663126792132,23.81231671554252,8.575651459814504e-05,31.90615835777126,0.0772730133279184,0.0095365415120805,3.1702029558722487,3.462799043126448,0.003068061203015,pos,1.0,1,0.972884476483732,27.136885462725832,0.1750909900641868,-2.3986426153864437,papers/paper14_modular_spectral_action/results/sff_features_v3_N9_fixed/paper14_v3_sff_features.csv,sff_features_v3_N9_fixed,-0.09018041562419069,-4.652624384189145,0.044147934248138954,0.8587574520585589,0.7_0.6_0.2
9,512,4,16,chain,2,0.7,0.6,0.0,0.2,0.2,1.0,"1,3,5,7",8,-14.214169283889396,-0.0166908633277139,0.1169251035127263,0.1376906581140979,0.0327401768764312,0.2661540953850991,0.5502958656481725,induced,0.0628253562798758,1.0052057004780133,57.2434017595308,6.221880044815366e-05,61.58357771260997,0.0619353225235568,0.0142558975470135,4.047312382683584,4.120395239422059,0.0027866154354067,pos,1.0,1,0.9595283133994574,56.6888182746838,0.4294731748731848,0.2050358577978593,papers/paper14_modular_spectral_action/results/sff_features_v3_N9_fixed/paper14_v3_sff_features.csv,sff_features_v3_N9_fixed,0.00519219766009121,-4.25058459493681,0.02029586564817243,0.9683308925806423,0.7_0.6_0.2
9,512,4,16,chain,3,0.7,0.6,0.0,0.2,0.2,1.0,"0,1,4,5",8,-13.474774931976336,-0.0304372749288179,0.1121511028154929,0.1545419812057449,0.0371591809692697,0.4944997818871978,0.5419887166010111,induced,0.0621051674770546,0.9936826796328746,96.89149560117302,4.9518219834602754e-05,97.71260997067448,0.0787270143684532,0.0958179506667098,4.573591750351408,4.582030618997273,0.0020747661012291,pos,1.0,1,0.9507765485321796,24.91604690912008,0.1829050453980651,0.53515592630521,papers/paper14_modular_spectral_action/results/sff_features_v3_N9_fixed/paper14_v3_sff_features.csv,sff_features_v3_N9_fixed,-0.006337359073968705,-2.3453052350788766,0.011988716601011085,0.9888339546948005,0.7_0.6_0.2
9,512,4,16,chain,4,0.7,0.6,0.0,0.2,0.2,1.0,"1,4,6,8",8,-14.034724459363373,-0.0243083374874923,0.2470349206510918,0.1250454749232473,0.0294948532516606,0.2371329711492525,0.4992127421584227,induced,0.0645725625720522,1.0331610011528365,44.57478005865103,7.535715149550637e-05,53.72434017595308,0.0770305869461318,0.0084108119743496,3.7971682295508735,3.9838661609446233,0.0026077486966962,pos,1.0,1,0.9809978155766688,31.913351928779367,0.2436053524244254,-1.1430945125339478,papers/paper14_modular_spectral_action/results/sff_features_v3_N9_fixed/paper14_v3_sff_features.csv,sff_features_v3_N9_fixed,0.03262303583691458,-4.778237260983654,0.03078725784157732,0.9286241553815853,0.7_0.6_0.2
9,512,4,16,grid,0,0.7,0.6,0.0,0.2,0.2,1.0,"0,2,4,6",12,-18.156345657994727,0.0538066478323158,0.1377142408094708,0.0887250602576308,0.0223545215142044,0.1034366840337338,0.5242542996501304,induced,0.0549428174174196,0.879085078678715,41.524926686217015,9.930246888075668e-07,44.69208211143695,0.0376901016575399,0.0118999870775946,3.7262938899642175,3.799796351957143,0.0036634551752135,pos,1.0,1,0.9600625565266674,239.34828565040144,0.920497911161902,0.8380164919219728,papers/paper14_modular_spectral_action/results/sff_features_v3_N9_fixed/paper14_v3_sff_features.csv,sff_features_v3_N9_fixed,-0.12887359567513412,-4.431217964781663,0.0057457003498696535,0.9974241768503412,0.7_0.6_0.2
9,512,4,16,grid,3,0.7,0.6,0.0,0.2,0.2,1.0,"2,3,5,8",12,-17.90370740291651,0.0539659241020438,0.1259118989165448,0.0977689110790772,0.0244011964977028,0.1743828643313791,0.5241159916603392,induced,0.0591850007375588,0.9469600118009412,51.37829912023461,5.7552103724489386e-05,51.73020527859238,0.0421898563659379,0.11972596461179,3.939215887206885,3.946041852277285,0.004511069712453,pos,1.0,1,0.9742693500436506,20.84734750638244,0.1550832631433496,-2.745034519827018,papers/paper14_modular_spectral_action/results/sff_features_v3_N9_fixed/paper14_v3_sff_features.csv,sff_features_v3_N9_fixed,-0.0544984128745774,-2.1225497758906187,0.005884008339660851,0.9972988457825276,0.7_0.6_0.2
9,512,4,16,er,0,0.7,0.6,0.0,0.2,0.2,1.0,"0,4,6,7",16,-21.230647147646657,-0.0044716392812183,0.1473056727306751,0.0750214325616157,0.021019226822705,0.0627693569288435,0.5781384835091175,induced,0.0505756070133272,0.8092097122132352,111.78885630498534,8.664731561434752e-05,115.19061583577714,0.0442788329848986,0.0129909787182982,4.71661188048463,4.746588285184894,0.0028505903261206,pos,1.0,1,0.970768759187569,32.31783315062014,0.3633455515763433,0.0256347751517875,papers/paper14_modular_spectral_action/results/sff_features_v3_N9_fixed/paper14_v3_sff_features.csv,sff_features_v3_N9_fixed,-0.21169717151979783,-4.343500107157998,0.048138483509117425,0.8344018780035191,0.7_0.6_0.2
9,512,4,16,er,1,0.7,0.6,0.0,0.2,0.2,1.0,"0,1,3,6",19,-25.40358959054312,-0.0611917998306538,0.2757878576352413,0.0705592736468761,0.0212163020225129,0.0487966139458225,0.4535542893142424,induced,0.0633276131859992,1.0132418109759882,106.74486803519062,9.904120508557792e-06,109.79472140762464,0.0787510211131844,0.0258180008600985,4.670441576341324,4.69861245330802,0.0051087204923297,pos,1.0,1,0.9716208527718464,40.32289559956697,0.5659949890455214,0.2597407529411291,papers/paper14_modular_spectral_action/results/sff_features_v3_N9_fixed/paper14_v3_sff_features.csv,sff_features_v3_N9_fixed,0.013154904555292895,-3.656683322583711,0.07644571068575762,0.6334600557078837,0.7_0.6_0.2
9,512,4,16,er,2,0.7,0.6,0.0,0.2,0.2,1.0,"0,1,2,6",18,-24.160807602718062,-0.032467227896925,0.2543276246350432,0.0745402371595526,0.0213966982818237,0.0684294026380659,0.5649912119860708,induced,0.0540253368403258,0.8644053894452132,85.74780058651027,8.934963912178807e-06,92.55131964809384,0.0345760012778286,0.0050807627642437,4.451410436580209,4.527763297676304,0.0038152145007106,pos,1.0,1,0.9753981286658696,28.204310220588507,0.3319537341328638,-0.1943330131172375,papers/paper14_modular_spectral_action/results/sff_features_v3_N9_fixed/paper14_v3_sff_features.csv,sff_features_v3_N9_fixed,-0.14571341947155803,-5.282293878221522,0.0349912119860708,0.908777425173002,0.7_0.6_0.2
9,512,4,16,er,4,0.7,0.6,0.0,0.2,0.2,1.0,"2,5,7,8",15,-20.950084582066,-0.0706885650209662,0.176779251933983,0.0764869360982463,0.0208459313789601,0.1049271480011332,0.5201102646221089,induced,0.0817800087186565,1.308480139498505,45.747800586510266,0.0001220734301466,67.33137829912023,0.0965153273962948,0.0044660461416381,3.8231437159541337,4.209626373150001,0.0034673954673219,pos,1.0,1,0.9926070922884194,43.44447251028458,0.3993007909031696,-0.4124991591798375,papers/paper14_modular_spectral_action/results/sff_features_v3_N9_fixed/paper14_v3_sff_features.csv,sff_features_v3_N9_fixed,0.2688662648052446,-5.411251793858004,0.009889735377891173,0.992387958063578,0.7_0.6_0.2
9,512,4,16,chain,0,0.7,0.6,0.0,0.4,0.2,1.0,"3,4,6,8",8,-15.217185388379775,-0.1803089171947371,0.3622754049789548,0.127826226812577,0.0301118350566344,0.2157110058735795,0.4542907548252223,induced,0.0724264466379531,1.1588231462072505,116.0117302052786,0.0004262194822728,116.950146627566,0.0836182417110167,0.0886514986875052,4.75369130845314,4.761747746792266,0.0013385689046598,pos,1.0,1,0.976971081631492,30.932394395908084,0.2617971955183587,-1.6408755500196106,papers/paper14_modular_spectral_action/results/sff_features_v3_N9_fixed/paper14_v3_sff_features.csv,sff_features_v3_N9_fixed,0.14740496100357348,-2.423042340936402,0.07570924517477773,0.6390299912704147,0.7_0.6_0.4
9,512,4,16,chain,1,0.7,0.6,0.0,0.4,0.2,1.0,"0,3,6,8",8,-14.55197511067053,-0.0918369022658164,0.160568459111908,0.1327152631630763,0.0313980572870014,0.2660644238342052,0.4677682847421208,induced,0.0588227001624621,0.9411632025993936,23.6950146627566,5.267563633618894e-05,34.48680351906159,0.0701330035775373,0.0064938564749862,3.1652646742316666,3.5405767441691305,0.0030828270772312,pos,1.0,1,0.9729399325870176,27.258856247096237,0.1731394294816393,-2.4950590854312487,papers/paper14_modular_spectral_action/results/sff_features_v3_N9_fixed/paper14_v3_sff_features.csv,sff_features_v3_N9_fixed,-0.060638719153946176,-5.036898706718153,0.06223171525787924,0.738923090204308,0.7_0.6_0.4
9,512,4,16,chain,2,0.7,0.6,0.0,0.4,0.2,1.0,"1,3,5,7",8,-14.271603777187256,-0.0333817266554278,0.2338502070254526,0.135445870436285,0.0321841671977257,0.2525274584897568,0.5385412169009132,induced,0.0622391032655155,0.9958256522482486,34.369501466275665,6.425575764266585e-05,34.95601173020528,0.0751995236634179,0.1281056317793469,3.5371695858475163,3.5540904633358528,0.0028209840406093,pos,1.0,1,0.9556679606949836,57.44254924580116,0.4310539682823373,0.2252625865107797,papers/paper14_modular_spectral_action/results/sff_features_v3_N9_fixed/paper14_v3_sff_features.csv,sff_features_v3_N9_fixed,-0.0041830846637437545,-2.054900107116506,0.00854121690091314,0.9943168056298634,0.7_0.6_0.4
9,512,4,16,chain,3,0.7,0.6,0.0,0.4,0.2,1.0,"0,1,4,5",8,-13.57712683805488,-0.0608745498576359,0.2243022056309859,0.1530665515744426,0.0368081168455026,0.4906218639379869,0.4845120224278386,induced,0.0624064250469977,0.9985028007519634,38.0058651026393,0.0001318283456191,38.70967741935484,0.0595362509196318,0.0844037837405764,3.637740492622776,3.656089631290971,0.0020961511333265,pos,1.0,1,0.9496546706391517,24.83244238607361,0.1847981696836252,0.6827595729400642,papers/paper14_modular_spectral_action/results/sff_features_v3_N9_fixed/paper14_v3_sff_features.csv,sff_features_v3_N9_fixed,-0.0014983211707985291,-2.472143047335624,0.04548797757216144,0.8507365114715891,0.7_0.6_0.4
9,512,4,16,chain,4,0.7,0.6,0.0,0.4,0.2,1.0,"1,4,6,8",8,-14.251390816198333,-0.0486166749749846,0.4940698413021836,0.1201514179908317,0.0282884391720627,0.2320833865078244,0.4566128209818291,induced,0.0537842689312817,0.8605483029005084,88.56304985337243,7.700742789153761e-05,93.02052785923756,0.0722187799793967,0.0161844371316205,4.483714726079455,4.532820198465278,0.0025357367657167,pos,1.0,1,0.9775251599591356,30.96532300407709,0.2219321180486365,-1.3813979887572696,papers/paper14_modular_spectral_action/results/sff_features_v3_N9_fixed/paper14_v3_sff_features.csv,sff_features_v3_N9_fixed,-0.1501855313783604,-4.123705169371443,0.07338717901817093,0.6565502163138773,0.7_0.6_0.4
9,512,4,16,grid,0,0.7,0.6,0.0,0.4,0.2,1.0,"0,2,4,6",12,-18.263370165306007,0.1076132956646316,0.2754284816189416,0.0878169192617272,0.0221167044916108,0.1018945683555425,0.5954308209056312,induced,0.0680195491795362,1.0883127868725797,38.240469208211145,1.4192752760244184e-05,39.53079178885631,0.0926739058947235,0.0718112776850215,3.643894358197153,3.677079907182807,0.003385578256712,pos,1.0,1,0.9636800135043196,244.32694748784488,0.9226629907411962,0.8492540618577031,papers/paper14_modular_spectral_action/results/sff_features_v3_N9_fixed/paper14_v3_sff_features.csv,sff_features_v3_N9_fixed,0.08462859505136955,-2.633713744440262,0.06543082090563113,0.7157186398583953,0.7_0.6_0.4
9,512,4,16,grid,3,0.7,0.6,0.0,0.4,0.2,1.0,"2,3,5,8",12,-17.987674015163133,0.1079318482040876,0.2518237978330897,0.0971184898123698,0.0242298395303184,0.1700380984270231,0.5399199376492382,induced,0.068513131317411,1.0962101010785767,99.47214076246335,9.841274242110093e-06,100.76246334310852,0.0888842766515415,0.0688776874174075,4.599877612622333,4.6127658988146845,0.0044776013605945,pos,1.0,1,0.9744352946444276,20.96473610152466,0.156175763092779,-2.7170097827253974,papers/paper14_modular_spectral_action/results/sff_features_v3_N9_fixed/paper14_v3_sff_features.csv,sff_features_v3_N9_fixed,0.09185886821849254,-2.6754229935057334,0.009919937649238153,0.9923415729869254,0.7_0.6_0.4
9,512,4,16,grid,4,0.7,0.6,0.0,0.4,0.2,1.0,"1,3,5,7",12,-18.2962027455833,-0.0711107744675712,0.3937418473339666,0.091265499606947,0.0227549214830091,0.135301612716764,0.4670767576682947,induced,0.0779262038898117,1.2468192622369876,31.319648093841643,0.0002120412278205,43.98826979472141,0.0791102517326595,0.0062278448569791,3.444245635230701,3.783923002800853,0.0037663578840472,pos,1.0,1,0.9707176724496334,177.18805430798506,0.8055506875895109,0.1612810092745313,papers/paper14_modular_spectral_action/results/sff_features_v3_N9_fixed/paper14_v3_sff_features.csv,sff_features_v3_N9_fixed,0.22059571813160536,-5.078724935889204,0.06292324233170532,0.7339436664674622,0.7_0.6_0.4
9,512,4,16,er,0,0.7,0.6,0.0,0.4,0.2,1.0,"0,4,6,7",16,-21.3049014762846,-0.0089432785624367,0.2946113454613502,0.0742738707797367,0.020777211741499,0.0627688338278027,0.5749302710761934,induced,0.0516075959826334,0.8257215357221351,34.83870967741936,1.7345585548857263e-05,42.58064516129033,0.057540012567572,0.0074300111518446,3.550729115633148,3.7513998110952937,0.0028514125891223,pos,1.0,1,0.9697147182549049,32.16424189745222,0.3589927797266977,0.0124721608090042,papers/paper14_modular_spectral_action/results/sff_features_v3_N9_fixed/paper14_v3_sff_features.csv,sff_features_v3_N9_fixed,-0.19149768612325085,-4.902227919332384,0.04493027107619341,0.8540946812558917,0.7_0.6_0.4
9,512,4,16,er,2,0.7,0.6,0.0,0.4,0.2,1.0,"0,1,2,6",18,-24.391814391357364,-0.06493445579385,0.5086552492700865,0.0728525252335308,0.0208150932379228,0.0664993182332367,0.5659915765243554,induced,0.0529050413036553,0.8464806608584854,99.58944281524928,2.136223326335861e-05,100.52785923753666,0.0719476661669745,0.076646467629361,4.601056163141777,4.6104348954282095,0.0037011385879475,pos,1.0,1,0.9741868661871552,28.081860795887145,0.3242845804841181,-0.2155053630166876,papers/paper14_modular_spectral_action/results/sff_features_v3_N9_fixed/paper14_v3_sff_features.csv,sff_features_v3_N9_fixed,-0.16666792367289154,-2.568551759144224,0.03599157652435536,0.9037498933722454,0.7_0.6_0.4
9,512,4,16,er,4,0.7,0.6,0.0,0.4,0.2,1.0,"2,5,7,8",15,-21.09442091060332,-0.1413771300419324,0.3535585038679661,0.0756232214187442,0.0205947989395594,0.104648237093435,0.5332700081621963,induced,0.0848447726796081,1.3575163628737306,9.501466275659824,0.0001364818333986,21.11436950146628,0.0908798204613732,0.0078140097151867,2.251446131502964,3.049953827720677,0.0033459941946867,pos,1.0,1,0.9913075965525024,43.97195663502409,0.3957871316355156,-0.4557957110502759,papers/paper14_modular_spectral_action/results/sff_features_v3_N9_fixed/paper14_v3_sff_features.csv,sff_features_v3_N9_fixed,0.30565682643561454,-4.851837039044848,0.0032700081621962473,0.999164961855683,0.7_0.6_0.4
9,512,4,16,chain,0,0.7,0.6,0.0,0.6,0.2,1.0,"3,4,6,8",8,-15.762119827193242,-0.2704633757921057,0.5434131074684323,0.1238387169144532,0.0291799508777798,0.2091990448479168,0.4853832460645138,induced,0.0622572846548984,0.9961165544783754,35.5425219941349,6.621082936744326e-05,40.821114369501466,0.0641884263204284,0.012147597490251,3.570729782339817,3.7091994566049182,0.0013541526867126,pos,1.0,1,0.976156982987866,30.651474187817943,0.2538136293725144,-1.7553311786475492,papers/paper14_modular_spectral_action/results/sff_features_v3_N9_fixed/paper14_v3_sff_features.csv,sff_features_v3_N9_fixed,-0.0038910056754954342,-4.4106238661761035,0.04461675393548625,0.8559700421705201,0.7_0.6_0.6
9,512,4,16,chain,1,0.7,0.6,0.0,0.6,0.2,1.0,"0,3,6,8",8,-14.655907283041904,-0.1377553533987246,0.240852688667862,0.1315065590035394,0.0311243423431849,0.2676011838436291,0.4656467204343383,induced,0.0542414540042909,0.8678632640686559,23.577712609970675,4.33163814334434e-07,34.83870967741936,0.0659930998674,0.0058602862880007,3.1603018848895377,3.550729115633148,0.0030933670230262,pos,1.0,1,0.9730934210638608,27.46462625088289,0.1699289997821385,-2.659366067276874,papers/paper14_modular_spectral_action/results/sff_features_v3_N9_fixed/paper14_v3_sff_features.csv,sff_features_v3_N9_fixed,-0.14172110660574125,-5.139556821978935,0.06435327956566173,0.7235811716667013,0.7_0.6_0.6
9,512,4,16,chain,2,0.7,0.6,0.0,0.6,0.2,1.0,"1,3,5,7",8,-14.367698723457318,-0.0500725899831417,0.3507753105381789,0.1318156139625042,0.0312868765868765,0.2326894929578461,0.5008474230058979,induced,0.0700184029906518,1.120294447850429,71.90615835777126,0.0001167726664079,77.06744868035192,0.0933212424546897,0.0180583660214795,4.275361912766645,4.344680995315043,0.0028762401368623,pos,1.0,1,0.9487339767512144,58.36451181287204,0.4321309543753306,0.2499196636429659,papers/paper14_modular_spectral_action/results/sff_features_v3_N9_fixed/paper14_v3_sff_features.csv,sff_features_v3_N9_fixed,0.11359155062134352,-4.014146210087542,0.02915257699410212,0.9357599414266107,0.7_0.6_0.6
9,512,4,16,chain,4,0.7,0.6,0.0,0.6,0.2,1.0,"1,4,6,8",8,-14.613654059308374,-0.072925012462477,0.7411047619532752,0.1122478934903659,0.0263958948383571,0.2240197569504944,0.4849829637110395,induced,0.0524967489634828,0.839947983415726,10.55718475073314,2.125248717913948e-05,13.958944281524928,0.0568786847509819,0.0167141244844454,2.35680664716078,2.6361204699420204,0.0023665329732132,pos,1.0,1,0.9676217283306482,29.429884945989794,0.1886530271184239,-1.781882580354892,papers/paper14_modular_spectral_action/results/sff_features_v3_N9_fixed/paper14_v3_sff_features.csv,sff_features_v3_N9_fixed,-0.17441531356726722,-4.091501139515982,0.04501703628896053,0.8535740892911868,0.7_0.6_0.6
9,512,4,16,grid,0,0.7,0.6,0.0,0.6,0.2,1.0,"0,2,4,6",12,-18.43884631176181,0.1614199434969474,0.4131427224284124,0.0863267729185925,0.0217258115518644,0.0993187391989722,0.5595746124153318,induced,0.0718858971541641,1.150174354466626,16.3049853372434,0.0001047933223829,24.281524926686217,0.0643882290765512,0.0080590630853571,2.7914709099611725,3.18971577009583,0.0031296024080944,pos,1.0,1,0.9673531436861392,247.72085404095304,0.9198468638723668,0.8519014139173824,papers/paper14_modular_spectral_action/results/sff_features_v3_N9_fixed/paper14_v3_sff_features.csv,sff_features_v3_N9_fixed,0.13991354346280793,-4.8209579717318105,0.02957461241533177,0.9339497596032172,0.7_0.6_0.6
9,512,4,16,grid,3,0.7,0.6,0.0,0.6,0.2,1.0,"2,3,5,8",12,-18.125363296578136,0.1618977723061314,0.3777356967496346,0.0960526692417958,0.0239492242915957,0.1631460912925253,0.5492165333778115,induced,0.0754535433408871,1.2072566934541935,85.63049853372435,8.695409689237136e-06,88.79765395894428,0.0670262102441873,0.021160159776448,4.450041510972868,4.48636023026788,0.0044288298091271,pos,1.0,1,0.9746605495037982,21.1628490849445,0.157929088031425,-2.673321778614893,papers/paper14_modular_spectral_action/results/sff_features_v3_N9_fixed/paper14_v3_sff_features.csv,sff_features_v3_N9_fixed,0.18835059013733577,-3.8556351211487123,0.019216533377811484,0.9715625556121994,0.7_0.6_0.6
9,512,4,16,grid,4,0.7,0.6,0.0,0.6,0.2,1.0,"1,3,5,7",12,-18.583069688081444,-0.1066661617013568,0.5906127710009499,0.0887908214253057,0.0220632404226666,0.1395223431101954,0.5624138453947174,induced,0.0513540889994835,0.8216654239917365,20.175953079178885,3.780642385019278e-05,22.873900293255133,0.0608399224458683,0.022536436482074,3.0044914536439222,3.12999653539421,0.003427584816481,pos,1.0,1,0.9646268301315464,192.6753603394222,0.8141926255267401,0.1602878461874248,papers/paper14_modular_spectral_action/results/sff_features_v3_N9_fixed/paper14_v3_sff_features.csv,sff_features_v3_N9_fixed,-0.1964219935578821,-3.7926218803814806,0.03241384539471737,0.9211958580625974,0.7_0.6_0.6
9,512,4,16,er,0,0.7,0.6,0.0,0.6,0.2,1.0,"0,4,6,7",16,-21.42840235263688,-0.013414917843655,0.4419170181920253,0.0730672046372555,0.0203861465395246,0.0627765855374929,0.5729097515538129,induced,0.0537698894286157,0.8603182308578513,92.55131964809384,1.5282111495411296e-05,96.42228739002933,0.070760340334873,0.0182758067077059,4.527763297676304,4.56873737188661,0.002861082369349,pos,1.0,1,0.9678522927118052,31.90219102608333,0.3517901955764653,-0.0108303586474082,papers/paper14_modular_spectral_action/results/sff_features_v3_N9_fixed/paper14_v3_sff_features.csv,sff_features_v3_N9_fixed,-0.15045292229975332,-4.00217713162803,0.042909751553812825,0.8660198886600434,0.7_0.6_0.6
9,512,4,16,er,2,0.7,0.6,0.0,0.6,0.2,1.0,"0,1,2,6",18,-24.76902339589664,-0.097401683690775,0.7629828739051298,0.0702793232113673,0.0199293671236313,0.063674849689961,0.5217354295366237,induced,0.0580935033844551,0.9294960541512816,48.09384164222874,1.29545987214379e-05,50.909090909090914,0.0551325166412131,0.0195789277671767,3.873154136528794,3.930041510930844,0.003554538078826,pos,1.0,1,0.9720950315920474,27.882862131081136,0.3124205127458409,-0.2530390847924449,papers/paper14_modular_spectral_action/results/sff_features_v3_N9_fixed/paper14_v3_sff_features.csv,sff_features_v3_N9_fixed,-0.07311271696006146,-3.9333014050147566,0.008264570463376364,0.9946780304902353,0.7_0.6_0.6
9,512,4,16,er,4,0.7,0.6,0.0,0.6,0.2,1.0,"2,5,7,8",15,-21.3341868062859,-0.2120656950628986,0.5303377558019492,0.0742824994041649,0.0201993755942953,0.1041508360832487,0.5407013297603414,induced,0.0681337080318484,1.090139328509575,9.501466275659824,3.647210900150675e-05,20.87976539589443,0.0640603809707271,0.0056268435365588,2.251446131502964,3.0387805271225528,0.0031438109868941,pos,1.0,1,0.9883360150377304,44.82122779663786,0.3893604302576313,-0.5360233529564056,papers/paper14_modular_spectral_action/results/sff_features_v3_N9_fixed/paper14_v3_sff_features.csv,sff_features_v3_N9_fixed,0.08630551239293104,-5.1802066447539445,0.010701329760341327,0.9910931485377448,0.7_0.6_0.6
9,512,4,16,chain,2,0.7,0.8,0.0,0.2,0.2,1.0,"1,3,5,7",8,-15.915579526771552,-0.0166908633277139,0.1169251035127263,0.110091884567038,0.0262148999680498,0.2073369754958032,0.4568807906341619,induced,0.0577606211937284,0.9241699390996554,104.51612903225806,0.000100320727722,105.45454545454548,0.0782604344244193,0.0832893711580418,4.649341404301238,4.6582800113020495,0.0029062571226815,pos,1.0,1,0.9510001925597148,75.18018387305486,0.4466923116388588,0.3047813591852862,papers/paper14_modular_spectral_action/results/sff_features_v3_N9_fixed/paper14_v3_sff_features.csv,sff_features_v3_N9_fixed,-0.07885930747655065,-2.4854343350929033,0.0731192093658381,0.6585670326173491,0.7_0.8_0.2
9,512,4,16,chain,4,0.7,0.8,0.0,0.2,0.2,1.0,"1,4,6,8",8,-15.74367052813863,-0.0243083374874923,0.2470349206510918,0.1000993214010909,0.0236508739909884,0.1821250802783786,0.4621528688890857,induced,0.068734753101485,1.099756049623761,11.143695014662756,1.015994470792013e-05,12.316715542521996,0.0819103589476326,0.0698199196499932,2.4108738684310502,2.510957326988024,0.0028507626899892,pos,1.0,1,0.9767601685795544,36.83918834140969,0.2366297155852911,-1.3735139519196324,papers/paper14_modular_spectral_action/results/sff_features_v3_N9_fixed/paper14_v3_sff_features.csv,sff_features_v3_N9_fixed,0.09508838213973314,-2.661835928122392,0.06784713111091434,0.6979361934814606,0.7_0.8_0.2
9,512,4,16,grid,3,0.7,0.8,0.0,0.2,0.2,1.0,"2,3,5,8",12,-19.635532941383936,0.0539659241020438,0.1259118989165448,0.0831370904717781,0.0206508783530177,0.1502538873960219,0.4921137781639003,induced,0.0547774963861372,0.876439942178196,8.797653958944283,3.258141067602017e-05,14.780058651026394,0.0645718267735404,0.0107881777787925,2.174485090366844,2.693278883781965,0.0039815026852969,pos,1.0,1,0.9768066245928088,22.583816607221543,0.152174746781521,-3.000902068367757,papers/paper14_modular_spectral_action/results/sff_features_v3_N9_fixed/paper14_v3_sff_features.csv,sff_features_v3_N9_fixed,-0.13188709701614781,-4.5293043945307865,0.03788622183609974,0.8939209294578858,0.7_0.8_0.2
9,512,4,16,grid,4,0.7,0.8,0.0,0.2,0.2,1.0,"1,3,5,7",12,-19.85321358038588,-0.0355553872337856,0.1968709236669833,0.0792445083417265,0.0196938918927165,0.1121736249767805,0.4512895575676576,induced,0.0519916241912374,0.8318659870597993,48.328445747800586,2.0693835184681284e-05,49.50146627565983,0.0669609015725487,0.0570665270961025,3.878020326179967,3.902002290866452,0.0034444265860323,pos,1.0,1,0.9786572676495864,225.1328373906632,0.8165772408565842,0.2362263625638705,papers/paper14_modular_spectral_action/results/sff_features_v3_N9_fixed/paper14_v3_sff_features.csv,sff_features_v3_N9_fixed,-0.18408392438005033,-2.8635375496914635,0.07871044243234243,0.6163067620558198,0.7_0.8_0.2
9,512,4,16,er,0,0.7,0.8,0.0,0.2,0.2,1.0,"0,4,6,7",16,-22.981584642860465,-0.0044716392812183,0.1473056727306751,0.0654986669799227,0.0181116359716939,0.055119954471124,0.480008391495796,induced,0.0595589404613625,0.9529430473818,19.237536656891496,7.31418043818635e-05,20.175953079178885,0.0586308139528152,0.0624005193831743,2.95686340465467,3.0044914536439222,0.0027192322098668,pos,1.0,1,0.9673563124278288,35.08288291779414,0.3550439239698299,0.0228032920103272,papers/paper14_modular_spectral_action/results/sff_features_v3_N9_fixed/paper14_v3_sff_features.csv,sff_features_v3_N9_fixed,-0.04820013851791605,-2.7741816801930885,0.04999160850420403,0.8226314866420372,0.7_0.8_0.2
9,512,4,16,er,2,0.7,0.8,0.0,0.2,0.2,1.0,"0,1,2,6",18,-25.90842956434082,-0.032467227896925,0.2543276246350432,0.0658681405574247,0.018671398480332,0.0583195567025926,0.4729293017786773,induced,0.0672284200047965,1.0756547200767448,54.42815249266862,5.035919909110953e-07,62.52199413489736,0.0761076267391589,0.0094030902149218,3.996881529056693,4.13551840099628,0.0037783465138533,pos,1.0,1,0.9694242750994692,29.80426187566741,0.3197362487952635,-0.2486667138777758,papers/paper14_modular_spectral_action/results/sff_features_v3_N9_fixed/paper14_v3_sff_features.csv,sff_features_v3_N9_fixed,0.07292951812071437,-4.666716897463116,0.05707069822132271,0.7753364835582974,0.7_0.8_0.2
9,512,4,16,er,3,0.7,0.8,0.0,0.2,0.2,1.0,"0,5,7,8",20,-27.409802474811045,0.0552503906214805,0.1655933760663596,0.0665364166070506,0.0194629646578594,0.0764230776589257,0.4870575664225877,induced,0.0600617823949869,0.9609885183197916,4.34017595307918,1.4129270061682694e-05,14.193548387096776,0.0788220514474664,0.0079980659114568,1.4679148894748746,2.6527875224272317,0.0042199498219377,pos,1.0,1,0.9697755953678114,109.27373366394538,0.8853781783201317,0.5203234321319474,papers/paper14_modular_spectral_action/results/sff_features_v3_N9_fixed/paper14_v3_sff_features.csv,sff_features_v3_N9_fixed,-0.039792817721312226,-4.82855552759912,0.04294243357741234,0.8658300736334548,0.7_0.8_0.2
9,512,4,16,chain,0,0.7,0.8,0.0,0.4,0.2,1.0,"3,4,6,8",8,-16.86152941966708,-0.1803089171947371,0.3622754049789548,0.1039583634107118,0.024522093864381,0.1724247779872615,0.460784091265027,induced,0.048209396123554,0.7713503379768655,21.700879765395896,1.75403790862627e-05,25.689149560117304,0.0479431170736662,0.0120166335682733,3.0773528019087903,3.24606870664696,0.0012417145444646,pos,1.0,1,0.9759158900690996,34.83684137178672,0.2509082569908734,-1.9854014506845588,papers/paper14_modular_spectral_action/results/sff_features_v3_N9_fixed/paper14_v3_sff_features.csv,sff_features_v3_N9_fixed,-0.2596126143614979,-4.421463458297009,0.06921590873497302,0.6877811875617131,0.7_0.8_0.4
9,512,4,16,chain,2,0.7,0.8,0.0,0.4,0.2,1.0,"1,3,5,7",8,-15.970094957807504,-0.0333817266554278,0.2338502070254526,0.1084701404732461,0.0258148478875218,0.1976435491336696,0.4596693978093142,induced,0.057871015255413,0.925936244086608,3.75366568914956,0.0002088060306286,5.043988269794721,0.046003539450281,0.0354909184002305,1.3227328796304123,1.6181970925241802,0.002931657159517,pos,1.0,1,0.9473227505199268,75.93166423773273,0.4476405326710838,0.3205898134820817,papers/paper14_modular_spectral_action/results/sff_features_v3_N9_fixed/paper14_v3_sff_features.csv,sff_features_v3_N9_fixed,-0.07694989758468126,-3.338478434940028,0.07033060219068582,0.6794735306195774,0.7_0.8_0.4
9,512,4,16,grid,0,0.7,0.8,0.0,0.4,0.2,1.0,"0,2,4,6",12,-19.993756883765837,0.1076132956646316,0.2754284816189416,0.0750166948202501,0.0187721939512343,0.0873960911359595,0.5647132955983794,induced,0.0586065213037555,0.9377043408600886,111.43695014662757,1.4157711074438658e-05,113.19648093841644,0.0727452711986613,0.0413355161654451,4.713458961425015,4.729125078169414,0.0033859163041178,pos,1.0,1,0.9629959662441612,330.1770116675883,0.9357047693704876,0.9580626576601488,papers/paper14_modular_spectral_action/results/sff_features_v3_N9_fixed/paper14_v3_sff_features.csv,sff_features_v3_N9_fixed,-0.06432058130408756,-3.186033192985316,0.03471329559837932,0.9101538460812063,0.7_0.8_0.4
9,512,4,16,grid,3,0.7,0.8,0.0,0.4,0.2,1.0,"2,3,5,8",12,-19.712798125567065,0.1079318482040876,0.2518237978330897,0.0825426232113621,0.0204965660586302,0.1467644806700531,0.4998461405401491,induced,0.0627029609371627,1.0032473749946045,80.82111436950147,6.847498131410932e-06,84.34017595307918,0.0728759547509977,0.0207069713110228,4.392238247844091,4.434858334551478,0.0039481362425025,pos,1.0,1,0.977121013530598,22.69561218333118,0.1531761322161622,-2.968431569855209,papers/paper14_modular_spectral_action/results/sff_features_v3_N9_fixed/paper14_v3_sff_features.csv,sff_features_v3_N9_fixed,0.0032421136597012225,-3.8772848570976195,0.03015385945985094,0.9314287646687284,0.7_0.8_0.4
9,512,4,16,grid,4,0.7,0.8,0.0,0.4,0.2,1.0,"1,3,5,7",12,-20.018388417061104,-0.0711107744675712,0.3937418473339666,0.0779299134593954,0.0193372450509797,0.11408026228994,0.4721511164513958,induced,0.075207116243908,1.2033138599025284,72.96187683284458,6.920108265301841e-05,74.83870967741936,0.0969558559523811,0.051622420797777,4.289937069569612,4.315335260175223,0.0033054390572126,pos,1.0,1,0.9727623479103208,241.74367423719727,0.8272604468380691,0.2278872074377037,papers/paper14_modular_spectral_action/results/sff_features_v3_N9_fixed/paper14_v3_sff_features.csv,sff_features_v3_N9_fixed,0.1850793006392491,-2.9637991892826165,0.057848883548604235,0.7699383815974274,0.7_0.8_0.4
9,512,4,16,er,0,0.7,0.8,0.0,0.4,0.2,1.0,"0,4,6,7",16,-23.052000897747703,-0.0089432785624367,0.2946113454613502,0.064926732660561,0.0179319041194571,0.055130958106059,0.5089688395748294,induced,0.0656108273406668,1.0497732374506688,19.237536656891496,7.243289104994146e-05,20.175953079178885,0.0610704003766685,0.0650009591018623,2.95686340465467,3.0044914536439222,0.0027219280972802,pos,1.0,1,0.9662329463928936,34.897352951067255,0.3512547433265421,0.0098664039058828,papers/paper14_modular_spectral_action/results/sff_features_v3_N9_fixed/paper14_v3_sff_features.csv,sff_features_v3_N9_fixed,0.04857417651308096,-2.733353253782094,0.021031160425170614,0.9660347754351762,0.7_0.8_0.4
9,512,4,16,er,2,0.7,0.8,0.0,0.4,0.2,1.0,"0,1,2,6",18,-26.12642495747585,-0.06493445579385,0.5086552492700865,0.064573924978996,0.0182355696610242,0.0570333532940846,0.4885526793237212,induced,0.0650255816509872,1.040409306415796,25.454545454545457,4.387734151051871e-05,26.39296187683285,0.0850813841719952,0.0906180932162354,3.2368943303709186,3.2730973790348776,0.0036647562608284,pos,1.0,1,0.9684368213122706,29.692841790252924,0.3138005945743288,-0.2671783965165932,papers/paper14_modular_spectral_action/results/sff_features_v3_N9_fixed/paper14_v3_sff_features.csv,sff_features_v3_N9_fixed,0.03961419958868115,-2.401101381498008,0.04144732067627882,0.8744069397503602,0.7_0.8_0.4
9,512,4,16,er,3,0.7,0.8,0.0,0.4,0.2,1.0,"0,5,7,8",20,-27.486241135720228,0.1105007812429611,0.3311867521327192,0.0662007792557417,0.0193410332116285,0.0765954393059747,0.5168879877028745,induced,0.0703181444984401,1.1250903119750428,75.0733137829912,3.990633856288077e-06,76.59824046920822,0.0932033877894969,0.0611172969809102,4.318465153184151,4.338574106106864,0.0041733420112827,pos,1.0,1,0.9700094020718222,110.7168527769167,0.8889332264572868,0.5294646375228531,papers/paper14_modular_spectral_action/results/sff_features_v3_N9_fixed/paper14_v3_sff_features.csv,sff_features_v3_N9_fixed,0.11786330974548173,-2.79496035989059,0.013112012297125553,0.9866581716397849,0.7_0.8_0.4
9,512,4,16,chain,0,0.7,0.8,0.0,0.6,0.2,1.0,"3,4,6,8",8,-17.34835815095352,-0.2704633757921057,0.5434131074684323,0.1011266826666529,0.0238512554074678,0.167650885860601,0.4580217104196817,induced,0.0676138631513531,1.08182181042165,6.568914956011731,0.0001452745265161,8.914956011730206,0.0746415981721396,0.031754057953947,1.882348667565721,2.1877303171168627,0.001258104372166,pos,1.0,1,0.975200999603802,34.55567799597681,0.2448739794422587,-2.0883392263616014,papers/paper14_modular_spectral_action/results/sff_features_v3_N9_fixed/paper14_v3_sff_features.csv,sff_features_v3_N9_fixed,0.07864648148476099,-3.44973475223725,0.07197828958031832,0.6671397100855191,0.7_0.8_0.6
9,512,4,16,chain,2,0.7,0.8,0.0,0.6,0.2,1.0,"1,3,5,7",8,-16.061183359315105,-0.0500725899831417,0.3507753105381789,0.1058493343692321,0.0251694904348538,0.1820623748387567,0.4653398994094688,induced,0.0607304822668222,0.9716877162691552,111.31964809384164,1.931088446968144e-05,112.72727272727272,0.0767148926219944,0.0544858195260332,4.712405775440357,4.724971385800721,0.0029740256357308,pos,1.0,1,0.940928558230226,76.73128903985503,0.4477436404069175,0.3375349363420638,papers/paper14_modular_spectral_action/results/sff_features_v3_N9_fixed/paper14_v3_sff_features.csv,sff_features_v3_N9_fixed,-0.028720805701514536,-2.9098148033516744,0.06466010059053123,0.7213469523465853,0.7_0.8_0.6
9,512,4,16,chain,3,0.7,0.8,0.0,0.6,0.2,1.0,"0,1,4,5",8,-15.396101115850914,-0.0913118247864539,0.3364533084464788,0.1178346180779869,0.0283521647730516,0.3740037220917883,0.4784947567942589,induced,0.0745848060149567,1.1933568962393075,88.68035190615836,0.0001597560606511,92.19941348973607,0.0839809227015106,0.0238191815204442,4.485038353009964,4.523953769259637,0.0025214656259057,pos,1.0,1,0.9417041042506782,27.00631062797524,0.1953936506873829,1.588334922929526,papers/paper14_modular_spectral_action/results/sff_features_v3_N9_fixed/paper14_v3_sff_features.csv,sff_features_v3_N9_fixed,0.17677025700149404,-3.73726407666783,0.051505243205741125,0.8128170505599527,0.7_0.8_0.6
9,512,4,16,chain,4,0.7,0.8,0.0,0.6,0.2,1.0,"1,4,6,8",8,-16.29060004585359,-0.072925012462477,0.7411047619532752,0.0903239732797498,0.0213052314155378,0.1752776149428725,0.4646423314871167,induced,0.05299108327605,0.8478573324168007,3.519061583577713,1.629992140359842e-05,5.2785923753665696,0.0597982809928789,0.0339760925756218,1.2581943584928592,1.6636594666009288,0.0026108811752521,pos,1.0,1,0.9660284839119168,33.76832745238442,0.188015932030582,-2.0782831300158446,papers/paper14_modular_spectral_action/results/sff_features_v3_N9_fixed/paper14_v3_sff_features.csv,sff_features_v3_N9_fixed,-0.1650428974187103,-3.3820981612391305,0.06535766851288333,0.7162538110622849,0.7_0.8_0.6
9,512,4,16,grid,0,0.7,0.8,0.0,0.6,0.2,1.0,"0,2,4,6",12,-20.155501209825378,0.1614199434969474,0.4131427224284124,0.0738324746049406,0.0184657486001174,0.085180130604386,0.5815720809033408,induced,0.061810268606729,0.9889642977076648,61.58357771260997,1.553472430480063e-05,65.10263929618769,0.0814053291729655,0.023128266589161,4.120395239422059,4.175965090576869,0.003098536203045,pos,1.0,1,0.96720253944464,331.05528957797054,0.9300394593708394,0.949021621614396,papers/paper14_modular_spectral_action/results/sff_features_v3_N9_fixed/paper14_v3_sff_features.csv,sff_features_v3_N9_fixed,-0.011097047396599972,-3.7666997476499424,0.051572080903340756,0.8123796789586785,0.7_0.8_0.6
9,512,4,16,grid,2,0.7,0.8,0.0,0.6,0.2,1.0,"3,4,5,6",12,-20.09705773807915,-0.0045017134613861,0.37526458736446,0.0773389274962906,0.0191740839243645,0.0996374272113869,0.4604312170759345,induced,0.0603571021117657,0.9657136337882524,81.29032258064517,2.4777220393644744e-05,82.69794721407625,0.0714212029148061,0.0507212107537389,4.398026976020335,4.4151947796427,0.0037189205666886,pos,1.0,1,0.9914068272654736,37.84062183355377,0.4791873292471815,0.0200001516608894,papers/paper14_modular_spectral_action/results/sff_features_v3_N9_fixed/paper14_v3_sff_features.csv,sff_features_v3_N9_fixed,-0.034887934072004745,-2.9814110978104225,0.06956878292406554,0.6851547249185662,0.7_0.8_0.6
9,512,4,16,grid,3,0.7,0.8,0.0,0.6,0.2,1.0,"2,3,5,8",12,-19.83989620741376,0.1618977723061314,0.3777356967496346,0.081577477008482,0.0202462466178611,0.1412108487372915,0.5088319150276835,induced,0.0625003243520194,1.000005189632312,8.680351906158359,8.316130203068127e-05,15.01466275659824,0.0740669875558732,0.0116798540521112,2.1610620700347045,2.7090272407501037,0.0039023264943832,pos,1.0,1,0.9775049832336876,22.88383214868792,0.1547585368206074,-2.9187296064196886,papers/paper14_modular_spectral_action/results/sff_features_v3_N9_fixed/paper14_v3_sff_features.csv,sff_features_v3_N9_fixed,5.189618846012939e-06,-4.4498897971985505,0.02116808497231648,0.9655987912166315,0.7_0.8_0.6
9,512,4,16,grid,4,0.7,0.8,0.0,0.6,0.2,1.0,"1,3,5,7",12,-20.28720546822351,-0.1066661617013568,0.5906127710009499,0.0759259311372286,0.0187959222153769,0.1166294439544911,0.487837605842961,induced,0.0666246159882389,1.0659938558118234,71.31964809384165,4.523541324936801e-06,73.43108504398828,0.0447299190023136,0.0211824442391627,4.2671718587966,4.296347347930531,0.0031079876144732,pos,1.0,1,0.9648674373934598,261.90575841768015,0.8357683655922734,0.2175400796744859,papers/paper14_modular_spectral_action/results/sff_features_v3_N9_fixed/paper14_v3_sff_features.csv,sff_features_v3_N9_fixed,0.06390756194826484,-3.8545825422962667,0.04216239415703904,0.8703322253943193,0.7_0.8_0.6
9,512,4,16,er,0,0.7,0.8,0.0,0.6,0.2,1.0,"0,4,6,7",16,-23.16912803622676,-0.013414917843655,0.4419170181920253,0.0639998959927514,0.0176402880589625,0.0551539115004113,0.5055831282054276,induced,0.0673308285053529,1.0772932560856476,75.42521994134898,1.3826101680813042e-05,78.59237536656892,0.0656829074252946,0.0207344043808818,4.323141701068052,4.364274689215444,0.0027408935319565,pos,1.0,1,0.9642611473116232,34.58590091082965,0.3449679953982147,-0.0131785895006886,papers/paper14_modular_spectral_action/results/sff_features_v3_N9_fixed/paper14_v3_sff_features.csv,sff_features_v3_N9_fixed,0.07445165088323678,-3.8759609109974664,0.024416871794572415,0.9544912089624872,0.7_0.8_0.6
9,512,4,16,er,2,0.7,0.8,0.0,0.6,0.2,1.0,"0,1,2,6",18,-26.48350989198093,-0.097401683690775,0.7629828739051298,0.0625736379953161,0.017562503844422,0.0550989576307503,0.4882101894166527,induced,0.0618321691718223,0.9893147067491568,17.008797653958947,0.0001591516318747,19.472140762463344,0.0717521325719791,0.0290633410721138,2.833730719251053,2.968984765187014,0.0034907653671532,pos,1.0,1,0.9669761255985322,29.519086646522315,0.3046438912234159,-0.2975504378724228,papers/paper14_modular_spectral_action/results/sff_features_v3_N9_fixed/paper14_v3_sff_features.csv,sff_features_v3_N9_fixed,-0.010742790950095542,-3.5382776559375753,0.04178981058334735,0.8724616469834995,0.7_0.8_0.6
9,512,4,16,er,3,0.7,0.8,0.0,0.6,0.2,1.0,"0,5,7,8",20,-27.61269178289139,0.1657511718644417,0.4967801281990787,0.0656504846959086,0.0191413125035926,0.0768654977861891,0.5714445474707205,induced,0.0571486905930025,0.91437904948804,45.16129032258065,0.000299397198048,47.62463343108504,0.0795972126455044,0.0321911369852174,3.810240311118226,3.863350136432173,0.0041189593905443,pos,1.0,1,0.9700902635503856,112.9092496233902,0.893835696479839,0.5414913418371444,papers/paper14_modular_spectral_action/results/sff_features_v3_N9_fixed/paper14_v3_sff_features.csv,sff_features_v3_N9_fixed,-0.08951007852250088,-3.4360641132259993,0.04144454747072046,0.8744226434331975,0.7_0.8_0.6
9,512,4,16,chain,2,1.0,0.4,0.0,0.2,0.2,1.0,"1,3,5,7",8,-13.457772101297277,-0.0166908633277139,0.1169251035127263,0.296553053929308,0.0710573096173447,0.5371373575516087,0.5067098415799005,induced,0.0678379692706718,1.0854075083307495,64.1642228739003,3.583356522744676e-05,66.86217008797654,0.090456748459288,0.0335147086726899,4.161445779252416,4.20263333765903,0.0025583635004212,pos,1.0,1,0.9745933685301558,21.33383288900119,0.4263911026227296,0.0833727632659418,papers/paper14_modular_spectral_action/results/sff_features_v3_N9_fixed/paper14_v3_sff_features.csv,sff_features_v3_N9_fixed,0.08195550019349127,-3.3957708716554706,0.023290158420099516,0.9585079145409843,1.0_0.4_0.2
9,512,4,16,chain,4,1.0,0.4,0.0,0.2,0.2,1.0,"1,4,6,8",8,-13.189871895089842,-0.0243083374874923,0.2470349206510918,0.2754152116230364,0.0657325022167275,0.4934564270807937,0.5517455276420055,induced,0.0637700299489765,1.020320479183625,23.81231671554252,3.2353032522345806e-05,24.98533724340176,0.0859628728143642,0.07325576811402,3.1702029558722487,3.2182891425398847,0.0023052153970853,pos,1.0,1,0.9896379721996212,20.06899900560808,0.3542427923960998,-0.2305600675456156,papers/paper14_modular_spectral_action/results/sff_features_v3_N9_fixed/paper14_v3_sff_features.csv,sff_features_v3_N9_fixed,0.020116773225243502,-2.6137982886013402,0.021745527642005436,0.9637312492297272,1.0_0.4_0.2
9,512,4,16,grid,0,1.0,0.4,0.0,0.2,0.2,1.0,"0,2,4,6",12,-17.32849253083511,0.0538066478323158,0.1377142408094708,0.2234623119710229,0.0662758232210903,0.2236541443394684,0.584173572272004,induced,0.0613046767377491,0.980874827803986,95.83577712609971,2.4350722228107637e-05,97.47800586510265,0.0723399404316794,0.0440350287337909,4.562636071690433,4.579626771685878,0.0024037175371254,pos,1.0,1,0.966721311709596,81.08966870882584,1.3162115567718384,0.9543462527564296,papers/paper14_modular_spectral_action/results/sff_features_v3_N9_fixed/paper14_v3_sff_features.csv,sff_features_v3_N9_fixed,-0.019310424087989317,-3.122769854203276,0.05417357227200392,0.7951063738109042,1.0_0.4_0.2
9,512,4,16,grid,2,1.0,0.4,0.0,0.2,0.2,1.0,"3,4,5,6",12,-17.421870838216314,-0.0015005711537953,0.1250881957881533,0.2306737402349508,0.0675580478790254,0.2384096765056108,0.5163586649936416,induced,0.0483745930117245,0.7739934881875925,4.809384164222874,0.0002017603473319,5.982404692082112,0.0617477595456197,0.0524679643165404,1.570569043534935,1.7888226095549125,0.0055001636111249,pos,1.0,1,0.9903196431061664,17.043223402724006,0.5832735227458046,-0.0017897723360611,papers/paper14_modular_spectral_action/results/sff_features_v3_N9_fixed/paper14_v3_sff_features.csv,sff_features_v3_N9_fixed,-0.256191818622126,-2.9475524991289506,0.013641335006358446,0.9855671956693067,1.0_0.4_0.2
9,512,4,16,er,1,1.0,0.4,0.0,0.2,0.2,1.0,"0,1,3,6",19,-24.85214702217585,-0.0611917998306538,0.2757878576352413,0.2291442502066623,0.0913356028446263,0.1483716243945969,0.5015468463426644,induced,0.054829448424838,0.8772711747974088,13.13782991202346,2.392497869538981e-05,17.947214076246336,0.0713802998270581,0.0148369047702998,2.5754958481255903,2.8874348982229106,0.004714156143322,pos,1.0,1,0.9520084257663388,20.42320607682048,0.9998808043257446,0.685768128920722,papers/paper14_modular_spectral_action/results/sff_features_v3_N9_fixed/paper14_v3_sff_features.csv,sff_features_v3_N9_fixed,-0.13093912711002664,-4.210637636427298,0.028453153657335584,0.9387100906636912,1.0_0.4_0.2
9,512,4,16,er,2,1.0,0.4,0.0,0.2,0.2,1.0,"0,1,2,6",18,-23.554287767207818,-0.032467227896925,0.2543276246350432,0.2300990586693177,0.0865093788972879,0.1775775801214648,0.5165895683429426,induced,0.0592182069362776,0.9474913109804428,22.052785923753667,1.417416372203175e-05,28.38709677419355,0.0702296357876081,0.0110849409322894,3.0934389396604143,3.345934702987141,0.0034370893068704,pos,1.0,1,0.9685071348234954,17.974579042259066,0.6224514843367168,0.2182107310917809,papers/paper14_modular_spectral_action/results/sff_features_v3_N9_fixed/paper14_v3_sff_features.csv,sff_features_v3_N9_fixed,-0.05393751253679429,-4.502167764544262,0.013410431657057464,0.9860482654829507,1.0_0.4_0.2
9,512,4,16,er,4,1.0,0.4,0.0,0.2,0.2,1.0,"2,5,7,8",15,-20.202581839715684,-0.0706885650209662,0.176779251933983,0.2143311201921028,0.0738208693171124,0.2316389885139438,0.4603143306894103,induced,0.0512745274149509,0.8203924386392144,5.043988269794721,3.0095029534624863e-05,7.272727272727273,0.0478975044984771,0.0214773508275123,1.6181970925241802,1.9841313618756489,0.0038479442352009,pos,1.0,1,0.99220270365897,25.431417555877395,0.7008931300219774,0.0949752322448124,papers/paper14_modular_spectral_action/results/sff_features_v3_N9_fixed/paper14_v3_sff_features.csv,sff_features_v3_N9_fixed,-0.19797246950213568,-3.840756348999996,0.06968566931058973,0.6842840107602062,1.0_0.4_0.2
9,512,4,16,chain,2,1.0,0.4,0.0,0.4,0.2,1.0,"1,3,5,7",8,-13.51127534832642,-0.0333817266554278,0.2338502070254526,0.2923762613991332,0.0699693497798081,0.520850265466354,0.5206875175576471,induced,0.0684280298078067,1.094848476924908,26.158357771261,1.333253650999044e-05,28.97360703812317,0.0678597301371954,0.0240996058144101,3.2641687482905763,3.3663853134584314,0.0024725650125808,pos,1.0,1,0.9725797075818264,21.819226683988614,0.4293188931768644,0.0990337940269107,papers/paper14_modular_spectral_action/results/sff_features_v3_N9_fixed/paper14_v3_sff_features.csv,sff_features_v3_N9_fixed,0.090615976455924,-3.725559794867836,0.009312482442352943,0.993247717827613,1.0_0.4_0.4
9,512,4,16,chain,3,1.0,0.4,0.0,0.4,0.2,1.0,"0,1,4,5",8,-12.878007036087324,-0.0608745498576359,0.2243022056309859,0.3097098583142575,0.0744906053386006,0.847054391836989,0.5184550611907566,induced,0.0549332684823644,0.8789322957178309,17.243401759530794,0.0001056860126985,28.035190615835777,0.0560272446048251,0.0051818618151943,2.847429563609214,3.333460528761966,0.0011268582587387,pos,1.0,1,0.9712416320412656,18.521934750216914,0.2374690904761938,0.4344656496050042,papers/paper14_modular_spectral_action/results/sff_features_v3_N9_fixed/paper14_v3_sff_features.csv,sff_features_v3_N9_fixed,-0.1290474084752734,-5.2625908635053165,0.011544938809243455,0.9896410885084486,1.0_0.4_0.4
9,512,4,16,chain,4,1.0,0.4,0.0,0.4,0.2,1.0,"1,4,6,8",8,-13.3961851827079,-0.0486166749749846,0.4940698413021836,0.2643976735263416,0.0625741627535382,0.4591953229088255,0.5097787344598568,induced,0.0511414115130565,0.8182625842089052,116.36363636363636,6.004665202362864e-07,116.950146627566,0.0560802249127968,0.0956157596809028,4.756720084115301,4.761747746792266,0.0022062862007231,pos,1.0,1,0.9872817872072088,20.799502824271222,0.3374941713443938,-0.2553701732153475,papers/paper14_modular_spectral_action/results/sff_features_v3_N9_fixed/paper14_v3_sff_features.csv,sff_features_v3_N9_fixed,-0.20057198630095438,-2.3474176222924372,0.02022126554014325,0.9685595805086555,1.0_0.4_0.4
9,512,4,16,grid,0,1.0,0.4,0.0,0.4,0.2,1.0,"0,2,4,6",12,-17.481512538679333,0.1076132956646316,0.2754284816189416,0.2165187407797104,0.0636153383114121,0.2204922105945177,0.5572210951089326,induced,0.0589085226334458,0.9425363621351336,5.982404692082112,9.416403287913626e-05,9.149560117302054,0.0751148800412802,0.0236870964433933,1.7888226095549125,2.2137058035201207,0.0022323623148535,pos,1.0,1,0.9659867547421204,84.67875118773644,1.3083558755567477,0.9756720798182944,papers/paper14_modular_spectral_action/results/sff_features_v3_N9_fixed/paper14_v3_sff_features.csv,sff_features_v3_N9_fixed,-0.059180779889449545,-3.7428248329751383,0.027221095108932558,0.9437540481677118,1.0_0.4_0.4
9,512,4,16,grid,2,1.0,0.4,0.0,0.4,0.2,1.0,"3,4,5,6",12,-17.46187385263586,-0.0030011423075907,0.2501763915763066,0.2283318315958215,0.0665613582427822,0.2388801936907876,0.5363798751897247,induced,0.0495822605921567,0.793316169474508,30.85043988269795,1.543147303466377e-05,37.30205278592376,0.0504431314666495,0.0078162934990102,3.4291510090082165,3.6190483596106233,0.0054225249389799,pos,1.0,1,0.9908685077518556,17.19640040975059,0.5809214091969618,-0.0032643213329223,papers/paper14_modular_spectral_action/results/sff_features_v3_N9_fixed/paper14_v3_sff_features.csv,sff_features_v3_N9_fixed,-0.23153343633493526,-4.851544813896243,0.006379875189724715,0.9968251437179098,1.0_0.4_0.4
9,512,4,16,grid,4,1.0,0.4,0.0,0.4,0.2,1.0,"1,3,5,7",12,-17.507640092605826,-0.0711107744675712,0.3937418473339666,0.2210997763288887,0.0630241227466964,0.2885596710130619,0.484186990033523,induced,0.0610567510846047,0.976908017353676,86.56891495601174,2.477879930078876e-05,87.85923753665689,0.069306225178225,0.0536931209436666,4.460940801430904,4.4757359603476505,0.0043481533254758,pos,1.0,1,0.968291729178636,57.54932464529461,1.035089561048141,0.3310224057065727,papers/paper14_modular_spectral_action/results/sff_features_v3_N9_fixed/paper14_v3_sff_features.csv,sff_features_v3_N9_fixed,-0.02336277942306895,-2.9244703872807283,0.045813009966477025,0.8487664313761729,1.0_0.4_0.4
9,512,4,16,er,1,1.0,0.4,0.0,0.4,0.2,1.0,"0,1,3,6",19,-25.10534936502689,-0.1223835996613076,0.5515757152704825,0.2182117155153719,0.0854624704284472,0.1442497903911862,0.5395469923948834,induced,0.0655739911724247,1.0491838587587952,58.416422287390034,0.0001135568128534,59.58944281524927,0.0821727006405277,0.0699554201130923,4.067597053855089,4.087478424408919,0.0046779722549706,pos,1.0,1,0.959492245562057,22.2501684137684,1.0016944935414425,0.723460188795224,papers/paper14_modular_spectral_action/results/sff_features_v3_N9_fixed/paper14_v3_sff_features.csv,sff_features_v3_N9_fixed,0.04801258456017437,-2.659897095338653,0.009546992394883325,0.9929045840652136,1.0_0.4_0.4
9,512,4,16,er,2,1.0,0.4,0.0,0.4,0.2,1.0,"0,1,2,6",18,-23.787671799122705,-0.06493445579385,0.5086552492700865,0.2189515597860561,0.0808480541827028,0.1745068062293283,0.5517120670534637,induced,0.0624978807341796,0.999966091746875,58.18181818181819,6.572422194804288e-05,60.99706744868036,0.0681505007570146,0.0241842799983934,4.0635729035553645,4.110825788405909,0.003254282374127,pos,1.0,1,0.9686572743752652,17.948199824349498,0.5687812683493372,0.1802606930188629,papers/paper14_modular_spectral_action/results/sff_features_v3_N9_fixed/paper14_v3_sff_features.csv,sff_features_v3_N9_fixed,-3.390882802280323e-05,-3.7220524437356897,0.021712067053463624,0.9638407380814765,1.0_0.4_0.4
9,512,4,16,chain,0,1.0,0.4,0.0,0.6,0.2,1.0,"3,4,6,8",8,-15.428633336942031,-0.2704633757921057,0.5434131074684323,0.2291754114831553,0.0544870910706221,0.4220391357437115,0.5371853112330458,induced,0.0519018226524544,0.8304291624392705,9.03225806451613,6.25392119198019e-05,13.13782991202346,0.0574250532217082,0.0139718694838127,2.200802398684214,2.5754958481255903,0.0020323195475385,pos,1.0,1,0.9825795357728688,23.015919382149058,0.3763225048517927,-0.6827777680931065,papers/paper14_modular_spectral_action/results/sff_features_v3_N9_fixed/paper14_v3_sff_features.csv,sff_features_v3_N9_fixed,-0.18581264864275368,-4.270709293348523,0.007185311233045777,0.995974631609581,1.0_0.4_0.6
9,512,4,16,chain,1,1.0,0.4,0.0,0.6,0.2,1.0,"0,3,6,8",8,-13.96680552285267,-0.1377553533987246,0.240852688667862,0.274376811607249,0.0655798658031629,0.5345459209729568,0.5721844698738965,induced,0.0667443194170034,1.0679091106720549,35.77712609970675,9.229791640492573e-05,38.70967741935484,0.0793126371388635,0.0270141356748583,3.577308753437859,3.656089631290971,0.0023108161564219,pos,1.0,1,0.9798328824062648,18.779666635357326,0.3174642106921569,-0.1265446314294021,papers/paper14_modular_spectral_action/results/sff_features_v3_N9_fixed/paper14_v3_sff_features.csv,sff_features_v3_N9_fixed,0.06570263454960136,-3.6113950064656275,0.04218446987389646,0.8702056272726493,1.0_0.4_0.6
9,512,4,16,chain,2,1.0,0.4,0.0,0.6,0.2,1.0,"1,3,5,7",8,-13.600274755256931,-0.0500725899831417,0.3507753105381789,0.2856813197916584,0.0682340670600699,0.4934367629940777,0.5005260398818,induced,0.0687623033656153,1.1001968538498454,32.49266862170088,2.142403797825842e-05,34.95601173020528,0.0625696320438819,0.0253915939643013,3.481014483017789,3.5540904633358528,0.002407333226202,pos,1.0,1,0.9679143027532404,22.5333159601427,0.4326199068633674,0.1205681858700051,papers/paper14_modular_spectral_action/results/sff_features_v3_N9_fixed/paper14_v3_sff_features.csv,sff_features_v3_N9_fixed,0.0954891218385581,-3.6733371060198046,0.029473960118200027,0.9343835175757765,1.0_0.4_0.6
9,512,4,16,chain,3,1.0,0.4,0.0,0.6,0.2,1.0,"0,1,4,5",8,-13.088830642828404,-0.0913118247864539,0.3364533084464788,0.2970888890635239,0.0713695440777002,0.8032052307325979,0.5174995736997694,induced,0.0727344321667359,1.1637509146677751,104.86803519061584,1.613329416637051e-05,106.158357771261,0.0871087473871118,0.0674967759220324,4.652702752003943,4.664931920530355,0.0010830370816344,pos,1.0,1,0.9668070254938868,18.24469517746905,0.2461889958791562,0.9745111034078776,papers/paper14_modular_spectral_action/results/sff_features_v3_N9_fixed/paper14_v3_sff_features.csv,sff_features_v3_N9_fixed,0.15164833557469568,-2.6956754463624333,0.012500426300230627,0.9878663497846856,1.0_0.4_0.6
9,512,4,16,grid,0,1.0,0.4,0.0,0.6,0.2,1.0,"0,2,4,6",12,-17.72129109605081,0.1614199434969474,0.4131427224284124,0.2071956063631376,0.0601060771602478,0.2157428056603732,0.5267341473992592,induced,0.0570675967277594,0.9130815476441512,45.98240469208211,3.784866843953329e-05,47.3900293255132,0.0535841520080732,0.0380401863308647,3.828258816620904,3.858411854791591,0.0021138025916554,pos,1.0,1,0.9641911992020374,88.49213311385887,1.2878250553715882,0.9907169564703096,papers/paper14_modular_spectral_action/results/sff_features_v3_N9_fixed/paper14_v3_sff_features.csv,sff_features_v3_N9_fixed,-0.09093008403610843,-3.2691121430292287,0.0032658526007408595,0.999167081974439,1.0_0.4_0.6
9,512,4,16,grid,2,1.0,0.4,0.0,0.6,0.2,1.0,"3,4,5,6",12,-17.52877937186572,-0.0045017134613861,0.37526458736446,0.2245630218453095,0.0649708369465163,0.2397161912042959,0.5555398804546463,induced,0.0531740540926588,0.8507848654825414,28.38709677419355,2.843403696316157e-05,32.023460410557185,0.0749000112156034,0.020589683724126,3.345934702987141,3.4664687720154106,0.0053006640475197,pos,1.0,1,0.991652422141866,17.45440222533799,0.5773652025236886,-0.0051969240672506,papers/paper14_modular_spectral_action/results/sff_features_v3_N9_fixed/paper14_v3_sff_features.csv,sff_features_v3_N9_fixed,-0.16159598438674477,-3.8829651187148104,0.02553988045464628,0.9503168685205916,1.0_0.4_0.6
9,512,4,16,grid,4,1.0,0.4,0.0,0.6,0.2,1.0,"1,3,5,7",12,-17.816383644471337,-0.1066661617013568,0.5906127710009499,0.2109126687935232,0.0588174540440644,0.3003562165478816,0.5212316586861518,induced,0.0705848340350061,1.1293573445600984,57.94721407624634,8.750808178592363e-05,61.46627565982405,0.0789755731425433,0.0224173584880985,4.05953249401836,4.118488661151478,0.0038718513151853,pos,1.0,1,0.96666446044667,61.35023120736228,0.9987656725236592,0.2757583122551494,papers/paper14_modular_spectral_action/results/sff_features_v3_N9_fixed/paper14_v3_sff_features.csv,sff_features_v3_N9_fixed,0.12164874931252972,-3.7979196877219077,0.008768341313848182,0.9940114556342022,1.0_0.4_0.6
9,512,4,16,er,1,1.0,0.4,0.0,0.6,0.2,1.0,"0,1,3,6",19,-25.5000939614206,-0.1835753994919614,0.8273635729057237,0.2043142474663152,0.0781346553333985,0.138930035710236,0.5377980208137375,induced,0.0572583041376582,0.9161328662025316,64.633431085044,5.692454594459872e-05,70.02932551319648,0.05725184859197,0.0105997114672253,4.16873178598335,4.248914090223036,0.0046249713974784,pos,1.0,1,0.9683367311459083,24.737720107556505,0.9860790660407216,0.7238004456425513,papers/paper14_modular_spectral_action/results/sff_features_v3_N9_fixed/paper14_v3_sff_features.csv,sff_features_v3_N9_fixed,-0.08759387438735959,-4.546928498307674,0.007798020813737483,0.9952605536162307,1.0_0.4_0.6
9,512,4,16,er,2,1.0,0.4,0.0,0.6,0.2,1.0,"0,1,2,6",18,-24.16314642888529,-0.097401683690775,0.7629828739051298,0.2040163656569333,0.0734133356294152,0.1698764301850211,0.5924086055563584,induced,0.0665411242982522,1.0646579887720364,24.63343108504399,0.0002172067037088,26.041055718475075,0.0794721362400985,0.0563040228581435,3.2041045075479286,3.2596743587027373,0.0030745154805961,pos,1.0,1,0.9674225033733516,17.914455519968705,0.504343659037488,0.1387769484758255,papers/paper14_modular_spectral_action/results/sff_features_v3_N9_fixed/paper14_v3_sff_features.csv,sff_features_v3_N9_fixed,0.06265361028251029,-2.8769892924257325,0.06240860555635841,0.7376514101362204,1.0_0.4_0.6
9,512,4,16,chain,0,1.0,0.6,0.0,0.2,0.2,1.0,"3,4,6,8",8,-15.679437101149787,-0.0901544585973685,0.1811377024894774,0.2194371768028404,0.0521797579250445,0.3527946309188586,0.5309169541027198,induced,0.0682145558786452,1.091432894058323,44.80938416422288,5.65183000864365e-05,51.37829912023461,0.0707412603604839,0.0107604897511587,3.802417585437017,3.939215887206885,0.0017912293389788,pos,1.0,1,0.9782319830192852,24.49328233861421,0.3448657414347227,-0.884568155462608,papers/paper14_modular_spectral_action/results/sff_features_v3_N9_fixed/paper14_v3_sff_features.csv,sff_features_v3_N9_fixed,0.08749141463991456,-4.531874209377374,0.000916954102719747,0.9999343142803314,1.0_0.6_0.2
9,512,4,16,chain,1,1.0,0.6,0.0,0.2,0.2,1.0,"0,3,6,8",8,-15.26868870945728,-0.0459184511329082,0.080284229555954,0.2265173908078562,0.0539757484468008,0.4180771389273779,0.561000893015884,induced,0.0590147011101558,0.9442352177624928,108.38709677419357,2.977302927290802e-05,109.79472140762464,0.0816158130456037,0.057960082594935,4.685709048472113,4.69861245330802,0.0023546461563938,pos,1.0,1,0.9786966417312108,21.47636383716525,0.2813687110634521,-0.3398366286671142,papers/paper14_modular_spectral_action/results/sff_features_v3_N9_fixed/paper14_v3_sff_features.csv,sff_features_v3_N9_fixed,-0.05737997251609075,-2.8480007364972857,0.031000893015883935,0.9276669964674068,1.0_0.6_0.2
9,512,4,16,chain,2,1.0,0.6,0.0,0.2,0.2,1.0,"1,3,5,7",8,-14.988275807522196,-0.0166908633277139,0.1169251035127263,0.2322260866963146,0.0554729204644753,0.4222246104445007,0.4855281413298744,induced,0.0515929536629805,0.8254872586076886,52.78592375366569,6.831522360551719e-05,53.489736070381234,0.0626942105699637,0.0889809596379506,3.966244559594804,3.979489786344824,0.0023702575430491,pos,1.0,1,0.964647538797708,30.81524744083521,0.4433870531154673,0.1727940598147416,papers/paper14_modular_spectral_action/results/sff_features_v3_N9_fixed/paper14_v3_sff_features.csv,sff_features_v3_N9_fixed,-0.1917814504985656,-2.419332868789948,0.04447185867012565,0.8568337045299718,1.0_0.6_0.2
9,512,4,16,chain,3,1.0,0.6,0.0,0.2,0.2,1.0,"0,1,4,5",8,-14.232849868090842,-0.0304372749288179,0.1121511028154929,0.2481944552632691,0.0596275456083633,0.7072157387351934,0.4564964547301549,induced,0.0722201579031337,1.1555225264501396,66.51026392961877,0.000122832396252,71.5542521994135,0.0900884019053628,0.0178361972108178,4.1973562805581865,4.27045593399779,0.0017309541349555,pos,1.0,1,0.9657199961462768,21.33057159110795,0.2098657361406458,-0.0956969945496892,papers/paper14_modular_spectral_action/results/sff_features_v3_N9_fixed/paper14_v3_sff_features.csv,sff_features_v3_N9_fixed,0.14455264552292246,-4.026525335380871,0.07350354526984515,0.6556740441520499,1.0_0.6_0.2
9,512,4,16,chain,4,1.0,0.6,0.0,0.2,0.2,1.0,"1,4,6,8",8,-14.741534523860116,-0.0243083374874923,0.2470349206510918,0.214597275346257,0.0509817651097481,0.3779858574696746,0.5628740624097258,induced,0.0650034723933006,1.0400555582928095,97.00879765395896,5.701429689199356e-05,97.47800586510265,0.055302014605203,0.1177409069070879,4.574801671854122,4.579626771685878,0.0021645146550558,pos,1.0,1,0.9878463995074384,25.188199116016623,0.3311778168263166,-0.3457503420301793,papers/paper14_modular_spectral_action/results/sff_features_v3_N9_fixed/paper14_v3_sff_features.csv,sff_features_v3_N9_fixed,0.03927413316180097,-2.1392687727865134,0.03287406240972579,0.9190359871291631,1.0_0.6_0.2
9,512,4,16,grid,0,1.0,0.6,0.0,0.2,0.2,1.0,"0,2,4,6",12,-18.935509898072805,0.0538066478323158,0.1377142408094708,0.1783192859347094,0.0501548179653927,0.1853983274903854,0.5498470257715186,induced,0.0582795707820984,0.9324731325135746,115.19061583577714,3.150844166602076e-05,117.65395894428153,0.0558545657122656,0.0226615030110411,4.746588285184894,4.767747764792364,0.0024950317111367,pos,1.0,1,0.967739415887788,111.6138602192163,1.1802098052011163,0.9378325604582888,papers/paper14_modular_spectral_action/results/sff_features_v3_N9_fixed/paper14_v3_sff_features.csv,sff_features_v3_N9_fixed,-0.06991494019713176,-3.7870876967628226,0.019847025771518534,0.9696949090142446,1.0_0.6_0.2
9,512,4,16,grid,1,1.0,0.6,0.0,0.2,0.2,1.0,"2,3,4,7",12,-19.569971970736297,-0.0437704537889363,0.2154900450928454,0.1825027412086937,0.0513581727219528,0.1527632653318129,0.4945882400448213,induced,0.0562503441893055,0.9000055070288885,11.964809384164225,6.99706416811757e-06,15.60117302052786,0.0629378166853809,0.0173059753958335,2.4819697901147744,2.7473461050522374,0.0029898378317957,pos,1.0,1,0.990951090856303,24.75939404227779,0.5491143569439775,-0.0306824590670603,papers/paper14_modular_spectral_action/results/sff_features_v3_N9_fixed/paper14_v3_sff_features.csv,sff_features_v3_N9_fixed,-0.10535439675555962,-4.056703438511677,0.0354117599551787,0.9066777510097794,1.0_0.6_0.2
9,512,4,16,grid,3,1.0,0.6,0.0,0.2,0.2,1.0,"2,3,5,8",12,-18.72679379735947,0.0539659241020438,0.1259118989165448,0.1885176910680321,0.0513129006737564,0.290891119441247,0.5545637789178846,induced,0.0527000283990019,0.8432004543840314,97.12609970674488,8.522392865841168e-06,104.28152492668622,0.0716118051510406,0.0100068522215318,4.576010131215689,4.647094212344333,0.0043906485400057,pos,1.0,1,0.9687278663718928,15.68236880147631,0.2497933537381763,-0.885866564449087,papers/paper14_modular_spectral_action/results/sff_features_v3_N9_fixed/paper14_v3_sff_features.csv,sff_features_v3_N9_fixed,-0.1705505623146918,-4.604485198492422,0.024563778917884527,0.9539547860705381,1.0_0.6_0.2
9,512,4,16,chain,0,1.0,0.6,0.0,0.4,0.2,1.0,"3,4,6,8",8,-16.122986080703985,-0.1803089171947371,0.3622754049789548,0.206245166048348,0.0489698330365545,0.3466386864913026,0.549104010692336,induced,0.0647605484764318,1.036168775622909,79.88269794721408,0.0002066418058941,83.63636363636364,0.0599932319527116,0.0159275212813005,4.380559282979944,4.426478397244727,0.0017348740254092,pos,1.0,1,0.9798166984549612,25.03092020755266,0.3420888645941302,-0.8924036962383827,papers/paper14_modular_spectral_action/results/sff_features_v3_N9_fixed/paper14_v3_sff_features.csv,sff_features_v3_N9_fixed,0.03553004140168635,-4.139706767838877,0.019104010692336026,0.9718899006081281,1.0_0.6_0.4
9,512,4,16,chain,1,1.0,0.6,0.0,0.4,0.2,1.0,"0,3,6,8",8,-15.34189122158023,-0.0918369022658164,0.160568459111908,0.223728056969956,0.0532903312071571,0.4177634285902776,0.5656785983499243,induced,0.0583671652257547,0.9338746436120764,96.07038123167156,6.171433657841985e-05,96.7741935483871,0.0694097126858366,0.098531947654571,4.565081060683499,4.572380363165111,0.0023591235863405,pos,1.0,1,0.9792448034788468,21.78373053949362,0.2796658164339396,-0.3689423166345685,papers/paper14_modular_spectral_action/results/sff_features_v3_N9_fixed/paper14_v3_sff_features.csv,sff_features_v3_N9_fixed,-0.06841306430897094,-2.3173744417207116,0.03567859834992426,0.9053350471466595,1.0_0.6_0.4
9,512,4,16,chain,2,1.0,0.6,0.0,0.4,0.2,1.0,"1,3,5,7",8,-15.039321028527445,-0.0333817266554278,0.2338502070254526,0.2292889918012526,0.0547259048307852,0.4092283112594388,0.4847472266769865,induced,0.0634422580517719,1.015076128828352,114.36950146627566,0.0001850187477882,115.89442815249268,0.0760176164835258,0.0497286842843969,4.739434447828275,4.752679674578296,0.0023416014172748,pos,1.0,1,0.9621394091152086,31.302538275244785,0.4450985074956018,0.1851280535829987,papers/paper14_modular_spectral_action/results/sff_features_v3_N9_fixed/paper14_v3_sff_features.csv,sff_features_v3_N9_fixed,0.014963613452883847,-3.001173363786326,0.04525277332301353,0.8521562054957568,1.0_0.6_0.4
9,512,4,16,chain,4,1.0,0.6,0.0,0.4,0.2,1.0,"1,4,6,8",8,-14.934555126839465,-0.0486166749749846,0.4940698413021836,0.2071454376851925,0.0489652646004981,0.3597614856094216,0.5512700959110232,induced,0.0631862558023302,1.010980092837284,87.03812316715543,0.0002480649336754,90.55718475073314,0.0621367034306253,0.0175866881062166,4.466346219997812,4.505981526855207,0.0021199373167082,pos,1.0,1,0.9864562562000796,25.612070862919435,0.317381071204037,-0.3851294378700541,papers/paper14_modular_spectral_action/results/sff_features_v3_N9_fixed/paper14_v3_sff_features.csv,sff_features_v3_N9_fixed,0.010920249277988018,-4.040613020722084,0.021270095911023135,0.9652722659394456,1.0_0.6_0.4
9,512,4,16,grid,0,1.0,0.6,0.0,0.4,0.2,1.0,"0,2,4,6",12,-19.063893316867063,0.1076132956646316,0.2754284816189416,0.1744748499698847,0.048820685488231,0.1833320038818131,0.4638870392036294,induced,0.0582824619402029,0.9325193910432464,87.74193548387098,0.0001234774484217,89.03225806451613,0.0715194888102089,0.0553319088053854,4.474399954804908,4.488998754226061,0.0024788104809741,pos,1.0,1,0.9667869439557448,114.45947006473084,1.175247325410533,0.94961606626669,papers/paper14_modular_spectral_action/results/sff_features_v3_N9_fixed/paper14_v3_sff_features.csv,sff_features_v3_N9_fixed,-0.06986533299592632,-2.894405524106085,0.06611296079637063,0.7107188153568619,1.0_0.6_0.4
9,512,4,16,grid,1,1.0,0.6,0.0,0.4,0.2,1.0,"2,3,4,7",12,-19.79674875498189,-0.0875409075778727,0.4309800901856908,0.1756824888730161,0.048933127306549,0.1533369050681474,0.5731236505940067,induced,0.0626403930246496,1.0022462883943948,50.08797653958945,3.25461297049761e-05,50.79178885630499,0.0779587754424772,0.110720184148564,3.913780990059064,3.927734704832929,0.0029660653232365,pos,1.0,1,0.9911529451606644,24.45325295037646,0.5274895181536504,-0.0345210244013139,papers/paper14_modular_spectral_action/results/sff_features_v3_N9_fixed/paper14_v3_sff_features.csv,sff_features_v3_N9_fixed,0.0022437692603817223,-2.200749123922651,0.04312365059400669,0.8647757130720074,1.0_0.6_0.4
9,512,4,16,grid,2,1.0,0.6,0.0,0.4,0.2,1.0,"3,4,5,6",12,-19.07182195948329,-0.0030011423075907,0.2501763915763066,0.1826219351710613,0.0505877340829821,0.2002298115733796,0.5863590710157452,induced,0.0536991524241182,0.8591864387858921,16.187683284457478,2.711984535752261e-06,20.87976539589443,0.0515240683045163,0.0109804890656958,2.7842506619876857,3.0387805271225528,0.0043211634214923,pos,1.0,1,0.9959107292330354,20.89337763037166,0.5545270368699703,-0.0005203580639346,papers/paper14_modular_spectral_action/results/sff_features_v3_N9_fixed/paper14_v3_sff_features.csv,sff_features_v3_N9_fixed,-0.15176933888807104,-4.511635302390346,0.05635907101574522,0.7802413811185185,1.0_0.6_0.4
9,512,4,16,grid,3,1.0,0.6,0.0,0.4,0.2,1.0,"2,3,5,8",12,-18.831113507504767,0.1079318482040876,0.2518237978330897,0.1856678447656687,0.050353196205432,0.2811662103082255,0.5439166182675431,induced,0.0521274362873997,0.8340389805983955,20.175953079178885,6.498587590364927e-05,20.997067448680355,0.0657844386423581,0.0800369049762889,3.0044914536439222,3.044382782671222,0.0043557269687758,pos,1.0,1,0.968206526029666,15.9318009512518,0.2487434336661447,-0.9063412754258252,papers/paper14_modular_spectral_action/results/sff_features_v3_N9_fixed/paper14_v3_sff_features.csv,sff_features_v3_N9_fixed,-0.18147513838902524,-2.5252674384764062,0.01391661826754309,0.9849832474443877,1.0_0.6_0.4
9,512,4,16,grid,4,1.0,0.6,0.0,0.4,0.2,1.0,"1,3,5,7",12,-19.093266569018283,-0.0711107744675712,0.3937418473339666,0.1785415225281005,0.0487906934973995,0.2373021760879135,0.4518218386689958,induced,0.063714578319512,1.019433253112193,112.25806451612904,7.400138274859644e-06,113.5483870967742,0.0729600744561113,0.0565383225963229,4.720800368283383,4.732229064107005,0.0041625397777592,pos,1.0,1,0.97010809422397,80.90415701026531,0.978403602721257,0.2931603878032479,papers/paper14_modular_spectral_action/results/sff_features_v3_N9_fixed/paper14_v3_sff_features.csv,sff_features_v3_N9_fixed,0.01924683867055916,-2.87283659471386,0.07817816133100425,0.620340771165179,1.0_0.6_0.4
9,512,4,16,er,2,1.0,0.6,0.0,0.4,0.2,1.0,"0,1,2,6",18,-25.379988637986976,-0.06493445579385,0.5086552492700865,0.1772268925750189,0.061911027815976,0.1440813264038462,0.5975288279565631,induced,0.066450870861544,1.0632139337847053,111.31964809384164,5.8848335966736734e-05,112.96187683284458,0.0831208780949763,0.0505788431211112,4.712405775440357,4.7270503886285535,0.0032722737108257,pos,1.0,1,0.9747407486757552,20.362768496797436,0.5027296481218526,0.1339476472830311,papers/paper14_modular_spectral_action/results/sff_features_v3_N9_fixed/paper14_v3_sff_features.csv,sff_features_v3_N9_fixed,0.0612963338471105,-2.984221910261457,0.06752882795656312,0.700289721975707,1.0_0.6_0.4
9,512,4,16,chain,0,1.0,0.6,0.0,0.6,0.2,1.0,"3,4,6,8",8,-16.76043666197364,-0.2704633757921057,0.5434131074684323,0.1913352347848111,0.0453645147503538,0.3363444591632689,0.5757935930321184,induced,0.0593545141549188,0.9496722264787024,81.40762463343108,7.26692680856904e-05,82.4633431085044,0.0709335351587489,0.0671209868575445,4.399468937337236,4.412353868641096,0.0017101869509602,pos,1.0,1,0.9813473881496504,25.793156954861946,0.3376226935758712,-0.9112364806211012,papers/paper14_modular_spectral_action/results/sff_features_v3_N9_fixed/paper14_v3_sff_features.csv,sff_features_v3_N9_fixed,-0.05163837868154776,-2.7012585140477134,0.045793593032118385,0.8488843862368828,1.0_0.6_0.6
9,512,4,16,chain,1,1.0,0.6,0.0,0.6,0.2,1.0,"0,3,6,8",8,-15.46136315392205,-0.1377553533987246,0.240852688667862,0.2193945360906732,0.0522275759602774,0.4171420597169116,0.5742106777794813,induced,0.0537815186067125,0.8605042977074001,22.63929618768329,1.6007898202510095e-05,25.21994134897361,0.0619247244813185,0.0239896276759574,3.1196871657353493,3.227635004958122,0.0023677612812941,pos,1.0,1,0.9800049533184674,22.26643204929857,0.2768016253057289,-0.4181689440364715,papers/paper14_modular_spectral_action/results/sff_features_v3_N9_fixed/paper14_v3_sff_features.csv,sff_features_v3_N9_fixed,-0.1502366689125675,-3.7301337222193984,0.04421067777948129,0.8583855878800075,1.0_0.6_0.6
9,512,4,16,chain,2,1.0,0.6,0.0,0.6,0.2,1.0,"1,3,5,7",8,-15.12445688231182,-0.0500725899831417,0.3507753105381789,0.2245217566090841,0.0535169263114254,0.3876903380874485,0.4925742851769926,induced,0.0582341244585723,0.9317459913371572,68.1524926686217,0.0002670855434641,71.20234604105572,0.0738693933131046,0.0241330643744686,4.221747733682346,4.265525767889931,0.0023029667600971,pos,1.0,1,0.9576444449581284,32.02786173042122,0.446969539495214,0.2018468861377262,papers/paper14_modular_spectral_action/results/sff_features_v3_N9_fixed/paper14_v3_sff_features.csv,sff_features_v3_N9_fixed,-0.07069504292646238,-3.7241724130250184,0.03742571482300744,0.8963462977451342,1.0_0.6_0.6
9,512,4,16,chain,3,1.0,0.6,0.0,0.6,0.2,1.0,"0,1,4,5",8,-14.531640129924616,-0.0913118247864539,0.3364533084464788,0.2356151116775862,0.0565645898751973,0.6641331760773616,0.5065212262274541,induced,0.0745017214749036,1.192027543598459,81.52492668621701,3.0739754496036915e-05,90.67448680351907,0.0849169734484368,0.0092776300287287,4.400908822395224,4.507276025417853,0.0017241413683282,pos,1.0,1,0.9614932902733664,20.998864297661964,0.2165425669345316,0.538384421094005,papers/paper14_modular_spectral_action/results/sff_features_v3_N9_fixed/paper14_v3_sff_features.csv,sff_features_v3_N9_fixed,0.1756556754218815,-4.680149149635557,0.023478773772545924,0.9578475700099767,1.0_0.6_0.6
9,512,4,16,chain,4,1.0,0.6,0.0,0.6,0.2,1.0,"1,4,6,8",8,-15.255097592914016,-0.072925012462477,0.7411047619532752,0.1955709652026501,0.045938261837512,0.3335665959592955,0.5173537409981831,induced,0.0564709946903899,0.9035359150462398,18.06451612903226,7.252869369369533e-05,19.70674486803519,0.0584033539766103,0.035519306109776,2.893949579244104,2.980960956233729,0.0020843886902514,pos,1.0,1,0.9829478940036176,25.76454212907261,0.2917910129168083,-0.4516049966574368,papers/paper14_modular_spectral_action/results/sff_features_v3_N9_fixed/paper14_v3_sff_features.csv,sff_features_v3_N9_fixed,-0.10143941872027022,-3.33767889624673,0.012646259001816929,0.9875833659162218,1.0_0.6_0.6
9,512,4,16,grid,2,1.0,0.6,0.0,0.6,0.2,1.0,"3,4,5,6",12,-19.13898194532757,-0.0045017134613861,0.37526458736446,0.1802400179048205,0.049686194141293,0.2011235042868538,0.5350122804079522,induced,0.0500285580686368,0.8004569290981898,103.81231671554252,5.91698722875612e-05,104.633431085044,0.0632479319080527,0.0769548851935562,4.642584621838359,4.650463109410438,0.0042688866832018,pos,1.0,1,0.9957970472342876,21.16104919840217,0.5535149664515883,0.0011595925240464,papers/paper14_modular_spectral_action/results/sff_features_v3_N9_fixed/paper14_v3_sff_features.csv,sff_features_v3_N9_fixed,-0.2225725529920469,-2.5645359354159782,0.005012280407952208,0.9980391940460183,1.0_0.6_0.6
9,512,4,16,grid,3,1.0,0.6,0.0,0.6,0.2,1.0,"2,3,5,8",12,-18.99889579961334,0.1618977723061314,0.3777356967496346,0.1814666842743218,0.0489559879248567,0.2665865950446445,0.5023630416980929,induced,0.0620596798765946,0.992954878025514,83.28445747800588,6.183532465380551e-05,85.04398826979472,0.0641270220710002,0.0364103811341737,4.422261946865793,4.443168631685106,0.0043040845037604,pos,1.0,1,0.9673516034904346,16.32474970154751,0.2474006053450984,-0.936918342288012,papers/paper14_modular_spectral_action/results/sff_features_v3_N9_fixed/paper14_v3_sff_features.csv,sff_features_v3_N9_fixed,-0.007070056024265155,-3.3129013490063057,0.027636958301907155,0.9420734930123845,1.0_0.6_0.6
9,512,4,16,grid,4,1.0,0.6,0.0,0.6,0.2,1.0,"1,3,5,7",12,-19.380294312484764,-0.1066661617013568,0.5906127710009499,0.1718679113200183,0.0463367743484023,0.2452814969247481,0.5178358902162243,induced,0.0544845318401761,0.8717525094428191,107.91788856304986,6.215546530460897e-05,109.79472140762464,0.0571156340858615,0.0303988065775154,4.681370646873515,4.69861245330802,0.0037397961239804,pos,1.0,1,0.9670885966329592,85.32533715265359,0.9586508030576404,0.2532011687112808,papers/paper14_modular_spectral_action/results/sff_features_v3_N9_fixed/paper14_v3_sff_features.csv,sff_features_v3_N9_fixed,-0.13724971480382733,-3.493351928659122,0.01216410978377569,0.9885067479814461,1.0_0.6_0.6
9,512,4,16,er,2,1.0,0.6,0.0,0.6,0.2,1.0,"0,1,2,6",18,-25.74182511974576,-0.097401683690775,0.7629828739051298,0.1674338271132456,0.0573812400624129,0.1412518140766412,0.4997678935306098,induced,0.0682413315014604,1.0918613040233671,27.096774193548388,0.0001810383540813,32.6099706744868,0.0761184489598317,0.0137737537322132,3.29941468735225,3.4846180905210877,0.0031377249160374,pos,1.0,1,0.9725133152564897,20.181750042171,0.4602659190963834,0.1055803750261796,papers/paper14_modular_spectral_action/results/sff_features_v3_N9_fixed/paper14_v3_sff_features.csv,sff_features_v3_N9_fixed,0.08788385828852478,-4.284990401196668,0.03023210646939023,0.9310849983791657,1.0_0.6_0.6
9,512,4,16,chain,1,1.0,0.8,0.0,0.2,0.2,1.0,"0,3,6,8",8,-16.875269711463407,-0.0459184511329082,0.080284229555954,0.1849569401224567,0.043966868140913,0.3337105157520686,0.5686408740360231,induced,0.0570339663205319,0.9125434611285114,61.7008797653959,7.377549789847017e-05,71.31964809384165,0.0625067918142245,0.0064907495621546,4.122298189568146,4.2671718587966,0.0025321385657173,pos,1.0,1,0.9779245663902326,24.88575703271697,0.2533315061969214,-0.6854496538658176,papers/paper14_modular_spectral_action/results/sff_features_v3_N9_fixed/paper14_v3_sff_features.csv,sff_features_v3_N9_fixed,-0.09151956602571279,-5.03737725999609,0.03864087403602312,0.8898968008750054,1.0_0.8_0.2
9,512,4,16,chain,2,1.0,0.8,0.0,0.2,0.2,1.0,"1,3,5,7",8,-16.591452284890373,-0.0166908633277139,0.1169251035127263,0.1884289642274227,0.0449490168726194,0.3390210408107952,0.4785189984557628,induced,0.0521106408860982,0.8337702541775713,95.01466275659824,9.37589705824772e-05,97.00879765395896,0.0675629475358379,0.0338338136775765,4.5540312244969146,4.574801671854122,0.0023178156253335,pos,1.0,1,0.956605570385147,41.136435579043386,0.4562856188235728,0.2554756558993795,papers/paper14_modular_spectral_action/results/sff_features_v3_N9_fixed/paper14_v3_sff_features.csv,sff_features_v3_N9_fixed,-0.18179738918071822,-3.3862945719023934,0.05148100154423724,0.8129756007601344,1.0_0.8_0.2
9,512,4,16,chain,3,1.0,0.8,0.0,0.2,0.2,1.0,"0,1,4,5",8,-15.809551778807364,-0.0304372749288179,0.1121511028154929,0.1989184410792678,0.0477438525511972,0.5733079777981266,0.5862626356764805,induced,0.0603425047362417,0.9654800757798682,36.48093841642229,4.961255865100799e-05,38.0058651026393,0.067014877598772,0.0439137603436178,3.596789889009681,3.637740492622776,0.0023119238518933,pos,1.0,1,0.9587316315845904,23.6524154858516,0.1954699646940766,-0.2236383098932053,papers/paper14_modular_spectral_action/results/sff_features_v3_N9_fixed/paper14_v3_sff_features.csv,sff_features_v3_N9_fixed,-0.03512981349442182,-3.1255275605525843,0.05626263567648049,0.7809036915395131,1.0_0.8_0.2
9,512,4,16,chain,4,1.0,0.8,0.0,0.2,0.2,1.0,"1,4,6,8",8,-16.36055530099782,-0.0243083374874923,0.2470349206510918,0.1737764350422933,0.0412000515317423,0.2987251337711864,0.589848362282358,induced,0.065464774734706,1.0474363957552968,3.870967741935484,0.0002519243257167,19.94134897360704,0.0671886780558824,0.0041652250040121,1.3535045382971582,2.992795413880732,0.0022128180314598,pos,1.0,1,0.9861805009005704,29.990765702450105,0.3165370902861428,-0.4567342393145709,papers/paper14_modular_spectral_action/results/sff_features_v3_N9_fixed/paper14_v3_sff_features.csv,sff_features_v3_N9_fixed,0.04634565092794323,-5.480984982250565,0.059848362282358014,0.7559120898712176,1.0_0.8_0.2
9,512,4,16,grid,0,1.0,0.8,0.0,0.2,0.2,1.0,"0,2,4,6",12,-20.590309728166325,0.0538066478323158,0.1377142408094708,0.1485072403712385,0.0404083182617364,0.158075099451149,0.4692924567958921,induced,0.0545038081340901,0.872060930145443,37.30205278592376,0.0001769098429813,39.17888563049853,0.0509634228820655,0.0270596889786371,3.6190483596106233,3.6681379698071455,0.0030304307991703,pos,1.0,1,0.963585382851246,142.0449778252832,1.1006463534695654,0.9226658966625396,papers/paper14_modular_spectral_action/results/sff_features_v3_N9_fixed/paper14_v3_sff_features.csv,sff_features_v3_N9_fixed,-0.13689598349422966,-3.609710150073579,0.06070754320410793,0.7498198297793484,1.0_0.8_0.2
9,512,4,16,grid,1,1.0,0.8,0.0,0.2,0.2,1.0,"2,3,4,7",12,-21.218864603309846,-0.0437704537889363,0.2154900450928454,0.1527258925870128,0.0415429999409408,0.1299829775722125,0.459452943643749,induced,0.0489950648489091,0.7839210375825462,104.39882697947216,1.06071235134764e-05,108.0351906158358,0.0401752629792703,0.0110452803603331,4.648218439556615,4.682457013085736,0.0029771581754637,pos,1.0,1,0.9911651508664686,26.704983054918035,0.4885449398627212,-0.121131210336537,papers/paper14_modular_spectral_action/results/sff_features_v3_N9_fixed/paper14_v3_sff_features.csv,sff_features_v3_N9_fixed,-0.24344698107326534,-4.505752058970636,0.07054705635625103,0.6778567412790014,1.0_0.8_0.2
9,512,4,16,grid,2,1.0,0.8,0.0,0.2,0.2,1.0,"3,4,5,6",12,-20.68635547833144,-0.0015005711537953,0.1250881957881533,0.1534345270634328,0.0412707814330178,0.1716911562076481,0.4699386594229883,induced,0.0592373916205151,0.9477982659282428,73.90029325513197,9.894991213272044e-06,74.72140762463343,0.0769650090750087,0.0937203353663374,4.302716796216012,4.313766632402596,0.0038478077872056,pos,1.0,1,0.9955056416149956,24.21637786944164,0.5427564261996732,0.0108113925177042,papers/paper14_modular_spectral_action/results/sff_features_v3_N9_fixed/paper14_v3_sff_features.csv,sff_features_v3_N9_fixed,-0.05361359902592653,-2.3674400869629286,0.060061340577011735,0.754405420983295,1.0_0.8_0.2
9,512,4,16,chain,1,1.0,0.8,0.0,0.4,0.2,1.0,"0,3,6,8",8,-16.938193154805198,-0.0918369022658164,0.160568459111908,0.1832155577714257,0.0435449830092745,0.3334718979636904,0.5619016947429918,induced,0.0547423382090623,0.8758774113449976,26.041055718475075,0.0001671760205156,26.979472140762464,0.0768271724824189,0.0816908087297157,3.2596743587027373,3.295076285753652,0.0025461577837231,pos,1.0,1,0.9781078619513413,25.099976912545653,0.2517864939280794,-0.7192539814080824,papers/paper14_modular_spectral_action/results/sff_features_v3_N9_fixed/paper14_v3_sff_features.csv,sff_features_v3_N9_fixed,-0.13252913922544413,-2.5048137836930855,0.03190169474299176,0.9235694965751637,1.0_0.8_0.4
9,512,4,16,chain,2,1.0,0.8,0.0,0.4,0.2,1.0,"1,3,5,7",8,-16.64029244232452,-0.0333817266554278,0.2338502070254526,0.1862762550913308,0.044408576309912,0.3289401015635346,0.4933980536029082,induced,0.0499220958387737,0.7987535334203801,60.64516129032258,0.0001877242269546,61.7008797653959,0.0635113641851597,0.059981558960411,4.105039851338865,4.122298189568146,0.0023140911346764,pos,1.0,1,0.9541245702704164,41.59189193090103,0.4571255370490255,0.2643466695862982,papers/paper14_modular_spectral_action/results/sff_features_v3_N9_fixed/paper14_v3_sff_features.csv,sff_features_v3_N9_fixed,-0.2247028496126901,-2.8137181146617474,0.0366019463970918,0.9006268516634947,1.0_0.8_0.4
9,512,4,16,chain,3,1.0,0.8,0.0,0.4,0.2,1.0,"0,1,4,5",8,-15.909845179570144,-0.0608745498576359,0.2243022056309859,0.1957929866546101,0.0469893390296814,0.5631804171719474,0.5468666805828007,induced,0.0630695011003961,1.0091120176063382,43.63636363636364,0.000168744809122,45.51319648093842,0.0761314840574314,0.0404738970057398,3.775890831103589,3.818002316453715,0.0023123167507028,pos,1.0,1,0.9574492738317258,23.53717607510691,0.1977294280835005,-0.0048620780041614,papers/paper14_modular_spectral_action/results/sff_features_v3_N9_fixed/paper14_v3_sff_features.csv,sff_features_v3_N9_fixed,0.00907075364975572,-3.207098031037696,0.01686668058280072,0.9780197802991929,1.0_0.8_0.4
9,512,4,16,chain,4,1.0,0.8,0.0,0.4,0.2,1.0,"1,4,6,8",8,-16.54301578986403,-0.0486166749749846,0.4940698413021836,0.1683706664332587,0.0397899693957211,0.2882032977482843,0.5599202663824683,induced,0.0637710316337019,1.0203365061392309,3.75366568914956,0.0001864992146001,6.099706744868035,0.0855949449393732,0.0364053499901845,1.3227328796304123,1.8082406954120107,0.0022154489551594,pos,1.0,1,0.9846926979042436,30.053422512059896,0.3034873535807345,-0.5123189205711055,papers/paper14_modular_spectral_action/results/sff_features_v3_N9_fixed/paper14_v3_sff_features.csv,sff_features_v3_N9_fixed,0.020132480868146337,-3.3130395373872923,0.029920266382468252,0.9324504688929496,1.0_0.8_0.4
9,512,4,16,grid,0,1.0,0.8,0.0,0.4,0.2,1.0,"0,2,4,6",12,-20.70321719121431,0.1076132956646316,0.2754284816189416,0.1460387189532939,0.0396126649138752,0.1564687021029293,0.4750225412952667,induced,0.0588550331570092,0.9416805305121474,94.07624633431084,3.348427786277612e-05,95.13196480938416,0.082041630969754,0.0776799389498187,4.544105584696944,4.555265030945843,0.0029546214085294,pos,1.0,1,0.963778031510991,144.90776704236396,1.0983579001614014,0.9316313509357882,papers/paper14_modular_spectral_action/results/sff_features_v3_N9_fixed/paper14_v3_sff_features.csv,sff_features_v3_N9_fixed,-0.06008920151031569,-2.555158240918291,0.054977458704733306,0.7896744947118534,1.0_0.8_0.4
9,512,4,16,grid,1,1.0,0.8,0.0,0.4,0.2,1.0,"2,3,4,7",12,-21.43017729056561,-0.0875409075778727,0.4309800901856908,0.1480503163446568,0.0400133202277236,0.1306165559108635,0.4962501286667792,induced,0.0771640395175645,1.2346246322810326,101.11436950146629,1.482628984466464e-05,109.91202346041057,0.0746133323108283,0.0084793635177184,4.616252247494122,4.699680259068851,0.0029167277392987,pos,1.0,1,0.9916938299951624,26.489910759621555,0.4762839805428961,-0.1160705481738731,papers/paper14_modular_spectral_action/results/sff_features_v3_N9_fixed/paper14_v3_sff_features.csv,sff_features_v3_N9_fixed,0.2107669824075214,-4.770119888868064,0.03374987133322083,0.9148560218131756,1.0_0.8_0.4
9,512,4,16,grid,2,1.0,0.8,0.0,0.4,0.2,1.0,"3,4,5,6",12,-20.72607521648925,-0.0030011423075907,0.2501763915763066,0.1524031987040509,0.0409099138500533,0.1721500483438067,0.4673843478550181,induced,0.0574274918537212,0.9188398696595405,4.34017595307918,9.235111292811636e-05,13.72434017595308,0.0750575462459559,0.0079884786063632,1.4679148894748746,2.6191709116282484,0.0038163297085757,pos,1.0,1,0.995446841831956,24.39118842768998,0.5429754675609252,0.0135710298823574,papers/paper14_modular_spectral_action/results/sff_features_v3_N9_fixed/paper14_v3_sff_features.csv,sff_features_v3_N9_fixed,-0.08464341592238575,-4.829754949554537,0.06261565214498194,0.7361611417055829,1.0_0.8_0.4
9,512,4,16,grid,3,1.0,0.8,0.0,0.4,0.2,1.0,"2,3,5,8",12,-20.460578335114874,0.1079318482040876,0.2518237978330897,0.1556023001074957,0.0411354211976261,0.2456434460372874,0.4826080704989119,induced,0.063921502972965,1.0227440475674403,57.59530791788857,0.0001433115040231,69.91202346041057,0.0646695917737155,0.0052389194218964,4.053441104624958,4.247237643895784,0.0039628131663222,pos,1.0,1,0.974045531794052,17.512918944221816,0.2302392609034202,-1.108677715716078,papers/paper14_modular_spectral_action/results/sff_features_v3_N9_fixed/paper14_v3_sff_features.csv,sff_features_v3_N9_fixed,0.022489257783487815,-5.251640019110219,0.047391929501088115,0.8390639464517828,1.0_0.8_0.4
9,512,4,16,er,0,1.0,0.8,0.0,0.4,0.2,1.0,"0,4,6,7",16,-23.806584537348357,-0.0089432785624367,0.2946113454613502,0.1432781143755849,0.0457154039149451,0.1187488973277274,0.4648762068792575,induced,0.0501306312937251,0.802090100699602,104.98533724340176,0.0001347922870519,114.60410557184753,0.0468467552068471,0.0048563351694055,4.653820695105284,4.741483628873211,0.0030992596155443,pos,1.0,1,0.9782323193065192,29.240995002397568,0.5461993879210449,0.2840387287637593,papers/paper14_modular_spectral_action/results/sff_features_v3_N9_fixed/paper14_v3_sff_features.csv,sff_features_v3_N9_fixed,-0.2205343324138783,-5.327471205900588,0.06512379312074251,0.7179634646425137,1.0_0.8_0.4
9,512,4,16,er,1,1.0,0.8,0.0,0.4,0.2,1.0,"0,1,3,6",19,-28.308414165720414,-0.1223835996613076,0.5515757152704825,0.1494069990651378,0.0530290847448742,0.0980444386974873,0.5014852236750892,induced,0.0512928912653129,0.8206862602450078,21.11436950146628,4.447732310503086e-05,30.733137829912025,0.0492352542217531,0.0051140411348899,3.049953827720677,3.4253414805915487,0.0049161903206325,pos,1.0,1,0.9631392261296609,30.564983516642695,0.828057566965434,0.5963119450643405,papers/paper14_modular_spectral_action/results/sff_features_v3_N9_fixed/paper14_v3_sff_features.csv,sff_features_v3_N9_fixed,-0.1976143859938521,-5.275765358561233,0.02851477632491084,0.9384526762288048,1.0_0.8_0.4
9,512,4,16,er,2,1.0,0.8,0.0,0.4,0.2,1.0,"0,1,2,6",18,-27.018612953348,-0.06493445579385,0.5086552492700865,0.1496775822639312,0.050191205573833,0.1234827554952117,0.4962353403135481,induced,0.0677159079360801,1.083454526977282,19.589442815249267,7.329127698041475e-05,20.87976539589443,0.0712942683540553,0.0551962572347329,2.974990789247226,3.0387805271225528,0.0033076063379679,pos,1.0,1,0.9747323543389051,22.284915884341405,0.4602618657798556,0.1000049866733886,papers/paper14_modular_spectral_action/results/sff_features_v3_N9_fixed/paper14_v3_sff_features.csv,sff_features_v3_N9_fixed,0.08015457247238907,-2.8968601317164704,0.033764659686451926,0.9147846637729201,1.0_0.8_0.4
9,512,4,16,chain,1,1.0,0.8,0.0,0.6,0.2,1.0,"0,3,6,8",8,-17.041590999410904,-0.1377553533987246,0.240852688667862,0.1804523376382467,0.0428764881776366,0.3330359156704397,0.5540443568032466,induced,0.0523909963239038,0.8382559411824609,85.3958944281525,1.7132697164841327e-05,88.21114369501467,0.0525114104168425,0.0186464048983438,4.447298025027117,4.47973330078027,0.0025668678130898,pos,1.0,1,0.9783705853383584,25.44210969655951,0.2492340281667709,-0.7760513652486257,papers/paper14_modular_spectral_action/results/sff_features_v3_N9_fixed/paper14_v3_sff_features.csv,sff_features_v3_N9_fixed,-0.17643180605881534,-3.9821019183190653,0.02404435680324657,0.9558383294122654,1.0_0.8_0.6
9,512,4,16,chain,2,1.0,0.8,0.0,0.6,0.2,1.0,"1,3,5,7",8,-16.721792508414072,-0.0500725899831417,0.3507753105381789,0.1827686368032995,0.0435297200205017,0.3123707481883419,0.5205353230848141,induced,0.0602087250390078,0.963339600624126,57.71260997067449,5.24999494784247e-05,64.1642228739003,0.0734531879028565,0.0113771066327736,4.055475693322745,4.161445779252416,0.0023130982013439,pos,1.0,1,0.9499134404644974,42.25390804541883,0.4577685113031825,0.2755900552760538,papers/paper14_modular_spectral_action/results/sff_features_v3_N9_fixed/paper14_v3_sff_features.csv,sff_features_v3_N9_fixed,-0.03734928072673865,-4.4761521328066545,0.009464676915185932,0.9930259860704576,1.0_0.8_0.6
9,512,4,16,chain,3,1.0,0.8,0.0,0.6,0.2,1.0,"0,1,4,5",8,-16.073356875589553,-0.0913118247864539,0.3364533084464788,0.1910150634293341,0.0458381390859028,0.5473034968053345,0.4547290182472207,induced,0.0402740308797705,0.6443844940763284,41.40762463343109,2.411841088546387e-05,44.80938416422288,0.0480779736859822,0.0141261764213862,3.7234650337637407,3.802417585437017,0.0023391514244397,pos,1.0,1,0.9550649125184631,23.341686539464057,0.2021541848683599,0.366288401672267,papers/paper14_modular_spectral_action/results/sff_features_v3_N9_fixed/paper14_v3_sff_features.csv,sff_features_v3_N9_fixed,-0.4394596905443563,-4.259725718947938,0.07527098175277935,0.6423419856312428,1.0_0.8_0.6
9,512,4,16,chain,4,1.0,0.8,0.0,0.6,0.2,1.0,"1,4,6,8",8,-16.846954053745527,-0.072925012462477,0.7411047619532752,0.159792549480513,0.0376094386619347,0.2724413581601042,0.5439765355525487,induced,0.058074964645974,0.9291994343355844,90.90909090909092,2.8863363157609024e-05,98.53372434017597,0.0814424303889208,0.0106777024445327,4.509860006183778,4.590398868667789,0.0022034861240967,pos,1.0,1,0.9817557250406472,29.84386664677737,0.2810634713727062,-0.6070943762094155,papers/paper14_modular_spectral_action/results/sff_features_v3_N9_fixed/paper14_v3_sff_features.csv,sff_features_v3_N9_fixed,-0.07343188685104418,-4.539597595509616,0.01397653555254863,0.9848546476512168,1.0_0.8_0.6
9,512,4,16,grid,1,1.0,0.8,0.0,0.6,0.2,1.0,"2,3,4,7",12,-21.77096291266885,-0.131311361366809,0.646470135278536,0.1417390667460906,0.0379682368550018,0.1317801625483535,0.5179440018090251,induced,0.0716649327189476,1.1466389235031615,37.5366568914956,8.72293933970957e-05,39.06158357771261,0.0610952790160117,0.0400072017717531,3.6253179726242175,3.665139466810889,0.0029242494493862,pos,1.0,1,0.9910094978754502,26.192522511878398,0.4593751627144422,-0.1123921498403208,papers/paper14_modular_spectral_action/results/sff_features_v3_N9_fixed/paper14_v3_sff_features.csv,sff_features_v3_N9_fixed,0.1368349878051669,-3.218695796780402,0.012055998190974915,0.9887089858277334,1.0_0.8_0.6
9,512,4,16,grid,2,1.0,0.8,0.0,0.6,0.2,1.0,"3,4,5,6",12,-20.79229768628345,-0.0045017134613861,0.37526458736446,0.1507240663788286,0.0403250028796494,0.172917264709611,0.4660214052770118,induced,0.0692874872881574,1.108599796610519,4.34017595307918,3.940190141305617e-05,18.885630498533725,0.0578534950006521,0.0039747189005726,1.4679148894748746,2.9384013418149357,0.0037638954121959,pos,1.0,1,0.9953261362345172,24.68901332391153,0.5434845928259542,0.0185255162123639,papers/paper14_modular_spectral_action/results/sff_features_v3_N9_fixed/paper14_v3_sff_features.csv,sff_features_v3_N9_fixed,0.10309777453838626,-5.527801250213477,0.06397859472298822,0.7263044619247143,1.0_0.8_0.6
9,512,4,16,grid,3,1.0,0.8,0.0,0.6,0.2,1.0,"2,3,5,8",12,-20.60755250062557,0.1618977723061314,0.3777356967496346,0.1526776640924716,0.0402296487475977,0.2347178835774662,0.5225304173009401,induced,0.0678147010340848,1.0850352165453574,62.40469208211144,2.9274025243749648e-05,69.0909090909091,0.0670243842299347,0.0100198827104384,4.13364046617208,4.2354231604820205,0.0039159976877322,pos,1.0,1,0.9736605986389502,17.846818698801687,0.2295695207603323,-1.1346047850318852,papers/paper14_modular_spectral_action/results/sff_features_v3_N9_fixed/paper14_v3_sff_features.csv,sff_features_v3_N9_fixed,0.08161244411117559,-4.603183888938998,0.007469582699059951,0.9956505282121682,1.0_0.8_0.6
9,512,4,16,grid,4,1.0,0.8,0.0,0.6,0.2,1.0,"1,3,5,7",12,-20.99794516612272,-0.1066661617013568,0.5906127710009499,0.144955478412658,0.0382333351330594,0.2058518175988603,0.4898610381496851,induced,0.0698265173568811,1.1172242777100976,93.13782991202346,1.5538903116105804e-05,98.29912023460412,0.068998359529483,0.0133654214963585,4.534080438077566,4.588015077312513,0.0035067505172332,pos,1.0,1,0.9688020415544674,115.71924111235911,0.9494322515457808,0.2714384872920504,papers/paper14_modular_spectral_action/results/sff_features_v3_N9_fixed/paper14_v3_sff_features.csv,sff_features_v3_N9_fixed,0.11084728570678092,-4.315084392562807,0.0401389618503149,0.8817294463621038,1.0_0.8_0.6
9,512,4,16,er,0,1.0,0.8,0.0,0.6,0.2,1.0,"0,4,6,7",16,-23.91749237233332,-0.013414917843655,0.4419170181920253,0.1405161622688858,0.0445815729478161,0.1179757944274934,0.4820218662976197,induced,0.043723308644933,0.6995729383189285,85.04398826979472,1.1913128511397246e-05,85.8651026392962,0.0635467711398691,0.0773763806495457,4.443168631685106,4.452777490791743,0.0030180863669959,pos,1.0,1,0.9785254492822086,29.29747812050415,0.535557625532657,0.2746761569661817,papers/paper14_modular_spectral_action/results/sff_features_v3_N9_fixed/paper14_v3_sff_features.csv,sff_features_v3_N9_fixed,-0.3572852182340311,-2.5590737045237035,0.0479781337023803,0.8354071734409414,1.0_0.8_0.6
9,512,4,16,er,1,1.0,0.8,0.0,0.6,0.2,1.0,"0,1,3,6",19,-28.65367275666008,-0.1835753994919614,0.8273635729057237,0.1424258984539933,0.0497972652361136,0.0953385757479351,0.4593613751131917,induced,0.0838938650769184,1.3423018412306948,5.161290322580646,4.092530739977991e-06,7.272727272727273,0.0982056594717377,0.0465093532317781,1.6411866107488746,1.9841313618756489,0.0045864059790814,pos,1.0,1,0.9700999441979602,33.0801645396804,0.8311630880747133,0.6160577358202326,papers/paper14_modular_spectral_action/results/sff_features_v3_N9_fixed/paper14_v3_sff_features.csv,sff_features_v3_N9_fixed,0.29438593220886233,-3.0681018418463015,0.07063862488680833,0.6771724428461702,1.0_0.8_0.6
9,512,4,16,er,2,1.0,0.8,0.0,0.6,0.2,1.0,"0,1,2,6",18,-27.365524579637395,-0.097401683690775,0.7629828739051298,0.142771958625672,0.0471820076167656,0.1216152226733012,0.5808896028811185,induced,0.0513245841687956,0.8211933467007303,117.30205278592376,1.7876566455778472e-06,119.0615835777126,0.0447387966502715,0.0254255334447109,4.7647522558125655,4.779640868306315,0.0030581970755694,pos,1.0,1,0.9733531258664928,22.05681668861835,0.4301312556299379,0.0757168250859505,papers/paper14_modular_spectral_action/results/sff_features_v3_N9_fixed/paper14_v3_sff_features.csv,sff_features_v3_N9_fixed,-0.19699669579330364,-3.6720013561580407,0.050889602881118434,0.8168299460888901,1.0_0.8_0.6
9,512,4,16,er,4,1.0,0.8,0.0,0.6,0.2,1.0,"2,5,7,8",15,-23.9001716945248,-0.2120656950628986,0.5303377558019492,0.1340724011700022,0.0410552018370017,0.1485676433596716,0.4595220980446913,induced,0.0551747219860971,0.882795551777555,29.794721407624635,6.452133286929149e-06,47.50733137829912,0.0612984709559303,0.0034603606653181,3.3943312438489897,3.86088404393698,0.0031277209603095,pos,1.0,1,0.993158530280734,35.66041824717988,0.532700867593078,-0.1720379820048588,papers/paper14_modular_spectral_action/results/sff_features_v3_N9_fixed/paper14_v3_sff_features.csv,sff_features_v3_N9_fixed,-0.1246616433780467,-5.66638245681372,0.07047790195530873,0.6783734064798941,1.0_0.8_0.6
