subset_type,subset,trace,hermiticity_residual,lambda_min,lambda_max,condition_number_positive_spectrum,condition_kind,q,epsilon
single,0,0.9999999999999898,0.0,0.2817966990654646,0.7182033009345251,2.5486576078298144,baseline,,0.0
single,1,0.9999999999999896,0.0,0.2706596493493099,0.7293403506506797,2.694677069168158,baseline,,0.0
single,2,0.9999999999999898,0.0,0.2705706206329171,0.7294293793670726,2.6958927678873486,baseline,,0.0
single,3,0.9999999999999898,0.0,0.2494738850608316,0.7505261149391582,3.008435591389256,baseline,,0.0
single,4,0.9999999999999898,0.0,0.2834950375594546,0.7165049624405352,2.5273986049588952,baseline,,0.0
single,5,0.9999999999999898,0.0,0.28595720661944535,0.7140427933805444,2.4970267468404796,baseline,,0.0
single,6,0.9999999999999898,0.0,0.28595720661944524,0.7140427933805445,2.497026746840481,baseline,,0.0
single,7,0.9999999999999899,0.0,0.2834950375594546,0.7165049624405353,2.5273986049588957,baseline,,0.0
single,8,0.9999999999999899,0.0,0.24947388506083165,0.7505261149391582,3.0084355913892553,baseline,,0.0
single,9,0.9999999999999899,0.0,0.27057062063291737,0.7294293793670725,2.6958927678873454,baseline,,0.0
single,10,0.9999999999999899,0.0,0.27065964934930997,0.7293403506506799,2.694677069168158,baseline,,0.0
single,11,0.9999999999999899,0.0,0.2817966990654648,0.7182033009345251,2.5486576078298127,baseline,,0.0
pair,"0,1",0.9999999999999898,0.0,0.04449691943353965,0.5524384661869407,12.415207012522735,baseline,,0.0
pair,"0,2",0.9999999999999899,0.0,0.06834016764581131,0.5313548553480117,7.775147086291636,baseline,,0.0
pair,"0,3",0.9999999999999898,0.0,0.07089035854764615,0.5431353685626927,7.661625356255545,baseline,,0.0
pair,"0,4",0.9999999999999898,0.0,0.08597717545484201,0.5227494516456351,6.080095663531073,baseline,,0.0
pair,"0,5",0.9999999999999898,0.0,0.09144906979913628,0.5301013095283587,5.796683451157044,baseline,,0.0
pair,"0,6",0.9999999999999898,0.0,0.10142176176826127,0.5396608112023822,5.320956782780543,baseline,,0.0
pair,"0,7",0.99999999999999,0.0,0.09038856216544865,0.5261246168007525,5.820699037536693,baseline,,0.0
pair,"0,8",0.99999999999999,0.0,0.07173641435801921,0.5404698566705699,7.534107489304033,baseline,,0.0
pair,"0,9",0.9999999999999899,0.0,0.07629136614233607,0.5239497318017531,6.867746093630373,baseline,,0.0
pair,"0,10",0.99999999999999,0.0,0.07626789108209761,0.5238191534661183,6.868147867131396,baseline,,0.0
pair,"0,11",0.9999999999999899,0.0,0.0794091651020369,0.5158162007434622,6.495675909457852,baseline,,0.0
pair,"1,2",0.9999999999999899,0.0,0.04244853539870839,0.5508730781196938,12.977434272949157,baseline,,0.0
pair,"1,3",0.9999999999999898,0.0,0.06702703997840732,0.562382353513303,8.390380265852016,baseline,,0.0
pair,"1,4",0.9999999999999898,0.0,0.07012318875354369,0.5559620398385988,7.928362211145214,baseline,,0.0
pair,"1,5",0.9999999999999898,0.0,0.06751460144095381,0.5200718061363571,7.7031011816191475,baseline,,0.0
pair,"1,6",0.9999999999999897,0.0,0.07612662129077973,0.5218766862483273,6.8553769679981285,baseline,,0.0
pair,"1,7",0.9999999999999898,0.0,0.08297776724193635,0.5301425973293792,6.388971587818876,baseline,,0.0
pair,"1,8",0.9999999999999898,0.0,0.0714999435812829,0.551514944140427,7.713501808759489,baseline,,0.0
pair,"1,9",0.9999999999999898,0.0,0.07392882334571046,0.532703609337829,7.205628132978229,baseline,,0.0
pair,"1,10",0.9999999999999898,0.0,0.07327826331084675,0.5319856527952413,7.259801594076481,baseline,,0.0
pair,"1,11",0.9999999999999899,0.0,0.07626789108209758,0.5238191534661181,6.868147867131396,baseline,,0.0
pair,"2,3",0.9999999999999898,0.0,0.015282294137957477,0.6632580258692216,43.40042272984728,baseline,,0.0
pair,"2,4",0.9999999999999898,0.0,0.042602602100371166,0.5437954007730685,12.764370577456601,baseline,,0.0
pair,"2,5",0.9999999999999898,0.0,0.07343123656000038,0.537317819738437,7.3172922711085855,baseline,,0.0
pair,"2,6",0.9999999999999898,0.0,0.07772149737528422,0.5228239886627044,6.7268903240271944,baseline,,0.0
pair,"2,7",0.9999999999999898,0.0,0.07927417836039344,0.5256096477930139,6.630275565941612,baseline,,0.0
pair,"2,8",0.9999999999999899,0.0,0.07176018715591165,0.5519583255305385,7.69170688380887,baseline,,0.0
pair,"2,9",0.9999999999999898,0.0,0.07680476073503809,0.5357090709744466,6.974946160206679,baseline,,0.0
pair,"2,10",0.9999999999999899,0.0,0.07392882334571066,0.5327036093378292,7.205628132978213,baseline,,0.0
pair,"2,11",0.9999999999999899,0.0,0.07629136614233611,0.5239497318017532,6.867746093630371,baseline,,0.0
pair,"3,4",0.9999999999999898,0.0,0.03418498842172867,0.6013993767314706,17.592499061641014,baseline,,0.0
pair,"3,5",0.9999999999999897,0.0,0.06488882418362042,0.5428890918331519,8.366449826504805,baseline,,0.0
pair,"3,6",0.9999999999999898,0.0,0.07046167889278544,0.539810718163316,7.6610538756065205,baseline,,0.0
pair,"3,7",0.9999999999999899,0.0,0.07244630820764937,0.5398490988893461,7.451713030593671,baseline,,0.0
pair,"3,8",0.9999999999999899,0.0,0.06517053331122791,0.5663151574760772,8.689742567727455,baseline,,0.0
pair,"3,9",0.99999999999999,0.0,0.07176018715591176,0.5519583255305385,7.691706883808858,baseline,,0.0
pair,"3,10",0.9999999999999898,0.0,0.07149994358128285,0.551514944140427,7.713501808759493,baseline,,0.0
pair,"3,11",0.9999999999999898,0.0,0.0717364143580191,0.5404698566705701,7.534107489304048,baseline,,0.0
pair,"4,5",0.9999999999999898,0.0,0.048124617838030556,0.5505578331171637,11.440253613444478,baseline,,0.0
pair,"4,6",0.9999999999999898,0.0,0.0774188799090938,0.5180021954148422,6.690902736168319,baseline,,0.0
pair,"4,7",0.9999999999999898,0.0,0.07981088455308508,0.5166212195058877,6.473067206293954,baseline,,0.0
pair,"4,8",0.99999999999999,0.0,0.07244630820764937,0.5398490988893458,7.451713030593669,baseline,,0.0
pair,"4,9",0.9999999999999901,0.0,0.0792741783603935,0.5256096477930138,6.630275565941606,baseline,,0.0
pair,"4,10",0.99999999999999,0.0,0.08297776724193653,0.530142597329379,6.388971587818859,baseline,,0.0
pair,"4,11",0.9999999999999899,0.0,0.09038856216544838,0.5261246168007521,5.820699037536706,baseline,,0.0
pair,"5,6",0.9999999999999898,0.0,0.048866841587068124,0.5480819761893259,11.215825668061337,baseline,,0.0
pair,"5,7",0.99999999999999,0.0,0.0774188799090939,0.5180021954148424,6.690902736168313,baseline,,0.0
pair,"5,8",0.9999999999999899,0.0,0.07046167889278541,0.539810718163316,7.661053875606523,baseline,,0.0
pair,"5,9",0.9999999999999898,0.0,0.07772149737528433,0.5228239886627043,6.726890324027183,baseline,,0.0
pair,"5,10",0.9999999999999899,0.0,0.07612662129077989,0.5218766862483273,6.855376967998113,baseline,,0.0
pair,"5,11",0.99999999999999,0.0,0.10142176176826119,0.5396608112023822,5.320956782780548,baseline,,0.0
pair,"6,7",0.9999999999999899,0.0,0.0481246178380306,0.5505578331171637,11.440253613444469,baseline,,0.0
pair,"6,8",0.9999999999999898,0.0,0.06488882418362028,0.5428890918331518,8.366449826504821,baseline,,0.0
pair,"6,9",0.9999999999999898,0.0,0.07343123656000043,0.537317819738437,7.31729227110858,baseline,,0.0
pair,"6,10",0.9999999999999899,0.0,0.06751460144095389,0.5200718061363571,7.703101181619138,baseline,,0.0
pair,"6,11",0.99999999999999,0.0,0.09144906979913625,0.5301013095283591,5.79668345115705,baseline,,0.0
pair,"7,8",0.9999999999999899,0.0,0.03418498842172874,0.6013993767314707,17.592499061640982,baseline,,0.0
pair,"7,9",0.9999999999999898,0.0,0.04260260210037101,0.5437954007730685,12.764370577456647,baseline,,0.0
pair,"7,10",0.9999999999999898,0.0,0.07012318875354355,0.5559620398385987,7.928362211145227,baseline,,0.0
pair,"7,11",0.99999999999999,0.0,0.08597717545484188,0.5227494516456349,6.08009566353108,baseline,,0.0
pair,"8,9",0.9999999999999899,0.0,0.015282294137957588,0.6632580258692214,43.40042272984696,baseline,,0.0
pair,"8,10",0.99999999999999,0.0,0.06702703997840735,0.5623823535133028,8.390380265852011,baseline,,0.0
pair,"8,11",0.9999999999999899,0.0,0.07089035854764623,0.5431353685626927,7.661625356255535,baseline,,0.0
pair,"9,10",0.99999999999999,0.0,0.04244853539870842,0.5508730781196939,12.97743427294915,baseline,,0.0
pair,"9,11",0.9999999999999899,0.0,0.06834016764581134,0.531354855348012,7.775147086291636,baseline,,0.0
pair,"10,11",0.9999999999999898,0.0,0.044496919433539374,0.5524384661869409,12.415207012522819,baseline,,0.0
modular_A,"0,1,2,3",0.9999999999999899,0.0,0.0003142460094062331,0.38295630201602343,1218.6512813308855,baseline,,0.0
single,0,0.9999999999999896,0.0,0.2818069434271912,0.7181930565727984,2.5485286055712595,perturbed,0,0.075
single,1,0.9999999999999897,0.0,0.27075241065615047,0.7292475893438393,2.693411251912979,perturbed,0,0.075
single,2,0.9999999999999896,0.0,0.2708607237657752,0.7291392762342144,2.691934312575832,perturbed,0,0.075
single,3,0.9999999999999896,0.0,0.24965482704443837,0.7503451729555513,3.005530403071239,perturbed,0,0.075
single,4,0.9999999999999896,0.0,0.28350907556358074,0.7164909244364088,2.5272239451668845,perturbed,0,0.075
single,5,0.9999999999999896,0.0,0.2859573382287115,0.7140426617712781,2.497025137365699,perturbed,0,0.075
single,6,0.9999999999999896,0.0,0.28595720654103995,0.7140427934589496,2.4970267477993136,perturbed,0,0.075
single,7,0.9999999999999895,0.0,0.2834950375594545,0.716504962440535,2.5273986049588957,perturbed,0,0.075
single,8,0.9999999999999895,0.0,0.2494738850608314,0.750526114939158,3.0084355913892575,perturbed,0,0.075
single,9,0.9999999999999896,0.0,0.27057062063291715,0.7294293793670724,2.695892767887347,perturbed,0,0.075
single,10,0.9999999999999897,0.0,0.27065964934930986,0.7293403506506798,2.6946770691681587,perturbed,0,0.075
single,11,0.9999999999999896,0.0,0.2817966990654647,0.718203300934525,2.5486576078298135,perturbed,0,0.075
pair,"0,1",0.9999999999999896,0.0,0.04451666647776794,0.5523982552982659,12.408796502634335,perturbed,0,0.075
pair,"0,2",0.9999999999999896,0.0,0.06842868502049304,0.5311338052362986,7.761859008064155,perturbed,0,0.075
pair,"0,3",0.9999999999999896,0.0,0.07094063333880395,0.5430140549920797,7.654485580904103,perturbed,0,0.075
pair,"0,4",0.9999999999999896,0.0,0.08598841783498631,0.5227286085991347,6.079058340185565,perturbed,0,0.075
pair,"0,5",0.9999999999999896,0.0,0.09146843122842697,0.5300772990954303,5.795193948080859,perturbed,0,0.075
pair,"0,6",0.9999999999999896,0.0,0.10143847444060505,0.5396368572798926,5.319843976910994,perturbed,0,0.075
pair,"0,7",0.9999999999999896,0.0,0.09039358239198171,0.5261142139034255,5.820260686449949,perturbed,0,0.075
pair,"0,8",0.9999999999999895,0.0,0.07173890950464579,0.5404621175776044,7.53373756737415,perturbed,0,0.075
pair,"0,9",0.9999999999999897,0.0,0.07629420669618808,0.5239421843166334,6.867391470534962,perturbed,0,0.075
pair,"0,10",0.9999999999999896,0.0,0.07627068518219834,0.5238116602675144,6.867798014613516,perturbed,0,0.075
pair,"0,11",0.9999999999999896,0.0,0.07941205314915369,0.5158088419853251,6.495347010063071,perturbed,0,0.075
pair,"1,2",0.9999999999999897,0.0,0.04258002063353654,0.5505715146384584,12.930278248968758,perturbed,0,0.075
pair,"1,3",0.9999999999999897,0.0,0.0671146227827645,0.5621527426895856,8.376009867613385,perturbed,0,0.075
pair,"1,4",0.9999999999999896,0.0,0.07024259054200438,0.5557790002167158,7.912279372503573,perturbed,0,0.075
pair,"1,5",0.9999999999999897,0.0,0.06756435001390611,0.5199825904561687,7.696108825869645,perturbed,0,0.075
pair,"1,6",0.9999999999999896,0.0,0.07616037048948193,0.5218074425218162,6.851429938801046,perturbed,0,0.075
pair,"1,7",0.9999999999999896,0.0,0.08300802679345226,0.5300739522964375,6.38581559847716,perturbed,0,0.075
pair,"1,8",0.9999999999999896,0.0,0.07152337577003022,0.551444965260166,7.709996337885842,perturbed,0,0.075
pair,"1,9",0.9999999999999896,0.0,0.07395390395820471,0.5326359091376294,7.202268989594522,perturbed,0,0.075
pair,"1,10",0.9999999999999896,0.0,0.0733034404387697,0.5319179246599771,7.2563841680021515,perturbed,0,0.075
pair,"1,11",0.9999999999999896,0.0,0.07629405100100552,0.5237525118432264,6.864919413393366,perturbed,0,0.075
pair,"2,3",0.9999999999999897,0.0,0.015518670877101116,0.6625600906593742,42.69438381073136,perturbed,0,0.075
pair,"2,4",0.9999999999999896,0.0,0.0427831612884827,0.5435133722429192,12.70390863774795,perturbed,0,0.075
pair,"2,5",0.9999999999999896,0.0,0.07353009588661154,0.5370747353773839,7.3041484429122745,perturbed,0,0.075
pair,"2,6",0.9999999999999897,0.0,0.07779863518022911,0.522617719417062,6.717569250493411,perturbed,0,0.075
pair,"2,7",0.9999999999999897,0.0,0.07934661372764452,0.5254050731096364,6.621644559565926,perturbed,0,0.075
pair,"2,8",0.9999999999999896,0.0,0.07181835142612515,0.5517449958289155,7.68250711514117,perturbed,0,0.075
pair,"2,9",0.9999999999999896,0.0,0.07685289136090971,0.5355076358450612,6.967956915638449,perturbed,0,0.075
pair,"2,10",0.9999999999999896,0.0,0.0739823158246155,0.5325011181997008,7.197681125068625,perturbed,0,0.075
pair,"2,11",0.9999999999999896,0.0,0.07636573710001453,0.5237440886771697,6.858364871031541,perturbed,0,0.075
pair,"3,4",0.9999999999999897,0.0,0.03425836360635805,0.601154454155106,17.547669849692912,perturbed,0,0.075
pair,"3,5",0.9999999999999897,0.0,0.0649519451676561,0.5427586322155044,8.356310666516883,perturbed,0,0.075
pair,"3,6",0.9999999999999898,0.0,0.07051638765374663,0.5396818809361498,7.65328314300677,perturbed,0,0.075
pair,"3,7",0.9999999999999896,0.0,0.07249849603652334,0.5397214102979524,7.444587678426477,perturbed,0,0.075
pair,"3,8",0.9999999999999896,0.0,0.06521614277371304,0.5661826153440673,8.681632970974803,perturbed,0,0.075
pair,"3,9",0.9999999999999898,0.0,0.07180420945391476,0.5518299456952183,7.685203275573874,perturbed,0,0.075
pair,"3,10",0.9999999999999898,0.0,0.07153496882194409,0.5513876857692248,7.707946125504999,perturbed,0,0.075
pair,"3,11",0.9999999999999898,0.0,0.07177766442460928,0.5403430590836173,7.528011163572472,perturbed,0,0.075
pair,"4,5",0.9999999999999896,0.0,0.048128451842406245,0.5505442188374183,11.439059387161313,perturbed,0,0.075
pair,"4,6",0.9999999999999896,0.0,0.07742168871695738,0.5179931899845435,6.690543677989929,perturbed,0,0.075
pair,"4,7",0.9999999999999897,0.0,0.07981302288311669,0.516612613567047,6.472785955289623,perturbed,0,0.075
pair,"4,8",0.9999999999999896,0.0,0.07244786239100777,0.539839742337153,7.451424024405142,perturbed,0,0.075
pair,"4,9",0.9999999999999896,0.0,0.07926871631594974,0.5256035582784876,6.630655606728053,perturbed,0,0.075
pair,"4,10",0.9999999999999896,0.0,0.08291214376981014,0.5301571726744002,6.394204136685709,perturbed,0,0.075
pair,"4,11",0.9999999999999897,0.0,0.09021906614243476,0.5261683448877664,5.832119167106762,perturbed,0,0.075
pair,"5,6",0.9999999999999898,0.0,0.048866803798696415,0.5480819082784147,11.215832951469512,perturbed,0,0.075
pair,"5,7",0.9999999999999897,0.0,0.07741880085853978,0.5180021571286947,6.690909073562017,perturbed,0,0.075
pair,"5,8",0.9999999999999897,0.0,0.07046156645872477,0.539810697648596,7.6610658090436905,perturbed,0,0.075
pair,"5,9",0.9999999999999897,0.0,0.07772103263866724,0.5228240997561908,6.726931977176007,perturbed,0,0.075
pair,"5,10",0.9999999999999898,0.0,0.07612460739458103,0.5218774539978062,6.855568414201848,perturbed,0,0.075
pair,"5,11",0.9999999999999898,0.0,0.10140975816469969,0.5396635228702104,5.321613350006636,perturbed,0,0.075
pair,"6,7",0.9999999999999897,0.0,0.04812461730926656,0.5505578334310037,11.440253745664425,perturbed,0,0.075
pair,"6,8",0.9999999999999898,0.0,0.06488882351542492,0.5428890921774849,8.366449917965197,perturbed,0,0.075
pair,"6,9",0.9999999999999897,0.0,0.07343123445716408,0.5373178207382228,7.317292494267758,perturbed,0,0.075
pair,"6,10",0.9999999999999897,0.0,0.06751459843422686,0.5200718077653428,7.70310154880059,perturbed,0,0.075
pair,"6,11",0.9999999999999897,0.0,0.09144906954182522,0.5301013098576284,5.796683471067804,perturbed,0,0.075
pair,"7,8",0.9999999999999897,0.0,0.03418498842172874,0.6013993767314705,17.592499061640975,perturbed,0,0.075
pair,"7,9",0.9999999999999898,0.0,0.04260260210037102,0.5437954007730685,12.764370577456646,perturbed,0,0.075
pair,"7,10",0.9999999999999897,0.0,0.07012318875354355,0.5559620398385987,7.928362211145227,perturbed,0,0.075
pair,"7,11",0.9999999999999898,0.0,0.08597717545484207,0.5227494516456349,6.080095663531067,perturbed,0,0.075
pair,"8,9",0.9999999999999896,0.0,0.015282294137957574,0.6632580258692213,43.400422729846994,perturbed,0,0.075
pair,"8,10",0.9999999999999897,0.0,0.0670270399784073,0.5623823535133028,8.390380265852016,perturbed,0,0.075
pair,"8,11",0.9999999999999898,0.0,0.07089035854764626,0.5431353685626927,7.6616253562555325,perturbed,0,0.075
pair,"9,10",0.9999999999999896,0.0,0.04244853539870829,0.5508730781196935,12.977434272949182,perturbed,0,0.075
pair,"9,11",0.9999999999999898,0.0,0.0683401676458113,0.5313548553480119,7.775147086291639,perturbed,0,0.075
pair,"10,11",0.9999999999999898,0.0,0.0444969194335394,0.5524384661869406,12.415207012522803,perturbed,0,0.075
modular_A,"0,1,2,3",0.9999999999999897,0.0,0.00029707153034917765,0.38285361511597615,1288.7590226702987,perturbed,0,0.075
single,0,0.99999999999999,0.0,0.2818058093646477,0.7181941906353423,2.548542885806949,perturbed,1,0.075
single,1,0.99999999999999,0.0,0.2710103160075016,0.7289896839924884,2.6898964391167675,perturbed,1,0.075
single,2,0.99999999999999,0.0,0.2705373936763401,0.7294626063236499,2.6963466913425993,perturbed,1,0.075
single,3,0.9999999999999898,0.0,0.24954371511960582,0.750456284880384,3.007313906986965,perturbed,1,0.075
single,4,0.99999999999999,0.0,0.28356399258961335,0.7164360074103766,2.526540837810939,perturbed,1,0.075
single,5,0.9999999999999899,0.0,0.28596537039312897,0.7140346296068609,2.4969269133015883,perturbed,1,0.075
single,6,0.9999999999999902,0.0,0.2859572994855165,0.7140427005144737,2.4970256111634574,perturbed,1,0.075
single,7,0.99999999999999,0.0,0.28349503747971744,0.7165049625202726,2.527398605951029,perturbed,1,0.075
single,8,0.99999999999999,0.0,0.24947388506083162,0.7505261149391584,3.0084355913892566,perturbed,1,0.075
single,9,0.99999999999999,0.0,0.2705706206329172,0.7294293793670727,2.695892767887348,perturbed,1,0.075
single,10,0.99999999999999,0.0,0.27065964934931,0.7293403506506799,2.6946770691681574,perturbed,1,0.075
single,11,0.9999999999999901,0.0,0.28179669906546473,0.7182033009345254,2.5486576078298144,perturbed,1,0.075
pair,"0,1",0.99999999999999,0.0,0.04453233049661872,0.5523411945641563,12.403150439344172,perturbed,1,0.075
pair,"0,2",0.99999999999999,0.0,0.06830681170627885,0.5314471288698366,7.780294755303083,perturbed,1,0.075
pair,"0,3",0.99999999999999,0.0,0.07088049891172843,0.5431050527961282,7.66226340297757,perturbed,1,0.075
pair,"0,4",0.99999999999999,0.0,0.08596954356949268,0.522695940469043,6.080012976299294,perturbed,1,0.075
pair,"0,5",0.99999999999999,0.0,0.09146502538269406,0.5300715716266695,5.795347122124818,perturbed,1,0.075
pair,"0,6",0.9999999999999902,0.0,0.10143376555554623,0.5396357403094753,5.320079929537515,perturbed,1,0.075
pair,"0,7",0.99999999999999,0.0,0.0903886424820927,0.5261114634047308,5.820548344986607,perturbed,1,0.075
pair,"0,8",0.9999999999999902,0.0,0.07173803966302729,0.5404624256285196,7.5338332099290115,perturbed,1,0.075
pair,"0,9",0.99999999999999,0.0,0.07629386396091158,0.5239429982182725,6.867432988932237,perturbed,1,0.075
pair,"0,10",0.99999999999999,0.0,0.07627037598500049,0.5238124886229281,6.867836717180237,perturbed,1,0.075
pair,"0,11",0.9999999999999901,0.0,0.07941173349499032,0.5158096565347398,6.4953834129219645,perturbed,1,0.075
pair,"1,2",0.99999999999999,0.0,0.04254546690652616,0.5507508886253565,12.944995757958774,perturbed,1,0.075
pair,"1,3",0.99999999999999,0.0,0.06710230727368684,0.5620474944416484,8.375978670141002,perturbed,1,0.075
pair,"1,4",0.99999999999999,0.0,0.07025397309473158,0.5555814033746294,7.908184817184282,perturbed,1,0.075
pair,"1,5",0.99999999999999,0.0,0.0676411374980224,0.5198267329049104,7.685067876336474,perturbed,1,0.075
pair,"1,6",0.99999999999999,0.0,0.07623434770902851,0.5216429302937317,6.842623383946826,perturbed,1,0.075
pair,"1,7",0.99999999999999,0.0,0.0830695919219809,0.5298937395716651,6.378913478584825,perturbed,1,0.075
pair,"1,8",0.9999999999999902,0.0,0.07158112098970226,0.5512523791119215,7.70108614520336,perturbed,1,0.075
pair,"1,9",0.99999999999999,0.0,0.07401941364873225,0.5324491405493028,7.193371499483935,perturbed,1,0.075
pair,"1,10",0.99999999999999,0.0,0.07337201284904114,0.5317303199302916,7.247045559787181,perturbed,1,0.075
pair,"1,11",0.9999999999999901,0.0,0.07636659452880844,0.523567342692902,6.855973425597655,perturbed,1,0.075
pair,"2,3",0.99999999999999,0.0,0.015295403307535187,0.6632644810618429,43.36364773951986,perturbed,1,0.075
pair,"2,4",0.99999999999999,0.0,0.04263720521976461,0.5437471938743551,12.752880754536402,perturbed,1,0.075
pair,"2,5",0.99999999999999,0.0,0.0734390192402358,0.5373176093422208,7.316513958125343,perturbed,1,0.075
pair,"2,6",0.9999999999999901,0.0,0.07771624075770171,0.5228501092377624,6.72768142334455,perturbed,1,0.075
pair,"2,7",0.99999999999999,0.0,0.07927063730626933,0.5256414342852939,6.630972730223301,perturbed,1,0.075
pair,"2,8",0.9999999999999902,0.0,0.07175655558331795,0.5519889857096429,7.69252343876397,perturbed,1,0.075
pair,"2,9",0.99999999999999,0.0,0.0767969396531628,0.5357344008788549,6.9759863257362404,perturbed,1,0.075
pair,"2,10",0.99999999999999,0.0,0.07391988219934274,0.5327278996863384,7.20682830973282,perturbed,1,0.075
pair,"2,11",0.9999999999999901,0.0,0.07628202105351836,0.523973568955399,6.868899928435126,perturbed,1,0.075
pair,"3,4",0.9999999999999899,0.0,0.03424715017276502,0.6012411946397354,17.555948206104205,perturbed,1,0.075
pair,"3,5",0.9999999999999901,0.0,0.06492340808362822,0.5428288649304507,8.361065460877064,perturbed,1,0.075
pair,"3,6",0.9999999999999901,0.0,0.07048415284077457,0.5397570485655017,7.657849698283614,perturbed,1,0.075
pair,"3,7",0.9999999999999902,0.0,0.07246635762763314,0.5398020177001667,7.449001652241556,perturbed,1,0.075
pair,"3,8",0.9999999999999902,0.0,0.06518793730920695,0.566267035267447,8.686684356669607,perturbed,1,0.075
pair,"3,9",0.99999999999999,0.0,0.07176884428002661,0.5519121778728358,7.690136066834141,perturbed,1,0.075
pair,"3,10",0.9999999999999902,0.0,0.0714866847201329,0.5514735824248526,7.7143538630144395,perturbed,1,0.075
pair,"3,11",0.9999999999999902,0.0,0.0717294320978128,0.5404281790498221,7.534259832322038,perturbed,1,0.075
pair,"4,5",0.99999999999999,0.0,0.048155050037336625,0.550456822338406,11.43092618347637,perturbed,1,0.075
pair,"4,6",0.9999999999999901,0.0,0.07744507971424577,0.517954397268005,6.688022004485443,perturbed,1,0.075
pair,"4,7",0.9999999999999901,0.0,0.07983219044095052,0.5165750665486621,6.470761527340994,perturbed,1,0.075
pair,"4,8",0.99999999999999,0.0,0.07246359451984147,0.5398007908475011,7.4492687593588345,perturbed,1,0.075
pair,"4,9",0.9999999999999901,0.0,0.07928550633831641,0.5255674847561893,6.62879647275706,perturbed,1,0.075
pair,"4,10",0.9999999999999901,0.0,0.08292804207394744,0.5301207521375703,6.392539108361661,perturbed,1,0.075
pair,"4,11",0.9999999999999901,0.0,0.09024670543729764,0.5261271801943713,5.8298768652548585,perturbed,1,0.075
pair,"5,6",0.99999999999999,0.0,0.04886884642011756,0.5480741408013473,11.21520520639351,perturbed,1,0.075
pair,"5,7",0.9999999999999901,0.0,0.07741977857904753,0.517997486816735,6.690764250737899,perturbed,1,0.075
pair,"5,8",0.99999999999999,0.0,0.07046148086030188,0.5398063303284526,7.661013134235452,perturbed,1,0.075
pair,"5,9",0.99999999999999,0.0,0.07771520694610562,0.5228219906503817,6.727409102995135,perturbed,1,0.075
pair,"5,10",0.99999999999999,0.0,0.07609104219504553,0.5218877176244153,6.858727421378343,perturbed,1,0.075
pair,"5,11",0.99999999999999,0.0,0.10120052914232809,0.5397089754184494,5.3330647575903924,perturbed,1,0.075
pair,"6,7",0.99999999999999,0.0,0.048124568069186156,0.5505577988122393,11.440264731742245,perturbed,1,0.075
pair,"6,8",0.99999999999999,0.0,0.06488872851033675,0.5428890849486231,8.366462056074054,perturbed,1,0.075
pair,"6,9",0.9999999999999901,0.0,0.07343085586177905,0.5373179603271218,7.317332121779029,perturbed,1,0.075
pair,"6,10",0.99999999999999,0.0,0.06751402141777817,0.5200720907042836,7.70317157507278,perturbed,1,0.075
pair,"6,11",0.99999999999999,0.0,0.09144901786524523,0.5301013479313963,5.7966871630324945,perturbed,1,0.075
pair,"7,8",0.9999999999999901,0.0,0.03418498806854708,0.6013993770406051,17.592499252440593,perturbed,1,0.075
pair,"7,9",0.99999999999999,0.0,0.04260260170913845,0.5437954012529312,12.764370705939413,perturbed,1,0.075
pair,"7,10",0.99999999999999,0.0,0.07012318858181607,0.5559620401867118,7.9283622355256185,perturbed,1,0.075
pair,"7,11",0.99999999999999,0.0,0.08597717092837662,0.5227494534271842,6.080096004352844,perturbed,1,0.075
pair,"8,9",0.9999999999999902,0.0,0.01528229413795763,0.6632580258692218,43.40042272984686,perturbed,1,0.075
pair,"8,10",0.99999999999999,0.0,0.0670270399784073,0.5623823535133029,8.390380265852018,perturbed,1,0.075
pair,"8,11",0.99999999999999,0.0,0.0708903585476464,0.543135368562693,7.661625356255521,perturbed,1,0.075
pair,"9,10",0.9999999999999901,0.0,0.042448535398708395,0.550873078119694,12.97743427294916,perturbed,1,0.075
pair,"9,11",0.99999999999999,0.0,0.06834016764581134,0.5313548553480121,7.775147086291637,perturbed,1,0.075
pair,"10,11",0.9999999999999901,0.0,0.04449691943353946,0.5524384661869407,12.41520701252279,perturbed,1,0.075
modular_A,"0,1,2,3",0.99999999999999,0.0,0.00030260575067730407,0.3831517757608829,1266.1747997296732,perturbed,1,0.075
single,0,0.9999999999999898,0.0,0.2819462932707203,0.7180537067292695,2.546774771888226,perturbed,2,0.075
single,1,0.9999999999999898,0.0,0.27053383243453366,0.7294661675654561,2.6963953491546357,perturbed,2,0.075
single,2,0.99999999999999,0.0,0.27063858038509137,0.7293614196148988,2.6949646963751106,perturbed,2,0.075
single,3,0.9999999999999899,0.0,0.24955414270516602,0.7504458572948239,3.0071464619260313,perturbed,2,0.075
single,4,0.9999999999999899,0.0,0.2835605393755095,0.7164394606244804,2.5265837841975753,perturbed,2,0.075
single,5,0.99999999999999,0.0,0.28602472294602077,0.7139752770539692,2.4962012713450377,perturbed,2,0.075
single,6,0.99999999999999,0.0,0.28596537032595415,0.7140346296740359,2.4969269141230357,perturbed,2,0.075
single,7,0.9999999999999899,0.0,0.2834951301607628,0.7165048698392271,2.527397452763706,perturbed,2,0.075
single,8,0.99999999999999,0.0,0.24947388492885686,0.7505261150711331,3.008435593509768,perturbed,2,0.075
single,9,0.99999999999999,0.0,0.2705706206329172,0.7294293793670727,2.695892767887348,perturbed,2,0.075
single,10,0.99999999999999,0.0,0.27065964934930997,0.72934035065068,2.6946770691681583,perturbed,2,0.075
single,11,0.99999999999999,0.0,0.28179669906546473,0.7182033009345252,2.5486576078298135,perturbed,2,0.075
pair,"0,1",0.9999999999999899,0.0,0.0445558909326532,0.5526498549675726,12.403519341649119,perturbed,2,0.075
pair,"0,2",0.9999999999999898,0.0,0.06840833812586473,0.5312697848719903,7.766155404835375,perturbed,2,0.075
pair,"0,3",0.9999999999999899,0.0,0.07091768106257977,0.5429568509823635,7.656156304705493,perturbed,2,0.075
pair,"0,4",0.9999999999999899,0.0,0.08597835871920403,0.5225669947340492,6.0778898611067484,perturbed,2,0.075
pair,"0,5",0.9999999999999899,0.0,0.09141192819326709,0.5298869330915604,5.796693534034753,perturbed,2,0.075
pair,"0,6",0.99999999999999,0.0,0.10130035077603346,0.5394445368510126,5.325199100679118,perturbed,2,0.075
pair,"0,7",0.99999999999999,0.0,0.09039602144010636,0.5259934438195828,5.818767634238084,perturbed,2,0.075
pair,"0,8",0.9999999999999899,0.0,0.0717707023584847,0.5403567287997917,7.528931876697887,perturbed,2,0.075
pair,"0,9",0.9999999999999899,0.0,0.07633142811792663,0.5238407251179807,6.862713537976573,perturbed,2,0.075
pair,"0,10",0.9999999999999899,0.0,0.07630835678449509,0.5237100517873354,6.863075996595786,perturbed,2,0.075
pair,"0,11",0.99999999999999,0.0,0.07945132008520733,0.5157087613395637,6.490877191045955,perturbed,2,0.075
pair,"1,2",0.9999999999999899,0.0,0.04246058306395427,0.5510009019846832,12.976762498874871,perturbed,2,0.075
pair,"1,3",0.9999999999999898,0.0,0.06703503921944721,0.5624343262913214,8.39015435569636,perturbed,2,0.075
pair,"1,4",0.9999999999999899,0.0,0.07012617674074717,0.5560068816519682,7.928663838433638,perturbed,2,0.075
pair,"1,5",0.99999999999999,0.0,0.06749955203764053,0.5201084803574902,7.705361956586857,perturbed,2,0.075
pair,"1,6",0.9999999999999899,0.0,0.07609044517666452,0.5219551374490762,6.859667284600797,perturbed,2,0.075
pair,"1,7",0.9999999999999899,0.0,0.08295902587704514,0.5302486115910228,6.391692838545531,perturbed,2,0.075
pair,"1,8",0.9999999999999898,0.0,0.07147409225484556,0.5516147200067121,7.717687662823245,perturbed,2,0.075
pair,"1,9",0.99999999999999,0.0,0.07389507371438749,0.5327957382459448,7.2101658671491204,perturbed,2,0.075
pair,"1,10",0.9999999999999898,0.0,0.07324425030963397,0.5320773785789016,7.264425211939351,perturbed,2,0.075
pair,"1,11",0.99999999999999,0.0,0.07623244895984127,0.5239095027146654,6.872526199317791,perturbed,2,0.075
pair,"2,3",0.9999999999999898,0.0,0.015324131141129104,0.663194949016602,43.277817378932774,perturbed,2,0.075
pair,"2,4",0.99999999999999,0.0,0.0426598842179895,0.5436904353494595,12.74477053362905,perturbed,2,0.075
pair,"2,5",0.9999999999999901,0.0,0.07348898000442451,0.5371961437040497,7.309887056150554,perturbed,2,0.075
pair,"2,6",0.99999999999999,0.0,0.07775223661409732,0.5227766682089465,6.723622251583712,perturbed,2,0.075
pair,"2,7",0.9999999999999898,0.0,0.07930380223334381,0.5255744828470519,6.6273554110381685,perturbed,2,0.075
pair,"2,8",0.9999999999999899,0.0,0.07178247134176961,0.551914599505837,7.688709920254341,perturbed,2,0.075
pair,"2,9",0.9999999999999899,0.0,0.07682185922751139,0.5356612779403204,6.972771595568071,perturbed,2,0.075
pair,"2,10",0.99999999999999,0.0,0.07394496032546283,0.5326548949207028,7.20339685864006,perturbed,2,0.075
pair,"2,11",0.9999999999999899,0.0,0.07630980254413708,0.5239011802659252,6.865450607907213,perturbed,2,0.075
pair,"3,4",0.9999999999999898,0.0,0.0342374823086861,0.6013071824500605,17.56283295099383,perturbed,2,0.075
pair,"3,5",0.99999999999999,0.0,0.06492415994180206,0.5427767192739178,8.360165457057313,perturbed,2,0.075
pair,"3,6",0.9999999999999899,0.0,0.07049649319029805,0.539750642523617,7.6564183280239995,perturbed,2,0.075
pair,"3,7",0.99999999999999,0.0,0.07246892296234439,0.5397912143256406,7.448588888317296,perturbed,2,0.075
pair,"3,8",0.9999999999999899,0.0,0.06519190651993419,0.5662575547377151,8.68601004274306,perturbed,2,0.075
pair,"3,9",0.9999999999999899,0.0,0.07178123296447224,0.5519021137690161,7.688668625156903,perturbed,2,0.075
pair,"3,10",0.99999999999999,0.0,0.07151361108097234,0.5514592765778481,7.711249204762575,perturbed,2,0.075
pair,"3,11",0.9999999999999899,0.0,0.07175080757249255,0.5404149007982691,7.531830220200205,perturbed,2,0.075
pair,"4,5",0.99999999999999,0.0,0.048181744075788055,0.5504310257094347,11.424057727001903,perturbed,2,0.075
pair,"4,6",0.9999999999999899,0.0,0.07744979469847325,0.5179466732784674,6.687515122472979,perturbed,2,0.075
pair,"4,7",0.9999999999999902,0.0,0.07983255371806593,0.5165717537239078,6.4706905850490015,perturbed,2,0.075
pair,"4,8",0.99999999999999,0.0,0.07246339901065364,0.5398031290679269,7.449321125394139,perturbed,2,0.075
pair,"4,9",0.99999999999999,0.0,0.07928825848657707,0.5255678671760344,6.628571205975085,perturbed,2,0.075
pair,"4,10",0.99999999999999,0.0,0.08295301509517967,0.5301095637320205,6.39047975680904,perturbed,2,0.075
pair,"4,11",0.99999999999999,0.0,0.09029578519316511,0.5261093827142813,5.826510967137643,perturbed,2,0.075
pair,"5,6",0.9999999999999901,0.0,0.04889679786364648,0.5479826957444701,11.20692396407171,perturbed,2,0.075
pair,"5,7",0.99999999999999,0.0,0.07744440912458399,0.51795534588632,6.68809216496301,perturbed,2,0.075
pair,"5,8",0.9999999999999898,0.0,0.07047965774898056,0.5397639221830455,7.658435631249256,perturbed,2,0.075
pair,"5,9",0.9999999999999901,0.0,0.07773490238694393,0.5227813847930904,6.72518223784243,perturbed,2,0.075
pair,"5,10",0.9999999999999901,0.0,0.07611011416624097,0.5218526821382995,6.8565484082504495,perturbed,2,0.075
pair,"5,11",0.99999999999999,0.0,0.10121956971447944,0.5396769271828737,5.331744925464478,perturbed,2,0.075
pair,"6,7",0.99999999999999,0.0,0.0481265807100245,0.5505499476125408,11.43962316645247,perturbed,2,0.075
pair,"6,8",0.9999999999999901,0.0,0.06488929024428287,0.5428843536299233,8.36631671553465,perturbed,2,0.075
pair,"6,9",0.9999999999999901,0.0,0.0734268414569523,0.5373164797893224,7.317712012770331,perturbed,2,0.075
pair,"6,10",0.99999999999999,0.0,0.06750610923463334,0.5200738998215912,7.704101239399716,perturbed,2,0.075
pair,"6,11",0.9999999999999901,0.0,0.09144799064024965,0.5301002496586611,5.796740266760375,perturbed,2,0.075
pair,"7,8",0.9999999999999899,0.0,0.03418495473424446,0.6013993347753112,17.592515170800123,perturbed,2,0.075
pair,"7,9",0.99999999999999,0.0,0.042602555092506066,0.5437954533536851,12.764385895937508,perturbed,2,0.075
pair,"7,10",0.99999999999999,0.0,0.07012316227569058,0.5559620784380175,7.928365755272726,perturbed,2,0.075
pair,"7,11",0.9999999999999898,0.0,0.08597624718958068,0.5227498010213468,6.080165372520447,perturbed,2,0.075
pair,"8,9",0.9999999999999899,0.0,0.015282294041743612,0.6632580262303202,43.40042302671508,perturbed,2,0.075
pair,"8,10",0.9999999999999901,0.0,0.06702703913378225,0.5623823541861663,8.390380381620057,perturbed,2,0.075
pair,"8,11",0.99999999999999,0.0,0.07089035789774514,0.543135369168503,7.6616254350407065,perturbed,2,0.075
pair,"9,10",0.99999999999999,0.0,0.042448535398708215,0.5508730781196938,12.97743427294921,perturbed,2,0.075
pair,"9,11",0.9999999999999901,0.0,0.06834016764581123,0.531354855348012,7.775147086291648,perturbed,2,0.075
pair,"10,11",0.9999999999999899,0.0,0.044496919433539485,0.5524384661869408,12.415207012522785,perturbed,2,0.075
modular_A,"0,1,2,3",0.9999999999999898,0.0,0.0003070503256829433,0.38332427332577124,1248.4086199002686,perturbed,2,0.075
single,0,0.9999999999999903,0.0,0.28087477705581493,0.7191252229441755,2.5603054517112165,perturbed,3,0.075
single,1,0.9999999999999903,0.0,0.2705569471975724,0.729443052802418,2.6960795513032862,perturbed,3,0.075
single,2,0.9999999999999903,0.0,0.27062602692389714,0.7293739730760932,2.6951360937697273,perturbed,3,0.075
single,3,0.9999999999999903,0.0,0.24955389457359844,0.7504461054263919,3.0071504462338505,perturbed,3,0.075
single,4,0.9999999999999902,0.0,0.28357719397073916,0.716422806029251,2.526376666605901,perturbed,3,0.075
single,5,0.9999999999999901,0.0,0.28602262355936875,0.7139773764406214,2.496226933225174,perturbed,3,0.075
single,6,0.9999999999999902,0.0,0.2860247227579372,0.713975277242053,2.4962012736440635,perturbed,3,0.075
single,7,0.9999999999999905,0.0,0.2835031998653515,0.716496800134639,2.5272970480577848,perturbed,3,0.075
single,8,0.9999999999999902,0.0,0.24947396336159572,0.7505260366383946,3.0084343332877492,perturbed,3,0.075
single,9,0.9999999999999902,0.0,0.2705706198824752,0.729429380117515,2.695892778138104,perturbed,3,0.075
single,10,0.9999999999999901,0.0,0.2706596493493099,0.7293403506506801,2.694677069168159,perturbed,3,0.075
single,11,0.9999999999999903,0.0,0.2817966990654649,0.7182033009345254,2.548657607829813,perturbed,3,0.075
pair,"0,1",0.9999999999999902,0.0,0.044328426948899616,0.5534012044958703,12.484115557130266,perturbed,3,0.075
pair,"0,2",0.9999999999999903,0.0,0.06813099201715124,0.5320333400732198,7.808976859448724,perturbed,3,0.075
pair,"0,3",0.9999999999999903,0.0,0.0707237584017728,0.5438123215229003,7.689245224123565,perturbed,3,0.075
pair,"0,4",0.9999999999999903,0.0,0.08572236746307181,0.5233478324747665,6.1051490755924185,perturbed,3,0.075
pair,"0,5",0.9999999999999902,0.0,0.09109277166736479,0.5306048929736883,5.824884711064123,perturbed,3,0.075
pair,"0,6",0.9999999999999902,0.0,0.10085423647941136,0.5400548261806106,5.354805559316874,perturbed,3,0.075
pair,"0,7",0.9999999999999905,0.0,0.0899831873294363,0.5266654100393978,5.852931260494583,perturbed,3,0.075
pair,"0,8",0.9999999999999903,0.0,0.07149084543963657,0.5411491177771404,7.56948829530993,perturbed,3,0.075
pair,"0,9",0.9999999999999902,0.0,0.0760410050896643,0.5246220756283944,6.899199649054907,perturbed,3,0.075
pair,"0,10",0.9999999999999902,0.0,0.07601832369912477,0.5244915582495091,6.899541225420994,perturbed,3,0.075
pair,"0,11",0.9999999999999903,0.0,0.07914937004496048,0.516478328001058,6.525362459709718,perturbed,3,0.075
pair,"1,2",0.9999999999999902,0.0,0.04246836937876806,0.5509747059449409,12.973766452648384,perturbed,3,0.075
pair,"1,3",0.9999999999999902,0.0,0.06701937691413322,0.5624014605746805,8.391624728102775,perturbed,3,0.075
pair,"1,4",0.9999999999999902,0.0,0.07013043205893323,0.5559589374388729,7.927499105832969,perturbed,3,0.075
pair,"1,5",0.9999999999999905,0.0,0.0675626597880471,0.520170445894119,7.6990818230952085,perturbed,3,0.075
pair,"1,6",0.9999999999999902,0.0,0.0761040112681313,0.5218917775475307,6.857611955679843,perturbed,3,0.075
pair,"1,7",0.9999999999999905,0.0,0.08290162044033142,0.530168943663799,6.395157788808109,perturbed,3,0.075
pair,"1,8",0.9999999999999903,0.0,0.07146688279003231,0.5515862180481139,7.718067397295873,perturbed,3,0.075
pair,"1,9",0.9999999999999902,0.0,0.0738996653127617,0.5327788075824913,7.209488775458446,perturbed,3,0.075
pair,"1,10",0.9999999999999901,0.0,0.07325018667608121,0.5320606587012596,7.263608228796451,perturbed,3,0.075
pair,"1,11",0.9999999999999902,0.0,0.0762389321635913,0.5238929174423136,6.871724230320531,perturbed,3,0.075
pair,"2,3",0.9999999999999902,0.0,0.01531756829633618,0.663193630125966,43.29627374892108,perturbed,3,0.075
pair,"2,4",0.9999999999999902,0.0,0.042679507644144396,0.5436760592913146,12.738573833241176,perturbed,3,0.075
pair,"2,5",0.9999999999999902,0.0,0.07348607049340143,0.537243015841938,7.310814311267044,perturbed,3,0.075
pair,"2,6",0.9999999999999902,0.0,0.07775162162062225,0.5227308606598108,6.723086281214816,perturbed,3,0.075
pair,"2,7",0.9999999999999903,0.0,0.07928703389185074,0.5255581908328447,6.62855154286283,perturbed,3,0.075
pair,"2,8",0.9999999999999903,0.0,0.07178200311365698,0.551925788779939,7.688915951621468,perturbed,3,0.075
pair,"2,9",0.9999999999999902,0.0,0.07682050297320966,0.5356710789349199,6.9730222818474585,perturbed,3,0.075
pair,"2,10",0.9999999999999903,0.0,0.07394262441728768,0.5326637704688588,7.2037444527641465,perturbed,3,0.075
pair,"2,11",0.9999999999999902,0.0,0.07630656632070615,0.5239100525435593,6.865858048724619,perturbed,3,0.075
pair,"3,4",0.9999999999999905,0.0,0.03423471868479831,0.6013241239632507,17.564745587650016,perturbed,3,0.075
pair,"3,5",0.9999999999999905,0.0,0.0649380462752065,0.5427917163995433,8.35860866677756,perturbed,3,0.075
pair,"3,6",0.9999999999999901,0.0,0.07050412413112712,0.5396982357380451,7.654846328340837,perturbed,3,0.075
pair,"3,7",0.9999999999999903,0.0,0.07247754258011814,0.5397926579995209,7.4477229605684165,perturbed,3,0.075
pair,"3,8",0.9999999999999903,0.0,0.06519422411441822,0.5662602709066376,8.685742925827759,perturbed,3,0.075
pair,"3,9",0.9999999999999902,0.0,0.07178145974822302,0.5519021644565169,7.688645039991394,perturbed,3,0.075
pair,"3,10",0.9999999999999901,0.0,0.07151440229041799,0.5514588727262376,7.711158243157491,perturbed,3,0.075
pair,"3,11",0.9999999999999902,0.0,0.07175147391618661,0.5404147590896855,7.5317582983862845,perturbed,3,0.075
pair,"4,5",0.9999999999999902,0.0,0.0481784688138118,0.5504705065794763,11.425653826957396,perturbed,3,0.075
pair,"4,6",0.9999999999999902,0.0,0.07745675347020299,0.5178927167607911,6.686217709344355,perturbed,3,0.075
pair,"4,7",0.9999999999999902,0.0,0.07984541517850673,0.5165606472970652,6.469509190254873,perturbed,3,0.075
pair,"4,8",0.9999999999999902,0.0,0.07246652243719691,0.5397867701484794,7.448774302869101,perturbed,3,0.075
pair,"4,9",0.9999999999999903,0.0,0.07929724722120103,0.5255519093773873,6.627618584430191,perturbed,3,0.075
pair,"4,10",0.9999999999999905,0.0,0.08299228033471587,0.5300868412589044,6.387182508071993,perturbed,3,0.075
pair,"4,11",0.9999999999999902,0.0,0.09038001954777974,0.5260755940389059,5.82070679638207,perturbed,3,0.075
pair,"5,6",0.9999999999999901,0.0,0.04892405204623607,0.5479555881342864,11.200126833657123,perturbed,3,0.075
pair,"5,7",0.9999999999999902,0.0,0.07744969122528324,0.517946593181647,6.687523022849248,perturbed,3,0.075
pair,"5,8",0.9999999999999902,0.0,0.0704816562496627,0.5397584804221736,7.658141268846199,perturbed,3,0.075
pair,"5,9",0.9999999999999903,0.0,0.07773627880789567,0.5227805954227083,6.725053005362144,perturbed,3,0.075
pair,"5,10",0.9999999999999902,0.0,0.07612627915820061,0.521842491766782,6.854958596916623,perturbed,3,0.075
pair,"5,11",0.9999999999999901,0.0,0.10131372860249221,0.5396370029830717,5.326395646737625,perturbed,3,0.075
pair,"6,7",0.9999999999999902,0.0,0.04815406074262168,0.5504578863751926,11.431183121135541,perturbed,3,0.075
pair,"6,8",0.9999999999999902,0.0,0.06490966326133288,0.5428404687004581,8.363014710381833,perturbed,3,0.075
pair,"6,9",0.9999999999999902,0.0,0.07344741837298868,0.5372781378289933,7.315139861016338,perturbed,3,0.075
pair,"6,10",0.9999999999999902,0.0,0.06752498840838637,0.5200451549238487,7.701521572705089,perturbed,3,0.075
pair,"6,11",0.9999999999999902,0.0,0.09144825058858844,0.5300846968259402,5.7965537166009815,perturbed,3,0.075
pair,"7,8",0.9999999999999901,0.0,0.0341862613962155,0.6013905394800305,17.591585476691108,perturbed,3,0.075
pair,"7,9",0.9999999999999902,0.0,0.04260338152818067,0.5437931028049723,12.764083114981657,perturbed,3,0.075
pair,"7,10",0.9999999999999901,0.0,0.07012352233762321,0.5559604157348373,7.928301334580125,perturbed,3,0.075
pair,"7,11",0.9999999999999902,0.0,0.08596037157745612,0.5227547087544656,6.081345382312921,perturbed,3,0.075
pair,"8,9",0.9999999999999905,0.0,0.015282282588298977,0.6632580113173479,43.4004545777198,perturbed,3,0.075
pair,"8,10",0.9999999999999902,0.0,0.06702687813087103,0.5623824791199052,8.390402399793178,perturbed,3,0.075
pair,"8,11",0.9999999999999903,0.0,0.07089024994075423,0.5431354643592649,7.661638445529316,perturbed,3,0.075
pair,"9,10",0.9999999999999903,0.0,0.04244853439162145,0.5508730808675109,12.977434645570307,perturbed,3,0.075
pair,"9,11",0.9999999999999905,0.0,0.06834016649251881,0.5313548582322507,7.775147259707335,perturbed,3,0.075
pair,"10,11",0.9999999999999903,0.0,0.044496919433539554,0.5524384661869409,12.41520701252277,perturbed,3,0.075
modular_A,"0,1,2,3",0.9999999999999902,0.0,0.0003096716147618285,0.38378530178544457,1239.329933680288,perturbed,3,0.075
single,0,0.9999999999999897,0.0,0.2815706343912918,0.7184293656086979,2.5515067193062264,perturbed,4,0.075
single,1,0.9999999999999897,0.0,0.2704790224993695,0.7295209775006202,2.6971443876107646,perturbed,4,0.075
single,2,0.9999999999999898,0.0,0.2706102572100029,0.7293897427899869,2.6953514264758827,perturbed,4,0.075
single,3,0.9999999999999898,0.0,0.24955507061357893,0.7504449293864108,3.0071315623493375,perturbed,4,0.075
single,4,0.9999999999999898,0.0,0.2835751315136519,0.7164248684863379,2.5264023141318646,perturbed,4,0.075
single,5,0.9999999999999897,0.0,0.2860393409197167,0.713960659080273,2.4960225987958133,perturbed,4,0.075
single,6,0.9999999999999897,0.0,0.2860226236010356,0.7139773763989541,2.4962269327158535,perturbed,4,0.075
single,7,0.99999999999999,0.0,0.2835626125780137,0.7164373874219763,2.52655800039531,perturbed,4,0.075
single,8,0.9999999999999898,0.0,0.24948164510178028,0.7505183548982095,3.0083109103758825,perturbed,4,0.075
single,9,0.9999999999999898,0.0,0.2705704989148929,0.7294295010850969,2.6958944305104624,perturbed,4,0.075
single,10,0.99999999999999,0.0,0.27065964554528205,0.729340354454708,2.69467712109557,perturbed,4,0.075
single,11,0.9999999999999899,0.0,0.2817966990654647,0.7182033009345252,2.548657607829814,perturbed,4,0.075
pair,"0,1",0.9999999999999897,0.0,0.04439312013697978,0.5531930608690351,12.461234064244593,perturbed,4,0.075
pair,"0,2",0.9999999999999898,0.0,0.06830930008271861,0.5315407040973026,7.7813812094932535,perturbed,4,0.075
pair,"0,3",0.9999999999999899,0.0,0.07083623069910384,0.5432362669998793,7.668904198296816,perturbed,4,0.075
pair,"0,4",0.9999999999999898,0.0,0.08591452579413866,0.5228824378606353,6.086077214853321,perturbed,4,0.075
pair,"0,5",0.9999999999999897,0.0,0.09144447137330085,0.5302344428798503,5.798430839140522,perturbed,4,0.075
pair,"0,6",0.9999999999999898,0.0,0.10141273004311044,0.5398042827330559,5.322845391338797,perturbed,4,0.075
pair,"0,7",0.9999999999999899,0.0,0.0903357190348897,0.5262240570221282,5.825204721278507,perturbed,4,0.075
pair,"0,8",0.9999999999999898,0.0,0.07167631838817508,0.5406284019556669,7.542636314379366,perturbed,4,0.075
pair,"0,9",0.9999999999999898,0.0,0.07622984488709608,0.5241145090797328,6.8754502892666,perturbed,4,0.075
pair,"0,10",0.99999999999999,0.0,0.07620671258873934,0.5239840231483979,6.875825046753482,perturbed,4,0.075
pair,"0,11",0.9999999999999899,0.0,0.07934546187044025,0.5159785600099186,6.502937254967871,perturbed,4,0.075
pair,"1,2",0.9999999999999898,0.0,0.042453997938998685,0.5510023155827665,12.978808647762476,perturbed,4,0.075
pair,"1,3",0.9999999999999898,0.0,0.0670020670265062,0.5624747511349094,8.394886547491033,perturbed,4,0.075
pair,"1,4",0.9999999999999898,0.0,0.07009944224124987,0.555962457930431,7.931053945009509,perturbed,4,0.075
pair,"1,5",0.9999999999999897,0.0,0.06756917721670898,0.5202224464926081,7.69910879370548,perturbed,4,0.075
pair,"1,6",0.9999999999999897,0.0,0.07613529551250504,0.5220282795088118,6.856587027012588,perturbed,4,0.075
pair,"1,7",0.9999999999999898,0.0,0.08292707149131491,0.5301988004515965,6.393555095058736,perturbed,4,0.075
pair,"1,8",0.9999999999999899,0.0,0.07143306295067217,0.551622573490605,7.722230444906525,perturbed,4,0.075
pair,"1,9",0.9999999999999898,0.0,0.0738766384293275,0.5328333378390608,7.212474053604705,perturbed,4,0.075
pair,"1,10",0.9999999999999899,0.0,0.0732291224332101,0.5321174160038895,7.266472659005528,perturbed,4,0.075
pair,"1,11",0.9999999999999898,0.0,0.07621697872191555,0.5239488768451714,6.874437764803637,perturbed,4,0.075
pair,"2,3",0.9999999999999899,0.0,0.01530909127420101,0.6631574113595448,43.31788213171754,perturbed,4,0.075
pair,"2,4",0.9999999999999898,0.0,0.04269396669891336,0.5437264113834145,12.735439066083623,perturbed,4,0.075
pair,"2,5",0.9999999999999897,0.0,0.0734623556484165,0.5372192550128887,7.3128509189654425,perturbed,4,0.075
pair,"2,6",0.9999999999999897,0.0,0.0777626639180316,0.5227787992187136,6.722748075731645,perturbed,4,0.075
pair,"2,7",0.9999999999999898,0.0,0.07929735484525736,0.5255276343177057,6.627303462306304,perturbed,4,0.075
pair,"2,8",0.9999999999999898,0.0,0.07175453106923538,0.5519076743448059,7.691607291144786,perturbed,4,0.075
pair,"2,9",0.9999999999999897,0.0,0.07681125694099267,0.5356793012295524,6.973968693691183,perturbed,4,0.075
pair,"2,10",0.9999999999999898,0.0,0.07393755889986513,0.5326754825732076,7.204396392023423,perturbed,4,0.075
pair,"2,11",0.9999999999999899,0.0,0.07630199998566185,0.5239214606306748,6.866418452060582,perturbed,4,0.075
pair,"3,4",0.9999999999999899,0.0,0.03423349072962467,0.601322592815779,17.565330908408118,perturbed,4,0.075
pair,"3,5",0.9999999999999898,0.0,0.0649464466550695,0.54276576336376,8.357127931053538,perturbed,4,0.075
pair,"3,6",0.9999999999999899,0.0,0.07050401326815242,0.539707581188807,7.6549909171284005,perturbed,4,0.075
pair,"3,7",0.99999999999999,0.0,0.07248065675362221,0.5397347678683854,7.4466042671641794,perturbed,4,0.075
pair,"3,8",0.9999999999999898,0.0,0.06518819446072306,0.5662438170816804,8.686293918185621,perturbed,4,0.075
pair,"3,9",0.9999999999999898,0.0,0.07178369249513848,0.5519036174192791,7.688426134621822,perturbed,4,0.075
pair,"3,10",0.99999999999999,0.0,0.07151304011513118,0.5514589746930642,7.711306550599056,perturbed,4,0.075
pair,"3,11",0.9999999999999899,0.0,0.07175016664737559,0.5404145300797774,7.531892333236053,perturbed,4,0.075
pair,"4,5",0.9999999999999898,0.0,0.048180811986929785,0.5504889107532571,11.425480145552354,perturbed,4,0.075
pair,"4,6",0.9999999999999898,0.0,0.0774699085644256,0.5179109587049191,6.6853178001909415,perturbed,4,0.075
pair,"4,7",0.9999999999999898,0.0,0.07985449695476163,0.5165122182163848,6.468166952563663,perturbed,4,0.075
pair,"4,8",0.9999999999999898,0.0,0.07247525632711467,0.5397909366501212,7.447934150295278,perturbed,4,0.075
pair,"4,9",0.9999999999999898,0.0,0.07929913434476862,0.5255570775743802,6.627526036910027,perturbed,4,0.075
pair,"4,10",0.9999999999999899,0.0,0.08299346546235718,0.5300873219525282,6.387097092516958,perturbed,4,0.075
pair,"4,11",0.99999999999999,0.0,0.09038458175072403,0.5260739843451834,5.820395184170549,perturbed,4,0.075
pair,"5,6",0.9999999999999899,0.0,0.04892070525761235,0.5479950639371625,11.201699996994446,perturbed,4,0.075
pair,"5,7",0.99999999999999,0.0,0.07745675708759811,0.5178927871160458,6.686218305400337,perturbed,4,0.075
pair,"5,8",0.99999999999999,0.0,0.07049537281172431,0.5397472679645956,7.656492141776836,perturbed,4,0.075
pair,"5,9",0.99999999999999,0.0,0.07774586830547646,0.52276306160752,6.723997982162818,perturbed,4,0.075
pair,"5,10",0.9999999999999899,0.0,0.07615001398553652,0.5218208216176673,6.852537436392052,perturbed,4,0.075
pair,"5,11",0.99999999999999,0.0,0.10143107570199297,0.5396063016940835,5.319930780182794,perturbed,4,0.075
pair,"6,7",0.99999999999999,0.0,0.048181302138147974,0.5504302871149015,11.424147183417308,perturbed,4,0.075
pair,"6,8",0.9999999999999899,0.0,0.06491703465096924,0.5428287495092643,8.36188455661629,perturbed,4,0.075
pair,"6,9",0.99999999999999,0.0,0.07346117879617357,0.5372542163214615,7.313443986682199,perturbed,4,0.075
pair,"6,10",0.99999999999999,0.0,0.06753540948815881,0.5200310275484825,7.700124001464167,perturbed,4,0.075
pair,"6,11",0.99999999999999,0.0,0.09146320315219049,0.530072515583858,5.795472904025044,perturbed,4,0.075
pair,"7,8",0.99999999999999,0.0,0.03420481102855597,0.6012845263611559,17.578946010231487,perturbed,4,0.075
pair,"7,9",0.9999999999999898,0.0,0.04261600181842552,0.5437497215196196,12.759285205505204,perturbed,4,0.075
pair,"7,10",0.9999999999999899,0.0,0.07013585439714284,0.5559328651099071,7.9265144752062,perturbed,4,0.075
pair,"7,11",0.99999999999999,0.0,0.08595796286115864,0.5227476808018228,6.081434033588922,perturbed,4,0.075
pair,"8,9",0.9999999999999899,0.0,0.015282806156196285,0.6632499089043047,43.39843757263097,perturbed,4,0.075
pair,"8,10",0.9999999999999899,0.0,0.06702454696954105,0.5623837385042098,8.390713013842259,perturbed,4,0.075
pair,"8,11",0.9999999999999899,0.0,0.0708895703975924,0.5431352874142126,7.661709393468956,perturbed,4,0.075
pair,"9,10",0.99999999999999,0.0,0.042448283770288885,0.5508738377487565,12.977529097049935,perturbed,4,0.075
pair,"9,11",0.9999999999999898,0.0,0.06833982401141828,0.5313557130121811,7.775198732197521,perturbed,4,0.075
pair,"10,11",0.9999999999999899,0.0,0.04449691499554013,0.5524384796343053,12.415208552990146,perturbed,4,0.075
modular_A,"0,1,2,3",0.99999999999999,0.0,0.000311704237307873,0.38365274179705927,1230.8229914055423,perturbed,4,0.075
single,0,0.9999999999999902,0.0,0.2817901247538906,0.7182098752460996,2.5487403998751503,perturbed,5,0.075
single,1,0.99999999999999,0.0,0.2706228253166981,0.7293771746832918,2.6951798091300443,perturbed,5,0.075
single,2,0.99999999999999,0.0,0.27059711598335406,0.7294028840166359,2.695530886816641,perturbed,5,0.075
single,3,0.9999999999999902,0.0,0.24953930788032333,0.7504606921196669,3.0073846821743238,perturbed,5,0.075
single,4,0.9999999999999901,0.0,0.2835771970961698,0.7164228029038203,2.5263766277401323,perturbed,5,0.075
single,5,0.99999999999999,0.0,0.28603720487807505,0.713962795121915,2.4960487060634144,perturbed,5,0.075
single,6,0.9999999999999901,0.0,0.28603934092052746,0.7139606590794626,2.4960225987859057,perturbed,5,0.075
single,7,0.9999999999999898,0.0,0.28356054110953594,0.7164394588904539,2.5265837626318475,perturbed,5,0.075
single,8,0.9999999999999899,0.0,0.24954027688218586,0.7504597231178041,3.0073691209059397,perturbed,5,0.075
single,9,0.9999999999999898,0.0,0.2705709824077953,0.7294290175921945,2.695887826185382,perturbed,5,0.075
single,10,0.9999999999999898,0.0,0.2706585357976001,0.7293414642023898,2.694692269922702,perturbed,5,0.075
single,11,0.99999999999999,0.0,0.28179667807218844,0.7182033219278016,2.5486578721975492,perturbed,5,0.075
pair,"0,1",0.99999999999999,0.0,0.04446253999388864,0.5525802407739264,12.42799536081111,perturbed,5,0.075
pair,"0,2",0.99999999999999,0.0,0.06829613324753372,0.531485584278176,7.782074313809981,perturbed,5,0.075
pair,"0,3",0.99999999999999,0.0,0.07090595235408122,0.5431204435288411,7.659729902740389,perturbed,5,0.075
pair,"0,4",0.99999999999999,0.0,0.08598697532762624,0.5227143830503452,6.078994883337936,perturbed,5,0.075
pair,"0,5",0.99999999999999,0.0,0.09145499514249941,0.5300600148748538,5.795856355893384,perturbed,5,0.075
pair,"0,6",0.99999999999999,0.0,0.10142137373449897,0.5396105968699315,5.3204820345120245,perturbed,5,0.075
pair,"0,7",0.99999999999999,0.0,0.09037985216129557,0.5261033640155645,5.821024835011446,perturbed,5,0.075
pair,"0,8",0.99999999999999,0.0,0.07175239987924328,0.5404296250983355,7.531868286048399,perturbed,5,0.075
pair,"0,9",0.9999999999999898,0.0,0.07628977428379759,0.5239543752355329,6.867950261412823,perturbed,5,0.075
pair,"0,10",0.9999999999999898,0.0,0.07626580709354246,0.523824757880311,6.868409026837193,perturbed,5,0.075
pair,"0,11",0.99999999999999,0.0,0.07940730716681879,0.5158209373602695,6.4958875418937625,perturbed,5,0.075
pair,"1,2",0.99999999999999,0.0,0.0424493373862914,0.5509497839439401,12.978996089627161,perturbed,5,0.075
pair,"1,3",0.99999999999999,0.0,0.06702075459959894,0.5623705578437613,8.390991137051843,perturbed,5,0.075
pair,"1,4",0.9999999999999901,0.0,0.07020764864098226,0.5559476322320782,7.918619167478503,perturbed,5,0.075
pair,"1,5",0.99999999999999,0.0,0.06751277163245036,0.5200206936870774,7.702552881670271,perturbed,5,0.075
pair,"1,6",0.9999999999999899,0.0,0.07615225013431783,0.5218515901242522,6.852740256575571,perturbed,5,0.075
pair,"1,7",0.99999999999999,0.0,0.08298627709598166,0.5301405404500813,6.388291642929378,perturbed,5,0.075
pair,"1,8",0.99999999999999,0.0,0.07150520359470028,0.5514906044370391,7.712594003129497,perturbed,5,0.075
pair,"1,9",0.9999999999999898,0.0,0.07391780370218483,0.5327292065783353,7.207048639116819,perturbed,5,0.075
pair,"1,10",0.9999999999999899,0.0,0.07326800063030489,0.5320133544774291,7.261196564675731,perturbed,5,0.075
pair,"1,11",0.9999999999999901,0.0,0.07625752523624954,0.5238456064837708,6.869428359507753,perturbed,5,0.075
pair,"2,3",0.99999999999999,0.0,0.015303036810226583,0.6630991621311589,43.331213951470644,perturbed,5,0.075
pair,"2,4",0.99999999999999,0.0,0.04269028978295733,0.5437658506335931,12.737459815760571,perturbed,5,0.075
pair,"2,5",0.99999999999999,0.0,0.07345975082859574,0.5372111660858223,7.31300011266444,perturbed,5,0.075
pair,"2,6",0.99999999999999,0.0,0.07776118790993054,0.5227554922776555,6.722575957599236,perturbed,5,0.075
pair,"2,7",0.9999999999999898,0.0,0.07930665342108582,0.5255587202543852,6.6269183931376325,perturbed,5,0.075
pair,"2,8",0.9999999999999899,0.0,0.07177668421638322,0.551880383788302,7.688853139615131,perturbed,5,0.075
pair,"2,9",0.9999999999999897,0.0,0.07680247041935725,0.5356802330103687,6.974778676850428,perturbed,5,0.075
pair,"2,10",0.9999999999999898,0.0,0.07393420007419557,0.5326848978439469,7.204851033883897,perturbed,5,0.075
pair,"2,11",0.9999999999999899,0.0,0.07629849368302359,0.5239308751037113,6.866857388827925,perturbed,5,0.075
pair,"3,4",0.99999999999999,0.0,0.03422709039113805,0.6012965394242169,17.567854367775954,perturbed,5,0.075
pair,"3,5",0.9999999999999901,0.0,0.06494118656481158,0.5427954266887052,8.3582616117892,perturbed,5,0.075
pair,"3,6",0.99999999999999,0.0,0.07050167721007737,0.5397053807355904,7.655213352263994,perturbed,5,0.075
pair,"3,7",0.99999999999999,0.0,0.07248378437838714,0.5397641151360068,7.446687831836647,perturbed,5,0.075
pair,"3,8",0.99999999999999,0.0,0.06519915629791871,0.5662145349614167,8.684384386420218,perturbed,5,0.075
pair,"3,9",0.9999999999999899,0.0,0.0717675622269328,0.5519050837134253,7.690174594035568,perturbed,5,0.075
pair,"3,10",0.9999999999999899,0.0,0.07150847434733895,0.5514722782548537,7.711984954065457,perturbed,5,0.075
pair,"3,11",0.99999999999999,0.0,0.07174687589745184,0.5404258270752356,7.532395248089531,perturbed,5,0.075
pair,"4,5",0.9999999999999901,0.0,0.04818084856103203,0.5504888495002144,11.425470201150457,perturbed,5,0.075
pair,"4,6",0.99999999999999,0.0,0.07747686067871708,0.5178832767657741,6.6843606236621405,perturbed,5,0.075
pair,"4,7",0.99999999999999,0.0,0.07985446449750143,0.5165191125397506,6.468255917687758,perturbed,5,0.075
pair,"4,8",0.9999999999999899,0.0,0.07248041312137804,0.5397346796217924,7.446628080305438,perturbed,5,0.075
pair,"4,9",0.9999999999999898,0.0,0.07929250677213338,0.5255443492367907,6.627919467183353,perturbed,5,0.075
pair,"4,10",0.9999999999999898,0.0,0.08299191030807891,0.5300878818116521,6.387223523881825,perturbed,5,0.075
pair,"4,11",0.99999999999999,0.0,0.09037656656449594,0.5260761831377484,5.820935704194092,perturbed,5,0.075
pair,"5,6",0.9999999999999899,0.0,0.048923339966685686,0.5480135404622528,11.201474405374249,perturbed,5,0.075
pair,"5,7",0.9999999999999898,0.0,0.07746988219144295,0.5179110154620451,6.6853208087006974,perturbed,5,0.075
pair,"5,8",0.9999999999999899,0.0,0.07050266164689144,0.5396987867363707,7.655012933262312,perturbed,5,0.075
pair,"5,9",0.9999999999999899,0.0,0.07774795820708207,0.522773966553015,6.723957498158395,perturbed,5,0.075
pair,"5,10",0.9999999999999898,0.0,0.07614826441118448,0.5218248178182557,6.8527473587646375,perturbed,5,0.075
pair,"5,11",0.99999999999999,0.0,0.10143369592302587,0.5396043837087513,5.319774447716431,perturbed,5,0.075
pair,"6,7",0.9999999999999901,0.0,0.048177916477923216,0.550470127573303,11.42577694960195,perturbed,5,0.075
pair,"6,8",0.99999999999999,0.0,0.06493020789667595,0.5427833672887417,8.359489132584914,perturbed,5,0.075
pair,"6,9",0.9999999999999899,0.0,0.0734993280822394,0.5372674829957027,7.309828497949625,perturbed,5,0.075
pair,"6,10",0.99999999999999,0.0,0.0675544773839003,0.5200180275974181,7.697758131444736,perturbed,5,0.075
pair,"6,11",0.9999999999999899,0.0,0.0914682636846498,0.5300537777092575,5.7949474097015266,perturbed,5,0.075
pair,"7,8",0.99999999999999,0.0,0.034229416363478135,0.6012474577514249,17.56522668592561,perturbed,5,0.075
pair,"7,9",0.9999999999999899,0.0,0.04263931781596777,0.5437057896309501,12.751277869350448,perturbed,5,0.075
pair,"7,10",0.9999999999999898,0.0,0.07016973769890414,0.5558876899462413,7.922043151016691,perturbed,5,0.075
pair,"7,11",0.9999999999999899,0.0,0.08595599822823238,0.5227427809448169,6.08151602819873,perturbed,5,0.075
pair,"8,9",0.9999999999999899,0.0,0.015293347089975061,0.6631364271912175,43.36110488369874,perturbed,5,0.075
pair,"8,10",0.99999999999999,0.0,0.06702854175118637,0.5623769074051341,8.390111029010717,perturbed,5,0.075
pair,"8,11",0.9999999999999899,0.0,0.0708984071651534,0.5431199973042019,7.6605387768308795,perturbed,5,0.075
pair,"9,10",0.99999999999999,0.0,0.042443033893942314,0.5508947876585887,12.97962791809789,perturbed,5,0.075
pair,"9,11",0.9999999999999898,0.0,0.0683289609307323,0.5313832839475087,7.776838352425589,perturbed,5,0.075
pair,"10,11",0.9999999999999898,0.0,0.044495683574450225,0.5524425835350495,12.415644376171949,perturbed,5,0.075
modular_A,"0,1,2,3",0.99999999999999,0.0,0.00031248337862311253,0.3834042940276664,1226.9590008820658,perturbed,5,0.075
single,0,0.9999999999999898,0.0,0.2817966780721884,0.7182033219278015,2.5486578721975492,perturbed,6,0.075
single,1,0.9999999999999898,0.0,0.2706585357976,0.7293414642023898,2.6946922699227023,perturbed,6,0.075
single,2,0.9999999999999897,0.0,0.2705709824077952,0.7294290175921945,2.6958878261853827,perturbed,6,0.075
single,3,0.9999999999999898,0.0,0.24954027688218589,0.7504597231178038,3.0073691209059383,perturbed,6,0.075
single,4,0.9999999999999898,0.0,0.28356054110953594,0.7164394588904539,2.5265837626318475,perturbed,6,0.075
single,5,0.9999999999999898,0.0,0.2860393409205274,0.7139606590794624,2.4960225987859053,perturbed,6,0.075
single,6,0.9999999999999898,0.0,0.28603720487807505,0.7139627951219147,2.4960487060634136,perturbed,6,0.075
single,7,0.9999999999999899,0.0,0.28357719709616963,0.7164228029038202,2.5263766277401336,perturbed,6,0.075
single,8,0.9999999999999899,0.0,0.24953930788032336,0.7504606921196666,3.007384682174322,perturbed,6,0.075
single,9,0.9999999999999898,0.0,0.27059711598335406,0.7294028840166358,2.6955308868166408,perturbed,6,0.075
single,10,0.99999999999999,0.0,0.27062282531669823,0.7293771746832918,2.6951798091300434,perturbed,6,0.075
single,11,0.9999999999999899,0.0,0.2817901247538904,0.7182098752460995,2.548740399875151,perturbed,6,0.075
pair,"0,1",0.9999999999999898,0.0,0.04449568357445039,0.5524425835350495,12.415644376171903,perturbed,6,0.075
pair,"0,2",0.9999999999999898,0.0,0.06832896093073235,0.5313832839475084,7.776838352425581,perturbed,6,0.075
pair,"0,3",0.9999999999999899,0.0,0.07089840716515351,0.5431199973042019,7.660538776830868,perturbed,6,0.075
pair,"0,4",0.9999999999999899,0.0,0.08595599822823226,0.5227427809448169,6.081516028198738,perturbed,6,0.075
pair,"0,5",0.9999999999999899,0.0,0.09146826368464984,0.5300537777092575,5.794947409701524,perturbed,6,0.075
pair,"0,6",0.9999999999999898,0.0,0.10143369592302581,0.5396043837087512,5.319774447716433,perturbed,6,0.075
pair,"0,7",0.9999999999999898,0.0,0.09037656656449583,0.526076183137748,5.820935704194094,perturbed,6,0.075
pair,"0,8",0.9999999999999898,0.0,0.07174687589745181,0.5404258270752351,7.532395248089529,perturbed,6,0.075
pair,"0,9",0.9999999999999899,0.0,0.07629849368302359,0.5239308751037108,6.866857388827919,perturbed,6,0.075
pair,"0,10",0.99999999999999,0.0,0.07625752523624964,0.5238456064837709,6.869428359507745,perturbed,6,0.075
pair,"0,11",0.9999999999999898,0.0,0.07940730716681862,0.5158209373602695,6.495887541893776,perturbed,6,0.075
pair,"1,2",0.9999999999999898,0.0,0.04244303389394214,0.5508947876585885,12.979627918097938,perturbed,6,0.075
pair,"1,3",0.9999999999999898,0.0,0.06702854175118643,0.5623769074051339,8.390111029010708,perturbed,6,0.075
pair,"1,4",0.99999999999999,0.0,0.07016973769890432,0.5558876899462412,7.92204315101667,perturbed,6,0.075
pair,"1,5",0.99999999999999,0.0,0.0675544773839003,0.520018027597418,7.6977581314447345,perturbed,6,0.075
pair,"1,6",0.9999999999999898,0.0,0.07614826441118434,0.5218248178182557,6.852747358764651,perturbed,6,0.075
pair,"1,7",0.9999999999999897,0.0,0.08299191030807908,0.5300878818116525,6.387223523881816,perturbed,6,0.075
pair,"1,8",0.9999999999999898,0.0,0.07150847434733901,0.5514722782548537,7.711984954065451,perturbed,6,0.075
pair,"1,9",0.9999999999999898,0.0,0.07393420007419574,0.532684897843947,7.204851033883883,perturbed,6,0.075
pair,"1,10",0.9999999999999899,0.0,0.07326800063030489,0.532013354477429,7.261196564675729,perturbed,6,0.075
pair,"1,11",0.99999999999999,0.0,0.07626580709354243,0.5238247578803108,6.868409026837193,perturbed,6,0.075
pair,"2,3",0.9999999999999897,0.0,0.015293347089975158,0.6631364271912171,43.36110488369844,perturbed,6,0.075
pair,"2,4",0.99999999999999,0.0,0.04263931781596785,0.5437057896309504,12.75127786935043,perturbed,6,0.075
pair,"2,5",0.99999999999999,0.0,0.07349932808223955,0.5372674829957027,7.30982849794961,perturbed,6,0.075
pair,"2,6",0.9999999999999899,0.0,0.07774795820708193,0.5227739665530149,6.723957498158406,perturbed,6,0.075
pair,"2,7",0.9999999999999898,0.0,0.07929250677213333,0.5255443492367907,6.627919467183358,perturbed,6,0.075
pair,"2,8",0.9999999999999898,0.0,0.07176756222693284,0.5519050837134252,7.690174594035562,perturbed,6,0.075
pair,"2,9",0.9999999999999899,0.0,0.07680247041935717,0.5356802330103684,6.974778676850431,perturbed,6,0.075
pair,"2,10",0.9999999999999899,0.0,0.07391780370218472,0.5327292065783351,7.2070486391168265,perturbed,6,0.075
pair,"2,11",0.9999999999999898,0.0,0.07628977428379756,0.5239543752355331,6.867950261412829,perturbed,6,0.075
pair,"3,4",0.99999999999999,0.0,0.03422941636347823,0.6012474577514249,17.56522668592556,perturbed,6,0.075
pair,"3,5",0.9999999999999898,0.0,0.06493020789667607,0.5427833672887417,8.359489132584896,perturbed,6,0.075
pair,"3,6",0.9999999999999898,0.0,0.07050266164689135,0.5396987867363707,7.655012933262321,perturbed,6,0.075
pair,"3,7",0.9999999999999897,0.0,0.07248041312137798,0.5397346796217923,7.446628080305443,perturbed,6,0.075
pair,"3,8",0.9999999999999898,0.0,0.0651991562979186,0.5662145349614163,8.684384386420227,perturbed,6,0.075
pair,"3,9",0.9999999999999898,0.0,0.07177668421638331,0.551880383788302,7.688853139615122,perturbed,6,0.075
pair,"3,10",0.9999999999999898,0.0,0.07150520359470028,0.5514906044370391,7.712594003129497,perturbed,6,0.075
pair,"3,11",0.9999999999999898,0.0,0.07175239987924323,0.5404296250983353,7.531868286048402,perturbed,6,0.075
pair,"4,5",0.9999999999999899,0.0,0.04817791647792332,0.5504701275733028,11.425776949601921,perturbed,6,0.075
pair,"4,6",0.9999999999999899,0.0,0.07746988219144302,0.5179110154620451,6.685320808700691,perturbed,6,0.075
pair,"4,7",0.9999999999999897,0.0,0.07985446449750151,0.5165191125397507,6.4682559176877525,perturbed,6,0.075
pair,"4,8",0.9999999999999898,0.0,0.07248378437838714,0.5397641151360063,7.446687831836641,perturbed,6,0.075
pair,"4,9",0.9999999999999897,0.0,0.07930665342108568,0.5255587202543852,6.626918393137644,perturbed,6,0.075
pair,"4,10",0.9999999999999899,0.0,0.08298627709598169,0.5301405404500811,6.388291642929373,perturbed,6,0.075
pair,"4,11",0.9999999999999899,0.0,0.0903798521612956,0.5261033640155646,5.821024835011445,perturbed,6,0.075
pair,"5,6",0.9999999999999899,0.0,0.04892333996668552,0.5480135404622529,11.20147440537429,perturbed,6,0.075
pair,"5,7",0.9999999999999898,0.0,0.07747686067871713,0.5178832767657738,6.684360623662133,perturbed,6,0.075
pair,"5,8",0.9999999999999898,0.0,0.0705016772100775,0.5397053807355905,7.655213352263981,perturbed,6,0.075
pair,"5,9",0.9999999999999898,0.0,0.07776118790993057,0.5227554922776556,6.722575957599235,perturbed,6,0.075
pair,"5,10",0.99999999999999,0.0,0.07615225013431796,0.5218515901242524,6.8527402565755615,perturbed,6,0.075
pair,"5,11",0.99999999999999,0.0,0.10142137373449897,0.5396105968699313,5.320482034512023,perturbed,6,0.075
pair,"6,7",0.9999999999999898,0.0,0.04818084856103199,0.5504888495002142,11.425470201150462,perturbed,6,0.075
pair,"6,8",0.9999999999999898,0.0,0.06494118656481158,0.542795426688705,8.358261611789196,perturbed,6,0.075
pair,"6,9",0.9999999999999898,0.0,0.07345975082859585,0.5372111660858222,7.313000112664428,perturbed,6,0.075
pair,"6,10",0.9999999999999899,0.0,0.06751277163245033,0.5200206936870773,7.702552881670272,perturbed,6,0.075
pair,"6,11",0.9999999999999899,0.0,0.09145499514249944,0.5300600148748539,5.795856355893384,perturbed,6,0.075
pair,"7,8",0.9999999999999897,0.0,0.03422709039113799,0.6012965394242169,17.567854367775983,perturbed,6,0.075
pair,"7,9",0.9999999999999898,0.0,0.04269028978295745,0.5437658506335931,12.737459815760536,perturbed,6,0.075
pair,"7,10",0.9999999999999898,0.0,0.07020764864098221,0.5559476322320784,7.9186191674785125,perturbed,6,0.075
pair,"7,11",0.9999999999999898,0.0,0.08598697532762621,0.5227143830503452,6.078994883337938,perturbed,6,0.075
pair,"8,9",0.9999999999999898,0.0,0.015303036810226472,0.6630991621311589,43.33121395147096,perturbed,6,0.075
pair,"8,10",0.9999999999999898,0.0,0.06702075459959883,0.5623705578437611,8.390991137051854,perturbed,6,0.075
pair,"8,11",0.9999999999999898,0.0,0.07090595235408094,0.5431204435288411,7.659729902740419,perturbed,6,0.075
pair,"9,10",0.9999999999999898,0.0,0.04244933738629141,0.5509497839439401,12.978996089627158,perturbed,6,0.075
pair,"9,11",0.9999999999999898,0.0,0.0682961332475338,0.5314855842781762,7.782074313809975,perturbed,6,0.075
pair,"10,11",0.9999999999999898,0.0,0.04446253999388868,0.5525802407739264,12.427995360811098,perturbed,6,0.075
modular_A,"0,1,2,3",0.9999999999999898,0.0,0.00031308187096210386,0.3832014569124296,1223.9656538874242,perturbed,6,0.075
single,0,0.9999999999999899,0.0,0.2817966990654648,0.7182033009345251,2.5486576078298127,perturbed,7,0.075
single,1,0.9999999999999899,0.0,0.270659645545282,0.7293403544547079,2.69467712109557,perturbed,7,0.075
single,2,0.99999999999999,0.0,0.27057049891489293,0.729429501085097,2.6958944305104624,perturbed,7,0.075
single,3,0.9999999999999901,0.0,0.24948164510178042,0.7505183548982097,3.008310910375882,perturbed,7,0.075
single,4,0.9999999999999898,0.0,0.28356261257801363,0.7164373874219762,2.52655800039531,perturbed,7,0.075
single,5,0.9999999999999898,0.0,0.2860226236010357,0.7139773763989541,2.496226932715852,perturbed,7,0.075
single,6,0.9999999999999898,0.0,0.28603934091971683,0.713960659080273,2.4960225987958125,perturbed,7,0.075
single,7,0.9999999999999898,0.0,0.28357513151365193,0.7164248684863379,2.526402314131864,perturbed,7,0.075
single,8,0.9999999999999898,0.0,0.249555070613579,0.7504449293864108,3.0071315623493367,perturbed,7,0.075
single,9,0.9999999999999898,0.0,0.2706102572100029,0.7293897427899869,2.6953514264758827,perturbed,7,0.075
single,10,0.9999999999999898,0.0,0.27047902249936967,0.7295209775006202,2.697144387610763,perturbed,7,0.075
single,11,0.9999999999999898,0.0,0.2815706343912919,0.718429365608698,2.551506719306226,perturbed,7,0.075
pair,"0,1",0.9999999999999899,0.0,0.04449691499554021,0.552438479634305,12.415208552990117,perturbed,7,0.075
pair,"0,2",0.99999999999999,0.0,0.06833982401141855,0.5313557130121812,7.775198732197492,perturbed,7,0.075
pair,"0,3",0.99999999999999,0.0,0.07088957039759235,0.5431352874142124,7.66170939346896,perturbed,7,0.075
pair,"0,4",0.9999999999999898,0.0,0.0859579628611587,0.5227476808018228,6.081434033588918,perturbed,7,0.075
pair,"0,5",0.9999999999999898,0.0,0.09146320315219049,0.5300725155838579,5.7954729040250434,perturbed,7,0.075
pair,"0,6",0.9999999999999899,0.0,0.10143107570199297,0.5396063016940834,5.319930780182793,perturbed,7,0.075
pair,"0,7",0.9999999999999898,0.0,0.09038458175072406,0.5260739843451833,5.820395184170545,perturbed,7,0.075
pair,"0,8",0.9999999999999898,0.0,0.07175016664737573,0.5404145300797771,7.531892333236035,perturbed,7,0.075
pair,"0,9",0.9999999999999898,0.0,0.07630199998566198,0.523921460630675,6.866418452060573,perturbed,7,0.075
pair,"0,10",0.9999999999999899,0.0,0.07621697872191555,0.5239488768451711,6.874437764803632,perturbed,7,0.075
pair,"0,11",0.99999999999999,0.0,0.07934546187044021,0.5159785600099185,6.502937254967873,perturbed,7,0.075
pair,"1,2",0.99999999999999,0.0,0.042448283770288864,0.5508738377487563,12.977529097049937,perturbed,7,0.075
pair,"1,3",0.9999999999999899,0.0,0.06702454696954116,0.56238373850421,8.390713013842248,perturbed,7,0.075
pair,"1,4",0.99999999999999,0.0,0.07013585439714279,0.5559328651099069,7.9265144752062024,perturbed,7,0.075
pair,"1,5",0.9999999999999899,0.0,0.06753540948815871,0.5200310275484824,7.700124001464177,perturbed,7,0.075
pair,"1,6",0.99999999999999,0.0,0.07615001398553657,0.5218208216176673,6.852537436392047,perturbed,7,0.075
pair,"1,7",0.9999999999999899,0.0,0.08299346546235725,0.5300873219525282,6.387097092516953,perturbed,7,0.075
pair,"1,8",0.9999999999999898,0.0,0.07151304011513115,0.551458974693064,7.7113065505990575,perturbed,7,0.075
pair,"1,9",0.9999999999999898,0.0,0.07393755889986518,0.5326754825732075,7.2043963920234155,perturbed,7,0.075
pair,"1,10",0.9999999999999899,0.0,0.07322912243321024,0.5321174160038895,7.2664726590055135,perturbed,7,0.075
pair,"1,11",0.9999999999999899,0.0,0.0762067125887394,0.5239840231483976,6.875825046753474,perturbed,7,0.075
pair,"2,3",0.99999999999999,0.0,0.015282806156196354,0.6632499089043045,43.398437572630755,perturbed,7,0.075
pair,"2,4",0.99999999999999,0.0,0.0426160018184256,0.5437497215196199,12.759285205505186,perturbed,7,0.075
pair,"2,5",0.99999999999999,0.0,0.07346117879617368,0.5372542163214615,7.313443986682189,perturbed,7,0.075
pair,"2,6",0.9999999999999899,0.0,0.07774586830547643,0.52276306160752,6.723997982162821,perturbed,7,0.075
pair,"2,7",0.9999999999999899,0.0,0.07929913434476882,0.5255570775743801,6.627526036910009,perturbed,7,0.075
pair,"2,8",0.9999999999999898,0.0,0.0717836924951386,0.5519036174192792,7.68842613462181,perturbed,7,0.075
pair,"2,9",0.9999999999999897,0.0,0.07681125694099257,0.5356793012295522,6.973968693691189,perturbed,7,0.075
pair,"2,10",0.9999999999999898,0.0,0.07387663842932758,0.532833337839061,7.212474053604699,perturbed,7,0.075
pair,"2,11",0.9999999999999899,0.0,0.07622984488709617,0.524114509079733,6.875450289266595,perturbed,7,0.075
pair,"3,4",0.99999999999999,0.0,0.03420481102855582,0.6012845263611561,17.578946010231572,perturbed,7,0.075
pair,"3,5",0.99999999999999,0.0,0.0649170346509693,0.5428287495092644,8.361884556616284,perturbed,7,0.075
pair,"3,6",0.99999999999999,0.0,0.0704953728117244,0.5397472679645954,7.656492141776823,perturbed,7,0.075
pair,"3,7",0.9999999999999899,0.0,0.07247525632711486,0.5397909366501211,7.447934150295256,perturbed,7,0.075
pair,"3,8",0.9999999999999898,0.0,0.06518819446072312,0.5662438170816804,8.686293918185614,perturbed,7,0.075
pair,"3,9",0.9999999999999899,0.0,0.07175453106923527,0.551907674344806,7.691607291144799,perturbed,7,0.075
pair,"3,10",0.9999999999999899,0.0,0.07143306295067223,0.5516225734906051,7.72223044490652,perturbed,7,0.075
pair,"3,11",0.99999999999999,0.0,0.07167631838817504,0.5406284019556669,7.54263631437937,perturbed,7,0.075
pair,"4,5",0.9999999999999898,0.0,0.04818130213814802,0.5504302871149013,11.424147183417292,perturbed,7,0.075
pair,"4,6",0.99999999999999,0.0,0.07745675708759808,0.5178927871160458,6.68621830540034,perturbed,7,0.075
pair,"4,7",0.99999999999999,0.0,0.0798544969547618,0.5165122182163849,6.468166952563651,perturbed,7,0.075
pair,"4,8",0.99999999999999,0.0,0.07248065675362227,0.5397347678683851,7.446604267164171,perturbed,7,0.075
pair,"4,9",0.99999999999999,0.0,0.07929735484525757,0.5255276343177055,6.627303462306284,perturbed,7,0.075
pair,"4,10",0.9999999999999899,0.0,0.08292707149131498,0.5301988004515965,6.393555095058731,perturbed,7,0.075
pair,"4,11",0.99999999999999,0.0,0.09033571903488967,0.5262240570221282,5.825204721278509,perturbed,7,0.075
pair,"5,6",0.99999999999999,0.0,0.04892070525761244,0.5479950639371622,11.20169999699442,perturbed,7,0.075
pair,"5,7",0.9999999999999899,0.0,0.07746990856442568,0.5179109587049191,6.685317800190934,perturbed,7,0.075
pair,"5,8",0.9999999999999899,0.0,0.07050401326815253,0.539707581188807,7.654990917128388,perturbed,7,0.075
pair,"5,9",0.99999999999999,0.0,0.07776266391803169,0.5227787992187136,6.722748075731638,perturbed,7,0.075
pair,"5,10",0.9999999999999899,0.0,0.07613529551250502,0.5220282795088118,6.856587027012591,perturbed,7,0.075
pair,"5,11",0.9999999999999898,0.0,0.10141273004311026,0.5398042827330556,5.322845391338803,perturbed,7,0.075
pair,"6,7",0.9999999999999899,0.0,0.04818081198692995,0.5504889107532571,11.425480145552315,perturbed,7,0.075
pair,"6,8",0.99999999999999,0.0,0.06494644665506955,0.5427657633637601,8.357127931053535,perturbed,7,0.075
pair,"6,9",0.99999999999999,0.0,0.07346235564841655,0.5372192550128887,7.312850918965436,perturbed,7,0.075
pair,"6,10",0.9999999999999899,0.0,0.06756917721670903,0.5202224464926077,7.699108793705469,perturbed,7,0.075
pair,"6,11",0.99999999999999,0.0,0.09144447137330096,0.5302344428798506,5.798430839140518,perturbed,7,0.075
pair,"7,8",0.9999999999999897,0.0,0.034233490729624665,0.601322592815779,17.56533090840812,perturbed,7,0.075
pair,"7,9",0.9999999999999897,0.0,0.04269396669891345,0.5437264113834146,12.7354390660836,perturbed,7,0.075
pair,"7,10",0.9999999999999899,0.0,0.07009944224124998,0.5559624579304312,7.9310539450094995,perturbed,7,0.075
pair,"7,11",0.9999999999999898,0.0,0.08591452579413889,0.522882437860635,6.086077214853303,perturbed,7,0.075
pair,"8,9",0.99999999999999,0.0,0.015309091274201148,0.6631574113595453,43.31788213171718,perturbed,7,0.075
pair,"8,10",0.99999999999999,0.0,0.06700206702650616,0.5624747511349095,8.39488654749104,perturbed,7,0.075
pair,"8,11",0.99999999999999,0.0,0.07083623069910386,0.5432362669998794,7.668904198296816,perturbed,7,0.075
pair,"9,10",0.99999999999999,0.0,0.04245399793899881,0.5510023155827666,12.97880864776244,perturbed,7,0.075
pair,"9,11",0.9999999999999901,0.0,0.06830930008271853,0.5315407040973025,7.7813812094932615,perturbed,7,0.075
pair,"10,11",0.9999999999999899,0.0,0.044393120136979915,0.5531930608690353,12.461234064244561,perturbed,7,0.075
modular_A,"0,1,2,3",0.99999999999999,0.0,0.00031370494912735293,0.3830146302999721,1220.9390746477575,perturbed,7,0.075
single,0,0.9999999999999898,0.0,0.2817966990654647,0.7182033009345251,2.548657607829814,perturbed,8,0.075
single,1,0.99999999999999,0.0,0.27065964934930997,0.72934035065068,2.6946770691681583,perturbed,8,0.075
single,2,0.99999999999999,0.0,0.27057061988247516,0.7294293801175149,2.695892778138104,perturbed,8,0.075
single,3,0.99999999999999,0.0,0.24947396336159566,0.7505260366383943,3.008434333287749,perturbed,8,0.075
single,4,0.99999999999999,0.0,0.2835031998653513,0.7164968001346388,2.527297048057786,perturbed,8,0.075
single,5,0.9999999999999901,0.0,0.28602472275793717,0.7139752772420529,2.4962012736440635,perturbed,8,0.075
single,6,0.99999999999999,0.0,0.28602262355936875,0.7139773764406212,2.496226933225173,perturbed,8,0.075
single,7,0.99999999999999,0.0,0.28357719397073905,0.7164228060292509,2.5263766666059015,perturbed,8,0.075
single,8,0.99999999999999,0.0,0.24955389457359833,0.7504461054263917,3.007150446233851,perturbed,8,0.075
single,9,0.9999999999999899,0.0,0.2706260269238969,0.729373973076093,2.6951360937697286,perturbed,8,0.075
single,10,0.9999999999999898,0.0,0.2705569471975722,0.7294430528024176,2.6960795513032876,perturbed,8,0.075
single,11,0.9999999999999899,0.0,0.2808747770558148,0.7191252229441751,2.5603054517112165,perturbed,8,0.075
pair,"0,1",0.9999999999999899,0.0,0.04449691943353947,0.5524384661869407,12.415207012522787,perturbed,8,0.075
pair,"0,2",0.9999999999999899,0.0,0.06834016649251866,0.5313548582322506,7.775147259707351,perturbed,8,0.075
pair,"0,3",0.9999999999999898,0.0,0.070890249940754,0.5431354643592642,7.66163844552933,perturbed,8,0.075
pair,"0,4",0.99999999999999,0.0,0.08596037157745617,0.5227547087544654,6.081345382312914,perturbed,8,0.075
pair,"0,5",0.99999999999999,0.0,0.09144825058858823,0.5300846968259394,5.796553716600986,perturbed,8,0.075
pair,"0,6",0.99999999999999,0.0,0.10131372860249224,0.5396370029830715,5.3263956467376214,perturbed,8,0.075
pair,"0,7",0.99999999999999,0.0,0.09038001954777962,0.5260755940389055,5.8207067963820736,perturbed,8,0.075
pair,"0,8",0.9999999999999901,0.0,0.07175147391618678,0.5404147590896853,7.531758298386263,perturbed,8,0.075
pair,"0,9",0.9999999999999899,0.0,0.07630656632070615,0.523910052543559,6.865858048724617,perturbed,8,0.075
pair,"0,10",0.99999999999999,0.0,0.07623893216359127,0.5238929174423136,6.871724230320533,perturbed,8,0.075
pair,"0,11",0.99999999999999,0.0,0.07914937004496055,0.5164783280010581,6.525362459709714,perturbed,8,0.075
pair,"1,2",0.99999999999999,0.0,0.04244853439162139,0.5508730808675104,12.977434645570314,perturbed,8,0.075
pair,"1,3",0.9999999999999899,0.0,0.06702687813087117,0.562382479119905,8.390402399793158,perturbed,8,0.075
pair,"1,4",0.99999999999999,0.0,0.07012352233762331,0.5559604157348372,7.928301334580112,perturbed,8,0.075
pair,"1,5",0.9999999999999899,0.0,0.06752498840838654,0.5200451549238486,7.701521572705068,perturbed,8,0.075
pair,"1,6",0.99999999999999,0.0,0.0761262791582008,0.521842491766782,6.854958596916605,perturbed,8,0.075
pair,"1,7",0.9999999999999898,0.0,0.0829922803347157,0.5300868412589042,6.387182508072002,perturbed,8,0.075
pair,"1,8",0.99999999999999,0.0,0.07151440229041796,0.5514588727262372,7.711158243157488,perturbed,8,0.075
pair,"1,9",0.99999999999999,0.0,0.0739426244172877,0.5326637704688586,7.203744452764141,perturbed,8,0.075
pair,"1,10",0.9999999999999899,0.0,0.07325018667608116,0.5320606587012591,7.263608228796448,perturbed,8,0.075
pair,"1,11",0.9999999999999899,0.0,0.07601832369912483,0.5244915582495088,6.899541225420984,perturbed,8,0.075
pair,"2,3",0.99999999999999,0.0,0.015282282588299088,0.6632580113173476,43.400454577719465,perturbed,8,0.075
pair,"2,4",0.99999999999999,0.0,0.04260338152818079,0.5437931028049721,12.764083114981615,perturbed,8,0.075
pair,"2,5",0.99999999999999,0.0,0.07344741837298863,0.5372781378289926,7.315139861016334,perturbed,8,0.075
pair,"2,6",0.99999999999999,0.0,0.07773627880789565,0.5227805954227077,6.725053005362138,perturbed,8,0.075
pair,"2,7",0.9999999999999899,0.0,0.079297247221201,0.5255519093773868,6.627618584430188,perturbed,8,0.075
pair,"2,8",0.9999999999999901,0.0,0.07178145974822321,0.5519021644565167,7.688645039991372,perturbed,8,0.075
pair,"2,9",0.9999999999999899,0.0,0.07682050297320955,0.5356710789349199,6.973022281847469,perturbed,8,0.075
pair,"2,10",0.99999999999999,0.0,0.07389966531276178,0.5327788075824911,7.209488775458435,perturbed,8,0.075
pair,"2,11",0.9999999999999899,0.0,0.07604100508966417,0.5246220756283945,6.89919964905492,perturbed,8,0.075
pair,"3,4",0.9999999999999898,0.0,0.03418626139621548,0.6013905394800303,17.59158547669111,perturbed,8,0.075
pair,"3,5",0.9999999999999899,0.0,0.06490966326133293,0.542840468700458,8.363014710381824,perturbed,8,0.075
pair,"3,6",0.99999999999999,0.0,0.07048165624966284,0.5397584804221733,7.658141268846181,perturbed,8,0.075
pair,"3,7",0.9999999999999899,0.0,0.07246652243719678,0.5397867701484795,7.448774302869115,perturbed,8,0.075
pair,"3,8",0.99999999999999,0.0,0.06519422411441811,0.5662602709066374,8.685742925827773,perturbed,8,0.075
pair,"3,9",0.99999999999999,0.0,0.07178200311365693,0.5519257887799389,7.688915951621472,perturbed,8,0.075
pair,"3,10",0.9999999999999899,0.0,0.07146688279003215,0.5515862180481137,7.718067397295888,perturbed,8,0.075
pair,"3,11",0.9999999999999899,0.0,0.07149084543963649,0.5411491177771406,7.5694882953099425,perturbed,8,0.075
pair,"4,5",0.99999999999999,0.0,0.04815406074262177,0.5504578863751923,11.431183121135517,perturbed,8,0.075
pair,"4,6",0.9999999999999899,0.0,0.07744969122528321,0.517946593181647,6.68752302284925,perturbed,8,0.075
pair,"4,7",0.99999999999999,0.0,0.07984541517850667,0.516560647297065,6.4695091902548745,perturbed,8,0.075
pair,"4,8",0.99999999999999,0.0,0.07247754258011817,0.5397926579995208,7.447722960568412,perturbed,8,0.075
pair,"4,9",0.99999999999999,0.0,0.0792870338918506,0.5255581908328445,6.628551542862839,perturbed,8,0.075
pair,"4,10",0.9999999999999899,0.0,0.0829016204403312,0.5301689436637987,6.395157788808123,perturbed,8,0.075
pair,"4,11",0.99999999999999,0.0,0.08998318732943619,0.5266654100393974,5.852931260494585,perturbed,8,0.075
pair,"5,6",0.99999999999999,0.0,0.048924052046235934,0.5479555881342861,11.200126833657151,perturbed,8,0.075
pair,"5,7",0.99999999999999,0.0,0.07745675347020303,0.5178927167607912,6.686217709344353,perturbed,8,0.075
pair,"5,8",0.99999999999999,0.0,0.07050412413112701,0.5396982357380448,7.654846328340844,perturbed,8,0.075
pair,"5,9",0.99999999999999,0.0,0.0777516216206222,0.5227308606598107,6.72308628121482,perturbed,8,0.075
pair,"5,10",0.99999999999999,0.0,0.07610401126813132,0.5218917775475305,6.857611955679838,perturbed,8,0.075
pair,"5,11",0.9999999999999899,0.0,0.10085423647941127,0.5400548261806106,5.354805559316879,perturbed,8,0.075
pair,"6,7",0.99999999999999,0.0,0.04817846881381194,0.5504705065794762,11.42565382695736,perturbed,8,0.075
pair,"6,8",0.9999999999999899,0.0,0.06493804627520623,0.542791716399543,8.35860866677759,perturbed,8,0.075
pair,"6,9",0.99999999999999,0.0,0.07348607049340157,0.537243015841938,7.31081431126703,perturbed,8,0.075
pair,"6,10",0.9999999999999899,0.0,0.06756265978804718,0.5201704458941191,7.6990818230952005,perturbed,8,0.075
pair,"6,11",0.9999999999999899,0.0,0.09109277166736472,0.5306048929736881,5.824884711064125,perturbed,8,0.075
pair,"7,8",0.99999999999999,0.0,0.03423471868479826,0.6013241239632503,17.564745587650034,perturbed,8,0.075
pair,"7,9",0.99999999999999,0.0,0.042679507644144396,0.5436760592913144,12.73857383324117,perturbed,8,0.075
pair,"7,10",0.99999999999999,0.0,0.07013043205893309,0.5559589374388733,7.92749910583299,perturbed,8,0.075
pair,"7,11",0.99999999999999,0.0,0.08572236746307192,0.5233478324747665,6.1051490755924105,perturbed,8,0.075
pair,"8,9",0.99999999999999,0.0,0.015317568296336095,0.6631936301259658,43.29627374892131,perturbed,8,0.075
pair,"8,10",0.99999999999999,0.0,0.0670193769141333,0.5624014605746807,8.391624728102766,perturbed,8,0.075
pair,"8,11",0.99999999999999,0.0,0.07072375840177265,0.5438123215229,7.689245224123576,perturbed,8,0.075
pair,"9,10",0.9999999999999902,0.0,0.04246836937876787,0.5509747059449408,12.973766452648439,perturbed,8,0.075
pair,"9,11",0.99999999999999,0.0,0.06813099201715128,0.5320333400732198,7.80897685944872,perturbed,8,0.075
pair,"10,11",0.99999999999999,0.0,0.04432842694889952,0.55340120449587,12.48411555713029,perturbed,8,0.075
modular_A,"0,1,2,3",0.9999999999999898,0.0,0.00031419586757976565,0.38295827990005166,1218.852058271674,perturbed,8,0.075
single,0,0.9999999999999898,0.0,0.2817966990654647,0.7182033009345251,2.548657607829814,perturbed,9,0.075
single,1,0.9999999999999898,0.0,0.27065964934930986,0.7293403506506799,2.694677069168159,perturbed,9,0.075
single,2,0.9999999999999898,0.0,0.2705706206329171,0.7294293793670726,2.6958927678873486,perturbed,9,0.075
single,3,0.9999999999999897,0.0,0.2494738849288568,0.7505261150711329,3.008435593509768,perturbed,9,0.075
single,4,0.9999999999999896,0.0,0.2834951301607626,0.7165048698392269,2.5273974527637066,perturbed,9,0.075
single,5,0.9999999999999897,0.0,0.28596537032595404,0.7140346296740356,2.496926914123036,perturbed,9,0.075
single,6,0.9999999999999896,0.0,0.28602472294602055,0.713975277053969,2.496201271345039,perturbed,9,0.075
single,7,0.9999999999999899,0.0,0.2835605393755095,0.7164394606244804,2.5265837841975753,perturbed,9,0.075
single,8,0.9999999999999897,0.0,0.2495541427051659,0.7504458572948238,3.007146461926032,perturbed,9,0.075
single,9,0.9999999999999898,0.0,0.27063858038509125,0.7293614196148985,2.694964696375111,perturbed,9,0.075
single,10,0.9999999999999898,0.0,0.2705338324345337,0.729466167565456,2.696395349154635,perturbed,9,0.075
single,11,0.9999999999999898,0.0,0.28194629327072024,0.7180537067292695,2.5467747718882263,perturbed,9,0.075
pair,"0,1",0.9999999999999898,0.0,0.04449691943353936,0.5524384661869407,12.415207012522817,perturbed,9,0.075
pair,"0,2",0.9999999999999898,0.0,0.06834016764581129,0.5313548553480119,7.77514708629164,perturbed,9,0.075
pair,"0,3",0.9999999999999898,0.0,0.07089035789774509,0.5431353691685032,7.661625435040715,perturbed,9,0.075
pair,"0,4",0.9999999999999898,0.0,0.08597624718958084,0.5227498010213473,6.08016537252044,perturbed,9,0.075
pair,"0,5",0.9999999999999898,0.0,0.09144799064024947,0.5301002496586606,5.7967402667603825,perturbed,9,0.075
pair,"0,6",0.9999999999999896,0.0,0.10121956971447951,0.5396769271828735,5.331744925464473,perturbed,9,0.075
pair,"0,7",0.9999999999999899,0.0,0.09029578519316517,0.5261093827142815,5.826510967137642,perturbed,9,0.075
pair,"0,8",0.99999999999999,0.0,0.07175080757249253,0.5404149007982691,7.5318302202002085,perturbed,9,0.075
pair,"0,9",0.9999999999999899,0.0,0.07630980254413702,0.5239011802659252,6.865450607907217,perturbed,9,0.075
pair,"0,10",0.99999999999999,0.0,0.07623244895984133,0.5239095027146651,6.8725261993177815,perturbed,9,0.075
pair,"0,11",0.9999999999999898,0.0,0.07945132008520732,0.5157087613395634,6.4908771910459535,perturbed,9,0.075
pair,"1,2",0.9999999999999898,0.0,0.042448535398708284,0.5508730781196938,12.97743427294919,perturbed,9,0.075
pair,"1,3",0.9999999999999898,0.0,0.06702703913378213,0.5623823541861661,8.390380381620067,perturbed,9,0.075
pair,"1,4",0.9999999999999896,0.0,0.0701231622756905,0.5559620784380174,7.928365755272734,perturbed,9,0.075
pair,"1,5",0.9999999999999898,0.0,0.06750610923463335,0.5200738998215912,7.704101239399714,perturbed,9,0.075
pair,"1,6",0.9999999999999896,0.0,0.07611011416624103,0.5218526821382995,6.856548408250444,perturbed,9,0.075
pair,"1,7",0.9999999999999898,0.0,0.08295301509517974,0.5301095637320202,6.390479756809032,perturbed,9,0.075
pair,"1,8",0.9999999999999899,0.0,0.07151361108097237,0.5514592765778478,7.711249204762568,perturbed,9,0.075
pair,"1,9",0.9999999999999899,0.0,0.07394496032546283,0.5326548949207026,7.203396858640057,perturbed,9,0.075
pair,"1,10",0.9999999999999899,0.0,0.07324425030963388,0.5320773785789015,7.264425211939358,perturbed,9,0.075
pair,"1,11",0.9999999999999898,0.0,0.07630835678449518,0.5237100517873357,6.86307599659578,perturbed,9,0.075
pair,"2,3",0.9999999999999898,0.0,0.015282294041743725,0.6632580262303204,43.400423026714776,perturbed,9,0.075
pair,"2,4",0.9999999999999897,0.0,0.0426025550925062,0.5437954533536848,12.764385895937464,perturbed,9,0.075
pair,"2,5",0.9999999999999898,0.0,0.07342684145695233,0.5373164797893226,7.317712012770331,perturbed,9,0.075
pair,"2,6",0.9999999999999896,0.0,0.07773490238694387,0.52278138479309,6.7251822378424295,perturbed,9,0.075
pair,"2,7",0.9999999999999898,0.0,0.07928825848657704,0.5255678671760342,6.628571205975084,perturbed,9,0.075
pair,"2,8",0.99999999999999,0.0,0.07178123296447221,0.5519021137690161,7.688668625156906,perturbed,9,0.075
pair,"2,9",0.9999999999999898,0.0,0.07682185922751145,0.5356612779403203,6.972771595568065,perturbed,9,0.075
pair,"2,10",0.99999999999999,0.0,0.07389507371438762,0.5327957382459445,7.210165867149103,perturbed,9,0.075
pair,"2,11",0.9999999999999898,0.0,0.07633142811792669,0.5238407251179806,6.862713537976567,perturbed,9,0.075
pair,"3,4",0.9999999999999898,0.0,0.034184954734244384,0.6013993347753112,17.592515170800162,perturbed,9,0.075
pair,"3,5",0.9999999999999897,0.0,0.0648892902442828,0.5428843536299235,8.366316715534662,perturbed,9,0.075
pair,"3,6",0.9999999999999898,0.0,0.07047965774898061,0.5397639221830454,7.658435631249249,perturbed,9,0.075
pair,"3,7",0.9999999999999898,0.0,0.0724633990106535,0.5398031290679267,7.4493211253941505,perturbed,9,0.075
pair,"3,8",0.9999999999999899,0.0,0.06519190651993396,0.5662575547377151,8.686010042743089,perturbed,9,0.075
pair,"3,9",0.9999999999999898,0.0,0.07178247134176961,0.5519145995058369,7.68870992025434,perturbed,9,0.075
pair,"3,10",0.9999999999999899,0.0,0.07147409225484551,0.5516147200067122,7.717687662823253,perturbed,9,0.075
pair,"3,11",0.9999999999999898,0.0,0.07177070235848479,0.5403567287997915,7.528931876697874,perturbed,9,0.075
pair,"4,5",0.9999999999999896,0.0,0.04812658071002441,0.5505499476125407,11.43962316645249,perturbed,9,0.075
pair,"4,6",0.9999999999999897,0.0,0.07744440912458388,0.5179553458863198,6.688092164963016,perturbed,9,0.075
pair,"4,7",0.9999999999999899,0.0,0.07983255371806593,0.5165717537239077,6.470690585049,perturbed,9,0.075
pair,"4,8",0.9999999999999898,0.0,0.07246892296234436,0.5397912143256404,7.448588888317296,perturbed,9,0.075
pair,"4,9",0.9999999999999898,0.0,0.07930380223334384,0.5255744828470517,6.627355411038163,perturbed,9,0.075
pair,"4,10",0.9999999999999898,0.0,0.08295902587704518,0.530248611591023,6.39169283854553,perturbed,9,0.075
pair,"4,11",0.9999999999999898,0.0,0.09039602144010649,0.5259934438195828,5.818767634238076,perturbed,9,0.075
pair,"5,6",0.9999999999999898,0.0,0.048896797863646486,0.5479826957444699,11.206923964071704,perturbed,9,0.075
pair,"5,7",0.9999999999999898,0.0,0.0774497946984732,0.5179466732784674,6.687515122472984,perturbed,9,0.075
pair,"5,8",0.9999999999999898,0.0,0.07049649319029791,0.5397506425236169,7.656418328024013,perturbed,9,0.075
pair,"5,9",0.9999999999999899,0.0,0.0777522366140972,0.5227766682089465,6.723622251583722,perturbed,9,0.075
pair,"5,10",0.9999999999999898,0.0,0.07609044517666448,0.5219551374490761,6.8596672846008,perturbed,9,0.075
pair,"5,11",0.9999999999999899,0.0,0.1013003507760334,0.5394445368510126,5.325199100679121,perturbed,9,0.075
pair,"6,7",0.9999999999999899,0.0,0.04818174407578786,0.5504310257094344,11.424057727001943,perturbed,9,0.075
pair,"6,8",0.99999999999999,0.0,0.06492415994180198,0.5427767192739178,8.360165457057326,perturbed,9,0.075
pair,"6,9",0.9999999999999898,0.0,0.07348898000442433,0.5371961437040494,7.309887056150569,perturbed,9,0.075
pair,"6,10",0.99999999999999,0.0,0.06749955203764053,0.5201084803574899,7.705361956586852,perturbed,9,0.075
pair,"6,11",0.99999999999999,0.0,0.09141192819326728,0.5298869330915603,5.796693534034739,perturbed,9,0.075
pair,"7,8",0.9999999999999899,0.0,0.03423748230868584,0.6013071824500607,17.562832950993965,perturbed,9,0.075
pair,"7,9",0.9999999999999898,0.0,0.042659884217989365,0.5436904353494593,12.744770533629085,perturbed,9,0.075
pair,"7,10",0.9999999999999899,0.0,0.07012617674074705,0.5560068816519683,7.928663838433654,perturbed,9,0.075
pair,"7,11",0.9999999999999899,0.0,0.08597835871920412,0.5225669947340493,6.077889861106744,perturbed,9,0.075
pair,"8,9",0.9999999999999899,0.0,0.01532413114112902,0.663194949016602,43.27781737893301,perturbed,9,0.075
pair,"8,10",0.9999999999999898,0.0,0.06703503921944702,0.5624343262913213,8.390154355696383,perturbed,9,0.075
pair,"8,11",0.9999999999999898,0.0,0.0709176810625798,0.5429568509823635,7.65615630470549,perturbed,9,0.075
pair,"9,10",0.99999999999999,0.0,0.04246058306395441,0.551000901984683,12.976762498874823,perturbed,9,0.075
pair,"9,11",0.9999999999999898,0.0,0.06840833812586472,0.5312697848719905,7.76615540483538,perturbed,9,0.075
pair,"10,11",0.9999999999999901,0.0,0.044555890932653185,0.5526498549675726,12.403519341649123,perturbed,9,0.075
modular_A,"0,1,2,3",0.9999999999999898,0.0,0.0003142456683841212,0.38295630921472507,1218.6526267296538,perturbed,9,0.075
single,0,0.9999999999999902,0.0,0.2817966990654648,0.7182033009345254,2.548657607829814,perturbed,10,0.075
single,1,0.9999999999999901,0.0,0.2706596493493101,0.72934035065068,2.6946770691681574,perturbed,10,0.075
single,2,0.9999999999999901,0.0,0.27057062063291737,0.7294293793670727,2.6958927678873463,perturbed,10,0.075
single,3,0.9999999999999901,0.0,0.24947388506083168,0.7505261149391584,3.008435591389256,perturbed,10,0.075
single,4,0.9999999999999902,0.0,0.28349503747971755,0.7165049625202726,2.5273986059510283,perturbed,10,0.075
single,5,0.99999999999999,0.0,0.2859572994855164,0.7140427005144736,2.497025611163458,perturbed,10,0.075
single,6,0.9999999999999899,0.0,0.28596537039312897,0.7140346296068609,2.4969269133015883,perturbed,10,0.075
single,7,0.9999999999999902,0.0,0.28356399258961335,0.7164360074103768,2.52654083781094,perturbed,10,0.075
single,8,0.9999999999999901,0.0,0.24954371511960607,0.7504562848803841,3.0073139069869623,perturbed,10,0.075
single,9,0.99999999999999,0.0,0.2705373936763401,0.7294626063236499,2.6963466913425993,perturbed,10,0.075
single,10,0.99999999999999,0.0,0.2710103160075017,0.7289896839924884,2.6898964391167666,perturbed,10,0.075
single,11,0.99999999999999,0.0,0.28180580936464766,0.7181941906353423,2.54854288580695,perturbed,10,0.075
pair,"0,1",0.99999999999999,0.0,0.04449691943353937,0.5524384661869408,12.415207012522819,perturbed,10,0.075
pair,"0,2",0.9999999999999901,0.0,0.0683401676458113,0.5313548553480119,7.775147086291639,perturbed,10,0.075
pair,"0,3",0.99999999999999,0.0,0.0708903585476462,0.543135368562693,7.661625356255541,perturbed,10,0.075
pair,"0,4",0.9999999999999901,0.0,0.0859771709283765,0.5227494534271844,6.080096004352854,perturbed,10,0.075
pair,"0,5",0.9999999999999902,0.0,0.09144901786524526,0.5301013479313961,5.79668716303249,perturbed,10,0.075
pair,"0,6",0.99999999999999,0.0,0.10120052914232809,0.5397089754184496,5.333064757590395,perturbed,10,0.075
pair,"0,7",0.9999999999999902,0.0,0.09024670543729753,0.5261271801943713,5.829876865254866,perturbed,10,0.075
pair,"0,8",0.99999999999999,0.0,0.07172943209781274,0.5404281790498219,7.534259832322041,perturbed,10,0.075
pair,"0,9",0.9999999999999902,0.0,0.07628202105351839,0.523973568955399,6.868899928435123,perturbed,10,0.075
pair,"0,10",0.9999999999999903,0.0,0.0763665945288086,0.5235673426929022,6.855973425597643,perturbed,10,0.075
pair,"0,11",0.9999999999999901,0.0,0.0794117334949904,0.5158096565347399,6.49538341292196,perturbed,10,0.075
pair,"1,2",0.9999999999999901,0.0,0.04244853539870835,0.5508730781196938,12.97743427294917,perturbed,10,0.075
pair,"1,3",0.9999999999999901,0.0,0.06702703997840734,0.562382353513303,8.390380265852015,perturbed,10,0.075
pair,"1,4",0.99999999999999,0.0,0.07012318858181585,0.5559620401867118,7.928362235525644,perturbed,10,0.075
pair,"1,5",0.9999999999999902,0.0,0.06751402141777792,0.5200720907042837,7.70317157507281,perturbed,10,0.075
pair,"1,6",0.99999999999999,0.0,0.07609104219504548,0.5218877176244153,6.858727421378348,perturbed,10,0.075
pair,"1,7",0.9999999999999902,0.0,0.08292804207394745,0.5301207521375703,6.392539108361659,perturbed,10,0.075
pair,"1,8",0.9999999999999901,0.0,0.07148668472013282,0.5514735824248523,7.714353863014445,perturbed,10,0.075
pair,"1,9",0.9999999999999902,0.0,0.07391988219934285,0.5327278996863384,7.206828309732808,perturbed,10,0.075
pair,"1,10",0.9999999999999902,0.0,0.0733720128490412,0.5317303199302916,7.247045559787176,perturbed,10,0.075
pair,"1,11",0.9999999999999901,0.0,0.07627037598500051,0.5238124886229282,6.867836717180235,perturbed,10,0.075
pair,"2,3",0.99999999999999,0.0,0.015282294137957484,0.6632580258692218,43.40042272984728,perturbed,10,0.075
pair,"2,4",0.99999999999999,0.0,0.042602601709138335,0.543795401252931,12.764370705939443,perturbed,10,0.075
pair,"2,5",0.9999999999999901,0.0,0.07343085586177914,0.5373179603271219,7.317332121779022,perturbed,10,0.075
pair,"2,6",0.9999999999999899,0.0,0.07771520694610562,0.5228219906503819,6.727409102995138,perturbed,10,0.075
pair,"2,7",0.9999999999999902,0.0,0.07928550633831635,0.5255674847561891,6.628796472757061,perturbed,10,0.075
pair,"2,8",0.9999999999999901,0.0,0.07176884428002667,0.5519121778728358,7.6901360668341345,perturbed,10,0.075
pair,"2,9",0.9999999999999901,0.0,0.07679693965316277,0.5357344008788547,6.9759863257362404,perturbed,10,0.075
pair,"2,10",0.9999999999999902,0.0,0.07401941364873231,0.5324491405493029,7.1933714994839315,perturbed,10,0.075
pair,"2,11",0.9999999999999901,0.0,0.0762938639609116,0.5239429982182726,6.8674329889322365,perturbed,10,0.075
pair,"3,4",0.9999999999999899,0.0,0.03418498806854703,0.6013993770406052,17.59249925244062,perturbed,10,0.075
pair,"3,5",0.9999999999999901,0.0,0.06488872851033681,0.5428890849486232,8.366462056074049,perturbed,10,0.075
pair,"3,6",0.99999999999999,0.0,0.07046148086030174,0.5398063303284528,7.66101313423547,perturbed,10,0.075
pair,"3,7",0.9999999999999902,0.0,0.07246359451984152,0.5398007908475014,7.449268759358834,perturbed,10,0.075
pair,"3,8",0.9999999999999901,0.0,0.06518793730920684,0.5662670352674468,8.686684356669618,perturbed,10,0.075
pair,"3,9",0.9999999999999902,0.0,0.07175655558331781,0.5519889857096428,7.692523438763983,perturbed,10,0.075
pair,"3,10",0.99999999999999,0.0,0.07158112098970221,0.5512523791119216,7.701086145203367,perturbed,10,0.075
pair,"3,11",0.9999999999999901,0.0,0.07173803966302723,0.5404624256285196,7.533833209929018,perturbed,10,0.075
pair,"4,5",0.9999999999999901,0.0,0.04812456806918613,0.5505577988122393,11.44026473174225,perturbed,10,0.075
pair,"4,6",0.99999999999999,0.0,0.07741977857904749,0.5179974868167352,6.690764250737906,perturbed,10,0.075
pair,"4,7",0.99999999999999,0.0,0.07983219044095063,0.5165750665486623,6.470761527340986,perturbed,10,0.075
pair,"4,8",0.99999999999999,0.0,0.07246635762763291,0.5398020177001667,7.449001652241578,perturbed,10,0.075
pair,"4,9",0.9999999999999901,0.0,0.07927063730626917,0.5256414342852936,6.630972730223313,perturbed,10,0.075
pair,"4,10",0.99999999999999,0.0,0.0830695919219809,0.5298937395716653,6.378913478584828,perturbed,10,0.075
pair,"4,11",0.99999999999999,0.0,0.09038864248209258,0.5261114634047308,5.820548344986615,perturbed,10,0.075
pair,"5,6",0.99999999999999,0.0,0.04886884642011751,0.5480741408013475,11.215205206393525,perturbed,10,0.075
pair,"5,7",0.9999999999999901,0.0,0.07744507971424575,0.5179543972680051,6.688022004485447,perturbed,10,0.075
pair,"5,8",0.9999999999999901,0.0,0.07048415284077457,0.5397570485655017,7.657849698283614,perturbed,10,0.075
pair,"5,9",0.99999999999999,0.0,0.07771624075770191,0.5228501092377625,6.727681423344535,perturbed,10,0.075
pair,"5,10",0.9999999999999902,0.0,0.07623434770902862,0.5216429302937319,6.842623383946819,perturbed,10,0.075
pair,"5,11",0.99999999999999,0.0,0.10143376555554605,0.5396357403094755,5.320079929537528,perturbed,10,0.075
pair,"6,7",0.99999999999999,0.0,0.04815505003733657,0.550456822338406,11.430926183476384,perturbed,10,0.075
pair,"6,8",0.9999999999999899,0.0,0.06492340808362804,0.5428288649304507,8.361065460877088,perturbed,10,0.075
pair,"6,9",0.99999999999999,0.0,0.07343901924023595,0.537317609342221,7.316513958125329,perturbed,10,0.075
pair,"6,10",0.9999999999999899,0.0,0.06764113749802227,0.5198267329049104,7.685067876336489,perturbed,10,0.075
pair,"6,11",0.99999999999999,0.0,0.09146502538269394,0.5300715716266695,5.795347122124826,perturbed,10,0.075
pair,"7,8",0.9999999999999901,0.0,0.03424715017276505,0.6012411946397356,17.555948206104198,perturbed,10,0.075
pair,"7,9",0.9999999999999901,0.0,0.04263720521976458,0.5437471938743549,12.752880754536406,perturbed,10,0.075
pair,"7,10",0.9999999999999901,0.0,0.07025397309473161,0.5555814033746295,7.908184817184281,perturbed,10,0.075
pair,"7,11",0.99999999999999,0.0,0.08596954356949274,0.5226959404690431,6.080012976299291,perturbed,10,0.075
pair,"8,9",0.9999999999999901,0.0,0.015295403307535118,0.6632644810618431,43.363647739520076,perturbed,10,0.075
pair,"8,10",0.9999999999999902,0.0,0.06710230727368692,0.5620474944416484,8.375978670140992,perturbed,10,0.075
pair,"8,11",0.99999999999999,0.0,0.07088049891172865,0.5431050527961282,7.662263402977546,perturbed,10,0.075
pair,"9,10",0.9999999999999899,0.0,0.04254546690652625,0.5507508886253564,12.944995757958743,perturbed,10,0.075
pair,"9,11",0.99999999999999,0.0,0.06830681170627886,0.5314471288698368,7.780294755303085,perturbed,10,0.075
pair,"10,11",0.99999999999999,0.0,0.04453233049661871,0.5523411945641563,12.403150439344174,perturbed,10,0.075
modular_A,"0,1,2,3",0.99999999999999,0.0,0.0003142460094062358,0.38295630201602354,1218.6512813308752,perturbed,10,0.075
single,0,0.99999999999999,0.0,0.28179669906546473,0.7182033009345252,2.5486576078298135,perturbed,11,0.075
single,1,0.99999999999999,0.0,0.27065964934931,0.7293403506506799,2.6946770691681574,perturbed,11,0.075
single,2,0.9999999999999898,0.0,0.27057062063291715,0.7294293793670726,2.695892767887348,perturbed,11,0.075
single,3,0.99999999999999,0.0,0.24947388506083162,0.7505261149391583,3.008435591389256,perturbed,11,0.075
single,4,0.99999999999999,0.0,0.28349503755945465,0.7165049624405353,2.5273986049588952,perturbed,11,0.075
single,5,0.99999999999999,0.0,0.2859572065410402,0.7140427934589498,2.4970267477993127,perturbed,11,0.075
single,6,0.99999999999999,0.0,0.2859573382287116,0.7140426617712784,2.4970251373656995,perturbed,11,0.075
single,7,0.99999999999999,0.0,0.28350907556358085,0.7164909244364092,2.5272239451668845,perturbed,11,0.075
single,8,0.9999999999999902,0.0,0.2496548270444386,0.7503451729555517,3.005530403071238,perturbed,11,0.075
single,9,0.9999999999999901,0.0,0.2708607237657754,0.7291392762342147,2.6919343125758313,perturbed,11,0.075
single,10,0.9999999999999899,0.0,0.27075241065615047,0.7292475893438394,2.6934112519129796,perturbed,11,0.075
single,11,0.9999999999999901,0.0,0.2818069434271914,0.7181930565727987,2.5485286055712586,perturbed,11,0.075
pair,"0,1",0.99999999999999,0.0,0.04449691943353941,0.5524384661869408,12.415207012522806,perturbed,11,0.075
pair,"0,2",0.99999999999999,0.0,0.06834016764581126,0.5313548553480119,7.775147086291644,perturbed,11,0.075
pair,"0,3",0.99999999999999,0.0,0.0708903585476462,0.543135368562693,7.661625356255541,perturbed,11,0.075
pair,"0,4",0.99999999999999,0.0,0.08597717545484182,0.5227494516456351,6.080095663531087,perturbed,11,0.075
pair,"0,5",0.99999999999999,0.0,0.09144906954182534,0.5301013098576286,5.796683471067798,perturbed,11,0.075
pair,"0,6",0.99999999999999,0.0,0.10140975816469971,0.5396635228702109,5.321613350006641,perturbed,11,0.075
pair,"0,7",0.99999999999999,0.0,0.09021906614243469,0.5261683448877664,5.832119167106766,perturbed,11,0.075
pair,"0,8",0.99999999999999,0.0,0.0717776644246092,0.540343059083617,7.528011163572476,perturbed,11,0.075
pair,"0,9",0.99999999999999,0.0,0.07636573710001467,0.5237440886771699,6.858364871031531,perturbed,11,0.075
pair,"0,10",0.99999999999999,0.0,0.07629405100100563,0.5237525118432267,6.864919413393361,perturbed,11,0.075
pair,"0,11",0.99999999999999,0.0,0.07941205314915378,0.5158088419853253,6.495347010063066,perturbed,11,0.075
pair,"1,2",0.99999999999999,0.0,0.04244853539870837,0.5508730781196938,12.977434272949164,perturbed,11,0.075
pair,"1,3",0.99999999999999,0.0,0.06702703997840734,0.562382353513303,8.390380265852015,perturbed,11,0.075
pair,"1,4",0.99999999999999,0.0,0.07012318875354366,0.5559620398385989,7.9283622111452186,perturbed,11,0.075
pair,"1,5",0.9999999999999899,0.0,0.06751459843422702,0.5200718077653431,7.703101548800576,perturbed,11,0.075
pair,"1,6",0.99999999999999,0.0,0.07612460739458109,0.5218774539978062,6.855568414201843,perturbed,11,0.075
pair,"1,7",0.99999999999999,0.0,0.08291214376981003,0.5301571726744002,6.394204136685717,perturbed,11,0.075
pair,"1,8",0.9999999999999902,0.0,0.07153496882194403,0.5513876857692249,7.707946125505006,perturbed,11,0.075
pair,"1,9",0.99999999999999,0.0,0.07398231582461559,0.532501118199701,7.197681125068619,perturbed,11,0.075
pair,"1,10",0.99999999999999,0.0,0.07330344043876973,0.5319179246599773,7.2563841680021515,perturbed,11,0.075
pair,"1,11",0.99999999999999,0.0,0.0762706851821984,0.5238116602675146,6.8677980146135145,perturbed,11,0.075
pair,"2,3",0.99999999999999,0.0,0.015282294137957637,0.6632580258692214,43.400422729846824,perturbed,11,0.075
pair,"2,4",0.9999999999999902,0.0,0.042602602100371076,0.543795400773069,12.764370577456639,perturbed,11,0.075
pair,"2,5",0.99999999999999,0.0,0.07343123445716418,0.5373178207382232,7.317292494267755,perturbed,11,0.075
pair,"2,6",0.9999999999999901,0.0,0.07772103263866735,0.5228240997561912,6.726931977176002,perturbed,11,0.075
pair,"2,7",0.99999999999999,0.0,0.07926871631594988,0.5256035582784879,6.630655606728045,perturbed,11,0.075
pair,"2,8",0.9999999999999902,0.0,0.07180420945391504,0.5518299456952183,7.685203275573844,perturbed,11,0.075
pair,"2,9",0.9999999999999901,0.0,0.07685289136091006,0.5355076358450614,6.96795691563842,perturbed,11,0.075
pair,"2,10",0.99999999999999,0.0,0.07395390395820471,0.5326359091376296,7.202268989594525,perturbed,11,0.075
pair,"2,11",0.99999999999999,0.0,0.0762942066961882,0.5239421843166334,6.867391470534952,perturbed,11,0.075
pair,"3,4",0.99999999999999,0.0,0.03418498842172869,0.6013993767314705,17.592499061641,perturbed,11,0.075
pair,"3,5",0.9999999999999899,0.0,0.06488882351542498,0.542889092177485,8.366449917965191,perturbed,11,0.075
pair,"3,6",0.99999999999999,0.0,0.07046156645872471,0.5398106976485962,7.661065809043699,perturbed,11,0.075
pair,"3,7",0.9999999999999901,0.0,0.07244786239100788,0.539839742337153,7.451424024405131,perturbed,11,0.075
pair,"3,8",0.99999999999999,0.0,0.06521614277371302,0.5661826153440676,8.68163297097481,perturbed,11,0.075
pair,"3,9",0.99999999999999,0.0,0.07181835142612521,0.5517449958289157,7.682507115141167,perturbed,11,0.075
pair,"3,10",0.99999999999999,0.0,0.0715233757700305,0.5514449652601665,7.70999633788582,perturbed,11,0.075
pair,"3,11",0.9999999999999898,0.0,0.07173890950464587,0.5404621175776043,7.533737567374139,perturbed,11,0.075
pair,"4,5",0.9999999999999899,0.0,0.04812461730926662,0.5505578334310038,11.440253745664412,perturbed,11,0.075
pair,"4,6",0.9999999999999898,0.0,0.07741880085853957,0.5180021571286946,6.690909073562034,perturbed,11,0.075
pair,"4,7",0.9999999999999898,0.0,0.07981302288311666,0.5166126135670472,6.472785955289629,perturbed,11,0.075
pair,"4,8",0.9999999999999898,0.0,0.07249849603652335,0.5397214102979522,7.444587678426473,perturbed,11,0.075
pair,"4,9",0.99999999999999,0.0,0.07934661372764464,0.5254050731096364,6.621644559565916,perturbed,11,0.075
pair,"4,10",0.9999999999999898,0.0,0.0830080267934521,0.5300739522964374,6.385815598477172,perturbed,11,0.075
pair,"4,11",0.9999999999999898,0.0,0.09039358239198163,0.5261142139034257,5.820260686449957,perturbed,11,0.075
pair,"5,6",0.99999999999999,0.0,0.04886680379869625,0.548081908278415,11.215832951469555,perturbed,11,0.075
pair,"5,7",0.99999999999999,0.0,0.07742168871695773,0.5179931899845437,6.690543677989902,perturbed,11,0.075
pair,"5,8",0.9999999999999898,0.0,0.07051638765374663,0.5396818809361499,7.653283143006772,perturbed,11,0.075
pair,"5,9",0.9999999999999898,0.0,0.07779863518022903,0.522617719417062,6.717569250493418,perturbed,11,0.075
pair,"5,10",0.9999999999999899,0.0,0.07616037048948204,0.5218074425218167,6.851429938801042,perturbed,11,0.075
pair,"5,11",0.9999999999999899,0.0,0.10143847444060518,0.5396368572798931,5.319843976910992,perturbed,11,0.075
pair,"6,7",0.99999999999999,0.0,0.0481284518424062,0.5505442188374184,11.439059387161326,perturbed,11,0.075
pair,"6,8",0.9999999999999899,0.0,0.06495194516765608,0.5427586322155047,8.35631066651689,perturbed,11,0.075
pair,"6,9",0.9999999999999899,0.0,0.07353009588661151,0.5370747353773839,7.304148442912277,perturbed,11,0.075
pair,"6,10",0.9999999999999899,0.0,0.06756435001390593,0.5199825904561689,7.696108825869669,perturbed,11,0.075
pair,"6,11",0.9999999999999899,0.0,0.09146843122842703,0.5300772990954306,5.7951939480808585,perturbed,11,0.075
pair,"7,8",0.99999999999999,0.0,0.034258363606358144,0.6011544541551064,17.547669849692873,perturbed,11,0.075
pair,"7,9",0.99999999999999,0.0,0.042783161288482675,0.5435133722429192,12.70390863774796,perturbed,11,0.075
pair,"7,10",0.99999999999999,0.0,0.07024259054200435,0.5557790002167158,7.912279372503575,perturbed,11,0.075
pair,"7,11",0.9999999999999898,0.0,0.0859884178349864,0.5227286085991348,6.0790583401855605,perturbed,11,0.075
pair,"8,9",0.9999999999999898,0.0,0.01551867087710113,0.6625600906593742,42.694383810731324,perturbed,11,0.075
pair,"8,10",0.9999999999999899,0.0,0.06711462278276456,0.5621527426895857,8.37600986761338,perturbed,11,0.075
pair,"8,11",0.9999999999999898,0.0,0.07094063333880407,0.5430140549920799,7.654485580904092,perturbed,11,0.075
pair,"9,10",0.9999999999999898,0.0,0.04258002063353664,0.5505715146384587,12.930278248968731,perturbed,11,0.075
pair,"9,11",0.9999999999999899,0.0,0.06842868502049296,0.5311338052362986,7.761859008064165,perturbed,11,0.075
pair,"10,11",0.99999999999999,0.0,0.04451666647776789,0.5523982552982664,12.408796502634358,perturbed,11,0.075
modular_A,"0,1,2,3",0.9999999999999901,0.0,0.00031424600940623725,0.38295630201602354,1218.6512813308696,perturbed,11,0.075
single,0,0.99999999999999,0.0,0.2818377393634951,0.7181622606364949,2.548140863811919,perturbed,0,0.15
single,1,0.99999999999999,0.0,0.27103026227847665,0.7289697377215133,2.689624883927226,perturbed,0,0.15
single,2,0.99999999999999,0.0,0.27172940350910607,0.728270596490884,2.680131730633555,perturbed,0,0.15
single,3,0.9999999999999902,0.0,0.2501966985487417,0.7498033014512485,2.9968552974538016,perturbed,0,0.15
single,4,0.9999999999999902,0.0,0.28355113352593597,0.7164488664740543,2.52670076668384,perturbed,0,0.15
single,5,0.9999999999999901,0.0,0.28595773284411974,0.7140422671558704,2.497020311547604,perturbed,0,0.15
single,6,0.9999999999999902,0.0,0.28595720630758553,0.7140427936924046,2.4970267506542756,perturbed,0,0.15
single,7,0.9999999999999902,0.0,0.2834950375594547,0.7165049624405355,2.5273986049588957,perturbed,0,0.15
single,8,0.99999999999999,0.0,0.24947388506083157,0.7505261149391584,3.0084355913892575,perturbed,0,0.15
single,9,0.9999999999999902,0.0,0.27057062063291726,0.729429379367073,2.695892767887348,perturbed,0,0.15
single,10,0.9999999999999901,0.0,0.2706596493493101,0.72934035065068,2.6946770691681574,perturbed,0,0.15
single,11,0.99999999999999,0.0,0.28179669906546473,0.7182033009345252,2.5486576078298135,perturbed,0,0.15
pair,"0,1",0.9999999999999899,0.0,0.044576086948624014,0.5522772873782916,12.389541684419642,perturbed,0,0.15
pair,"0,2",0.9999999999999899,0.0,0.06869385722077187,0.530471840398023,7.722260211610554,perturbed,0,0.15
pair,"0,3",0.99999999999999,0.0,0.07109126143493417,0.5426504487771394,7.633152624163193,perturbed,0,0.15
pair,"0,4",0.9999999999999901,0.0,0.08602199194976337,0.522666060746796,6.075958588032136,perturbed,0,0.15
pair,"0,5",0.9999999999999901,0.0,0.09152616254741754,0.530005616161155,5.790755357918253,perturbed,0,0.15
pair,"0,6",0.9999999999999901,0.0,0.10148829527252431,0.5395653146436196,5.31652751871274,perturbed,0,0.15
pair,"0,7",0.9999999999999901,0.0,0.0904086073208349,0.5260830279653753,5.8189484779745975,perturbed,0,0.15
pair,"0,8",0.99999999999999,0.0,0.07174641112558529,0.5404388544670359,7.532625618319067,perturbed,0,0.15
pair,"0,9",0.9999999999999902,0.0,0.0763027436093554,0.5239194978109543,6.8663258098980995,perturbed,0,0.15
pair,"0,10",0.9999999999999902,0.0,0.07627908399704968,0.5237891353265889,6.866746529715118,perturbed,0,0.15
pair,"0,11",0.9999999999999898,0.0,0.07942073497395531,0.5157867205987539,6.494358441380546,perturbed,0,0.15
pair,"1,2",0.9999999999999901,0.0,0.04297379970372803,0.5496684854260756,12.790781574252817,perturbed,0,0.15
pair,"1,3",0.99999999999999,0.0,0.06737651674541369,0.5614655242203956,8.333252464533418,perturbed,0,0.15
pair,"1,4",0.9999999999999901,0.0,0.07059887844997875,0.5552320535917799,7.864601616655667,perturbed,0,0.15
pair,"1,5",0.99999999999999,0.0,0.06771298744276114,0.5197156952265212,7.67527345719084,perturbed,0,0.15
pair,"1,6",0.99999999999999,0.0,0.07626134848971858,0.5216000830321952,6.83963886506041,perturbed,0,0.15
pair,"1,7",0.99999999999999,0.0,0.08309860302083613,0.5298683700469305,6.376381199983247,perturbed,0,0.15
pair,"1,8",0.9999999999999901,0.0,0.07159355714497405,0.5512353595318825,7.699510703395465,perturbed,0,0.15
pair,"1,9",0.9999999999999901,0.0,0.07402902848616201,0.5324331247083296,7.1922208841070425,perturbed,0,0.15
pair,"1,10",0.9999999999999902,0.0,0.07337885329836619,0.531715057081374,7.246161982381549,perturbed,0,0.15
pair,"1,11",0.99999999999999,0.0,0.07637240853085846,0.52355289786001,6.855262364135959,perturbed,0,0.15
pair,"2,3",0.9999999999999901,0.0,0.01622612945671765,0.6604708932972433,40.70415529834239,perturbed,0,0.15
pair,"2,4",0.9999999999999901,0.0,0.04332357366254619,0.5426691964168291,12.525956437568166,perturbed,0,0.15
pair,"2,5",0.9999999999999901,0.0,0.0738263383887769,0.5363470076491832,7.264981839201154,perturbed,0,0.15
pair,"2,6",0.9999999999999902,0.0,0.07802990107368216,0.5220000490285857,6.689743826993589,perturbed,0,0.15
pair,"2,7",0.9999999999999902,0.0,0.07956385103954682,0.5247924567048814,6.5958654570910085,perturbed,0,0.15
pair,"2,8",0.99999999999999,0.0,0.0719929837769272,0.5511061469026277,7.65499800105868,perturbed,0,0.15
pair,"2,9",0.99999999999999,0.0,0.07699804638172753,0.5349043305714454,6.946985744542007,perturbed,0,0.15
pair,"2,10",0.9999999999999901,0.0,0.07414331151790977,0.5318946665973434,7.1738725410027175,perturbed,0,0.15
pair,"2,11",0.9999999999999901,0.0,0.07658865943356344,0.5231282804963797,6.830362149766644,perturbed,0,0.15
pair,"3,4",0.99999999999999,0.0,0.03447803243241337,0.6004211134949334,17.414599126905735,perturbed,0,0.15
pair,"3,5",0.99999999999999,0.0,0.06514095384858468,0.5423679293550765,8.326066741604222,perturbed,0,0.15
pair,"3,6",0.9999999999999902,0.0,0.0706802191826906,0.5392960259087851,7.630084232122151,perturbed,0,0.15
pair,"3,7",0.99999999999999,0.0,0.07265478889713774,0.5393389980783577,7.423309684953268,perturbed,0,0.15
pair,"3,8",0.99999999999999,0.0,0.06535274970490003,0.5657856564555193,8.657411646951676,perturbed,0,0.15
pair,"3,9",0.99999999999999,0.0,0.07193620039543434,0.5514454407632615,7.665757125507851,perturbed,0,0.15
pair,"3,10",0.99999999999999,0.0,0.07164025455981515,0.5510065171160836,7.691297588229917,perturbed,0,0.15
pair,"3,11",0.99999999999999,0.0,0.07190146327948209,0.539963291391675,7.509767767768917,perturbed,0,0.15
pair,"4,5",0.9999999999999902,0.0,0.04813994736057503,0.5505034240513882,11.4354803907042,perturbed,0,0.15
pair,"4,6",0.9999999999999902,0.0,0.07743013101441179,0.517966190249921,6.689465502176585,perturbed,0,0.15
pair,"4,7",0.99999999999999,0.0,0.07981946597576925,0.5165868031861796,6.471940107228975,perturbed,0,0.15
pair,"4,8",0.99999999999999,0.0,0.07245255659381379,0.5398116887676957,7.450554047305853,perturbed,0,0.15
pair,"4,9",0.99999999999999,0.0,0.07925253743429615,0.5255852383668953,6.631778052565555,perturbed,0,0.15
pair,"4,10",0.99999999999999,0.0,0.08271734897746032,0.5302003672941167,6.409784329990933,perturbed,0,0.15
pair,"4,11",0.99999999999999,0.0,0.08971802467791559,0.5262982703540732,5.8661375152146364,perturbed,0,0.15
pair,"5,6",0.99999999999999,0.0,0.04886669204536705,0.5480817037144928,11.215854414816183,perturbed,0,0.15
pair,"5,7",0.99999999999999,0.0,0.07741856626199971,0.5180020411647787,6.6909278507142265,perturbed,0,0.15
pair,"5,8",0.99999999999999,0.0,0.07046123235932002,0.5398106345156601,7.6611012388042425,perturbed,0,0.15
pair,"5,9",0.99999999999999,0.0,0.07771964962282174,0.5228244285515069,6.727055913000202,perturbed,0,0.15
pair,"5,10",0.99999999999999,0.0,0.07611861205497356,0.5218797379897,6.856138385875897,perturbed,0,0.15
pair,"5,11",0.99999999999999,0.0,0.10137403944045403,0.5396715947699123,5.323568023417962,perturbed,0,0.15
pair,"6,7",0.9999999999999901,0.0,0.04812461573484965,0.5505578343654759,11.440254139354863,perturbed,0,0.15
pair,"6,8",0.99999999999999,0.0,0.06488882152584491,0.5428890932027519,8.366450190292356,perturbed,0,0.15
pair,"6,9",0.9999999999999901,0.0,0.0734312281958808,0.5373178237151278,7.317293158733647,perturbed,0,0.15
pair,"6,10",0.9999999999999901,0.0,0.06751458948157138,0.5200718126157182,7.703102642098946,perturbed,0,0.15
pair,"6,11",0.99999999999999,0.0,0.09144906877567123,0.5301013108380433,5.796683530352903,perturbed,0,0.15
pair,"7,8",0.99999999999999,0.0,0.034184988421728686,0.6013993767314709,17.592499061641018,perturbed,0,0.15
pair,"7,9",0.99999999999999,0.0,0.042602602100371034,0.5437954007730688,12.764370577456647,perturbed,0,0.15
pair,"7,10",0.99999999999999,0.0,0.0701231887535436,0.5559620398385989,7.928362211145225,perturbed,0,0.15
pair,"7,11",0.9999999999999901,0.0,0.08597717545484204,0.5227494516456351,6.080095663531071,perturbed,0,0.15
pair,"8,9",0.9999999999999898,0.0,0.01528229413795751,0.6632580258692213,43.40042272984717,perturbed,0,0.15
pair,"8,10",0.99999999999999,0.0,0.06702703997840713,0.5623823535133028,8.390380265852038,perturbed,0,0.15
pair,"8,11",0.99999999999999,0.0,0.07089035854764607,0.5431353685626927,7.661625356255554,perturbed,0,0.15
pair,"9,10",0.99999999999999,0.0,0.042448535398708354,0.5508730781196935,12.977434272949163,perturbed,0,0.15
pair,"9,11",0.9999999999999901,0.0,0.06834016764581131,0.5313548553480121,7.77514708629164,perturbed,0,0.15
pair,"10,11",0.9999999999999902,0.0,0.044496919433539624,0.552438466186941,12.415207012522751,perturbed,0,0.15
modular_A,"0,1,2,3",0.99999999999999,0.0,0.00025168545020184035,0.3825451568178003,1519.9335381167898,perturbed,0,0.15
single,0,0.9999999999999902,0.0,0.28183435082765174,0.7181656491723385,2.5481835236312746,perturbed,1,0.15
single,1,0.9999999999999902,0.0,0.2720602685110385,0.7279397314889517,2.675656153222596,perturbed,1,0.15
single,2,0.9999999999999902,0.0,0.27043833413263774,0.7295616658673525,2.6977006355524122,perturbed,1,0.15
single,3,0.9999999999999903,0.0,0.2497529495153223,0.7502470504846681,3.003956717790997,perturbed,1,0.15
single,4,0.9999999999999901,0.0,0.28377061470385934,0.7162293852961308,2.523973054939398,perturbed,1,0.15
single,5,0.99999999999999,0.0,0.28598984070269173,0.7140101592972983,2.496627703777654,perturbed,1,0.15
single,6,0.9999999999999903,0.0,0.2859575780963305,0.7140424219036599,2.49702220398272,perturbed,1,0.15
single,7,0.9999999999999901,0.0,0.2834950372422965,0.7165049627576936,2.527398608905149,perturbed,1,0.15
single,8,0.9999999999999902,0.0,0.2494738850608316,0.7505261149391587,3.008435591389258,perturbed,1,0.15
single,9,0.9999999999999903,0.0,0.27057062063291737,0.729429379367073,2.695892767887347,perturbed,1,0.15
single,10,0.9999999999999902,0.0,0.27065964934931,0.7293403506506801,2.6946770691681583,perturbed,1,0.15
single,11,0.99999999999999,0.0,0.28179669906546473,0.7182033009345253,2.548657607829814,perturbed,1,0.15
pair,"0,1",0.9999999999999901,0.0,0.04463951553947602,0.5520485212560798,12.366812555747549,perturbed,1,0.15
pair,"0,2",0.9999999999999902,0.0,0.06820790323706447,0.5317206314402716,7.795586819202094,perturbed,1,0.15
pair,"0,3",0.9999999999999902,0.0,0.07085193292640606,0.5430128698383525,7.664051599021022,perturbed,1,0.15
pair,"0,4",0.9999999999999902,0.0,0.08594751218843802,0.5225348827451356,6.079697590309414,perturbed,1,0.15
pair,"0,5",0.9999999999999901,0.0,0.09151285371439422,0.5299817758897415,5.791337002163443,perturbed,1,0.15
pair,"0,6",0.9999999999999901,0.0,0.10146995370954459,0.5395600525865647,5.317436668307181,perturbed,1,0.15
pair,"0,7",0.9999999999999902,0.0,0.09038929162086763,0.5260712709408457,5.8200618846247805,perturbed,1,0.15
pair,"0,8",0.9999999999999902,0.0,0.07174323409535602,0.5404392339110482,7.5329644770785595,perturbed,1,0.15
pair,"0,9",0.9999999999999902,0.0,0.07630168540984111,0.5239219156465855,6.86645272424103,perturbed,1,0.15
pair,"0,10",0.9999999999999901,0.0,0.07627815804670396,0.5237916115502429,6.866862349108289,perturbed,1,0.15
pair,"0,11",0.99999999999999,0.0,0.0794197797857627,0.5157891544996349,6.494467195590217,perturbed,1,0.15
pair,"1,2",0.9999999999999903,0.0,0.04283704441013034,0.5503835078483447,12.848307240314343,perturbed,1,0.15
pair,"1,3",0.9999999999999902,0.0,0.06732787454318254,0.5610450265005482,8.333027446762886,perturbed,1,0.15
pair,"1,4",0.9999999999999901,0.0,0.07064577590408648,0.5544418532607073,7.848195396897549,perturbed,1,0.15
pair,"1,5",0.9999999999999901,0.0,0.06802028890499225,0.5190928578766885,7.631441533594992,perturbed,1,0.15
pair,"1,6",0.9999999999999901,0.0,0.07655722180233597,0.5209429985404463,6.804622559129372,perturbed,1,0.15
pair,"1,7",0.99999999999999,0.0,0.083344977059089,0.5291485778621662,6.348895836722305,perturbed,1,0.15
pair,"1,8",0.9999999999999902,0.0,0.0718243825785479,0.5504661828068488,7.66405728869097,perturbed,1,0.15
pair,"1,9",0.9999999999999902,0.0,0.07429080408544254,0.5316871965294027,7.156837283897268,perturbed,1,0.15
pair,"1,10",0.9999999999999902,0.0,0.07365275582384279,0.5309658057029939,7.2090419396243455,perturbed,1,0.15
pair,"1,11",0.99999999999999,0.0,0.07666213280635825,0.5228133799924362,6.8197082556131905,perturbed,1,0.15
pair,"2,3",0.9999999999999902,0.0,0.015334640845194288,0.6632833751730024,43.25392305362458,perturbed,1,0.15
pair,"2,4",0.9999999999999902,0.0,0.04274086056711329,0.5436023574491312,12.718563693764343,perturbed,1,0.15
pair,"2,5",0.9999999999999902,0.0,0.07346240504538273,0.5373167155100109,7.314172673465751,perturbed,1,0.15
pair,"2,6",0.9999999999999902,0.0,0.07770057051906208,0.5229279371428923,6.7300398652105615,perturbed,1,0.15
pair,"2,7",0.9999999999999901,0.0,0.079260058543089,0.5257361500976764,6.633052760260892,perturbed,1,0.15
pair,"2,8",0.9999999999999902,0.0,0.07174570887850193,0.5520803582979694,7.694959976392347,perturbed,1,0.15
pair,"2,9",0.9999999999999901,0.0,0.07677361746315521,0.5358099106905829,6.9790890203620535,perturbed,1,0.15
pair,"2,10",0.9999999999999901,0.0,0.07389322530393849,0.5328003164379916,7.210408183517109,perturbed,1,0.15
pair,"2,11",0.99999999999999,0.0,0.07625416043386139,0.5240446346944059,6.872341544549991,perturbed,1,0.15
pair,"3,4",0.9999999999999903,0.0,0.03443335342534003,0.6007673462191409,17.447250600257455,perturbed,1,0.15
pair,"3,5",0.9999999999999902,0.0,0.06502713025114852,0.5426483580694518,8.34495319067025,perturbed,1,0.15
pair,"3,6",0.9999999999999903,0.0,0.07055154112799028,0.5395962310892095,7.648255763971295,perturbed,1,0.15
pair,"3,7",0.9999999999999902,0.0,0.07252645942586808,0.5396608945290771,7.440882938463086,perturbed,1,0.15
pair,"3,8",0.9999999999999902,0.0,0.06524010771614053,0.5661227739850803,8.677526659647443,perturbed,1,0.15
pair,"3,9",0.9999999999999902,0.0,0.07179506022655571,0.5517738164069984,7.68540084325895,perturbed,1,0.15
pair,"3,10",0.9999999999999902,0.0,0.07144785422690572,0.5513494674267085,7.716809320483165,perturbed,1,0.15
pair,"3,11",0.9999999999999901,0.0,0.07170922681952696,0.5403031383202335,7.5346390176543485,perturbed,1,0.15
pair,"4,5",0.9999999999999902,0.0,0.048246183816302454,0.5501542798211208,11.403063129631878,perturbed,1,0.15
pair,"4,6",0.99999999999999,0.0,0.07752355243509065,0.517811128276908,6.679404026414602,perturbed,1,0.15
pair,"4,7",0.9999999999999901,0.0,0.07989602571807687,0.5164367033011096,6.463859730938572,perturbed,1,0.15
pair,"4,8",0.9999999999999902,0.0,0.07251540439204777,0.5396559826265441,7.441949571279288,perturbed,1,0.15
pair,"4,9",0.99999999999999,0.0,0.07931963712765984,0.5254410118683577,6.624349667947853,perturbed,1,0.15
pair,"4,10",0.99999999999999,0.0,0.08278106314994774,0.5300547684774511,6.4030920636682565,perturbed,1,0.15
pair,"4,11",0.99999999999999,0.0,0.08982828154250569,0.526133838193233,5.857106794860288,perturbed,1,0.15
pair,"5,6",0.9999999999999902,0.0,0.048874866268085786,0.5480506471211125,11.21334315504772,perturbed,1,0.15
pair,"5,7",0.9999999999999901,0.0,0.07742250369368857,0.5179833500653115,6.6903461571669265,perturbed,1,0.15
pair,"5,8",0.9999999999999901,0.0,0.07046093300062684,0.5397931441715975,7.6608855600421215,perturbed,1,0.15
pair,"5,9",0.99999999999999,0.0,0.07769653047779175,0.5228159241687349,6.728948139044292,perturbed,1,0.15
pair,"5,10",0.9999999999999901,0.0,0.07598528689157984,0.5219204393842986,6.86870393907974,perturbed,1,0.15
pair,"5,11",0.9999999999999901,0.0,0.10054922710998582,0.5398521848159286,5.369033659755644,perturbed,1,0.15
pair,"6,7",0.9999999999999902,0.0,0.04812442045386606,0.550557694855498,11.440297663081138,perturbed,1,0.15
pair,"6,8",0.9999999999999902,0.0,0.0648884441413548,0.5428890628981267,8.366498381676125,perturbed,1,0.15
pair,"6,9",0.9999999999999902,0.0,0.07342972284171906,0.5373183774641822,7.317450708923349,perturbed,1,0.15
pair,"6,10",0.99999999999999,0.0,0.06751229495285195,0.5200729365029111,7.703381093267685,perturbed,1,0.15
pair,"6,11",0.9999999999999901,0.0,0.09144886381542729,0.5301014607772014,5.7966981617957964,perturbed,1,0.15
pair,"7,8",0.9999999999999905,0.0,0.034184987016934065,0.6013993779610659,17.592499820554366,perturbed,1,0.15
pair,"7,9",0.99999999999999,0.0,0.04260260054422679,0.5437954026817414,12.764371088502314,perturbed,1,0.15
pair,"7,10",0.9999999999999902,0.0,0.07012318807048966,0.5559620412232327,7.928362308119322,perturbed,1,0.15
pair,"7,11",0.99999999999999,0.0,0.08597715745063718,0.522749458731822,6.080097019164104,perturbed,1,0.15
pair,"8,9",0.9999999999999902,0.0,0.015282294137957491,0.6632580258692218,43.40042272984726,perturbed,1,0.15
pair,"8,10",0.9999999999999901,0.0,0.06702703997840719,0.562382353513303,8.390380265852034,perturbed,1,0.15
pair,"8,11",0.99999999999999,0.0,0.0708903585476462,0.543135368562693,7.661625356255541,perturbed,1,0.15
pair,"9,10",0.9999999999999901,0.0,0.04244853539870836,0.550873078119694,12.977434272949171,perturbed,1,0.15
pair,"9,11",0.9999999999999902,0.0,0.06834016764581134,0.5313548553480121,7.775147086291637,perturbed,1,0.15
pair,"10,11",0.99999999999999,0.0,0.044496919433539596,0.5524384661869408,12.415207012522755,perturbed,1,0.15
modular_A,"0,1,2,3",0.9999999999999902,0.0,0.00027043449553717077,0.3837231040098487,1418.9133055960556,perturbed,1,0.15
single,0,0.99999999999999,0.0,0.28239490730071504,0.717605092699275,2.541140346894131,perturbed,2,0.15
single,1,0.99999999999999,0.0,0.2701594619967543,0.7298405380032357,2.7015175874610087,perturbed,2,0.15
single,2,0.99999999999999,0.0,0.2708425801886785,0.7291574198113115,2.6921816329742345,perturbed,2,0.15
single,3,0.99999999999999,0.0,0.24979456811623274,0.7502054318837572,3.003289613306069,perturbed,2,0.15
single,4,0.9999999999999901,0.0,0.2837568220719172,0.7162431779280729,2.5241443454936334,perturbed,2,0.15
single,5,0.9999999999999902,0.0,0.2862270390634122,0.713772960936578,2.493730023802696,perturbed,2,0.15
single,6,0.9999999999999902,0.0,0.2859898404354701,0.7140101595645201,2.4966277070448144,perturbed,2,0.15
single,7,0.9999999999999902,0.0,0.28349540798323486,0.7165045920167554,2.5273939959518765,perturbed,2,0.15
single,8,0.9999999999999902,0.0,0.24947388453589664,0.7505261154640936,3.00843559982368,perturbed,2,0.15
single,9,0.9999999999999903,0.0,0.2705706206329174,0.729429379367073,2.6958927678873468,perturbed,2,0.15
single,10,0.9999999999999902,0.0,0.27065964934931,0.7293403506506801,2.6946770691681583,perturbed,2,0.15
single,11,0.9999999999999902,0.0,0.28179669906546473,0.7182033009345254,2.5486576078298144,perturbed,2,0.15
pair,"0,1",0.9999999999999901,0.0,0.04473675047607376,0.553268603024351,12.367205868478349,perturbed,2,0.15
pair,"0,2",0.9999999999999901,0.0,0.06861347940098343,0.5310131298456215,7.739195482892398,perturbed,2,0.15
pair,"0,3",0.99999999999999,0.0,0.07100081543534713,0.5424216972138972,7.639654472811271,perturbed,2,0.15
pair,"0,4",0.99999999999999,0.0,0.08598362507755994,0.5220202952028565,6.071159418226177,perturbed,2,0.15
pair,"0,5",0.9999999999999902,0.0,0.09130453892817043,0.5292446401865221,5.7964767841703955,perturbed,2,0.15
pair,"0,6",0.9999999999999902,0.0,0.1009447405015669,0.5387967995888392,5.33754207412595,perturbed,2,0.15
pair,"0,7",0.9999999999999901,0.0,0.09041937114489658,0.5256002495745526,5.812916446104021,perturbed,2,0.15
pair,"0,8",0.9999999999999902,0.0,0.07187361867162823,0.5400174589374493,7.513430781948631,perturbed,2,0.15
pair,"0,9",0.9999999999999901,0.0,0.07645158970396035,0.5235138206134611,6.84765120830891,perturbed,2,0.15
pair,"0,10",0.9999999999999901,0.0,0.07642970998568513,0.5233828691141359,6.847898143433524,perturbed,2,0.15
pair,"0,11",0.9999999999999902,0.0,0.07957773756865041,0.5153865641961102,6.47651692474286,perturbed,2,0.15
pair,"1,2",0.99999999999999,0.0,0.042497669170028,0.5513786978759404,12.974327972434002,perturbed,2,0.15
pair,"1,3",0.99999999999999,0.0,0.0670597004902252,0.5625877619914411,8.389356914492117,perturbed,2,0.15
pair,"1,4",0.99999999999999,0.0,0.07013561876501005,0.5561392446886473,7.929483684345842,perturbed,2,0.15
pair,"1,5",0.9999999999999903,0.0,0.06745532450480744,0.5202163590273063,7.712013289480674,perturbed,2,0.15
pair,"1,6",0.9999999999999902,0.0,0.07598301822573726,0.5221884178118098,6.872435841656684,perturbed,2,0.15
pair,"1,7",0.9999999999999901,0.0,0.0829032493556669,0.530563963041608,6.399796958083176,perturbed,2,0.15
pair,"1,8",0.9999999999999902,0.0,0.07139716095615449,0.5519115827423233,7.730161470723692,perturbed,2,0.15
pair,"1,9",0.9999999999999902,0.0,0.07379465392021342,0.533069867746572,7.2236922246823685,perturbed,2,0.15
pair,"1,10",0.9999999999999902,0.0,0.07314304479337479,0.5323503097896582,7.278208219161775,perturbed,2,0.15
pair,"1,11",0.9999999999999901,0.0,0.07612699039065285,0.5241783384111127,6.8855781073341005,perturbed,2,0.15
pair,"2,3",0.99999999999999,0.0,0.015449392715409082,0.6630056514158342,42.91467396997155,perturbed,2,0.15
pair,"2,4",0.99999999999999,0.0,0.04283141411267948,0.5433755633590991,12.686379252611284,perturbed,2,0.15
pair,"2,5",0.9999999999999902,0.0,0.07366192742958991,0.5368314557957153,7.287773678048923,perturbed,2,0.15
pair,"2,6",0.9999999999999902,0.0,0.07784443975679524,0.5226345340472802,6.7138325573427755,perturbed,2,0.15
pair,"2,7",0.9999999999999901,0.0,0.07939256163570116,0.5254686475985362,6.6186130888393455,perturbed,2,0.15
pair,"2,8",0.9999999999999901,0.0,0.07184927005577227,0.5517831803402514,7.6797325833920835,perturbed,2,0.15
pair,"2,9",0.9999999999999902,0.0,0.07687325162298542,0.5355177653958646,6.966243187191298,perturbed,2,0.15
pair,"2,10",0.9999999999999901,0.0,0.07399348332796589,0.53250863758174,7.196696433677397,perturbed,2,0.15
pair,"2,11",0.9999999999999901,0.0,0.07636517086912235,0.5237554304683991,6.858564244765875,perturbed,2,0.15
pair,"3,4",0.9999999999999901,0.0,0.034394722956464695,0.601030823521041,17.47450689693878,perturbed,2,0.15
pair,"3,5",0.9999999999999902,0.0,0.06502999300767369,0.5424400068768703,8.34138190377571,perturbed,2,0.15
pair,"3,6",0.99999999999999,0.0,0.07060075875678515,0.5395706671842788,7.642561874484429,perturbed,2,0.15
pair,"3,7",0.9999999999999901,0.0,0.07253665652519771,0.5396177941341138,7.439242722011345,perturbed,2,0.15
pair,"3,8",0.9999999999999903,0.0,0.06525591603344257,0.5660849553681585,8.674844976171194,perturbed,2,0.15
pair,"3,9",0.9999999999999901,0.0,0.07184430713140219,0.5517336828726791,7.679574136104705,perturbed,2,0.15
pair,"3,10",0.9999999999999902,0.0,0.07155474570530714,0.5512924635243102,7.704484979860971,perturbed,2,0.15
pair,"3,11",0.9999999999999901,0.0,0.07179411584046293,0.5402502249215726,7.524993080520526,perturbed,2,0.15
pair,"4,5",0.9999999999999902,0.0,0.048352861171156385,0.550051050712911,11.375770479556014,perturbed,2,0.15
pair,"4,6",0.9999999999999901,0.0,0.07754248835791634,0.5177802355793247,6.677374514851564,perturbed,2,0.15
pair,"4,7",0.9999999999999901,0.0,0.07989750526052748,0.516423513408518,6.4635749479859115,perturbed,2,0.15
pair,"4,8",0.9999999999999902,0.0,0.07251462738318516,0.5396653192646585,7.442158068508496,perturbed,2,0.15
pair,"4,9",0.9999999999999902,0.0,0.07933057201771969,0.5254425584700739,6.6234560662528486,perturbed,2,0.15
pair,"4,10",0.99999999999999,0.0,0.08288010238474389,0.5300102821293329,6.394903805366127,perturbed,2,0.15
pair,"4,11",0.9999999999999901,0.0,0.09002200529412749,0.5260630868522145,5.843716601662191,perturbed,2,0.15
pair,"5,6",0.9999999999999902,0.0,0.04898650711987016,0.5476853325185342,11.180330354608591,perturbed,2,0.15
pair,"5,7",0.9999999999999901,0.0,0.0775208738937452,0.5178149147973498,6.679683661810858,perturbed,2,0.15
pair,"5,8",0.99999999999999,0.0,0.07053353004397599,0.5396236247551167,7.650597161643181,perturbed,2,0.15
pair,"5,9",0.9999999999999901,0.0,0.07777519063916799,0.5226536231638017,6.720055828453227,perturbed,2,0.15
pair,"5,10",0.9999999999999902,0.0,0.0760615394667765,0.5217803198226616,6.859975796973896,perturbed,2,0.15
pair,"5,11",0.99999999999999,0.0,0.10062585134376846,0.5397239468990086,5.363670862819811,perturbed,2,0.15
pair,"6,7",0.9999999999999901,0.0,0.048132474704091315,0.5505263037551813,11.437731118952543,perturbed,2,0.15
pair,"6,8",0.9999999999999901,0.0,0.0648907190505084,0.542870124973163,8.365913229449871,perturbed,2,0.15
pair,"6,9",0.9999999999999902,0.0,0.07341380130150267,0.537312376973581,7.318955938092571,perturbed,2,0.15
pair,"6,10",0.9999999999999902,0.0,0.06748087730247351,0.5200800172757306,7.707072552488393,perturbed,2,0.15
pair,"6,11",0.99999999999999,0.0,0.09144482262436102,0.5300969783226565,5.796905315243489,perturbed,2,0.15
pair,"7,8",0.99999999999999,0.0,0.03418485480625849,0.6013992078528132,17.59256288380404,perturbed,2,0.15
pair,"7,9",0.99999999999999,0.0,0.04260241557098198,0.5437956085061397,12.764431340755669,perturbed,2,0.15
pair,"7,10",0.99999999999999,0.0,0.07012308397593178,0.5559621918678708,7.928376225704686,perturbed,2,0.15
pair,"7,11",0.9999999999999902,0.0,0.08597348392747503,0.5227508397935257,6.0803728767640095,perturbed,2,0.15
pair,"8,9",0.9999999999999901,0.0,0.015282293755262605,0.663258027305507,43.40042391065201,perturbed,2,0.15
pair,"8,10",0.99999999999999,0.0,0.06702703661887549,0.5623823561896453,8.39038072632429,perturbed,2,0.15
pair,"8,11",0.9999999999999901,0.0,0.070890355962637,0.5431353709723292,7.661625669626917,perturbed,2,0.15
pair,"9,10",0.9999999999999901,0.0,0.04244853539870834,0.5508730781196939,12.977434272949175,perturbed,2,0.15
pair,"9,11",0.9999999999999902,0.0,0.06834016764581126,0.5313548553480121,7.775147086291647,perturbed,2,0.15
pair,"10,11",0.9999999999999902,0.0,0.04449691943353961,0.5524384661869408,12.41520701252275,perturbed,2,0.15
modular_A,"0,1,2,3",0.99999999999999,0.0,0.0002868718472129083,0.38438432721118226,1339.916520026808,perturbed,2,0.15
single,0,0.9999999999999899,0.0,0.2781545651808929,0.721845434819097,2.5951234499770215,perturbed,3,0.15
single,1,0.99999999999999,0.0,0.2702525985274625,0.7297474014725275,2.7002419419784864,perturbed,3,0.15
single,2,0.9999999999999898,0.0,0.2707923656646286,0.7292076343353612,2.6928662946076978,perturbed,3,0.15
single,3,0.99999999999999,0.0,0.24979363010461336,0.7502063698953767,3.0033046462441453,perturbed,3,0.15
single,4,0.9999999999999899,0.0,0.2838232850555242,0.7161767149444658,2.523319095557507,perturbed,3,0.15
single,5,0.9999999999999898,0.0,0.2862186527151009,0.7137813472848888,2.4938323918231124,perturbed,3,0.15
single,6,0.9999999999999899,0.0,0.2862270383145935,0.7137729616853964,2.4937300329428873,perturbed,3,0.15
single,7,0.9999999999999898,0.0,0.2835276658124663,0.7164723341875234,2.526992673305538,perturbed,3,0.15
single,8,0.99999999999999,0.0,0.24947419860356257,0.7505258013964274,3.0084305535302347,perturbed,3,0.15
single,9,0.9999999999999898,0.0,0.2705706176480019,0.7294293823519878,2.6958928086601666,perturbed,3,0.15
single,10,0.9999999999999899,0.0,0.27065964934930997,0.7293403506506799,2.694677069168158,perturbed,3,0.15
single,11,0.9999999999999899,0.0,0.2817966990654647,0.7182033009345252,2.548657607829814,perturbed,3,0.15
pair,"0,1",0.9999999999999899,0.0,0.04383726783543462,0.5562188461394838,12.6882644289679,perturbed,3,0.15
pair,"0,2",0.9999999999999899,0.0,0.06751682348914134,0.5340307281196064,7.909594979768175,perturbed,3,0.15
pair,"0,3",0.9999999999999899,0.0,0.0702344929491845,0.5458067923193668,7.771207129156105,perturbed,3,0.15
pair,"0,4",0.9999999999999898,0.0,0.08497474657889231,0.5251119072385495,6.179623104271629,perturbed,3,0.15
pair,"0,5",0.99999999999999,0.0,0.09005169409913427,0.5320913164905365,5.908731887984014,perturbed,3,0.15
pair,"0,6",0.9999999999999899,0.0,0.09922021695945224,0.5412189863165067,5.45472488270897,perturbed,3,0.15
pair,"0,7",0.9999999999999899,0.0,0.08879632376680453,0.5282632738358422,5.949157030680218,perturbed,3,0.15
pair,"0,8",0.99999999999999,0.0,0.07076689475491776,0.543153658515815,7.675250700159765,perturbed,3,0.15
pair,"0,9",0.9999999999999898,0.0,0.07530235747152339,0.5266058622797776,6.993218804323898,perturbed,3,0.15
pair,"0,10",0.9999999999999899,0.0,0.07528195869039164,0.526475543593558,6.9933826477439,perturbed,3,0.15
pair,"0,11",0.99999999999999,0.0,0.07838282207847698,0.5184319924979722,6.614102155940717,perturbed,3,0.15
pair,"1,2",0.9999999999999898,0.0,0.04252926606257782,0.5512739477373416,12.962225751231959,perturbed,3,0.15
pair,"1,3",0.9999999999999898,0.0,0.06699833397666534,0.5624560084103745,8.395074549260743,perturbed,3,0.15
pair,"1,4",0.9999999999999899,0.0,0.07015289670009676,0.5559473889582156,7.924795911634091,perturbed,3,0.15
pair,"1,5",0.9999999999999899,0.0,0.06770667774268238,0.5204616036804272,7.687005492404,perturbed,3,0.15
pair,"1,6",0.99999999999999,0.0,0.07603792460426236,0.5219347928688295,6.864137804723462,perturbed,3,0.15
pair,"1,7",0.9999999999999898,0.0,0.08267591069034619,0.5302461803515571,6.413551129028837,perturbed,3,0.15
pair,"1,8",0.99999999999999,0.0,0.07136887488353903,0.5517973331358035,7.731624381584212,perturbed,3,0.15
pair,"1,9",0.9999999999999898,0.0,0.07381327740941106,0.5330016400854279,7.220945320299125,perturbed,3,0.15
pair,"1,10",0.9999999999999899,0.0,0.07316698998937059,0.5322829283730416,7.274905369899316,perturbed,3,0.15
pair,"1,11",0.99999999999999,0.0,0.07615311572132911,0.5241115098431777,6.882338363686721,perturbed,3,0.15
pair,"2,3",0.9999999999999899,0.0,0.015423141964303711,0.6630003757932184,42.98737425407275,perturbed,3,0.15
pair,"2,4",0.9999999999999898,0.0,0.04290980347865931,0.5433183799867753,12.661870620241558,perturbed,3,0.15
pair,"2,5",0.99999999999999,0.0,0.07365025914890043,0.5370183182424276,7.291465426574064,perturbed,3,0.15
pair,"2,6",0.99999999999999,0.0,0.07784195731721273,0.5224515445538486,6.711695884326407,perturbed,3,0.15
pair,"2,7",0.9999999999999898,0.0,0.07932568717010847,0.5254038158042842,6.623375536320182,perturbed,3,0.15
pair,"2,8",0.99999999999999,0.0,0.07184737388562117,0.5518279448483918,7.680558314168659,perturbed,3,0.15
pair,"2,9",0.9999999999999898,0.0,0.07686775566711408,0.5355569677464761,6.967251262880315,perturbed,3,0.15
pair,"2,10",0.9999999999999898,0.0,0.07398409025300498,0.5325441547370167,7.198090196363353,perturbed,3,0.15
pair,"2,11",0.9999999999999899,0.0,0.07635221126859545,0.5237909265063437,6.860193278014267,perturbed,3,0.15
pair,"3,4",0.9999999999999898,0.0,0.03438365508002659,0.6010985228812407,17.482100768001768,perturbed,3,0.15
pair,"3,5",0.99999999999999,0.0,0.06508543490583868,0.5424997393004461,8.335194196448084,perturbed,3,0.15
pair,"3,6",0.9999999999999899,0.0,0.07063122926019662,0.5393611724156178,7.636298816613804,perturbed,3,0.15
pair,"3,7",0.9999999999999898,0.0,0.07257111254308929,0.5396234886851342,7.435789114638849,perturbed,3,0.15
pair,"3,8",0.9999999999999899,0.0,0.0652651786337825,0.5660957473135949,8.673779175417332,perturbed,3,0.15
pair,"3,9",0.9999999999999898,0.0,0.07184522923077385,0.5517338442541979,7.6794778186589845,perturbed,3,0.15
pair,"3,10",0.9999999999999899,0.0,0.07155792654561634,0.5512908171570183,7.7041194982862535,perturbed,3,0.15
pair,"3,11",0.9999999999999899,0.0,0.07179679592724074,0.5402496205580385,7.524703764016578,perturbed,3,0.15
pair,"4,5",0.9999999999999899,0.0,0.0483398353413241,0.5502086546689139,11.38209616942073,perturbed,3,0.15
pair,"4,6",0.9999999999999899,0.0,0.07757018541533128,0.5175646915636701,6.672211608010112,perturbed,3,0.15
pair,"4,7",0.9999999999999898,0.0,0.07994883298916546,0.5163791991799148,6.458871003781803,perturbed,3,0.15
pair,"4,8",0.9999999999999899,0.0,0.07252706273261278,0.5396000581921011,7.439982233686441,perturbed,3,0.15
pair,"4,9",0.9999999999999898,0.0,0.07936634487935387,0.5253789241321704,6.619668890268385,perturbed,3,0.15
pair,"4,10",0.9999999999999899,0.0,0.08303595096231188,0.529919744810918,6.381810994751375,perturbed,3,0.15
pair,"4,11",0.9999999999999899,0.0,0.09035526574096048,0.5259285624782957,5.820674181691639,perturbed,3,0.15
pair,"5,6",0.9999999999999898,0.0,0.049095418557103046,0.5475768689528893,11.153319088541851,perturbed,3,0.15
pair,"5,7",0.9999999999999898,0.0,0.07754207171352627,0.5177799143427468,6.677406250579018,perturbed,3,0.15
pair,"5,8",0.9999999999999899,0.0,0.07054153889874394,0.5396019324548758,7.6494210486310195,perturbed,3,0.15
pair,"5,9",0.9999999999999898,0.0,0.07778072574118207,0.5226504610798353,6.719536955967368,perturbed,3,0.15
pair,"5,10",0.9999999999999899,0.0,0.07612579186170897,0.5217397530022684,6.853652884820786,perturbed,3,0.15
pair,"5,11",0.9999999999999898,0.0,0.10099589997973626,0.5395651646582365,5.342446225703166,perturbed,3,0.15
pair,"6,7",0.9999999999999898,0.0,0.048242232680471654,0.5501585276207548,11.404085114896802,perturbed,3,0.15
pair,"6,8",0.9999999999999898,0.0,0.06497208138643941,0.5426947118774632,8.352737057162082,perturbed,3,0.15
pair,"6,9",0.9999999999999899,0.0,0.07349595895881723,0.5371590811371807,7.308688651006958,perturbed,3,0.15
pair,"6,10",0.9999999999999898,0.0,0.0675563116397001,0.5199649294165122,7.696763141683269,perturbed,3,0.15
pair,"6,11",0.9999999999999898,0.0,0.09144614069883088,0.5300343632467064,5.796137039750249,perturbed,3,0.15
pair,"7,8",0.99999999999999,0.0,0.03419008382244698,0.6013640426615912,17.588843764892285,perturbed,3,0.15
pair,"7,9",0.9999999999999897,0.0,0.04260573540556064,0.5437861473803136,12.763214675302658,perturbed,3,0.15
pair,"7,10",0.9999999999999898,0.0,0.0701245596549178,0.5559554617862567,7.928113410224713,perturbed,3,0.15
pair,"7,11",0.9999999999999898,0.0,0.08591041691540569,0.522770245510074,6.085062374040574,perturbed,3,0.15
pair,"8,9",0.9999999999999898,0.0,0.01528224847695801,0.6632579659478751,43.400548482633965,perturbed,3,0.15
pair,"8,10",0.9999999999999898,0.0,0.06702639679238287,0.5623828515887445,8.390468211065402,perturbed,3,0.15
pair,"8,11",0.9999999999999898,0.0,0.07088992715050485,0.5431357480908973,7.661677334464989,perturbed,3,0.15
pair,"9,10",0.9999999999999899,0.0,0.04244853139297736,0.5508730890492504,12.977435755065633,perturbed,3,0.15
pair,"9,11",0.9999999999999898,0.0,0.06834016305854144,0.5313548668201916,7.7751477760599315,perturbed,3,0.15
pair,"10,11",0.9999999999999899,0.0,0.04449691943353952,0.5524384661869406,12.415207012522771,perturbed,3,0.15
modular_A,"0,1,2,3",0.9999999999999898,0.0,0.0002966907467945122,0.38618174553303325,1301.630568884922,perturbed,3,0.15
single,0,0.9999999999999893,0.0,0.2808991512798076,0.7191008487201818,2.5599965163436016,perturbed,4,0.15
single,1,0.9999999999999895,0.0,0.2699432184245415,0.730056781575448,2.704482764324469,perturbed,4,0.15
single,2,0.9999999999999893,0.0,0.27072945675846294,0.7292705432415264,2.693724399159714,perturbed,4,0.15
single,3,0.9999999999999892,0.0,0.2497982715848251,0.7502017284151642,3.0032302611846333,perturbed,4,0.15
single,4,0.9999999999999893,0.0,0.2838151108906916,0.7161848891092977,2.5234205707430735,perturbed,4,0.15
single,5,0.9999999999999893,0.0,0.28628536569104135,0.713714634308948,2.4930182253157414,perturbed,4,0.15
single,6,0.9999999999999892,0.0,0.28621865288098486,0.7137813471190043,2.4938323897981873,perturbed,4,0.15
single,7,0.9999999999999895,0.0,0.2837651042069146,0.7162348957930749,2.5240414877469,perturbed,4,0.15
single,8,0.9999999999999893,0.0,0.24950491323734014,0.7504950867626492,3.00793710642782,perturbed,4,0.15
single,9,0.9999999999999895,0.0,0.2705701385926818,0.7294298614073076,2.6958993523871326,perturbed,4,0.15
single,10,0.9999999999999893,0.0,0.27065963421862843,0.7293403657813609,2.6946772757116335,perturbed,4,0.15
single,11,0.9999999999999893,0.0,0.28179669906546445,0.7182033009345248,2.5486576078298144,perturbed,4,0.15
pair,"0,1",0.9999999999999893,0.0,0.044089063527194036,0.555408709813784,12.5974258779892,perturbed,4,0.15
pair,"0,2",0.9999999999999892,0.0,0.06821919396595928,0.5320901324634194,7.799712977097432,perturbed,4,0.15
pair,"0,3",0.9999999999999893,0.0,0.0706767470385566,0.5435344254791804,7.690427874144571,perturbed,4,0.15
pair,"0,4",0.9999999999999893,0.0,0.08573070314431865,0.5232760920279723,6.103718654296955,perturbed,4,0.15
pair,"0,5",0.9999999999999892,0.0,0.09143239456781449,0.5306287732077587,5.803509529811086,perturbed,4,0.15
pair,"0,6",0.9999999999999892,0.0,0.10138576484329517,0.5402285880992203,5.328446147585053,perturbed,4,0.15
pair,"0,7",0.9999999999999893,0.0,0.09017906419787204,0.5265179526305739,5.838583016067694,perturbed,4,0.15
pair,"0,8",0.9999999999999892,0.0,0.07149789972384334,0.541099171986839,7.5680428946417235,perturbed,4,0.15
pair,"0,9",0.9999999999999893,0.0,0.07604711035553358,0.5246039404669598,6.898407290090898,perturbed,4,0.15
pair,"0,10",0.9999999999999893,0.0,0.0760249937906515,0.5244737372385433,6.89870148076271,perturbed,4,0.15
pair,"0,11",0.9999999999999893,0.0,0.07915624327621962,0.5164608180293989,6.5245746469698345,perturbed,4,0.15
pair,"1,2",0.9999999999999895,0.0,0.04247194659642191,0.5513832045558533,12.982291812410246,perturbed,4,0.15
pair,"1,3",0.9999999999999895,0.0,0.06692913352412702,0.5627471767508042,8.40810491813616,perturbed,4,0.15
pair,"1,4",0.9999999999999893,0.0,0.0700297940109604,0.5559608796995776,7.938919249320708,perturbed,4,0.15
pair,"1,5",0.9999999999999891,0.0,0.06773312099793549,0.5206680682229596,7.687052664217696,perturbed,4,0.15
pair,"1,6",0.9999999999999892,0.0,0.07616146648781141,0.5224762292354166,6.860112512657981,perturbed,4,0.15
pair,"1,7",0.9999999999999893,0.0,0.08277730725248653,0.5303638854067214,6.407116914168405,perturbed,4,0.15
pair,"1,8",0.9999999999999893,0.0,0.07123470934591697,0.5519414869478971,7.748209995041319,perturbed,4,0.15
pair,"1,9",0.9999999999999892,0.0,0.07372184712172417,0.5332181149887651,7.232837154885092,perturbed,4,0.15
pair,"1,10",0.9999999999999892,0.0,0.07308336286479929,0.5325082656107603,7.286313118840399,perturbed,4,0.15
pair,"1,11",0.9999999999999893,0.0,0.0760659556657842,0.5243336820461613,6.8931452639596005,perturbed,4,0.15
pair,"2,3",0.9999999999999893,0.0,0.015389391792049619,0.6628557393312912,43.072250566375985,perturbed,4,0.15
pair,"2,4",0.9999999999999893,0.0,0.04296754519050637,0.5435190951585656,12.649526351779004,perturbed,4,0.15
pair,"2,5",0.9999999999999893,0.0,0.07355571377651599,0.5369236067687957,7.299549949309559,perturbed,4,0.15
pair,"2,6",0.9999999999999893,0.0,0.07788592949122468,0.5226425140114443,6.710358564448151,perturbed,4,0.15
pair,"2,7",0.9999999999999893,0.0,0.07936699550681144,0.5252815863476412,6.618388197680489,perturbed,4,0.15
pair,"2,8",0.9999999999999893,0.0,0.07173788169565318,0.5517556654374477,7.691273458258251,perturbed,4,0.15
pair,"2,9",0.9999999999999893,0.0,0.07683092053298499,0.5355897585984891,6.971018372330319,perturbed,4,0.15
pair,"2,10",0.9999999999999893,0.0,0.07396391191211353,0.5325908660093759,7.200685472696722,perturbed,4,0.15
pair,"2,11",0.9999999999999893,0.0,0.0763340019533803,0.5238364321053617,6.862425900652843,perturbed,4,0.15
pair,"3,4",0.9999999999999893,0.0,0.034378712944691525,0.601092391576016,17.484435573346026,perturbed,4,0.15
pair,"3,5",0.9999999999999893,0.0,0.06511897806305086,0.5423963399867047,8.329312838133522,perturbed,4,0.15
pair,"3,6",0.9999999999999892,0.0,0.07063079709560251,0.5393984687349593,7.636873586529897,perturbed,4,0.15
pair,"3,7",0.9999999999999893,0.0,0.07258355455850272,0.5393922245290523,7.431328319616799,perturbed,4,0.15
pair,"3,8",0.9999999999999892,0.0,0.06524113220411225,0.566030115655908,8.675970151545442,perturbed,4,0.15
pair,"3,9",0.9999999999999893,0.0,0.07185415123979234,0.5517397073639594,7.678605868193871,perturbed,4,0.15
pair,"3,10",0.9999999999999892,0.0,0.07155248757295272,0.5512912587069096,7.704711288266952,perturbed,4,0.15
pair,"3,11",0.9999999999999895,0.0,0.07179157443934309,0.5402487421623916,7.525238809449003,perturbed,4,0.15
pair,"4,5",0.9999999999999891,0.0,0.04834911892682049,0.5502821522481346,11.381430819474128,perturbed,4,0.15
pair,"4,6",0.9999999999999893,0.0,0.07762270893017384,0.517637351354246,6.66863291024655,perturbed,4,0.15
pair,"4,7",0.9999999999999893,0.0,0.07998509984735512,0.5161855775781953,6.453521700457864,perturbed,4,0.15
pair,"4,8",0.9999999999999893,0.0,0.07256196812083002,0.5396166004029789,7.4366312598413895,perturbed,4,0.15
pair,"4,9",0.9999999999999893,0.0,0.07937389360685854,0.5253994806732842,6.619298320876192,perturbed,4,0.15
pair,"4,10",0.9999999999999893,0.0,0.08304070379299937,0.529921629519547,6.381468428308544,perturbed,4,0.15
pair,"4,11",0.9999999999999893,0.0,0.0903734678099366,0.5259221308794928,5.819430676108984,perturbed,4,0.15
pair,"5,6",0.9999999999999893,0.0,0.04908211309075202,0.5477344482545696,11.159553119520703,perturbed,4,0.15
pair,"5,7",0.9999999999999893,0.0,0.07757019976619546,0.5175649728722901,6.672214000122263,perturbed,4,0.15
pair,"5,8",0.9999999999999893,0.0,0.07059627558146594,0.5395571990621015,7.642856434252952,perturbed,4,0.15
pair,"5,9",0.9999999999999893,0.0,0.07781885123449041,0.5225805556848175,6.715346569562344,perturbed,4,0.15
pair,"5,10",0.9999999999999893,0.0,0.0762201042872235,0.5216534071597149,6.844039535736475,perturbed,4,0.15
pair,"5,11",0.9999999999999895,0.0,0.10145937550179099,0.5394428746619024,5.316836142485226,perturbed,4,0.15
pair,"6,7",0.9999999999999893,0.0,0.04835109264241815,0.5500481031309223,11.376125606898242,perturbed,4,0.15
pair,"6,8",0.9999999999999892,0.0,0.06500161938168561,0.5426478503107031,8.348220482389944,perturbed,4,0.15
pair,"6,9",0.9999999999999893,0.0,0.07355099664071933,0.5370636413356784,7.3019220114598555,perturbed,4,0.15
pair,"6,10",0.9999999999999895,0.0,0.06759787322610893,0.5199086278069289,7.691198006598231,perturbed,4,0.15
pair,"6,11",0.9999999999999893,0.0,0.09150566501206396,0.5299858758170236,5.79183677586684,perturbed,4,0.15
pair,"7,8",0.9999999999999893,0.0,0.034264169597034946,0.6009405284680026,17.538453011860092,perturbed,4,0.15
pair,"7,9",0.9999999999999893,0.0,0.04265614905565713,0.5436126410230786,12.744062768389632,perturbed,4,0.15
pair,"7,10",0.9999999999999893,0.0,0.07017396623600267,0.5558450104102369,7.920957589041922,perturbed,4,0.15
pair,"7,11",0.9999999999999893,0.0,0.08590112474413798,0.5227415626225209,6.085386706862573,perturbed,4,0.15
pair,"8,9",0.9999999999999895,0.0,0.01528435262076445,0.6632255462727542,43.39245257739826,perturbed,4,0.15
pair,"8,10",0.9999999999999893,0.0,0.06701717143480948,0.5623877448929385,8.391696230271336,perturbed,4,0.15
pair,"8,11",0.9999999999999893,0.0,0.07088726945891126,0.5431349299411701,7.661953043007109,perturbed,4,0.15
pair,"9,10",0.9999999999999893,0.0,0.04244753511730946,0.5508760977402772,12.977811225501249,perturbed,4,0.15
pair,"9,11",0.9999999999999893,0.0,0.06833880142935488,0.5313582652082826,7.775352421970311,perturbed,4,0.15
pair,"10,11",0.9999999999999891,0.0,0.044496901781212045,0.5524385196743926,12.415213139797727,perturbed,4,0.15
modular_A,"0,1,2,3",0.9999999999999893,0.0,0.00030438963159046267,0.38566358560117325,1267.0063155109685,perturbed,4,0.15
single,0,0.9999999999999895,0.0,0.2817705533793176,0.7182294466206718,2.5489868902439787,perturbed,5,0.15
single,1,0.9999999999999893,0.0,0.2705133757309721,0.7294866242690172,2.6966748771583773,perturbed,5,0.15
single,2,0.9999999999999892,0.0,0.27067719307262006,0.7293228069273692,2.694437601662653,perturbed,5,0.15
single,3,0.9999999999999896,0.0,0.24973536111857117,0.7502646388814185,3.0042387090116662,perturbed,5,0.15
single,4,0.9999999999999896,0.0,0.28382329750120816,0.7161767024987814,2.523318941059561,perturbed,5,0.15
single,5,0.9999999999999893,0.0,0.2862768982207258,0.7137231017792636,2.493121541469851,perturbed,5,0.15
single,6,0.9999999999999896,0.0,0.28628536569426966,0.7137146343057199,2.4930182252763533,perturbed,5,0.15
single,7,0.9999999999999893,0.0,0.28375682897534116,0.7162431710246482,2.5241442597559147,perturbed,5,0.15
single,8,0.9999999999999893,0.0,0.24973924800324107,0.7502607519967484,3.0041763879540935,perturbed,5,0.15
single,9,0.9999999999999895,0.0,0.27057222024900596,0.7294277797509836,2.6958709178632443,perturbed,5,0.15
single,10,0.9999999999999895,0.0,0.2706552222803763,0.7293447777196131,2.694737502474911,perturbed,5,0.15
single,11,0.9999999999999893,0.0,0.2817966155638352,0.7182033844361542,2.5486586593637073,perturbed,5,0.15
pair,"0,1",0.9999999999999893,0.0,0.04436039914334509,0.5530013425558591,12.466103850168352,perturbed,5,0.15
pair,"0,2",0.9999999999999893,0.0,0.0681656840715329,0.531873215170479,7.802653525963777,perturbed,5,0.15
pair,"0,3",0.9999999999999893,0.0,0.07095280157217597,0.5430750886252049,7.654033055661201,perturbed,5,0.15
pair,"0,4",0.9999999999999896,0.0,0.08601652248417635,0.5226088527439668,6.075679853717712,perturbed,5,0.15
pair,"0,5",0.9999999999999893,0.0,0.09147311079901178,0.5299358836523925,5.793351499948306,perturbed,5,0.15
pair,"0,6",0.9999999999999896,0.0,0.10142111218883061,0.5394601380526189,5.319012249128432,perturbed,5,0.15
pair,"0,7",0.9999999999999893,0.0,0.09035449527275526,0.5260390862876194,5.821947039819688,perturbed,5,0.15
pair,"0,8",0.9999999999999893,0.0,0.07180032110217006,0.5403088604509582,7.525159388662233,perturbed,5,0.15
pair,"0,9",0.9999999999999893,0.0,0.07628507600978633,0.5239680765904707,6.868552854600981,perturbed,5,0.15
pair,"0,10",0.9999999999999895,0.0,0.07625960325944943,0.5238414402724306,6.869186540221356,perturbed,5,0.15
pair,"0,11",0.9999999999999893,0.0,0.07940177618919962,0.5158350380069585,6.4965176191754175,perturbed,5,0.15
pair,"1,2",0.9999999999999895,0.0,0.042452342792037474,0.5511762958603831,12.983412919292734,perturbed,5,0.15
pair,"1,3",0.9999999999999893,0.0,0.06700421333618287,0.5623341038275235,8.392518557095842,perturbed,5,0.15
pair,"1,4",0.9999999999999896,0.0,0.07046059768679629,0.555903744267987,7.889568957944827,perturbed,5,0.15
pair,"1,5",0.9999999999999893,0.0,0.06750728451959302,0.5198666545994312,7.70089714464144,perturbed,5,0.15
pair,"1,6",0.9999999999999896,0.0,0.07622932856097028,0.5217758849987206,6.844818062137201,perturbed,5,0.15
pair,"1,7",0.9999999999999893,0.0,0.08301177078849979,0.530133097069524,6.386240072148505,perturbed,5,0.15
pair,"1,8",0.9999999999999896,0.0,0.071521093578394,0.5514169157338948,7.709850173494465,perturbed,5,0.15
pair,"1,9",0.9999999999999896,0.0,0.0738850529053235,0.5328051293668032,7.211270864887125,perturbed,5,0.15
pair,"1,10",0.9999999999999895,0.0,0.07323749314110034,0.5320956869051678,7.265345441030117,perturbed,5,0.15
pair,"1,11",0.9999999999999895,0.0,0.07622671565379566,0.5239242306799127,6.873236321232269,perturbed,5,0.15
pair,"2,3",0.9999999999999892,0.0,0.015365230925212801,0.6626229879465066,43.12483106643121,perturbed,5,0.15
pair,"2,4",0.9999999999999896,0.0,0.04295293404350496,0.5436764383395211,12.657492449499662,perturbed,5,0.15
pair,"2,5",0.9999999999999892,0.0,0.07354510597007727,0.5368911406370154,7.300161357513797,perturbed,5,0.15
pair,"2,6",0.9999999999999893,0.0,0.07788013675872583,0.5225496430479528,6.709665195720209,perturbed,5,0.15
pair,"2,7",0.9999999999999893,0.0,0.07940393273422403,0.5254052762843716,6.6168671776368555,perturbed,5,0.15
pair,"2,8",0.9999999999999893,0.0,0.07182634553523494,0.5516463850380903,7.680279163966042,perturbed,5,0.15
pair,"2,9",0.9999999999999893,0.0,0.0767958710782843,0.535593241028828,6.974245275281194,perturbed,5,0.15
pair,"2,10",0.9999999999999893,0.0,0.07395051814620128,0.5326282820138308,7.2024956060594025,perturbed,5,0.15
pair,"2,11",0.9999999999999893,0.0,0.07632005661663734,0.5238738720086983,6.864170379749126,perturbed,5,0.15
pair,"3,4",0.9999999999999893,0.0,0.034353282264016294,0.600988341575855,17.494349941791924,perturbed,5,0.15
pair,"3,5",0.9999999999999892,0.0,0.06509798471930338,0.5425145451779017,8.333814748907747,perturbed,5,0.15
pair,"3,6",0.9999999999999895,0.0,0.07062148902764828,0.5393897003025776,7.637755982338559,perturbed,5,0.15
pair,"3,7",0.9999999999999893,0.0,0.07259600206731953,0.5395092444902364,7.431666057725054,perturbed,5,0.15
pair,"3,8",0.9999999999999893,0.0,0.06528492807702382,0.5659129498388484,8.668355262200466,perturbed,5,0.15
pair,"3,9",0.9999999999999893,0.0,0.07178972355480687,0.5517453406021202,7.685575501358462,perturbed,5,0.15
pair,"3,10",0.9999999999999893,0.0,0.07153424923879617,0.5513442866347784,7.707416971614209,perturbed,5,0.15
pair,"3,11",0.9999999999999893,0.0,0.07177843449343821,0.5402938227635383,7.527244451297284,perturbed,5,0.15
pair,"4,5",0.9999999999999895,0.0,0.04834926079393402,0.5502819069991939,11.38139235146762,perturbed,5,0.15
pair,"4,6",0.9999999999999895,0.0,0.0776504732411822,0.5175270651303269,6.664828217117093,perturbed,5,0.15
pair,"4,7",0.9999999999999895,0.0,0.07998498754981546,0.5162131125394256,6.453875012706888,perturbed,5,0.15
pair,"4,8",0.9999999999999895,0.0,0.07258258108654717,0.5393918670620962,7.431423063047697,perturbed,5,0.15
pair,"4,9",0.9999999999999895,0.0,0.07934748612445078,0.5253486856108236,6.620861116971649,perturbed,5,0.15
pair,"4,10",0.9999999999999895,0.0,0.08303456450977985,0.5299239509753224,6.3819682093100845,perturbed,5,0.15
pair,"4,11",0.9999999999999895,0.0,0.09034157879696096,0.5259309143735971,5.821582059746881,perturbed,5,0.15
pair,"5,6",0.9999999999999896,0.0,0.04909255598578078,0.5478082324211843,11.158682236464772,perturbed,5,0.15
pair,"5,7",0.9999999999999896,0.0,0.07762260402431125,0.5176375776490486,6.668644838131501,perturbed,5,0.15
pair,"5,8",0.9999999999999893,0.0,0.07062537883661607,0.5393633475966403,7.636962186700579,perturbed,5,0.15
pair,"5,9",0.9999999999999896,0.0,0.07782722556195737,0.5226237813883203,6.71517939403179,perturbed,5,0.15
pair,"5,10",0.9999999999999895,0.0,0.07621312340814496,0.5216692196751824,6.844873905527814,perturbed,5,0.15
pair,"5,11",0.9999999999999895,0.0,0.10146994541085941,0.5394352242111891,5.3162069027136605,perturbed,5,0.15
pair,"6,7",0.9999999999999895,0.0,0.048337635498924295,0.550207142174411,11.38258287761418,perturbed,5,0.15
pair,"6,8",0.9999999999999895,0.0,0.06505414862927421,0.5424665504404469,8.338692640984595,perturbed,5,0.15
pair,"6,9",0.9999999999999893,0.0,0.07370317857357597,0.5371166226897928,7.287563889169355,perturbed,5,0.15
pair,"6,10",0.9999999999999893,0.0,0.06767384261732538,0.5198568655371254,7.681799132890309,perturbed,5,0.15
pair,"6,11",0.9999999999999893,0.0,0.0915258646292292,0.5299111937154136,5.789742559243566,perturbed,5,0.15
pair,"7,8",0.9999999999999893,0.0,0.034362492402149974,0.6007923229944082,17.483956517566757,perturbed,5,0.15
pair,"7,9",0.9999999999999893,0.0,0.04274921482676568,0.5434370904971094,12.712212205517712,perturbed,5,0.15
pair,"7,10",0.9999999999999893,0.0,0.07030907812425802,0.5556649112403461,7.903174469992528,perturbed,5,0.15
pair,"7,11",0.9999999999999893,0.0,0.08589349565434429,0.5227220820957696,6.085700414375109,perturbed,5,0.15
pair,"8,9",0.9999999999999895,0.0,0.015326464949829009,0.6627721142432519,43.24363879164753,perturbed,5,0.15
pair,"8,10",0.9999999999999893,0.0,0.06703345395734671,0.5623598026158855,8.389241034390295,perturbed,5,0.15
pair,"8,11",0.9999999999999893,0.0,0.07092272393335686,0.5430733595025975,7.657254676412331,perturbed,5,0.15
pair,"9,10",0.9999999999999893,0.0,0.04242670736675402,0.5509592466580184,12.986142004735335,perturbed,5,0.15
pair,"9,11",0.9999999999999893,0.0,0.06829565144745922,0.5314677845627481,7.781868586049194,perturbed,5,0.15
pair,"10,11",0.9999999999999895,0.0,0.04449200451392031,0.552454840654881,12.416946520852601,perturbed,5,0.15
modular_A,"0,1,2,3",0.9999999999999893,0.0,0.0003073832361748504,0.38471327921429904,1251.5753428903995,perturbed,5,0.15
single,0,0.9999999999999897,0.0,0.28179661556383534,0.7182033844361544,2.5486586593637064,perturbed,6,0.15
single,1,0.9999999999999898,0.0,0.2706552222803764,0.7293447777196134,2.694737502474911,perturbed,6,0.15
single,2,0.9999999999999896,0.0,0.27057222024900596,0.7294277797509837,2.6958709178632447,perturbed,6,0.15
single,3,0.9999999999999898,0.0,0.24973924800324127,0.7502607519967486,3.004176387954092,perturbed,6,0.15
single,4,0.9999999999999898,0.0,0.28375682897534116,0.7162431710246486,2.524144259755916,perturbed,6,0.15
single,5,0.9999999999999898,0.0,0.28628536569426966,0.7137146343057201,2.493018225276354,perturbed,6,0.15
single,6,0.9999999999999897,0.0,0.2862768982207259,0.7137231017792638,2.493121541469851,perturbed,6,0.15
single,7,0.9999999999999898,0.0,0.28382329750120827,0.7161767024987815,2.5233189410595607,perturbed,6,0.15
single,8,0.9999999999999899,0.0,0.24973536111857125,0.7502646388814187,3.004238709011666,perturbed,6,0.15
single,9,0.9999999999999898,0.0,0.27067719307262034,0.7293228069273694,2.6944376016626506,perturbed,6,0.15
single,10,0.9999999999999898,0.0,0.2705133757309722,0.7294866242690176,2.6966748771583777,perturbed,6,0.15
single,11,0.9999999999999898,0.0,0.2817705533793175,0.7182294466206722,2.5489868902439814,perturbed,6,0.15
pair,"0,1",0.9999999999999898,0.0,0.04449200451392041,0.5524548406548813,12.41694652085258,perturbed,6,0.15
pair,"0,2",0.9999999999999898,0.0,0.06829565144745921,0.531467784562748,7.781868586049194,perturbed,6,0.15
pair,"0,3",0.9999999999999898,0.0,0.07092272393335672,0.5430733595025978,7.65725467641235,perturbed,6,0.15
pair,"0,4",0.9999999999999898,0.0,0.08589349565434423,0.5227220820957696,6.085700414375113,perturbed,6,0.15
pair,"0,5",0.9999999999999898,0.0,0.0915258646292292,0.5299111937154138,5.789742559243568,perturbed,6,0.15
pair,"0,6",0.9999999999999898,0.0,0.10146994541085945,0.5394352242111893,5.3162069027136605,perturbed,6,0.15
pair,"0,7",0.9999999999999897,0.0,0.0903415787969608,0.5259309143735972,5.821582059746892,perturbed,6,0.15
pair,"0,8",0.9999999999999898,0.0,0.07177843449343815,0.5402938227635385,7.5272444512972925,perturbed,6,0.15
pair,"0,9",0.9999999999999898,0.0,0.07632005661663739,0.5238738720086986,6.864170379749125,perturbed,6,0.15
pair,"0,10",0.9999999999999899,0.0,0.07622671565379582,0.5239242306799131,6.87323632123226,perturbed,6,0.15
pair,"0,11",0.9999999999999897,0.0,0.07940177618919961,0.5158350380069586,6.49651761917542,perturbed,6,0.15
pair,"1,2",0.9999999999999898,0.0,0.04242670736675398,0.5509592466580185,12.986142004735349,perturbed,6,0.15
pair,"1,3",0.9999999999999898,0.0,0.06703345395734674,0.5623598026158856,8.389241034390292,perturbed,6,0.15
pair,"1,4",0.9999999999999898,0.0,0.07030907812425813,0.5556649112403462,7.903174469992518,perturbed,6,0.15
pair,"1,5",0.9999999999999898,0.0,0.06767384261732522,0.5198568655371254,7.681799132890329,perturbed,6,0.15
pair,"1,6",0.9999999999999898,0.0,0.07621312340814496,0.5216692196751823,6.8448739055278125,perturbed,6,0.15
pair,"1,7",0.9999999999999898,0.0,0.08303456450977974,0.5299239509753229,6.381968209310099,perturbed,6,0.15
pair,"1,8",0.9999999999999898,0.0,0.07153424923879625,0.5513442866347787,7.7074169716142045,perturbed,6,0.15
pair,"1,9",0.9999999999999899,0.0,0.0739505181462012,0.5326282820138308,7.2024956060594105,perturbed,6,0.15
pair,"1,10",0.9999999999999898,0.0,0.07323749314110028,0.5320956869051682,7.265345441030127,perturbed,6,0.15
pair,"1,11",0.9999999999999898,0.0,0.07625960325944935,0.5238414402724307,6.8691865402213645,perturbed,6,0.15
pair,"2,3",0.9999999999999896,0.0,0.01532646494982912,0.6627721142432518,43.24363879164721,perturbed,6,0.15
pair,"2,4",0.9999999999999898,0.0,0.04274921482676584,0.5434370904971099,12.712212205517675,perturbed,6,0.15
pair,"2,5",0.9999999999999898,0.0,0.07370317857357592,0.5371166226897929,7.287563889169362,perturbed,6,0.15
pair,"2,6",0.9999999999999897,0.0,0.0778272255619574,0.5226237813883203,6.715179394031788,perturbed,6,0.15
pair,"2,7",0.9999999999999897,0.0,0.07934748612445056,0.5253486856108236,6.620861116971668,perturbed,6,0.15
pair,"2,8",0.9999999999999898,0.0,0.07178972355480698,0.5517453406021207,7.685575501358457,perturbed,6,0.15
pair,"2,9",0.9999999999999899,0.0,0.07679587107828441,0.5355932410288281,6.974245275281186,perturbed,6,0.15
pair,"2,10",0.9999999999999898,0.0,0.07388505290532359,0.5328051293668034,7.211270864887119,perturbed,6,0.15
pair,"2,11",0.9999999999999898,0.0,0.07628507600978647,0.5239680765904712,6.868552854600974,perturbed,6,0.15
pair,"3,4",0.9999999999999896,0.0,0.03436249240214994,0.6007923229944083,17.483956517566778,perturbed,6,0.15
pair,"3,5",0.9999999999999898,0.0,0.06505414862927424,0.5424665504404473,8.338692640984599,perturbed,6,0.15
pair,"3,6",0.9999999999999897,0.0,0.07062537883661607,0.5393633475966405,7.636962186700583,perturbed,6,0.15
pair,"3,7",0.9999999999999898,0.0,0.07258258108654725,0.5393918670620959,7.431423063047684,perturbed,6,0.15
pair,"3,8",0.9999999999999898,0.0,0.0652849280770239,0.5659129498388489,8.668355262200464,perturbed,6,0.15
pair,"3,9",0.9999999999999898,0.0,0.07182634553523488,0.5516463850380904,7.680279163966049,perturbed,6,0.15
pair,"3,10",0.9999999999999898,0.0,0.07152109357839397,0.5514169157338948,7.709850173494469,perturbed,6,0.15
pair,"3,11",0.9999999999999897,0.0,0.07180032110217004,0.5403088604509579,7.525159388662233,perturbed,6,0.15
pair,"4,5",0.9999999999999898,0.0,0.048337635498924246,0.5502071421744112,11.382582877614196,perturbed,6,0.15
pair,"4,6",0.9999999999999896,0.0,0.07762260402431115,0.5176375776490487,6.66864483813151,perturbed,6,0.15
pair,"4,7",0.9999999999999898,0.0,0.07998498754981558,0.5162131125394258,6.453875012706882,perturbed,6,0.15
pair,"4,8",0.9999999999999898,0.0,0.07259600206731975,0.5395092444902369,7.431666057725037,perturbed,6,0.15
pair,"4,9",0.9999999999999898,0.0,0.07940393273422419,0.5254052762843722,6.616867177636848,perturbed,6,0.15
pair,"4,10",0.9999999999999896,0.0,0.08301177078849974,0.5301330970695239,6.3862400721485075,perturbed,6,0.15
pair,"4,11",0.9999999999999897,0.0,0.09035449527275527,0.5260390862876196,5.8219470398196895,perturbed,6,0.15
pair,"5,6",0.9999999999999896,0.0,0.0490925559857808,0.5478082324211844,11.158682236464768,perturbed,6,0.15
pair,"5,7",0.9999999999999896,0.0,0.07765047324118232,0.517527065130327,6.664828217117083,perturbed,6,0.15
pair,"5,8",0.9999999999999897,0.0,0.07062148902764817,0.539389700302578,7.637755982338578,perturbed,6,0.15
pair,"5,9",0.9999999999999896,0.0,0.07788013675872583,0.5225496430479533,6.7096651957202145,perturbed,6,0.15
pair,"5,10",0.9999999999999896,0.0,0.07622932856097021,0.5217758849987206,6.8448180621372074,perturbed,6,0.15
pair,"5,11",0.9999999999999897,0.0,0.10142111218883064,0.5394601380526189,5.319012249128431,perturbed,6,0.15
pair,"6,7",0.9999999999999896,0.0,0.048349260793934,0.550281906999194,11.381392351467627,perturbed,6,0.15
pair,"6,8",0.9999999999999897,0.0,0.06509798471930356,0.5425145451779021,8.33381474890773,perturbed,6,0.15
pair,"6,9",0.9999999999999896,0.0,0.07354510597007717,0.5368911406370156,7.300161357513811,perturbed,6,0.15
pair,"6,10",0.9999999999999897,0.0,0.06750728451959297,0.519866654599431,7.700897144641444,perturbed,6,0.15
pair,"6,11",0.9999999999999897,0.0,0.09147311079901169,0.5299358836523927,5.793351499948315,perturbed,6,0.15
pair,"7,8",0.9999999999999896,0.0,0.03435328226401644,0.6009883415758553,17.49434994179186,perturbed,6,0.15
pair,"7,9",0.9999999999999898,0.0,0.04295293404350513,0.5436764383395212,12.657492449499616,perturbed,6,0.15
pair,"7,10",0.9999999999999896,0.0,0.07046059768679629,0.5559037442679868,7.889568957944824,perturbed,6,0.15
pair,"7,11",0.9999999999999896,0.0,0.08601652248417632,0.5226088527439667,6.075679853717713,perturbed,6,0.15
pair,"8,9",0.9999999999999897,0.0,0.015365230925212926,0.6626229879465068,43.12483106643087,perturbed,6,0.15
pair,"8,10",0.9999999999999896,0.0,0.06700421333618298,0.5623341038275237,8.392518557095832,perturbed,6,0.15
pair,"8,11",0.9999999999999896,0.0,0.07095280157217614,0.5430750886252054,7.6540330556611895,perturbed,6,0.15
pair,"9,10",0.9999999999999898,0.0,0.04245234279203728,0.5511762958603831,12.983412919292793,perturbed,6,0.15
pair,"9,11",0.9999999999999898,0.0,0.06816568407153292,0.5318732151704793,7.802653525963778,perturbed,6,0.15
pair,"10,11",0.9999999999999898,0.0,0.04436039914334499,0.5530013425558594,12.466103850168388,perturbed,6,0.15
modular_A,"0,1,2,3",0.9999999999999896,0.0,0.0003096306879644726,0.38392620863120236,1239.9488279251395,perturbed,6,0.15
single,0,0.9999999999999892,0.0,0.28179669906546445,0.7182033009345248,2.5486576078298144,perturbed,7,0.15
single,1,0.9999999999999893,0.0,0.2706596342186283,0.729340365781361,2.694677275711635,perturbed,7,0.15
single,2,0.9999999999999892,0.0,0.27057013859268164,0.7294298614073076,2.6958993523871344,perturbed,7,0.15
single,3,0.9999999999999891,0.0,0.2495049132373401,0.750495086762649,3.00793710642782,perturbed,7,0.15
single,4,0.9999999999999891,0.0,0.2837651042069145,0.7162348957930746,2.5240414877469006,perturbed,7,0.15
single,5,0.9999999999999891,0.0,0.28621865288098486,0.7137813471190043,2.4938323897981873,perturbed,7,0.15
single,6,0.9999999999999892,0.0,0.28628536569104124,0.713714634308948,2.4930182253157427,perturbed,7,0.15
single,7,0.9999999999999891,0.0,0.28381511089069145,0.7161848891092977,2.523420570743075,perturbed,7,0.15
single,8,0.9999999999999893,0.0,0.2497982715848251,0.7502017284151642,3.0032302611846333,perturbed,7,0.15
single,9,0.9999999999999892,0.0,0.27072945675846294,0.7292705432415263,2.6937243991597137,perturbed,7,0.15
single,10,0.9999999999999893,0.0,0.2699432184245415,0.7300567815754478,2.7044827643244687,perturbed,7,0.15
single,11,0.9999999999999893,0.0,0.28089915127980747,0.7191008487201819,2.559996516343603,perturbed,7,0.15
pair,"0,1",0.9999999999999891,0.0,0.04449690178121199,0.5524385196743926,12.415213139797741,perturbed,7,0.15
pair,"0,2",0.9999999999999892,0.0,0.06833880142935493,0.5313582652082828,7.775352421970307,perturbed,7,0.15
pair,"0,3",0.9999999999999892,0.0,0.0708872694589114,0.5431349299411701,7.661953043007094,perturbed,7,0.15
pair,"0,4",0.9999999999999891,0.0,0.08590112474413793,0.5227415626225207,6.085386706862574,perturbed,7,0.15
pair,"0,5",0.9999999999999891,0.0,0.09150566501206395,0.5299858758170236,5.791836775866841,perturbed,7,0.15
pair,"0,6",0.9999999999999893,0.0,0.10145937550179081,0.5394428746619022,5.316836142485233,perturbed,7,0.15
pair,"0,7",0.9999999999999893,0.0,0.09037346780993658,0.5259221308794926,5.819430676108983,perturbed,7,0.15
pair,"0,8",0.9999999999999893,0.0,0.071791574439343,0.5402487421623916,7.525238809449011,perturbed,7,0.15
pair,"0,9",0.9999999999999893,0.0,0.07633400195338033,0.5238364321053617,6.86242590065284,perturbed,7,0.15
pair,"0,10",0.9999999999999895,0.0,0.07606595566578422,0.5243336820461612,6.893145263959596,perturbed,7,0.15
pair,"0,11",0.9999999999999892,0.0,0.07915624327621962,0.5164608180293987,6.524574646969831,perturbed,7,0.15
pair,"1,2",0.9999999999999893,0.0,0.04244753511730941,0.5508760977402772,12.977811225501267,perturbed,7,0.15
pair,"1,3",0.9999999999999892,0.0,0.06701717143480923,0.5623877448929385,8.391696230271366,perturbed,7,0.15
pair,"1,4",0.9999999999999892,0.0,0.07017396623600253,0.5558450104102372,7.920957589041941,perturbed,7,0.15
pair,"1,5",0.9999999999999891,0.0,0.06759787322610875,0.5199086278069288,7.69119800659825,perturbed,7,0.15
pair,"1,6",0.9999999999999895,0.0,0.07622010428722359,0.5216534071597149,6.844039535736467,perturbed,7,0.15
pair,"1,7",0.9999999999999893,0.0,0.08304070379299922,0.529921629519547,6.381468428308556,perturbed,7,0.15
pair,"1,8",0.9999999999999891,0.0,0.0715524875729529,0.5512912587069094,7.704711288266929,perturbed,7,0.15
pair,"1,9",0.9999999999999893,0.0,0.07396391191211345,0.5325908660093759,7.20068547269673,perturbed,7,0.15
pair,"1,10",0.9999999999999895,0.0,0.07308336286479937,0.5325082656107605,7.286313118840393,perturbed,7,0.15
pair,"1,11",0.9999999999999893,0.0,0.07602499379065154,0.5244737372385432,6.898701480762704,perturbed,7,0.15
pair,"2,3",0.9999999999999892,0.0,0.015284352620764448,0.6632255462727542,43.39245257739827,perturbed,7,0.15
pair,"2,4",0.9999999999999893,0.0,0.04265614905565704,0.5436126410230788,12.744062768389664,perturbed,7,0.15
pair,"2,5",0.9999999999999892,0.0,0.0735509966407195,0.5370636413356784,7.3019220114598395,perturbed,7,0.15
pair,"2,6",0.9999999999999893,0.0,0.07781885123449044,0.5225805556848175,6.7153465695623415,perturbed,7,0.15
pair,"2,7",0.9999999999999893,0.0,0.0793738936068584,0.525399480673284,6.619298320876201,perturbed,7,0.15
pair,"2,8",0.9999999999999891,0.0,0.07185415123979229,0.5517397073639594,7.678605868193877,perturbed,7,0.15
pair,"2,9",0.9999999999999892,0.0,0.07683092053298507,0.5355897585984892,6.971018372330313,perturbed,7,0.15
pair,"2,10",0.9999999999999895,0.0,0.07372184712172411,0.5332181149887653,7.232837154885099,perturbed,7,0.15
pair,"2,11",0.9999999999999892,0.0,0.07604711035553345,0.5246039404669596,6.898407290090906,perturbed,7,0.15
pair,"3,4",0.9999999999999892,0.0,0.03426416959703499,0.6009405284680026,17.53845301186007,perturbed,7,0.15
pair,"3,5",0.9999999999999893,0.0,0.06500161938168571,0.5426478503107033,8.348220482389936,perturbed,7,0.15
pair,"3,6",0.9999999999999893,0.0,0.07059627558146575,0.5395571990621015,7.642856434252972,perturbed,7,0.15
pair,"3,7",0.9999999999999891,0.0,0.0725619681208298,0.5396166004029785,7.436631259841407,perturbed,7,0.15
pair,"3,8",0.9999999999999893,0.0,0.06524113220411223,0.566030115655908,8.675970151545444,perturbed,7,0.15
pair,"3,9",0.9999999999999893,0.0,0.07173788169565336,0.5517556654374478,7.691273458258233,perturbed,7,0.15
pair,"3,10",0.9999999999999892,0.0,0.07123470934591702,0.5519414869478971,7.7482099950413135,perturbed,7,0.15
pair,"3,11",0.9999999999999891,0.0,0.07149789972384328,0.541099171986839,7.568042894641729,perturbed,7,0.15
pair,"4,5",0.9999999999999892,0.0,0.04835109264241811,0.5500481031309221,11.376125606898247,perturbed,7,0.15
pair,"4,6",0.9999999999999892,0.0,0.07757019976619542,0.5175649728722902,6.672214000122269,perturbed,7,0.15
pair,"4,7",0.9999999999999893,0.0,0.07998509984735501,0.5161855775781954,6.453521700457874,perturbed,7,0.15
pair,"4,8",0.9999999999999893,0.0,0.07258355455850278,0.5393922245290524,7.431328319616795,perturbed,7,0.15
pair,"4,9",0.9999999999999893,0.0,0.07936699550681138,0.5252815863476412,6.618388197680494,perturbed,7,0.15
pair,"4,10",0.9999999999999893,0.0,0.08277730725248648,0.5303638854067216,6.4071169141684114,perturbed,7,0.15
pair,"4,11",0.9999999999999893,0.0,0.090179064197872,0.5265179526305739,5.838583016067696,perturbed,7,0.15
pair,"5,6",0.9999999999999892,0.0,0.04908211309075205,0.5477344482545696,11.159553119520696,perturbed,7,0.15
pair,"5,7",0.9999999999999893,0.0,0.077622708930174,0.5176373513542462,6.668632910246537,perturbed,7,0.15
pair,"5,8",0.9999999999999892,0.0,0.07063079709560267,0.5393984687349594,7.63687358652988,perturbed,7,0.15
pair,"5,9",0.9999999999999893,0.0,0.07788592949122475,0.5226425140114443,6.710358564448145,perturbed,7,0.15
pair,"5,10",0.9999999999999892,0.0,0.07616146648781147,0.5224762292354166,6.8601125126579765,perturbed,7,0.15
pair,"5,11",0.9999999999999891,0.0,0.10138576484329523,0.5402285880992204,5.328446147585051,perturbed,7,0.15
pair,"6,7",0.9999999999999893,0.0,0.048349118926820575,0.5502821522481348,11.381430819474112,perturbed,7,0.15
pair,"6,8",0.9999999999999892,0.0,0.06511897806305082,0.5423963399867047,8.329312838133527,perturbed,7,0.15
pair,"6,9",0.9999999999999893,0.0,0.07355571377651601,0.5369236067687957,7.299549949309556,perturbed,7,0.15
pair,"6,10",0.9999999999999892,0.0,0.06773312099793552,0.5206680682229597,7.6870526642176955,perturbed,7,0.15
pair,"6,11",0.9999999999999892,0.0,0.0914323945678146,0.5306287732077586,5.803509529811077,perturbed,7,0.15
pair,"7,8",0.9999999999999893,0.0,0.0343787129446916,0.6010923915760161,17.48443557334599,perturbed,7,0.15
pair,"7,9",0.9999999999999895,0.0,0.04296754519050642,0.5435190951585657,12.649526351778993,perturbed,7,0.15
pair,"7,10",0.9999999999999893,0.0,0.07002979401096063,0.5559608796995779,7.938919249320686,perturbed,7,0.15
pair,"7,11",0.9999999999999893,0.0,0.08573070314431859,0.5232760920279721,6.103718654296956,perturbed,7,0.15
pair,"8,9",0.9999999999999892,0.0,0.015389391792049624,0.6628557393312908,43.07225056637595,perturbed,7,0.15
pair,"8,10",0.9999999999999892,0.0,0.06692913352412717,0.5627471767508041,8.40810491813614,perturbed,7,0.15
pair,"8,11",0.9999999999999891,0.0,0.07067674703855674,0.5435344254791811,7.690427874144564,perturbed,7,0.15
pair,"9,10",0.9999999999999892,0.0,0.04247194659642191,0.5513832045558531,12.98229181241024,perturbed,7,0.15
pair,"9,11",0.9999999999999892,0.0,0.0682191939659592,0.5320901324634194,7.799712977097441,perturbed,7,0.15
pair,"10,11",0.9999999999999892,0.0,0.04408906352719409,0.5554087098137839,12.597425877989183,perturbed,7,0.15
modular_A,"0,1,2,3",0.9999999999999892,0.0,0.000312093994496143,0.3831880513325022,1227.7969396724097,perturbed,7,0.15
single,0,0.9999999999999898,0.0,0.2817966990654648,0.718203300934525,2.548657607829812,perturbed,8,0.15
single,1,0.9999999999999899,0.0,0.27065964934930997,0.7293403506506799,2.694677069168158,perturbed,8,0.15
single,2,0.99999999999999,0.0,0.2705706176480021,0.7294293823519878,2.6958928086601643,perturbed,8,0.15
single,3,0.99999999999999,0.0,0.24947419860356246,0.7505258013964275,3.0084305535302365,perturbed,8,0.15
single,4,0.99999999999999,0.0,0.28352766581246636,0.7164723341875237,2.5269926733055383,perturbed,8,0.15
single,5,0.99999999999999,0.0,0.2862270383145935,0.7137729616853965,2.4937300329428878,perturbed,8,0.15
single,6,0.99999999999999,0.0,0.286218652715101,0.7137813472848891,2.4938323918231124,perturbed,8,0.15
single,7,0.9999999999999898,0.0,0.283823285055524,0.7161767149444658,2.5233190955575084,perturbed,8,0.15
single,8,0.9999999999999898,0.0,0.24979363010461322,0.7502063698953765,3.003304646244146,perturbed,8,0.15
single,9,0.99999999999999,0.0,0.27079236566462866,0.7292076343353613,2.6928662946076973,perturbed,8,0.15
single,10,0.9999999999999899,0.0,0.2702525985274624,0.7297474014725275,2.700241941978487,perturbed,8,0.15
single,11,0.99999999999999,0.0,0.278154565180893,0.721845434819097,2.5951234499770206,perturbed,8,0.15
pair,"0,1",0.99999999999999,0.0,0.04449691943353955,0.5524384661869409,12.415207012522771,perturbed,8,0.15
pair,"0,2",0.99999999999999,0.0,0.06834016305854144,0.5313548668201916,7.7751477760599315,perturbed,8,0.15
pair,"0,3",0.99999999999999,0.0,0.0708899271505049,0.5431357480908973,7.661677334464983,perturbed,8,0.15
pair,"0,4",0.9999999999999899,0.0,0.08591041691540569,0.5227702455100738,6.085062374040572,perturbed,8,0.15
pair,"0,5",0.99999999999999,0.0,0.0914461406988309,0.5300343632467066,5.79613703975025,perturbed,8,0.15
pair,"0,6",0.9999999999999899,0.0,0.10099589997973638,0.5395651646582367,5.342446225703162,perturbed,8,0.15
pair,"0,7",0.9999999999999898,0.0,0.09035526574096035,0.5259285624782957,5.820674181691647,perturbed,8,0.15
pair,"0,8",0.9999999999999898,0.0,0.07179679592724093,0.5402496205580385,7.524703764016557,perturbed,8,0.15
pair,"0,9",0.9999999999999899,0.0,0.07635221126859557,0.5237909265063438,6.8601932780142585,perturbed,8,0.15
pair,"0,10",0.99999999999999,0.0,0.07615311572132917,0.5241115098431774,6.882338363686713,perturbed,8,0.15
pair,"0,11",0.9999999999999899,0.0,0.07838282207847704,0.5184319924979724,6.614102155940715,perturbed,8,0.15
pair,"1,2",0.9999999999999898,0.0,0.04244853139297728,0.5508730890492503,12.977435755065654,perturbed,8,0.15
pair,"1,3",0.9999999999999899,0.0,0.06702639679238297,0.5623828515887448,8.390468211065395,perturbed,8,0.15
pair,"1,4",0.99999999999999,0.0,0.07012455965491775,0.5559554617862567,7.928113410224719,perturbed,8,0.15
pair,"1,5",0.99999999999999,0.0,0.06755631163970022,0.5199649294165124,7.69676314168326,perturbed,8,0.15
pair,"1,6",0.9999999999999899,0.0,0.07612579186170874,0.5217397530022684,6.853652884820806,perturbed,8,0.15
pair,"1,7",0.9999999999999897,0.0,0.08303595096231184,0.5299197448109179,6.381810994751377,perturbed,8,0.15
pair,"1,8",0.9999999999999898,0.0,0.07155792654561648,0.5512908171570184,7.70411949828624,perturbed,8,0.15
pair,"1,9",0.9999999999999899,0.0,0.07398409025300483,0.5325441547370167,7.198090196363368,perturbed,8,0.15
pair,"1,10",0.99999999999999,0.0,0.07316698998937059,0.5322829283730415,7.274905369899314,perturbed,8,0.15
pair,"1,11",0.99999999999999,0.0,0.07528195869039173,0.5264755435935577,6.993382647743889,perturbed,8,0.15
pair,"2,3",0.99999999999999,0.0,0.015282248476957989,0.6632579659478751,43.40054848263402,perturbed,8,0.15
pair,"2,4",0.9999999999999899,0.0,0.04260573540556061,0.5437861473803136,12.763214675302667,perturbed,8,0.15
pair,"2,5",0.9999999999999898,0.0,0.07349595895881712,0.5371590811371807,7.308688651006969,perturbed,8,0.15
pair,"2,6",0.9999999999999899,0.0,0.0777807257411821,0.5226504610798355,6.719536955967368,perturbed,8,0.15
pair,"2,7",0.9999999999999898,0.0,0.07936634487935391,0.5253789241321702,6.61966889026838,perturbed,8,0.15
pair,"2,8",0.9999999999999898,0.0,0.07184522923077385,0.5517338442541979,7.6794778186589845,perturbed,8,0.15
pair,"2,9",0.9999999999999899,0.0,0.0768677556671142,0.5355569677464762,6.967251262880307,perturbed,8,0.15
pair,"2,10",0.99999999999999,0.0,0.07381327740941118,0.533001640085428,7.220945320299115,perturbed,8,0.15
pair,"2,11",0.9999999999999899,0.0,0.07530235747152336,0.5266058622797773,6.993218804323898,perturbed,8,0.15
pair,"3,4",0.99999999999999,0.0,0.03419008382244688,0.6013640426615909,17.58884376489233,perturbed,8,0.15
pair,"3,5",0.9999999999999899,0.0,0.0649720813864393,0.542694711877463,8.352737057162093,perturbed,8,0.15
pair,"3,6",0.99999999999999,0.0,0.07054153889874405,0.5396019324548755,7.649421048631004,perturbed,8,0.15
pair,"3,7",0.9999999999999899,0.0,0.07252706273261297,0.5396000581921012,7.439982233686424,perturbed,8,0.15
pair,"3,8",0.9999999999999898,0.0,0.0652651786337825,0.5660957473135948,8.67377917541733,perturbed,8,0.15
pair,"3,9",0.9999999999999898,0.0,0.07184737388562111,0.551827944848392,7.6805583141686675,perturbed,8,0.15
pair,"3,10",0.9999999999999898,0.0,0.07136887488353896,0.5517973331358036,7.731624381584221,perturbed,8,0.15
pair,"3,11",0.9999999999999898,0.0,0.07076689475491774,0.5431536585158148,7.675250700159765,perturbed,8,0.15
pair,"4,5",0.9999999999999898,0.0,0.048242232680471786,0.550158527620755,11.404085114896775,perturbed,8,0.15
pair,"4,6",0.9999999999999899,0.0,0.07754207171352638,0.5177799143427471,6.677406250579012,perturbed,8,0.15
pair,"4,7",0.9999999999999898,0.0,0.07994883298916523,0.5163791991799146,6.458871003781819,perturbed,8,0.15
pair,"4,8",0.9999999999999899,0.0,0.0725711125430892,0.5396234886851339,7.435789114638854,perturbed,8,0.15
pair,"4,9",0.9999999999999899,0.0,0.07932568717010842,0.525403815804284,6.623375536320184,perturbed,8,0.15
pair,"4,10",0.99999999999999,0.0,0.08267591069034617,0.5302461803515572,6.41355112902884,perturbed,8,0.15
pair,"4,11",0.9999999999999899,0.0,0.08879632376680453,0.5282632738358423,5.94915703068022,perturbed,8,0.15
pair,"5,6",0.9999999999999898,0.0,0.04909541855710302,0.5475768689528892,11.153319088541856,perturbed,8,0.15
pair,"5,7",0.9999999999999898,0.0,0.07757018541533138,0.5175646915636701,6.672211608010104,perturbed,8,0.15
pair,"5,8",0.9999999999999899,0.0,0.07063122926019665,0.5393611724156178,7.6362988166138015,perturbed,8,0.15
pair,"5,9",0.9999999999999899,0.0,0.07784195731721281,0.5224515445538487,6.711695884326402,perturbed,8,0.15
pair,"5,10",0.9999999999999898,0.0,0.07603792460426219,0.5219347928688294,6.864137804723475,perturbed,8,0.15
pair,"5,11",0.9999999999999898,0.0,0.09922021695945227,0.5412189863165069,5.4547248827089705,perturbed,8,0.15
pair,"6,7",0.9999999999999898,0.0,0.048339835341324064,0.5502086546689137,11.382096169420734,perturbed,8,0.15
pair,"6,8",0.9999999999999898,0.0,0.06508543490583861,0.5424997393004463,8.335194196448095,perturbed,8,0.15
pair,"6,9",0.9999999999999898,0.0,0.07365025914890048,0.5370183182424276,7.291465426574058,perturbed,8,0.15
pair,"6,10",0.99999999999999,0.0,0.06770667774268244,0.5204616036804273,7.687005492403996,perturbed,8,0.15
pair,"6,11",0.99999999999999,0.0,0.09005169409913436,0.5320913164905364,5.908731887984008,perturbed,8,0.15
pair,"7,8",0.9999999999999898,0.0,0.03438365508002662,0.6010985228812408,17.482100768001754,perturbed,8,0.15
pair,"7,9",0.99999999999999,0.0,0.042909803478659546,0.5433183799867756,12.661870620241494,perturbed,8,0.15
pair,"7,10",0.9999999999999899,0.0,0.07015289670009679,0.5559473889582158,7.924795911634091,perturbed,8,0.15
pair,"7,11",0.99999999999999,0.0,0.08497474657889242,0.5251119072385495,6.179623104271621,perturbed,8,0.15
pair,"8,9",0.9999999999999898,0.0,0.0154231419643036,0.6630003757932185,42.98737425407307,perturbed,8,0.15
pair,"8,10",0.9999999999999899,0.0,0.06699833397666524,0.5624560084103742,8.395074549260752,perturbed,8,0.15
pair,"8,11",0.9999999999999898,0.0,0.0702344929491845,0.5458067923193668,7.771207129156105,perturbed,8,0.15
pair,"9,10",0.99999999999999,0.0,0.04252926606257798,0.5512739477373415,12.962225751231907,perturbed,8,0.15
pair,"9,11",0.99999999999999,0.0,0.06751682348914138,0.5340307281196064,7.909594979768171,perturbed,8,0.15
pair,"10,11",0.99999999999999,0.0,0.04383726783543461,0.5562188461394837,12.688264428967901,perturbed,8,0.15
modular_A,"0,1,2,3",0.99999999999999,0.0,0.00031404656204886015,0.3829641678626863,1219.450279487867,perturbed,8,0.15
single,0,0.9999999999999898,0.0,0.2817966990654646,0.7182033009345251,2.5486576078298144,perturbed,9,0.15
single,1,0.9999999999999898,0.0,0.2706596493493099,0.7293403506506799,2.6946770691681583,perturbed,9,0.15
single,2,0.9999999999999899,0.0,0.2705706206329173,0.7294293793670725,2.695892767887346,perturbed,9,0.15
single,3,0.99999999999999,0.0,0.2494738845358968,0.7505261154640932,3.008435599823676,perturbed,9,0.15
single,4,0.99999999999999,0.0,0.2834954079832349,0.7165045920167551,2.5273939959518748,perturbed,9,0.15
single,5,0.9999999999999898,0.0,0.28598984043547,0.7140101595645199,2.496627707044815,perturbed,9,0.15
single,6,0.9999999999999896,0.0,0.28622703906341185,0.7137729609365777,2.493730023802698,perturbed,9,0.15
single,7,0.9999999999999898,0.0,0.2837568220719171,0.7162431779280727,2.524144345493634,perturbed,9,0.15
single,8,0.9999999999999898,0.0,0.2497945681162328,0.750205431883757,3.003289613306068,perturbed,9,0.15
single,9,0.99999999999999,0.0,0.2708425801886786,0.7291574198113113,2.6921816329742323,perturbed,9,0.15
single,10,0.9999999999999898,0.0,0.2701594619967542,0.7298405380032356,2.7015175874610087,perturbed,9,0.15
single,11,0.9999999999999898,0.0,0.28239490730071504,0.7176050926992747,2.5411403468941303,perturbed,9,0.15
pair,"0,1",0.99999999999999,0.0,0.04449691943353953,0.5524384661869408,12.415207012522774,perturbed,9,0.15
pair,"0,2",0.99999999999999,0.0,0.06834016764581134,0.5313548553480119,7.775147086291634,perturbed,9,0.15
pair,"0,3",0.9999999999999899,0.0,0.07089035596263708,0.543135370972329,7.661625669626905,perturbed,9,0.15
pair,"0,4",0.9999999999999899,0.0,0.08597348392747509,0.5227508397935254,6.080372876764002,perturbed,9,0.15
pair,"0,5",0.9999999999999898,0.0,0.09144482262436097,0.5300969783226561,5.796905315243488,perturbed,9,0.15
pair,"0,6",0.9999999999999896,0.0,0.10062585134376839,0.5397239468990083,5.363670862819811,perturbed,9,0.15
pair,"0,7",0.9999999999999899,0.0,0.09002200529412731,0.5260630868522141,5.843716601662199,perturbed,9,0.15
pair,"0,8",0.9999999999999898,0.0,0.07179411584046301,0.5402502249215724,7.524993080520514,perturbed,9,0.15
pair,"0,9",0.9999999999999899,0.0,0.07636517086912244,0.523755430468399,6.858564244765866,perturbed,9,0.15
pair,"0,10",0.9999999999999898,0.0,0.07612699039065282,0.5241783384111125,6.8855781073341005,perturbed,9,0.15
pair,"0,11",0.9999999999999898,0.0,0.07957773756865037,0.5153865641961098,6.476516924742859,perturbed,9,0.15
pair,"1,2",0.9999999999999898,0.0,0.04244853539870838,0.5508730781196938,12.977434272949159,perturbed,9,0.15
pair,"1,3",0.9999999999999898,0.0,0.06702703661887545,0.562382356189645,8.390380726324292,perturbed,9,0.15
pair,"1,4",0.9999999999999898,0.0,0.07012308397593153,0.5559621918678705,7.928376225704711,perturbed,9,0.15
pair,"1,5",0.9999999999999898,0.0,0.06748087730247346,0.5200800172757304,7.7070725524883965,perturbed,9,0.15
pair,"1,6",0.9999999999999897,0.0,0.07606153946677653,0.5217803198226612,6.859975796973888,perturbed,9,0.15
pair,"1,7",0.9999999999999898,0.0,0.08288010238474404,0.5300102821293329,6.394903805366115,perturbed,9,0.15
pair,"1,8",0.9999999999999898,0.0,0.07155474570530711,0.5512924635243098,7.704484979860969,perturbed,9,0.15
pair,"1,9",0.99999999999999,0.0,0.07399348332796597,0.53250863758174,7.196696433677389,perturbed,9,0.15
pair,"1,10",0.9999999999999898,0.0,0.07314304479337487,0.5323503097896579,7.278208219161762,perturbed,9,0.15
pair,"1,11",0.9999999999999898,0.0,0.07642970998568524,0.5233828691141361,6.847898143433517,perturbed,9,0.15
pair,"2,3",0.99999999999999,0.0,0.015282293755262613,0.6632580273055066,43.40042391065196,perturbed,9,0.15
pair,"2,4",0.9999999999999898,0.0,0.042602415570981905,0.5437956085061395,12.764431340755687,perturbed,9,0.15
pair,"2,5",0.9999999999999898,0.0,0.0734138013015026,0.5373123769735806,7.318955938092571,perturbed,9,0.15
pair,"2,6",0.9999999999999898,0.0,0.07777519063916802,0.5226536231638017,6.720055828453225,perturbed,9,0.15
pair,"2,7",0.9999999999999898,0.0,0.07933057201771986,0.5254425584700738,6.623456066252833,perturbed,9,0.15
pair,"2,8",0.9999999999999898,0.0,0.07184430713140222,0.5517336828726789,7.6795741361047,perturbed,9,0.15
pair,"2,9",0.9999999999999898,0.0,0.07687325162298539,0.5355177653958642,6.966243187191296,perturbed,9,0.15
pair,"2,10",0.9999999999999898,0.0,0.07379465392021348,0.5330698677465718,7.223692224682361,perturbed,9,0.15
pair,"2,11",0.9999999999999897,0.0,0.07645158970396038,0.5235138206134609,6.847651208308904,perturbed,9,0.15
pair,"3,4",0.9999999999999898,0.0,0.03418485480625836,0.6013992078528132,17.592562883804106,perturbed,9,0.15
pair,"3,5",0.9999999999999899,0.0,0.06489071905050829,0.5428701249731627,8.36591322944988,perturbed,9,0.15
pair,"3,6",0.9999999999999898,0.0,0.07053353004397608,0.5396236247551166,7.6505971616431685,perturbed,9,0.15
pair,"3,7",0.9999999999999899,0.0,0.07251462738318502,0.5396653192646583,7.4421580685085065,perturbed,9,0.15
pair,"3,8",0.9999999999999899,0.0,0.06525591603344257,0.566084955368158,8.674844976171185,perturbed,9,0.15
pair,"3,9",0.9999999999999899,0.0,0.07184927005577216,0.5517831803402509,7.679732583392087,perturbed,9,0.15
pair,"3,10",0.99999999999999,0.0,0.0713971609561544,0.5519115827423231,7.730161470723697,perturbed,9,0.15
pair,"3,11",0.9999999999999898,0.0,0.07187361867162824,0.5400174589374491,7.513430781948626,perturbed,9,0.15
pair,"4,5",0.9999999999999898,0.0,0.04813247470409139,0.5505263037551811,11.43773111895252,perturbed,9,0.15
pair,"4,6",0.9999999999999898,0.0,0.0775208738937451,0.5178149147973498,6.679683661810868,perturbed,9,0.15
pair,"4,7",0.9999999999999898,0.0,0.07989750526052748,0.5164235134085176,6.463574947985906,perturbed,9,0.15
pair,"4,8",0.9999999999999898,0.0,0.07253665652519763,0.5396177941341136,7.43924272201135,perturbed,9,0.15
pair,"4,9",0.9999999999999898,0.0,0.07939256163570119,0.525468647598536,6.61861308883934,perturbed,9,0.15
pair,"4,10",0.9999999999999898,0.0,0.08290324935566673,0.5305639630416078,6.399796958083186,perturbed,9,0.15
pair,"4,11",0.9999999999999899,0.0,0.09041937114489662,0.5256002495745529,5.81291644610402,perturbed,9,0.15
pair,"5,6",0.9999999999999897,0.0,0.048986507119870244,0.547685332518534,11.180330354608568,perturbed,9,0.15
pair,"5,7",0.9999999999999897,0.0,0.07754248835791637,0.5177802355793245,6.677374514851559,perturbed,9,0.15
pair,"5,8",0.9999999999999897,0.0,0.07060075875678509,0.5395706671842785,7.6425618744844295,perturbed,9,0.15
pair,"5,9",0.9999999999999898,0.0,0.07784443975679535,0.5226345340472799,6.713832557342762,perturbed,9,0.15
pair,"5,10",0.9999999999999896,0.0,0.0759830182257372,0.5221884178118098,6.872435841656689,perturbed,9,0.15
pair,"5,11",0.9999999999999896,0.0,0.10094474050156668,0.5387967995888385,5.337542074125955,perturbed,9,0.15
pair,"6,7",0.9999999999999897,0.0,0.048352861171156364,0.5500510507129106,11.37577047955601,perturbed,9,0.15
pair,"6,8",0.9999999999999898,0.0,0.0650299930076736,0.5424400068768701,8.341381903775718,perturbed,9,0.15
pair,"6,9",0.9999999999999897,0.0,0.07366192742958996,0.536831455795715,7.2877736780489135,perturbed,9,0.15
pair,"6,10",0.9999999999999898,0.0,0.06745532450480744,0.5202163590273061,7.71201328948067,perturbed,9,0.15
pair,"6,11",0.9999999999999896,0.0,0.09130453892817046,0.5292446401865218,5.796476784170392,perturbed,9,0.15
pair,"7,8",0.99999999999999,0.0,0.03439472295646475,0.6010308235210406,17.474506896938745,perturbed,9,0.15
pair,"7,9",0.9999999999999898,0.0,0.04283141411267947,0.5433755633590989,12.686379252611282,perturbed,9,0.15
pair,"7,10",0.9999999999999897,0.0,0.07013561876500994,0.556139244688647,7.92948368434585,perturbed,9,0.15
pair,"7,11",0.9999999999999897,0.0,0.08598362507756002,0.5220202952028563,6.071159418226169,perturbed,9,0.15
pair,"8,9",0.9999999999999898,0.0,0.015449392715409243,0.6630056514158341,42.9146739699711,perturbed,9,0.15
pair,"8,10",0.9999999999999898,0.0,0.06705970049022508,0.562587761991441,8.38935691449213,perturbed,9,0.15
pair,"8,11",0.9999999999999898,0.0,0.07100081543534682,0.542421697213897,7.6396544728113005,perturbed,9,0.15
pair,"9,10",0.9999999999999898,0.0,0.04249766917002804,0.55137869787594,12.97432797243398,perturbed,9,0.15
pair,"9,11",0.9999999999999898,0.0,0.0686134794009836,0.5310131298456218,7.739195482892382,perturbed,9,0.15
pair,"10,11",0.9999999999999896,0.0,0.04473675047607378,0.5532686030243505,12.367205868478333,perturbed,9,0.15
modular_A,"0,1,2,3",0.9999999999999898,0.0,0.00031424465297628663,0.38295633064915985,1218.6566327289531,perturbed,9,0.15
single,0,0.99999999999999,0.0,0.28179669906546484,0.7182033009345252,2.5486576078298127,perturbed,10,0.15
single,1,0.99999999999999,0.0,0.2706596493493101,0.7293403506506799,2.694677069168157,perturbed,10,0.15
single,2,0.99999999999999,0.0,0.27057062063291726,0.7294293793670727,2.6958927678873477,perturbed,10,0.15
single,3,0.9999999999999899,0.0,0.2494738850608316,0.7505261149391582,3.008435591389256,perturbed,10,0.15
single,4,0.9999999999999899,0.0,0.2834950372422965,0.7165049627576934,2.527398608905148,perturbed,10,0.15
single,5,0.9999999999999897,0.0,0.28595757809633027,0.7140424219036594,2.49702220398272,perturbed,10,0.15
single,6,0.9999999999999898,0.0,0.2859898407026916,0.714010159297298,2.496627703777654,perturbed,10,0.15
single,7,0.9999999999999898,0.0,0.2837706147038593,0.7162293852961306,2.523973054939398,perturbed,10,0.15
single,8,0.99999999999999,0.0,0.24975294951532212,0.7502470504846679,3.0039567177909983,perturbed,10,0.15
single,9,0.9999999999999898,0.0,0.2704383341326376,0.7295616658673522,2.6977006355524122,perturbed,10,0.15
single,10,0.9999999999999898,0.0,0.2720602685110384,0.7279397314889514,2.6756561532225955,perturbed,10,0.15
single,11,0.9999999999999899,0.0,0.2818343508276515,0.7181656491723384,2.5481835236312764,perturbed,10,0.15
pair,"0,1",0.99999999999999,0.0,0.04449691943353954,0.552438466186941,12.415207012522774,perturbed,10,0.15
pair,"0,2",0.9999999999999899,0.0,0.06834016764581119,0.5313548553480119,7.775147086291652,perturbed,10,0.15
pair,"0,3",0.9999999999999899,0.0,0.07089035854764623,0.5431353685626927,7.661625356255535,perturbed,10,0.15
pair,"0,4",0.9999999999999899,0.0,0.08597715745063718,0.5227494587318218,6.080097019164102,perturbed,10,0.15
pair,"0,5",0.9999999999999898,0.0,0.0914488638154272,0.5301014607772012,5.796698161795799,perturbed,10,0.15
pair,"0,6",0.9999999999999898,0.0,0.10054922710998575,0.5398521848159281,5.369033659755643,perturbed,10,0.15
pair,"0,7",0.9999999999999899,0.0,0.08982828154250581,0.5261338381932332,5.8571067948602815,perturbed,10,0.15
pair,"0,8",0.9999999999999898,0.0,0.07170922681952696,0.5403031383202332,7.534639017654345,perturbed,10,0.15
pair,"0,9",0.9999999999999898,0.0,0.07625416043386131,0.5240446346944055,6.872341544549995,perturbed,10,0.15
pair,"0,10",0.9999999999999898,0.0,0.07666213280635822,0.5228133799924359,6.81970825561319,perturbed,10,0.15
pair,"0,11",0.9999999999999898,0.0,0.07941977978576284,0.515789154499635,6.494467195590207,perturbed,10,0.15
pair,"1,2",0.9999999999999899,0.0,0.04244853539870838,0.5508730781196938,12.977434272949159,perturbed,10,0.15
pair,"1,3",0.9999999999999898,0.0,0.06702703997840734,0.5623823535133029,8.390380265852013,perturbed,10,0.15
pair,"1,4",0.9999999999999899,0.0,0.07012318807048969,0.5559620412232325,7.928362308119316,perturbed,10,0.15
pair,"1,5",0.9999999999999898,0.0,0.06751229495285198,0.5200729365029112,7.703381093267684,perturbed,10,0.15
pair,"1,6",0.9999999999999898,0.0,0.07598528689157981,0.5219204393842984,6.868703939079741,perturbed,10,0.15
pair,"1,7",0.9999999999999898,0.0,0.08278106314994774,0.5300547684774508,6.403092063668253,perturbed,10,0.15
pair,"1,8",0.9999999999999898,0.0,0.07144785422690555,0.551349467426708,7.716809320483175,perturbed,10,0.15
pair,"1,9",0.9999999999999896,0.0,0.07389322530393835,0.5328003164379916,7.2104081835171225,perturbed,10,0.15
pair,"1,10",0.9999999999999898,0.0,0.07365275582384269,0.5309658057029938,7.2090419396243535,perturbed,10,0.15
pair,"1,11",0.9999999999999898,0.0,0.07627815804670388,0.5237916115502428,6.866862349108295,perturbed,10,0.15
pair,"2,3",0.99999999999999,0.0,0.015282294137957463,0.6632580258692216,43.40042272984732,perturbed,10,0.15
pair,"2,4",0.9999999999999899,0.0,0.04260260054422687,0.543795402681741,12.76437108850228,perturbed,10,0.15
pair,"2,5",0.9999999999999898,0.0,0.07342972284171909,0.5373183774641821,7.317450708923346,perturbed,10,0.15
pair,"2,6",0.9999999999999898,0.0,0.0776965304777916,0.5228159241687347,6.728948139044302,perturbed,10,0.15
pair,"2,7",0.9999999999999899,0.0,0.07931963712765992,0.5254410118683575,6.624349667947843,perturbed,10,0.15
pair,"2,8",0.9999999999999897,0.0,0.07179506022655555,0.5517738164069983,7.685400843258967,perturbed,10,0.15
pair,"2,9",0.9999999999999897,0.0,0.07677361746315513,0.5358099106905827,6.979089020362058,perturbed,10,0.15
pair,"2,10",0.9999999999999898,0.0,0.07429080408544254,0.5316871965294024,7.156837283897265,perturbed,10,0.15
pair,"2,11",0.9999999999999898,0.0,0.07630168540984106,0.5239219156465853,6.866452724241031,perturbed,10,0.15
pair,"3,4",0.99999999999999,0.0,0.03418498701693407,0.6013993779610657,17.592499820554355,perturbed,10,0.15
pair,"3,5",0.9999999999999898,0.0,0.06488844414135489,0.5428890628981267,8.366498381676115,perturbed,10,0.15
pair,"3,6",0.9999999999999898,0.0,0.07046093300062681,0.5397931441715975,7.660885560042124,perturbed,10,0.15
pair,"3,7",0.9999999999999898,0.0,0.07251540439204777,0.5396559826265437,7.441949571279282,perturbed,10,0.15
pair,"3,8",0.9999999999999898,0.0,0.0652401077161405,0.56612277398508,8.677526659647443,perturbed,10,0.15
pair,"3,9",0.9999999999999898,0.0,0.07174570887850207,0.552080358297969,7.694959976392326,perturbed,10,0.15
pair,"3,10",0.99999999999999,0.0,0.07182438257854792,0.5504661828068488,7.664057288690968,perturbed,10,0.15
pair,"3,11",0.9999999999999898,0.0,0.0717432340953559,0.5404392339110481,7.532964477078569,perturbed,10,0.15
pair,"4,5",0.9999999999999898,0.0,0.048124420453866015,0.5505576948554979,11.440297663081147,perturbed,10,0.15
pair,"4,6",0.9999999999999897,0.0,0.07742250369368843,0.5179833500653116,6.69034615716694,perturbed,10,0.15
pair,"4,7",0.9999999999999898,0.0,0.07989602571807682,0.5164367033011092,6.463859730938572,perturbed,10,0.15
pair,"4,8",0.9999999999999898,0.0,0.07252645942586806,0.5396608945290766,7.440882938463082,perturbed,10,0.15
pair,"4,9",0.9999999999999898,0.0,0.07926005854308886,0.5257361500976759,6.633052760260898,perturbed,10,0.15
pair,"4,10",0.9999999999999898,0.0,0.08334497705908901,0.5291485778621661,6.348895836722303,perturbed,10,0.15
pair,"4,11",0.9999999999999898,0.0,0.0903892916208677,0.5260712709408457,5.820061884624776,perturbed,10,0.15
pair,"5,6",0.9999999999999896,0.0,0.0488748662680857,0.5480506471211123,11.213343155047736,perturbed,10,0.15
pair,"5,7",0.9999999999999897,0.0,0.07752355243509065,0.5178111282769079,6.6794040264146,perturbed,10,0.15
pair,"5,8",0.9999999999999897,0.0,0.0705515411279903,0.5395962310892093,7.64825576397129,perturbed,10,0.15
pair,"5,9",0.9999999999999898,0.0,0.07770057051906214,0.5229279371428923,6.730039865210557,perturbed,10,0.15
pair,"5,10",0.9999999999999898,0.0,0.07655722180233594,0.5209429985404457,6.804622559129366,perturbed,10,0.15
pair,"5,11",0.9999999999999898,0.0,0.10146995370954473,0.5395600525865647,5.317436668307174,perturbed,10,0.15
pair,"6,7",0.9999999999999897,0.0,0.04824618381630233,0.5501542798211205,11.403063129631903,perturbed,10,0.15
pair,"6,8",0.9999999999999897,0.0,0.06502713025114862,0.5426483580694517,8.344953190670235,perturbed,10,0.15
pair,"6,9",0.9999999999999898,0.0,0.0734624050453826,0.5373167155100105,7.314172673465759,perturbed,10,0.15
pair,"6,10",0.9999999999999898,0.0,0.06802028890499225,0.5190928578766882,7.631441533594989,perturbed,10,0.15
pair,"6,11",0.9999999999999898,0.0,0.09151285371439423,0.5299817758897412,5.791337002163439,perturbed,10,0.15
pair,"7,8",0.9999999999999898,0.0,0.034433353425340006,0.6007673462191405,17.447250600257455,perturbed,10,0.15
pair,"7,9",0.9999999999999898,0.0,0.04274086056711325,0.543602357449131,12.71856369376435,perturbed,10,0.15
pair,"7,10",0.9999999999999898,0.0,0.07064577590408672,0.5544418532607076,7.848195396897527,perturbed,10,0.15
pair,"7,11",0.9999999999999898,0.0,0.08594751218843802,0.5225348827451358,6.079697590309417,perturbed,10,0.15
pair,"8,9",0.99999999999999,0.0,0.01533464084519447,0.6632833751730018,43.253923053624035,perturbed,10,0.15
pair,"8,10",0.9999999999999899,0.0,0.06732787454318251,0.5610450265005479,8.333027446762884,perturbed,10,0.15
pair,"8,11",0.9999999999999896,0.0,0.07085193292640608,0.5430128698383523,7.664051599021016,perturbed,10,0.15
pair,"9,10",0.9999999999999896,0.0,0.04283704441013027,0.5503835078483444,12.848307240314359,perturbed,10,0.15
pair,"9,11",0.9999999999999899,0.0,0.06820790323706448,0.5317206314402714,7.795586819202089,perturbed,10,0.15
pair,"10,11",0.9999999999999898,0.0,0.044639515539476,0.5520485212560795,12.366812555747545,perturbed,10,0.15
modular_A,"0,1,2,3",0.99999999999999,0.0,0.00031424600940621426,0.3829563020160236,1218.651281330959,perturbed,10,0.15
single,0,0.9999999999999898,0.0,0.2817966990654648,0.718203300934525,2.548657607829812,perturbed,11,0.15
single,1,0.9999999999999896,0.0,0.27065964934930997,0.7293403506506797,2.694677069168157,perturbed,11,0.15
single,2,0.9999999999999896,0.0,0.2705706206329172,0.7294293793670724,2.6958927678873468,perturbed,11,0.15
single,3,0.9999999999999897,0.0,0.24947388506083149,0.7505261149391582,3.0084355913892575,perturbed,11,0.15
single,4,0.9999999999999896,0.0,0.2834950375594545,0.7165049624405351,2.527398604958896,perturbed,11,0.15
single,5,0.9999999999999896,0.0,0.28595720630758537,0.7140427936924042,2.4970267506542756,perturbed,11,0.15
single,6,0.9999999999999897,0.0,0.2859577328441197,0.71404226715587,2.4970203115476033,perturbed,11,0.15
single,7,0.9999999999999896,0.0,0.28355113352593586,0.7164488664740537,2.526700766683839,perturbed,11,0.15
single,8,0.9999999999999897,0.0,0.25019669854874155,0.7498033014512481,2.996855297453802,perturbed,11,0.15
single,9,0.9999999999999896,0.0,0.2717294035091058,0.7282705964908838,2.6801317306335566,perturbed,11,0.15
single,10,0.9999999999999897,0.0,0.27103026227847665,0.7289697377215131,2.689624883927225,perturbed,11,0.15
single,11,0.9999999999999898,0.0,0.281837739363495,0.7181622606364948,2.54814086381192,perturbed,11,0.15
pair,"0,1",0.9999999999999898,0.0,0.04449691943353953,0.5524384661869406,12.41520701252277,perturbed,11,0.15
pair,"0,2",0.9999999999999898,0.0,0.0683401676458112,0.5313548553480119,7.77514708629165,perturbed,11,0.15
pair,"0,3",0.9999999999999898,0.0,0.07089035854764618,0.5431353685626925,7.661625356255539,perturbed,11,0.15
pair,"0,4",0.9999999999999896,0.0,0.08597717545484199,0.5227494516456349,6.080095663531072,perturbed,11,0.15
pair,"0,5",0.9999999999999895,0.0,0.09144906877567116,0.5301013108380431,5.796683530352905,perturbed,11,0.15
pair,"0,6",0.9999999999999896,0.0,0.10137403944045403,0.5396715947699119,5.323568023417957,perturbed,11,0.15
pair,"0,7",0.9999999999999895,0.0,0.08971802467791559,0.5262982703540732,5.8661375152146364,perturbed,11,0.15
pair,"0,8",0.9999999999999897,0.0,0.07190146327948216,0.539963291391675,7.50976776776891,perturbed,11,0.15
pair,"0,9",0.9999999999999895,0.0,0.0765886594335633,0.523128280496379,6.830362149766647,perturbed,11,0.15
pair,"0,10",0.9999999999999896,0.0,0.0763724085308586,0.5235528978600101,6.855262364135948,perturbed,11,0.15
pair,"0,11",0.9999999999999897,0.0,0.07942073497395548,0.5157867205987537,6.494358441380531,perturbed,11,0.15
pair,"1,2",0.9999999999999898,0.0,0.04244853539870836,0.5508730781196935,12.97743427294916,perturbed,11,0.15
pair,"1,3",0.9999999999999898,0.0,0.06702703997840737,0.5623823535133026,8.390380265852006,perturbed,11,0.15
pair,"1,4",0.9999999999999893,0.0,0.0701231887535435,0.5559620398385985,7.928362211145231,perturbed,11,0.15
pair,"1,5",0.9999999999999895,0.0,0.06751458948157138,0.5200718126157179,7.7031026420989415,perturbed,11,0.15
pair,"1,6",0.9999999999999897,0.0,0.07611861205497361,0.5218797379897,6.856138385875892,perturbed,11,0.15
pair,"1,7",0.9999999999999896,0.0,0.08271734897746018,0.530200367294116,6.409784329990936,perturbed,11,0.15
pair,"1,8",0.9999999999999897,0.0,0.07164025455981514,0.551006517116083,7.69129758822991,perturbed,11,0.15
pair,"1,9",0.9999999999999896,0.0,0.07414331151790975,0.531894666597343,7.173872541002714,perturbed,11,0.15
pair,"1,10",0.9999999999999898,0.0,0.07337885329836619,0.5317150570813737,7.246161982381545,perturbed,11,0.15
pair,"1,11",0.9999999999999898,0.0,0.07627908399704957,0.523789135326589,6.8667465297151296,perturbed,11,0.15
pair,"2,3",0.9999999999999898,0.0,0.015282294137957435,0.6632580258692212,43.40042272984738,perturbed,11,0.15
pair,"2,4",0.9999999999999896,0.0,0.04260260210037114,0.5437954007730685,12.76437057745661,perturbed,11,0.15
pair,"2,5",0.9999999999999896,0.0,0.07343122819588091,0.5373178237151276,7.317293158733633,perturbed,11,0.15
pair,"2,6",0.9999999999999896,0.0,0.0777196496228218,0.5228244285515065,6.727055913000191,perturbed,11,0.15
pair,"2,7",0.9999999999999893,0.0,0.07925253743429599,0.5255852383668949,6.631778052565563,perturbed,11,0.15
pair,"2,8",0.9999999999999896,0.0,0.07193620039543432,0.5514454407632613,7.665757125507851,perturbed,11,0.15
pair,"2,9",0.9999999999999896,0.0,0.07699804638172722,0.534904330571445,6.94698574454203,perturbed,11,0.15
pair,"2,10",0.9999999999999897,0.0,0.07402902848616186,0.5324331247083293,7.192220884107053,perturbed,11,0.15
pair,"2,11",0.9999999999999897,0.0,0.07630274360935545,0.5239194978109538,6.86632580989809,perturbed,11,0.15
pair,"3,4",0.9999999999999897,0.0,0.03418498842172863,0.6013993767314705,17.592499061641032,perturbed,11,0.15
pair,"3,5",0.9999999999999898,0.0,0.06488882152584491,0.5428890932027517,8.366450190292353,perturbed,11,0.15
pair,"3,6",0.9999999999999897,0.0,0.07046123235932002,0.5398106345156601,7.6611012388042425,perturbed,11,0.15
pair,"3,7",0.9999999999999896,0.0,0.07245255659381365,0.5398116887676955,7.4505540473058645,perturbed,11,0.15
pair,"3,8",0.9999999999999898,0.0,0.06535274970490011,0.5657856564555189,8.65741164695166,perturbed,11,0.15
pair,"3,9",0.9999999999999896,0.0,0.07199298377692726,0.5511061469026277,7.654998001058674,perturbed,11,0.15
pair,"3,10",0.9999999999999896,0.0,0.071593557144974,0.5512353595318819,7.699510703395461,perturbed,11,0.15
pair,"3,11",0.9999999999999896,0.0,0.07174641112558518,0.5404388544670354,7.532625618319073,perturbed,11,0.15
pair,"4,5",0.9999999999999896,0.0,0.048124615734849586,0.5505578343654757,11.440254139354874,perturbed,11,0.15
pair,"4,6",0.9999999999999896,0.0,0.07741856626199974,0.5180020411647785,6.690927850714223,perturbed,11,0.15
pair,"4,7",0.9999999999999896,0.0,0.07981946597576935,0.5165868031861793,6.471940107228964,perturbed,11,0.15
pair,"4,8",0.9999999999999897,0.0,0.07265478889713775,0.5393389980783573,7.42330968495326,perturbed,11,0.15
pair,"4,9",0.9999999999999896,0.0,0.07956385103954676,0.5247924567048814,6.595865457091014,perturbed,11,0.15
pair,"4,10",0.9999999999999896,0.0,0.08309860302083602,0.5298683700469304,6.376381199983254,perturbed,11,0.15
pair,"4,11",0.9999999999999896,0.0,0.09040860732083476,0.526083027965375,5.818948477974603,perturbed,11,0.15
pair,"5,6",0.9999999999999896,0.0,0.04886669204536714,0.5480817037144927,11.21585441481616,perturbed,11,0.15
pair,"5,7",0.9999999999999896,0.0,0.07743013101441165,0.5179661902499209,6.689465502176596,perturbed,11,0.15
pair,"5,8",0.9999999999999898,0.0,0.07068021918269052,0.5392960259087847,7.630084232122154,perturbed,11,0.15
pair,"5,9",0.9999999999999896,0.0,0.07802990107368207,0.5220000490285852,6.689743826993591,perturbed,11,0.15
pair,"5,10",0.9999999999999896,0.0,0.07626134848971841,0.5216000830321947,6.839638865060419,perturbed,11,0.15
pair,"5,11",0.9999999999999896,0.0,0.10148829527252412,0.5395653146436197,5.316527518712751,perturbed,11,0.15
pair,"6,7",0.9999999999999898,0.0,0.04813994736057502,0.5505034240513877,11.435480390704194,perturbed,11,0.15
pair,"6,8",0.9999999999999897,0.0,0.06514095384858475,0.5423679293550765,8.326066741604214,perturbed,11,0.15
pair,"6,9",0.9999999999999898,0.0,0.0738263383887771,0.5363470076491833,7.264981839201137,perturbed,11,0.15
pair,"6,10",0.9999999999999898,0.0,0.0677129874427613,0.5197156952265211,7.675273457190819,perturbed,11,0.15
pair,"6,11",0.9999999999999897,0.0,0.09152616254741743,0.5300056161611548,5.790755357918258,perturbed,11,0.15
pair,"7,8",0.9999999999999896,0.0,0.03447803243241331,0.6004211134949331,17.414599126905753,perturbed,11,0.15
pair,"7,9",0.9999999999999897,0.0,0.04332357366254614,0.542669196416829,12.525956437568178,perturbed,11,0.15
pair,"7,10",0.9999999999999898,0.0,0.07059887844997875,0.5552320535917796,7.864601616655664,perturbed,11,0.15
pair,"7,11",0.9999999999999898,0.0,0.0860219919497634,0.5226660607467958,6.075958588032131,perturbed,11,0.15
pair,"8,9",0.9999999999999898,0.0,0.01622612945671771,0.6604708932972427,40.7041552983422,perturbed,11,0.15
pair,"8,10",0.9999999999999898,0.0,0.06737651674541373,0.5614655242203954,8.333252464533409,perturbed,11,0.15
pair,"8,11",0.9999999999999898,0.0,0.07109126143493412,0.5426504487771392,7.633152624163196,perturbed,11,0.15
pair,"9,10",0.9999999999999898,0.0,0.04297379970372795,0.5496684854260754,12.790781574252835,perturbed,11,0.15
pair,"9,11",0.9999999999999898,0.0,0.06869385722077194,0.530471840398023,7.722260211610546,perturbed,11,0.15
pair,"10,11",0.9999999999999896,0.0,0.04457608694862386,0.5522772873782911,12.389541684419672,perturbed,11,0.15
modular_A,"0,1,2,3",0.9999999999999898,0.0,0.0003142460094062297,0.38295630201602354,1218.6512813308989,perturbed,11,0.15
single,0,0.9999999999999893,0.0,0.2819618428298232,0.7180381571701662,2.5465791752664027,perturbed,0,0.3
single,1,0.9999999999999893,0.0,0.27213519629984056,0.7278648037001487,2.6746441239382426,perturbed,0,0.3
single,2,0.9999999999999893,0.0,0.27517975107789466,0.7248202489220947,2.6339883152119032,perturbed,0,0.3
single,3,0.9999999999999895,0.0,0.2523499103193023,0.7476500896806871,2.9627515568944474,perturbed,0,0.3
single,4,0.9999999999999896,0.0,0.2837185233983158,0.7162814766016737,2.5246200636539955,perturbed,0,0.3
single,5,0.9999999999999896,0.0,0.28595930803506153,0.714040691964928,2.497001048405738,perturbed,0,0.3
single,6,0.9999999999999895,0.0,0.28595720539986313,0.7140427946001263,2.4970267617549884,perturbed,0,0.3
single,7,0.9999999999999896,0.0,0.28349503755945454,0.7165049624405351,2.5273986049588952,perturbed,0,0.3
single,8,0.9999999999999896,0.0,0.24947388506083149,0.7505261149391581,3.008435591389257,perturbed,0,0.3
single,9,0.9999999999999896,0.0,0.2705706206329172,0.7294293793670724,2.6958927678873468,perturbed,0,0.3
single,10,0.9999999999999896,0.0,0.27065964934930986,0.7293403506506797,2.6946770691681583,perturbed,0,0.3
single,11,0.9999999999999896,0.0,0.2817966990654646,0.7182033009345249,2.5486576078298135,perturbed,0,0.3
pair,"0,1",0.9999999999999895,0.0,0.0448164091948844,0.5517884782640243,12.312197433412594,perturbed,0,0.3
pair,"0,2",0.9999999999999896,0.0,0.06974880753773957,0.5278417140408902,7.567752520432503,perturbed,0,0.3
pair,"0,3",0.9999999999999896,0.0,0.07169082119749705,0.541201060927203,7.5490983627636,perturbed,0,0.3
pair,"0,4",0.9999999999999895,0.0,0.08615401059303635,0.5224156242108242,6.063741207342587,perturbed,0,0.3
pair,"0,5",0.9999999999999895,0.0,0.09175185120808527,0.529724062470614,5.773442775222547,perturbed,0,0.3
pair,"0,6",0.9999999999999895,0.0,0.10168287520954944,0.5392838884340133,5.303586147841019,perturbed,0,0.3
pair,"0,7",0.9999999999999896,0.0,0.09046817464629821,0.5259586302518362,5.813742040316025,perturbed,0,0.3
pair,"0,8",0.9999999999999896,0.0,0.07177665462064504,0.5403451315786487,7.528145947097816,perturbed,0,0.3
pair,"0,9",0.9999999999999895,0.0,0.07633711414807742,0.5238281075058674,6.8620370753046105,perturbed,0,0.3
pair,"0,10",0.9999999999999895,0.0,0.07631292082866166,0.5236983721043464,6.8625124869765886,perturbed,0,0.3
pair,"0,11",0.9999999999999895,0.0,0.07945572103574422,0.5156975749165987,6.490376881541422,perturbed,0,0.3
pair,"1,2",0.9999999999999895,0.0,0.04453876576282246,0.5460812137967423,12.26080706198125,perturbed,0,0.3
pair,"1,3",0.9999999999999896,0.0,0.0684113343806267,0.5587407620212028,8.16737119776795,perturbed,0,0.3
pair,"1,4",0.9999999999999895,0.0,0.07199536769823564,0.5530767050151782,7.682115151260382,perturbed,0,0.3
pair,"1,5",0.9999999999999893,0.0,0.06829847377992193,0.5186593265651815,7.59401049335973,perturbed,0,0.3
pair,"1,6",0.9999999999999893,0.0,0.07666124001925363,0.5207762017929937,6.79321390656086,perturbed,0,0.3
pair,"1,7",0.9999999999999893,0.0,0.0834578862751376,0.5290513189822253,6.3391411236811015,perturbed,0,0.3
pair,"1,8",0.9999999999999893,0.0,0.07187255914547486,0.550401890515426,7.658025497622477,perturbed,0,0.3
pair,"1,9",0.9999999999999893,0.0,0.07432777034478612,0.5316267207121231,7.15246425724938,perturbed,0,0.3
pair,"1,10",0.9999999999999893,0.0,0.0736787303343831,0.5309083302093762,7.205720399902456,perturbed,0,0.3
pair,"1,11",0.9999999999999893,0.0,0.07668400868451962,0.522759096531535,6.817054891876897,perturbed,0,0.3
pair,"2,3",0.9999999999999895,0.0,0.0190307978528729,0.6521831640566362,34.26988028030482,perturbed,0,0.3
pair,"2,4",0.9999999999999896,0.0,0.045466228280073365,0.5393210758133257,11.862014867190902,perturbed,0,0.3
pair,"2,5",0.9999999999999895,0.0,0.07500606343110795,0.5334589117439782,7.112210497941316,perturbed,0,0.3
pair,"2,6",0.9999999999999893,0.0,0.07895260175539864,0.5195463799390684,6.580484599464675,perturbed,0,0.3
pair,"2,7",0.9999999999999893,0.0,0.08043160338235097,0.5223585599903773,6.494444198845822,perturbed,0,0.3
pair,"2,8",0.9999999999999892,0.0,0.07269336611539383,0.5485678081635501,7.546325579321099,perturbed,0,0.3
pair,"2,9",0.9999999999999893,0.0,0.07758949372937611,0.5325060796560932,6.863120946676333,perturbed,0,0.3
pair,"2,10",0.9999999999999893,0.0,0.07479461124726683,0.5294841528860579,7.079175144524954,perturbed,0,0.3
pair,"2,11",0.9999999999999892,0.0,0.07747739497499384,0.5206818182321121,6.7204352753492085,perturbed,0,0.3
pair,"3,4",0.9999999999999893,0.0,0.035349875694156076,0.5975090877363113,16.90272104224371,perturbed,0,0.3
pair,"3,5",0.9999999999999896,0.0,0.065891690948748,0.5408152278446817,8.2076392342904,perturbed,0,0.3
pair,"3,6",0.9999999999999897,0.0,0.07133113447515987,0.5377624271541904,7.538958003555363,perturbed,0,0.3
pair,"3,7",0.9999999999999896,0.0,0.07327590739444871,0.5378191242313208,7.339644684796702,perturbed,0,0.3
pair,"3,8",0.9999999999999893,0.0,0.06589585374066423,0.5642078051714425,8.562113898575545,perturbed,0,0.3
pair,"3,9",0.9999999999999896,0.0,0.07246296483795042,0.5499169152814718,7.588937556050266,perturbed,0,0.3
pair,"3,10",0.9999999999999896,0.0,0.07206437178127076,0.549490920515796,7.625001188987072,perturbed,0,0.3
pair,"3,11",0.9999999999999896,0.0,0.07239728059448762,0.5384535743964435,7.437483424445665,perturbed,0,0.3
pair,"4,5",0.9999999999999896,0.0,0.048185829445463825,0.5503409682526693,11.421220192453863,perturbed,0,0.3
pair,"4,6",0.9999999999999896,0.0,0.07746413140947096,0.5178584446790927,6.685138466753376,perturbed,0,0.3
pair,"4,7",0.9999999999999896,0.0,0.07984565075272547,0.5164836798289918,6.468526149639554,perturbed,0,0.3
pair,"4,8",0.9999999999999896,0.0,0.07247179884020448,0.5396997212552507,7.447030843614809,perturbed,0,0.3
pair,"4,9",0.9999999999999895,0.0,0.07919088178367722,0.5255112056170841,6.636006491916626,perturbed,0,0.3
pair,"4,10",0.9999999999999895,0.0,0.08196842828114147,0.5303652914434304,6.470360632319845,perturbed,0,0.3
pair,"4,11",0.9999999999999895,0.0,0.08781919466658494,0.526799398504737,5.99868172903188,perturbed,0,0.3
pair,"5,6",0.9999999999999896,0.0,0.04886626888534047,0.5480808732454557,11.215934544367803,perturbed,0,0.3
pair,"5,7",0.9999999999999895,0.0,0.07741766570878528,0.5180015610131425,6.690999480165937,perturbed,0,0.3
pair,"5,8",0.9999999999999893,0.0,0.07045994339778852,0.5398103585288014,7.6612374705050375,perturbed,0,0.3
pair,"5,9",0.9999999999999895,0.0,0.07771428341382221,0.5228256773492104,6.7275364885655105,perturbed,0,0.3
pair,"5,10",0.9999999999999896,0.0,0.07609531732284919,0.5218885886660793,6.858353536418877,perturbed,0,0.3
pair,"5,11",0.9999999999999895,0.0,0.10123547672048833,0.5397029473824824,5.331164181432216,perturbed,0,0.3
pair,"6,7",0.9999999999999895,0.0,0.0481246096131786,0.5505578379989037,11.440255670108067,perturbed,0,0.3
pair,"6,8",0.9999999999999896,0.0,0.06488881378993004,0.5428890971892091,8.366451249159049,perturbed,0,0.3
pair,"6,9",0.9999999999999895,0.0,0.07343120385066969,0.5373178352899728,7.317295742320483,perturbed,0,0.3
pair,"6,10",0.9999999999999895,0.0,0.06751455467173027,0.5200718314750176,7.703106893079786,perturbed,0,0.3
pair,"6,11",0.9999999999999895,0.0,0.09144906579669915,0.5301013146501061,5.796683760866151,perturbed,0,0.3
pair,"7,8",0.9999999999999896,0.0,0.03418498842172863,0.6013993767314703,17.592499061641025,perturbed,0,0.3
pair,"7,9",0.9999999999999893,0.0,0.04260260210037097,0.5437954007730685,12.76437057745666,perturbed,0,0.3
pair,"7,10",0.9999999999999896,0.0,0.07012318875354358,0.5559620398385987,7.928362211145225,perturbed,0,0.3
pair,"7,11",0.9999999999999896,0.0,0.08597717545484196,0.5227494516456348,6.080095663531073,perturbed,0,0.3
pair,"8,9",0.9999999999999897,0.0,0.015282294137957477,0.6632580258692213,43.400422729847264,perturbed,0,0.3
pair,"8,10",0.9999999999999895,0.0,0.06702703997840721,0.5623823535133027,8.390380265852025,perturbed,0,0.3
pair,"8,11",0.9999999999999893,0.0,0.07089035854764618,0.5431353685626925,7.661625356255539,perturbed,0,0.3
pair,"9,10",0.9999999999999896,0.0,0.042448535398708305,0.5508730781196935,12.977434272949179,perturbed,0,0.3
pair,"9,11",0.9999999999999895,0.0,0.06834016764581119,0.5313548553480116,7.775147086291648,perturbed,0,0.3
pair,"10,11",0.9999999999999895,0.0,0.04449691943353943,0.5524384661869407,12.415207012522798,perturbed,0,0.3
modular_A,"0,1,2,3",0.9999999999999896,0.0,0.00012955939326397524,0.38130560185315693,2943.094994866584,perturbed,0,0.3
single,0,0.9999999999999898,0.0,0.28196640860569383,0.7180335913942959,2.5465217468454022,perturbed,1,0.3
single,1,0.9999999999999898,0.0,0.2762294441064803,0.7237705558935095,2.6201788814899545,perturbed,1,0.3
single,2,0.9999999999999898,0.0,0.2700512955146544,0.7299487044853354,2.703000195182269,perturbed,1,0.3
single,3,0.9999999999999898,0.0,0.2505860464132691,0.7494139535867206,2.9906451868065287,perturbed,1,0.3
single,4,0.9999999999999896,0.0,0.28459345444401274,0.7154065455559768,2.5137842574545815,perturbed,1,0.3
single,5,0.9999999999999896,0.0,0.2860874034811771,0.7139125965188124,2.4954352684940346,perturbed,1,0.3
single,6,0.9999999999999897,0.0,0.28595869263235263,0.714041307367637,2.4970085741917125,perturbed,1,0.3
single,7,0.9999999999999896,0.0,0.28349503631915307,0.7165049636808365,2.527398620391397,perturbed,1,0.3
single,8,0.9999999999999896,0.0,0.2494738850608316,0.750526114939158,3.0084355913892553,perturbed,1,0.3
single,9,0.9999999999999898,0.0,0.2705706206329173,0.7294293793670725,2.695892767887346,perturbed,1,0.3
single,10,0.9999999999999898,0.0,0.27065964934930997,0.7293403506506798,2.6946770691681574,perturbed,1,0.3
single,11,0.9999999999999897,0.0,0.2817966990654648,0.718203300934525,2.548657607829812,perturbed,1,0.3
pair,"0,1",0.9999999999999898,0.0,0.045082172867086795,0.5508651363063475,12.219134555258279,perturbed,1,0.3
pair,"0,2",0.9999999999999898,0.0,0.06782936466615187,0.5327658122952628,7.854500995512389,perturbed,1,0.3
pair,"0,3",0.9999999999999896,0.0,0.07075253919571586,0.5426258923576671,7.6693486696873725,perturbed,1,0.3
pair,"0,4",0.9999999999999898,0.0,0.08587204546027334,0.5218828905193367,6.077447995119359,perturbed,1,0.3
pair,"0,5",0.9999999999999896,0.0,0.09170346800909303,0.5296139847587354,5.775288506059777,perturbed,1,0.3
pair,"0,6",0.9999999999999896,0.0,0.10161720301323744,0.5392502883412333,5.306683045300769,perturbed,1,0.3
pair,"0,7",0.9999999999999896,0.0,0.0903978921667376,0.5258996804883005,5.817609989382121,perturbed,1,0.3
pair,"0,8",0.9999999999999896,0.0,0.07176871587893051,0.5403331870321291,7.528812246601131,perturbed,1,0.3
pair,"0,9",0.9999999999999898,0.0,0.07633781788088388,0.5238245527676557,6.861927250593171,perturbed,1,0.3
pair,"0,10",0.9999999999999896,0.0,0.07631412440539627,0.5236950595106044,6.8623608485452685,perturbed,1,0.3
pair,"0,11",0.9999999999999895,0.0,0.07945700651435844,0.5156942966638328,6.490230620135975,perturbed,1,0.3
pair,"1,2",0.9999999999999897,0.0,0.044013013761773655,0.548902365281262,12.471365134236654,perturbed,1,0.3
pair,"1,3",0.9999999999999897,0.0,0.06822650279075336,0.5570667680206426,8.164961492004556,perturbed,1,0.3
pair,"1,4",0.9999999999999896,0.0,0.07220451093700121,0.5499189827992875,7.616130566677399,perturbed,1,0.3
pair,"1,5",0.9999999999999896,0.0,0.06952988187450465,0.5161774942387205,7.423822395820774,perturbed,1,0.3
pair,"1,6",0.9999999999999898,0.0,0.07784399164868801,0.5181632685887008,6.656432405562979,perturbed,1,0.3
pair,"1,7",0.9999999999999896,0.0,0.08444490787620226,0.526189052323953,6.23115194933193,perturbed,1,0.3
pair,"1,8",0.9999999999999896,0.0,0.07279325579394137,0.5473438221277508,7.519155671194838,perturbed,1,0.3
pair,"1,9",0.9999999999999898,0.0,0.07537059440076394,0.5286613012937817,7.014158578646202,perturbed,1,0.3
pair,"1,10",0.9999999999999897,0.0,0.0747681415421954,0.5279299584165478,7.06089448697358,perturbed,1,0.3
pair,"1,11",0.9999999999999896,0.0,0.07783572459955229,0.5198195177864076,6.6784181744406546,perturbed,1,0.3
pair,"2,3",0.9999999999999898,0.0,0.015490246550434,0.6633520026296978,42.82385050941053,perturbed,1,0.3
pair,"2,4",0.9999999999999898,0.0,0.04315316659736942,0.543019867532986,12.583546245852746,perturbed,1,0.3
pair,"2,5",0.9999999999999896,0.0,0.07355648221000585,0.537309270085867,7.3047167828368105,perturbed,1,0.3
pair,"2,6",0.9999999999999897,0.0,0.0776393605451808,0.5232313517996494,6.739253751261444,perturbed,1,0.3
pair,"2,7",0.9999999999999896,0.0,0.07921840209291219,0.5261054915570325,6.641203024266808,perturbed,1,0.3
pair,"2,8",0.9999999999999896,0.0,0.07170303444876898,0.5524368523676374,7.704511484271246,perturbed,1,0.3
pair,"2,9",0.9999999999999898,0.0,0.07668241760855622,0.536104845087735,6.9912355635996075,perturbed,1,0.3
pair,"2,10",0.9999999999999895,0.0,0.07378906372974615,0.5330832569664595,7.224420937483189,perturbed,1,0.3
pair,"2,11",0.9999999999999893,0.0,0.0761453039192363,0.5243222980896269,6.885812664767228,perturbed,1,0.3
pair,"3,4",0.9999999999999897,0.0,0.035173927216943,0.5988823938106226,17.026315830952925,perturbed,1,0.3
pair,"3,5",0.9999999999999896,0.0,0.06544148980451667,0.5419289626510829,8.281122026254357,perturbed,1,0.3
pair,"3,6",0.9999999999999898,0.0,0.07082055476264904,0.5389558361108253,7.610161173081804,perturbed,1,0.3
pair,"3,7",0.9999999999999896,0.0,0.0727661532703327,0.5390982205365135,7.408639818209379,perturbed,1,0.3
pair,"3,8",0.9999999999999895,0.0,0.06544815284959847,0.5655473247999814,8.641150287306406,perturbed,1,0.3
pair,"3,9",0.9999999999999898,0.0,0.07190349170963875,0.5512216140008269,7.666131378247588,perturbed,1,0.3
pair,"3,10",0.9999999999999897,0.0,0.0713063261522786,0.5508526032141083,7.7251575412500175,perturbed,1,0.3
pair,"3,11",0.9999999999999896,0.0,0.07163923098593246,0.5398028965560697,7.535018021928082,perturbed,1,0.3
pair,"4,5",0.9999999999999896,0.0,0.04860828198870762,0.5489514362991958,11.293372525009728,perturbed,1,0.3
pair,"4,6",0.9999999999999897,0.0,0.07783554628938552,0.5172399443890943,6.645292145391297,perturbed,1,0.3
pair,"4,7",0.9999999999999896,0.0,0.08015012807425206,0.5158846990094177,6.4364800332133685,perturbed,1,0.3
pair,"4,8",0.9999999999999895,0.0,0.07272190027052755,0.5390785004153253,7.412876979423501,perturbed,1,0.3
pair,"4,9",0.9999999999999898,0.0,0.07945830200469743,0.5249353905763434,6.606425978563073,perturbed,1,0.3
pair,"4,10",0.9999999999999896,0.0,0.08222504048291485,0.5297842348687538,6.443100930778321,perturbed,1,0.3
pair,"4,11",0.9999999999999896,0.0,0.08825559040478483,0.5261452605567472,5.9616083031519995,perturbed,1,0.3
pair,"5,6",0.9999999999999898,0.0,0.048899022589861355,0.5479568644976494,11.205885833212173,perturbed,1,0.3
pair,"5,7",0.9999999999999896,0.0,0.07743383291620357,0.5179266457057494,6.688635008759455,perturbed,1,0.3
pair,"5,8",0.9999999999999896,0.0,0.07045942439046335,0.5397400690275219,7.660296315173637,perturbed,1,0.3
pair,"5,9",0.9999999999999897,0.0,0.0776247037820586,0.522790589807761,6.734848113244506,perturbed,1,0.3
pair,"5,10",0.9999999999999896,0.0,0.0755767063627059,0.5220458188593119,6.907496290641752,perturbed,1,0.3
pair,"5,11",0.9999999999999896,0.0,0.09811418793671095,0.5404060769854669,5.507929977813796,perturbed,1,0.3
pair,"6,7",0.9999999999999898,0.0,0.04812385503161558,0.5505572636669078,11.440423118746663,perturbed,1,0.3
pair,"6,8",0.9999999999999897,0.0,0.0648873459300396,0.5428889540622954,8.366638306452368,perturbed,1,0.3
pair,"6,9",0.9999999999999897,0.0,0.07342532522114736,0.5373199774735036,7.3179107597435475,perturbed,1,0.3
pair,"6,10",0.9999999999999895,0.0,0.06750559068048487,0.5200762026065834,7.704194532097202,perturbed,1,0.3
pair,"6,11",0.9999999999999895,0.0,0.09144827355351025,0.5301018772016122,5.796740130817529,perturbed,1,0.3
pair,"7,8",0.9999999999999893,0.0,0.03418498292803642,0.6013993815400128,17.592502029503194,perturbed,1,0.3
pair,"7,9",0.9999999999999898,0.0,0.04260259601480001,0.5437954082372627,12.764372575989263,perturbed,1,0.3
pair,"7,10",0.9999999999999898,0.0,0.07012318608234294,0.5559620452534483,7.928362590379216,perturbed,1,0.3
pair,"7,11",0.9999999999999896,0.0,0.08597710504631953,0.5227494793573931,6.080100964969287,perturbed,1,0.3
pair,"8,9",0.9999999999999898,0.0,0.015282294137957533,0.6632580258692214,43.400422729847115,perturbed,1,0.3
pair,"8,10",0.9999999999999897,0.0,0.06702703997840723,0.5623823535133026,8.390380265852022,perturbed,1,0.3
pair,"8,11",0.9999999999999896,0.0,0.07089035854764615,0.5431353685626925,7.661625356255541,perturbed,1,0.3
pair,"9,10",0.9999999999999898,0.0,0.04244853539870838,0.5508730781196938,12.977434272949159,perturbed,1,0.3
pair,"9,11",0.9999999999999897,0.0,0.06834016764581123,0.5313548553480117,7.775147086291645,perturbed,1,0.3
pair,"10,11",0.9999999999999896,0.0,0.0444969194335395,0.5524384661869406,12.415207012522776,perturbed,1,0.3
modular_A,"0,1,2,3",0.9999999999999898,0.0,0.00017271135432002122,0.3857986406866074,2233.77694075487,perturbed,1,0.3
single,0,0.9999999999999898,0.0,0.2841868318432278,0.7158131681567619,2.5188118798961154,perturbed,2,0.3
single,1,0.9999999999999897,0.0,0.2687073224805593,0.7312926775194304,2.7215212103955175,perturbed,2,0.3
single,2,0.9999999999999897,0.0,0.27166032759356606,0.7283396724064236,2.6810674891627917,perturbed,2,0.3
single,3,0.9999999999999898,0.0,0.25075106184614127,0.7492489381538485,2.9880190043365853,perturbed,2,0.3
single,4,0.9999999999999896,0.0,0.2845386059636726,0.715461394036317,2.514461584617663,perturbed,2,0.3
single,5,0.9999999999999896,0.0,0.28703280575403045,0.7129671942459592,2.4839223250910507,perturbed,2,0.3
single,6,0.9999999999999897,0.0,0.28608740243568365,0.713912597564306,2.495435281267945,perturbed,2,0.3
single,7,0.9999999999999896,0.0,0.28349651945402576,0.7165034805459639,2.527380166521439,perturbed,2,0.3
single,8,0.9999999999999898,0.0,0.24947388300798276,0.750526116992007,3.0084356243735195,perturbed,2,0.3
single,9,0.9999999999999897,0.0,0.2705706206329172,0.7294293793670725,2.695892767887347,perturbed,2,0.3
single,10,0.9999999999999898,0.0,0.2706596493493099,0.7293403506506798,2.6946770691681583,perturbed,2,0.3
single,11,0.9999999999999896,0.0,0.2817966990654647,0.7182033009345249,2.548657607829813,perturbed,2,0.3
pair,"0,1",0.9999999999999898,0.0,0.0455124640791056,0.555526006579719,12.20601911630525,perturbed,2,0.3
pair,"0,2",0.9999999999999896,0.0,0.06944297614956622,0.5299653630641211,7.631662587771039,perturbed,2,0.3
pair,"0,3",0.9999999999999896,0.0,0.07135007127186381,0.5402870991438544,7.572341407834182,perturbed,2,0.3
pair,"0,4",0.9999999999999896,0.0,0.08602934238235771,0.5198435502876414,6.042630757040952,perturbed,2,0.3
pair,"0,5",0.9999999999999896,0.0,0.09093152996539335,0.5266880079598577,5.792138416238067,perturbed,2,0.3
pair,"0,6",0.9999999999999897,0.0,0.09963941614264792,0.536222105954975,5.381626335378132,perturbed,2,0.3
pair,"0,7",0.9999999999999896,0.0,0.09052674113013562,0.5240323405747952,5.788702145164807,perturbed,2,0.3
pair,"0,8",0.9999999999999896,0.0,0.07228602461185271,0.5386620937476954,7.451815155697068,perturbed,2,0.3
pair,"0,9",0.9999999999999896,0.0,0.07693186038950645,0.5222079403164607,6.787928144107251,perturbed,2,0.3
pair,"0,10",0.9999999999999897,0.0,0.0769144626182032,0.5220759761426734,6.787747822333673,perturbed,2,0.3
pair,"0,11",0.9999999999999896,0.0,0.08008269470271108,0.5140995936569863,6.419609074912688,perturbed,2,0.3
pair,"1,2",0.9999999999999895,0.0,0.04265933107129613,0.5528077343386097,12.958659230139064,perturbed,2,0.3
pair,"1,3",0.9999999999999896,0.0,0.06716789857703442,0.5631650889713316,8.38443811555964,perturbed,2,0.3
pair,"1,4",0.9999999999999898,0.0,0.07018034636775852,0.5566369296271165,7.931521550353027,perturbed,2,0.3
pair,"1,5",0.9999999999999896,0.0,0.06729183777667319,0.5206164032561126,7.736694678839415,perturbed,2,0.3
pair,"1,6",0.9999999999999898,0.0,0.07556944250459857,0.5230910433147706,6.921991561376668,perturbed,2,0.3
pair,"1,7",0.9999999999999897,0.0,0.08268674035542878,0.5317857967276769,6.431331002308191,perturbed,2,0.3
pair,"1,8",0.9999999999999897,0.0,0.07109860630683354,0.5530627610181393,7.778812971823085,perturbed,2,0.3
pair,"1,9",0.9999999999999897,0.0,0.07340517694468025,0.5341331603197315,7.276505316815269,perturbed,2,0.3
pair,"1,10",0.9999999999999897,0.0,0.07275049124879406,0.5334089715720115,7.332032573468753,perturbed,2,0.3
pair,"1,11",0.9999999999999896,0.0,0.0757179301033191,0.525221119759375,6.9365488338455235,perturbed,2,0.3
pair,"2,3",0.9999999999999896,0.0,0.01594670540502892,0.6622475309966281,41.52879947150608,perturbed,2,0.3
pair,"2,4",0.9999999999999897,0.0,0.04351279988700399,0.5421164884058254,12.45878200928504,perturbed,2,0.3
pair,"2,5",0.9999999999999896,0.0,0.07434947530013272,0.5353778170909038,7.200828451440976,perturbed,2,0.3
pair,"2,6",0.9999999999999898,0.0,0.07821299505993566,0.5220634789552208,6.674894351701486,perturbed,2,0.3
pair,"2,7",0.9999999999999897,0.0,0.07974590941285575,0.5250402873167959,6.583914976736784,perturbed,2,0.3
pair,"2,8",0.9999999999999896,0.0,0.07211564654080664,0.5512539572425257,7.6440271104079835,perturbed,2,0.3
pair,"2,9",0.9999999999999896,0.0,0.07708023083625858,0.5349417678474002,6.940064424349951,perturbed,2,0.3
pair,"2,10",0.9999999999999896,0.0,0.07418921186438941,0.5319219480525592,7.169801844301301,perturbed,2,0.3
pair,"2,11",0.9999999999999896,0.0,0.07658750553291677,0.523171049060662,6.831023486406759,perturbed,2,0.3
pair,"3,4",0.9999999999999896,0.0,0.035020053202202917,0.5999287819168224,17.131007153326777,perturbed,2,0.3
pair,"3,5",0.9999999999999896,0.0,0.0654507160758248,0.5410992421652334,8.267277649619123,perturbed,2,0.3
pair,"3,6",0.9999999999999897,0.0,0.07101516906797045,0.5388545395092068,7.587879414797355,perturbed,2,0.3
pair,"3,7",0.9999999999999895,0.0,0.0728059334580967,0.5389276149279987,7.402248543907171,perturbed,2,0.3
pair,"3,8",0.9999999999999897,0.0,0.06551030558876104,0.5653976936038755,8.63066793113655,perturbed,2,0.3
pair,"3,9",0.9999999999999896,0.0,0.072095645650269,0.5510630287334536,7.643499461904014,perturbed,2,0.3
pair,"3,10",0.9999999999999896,0.0,0.07172120321272883,0.5506280631346303,7.6773400120106565,perturbed,2,0.3
pair,"3,11",0.9999999999999896,0.0,0.07196921600693544,0.5395944037614748,7.49757234689726,perturbed,2,0.3
pair,"4,5",0.9999999999999896,0.0,0.049033395821525404,0.5485378516155874,11.187025545042552,perturbed,2,0.3
pair,"4,6",0.9999999999999897,0.0,0.07791244045478014,0.5171164446773925,6.637148594742368,perturbed,2,0.3
pair,"4,7",0.9999999999999896,0.0,0.0801564485933944,0.5158329150386184,6.4353264658126035,perturbed,2,0.3
pair,"4,8",0.9999999999999898,0.0,0.07271886805401755,0.5391155898268735,7.413696118404975,perturbed,2,0.3
pair,"4,9",0.9999999999999897,0.0,0.07950087773343742,0.5249418464428923,6.602969192403093,perturbed,2,0.3
pair,"4,10",0.9999999999999896,0.0,0.08260801581370023,0.5296105133840037,6.41112739686661,perturbed,2,0.3
pair,"4,11",0.9999999999999897,0.0,0.08899181895991236,0.5258691659010155,5.909185496454464,perturbed,2,0.3
pair,"5,6",0.9999999999999898,0.0,0.049342955662249444,0.5465030311607836,11.07560387954007,perturbed,2,0.3
pair,"5,7",0.9999999999999896,0.0,0.07782489301444219,0.5172549639880979,6.646394796740799,perturbed,2,0.3
pair,"5,8",0.9999999999999896,0.0,0.07074805082530534,0.5390638080486235,7.619486357012253,perturbed,2,0.3
pair,"5,9",0.9999999999999896,0.0,0.07793740119614753,0.5221433456158586,6.699522149856702,perturbed,2,0.3
pair,"5,10",0.9999999999999896,0.0,0.07588111094403868,0.5214857113783866,6.872404803917215,perturbed,2,0.3
pair,"5,11",0.9999999999999898,0.0,0.09842699952509566,0.5398924379226272,5.485206706773301,perturbed,2,0.3
pair,"6,7",0.9999999999999896,0.0,0.04815612808418936,0.5504319230251029,11.430153231231664,perturbed,2,0.3
pair,"6,8",0.9999999999999897,0.0,0.06489688589175037,0.5428130073147496,8.364238127237341,perturbed,2,0.3
pair,"6,9",0.9999999999999897,0.0,0.07336378648567672,0.5372947409816499,7.323705150995026,perturbed,2,0.3
pair,"6,10",0.9999999999999896,0.0,0.06738356751014148,0.5201020680107398,7.718529713234053,perturbed,2,0.3
pair,"6,11",0.9999999999999896,0.0,0.09143317775921968,0.5300825385307638,5.797485677755664,perturbed,2,0.3
pair,"7,8",0.9999999999999897,0.0,0.03418447189098801,0.6013986846308033,17.592744639982254,perturbed,2,0.3
pair,"7,9",0.9999999999999896,0.0,0.04260187972677142,0.5437961908021798,12.764605559422138,perturbed,2,0.3
pair,"7,10",0.9999999999999896,0.0,0.07012278755656841,0.555962610552961,7.9284157108623665,perturbed,2,0.3
pair,"7,11",0.9999999999999896,0.0,0.08596274993264579,0.5227548563043379,6.081178844487071,perturbed,2,0.3
pair,"8,9",0.9999999999999898,0.0,0.015282292641362551,0.6632580314860629,43.40042734758988,perturbed,2,0.3
pair,"8,10",0.9999999999999898,0.0,0.06702702684037794,0.5623823639796014,8.390382066608616,perturbed,2,0.3
pair,"8,11",0.9999999999999896,0.0,0.07089034843852092,0.5431353779859923,7.661626581748601,perturbed,2,0.3
pair,"9,10",0.9999999999999896,0.0,0.042448535398708256,0.5508730781196935,12.977434272949193,perturbed,2,0.3
pair,"9,11",0.9999999999999897,0.0,0.06834016764581136,0.531354855348012,7.775147086291634,perturbed,2,0.3
pair,"10,11",0.9999999999999898,0.0,0.04449691943353955,0.5524384661869407,12.415207012522766,perturbed,2,0.3
modular_A,"0,1,2,3",0.9999999999999898,0.0,0.00022158991677493844,0.3880604353619051,1751.254935286813,perturbed,2,0.3
single,0,0.9999999999999897,0.0,0.2679113372770869,0.7320886627229027,2.7325781363471795,perturbed,3,0.3
single,1,0.9999999999999898,0.0,0.2690905077624484,0.7309094922375413,2.7162217586760216,perturbed,3,0.3
single,2,0.9999999999999897,0.0,0.27145946077485567,0.7285405392251341,2.683791300349537,perturbed,3,0.3
single,3,0.9999999999999898,0.0,0.2507481740701739,0.7492518259298159,2.9880649329080726,perturbed,3,0.3
single,4,0.9999999999999898,0.0,0.2848019866865483,0.7151980133134415,2.511211461809727,perturbed,3,0.3
single,5,0.9999999999999898,0.0,0.2869994387527938,0.713000561247196,2.484327371320531,perturbed,3,0.3
single,6,0.99999999999999,0.0,0.2870328028145661,0.7129671971854239,2.483922360769432,perturbed,3,0.3
single,7,0.9999999999999899,0.0,0.28362521174488486,0.716374788255105,2.5257796507155,perturbed,3,0.3
single,8,0.9999999999999899,0.0,0.2494751445117125,0.7505248554882774,3.0084153551939976,perturbed,3,0.3
single,9,0.9999999999999898,0.0,0.2705706089598903,0.7294293910400995,2.695892927336505,perturbed,3,0.3
single,10,0.9999999999999898,0.0,0.2706596493493099,0.7293403506506799,2.6946770691681583,perturbed,3,0.3
single,11,0.9999999999999898,0.0,0.2817966990654648,0.718203300934525,2.548657607829812,perturbed,3,0.3
pair,"0,1",0.9999999999999897,0.0,0.042062224955323815,0.5665520118672649,13.469378105153147,perturbed,3,0.3
pair,"0,2",0.9999999999999896,0.0,0.0652445630005141,0.5414921651048501,8.29942205453324,perturbed,3,0.3
pair,"0,3",0.9999999999999898,0.0,0.0684243262399023,0.5532771238085175,8.085971089706815,perturbed,3,0.3
pair,"0,4",0.9999999999999898,0.0,0.08221366516692379,0.5317324485527777,6.467689373453506,perturbed,3,0.3
pair,"0,5",0.9999999999999898,0.0,0.08625431901807894,0.5376921612204748,6.233799853057495,perturbed,3,0.3
pair,"0,6",0.9999999999999899,0.0,0.0935104735075139,0.5456194090737181,5.834848104259419,perturbed,3,0.3
pair,"0,7",0.9999999999999898,0.0,0.08443715406588258,0.5343072771080786,6.3278693250507025,perturbed,3,0.3
pair,"0,8",0.9999999999999899,0.0,0.06804854250633867,0.550705905494744,8.092839100021079,perturbed,3,0.3
pair,"0,9",0.99999999999999,0.0,0.07252173306685299,0.5340757130777158,7.364353973523865,perturbed,3,0.3
pair,"0,10",0.9999999999999899,0.0,0.07250917356579618,0.5339463859787855,7.36384597590638,perturbed,3,0.3
pair,"0,11",0.99999999999999,0.0,0.07549631179590253,0.5257887083475028,6.964429067328814,perturbed,3,0.3
pair,"1,2",0.9999999999999897,0.0,0.0427924744567501,0.5523891765203619,12.908558888751708,perturbed,3,0.3
pair,"1,3",0.9999999999999896,0.0,0.066941754068437,0.5626334972858555,8.404821551443883,perturbed,3,0.3
pair,"1,4",0.9999999999999899,0.0,0.07025343277277922,0.55586823084847,7.912328393209132,perturbed,3,0.3
pair,"1,5",0.9999999999999899,0.0,0.06828037242106566,0.5215566928348667,7.638457060816464,perturbed,3,0.3
pair,"1,6",0.9999999999999899,0.0,0.07579892286085797,0.5220736745697128,6.887613370549728,perturbed,3,0.3
pair,"1,7",0.9999999999999898,0.0,0.08181264167315921,0.5305285583291945,6.484677031315667,perturbed,3,0.3
pair,"1,8",0.9999999999999899,0.0,0.07099406423365383,0.5526019477643299,7.783776766824064,perturbed,3,0.3
pair,"1,9",0.9999999999999898,0.0,0.0734836901305348,0.5338523252812974,7.2649090476127975,perturbed,3,0.3
pair,"1,10",0.9999999999999898,0.0,0.07284940435284341,0.5331315663977043,7.318269396074966,perturbed,3,0.3
pair,"1,11",0.9999999999999898,0.0,0.07582545427552226,0.524946150392249,6.923086124677667,perturbed,3,0.3
pair,"2,3",0.9999999999999898,0.0,0.015841718303451074,0.6622264352019281,41.80268974090165,perturbed,3,0.3
pair,"2,4",0.9999999999999898,0.0,0.043824692149103436,0.5418928477235707,12.365012077664002,perturbed,3,0.3
pair,"2,5",0.9999999999999899,0.0,0.07430233133633005,0.536115362812253,7.215323572897368,perturbed,3,0.3
pair,"2,6",0.99999999999999,0.0,0.0782027222173982,0.5213353490707074,6.666460377446081,perturbed,3,0.3
pair,"2,7",0.9999999999999898,0.0,0.07948157561692466,0.5247862889631072,6.602615573355092,perturbed,3,0.3
pair,"2,8",0.9999999999999897,0.0,0.07210770024527116,0.5514331309552588,7.647354291976908,perturbed,3,0.3
pair,"2,9",0.9999999999999899,0.0,0.07705713977010838,0.535098547261738,6.944178681665924,perturbed,3,0.3
pair,"2,10",0.99999999999999,0.0,0.07415086997736611,0.5320642490248061,7.175428274640796,perturbed,3,0.3
pair,"2,11",0.99999999999999,0.0,0.07653543838547829,0.5233131402207286,6.837527180350237,perturbed,3,0.3
pair,"3,4",0.9999999999999897,0.0,0.03497555849016995,0.6001985233319874,17.16051291934841,perturbed,3,0.3
pair,"3,5",0.9999999999999899,0.0,0.06567083636296939,0.5413341029240141,8.243143119603433,perturbed,3,0.3
pair,"3,6",0.9999999999999899,0.0,0.07113620042265045,0.5380186817506978,7.56321926886873,perturbed,3,0.3
pair,"3,7",0.9999999999999899,0.0,0.07294339472349032,0.5389491271951031,7.3885939808274745,perturbed,3,0.3
pair,"3,8",0.9999999999999899,0.0,0.06554723035381994,0.565439708342752,8.62644699540382,perturbed,3,0.3
pair,"3,9",0.9999999999999899,0.0,0.07209956667334863,0.5510630189013321,7.643083645675096,perturbed,3,0.3
pair,"3,10",0.9999999999999898,0.0,0.07173416984678203,0.5506209880178796,7.675853630061633,perturbed,3,0.3
pair,"3,11",0.9999999999999899,0.0,0.07198016184645487,0.5395913930592209,7.496390383370562,perturbed,3,0.3
pair,"4,5",0.9999999999999899,0.0,0.048982458041522944,0.5491632136789879,11.211426205141777,perturbed,3,0.3
pair,"4,6",0.99999999999999,0.0,0.07802108735240763,0.5162587554603462,6.61691310617725,perturbed,3,0.3
pair,"4,7",0.9999999999999899,0.0,0.08035990069219322,0.5156574311418481,6.416850029680824,perturbed,3,0.3
pair,"4,8",0.99999999999999,0.0,0.07276769134802857,0.5388573188593593,7.405172664914537,perturbed,3,0.3
pair,"4,9",0.9999999999999899,0.0,0.07964110248810526,0.5246904321223547,6.58818644808087,perturbed,3,0.3
pair,"4,10",0.9999999999999899,0.0,0.08321254083274855,0.5292539464352812,6.360266627347013,perturbed,3,0.3
pair,"4,11",0.9999999999999898,0.0,0.09026899611337544,0.5253410235129817,5.819728213806294,perturbed,3,0.3
pair,"5,6",0.99999999999999,0.0,0.049776903114115166,0.5460686592602987,10.970322079065838,perturbed,3,0.3
pair,"5,7",0.99999999999999,0.0,0.07791073141233698,0.5171151463253147,6.637277521995267,perturbed,3,0.3
pair,"5,8",0.99999999999999,0.0,0.07078030375259811,0.5389782275445816,7.614805234920985,perturbed,3,0.3
pair,"5,9",0.9999999999999899,0.0,0.0779599832848508,0.5221306323119457,6.697418474349599,perturbed,3,0.3
pair,"5,10",0.9999999999999899,0.0,0.07613172089949287,0.5213265305974629,6.847691401665605,perturbed,3,0.3
pair,"5,11",0.9999999999999898,0.0,0.0998125737307811,0.5392717204393521,5.402843552495698,perturbed,3,0.3
pair,"6,7",0.9999999999999899,0.0,0.048592573691406675,0.5489682944999268,11.29737021105776,perturbed,3,0.3
pair,"6,8",0.9999999999999899,0.0,0.06522026897320797,0.5421133859174625,8.31203848822149,perturbed,3,0.3
pair,"6,9",0.9999999999999898,0.0,0.0736900254448068,0.5366827172677016,7.282976414082967,perturbed,3,0.3
pair,"6,10",0.9999999999999898,0.0,0.06768398368599927,0.5196400174689026,7.677444340150334,perturbed,3,0.3
pair,"6,11",0.9999999999999898,0.0,0.0914428433963402,0.5298257110936365,5.794064263697662,perturbed,3,0.3
pair,"7,8",0.99999999999999,0.0,0.03420542392191567,0.6012582846841208,17.577863851553968,perturbed,3,0.3
pair,"7,9",0.9999999999999898,0.0,0.04261538038060354,0.5437574186343795,12.759651885727894,perturbed,3,0.3
pair,"7,10",0.9999999999999898,0.0,0.07012924898090979,0.5559344411642766,7.927283540646644,perturbed,3,0.3
pair,"7,11",0.9999999999999898,0.0,0.08571734478576981,0.522828922155736,6.099453074082298,perturbed,3,0.3
pair,"8,9",0.99999999999999,0.0,0.01528211998730029,0.6632577591607245,43.400899856296334,perturbed,3,0.3
pair,"8,10",0.9999999999999898,0.0,0.06702453372055141,0.5623842770481189,8.390722707492372,perturbed,3,0.3
pair,"8,11",0.9999999999999898,0.0,0.07088868087631697,0.5431368288693936,7.661827278420255,perturbed,3,0.3
pair,"9,10",0.9999999999999899,0.0,0.042448519733606326,0.5508731208616111,12.97744006902288,perturbed,3,0.3
pair,"9,11",0.9999999999999898,0.0,0.06834014970650083,0.531354900211951,7.775149783750123,perturbed,3,0.3
pair,"10,11",0.9999999999999899,0.0,0.04449691943353944,0.5524384661869407,12.415207012522794,perturbed,3,0.3
modular_A,"0,1,2,3",0.9999999999999898,0.0,0.00025335561332206444,0.3946520221953122,1557.6999341776275,perturbed,3,0.3
single,0,0.9999999999999898,0.0,0.2783113269808184,0.7216886730191714,2.5930984586513475,perturbed,4,0.3
single,1,0.9999999999999898,0.0,0.26788906422266895,0.7321109357773208,2.7328884734495595,perturbed,4,0.3
single,2,0.9999999999999898,0.0,0.2712105185031996,0.7287894814967901,2.687172627075643,perturbed,4,0.3
single,3,0.9999999999999898,0.0,0.2507657458393197,0.74923425416067,2.9877854794440237,perturbed,4,0.3
single,4,0.9999999999999898,0.0,0.2847704912030179,0.715229508796972,2.5115998001600253,perturbed,4,0.3
single,5,0.9999999999999899,0.0,0.2872638024553104,0.7127361975446795,2.4811208076087476,perturbed,4,0.3
single,6,0.99999999999999,0.0,0.28699943940389055,0.7130005605960994,2.484327363415867,perturbed,4,0.3
single,7,0.9999999999999899,0.0,0.2845715644111224,0.7154284355888675,2.514054547471522,perturbed,4,0.3
single,8,0.99999999999999,0.0,0.2495978010754477,0.7504021989245423,3.0064455523697218,perturbed,4,0.3
single,9,0.99999999999999,0.0,0.270568768821543,0.7294312311784469,2.6959180631063604,perturbed,4,0.3
single,10,0.9999999999999898,0.0,0.27065959017816876,0.7293404098218211,2.6946778768922015,perturbed,4,0.3
single,11,0.9999999999999899,0.0,0.2817966990654647,0.7182033009345252,2.548657607829814,perturbed,4,0.3
pair,"0,1",0.9999999999999898,0.0,0.042972035996331405,0.5636195746337456,13.115961614708288,perturbed,4,0.3
pair,"0,2",0.9999999999999898,0.0,0.06789444399159156,0.5341705323868586,7.867661931998639,perturbed,4,0.3
pair,"0,3",0.9999999999999899,0.0,0.07008036414285311,0.5446607870562952,7.771945732845345,perturbed,4,0.3
pair,"0,4",0.99999999999999,0.0,0.08505417784561078,0.5247734593966512,6.169872811529764,perturbed,4,0.3
pair,"0,5",0.99999999999999,0.0,0.09140893584431602,0.5321321746509651,5.821445898432414,perturbed,4,0.3
pair,"0,6",0.9999999999999899,0.0,0.1012796819612682,0.5418366844263195,5.3499050740851555,perturbed,4,0.3
pair,"0,7",0.9999999999999898,0.0,0.08957955715780755,0.5276287926077817,5.8900580595446135,perturbed,4,0.3
pair,"0,8",0.9999999999999899,0.0,0.07081148499310859,0.542911093237894,7.666992060549647,perturbed,4,0.3
pair,"0,9",0.99999999999999,0.0,0.07534290920755381,0.526490028714243,6.987917433130623,perturbed,4,0.3
pair,"0,10",0.9999999999999899,0.0,0.07532467656978115,0.526361033702766,6.9878963664071305,perturbed,4,0.3
pair,"0,11",0.9999999999999898,0.0,0.0784270152609642,0.518319388796035,6.6089393695697645,perturbed,4,0.3
pair,"1,2",0.9999999999999898,0.0,0.04256603332394805,0.5528079310060517,12.987067101106572,perturbed,4,0.3
pair,"1,3",0.99999999999999,0.0,0.06666551131488989,0.5637672044496128,8.456654622908355,perturbed,4,0.3
pair,"1,4",0.99999999999999,0.0,0.0697741934451634,0.5559129302730778,7.967314315284463,perturbed,4,0.3
pair,"1,5",0.99999999999999,0.0,0.06839203360895656,0.5223589764219848,7.63771668800878,perturbed,4,0.3
pair,"1,6",0.9999999999999898,0.0,0.07626829749898083,0.5241686150052702,6.8726932709134445,perturbed,4,0.3
pair,"1,7",0.9999999999999898,0.0,0.08221192589698116,0.5309725091538327,6.458582539705837,perturbed,4,0.3
pair,"1,8",0.9999999999999898,0.0,0.07047457843655519,0.5531588034727384,7.84905444976475,perturbed,4,0.3
pair,"1,9",0.9999999999999898,0.0,0.0731284875617674,0.5346926145304922,7.311687036859176,perturbed,4,0.3
pair,"1,10",0.9999999999999898,0.0,0.0725246917539134,0.5340065922552836,7.363100474349396,perturbed,4,0.3
pair,"1,11",0.9999999999999898,0.0,0.07548698480122941,0.5258089271820131,6.965557421144335,perturbed,4,0.3
pair,"2,3",0.9999999999999898,0.0,0.015709207273871078,0.6616516689218905,42.11871785678245,perturbed,4,0.3
pair,"2,4",0.99999999999999,0.0,0.044054152900374004,0.5426847490958648,12.318583229216005,perturbed,4,0.3
pair,"2,5",0.9999999999999898,0.0,0.07392909535187299,0.5357417653901655,7.246697160843758,perturbed,4,0.3
pair,"2,6",0.9999999999999899,0.0,0.07837549028438512,0.522086821388106,6.661353179338545,perturbed,4,0.3
pair,"2,7",0.9999999999999899,0.0,0.07964717134149701,0.5242973399431565,6.582749030661333,perturbed,4,0.3
pair,"2,8",0.9999999999999898,0.0,0.07167598528942441,0.5511468467063799,7.689421282189198,perturbed,4,0.3
pair,"2,9",0.9999999999999899,0.0,0.07691214367427439,0.5352281573851997,6.958955137850658,perturbed,4,0.3
pair,"2,10",0.9999999999999899,0.0,0.07407147276903707,0.5322489240960023,7.185612816902029,perturbed,4,0.3
pair,"2,11",0.9999999999999898,0.0,0.07646348650323001,0.5234931550883506,6.846315529520576,perturbed,4,0.3
pair,"3,4",0.99999999999999,0.0,0.03495532302780252,0.6001738932402856,17.16974243845275,perturbed,4,0.3
pair,"3,5",0.9999999999999899,0.0,0.06580408037686371,0.5409270585442799,8.220266212161311,perturbed,4,0.3
pair,"3,6",0.9999999999999899,0.0,0.07113464848503276,0.5381665127229988,7.565462460058868,perturbed,4,0.3
pair,"3,7",0.9999999999999899,0.0,0.0729929288124299,0.5380287935051865,7.370971438723337,perturbed,4,0.3
pair,"3,8",0.9999999999999899,0.0,0.0654521918622911,0.5651801009384396,8.635006481181819,perturbed,4,0.3
pair,"3,9",0.99999999999999,0.0,0.07213511408651346,0.5510872823161239,7.6396535764148235,perturbed,4,0.3
pair,"3,10",0.99999999999999,0.0,0.07171257404643128,0.5506232871821485,7.678197226969429,perturbed,4,0.3
pair,"3,11",0.9999999999999898,0.0,0.07195939997357556,0.5395884748108166,7.498512703120935,perturbed,4,0.3
pair,"4,5",0.9999999999999898,0.0,0.04901818202692688,0.5494553297158349,11.209214764717421,perturbed,4,0.3
pair,"4,6",0.9999999999999898,0.0,0.07822963851512672,0.5165445035564898,6.60292586494068,perturbed,4,0.3
pair,"4,7",0.9999999999999898,0.0,0.08050400731929856,0.5148844674855511,6.39576195807736,perturbed,4,0.3
pair,"4,8",0.9999999999999897,0.0,0.072906829468209,0.5389215290213845,7.39192107176161,perturbed,4,0.3
pair,"4,9",0.9999999999999898,0.0,0.07967129704198012,0.5247708159857469,6.586698540996974,perturbed,4,0.3
pair,"4,10",0.9999999999999898,0.0,0.08323173148579155,0.5292608810080154,6.358883463794878,perturbed,4,0.3
pair,"4,11",0.9999999999999898,0.0,0.0903410406092492,0.5253154104296966,5.81480362509699,perturbed,4,0.3
pair,"5,6",0.9999999999999897,0.0,0.04972494768157709,0.5466938538770665,10.994357548205416,perturbed,4,0.3
pair,"5,7",0.9999999999999898,0.0,0.07802114286246029,0.5162598789910872,6.616922798749267,perturbed,4,0.3
pair,"5,8",0.9999999999999898,0.0,0.07099721082743662,0.5388011455100084,7.589046657334185,perturbed,4,0.3
pair,"5,9",0.9999999999999898,0.0,0.07810884000215952,0.5218546541656998,6.681121549766605,perturbed,4,0.3
pair,"5,10",0.9999999999999898,0.0,0.0764991445357121,0.5209864471620478,6.810356512141592,perturbed,4,0.3
pair,"5,11",0.9999999999999899,0.0,0.10157779725433537,0.5387907153728635,5.3042173578918375,perturbed,4,0.3
pair,"6,7",0.9999999999999899,0.0,0.04902630981632838,0.5485261692366107,11.18840417097683,perturbed,4,0.3
pair,"6,8",0.9999999999999897,0.0,0.06533919489995593,0.5419262041398006,8.29404471496122,perturbed,4,0.3
pair,"6,9",0.9999999999999898,0.0,0.07391004711050005,0.5363048792544461,7.256183701961893,perturbed,4,0.3
pair,"6,10",0.9999999999999898,0.0,0.06784827116811303,0.5194181118948249,7.655583597816687,perturbed,4,0.3
pair,"6,11",0.9999999999999898,0.0,0.09167642071764756,0.5296355168673479,5.777227259979554,perturbed,4,0.3
pair,"7,8",0.9999999999999897,0.0,0.03449996763322344,0.5995728134101432,17.37893843218436,perturbed,4,0.3
pair,"7,9",0.9999999999999898,0.0,0.04281595523368517,0.5430637153888083,12.683676270325424,perturbed,4,0.3
pair,"7,10",0.9999999999999898,0.0,0.07032810748071441,0.5554887197552537,7.8985307532636435,perturbed,4,0.3
pair,"7,11",0.9999999999999898,0.0,0.08568559105767523,0.5227051808887222,6.100269303585567,perturbed,4,0.3
pair,"8,9",0.9999999999999897,0.0,0.015290691761291384,0.6631279300836184,43.36807911871827,perturbed,4,0.3
pair,"8,10",0.9999999999999899,0.0,0.06698920094666737,0.5624015737421275,8.395406510220605,perturbed,4,0.3
pair,"8,11",0.9999999999999899,0.0,0.0708790050828124,0.5431318152025028,7.662802469757126,perturbed,4,0.3
pair,"9,10",0.9999999999999899,0.0,0.0424446328405556,0.5508848577576956,12.978905008487393,perturbed,4,0.3
pair,"9,11",0.9999999999999899,0.0,0.06833483439234644,0.531368165860368,7.775948688329325,perturbed,4,0.3
pair,"10,11",0.9999999999999898,0.0,0.04449685040108724,0.5524386753587716,12.415230974308987,perturbed,4,0.3
modular_A,"0,1,2,3",0.9999999999999899,0.0,0.0002788946275829574,0.3927378901257826,1408.1945340053653,perturbed,4,0.3
single,0,0.99999999999999,0.0,0.28169451315396443,0.7183054868460256,2.549944898832391,perturbed,5,0.3
single,1,0.9999999999999898,0.0,0.2700906929308209,0.7299093070691689,2.702460048322075,perturbed,5,0.3
single,2,0.99999999999999,0.0,0.2710062285313208,0.7289937714686692,2.689952092316645,perturbed,5,0.3
single,3,0.9999999999999899,0.0,0.25051633754962904,0.7494836624503608,2.991755626723877,perturbed,5,0.3
single,4,0.9999999999999897,0.0,0.28480203557890466,0.7151979644210851,2.5112108590352364,perturbed,5,0.3
single,5,0.9999999999999899,0.0,0.2872311502206651,0.7127688497793248,2.481516538967799,perturbed,5,0.3
single,6,0.9999999999999898,0.0,0.2872638024679926,0.7127361975319972,2.481120807455062,perturbed,5,0.3
single,7,0.9999999999999898,0.0,0.2845386330586644,0.7154613669413253,2.5144612499555237,perturbed,5,0.3
single,8,0.9999999999999898,0.0,0.25053205687798374,0.749467943122006,2.9915051688855065,perturbed,5,0.3
single,9,0.9999999999999898,0.0,0.27057942491441167,0.7294205750855781,2.6957725086314483,perturbed,5,0.3
single,10,0.9999999999999898,0.0,0.2706423702991354,0.7293576297008544,2.694912954297254,perturbed,5,0.3
single,11,0.99999999999999,0.0,0.2817963725180809,0.7182036274819091,2.5486617200362547,perturbed,5,0.3
pair,"0,1",0.9999999999999899,0.0,0.04396644668429374,0.5546240436523386,12.61471156936748,perturbed,5,0.3
pair,"0,2",0.9999999999999899,0.0,0.06766808719704746,0.5333570487174167,7.881958406246904,perturbed,5,0.3
pair,"0,3",0.99999999999999,0.0,0.07114118235073427,0.5428851256736534,7.631095066668514,perturbed,5,0.3
pair,"0,4",0.9999999999999898,0.0,0.08613686879030522,0.5221819698676238,6.062235337795282,perturbed,5,0.3
pair,"0,5",0.9999999999999899,0.0,0.09155053632814472,0.5294357300975779,5.782988842358287,perturbed,5,0.3
pair,"0,6",0.9999999999999898,0.0,0.10143320630523366,0.5388610744869331,5.312472060336807,perturbed,5,0.3
pair,"0,7",0.9999999999999899,0.0,0.09026431713314652,0.5257743396820455,5.824830413401229,perturbed,5,0.3
pair,"0,8",0.9999999999999898,0.0,0.07199146947209806,0.5398248052973096,7.498455153864182,perturbed,5,0.3
pair,"0,9",0.9999999999999898,0.0,0.0762674283299682,0.5240194971068035,6.870816396740855,perturbed,5,0.3
pair,"0,10",0.9999999999999898,0.0,0.0762355012289895,0.5239062316100067,6.872208133535361,perturbed,5,0.3
pair,"0,11",0.9999999999999899,0.0,0.0793802867548472,0.5158898228099857,6.498966480219774,perturbed,5,0.3
pair,"1,2",0.99999999999999,0.0,0.04247300957239904,0.552029645452546,12.997186943194174,perturbed,5,0.3
pair,"1,3",0.99999999999999,0.0,0.06697014691877597,0.562172646198457,8.39437677925781,perturbed,5,0.3
pair,"1,4",0.9999999999999899,0.0,0.07146595058512152,0.5557184356330664,7.775988860193813,perturbed,5,0.3
pair,"1,5",0.9999999999999899,0.0,0.06748535633849857,0.5192401949270539,7.6941165179984585,perturbed,5,0.3
pair,"1,6",0.9999999999999899,0.0,0.07654043185012536,0.5214669534098708,6.812960690252712,perturbed,5,0.3
pair,"1,7",0.9999999999999899,0.0,0.08311321021903958,0.5300845921806241,6.377862084542516,perturbed,5,0.3
pair,"1,8",0.9999999999999899,0.0,0.07158627543994354,0.5511123049873423,7.698574923760232,perturbed,5,0.3
pair,"1,9",0.9999999999999898,0.0,0.07375861521683094,0.5330959877412419,7.227575872649992,perturbed,5,0.3
pair,"1,10",0.9999999999999898,0.0,0.07311961207867702,0.5324135971957307,7.281406206352015,perturbed,5,0.3
pair,"1,11",0.99999999999999,0.0,0.07610773405381199,0.5242278643904367,6.887970991486637,perturbed,5,0.3
pair,"2,3",0.9999999999999899,0.0,0.015613472479551345,0.6607245648517481,42.31759243288679,perturbed,5,0.3
pair,"2,4",0.9999999999999898,0.0,0.043997242131735455,0.5433076293996463,12.348674668582362,perturbed,5,0.3
pair,"2,5",0.99999999999999,0.0,0.07388372143812147,0.5356101432049956,7.249366068459014,perturbed,5,0.3
pair,"2,6",0.99999999999999,0.0,0.07835408002423501,0.5217209781961387,6.658504292753738,perturbed,5,0.3
pair,"2,7",0.9999999999999898,0.0,0.07979087322969261,0.5247817678585864,6.5769648409274355,perturbed,5,0.3
pair,"2,8",0.9999999999999898,0.0,0.07202748614807787,0.5507078733013527,7.645801662009676,perturbed,5,0.3
pair,"2,9",0.9999999999999898,0.0,0.07677349703207363,0.5352382267172877,6.971653596731193,perturbed,5,0.3
pair,"2,10",0.9999999999999898,0.0,0.07401856177445824,0.5323947160145706,7.1927190052250545,perturbed,5,0.3
pair,"2,11",0.9999999999999902,0.0,0.07640896825796598,0.5236394673527223,6.8531152728675995,perturbed,5,0.3
pair,"3,4",0.9999999999999898,0.0,0.034856272407612805,0.5997602837237948,17.20666733120905,perturbed,5,0.3
pair,"3,5",0.99999999999999,0.0,0.06572085367710871,0.5413927683899967,8.237762264165015,perturbed,5,0.3
pair,"3,6",0.9999999999999899,0.0,0.07109798719776965,0.5381319684081829,7.568877680197733,perturbed,5,0.3
pair,"3,7",0.9999999999999899,0.0,0.07304171961083303,0.5384910136576606,7.372375904164714,perturbed,5,0.3
pair,"3,8",0.99999999999999,0.0,0.0656265515980293,0.5647108630357185,8.604914463503157,perturbed,5,0.3
pair,"3,9",0.9999999999999899,0.0,0.07187889413720268,0.5511061533139728,7.667148471455606,perturbed,5,0.3
pair,"3,10",0.9999999999999898,0.0,0.07164000809712986,0.5508324478493806,7.688894271236811,perturbed,5,0.3
pair,"3,11",0.9999999999999899,0.0,0.07190720389089357,0.5397670924780472,7.506439734425609,perturbed,5,0.3
pair,"4,5",0.9999999999999898,0.0,0.049018680956042,0.5494543450098548,11.209080585064775,perturbed,5,0.3
pair,"4,6",0.9999999999999898,0.0,0.07833999298291752,0.516110365085573,6.588082860795172,perturbed,5,0.3
pair,"4,7",0.9999999999999898,0.0,0.080503831664733,0.5149939368644132,6.39713571658504,perturbed,5,0.3
pair,"4,8",0.9999999999999898,0.0,0.07298905196061153,0.5380272932426471,7.371342397117214,perturbed,5,0.3
pair,"4,9",0.9999999999999899,0.0,0.07956729752987583,0.5245695196346964,6.592777886388962,perturbed,5,0.3
pair,"4,10",0.9999999999999897,0.0,0.08320846496383266,0.5292714652098751,6.360788718310426,perturbed,5,0.3
pair,"4,11",0.99999999999999,0.0,0.09021618754497941,0.5253503599429761,5.823238314975904,perturbed,5,0.3
pair,"5,6",0.9999999999999899,0.0,0.04976520249756483,0.5469870725062262,10.991356310325314,perturbed,5,0.3
pair,"5,7",0.9999999999999899,0.0,0.0782292281732915,0.5165453971181476,6.602971922130034,perturbed,5,0.3
pair,"5,8",0.9999999999999898,0.0,0.0711127939002151,0.5380269260600127,7.565824608367486,perturbed,5,0.3
pair,"5,9",0.9999999999999898,0.0,0.07814256521975937,0.5220213355594143,6.680371115170588,perturbed,5,0.3
pair,"5,10",0.9999999999999899,0.0,0.07647148852972367,0.5210469747848213,6.813610991530468,perturbed,5,0.3
pair,"5,11",0.99999999999999,0.0,0.10162140580597473,0.5387604479994956,5.301643327274457,perturbed,5,0.3
pair,"6,7",0.9999999999999899,0.0,0.04897380654694538,0.549157219489948,11.213284369952662,perturbed,5,0.3
pair,"6,8",0.9999999999999898,0.0,0.06554676204408462,0.541204648616695,8.256771680845171,perturbed,5,0.3
pair,"6,9",0.9999999999999899,0.0,0.07451224723419334,0.53651545139868,7.200365997718499,perturbed,5,0.3
pair,"6,10",0.9999999999999898,0.0,0.0681473851594317,0.519214826704392,7.618998520481485,perturbed,5,0.3
pair,"6,11",0.9999999999999898,0.0,0.0917565411487622,0.5293410560232445,5.768973518357011,perturbed,5,0.3
pair,"7,8",0.9999999999999898,0.0,0.034891667641401364,0.5989811001957166,17.166880825294356,perturbed,5,0.3
pair,"7,9",0.99999999999999,0.0,0.04318505628030935,0.5423643727711152,12.559075279436685,perturbed,5,0.3
pair,"7,10",0.9999999999999899,0.0,0.07086186005678237,0.5547778584834722,7.829005025255091,perturbed,5,0.3
pair,"7,11",0.9999999999999899,0.0,0.0856585556935827,0.5226291375435559,6.101306907544669,perturbed,5,0.3
pair,"8,9",0.9999999999999898,0.0,0.015458317620622844,0.6613221003162169,42.780987979827195,perturbed,5,0.3
pair,"8,10",0.99999999999999,0.0,0.06705909400888259,0.5622800643927593,8.384844333242562,perturbed,5,0.3
pair,"8,11",0.99999999999999,0.0,0.07102251412519336,0.5428790687279064,7.643760227509805,perturbed,5,0.3
pair,"9,10",0.9999999999999898,0.0,0.0423640298298671,0.5512071890910821,13.011207651980149,perturbed,5,0.3
pair,"9,11",0.99999999999999,0.0,0.06816700529263202,0.5317941814698949,7.801342881163286,perturbed,5,0.3
pair,"10,11",0.9999999999999898,0.0,0.044477710768369594,0.5525024628408237,12.42200763699684,perturbed,5,0.3
modular_A,"0,1,2,3",0.9999999999999898,0.0,0.000289272521474577,0.38948486653575487,1346.4288434668522,perturbed,5,0.3
single,0,0.9999999999999897,0.0,0.28179637251808076,0.7182036274819089,2.5486617200362547,perturbed,6,0.3
single,1,0.9999999999999896,0.0,0.27064237029913546,0.7293576297008542,2.6949129542972527,perturbed,6,0.3
single,2,0.9999999999999896,0.0,0.2705794249144116,0.729420575085578,2.6957725086314483,perturbed,6,0.3
single,3,0.9999999999999896,0.0,0.2505320568779837,0.7494679431220059,2.9915051688855065,perturbed,6,0.3
single,4,0.9999999999999898,0.0,0.28453863305866445,0.7154613669413253,2.5144612499555232,perturbed,6,0.3
single,5,0.9999999999999896,0.0,0.28726380246799255,0.712736197531997,2.4811208074550617,perturbed,6,0.3
single,6,0.9999999999999897,0.0,0.28723115022066503,0.7127688497793246,2.481516538967799,perturbed,6,0.3
single,7,0.9999999999999898,0.0,0.2848020355789046,0.7151979644210851,2.511210859035237,perturbed,6,0.3
single,8,0.9999999999999895,0.0,0.250516337549629,0.7494836624503605,2.9917556267238763,perturbed,6,0.3
single,9,0.9999999999999896,0.0,0.2710062285313206,0.728993771468669,2.689952092316646,perturbed,6,0.3
single,10,0.9999999999999896,0.0,0.2700906929308209,0.7299093070691687,2.702460048322074,perturbed,6,0.3
single,11,0.9999999999999893,0.0,0.28169451315396427,0.7183054868460251,2.549944898832391,perturbed,6,0.3
pair,"0,1",0.9999999999999896,0.0,0.044477710768369524,0.5525024628408237,12.42200763699686,perturbed,6,0.3
pair,"0,2",0.9999999999999897,0.0,0.06816700529263194,0.5317941814698948,7.801342881163294,perturbed,6,0.3
pair,"0,3",0.9999999999999896,0.0,0.07102251412519309,0.5428790687279061,7.643760227509832,perturbed,6,0.3
pair,"0,4",0.9999999999999896,0.0,0.08565855569358251,0.5226291375435557,6.10130690754468,perturbed,6,0.3
pair,"0,5",0.9999999999999897,0.0,0.09175654114876211,0.5293410560232443,5.768973518357014,perturbed,6,0.3
pair,"0,6",0.9999999999999897,0.0,0.10162140580597463,0.5387604479994954,5.301643327274459,perturbed,6,0.3
pair,"0,7",0.9999999999999898,0.0,0.09021618754497938,0.5253503599429756,5.823238314975901,perturbed,6,0.3
pair,"0,8",0.9999999999999893,0.0,0.07190720389089343,0.5397670924780472,7.506439734425623,perturbed,6,0.3
pair,"0,9",0.9999999999999895,0.0,0.07640896825796589,0.523639467352722,6.853115272867604,perturbed,6,0.3
pair,"0,10",0.9999999999999896,0.0,0.07610773405381183,0.5242278643904364,6.887970991486649,perturbed,6,0.3
pair,"0,11",0.9999999999999896,0.0,0.07938028675484707,0.5158898228099855,6.498966480219783,perturbed,6,0.3
pair,"1,2",0.9999999999999897,0.0,0.04236402982986698,0.5512071890910821,13.011207651980188,perturbed,6,0.3
pair,"1,3",0.9999999999999897,0.0,0.06705909400888252,0.5622800643927591,8.384844333242567,perturbed,6,0.3
pair,"1,4",0.9999999999999896,0.0,0.0708618600567824,0.5547778584834719,7.829005025255085,perturbed,6,0.3
pair,"1,5",0.9999999999999898,0.0,0.0681473851594317,0.5192148267043918,7.618998520481482,perturbed,6,0.3
pair,"1,6",0.9999999999999898,0.0,0.07647148852972353,0.5210469747848209,6.813610991530474,perturbed,6,0.3
pair,"1,7",0.9999999999999897,0.0,0.08320846496383276,0.5292714652098753,6.360788718310421,perturbed,6,0.3
pair,"1,8",0.9999999999999896,0.0,0.07164000809712964,0.5508324478493806,7.688894271236835,perturbed,6,0.3
pair,"1,9",0.9999999999999896,0.0,0.07401856177445813,0.5323947160145703,7.1927190052250625,perturbed,6,0.3
pair,"1,10",0.9999999999999897,0.0,0.07311961207867708,0.5324135971957306,7.281406206352008,perturbed,6,0.3
pair,"1,11",0.9999999999999898,0.0,0.07623550122898937,0.5239062316100065,6.872208133535371,perturbed,6,0.3
pair,"2,3",0.9999999999999897,0.0,0.015458317620622816,0.6613221003162169,42.78098797982727,perturbed,6,0.3
pair,"2,4",0.9999999999999898,0.0,0.04318505628030941,0.5423643727711149,12.559075279436664,perturbed,6,0.3
pair,"2,5",0.9999999999999898,0.0,0.07451224723419328,0.5365154513986797,7.200365997718501,perturbed,6,0.3
pair,"2,6",0.9999999999999899,0.0,0.07814256521975939,0.5220213355594141,6.680371115170584,perturbed,6,0.3
pair,"2,7",0.9999999999999898,0.0,0.07956729752987583,0.5245695196346964,6.592777886388962,perturbed,6,0.3
pair,"2,8",0.9999999999999897,0.0,0.07187889413720279,0.5511061533139728,7.667148471455594,perturbed,6,0.3
pair,"2,9",0.9999999999999896,0.0,0.07677349703207363,0.5352382267172875,6.971653596731191,perturbed,6,0.3
pair,"2,10",0.9999999999999897,0.0,0.07375861521683097,0.5330959877412419,7.2275758726499895,perturbed,6,0.3
pair,"2,11",0.9999999999999898,0.0,0.07626742832996826,0.5240194971068031,6.870816396740844,perturbed,6,0.3
pair,"3,4",0.9999999999999897,0.0,0.034891667641401336,0.5989811001957166,17.16688082529437,perturbed,6,0.3
pair,"3,5",0.9999999999999897,0.0,0.06554676204408459,0.541204648616695,8.256771680845175,perturbed,6,0.3
pair,"3,6",0.9999999999999898,0.0,0.07111279390021519,0.5380269260600126,7.565824608367476,perturbed,6,0.3
pair,"3,7",0.9999999999999896,0.0,0.07298905196061144,0.5380272932426471,7.371342397117224,perturbed,6,0.3
pair,"3,8",0.9999999999999896,0.0,0.06562655159802927,0.5647108630357185,8.60491446350316,perturbed,6,0.3
pair,"3,9",0.9999999999999896,0.0,0.07202748614807795,0.5507078733013525,7.6458016620096645,perturbed,6,0.3
pair,"3,10",0.9999999999999897,0.0,0.07158627543994352,0.5511123049873421,7.698574923760232,perturbed,6,0.3
pair,"3,11",0.9999999999999897,0.0,0.07199146947209814,0.5398248052973095,7.498455153864172,perturbed,6,0.3
pair,"4,5",0.9999999999999897,0.0,0.04897380654694549,0.549157219489948,11.213284369952637,perturbed,6,0.3
pair,"4,6",0.9999999999999897,0.0,0.07822922817329134,0.5165453971181474,6.602971922130045,perturbed,6,0.3
pair,"4,7",0.9999999999999896,0.0,0.0805038316647331,0.5149939368644134,6.397135716585035,perturbed,6,0.3
pair,"4,8",0.9999999999999896,0.0,0.07304171961083306,0.5384910136576606,7.37237590416471,perturbed,6,0.3
pair,"4,9",0.9999999999999896,0.0,0.07979087322969246,0.5247817678585859,6.576964840927441,perturbed,6,0.3
pair,"4,10",0.9999999999999896,0.0,0.08311321021903952,0.5300845921806236,6.377862084542516,perturbed,6,0.3
pair,"4,11",0.9999999999999896,0.0,0.09026431713314638,0.5257743396820449,5.824830413401232,perturbed,6,0.3
pair,"5,6",0.9999999999999897,0.0,0.049765202497564755,0.546987072506226,10.991356310325326,perturbed,6,0.3
pair,"5,7",0.9999999999999896,0.0,0.07833999298291754,0.5161103650855727,6.588082860795168,perturbed,6,0.3
pair,"5,8",0.9999999999999896,0.0,0.07109798719776955,0.5381319684081829,7.568877680197744,perturbed,6,0.3
pair,"5,9",0.9999999999999898,0.0,0.07835408002423498,0.5217209781961386,6.658504292753739,perturbed,6,0.3
pair,"5,10",0.9999999999999896,0.0,0.07654043185012536,0.5214669534098707,6.812960690252711,perturbed,6,0.3
pair,"5,11",0.9999999999999898,0.0,0.10143320630523377,0.5388610744869329,5.312472060336799,perturbed,6,0.3
pair,"6,7",0.9999999999999897,0.0,0.04901868095604203,0.5494543450098548,11.209080585064767,perturbed,6,0.3
pair,"6,8",0.9999999999999896,0.0,0.06572085367710868,0.5413927683899966,8.237762264165017,perturbed,6,0.3
pair,"6,9",0.9999999999999896,0.0,0.07388372143812139,0.5356101432049958,7.249366068459024,perturbed,6,0.3
pair,"6,10",0.9999999999999896,0.0,0.06748535633849846,0.5192401949270534,7.694116517998465,perturbed,6,0.3
pair,"6,11",0.9999999999999897,0.0,0.0915505363281446,0.5294357300975776,5.782988842358291,perturbed,6,0.3
pair,"7,8",0.9999999999999898,0.0,0.03485627240761275,0.5997602837237948,17.20666733120908,perturbed,6,0.3
pair,"7,9",0.9999999999999896,0.0,0.04399724213173547,0.5433076293996464,12.348674668582362,perturbed,6,0.3
pair,"7,10",0.9999999999999897,0.0,0.0714659505851216,0.5557184356330667,7.775988860193807,perturbed,6,0.3
pair,"7,11",0.9999999999999897,0.0,0.08613686879030523,0.5221819698676239,6.062235337795282,perturbed,6,0.3
pair,"8,9",0.9999999999999896,0.0,0.015613472479551407,0.6607245648517478,42.3175924328866,perturbed,6,0.3
pair,"8,10",0.9999999999999896,0.0,0.066970146918776,0.5621726461984567,8.394376779257804,perturbed,6,0.3
pair,"8,11",0.9999999999999896,0.0,0.07114118235073415,0.5428851256736535,7.631095066668529,perturbed,6,0.3
pair,"9,10",0.9999999999999898,0.0,0.04247300957239901,0.5520296454525458,12.99718694319418,perturbed,6,0.3
pair,"9,11",0.9999999999999896,0.0,0.06766808719704726,0.5333570487174165,7.881958406246925,perturbed,6,0.3
pair,"10,11",0.9999999999999896,0.0,0.04396644668429377,0.5546240436523386,12.61471156936747,perturbed,6,0.3
modular_A,"0,1,2,3",0.9999999999999897,0.0,0.0002964176106832381,0.38667247520072356,1304.4855004041406,perturbed,6,0.3
single,0,0.9999999999999892,0.0,0.28179669906546445,0.7182033009345248,2.5486576078298144,perturbed,7,0.3
single,1,0.9999999999999893,0.0,0.2706595901781686,0.7293404098218208,2.694677876892202,perturbed,7,0.3
single,2,0.9999999999999892,0.0,0.27056876882154285,0.7294312311784463,2.69591806310636,perturbed,7,0.3
single,3,0.9999999999999893,0.0,0.24959780107544755,0.7504021989245419,3.0064455523697218,perturbed,7,0.3
single,4,0.9999999999999893,0.0,0.28457156441112214,0.7154284355888673,2.514054547471524,perturbed,7,0.3
single,5,0.9999999999999895,0.0,0.2869994394038904,0.7130005605960991,2.4843273634158676,perturbed,7,0.3
single,6,0.9999999999999893,0.0,0.28726380245531025,0.7127361975446791,2.4811208076087476,perturbed,7,0.3
single,7,0.9999999999999896,0.0,0.2847704912030179,0.7152295087969717,2.5115998001600244,perturbed,7,0.3
single,8,0.9999999999999893,0.0,0.25076574583931954,0.7492342541606698,2.9877854794440246,perturbed,7,0.3
single,9,0.9999999999999893,0.0,0.27121051850319944,0.7287894814967899,2.6871726270756437,perturbed,7,0.3
single,10,0.9999999999999893,0.0,0.26788906422266884,0.7321109357773206,2.73288847344956,perturbed,7,0.3
single,11,0.9999999999999896,0.0,0.2783113269808184,0.7216886730191712,2.5930984586513466,perturbed,7,0.3
pair,"0,1",0.9999999999999893,0.0,0.04449685040108736,0.5524386753587712,12.415230974308946,perturbed,7,0.3
pair,"0,2",0.9999999999999893,0.0,0.06833483439234633,0.5313681658603675,7.775948688329331,perturbed,7,0.3
pair,"0,3",0.9999999999999893,0.0,0.07087900508281225,0.5431318152025024,7.662802469757137,perturbed,7,0.3
pair,"0,4",0.9999999999999893,0.0,0.08568559105767498,0.522705180888722,6.100269303585582,perturbed,7,0.3
pair,"0,5",0.9999999999999896,0.0,0.09167642071764769,0.5296355168673477,5.7772272599795444,perturbed,7,0.3
pair,"0,6",0.9999999999999893,0.0,0.10157779725433529,0.5387907153728633,5.304217357891839,perturbed,7,0.3
pair,"0,7",0.9999999999999895,0.0,0.0903410406092491,0.5253154104296964,5.814803625096995,perturbed,7,0.3
pair,"0,8",0.9999999999999893,0.0,0.0719593999735757,0.5395884748108168,7.498512703120924,perturbed,7,0.3
pair,"0,9",0.9999999999999895,0.0,0.07646348650323007,0.5234931550883506,6.846315529520571,perturbed,7,0.3
pair,"0,10",0.9999999999999893,0.0,0.07548698480122941,0.5258089271820128,6.9655574211443305,perturbed,7,0.3
pair,"0,11",0.9999999999999895,0.0,0.07842701526096424,0.5183193887960348,6.608939369569758,perturbed,7,0.3
pair,"1,2",0.9999999999999895,0.0,0.04244463284055545,0.5508848577576955,12.978905008487438,perturbed,7,0.3
pair,"1,3",0.9999999999999893,0.0,0.0669892009466673,0.5624015737421273,8.39540651022061,perturbed,7,0.3
pair,"1,4",0.9999999999999895,0.0,0.07032810748071436,0.5554887197552534,7.898530753263645,perturbed,7,0.3
pair,"1,5",0.9999999999999896,0.0,0.06784827116811308,0.5194181118948246,7.655583597816675,perturbed,7,0.3
pair,"1,6",0.9999999999999895,0.0,0.07649914453571197,0.5209864471620476,6.810356512141601,perturbed,7,0.3
pair,"1,7",0.9999999999999893,0.0,0.08323173148579145,0.5292608810080152,6.358883463794883,perturbed,7,0.3
pair,"1,8",0.9999999999999893,0.0,0.07171257404643128,0.5506232871821486,7.678197226969431,perturbed,7,0.3
pair,"1,9",0.9999999999999896,0.0,0.07407147276903701,0.5322489240960018,7.185612816902026,perturbed,7,0.3
pair,"1,10",0.9999999999999896,0.0,0.07252469175391346,0.5340065922552834,7.3631004743493875,perturbed,7,0.3
pair,"1,11",0.9999999999999896,0.0,0.07532467656978128,0.5263610337027655,6.987896366407112,perturbed,7,0.3
pair,"2,3",0.9999999999999895,0.0,0.015290691761291294,0.6631279300836177,43.368079118718484,perturbed,7,0.3
pair,"2,4",0.9999999999999895,0.0,0.042815955233685095,0.543063715388808,12.683676270325442,perturbed,7,0.3
pair,"2,5",0.9999999999999896,0.0,0.07391004711049994,0.5363048792544458,7.256183701961899,perturbed,7,0.3
pair,"2,6",0.9999999999999895,0.0,0.07810884000215963,0.5218546541656993,6.681121549766589,perturbed,7,0.3
pair,"2,7",0.9999999999999896,0.0,0.07967129704198006,0.5247708159857467,6.586698540996975,perturbed,7,0.3
pair,"2,8",0.9999999999999895,0.0,0.07213511408651346,0.5510872823161235,7.639653576414817,perturbed,7,0.3
pair,"2,9",0.9999999999999896,0.0,0.07691214367427436,0.5352281573851996,6.9589551378506584,perturbed,7,0.3
pair,"2,10",0.9999999999999896,0.0,0.07312848756176757,0.5346926145304923,7.311687036859161,perturbed,7,0.3
pair,"2,11",0.9999999999999896,0.0,0.07534290920755371,0.5264900287142427,6.987917433130628,perturbed,7,0.3
pair,"3,4",0.9999999999999893,0.0,0.03449996763322345,0.599572813410143,17.378938432184345,perturbed,7,0.3
pair,"3,5",0.9999999999999896,0.0,0.06533919489995582,0.5419262041398006,8.294044714961235,perturbed,7,0.3
pair,"3,6",0.9999999999999893,0.0,0.07099721082743657,0.5388011455100084,7.589046657334191,perturbed,7,0.3
pair,"3,7",0.9999999999999896,0.0,0.07290682946820895,0.5389215290213842,7.391921071761613,perturbed,7,0.3
pair,"3,8",0.9999999999999895,0.0,0.06545219186229102,0.5651801009384393,8.635006481181826,perturbed,7,0.3
pair,"3,9",0.9999999999999895,0.0,0.0716759852894244,0.5511468467063796,7.689421282189194,perturbed,7,0.3
pair,"3,10",0.9999999999999896,0.0,0.07047457843655539,0.5531588034727383,7.8490544497647265,perturbed,7,0.3
pair,"3,11",0.9999999999999896,0.0,0.0708114849931085,0.5429110932378935,7.666992060549649,perturbed,7,0.3
pair,"4,5",0.9999999999999895,0.0,0.049026309816328176,0.5485261692366105,11.18840417097687,perturbed,7,0.3
pair,"4,6",0.9999999999999895,0.0,0.07802114286246052,0.5162598789910868,6.616922798749243,perturbed,7,0.3
pair,"4,7",0.9999999999999893,0.0,0.08050400731929865,0.5148844674855511,6.395761958077353,perturbed,7,0.3
pair,"4,8",0.9999999999999896,0.0,0.07299292881243007,0.5380287935051867,7.3709714387233225,perturbed,7,0.3
pair,"4,9",0.9999999999999895,0.0,0.07964717134149685,0.5242973399431562,6.582749030661342,perturbed,7,0.3
pair,"4,10",0.9999999999999895,0.0,0.08221192589698108,0.5309725091538324,6.458582539705841,perturbed,7,0.3
pair,"4,11",0.9999999999999896,0.0,0.08957955715780733,0.5276287926077815,5.890058059544626,perturbed,7,0.3
pair,"5,6",0.9999999999999896,0.0,0.049724947681576946,0.5466938538770663,10.994357548205443,perturbed,7,0.3
pair,"5,7",0.9999999999999895,0.0,0.0782296385151266,0.5165445035564896,6.602925864940688,perturbed,7,0.3
pair,"5,8",0.9999999999999895,0.0,0.07113464848503273,0.5381665127229984,7.565462460058866,perturbed,7,0.3
pair,"5,9",0.9999999999999896,0.0,0.07837549028438491,0.5220868213881056,6.6613531793385565,perturbed,7,0.3
pair,"5,10",0.9999999999999895,0.0,0.07626829749898066,0.5241686150052698,6.872693270913453,perturbed,7,0.3
pair,"5,11",0.9999999999999895,0.0,0.10127968196126813,0.5418366844263193,5.349905074085156,perturbed,7,0.3
pair,"6,7",0.9999999999999893,0.0,0.04901818202692686,0.5494553297158349,11.209214764717427,perturbed,7,0.3
pair,"6,8",0.9999999999999896,0.0,0.06580408037686372,0.5409270585442797,8.220266212161306,perturbed,7,0.3
pair,"6,9",0.9999999999999896,0.0,0.07392909535187304,0.5357417653901655,7.246697160843753,perturbed,7,0.3
pair,"6,10",0.9999999999999898,0.0,0.06839203360895667,0.5223589764219844,7.63771668800876,perturbed,7,0.3
pair,"6,11",0.9999999999999893,0.0,0.09140893584431596,0.532132174650965,5.821445898432415,perturbed,7,0.3
pair,"7,8",0.9999999999999896,0.0,0.03495532302780254,0.6001738932402856,17.16974243845274,perturbed,7,0.3
pair,"7,9",0.9999999999999896,0.0,0.044054152900374254,0.5426847490958646,12.31858322921593,perturbed,7,0.3
pair,"7,10",0.9999999999999893,0.0,0.06977419344516324,0.5559129302730774,7.967314315284478,perturbed,7,0.3
pair,"7,11",0.9999999999999893,0.0,0.08505417784561084,0.524773459396651,6.169872811529758,perturbed,7,0.3
pair,"8,9",0.9999999999999895,0.0,0.015709207273870946,0.6616516689218903,42.11871785678279,perturbed,7,0.3
pair,"8,10",0.9999999999999895,0.0,0.06666551131488982,0.5637672044496126,8.45665462290836,perturbed,7,0.3
pair,"8,11",0.9999999999999896,0.0,0.07008036414285304,0.5446607870562951,7.771945732845351,perturbed,7,0.3
pair,"9,10",0.9999999999999895,0.0,0.0425660333239479,0.5528079310060512,12.987067101106605,perturbed,7,0.3
pair,"9,11",0.9999999999999896,0.0,0.06789444399159167,0.5341705323868582,7.86766193199862,perturbed,7,0.3
pair,"10,11",0.9999999999999893,0.0,0.04297203599633136,0.5636195746337452,13.115961614708294,perturbed,7,0.3
modular_A,"0,1,2,3",0.9999999999999893,0.0,0.0003058310034642213,0.3838586927284086,1255.1333526697715,perturbed,7,0.3
single,0,0.9999999999999893,0.0,0.28179669906546456,0.7182033009345248,2.5486576078298135,perturbed,8,0.3
single,1,0.9999999999999893,0.0,0.2706596493493098,0.7293403506506795,2.694677069168158,perturbed,8,0.3
single,2,0.9999999999999893,0.0,0.27057060895989027,0.7294293910400991,2.6958929273365038,perturbed,8,0.3
single,3,0.9999999999999893,0.0,0.24947514451171254,0.7505248554882769,3.008415355193995,perturbed,8,0.3
single,4,0.9999999999999891,0.0,0.28362521174488464,0.7163747882551046,2.5257796507155006,perturbed,8,0.3
single,5,0.9999999999999891,0.0,0.2870328028145658,0.7129671971854233,2.4839223607694327,perturbed,8,0.3
single,6,0.9999999999999892,0.0,0.28699943875279366,0.7130005612471956,2.4843273713205307,perturbed,8,0.3
single,7,0.9999999999999892,0.0,0.2848019866865482,0.715198013313441,2.5112114618097263,perturbed,8,0.3
single,8,0.9999999999999893,0.0,0.25074817407017397,0.7492518259298153,2.9880649329080695,perturbed,8,0.3
single,9,0.9999999999999891,0.0,0.27145946077485555,0.7285405392251336,2.6837913003495366,perturbed,8,0.3
single,10,0.9999999999999892,0.0,0.26909050776244836,0.7309094922375409,2.7162217586760207,perturbed,8,0.3
single,11,0.9999999999999893,0.0,0.26791133727708694,0.7320886627229024,2.7325781363471777,perturbed,8,0.3
pair,"0,1",0.9999999999999893,0.0,0.044496919433539554,0.5524384661869407,12.415207012522764,perturbed,8,0.3
pair,"0,2",0.9999999999999893,0.0,0.06834014970650079,0.5313549002119506,7.7751497837501224,perturbed,8,0.3
pair,"0,3",0.9999999999999895,0.0,0.07088868087631671,0.5431368288693929,7.661827278420272,perturbed,8,0.3
pair,"0,4",0.9999999999999893,0.0,0.08571734478576976,0.5228289221557357,6.0994530740823,perturbed,8,0.3
pair,"0,5",0.9999999999999891,0.0,0.09144284339634004,0.5298257110936364,5.794064263697671,perturbed,8,0.3
pair,"0,6",0.9999999999999892,0.0,0.09981257373078117,0.5392717204393518,5.402843552495691,perturbed,8,0.3
pair,"0,7",0.9999999999999892,0.0,0.09026899611337526,0.5253410235129813,5.8197282138063,perturbed,8,0.3
pair,"0,8",0.9999999999999893,0.0,0.07198016184645495,0.5395913930592205,7.4963903833705485,perturbed,8,0.3
pair,"0,9",0.9999999999999891,0.0,0.07653543838547806,0.523313140220728,6.837527180350248,perturbed,8,0.3
pair,"0,10",0.9999999999999892,0.0,0.0758254542755223,0.5249461503922486,6.923086124677657,perturbed,8,0.3
pair,"0,11",0.9999999999999893,0.0,0.07549631179590247,0.5257887083475025,6.964429067328815,perturbed,8,0.3
pair,"1,2",0.9999999999999893,0.0,0.042448519733606194,0.5508731208616109,12.977440069022913,perturbed,8,0.3
pair,"1,3",0.9999999999999893,0.0,0.06702453372055142,0.5623842770481183,8.390722707492362,perturbed,8,0.3
pair,"1,4",0.9999999999999892,0.0,0.07012924898090972,0.5559344411642763,7.927283540646647,perturbed,8,0.3
pair,"1,5",0.9999999999999891,0.0,0.06768398368599933,0.5196400174689022,7.677444340150321,perturbed,8,0.3
pair,"1,6",0.9999999999999893,0.0,0.07613172089949281,0.5213265305974628,6.847691401665608,perturbed,8,0.3
pair,"1,7",0.9999999999999892,0.0,0.08321254083274854,0.5292539464352812,6.360266627347014,perturbed,8,0.3
pair,"1,8",0.9999999999999892,0.0,0.07173416984678195,0.5506209880178793,7.675853630061638,perturbed,8,0.3
pair,"1,9",0.9999999999999891,0.0,0.074150869977366,0.532064249024806,7.1754282746408045,perturbed,8,0.3
pair,"1,10",0.9999999999999891,0.0,0.07284940435284332,0.5331315663977038,7.318269396074967,perturbed,8,0.3
pair,"1,11",0.9999999999999893,0.0,0.07250917356579618,0.5339463859787853,7.3638459759063775,perturbed,8,0.3
pair,"2,3",0.9999999999999893,0.0,0.015282119987300375,0.6632577591607242,43.40089985629607,perturbed,8,0.3
pair,"2,4",0.9999999999999893,0.0,0.042615380380603474,0.543757418634379,12.759651885727903,perturbed,8,0.3
pair,"2,5",0.9999999999999892,0.0,0.07369002544480684,0.5366827172677011,7.282976414082957,perturbed,8,0.3
pair,"2,6",0.9999999999999892,0.0,0.07795998328485086,0.5221306323119456,6.697418474349592,perturbed,8,0.3
pair,"2,7",0.9999999999999892,0.0,0.07964110248810537,0.5246904321223544,6.588186448080857,perturbed,8,0.3
pair,"2,8",0.9999999999999893,0.0,0.07209956667334885,0.5510630189013317,7.643083645675067,perturbed,8,0.3
pair,"2,9",0.9999999999999891,0.0,0.07705713977010827,0.5350985472617373,6.944178681665925,perturbed,8,0.3
pair,"2,10",0.9999999999999891,0.0,0.07348369013053484,0.5338523252812972,7.26490904761279,perturbed,8,0.3
pair,"2,11",0.9999999999999893,0.0,0.0725217330668528,0.5340757130777156,7.36435397352388,perturbed,8,0.3
pair,"3,4",0.9999999999999895,0.0,0.03420542392191549,0.60125828468412,17.57786385155404,perturbed,8,0.3
pair,"3,5",0.9999999999999891,0.0,0.06522026897320796,0.5421133859174619,8.312038488221482,perturbed,8,0.3
pair,"3,6",0.9999999999999891,0.0,0.07078030375259808,0.5389782275445809,7.614805234920979,perturbed,8,0.3
pair,"3,7",0.9999999999999891,0.0,0.07276769134802852,0.5388573188593591,7.40517266491454,perturbed,8,0.3
pair,"3,8",0.9999999999999891,0.0,0.06554723035382,0.5654397083427518,8.626446995403809,perturbed,8,0.3
pair,"3,9",0.9999999999999891,0.0,0.07210770024527097,0.5514331309552584,7.6473542919769235,perturbed,8,0.3
pair,"3,10",0.9999999999999891,0.0,0.07099406423365363,0.5526019477643295,7.783776766824079,perturbed,8,0.3
pair,"3,11",0.9999999999999892,0.0,0.06804854250633875,0.5507059054947435,8.092839100021063,perturbed,8,0.3
pair,"4,5",0.9999999999999893,0.0,0.048592573691406765,0.5489682944999265,11.297370211057732,perturbed,8,0.3
pair,"4,6",0.9999999999999893,0.0,0.07791073141233702,0.5171151463253143,6.637277521995257,perturbed,8,0.3
pair,"4,7",0.9999999999999893,0.0,0.08035990069219302,0.5156574311418479,6.4168500296808375,perturbed,8,0.3
pair,"4,8",0.9999999999999893,0.0,0.07294339472349026,0.538949127195103,7.388593980827479,perturbed,8,0.3
pair,"4,9",0.9999999999999893,0.0,0.07948157561692455,0.5247862889631069,6.602615573355098,perturbed,8,0.3
pair,"4,10",0.9999999999999893,0.0,0.0818126416731591,0.5305285583291943,6.484677031315673,perturbed,8,0.3
pair,"4,11",0.9999999999999893,0.0,0.08443715406588241,0.5343072771080781,6.32786932505071,perturbed,8,0.3
pair,"5,6",0.9999999999999893,0.0,0.049776903114114986,0.5460686592602985,10.970322079065873,perturbed,8,0.3
pair,"5,7",0.9999999999999893,0.0,0.07802108735240768,0.5162587554603457,6.616913106177241,perturbed,8,0.3
pair,"5,8",0.9999999999999892,0.0,0.0711362004226504,0.5380186817506973,7.563219268868729,perturbed,8,0.3
pair,"5,9",0.9999999999999892,0.0,0.07820272221739806,0.5213353490707071,6.666460377446088,perturbed,8,0.3
pair,"5,10",0.9999999999999893,0.0,0.075798922860858,0.5220736745697128,6.887613370549725,perturbed,8,0.3
pair,"5,11",0.9999999999999891,0.0,0.09351047350751378,0.5456194090737174,5.834848104259419,perturbed,8,0.3
pair,"6,7",0.9999999999999893,0.0,0.048982458041523125,0.5491632136789877,11.21142620514173,perturbed,8,0.3
pair,"6,8",0.9999999999999892,0.0,0.06567083636296946,0.5413341029240138,8.243143119603422,perturbed,8,0.3
pair,"6,9",0.9999999999999893,0.0,0.07430233133633024,0.536115362812253,7.21532357289735,perturbed,8,0.3
pair,"6,10",0.9999999999999893,0.0,0.06828037242106558,0.5215566928348665,7.63845706081647,perturbed,8,0.3
pair,"6,11",0.9999999999999893,0.0,0.08625431901807909,0.5376921612204748,6.2337998530574845,perturbed,8,0.3
pair,"7,8",0.9999999999999893,0.0,0.0349755584901698,0.6001985233319872,17.16051291934848,perturbed,8,0.3
pair,"7,9",0.9999999999999891,0.0,0.04382469214910357,0.5418928477235704,12.365012077663955,perturbed,8,0.3
pair,"7,10",0.9999999999999893,0.0,0.07025343277277905,0.5558682308484697,7.912328393209147,perturbed,8,0.3
pair,"7,11",0.9999999999999893,0.0,0.08221366516692376,0.5317324485527772,6.467689373453504,perturbed,8,0.3
pair,"8,9",0.9999999999999893,0.0,0.015841718303451,0.6622264352019276,41.80268974090181,perturbed,8,0.3
pair,"8,10",0.9999999999999895,0.0,0.06694175406843705,0.5626334972858553,8.404821551443874,perturbed,8,0.3
pair,"8,11",0.9999999999999892,0.0,0.06842432623990227,0.5532771238085172,8.085971089706815,perturbed,8,0.3
pair,"9,10",0.9999999999999891,0.0,0.04279247445675007,0.5523891765203617,12.908558888751712,perturbed,8,0.3
pair,"9,11",0.9999999999999893,0.0,0.06524456300051405,0.5414921651048498,8.29942205453324,perturbed,8,0.3
pair,"10,11",0.9999999999999893,0.0,0.042062224955323836,0.5665520118672649,13.46937810515314,perturbed,8,0.3
modular_A,"0,1,2,3",0.9999999999999893,0.0,0.00031346594134263483,0.38298704271694073,1221.7819935286548,perturbed,8,0.3
single,0,0.9999999999999896,0.0,0.2817966990654646,0.718203300934525,2.548657607829814,perturbed,9,0.3
single,1,0.9999999999999896,0.0,0.27065964934930986,0.7293403506506797,2.6946770691681583,perturbed,9,0.3
single,2,0.9999999999999896,0.0,0.27057062063291715,0.7294293793670724,2.695892767887347,perturbed,9,0.3
single,3,0.9999999999999896,0.0,0.24947388300798262,0.7505261169920069,3.008435624373521,perturbed,9,0.3
single,4,0.9999999999999893,0.0,0.28349651945402576,0.7165034805459637,2.527380166521438,perturbed,9,0.3
single,5,0.9999999999999896,0.0,0.2860874024356837,0.7139125975643059,2.495435281267944,perturbed,9,0.3
single,6,0.9999999999999897,0.0,0.28703280575403045,0.7129671942459592,2.4839223250910507,perturbed,9,0.3
single,7,0.9999999999999897,0.0,0.28453860596367264,0.715461394036317,2.5144615846176626,perturbed,9,0.3
single,8,0.9999999999999895,0.0,0.25075106184614115,0.7492489381538483,2.9880190043365857,perturbed,9,0.3
single,9,0.9999999999999896,0.0,0.27166032759356606,0.7283396724064235,2.6810674891627913,perturbed,9,0.3
single,10,0.9999999999999896,0.0,0.26870732248055906,0.7312926775194304,2.7215212103955198,perturbed,9,0.3
single,11,0.9999999999999896,0.0,0.2841868318432278,0.7158131681567618,2.518811879896115,perturbed,9,0.3
pair,"0,1",0.9999999999999895,0.0,0.044496919433539533,0.5524384661869407,12.41520701252277,perturbed,9,0.3
pair,"0,2",0.9999999999999895,0.0,0.06834016764581126,0.5313548553480119,7.775147086291644,perturbed,9,0.3
pair,"0,3",0.9999999999999893,0.0,0.07089034843852089,0.5431353779859923,7.661626581748604,perturbed,9,0.3
pair,"0,4",0.9999999999999896,0.0,0.08596274993264579,0.5227548563043377,6.081178844487068,perturbed,9,0.3
pair,"0,5",0.9999999999999896,0.0,0.09143317775921968,0.5300825385307639,5.797485677755666,perturbed,9,0.3
pair,"0,6",0.9999999999999896,0.0,0.09842699952509577,0.5398924379226272,5.485206706773295,perturbed,9,0.3
pair,"0,7",0.9999999999999896,0.0,0.08899181895991246,0.5258691659010156,5.909185496454459,perturbed,9,0.3
pair,"0,8",0.9999999999999896,0.0,0.07196921600693554,0.539594403761475,7.497572346897253,perturbed,9,0.3
pair,"0,9",0.9999999999999896,0.0,0.07658750553291668,0.5231710490606621,6.831023486406767,perturbed,9,0.3
pair,"0,10",0.9999999999999895,0.0,0.07571793010331912,0.525221119759375,6.936548833845523,perturbed,9,0.3
pair,"0,11",0.9999999999999896,0.0,0.08008269470271104,0.5140995936569863,6.4196090749126915,perturbed,9,0.3
pair,"1,2",0.9999999999999896,0.0,0.04244853539870833,0.5508730781196935,12.97743427294917,perturbed,9,0.3
pair,"1,3",0.9999999999999896,0.0,0.06702702684037785,0.5623823639796012,8.390382066608623,perturbed,9,0.3
pair,"1,4",0.9999999999999895,0.0,0.07012278755656833,0.5559626105529608,7.928415710862373,perturbed,9,0.3
pair,"1,5",0.9999999999999896,0.0,0.0673835675101415,0.5201020680107398,7.718529713234051,perturbed,9,0.3
pair,"1,6",0.9999999999999897,0.0,0.07588111094403868,0.5214857113783866,6.872404803917215,perturbed,9,0.3
pair,"1,7",0.9999999999999897,0.0,0.08260801581370032,0.5296105133840039,6.411127396866605,perturbed,9,0.3
pair,"1,8",0.9999999999999896,0.0,0.07172120321272886,0.5506280631346303,7.677340012010654,perturbed,9,0.3
pair,"1,9",0.9999999999999897,0.0,0.07418921186438948,0.531921948052559,7.169801844301292,perturbed,9,0.3
pair,"1,10",0.9999999999999896,0.0,0.07275049124879406,0.5334089715720115,7.332032573468753,perturbed,9,0.3
pair,"1,11",0.9999999999999896,0.0,0.07691446261820326,0.5220759761426732,6.787747822333665,perturbed,9,0.3
pair,"2,3",0.9999999999999893,0.0,0.01528229264136244,0.6632580314860628,43.40042734759019,perturbed,9,0.3
pair,"2,4",0.9999999999999895,0.0,0.04260187972677126,0.5437961908021798,12.764605559422186,perturbed,9,0.3
pair,"2,5",0.9999999999999895,0.0,0.07336378648567683,0.5372947409816498,7.323705150995013,perturbed,9,0.3
pair,"2,6",0.9999999999999896,0.0,0.07793740119614753,0.5221433456158586,6.699522149856702,perturbed,9,0.3
pair,"2,7",0.9999999999999897,0.0,0.07950087773343736,0.5249418464428923,6.602969192403098,perturbed,9,0.3
pair,"2,8",0.9999999999999896,0.0,0.07209564565026892,0.5510630287334536,7.643499461904023,perturbed,9,0.3
pair,"2,9",0.9999999999999898,0.0,0.07708023083625846,0.5349417678474001,6.940064424349959,perturbed,9,0.3
pair,"2,10",0.9999999999999893,0.0,0.0734051769446802,0.5341331603197315,7.276505316815275,perturbed,9,0.3
pair,"2,11",0.9999999999999895,0.0,0.07693186038950633,0.5222079403164609,6.787928144107265,perturbed,9,0.3
pair,"3,4",0.9999999999999896,0.0,0.0341844718909879,0.6013986846308028,17.592744639982293,perturbed,9,0.3
pair,"3,5",0.9999999999999895,0.0,0.06489688589175036,0.5428130073147492,8.36423812723734,perturbed,9,0.3
pair,"3,6",0.9999999999999895,0.0,0.07074805082530548,0.5390638080486235,7.619486357012238,perturbed,9,0.3
pair,"3,7",0.9999999999999896,0.0,0.07271886805401752,0.5391155898268734,7.413696118404977,perturbed,9,0.3
pair,"3,8",0.9999999999999895,0.0,0.06551030558876085,0.5653976936038753,8.630667931136573,perturbed,9,0.3
pair,"3,9",0.9999999999999895,0.0,0.07211564654080664,0.5512539572425257,7.6440271104079835,perturbed,9,0.3
pair,"3,10",0.9999999999999895,0.0,0.07109860630683357,0.5530627610181396,7.778812971823085,perturbed,9,0.3
pair,"3,11",0.9999999999999893,0.0,0.07228602461185252,0.5386620937476951,7.451815155697085,perturbed,9,0.3
pair,"4,5",0.9999999999999893,0.0,0.048156128084189315,0.5504319230251028,11.430153231231673,perturbed,9,0.3
pair,"4,6",0.9999999999999896,0.0,0.07782489301444218,0.5172549639880979,6.6463947967407995,perturbed,9,0.3
pair,"4,7",0.9999999999999895,0.0,0.08015644859339428,0.5158329150386181,6.435326465812609,perturbed,9,0.3
pair,"4,8",0.9999999999999893,0.0,0.07280593345809662,0.5389276149279986,7.402248543907177,perturbed,9,0.3
pair,"4,9",0.9999999999999896,0.0,0.07974590941285567,0.5250402873167959,6.583914976736791,perturbed,9,0.3
pair,"4,10",0.9999999999999893,0.0,0.08268674035542878,0.5317857967276769,6.431331002308191,perturbed,9,0.3
pair,"4,11",0.9999999999999893,0.0,0.09052674113013565,0.5240323405747952,5.788702145164805,perturbed,9,0.3
pair,"5,6",0.9999999999999896,0.0,0.04934295566224946,0.5465030311607837,11.075603879540068,perturbed,9,0.3
pair,"5,7",0.9999999999999896,0.0,0.07791244045478014,0.5171164446773923,6.637148594742365,perturbed,9,0.3
pair,"5,8",0.9999999999999896,0.0,0.07101516906797034,0.5388545395092066,7.587879414797363,perturbed,9,0.3
pair,"5,9",0.9999999999999896,0.0,0.07821299505993574,0.5220634789552209,6.6748943517014805,perturbed,9,0.3
pair,"5,10",0.9999999999999895,0.0,0.0755694425045986,0.5230910433147706,6.921991561376665,perturbed,9,0.3
pair,"5,11",0.9999999999999896,0.0,0.09963941614264785,0.5362221059549748,5.381626335378134,perturbed,9,0.3
pair,"6,7",0.9999999999999896,0.0,0.04903339582152543,0.5485378516155874,11.187025545042546,perturbed,9,0.3
pair,"6,8",0.9999999999999895,0.0,0.06545071607582496,0.5410992421652336,8.267277649619105,perturbed,9,0.3
pair,"6,9",0.9999999999999897,0.0,0.07434947530013261,0.535377817090904,7.20082845144099,perturbed,9,0.3
pair,"6,10",0.9999999999999896,0.0,0.06729183777667319,0.5206164032561124,7.736694678839411,perturbed,9,0.3
pair,"6,11",0.9999999999999896,0.0,0.09093152996539343,0.5266880079598578,5.792138416238062,perturbed,9,0.3
pair,"7,8",0.9999999999999893,0.0,0.035020053202202965,0.5999287819168222,17.131007153326745,perturbed,9,0.3
pair,"7,9",0.9999999999999896,0.0,0.04351279988700391,0.5421164884058254,12.458782009285061,perturbed,9,0.3
pair,"7,10",0.9999999999999897,0.0,0.07018034636775852,0.5566369296271163,7.9315215503530245,perturbed,9,0.3
pair,"7,11",0.9999999999999897,0.0,0.08602934238235771,0.5198435502876414,6.042630757040952,perturbed,9,0.3
pair,"8,9",0.9999999999999895,0.0,0.015946705405029,0.6622475309966281,41.52879947150588,perturbed,9,0.3
pair,"8,10",0.9999999999999896,0.0,0.06716789857703435,0.5631650889713313,8.384438115559645,perturbed,9,0.3
pair,"8,11",0.9999999999999895,0.0,0.0713500712718639,0.5402870991438545,7.572341407834174,perturbed,9,0.3
pair,"9,10",0.9999999999999897,0.0,0.04265933107129623,0.5528077343386101,12.958659230139041,perturbed,9,0.3
pair,"9,11",0.9999999999999896,0.0,0.0694429761495663,0.5299653630641213,7.631662587771035,perturbed,9,0.3
pair,"10,11",0.9999999999999896,0.0,0.04551246407910546,0.555526006579719,12.206019116305287,perturbed,9,0.3
modular_A,"0,1,2,3",0.9999999999999895,0.0,0.00031424070484982773,0.38295641399082675,1218.6722091711115,perturbed,9,0.3
single,0,0.9999999999999897,0.0,0.2817966990654647,0.718203300934525,2.5486576078298135,perturbed,10,0.3
single,1,0.9999999999999898,0.0,0.2706596493493099,0.7293403506506798,2.6946770691681583,perturbed,10,0.3
single,2,0.9999999999999898,0.0,0.2705706206329172,0.7294293793670725,2.695892767887347,perturbed,10,0.3
single,3,0.9999999999999896,0.0,0.24947388506083146,0.7505261149391582,3.008435591389258,perturbed,10,0.3
single,4,0.9999999999999897,0.0,0.28349503631915307,0.7165049636808366,2.5273986203913976,perturbed,10,0.3
single,5,0.9999999999999898,0.0,0.2859586926323528,0.714041307367637,2.497008574191711,perturbed,10,0.3
single,6,0.9999999999999897,0.0,0.28608740348117717,0.7139125965188124,2.495435268494034,perturbed,10,0.3
single,7,0.9999999999999896,0.0,0.28459345444401274,0.7154065455559768,2.5137842574545815,perturbed,10,0.3
single,8,0.9999999999999898,0.0,0.25058604641326915,0.7494139535867207,2.9906451868065282,perturbed,10,0.3
single,9,0.9999999999999897,0.0,0.2700512955146543,0.7299487044853354,2.70300019518227,perturbed,10,0.3
single,10,0.9999999999999897,0.0,0.2762294441064802,0.7237705558935095,2.6201788814899554,perturbed,10,0.3
single,11,0.9999999999999897,0.0,0.2819664086056939,0.7180335913942958,2.5465217468454013,perturbed,10,0.3
pair,"0,1",0.9999999999999897,0.0,0.04449691943353947,0.5524384661869405,12.415207012522782,perturbed,10,0.3
pair,"0,2",0.9999999999999897,0.0,0.06834016764581123,0.5313548553480116,7.775147086291644,perturbed,10,0.3
pair,"0,3",0.9999999999999897,0.0,0.07089035854764607,0.5431353685626927,7.661625356255554,perturbed,10,0.3
pair,"0,4",0.9999999999999898,0.0,0.08597710504631939,0.5227494793573928,6.080100964969293,perturbed,10,0.3
pair,"0,5",0.9999999999999898,0.0,0.09144827355351029,0.5301018772016117,5.796740130817521,perturbed,10,0.3
pair,"0,6",0.9999999999999897,0.0,0.09811418793671091,0.540406076985467,5.5079299778138,perturbed,10,0.3
pair,"0,7",0.9999999999999896,0.0,0.08825559040478494,0.5261452605567474,5.961608303151994,perturbed,10,0.3
pair,"0,8",0.9999999999999896,0.0,0.07163923098593246,0.5398028965560697,7.535018021928082,perturbed,10,0.3
pair,"0,9",0.9999999999999896,0.0,0.07614530391923632,0.5243222980896269,6.885812664767226,perturbed,10,0.3
pair,"0,10",0.9999999999999896,0.0,0.07783572459955237,0.5198195177864076,6.6784181744406474,perturbed,10,0.3
pair,"0,11",0.9999999999999898,0.0,0.07945700651435858,0.5156942966638328,6.490230620135964,perturbed,10,0.3
pair,"1,2",0.9999999999999896,0.0,0.04244853539870835,0.5508730781196935,12.977434272949164,perturbed,10,0.3
pair,"1,3",0.9999999999999896,0.0,0.06702703997840735,0.5623823535133028,8.390380265852011,perturbed,10,0.3
pair,"1,4",0.9999999999999898,0.0,0.07012318608234291,0.5559620452534485,7.928362590379223,perturbed,10,0.3
pair,"1,5",0.9999999999999898,0.0,0.0675055906804849,0.5200762026065835,7.704194532097201,perturbed,10,0.3
pair,"1,6",0.9999999999999897,0.0,0.07557670636270607,0.5220458188593117,6.907496290641734,perturbed,10,0.3
pair,"1,7",0.9999999999999896,0.0,0.08222504048291503,0.5297842348687539,6.443100930778309,perturbed,10,0.3
pair,"1,8",0.9999999999999897,0.0,0.07130632615227862,0.5508526032141084,7.725157541250016,perturbed,10,0.3
pair,"1,9",0.9999999999999896,0.0,0.07378906372974635,0.5330832569664596,7.224420937483172,perturbed,10,0.3
pair,"1,10",0.9999999999999898,0.0,0.07476814154219542,0.5279299584165478,7.060894486973577,perturbed,10,0.3
pair,"1,11",0.9999999999999897,0.0,0.07631412440539635,0.5236950595106042,6.86236084854526,perturbed,10,0.3
pair,"2,3",0.9999999999999898,0.0,0.015282294137957484,0.6632580258692214,43.40042272984726,perturbed,10,0.3
pair,"2,4",0.9999999999999898,0.0,0.04260259601480001,0.5437954082372625,12.764372575989258,perturbed,10,0.3
pair,"2,5",0.9999999999999898,0.0,0.07342532522114734,0.5373199774735036,7.31791075974355,perturbed,10,0.3
pair,"2,6",0.9999999999999896,0.0,0.0776247037820585,0.5227905898077609,6.734848113244513,perturbed,10,0.3
pair,"2,7",0.9999999999999896,0.0,0.07945830200469726,0.5249353905763432,6.6064259785630846,perturbed,10,0.3
pair,"2,8",0.9999999999999897,0.0,0.07190349170963878,0.5512216140008267,7.666131378247582,perturbed,10,0.3
pair,"2,9",0.9999999999999897,0.0,0.076682417608556,0.5361048450877347,6.9912355635996235,perturbed,10,0.3
pair,"2,10",0.9999999999999898,0.0,0.07537059440076405,0.5286613012937815,7.014158578646189,perturbed,10,0.3
pair,"2,11",0.9999999999999898,0.0,0.07633781788088397,0.5238245527676555,6.86192725059316,perturbed,10,0.3
pair,"3,4",0.9999999999999898,0.0,0.03418498292803649,0.6013993815400129,17.592502029503162,perturbed,10,0.3
pair,"3,5",0.9999999999999898,0.0,0.06488734593003959,0.5428889540622954,8.36663830645237,perturbed,10,0.3
pair,"3,6",0.9999999999999897,0.0,0.07045942439046338,0.539740069027522,7.660296315173636,perturbed,10,0.3
pair,"3,7",0.9999999999999896,0.0,0.07272190027052777,0.5390785004153256,7.412876979423482,perturbed,10,0.3
pair,"3,8",0.9999999999999896,0.0,0.06544815284959847,0.5655473247999814,8.641150287306406,perturbed,10,0.3
pair,"3,9",0.9999999999999898,0.0,0.07170303444876915,0.5524368523676376,7.704511484271231,perturbed,10,0.3
pair,"3,10",0.9999999999999898,0.0,0.0727932557939416,0.5473438221277512,7.519155671194821,perturbed,10,0.3
pair,"3,11",0.9999999999999898,0.0,0.07176871587893051,0.5403331870321293,7.5288122466011345,perturbed,10,0.3
pair,"4,5",0.9999999999999898,0.0,0.04812385503161548,0.5505572636669078,11.440423118746686,perturbed,10,0.3
pair,"4,6",0.9999999999999898,0.0,0.07743383291620351,0.5179266457057494,6.68863500875946,perturbed,10,0.3
pair,"4,7",0.9999999999999896,0.0,0.08015012807425213,0.5158846990094178,6.436480033213365,perturbed,10,0.3
pair,"4,8",0.9999999999999896,0.0,0.07276615327033265,0.5390982205365137,7.408639818209387,perturbed,10,0.3
pair,"4,9",0.9999999999999898,0.0,0.07921840209291205,0.5261054915570325,6.64120302426682,perturbed,10,0.3
pair,"4,10",0.9999999999999897,0.0,0.08444490787620224,0.5261890523239532,6.2311519493319345,perturbed,10,0.3
pair,"4,11",0.9999999999999897,0.0,0.0903978921667376,0.5258996804883008,5.817609989382125,perturbed,10,0.3
pair,"5,6",0.9999999999999898,0.0,0.04889902258986133,0.5479568644976494,11.205885833212179,perturbed,10,0.3
pair,"5,7",0.9999999999999897,0.0,0.0778355462893855,0.5172399443890943,6.6452921453912985,perturbed,10,0.3
pair,"5,8",0.9999999999999897,0.0,0.07082055476264915,0.5389558361108252,7.61016117308179,perturbed,10,0.3
pair,"5,9",0.9999999999999898,0.0,0.07763936054518082,0.5232313517996494,6.739253751261441,perturbed,10,0.3
pair,"5,10",0.9999999999999897,0.0,0.07784399164868795,0.518163268588701,6.656432405562986,perturbed,10,0.3
pair,"5,11",0.9999999999999896,0.0,0.1016172030132375,0.5392502883412335,5.306683045300767,perturbed,10,0.3
pair,"6,7",0.9999999999999896,0.0,0.048608281988707674,0.5489514362991957,11.293372525009714,perturbed,10,0.3
pair,"6,8",0.9999999999999897,0.0,0.06544148980451656,0.5419289626510828,8.28112202625437,perturbed,10,0.3
pair,"6,9",0.9999999999999897,0.0,0.07355648221000581,0.5373092700858673,7.304716782836818,perturbed,10,0.3
pair,"6,10",0.9999999999999896,0.0,0.06952988187450465,0.5161774942387208,7.423822395820778,perturbed,10,0.3
pair,"6,11",0.9999999999999897,0.0,0.09170346800909308,0.5296139847587353,5.7752885060597725,perturbed,10,0.3
pair,"7,8",0.9999999999999896,0.0,0.03517392721694299,0.5988823938106228,17.026315830952935,perturbed,10,0.3
pair,"7,9",0.9999999999999896,0.0,0.04315316659736936,0.5430198675329858,12.583546245852757,perturbed,10,0.3
pair,"7,10",0.9999999999999897,0.0,0.07220451093700112,0.5499189827992874,7.616130566677408,perturbed,10,0.3
pair,"7,11",0.9999999999999897,0.0,0.0858720454602734,0.5218828905193366,6.077447995119353,perturbed,10,0.3
pair,"8,9",0.9999999999999896,0.0,0.015490246550433833,0.6633520026296976,42.82385050941098,perturbed,10,0.3
pair,"8,10",0.9999999999999898,0.0,0.0682265027907533,0.5570667680206428,8.164961492004567,perturbed,10,0.3
pair,"8,11",0.9999999999999897,0.0,0.07075253919571586,0.5426258923576669,7.669348669687369,perturbed,10,0.3
pair,"9,10",0.9999999999999898,0.0,0.0440130137617736,0.5489023652812622,12.471365134236676,perturbed,10,0.3
pair,"9,11",0.9999999999999897,0.0,0.06782936466615189,0.5327658122952627,7.854500995512386,perturbed,10,0.3
pair,"10,11",0.9999999999999898,0.0,0.04508217286708677,0.5508651363063476,12.21913455525829,perturbed,10,0.3
modular_A,"0,1,2,3",0.9999999999999898,0.0,0.00031424600940624327,0.3829563020160235,1218.6512813308461,perturbed,10,0.3
single,0,0.9999999999999896,0.0,0.28179669906546473,0.7182033009345249,2.5486576078298127,perturbed,11,0.3
single,1,0.9999999999999896,0.0,0.2706596493493099,0.7293403506506796,2.6946770691681574,perturbed,11,0.3
single,2,0.9999999999999893,0.0,0.27057062063291704,0.7294293793670723,2.695892767887348,perturbed,11,0.3
single,3,0.9999999999999895,0.0,0.24947388506083146,0.750526114939158,3.008435591389257,perturbed,11,0.3
single,4,0.9999999999999896,0.0,0.2834950375594545,0.7165049624405351,2.527398604958896,perturbed,11,0.3
single,5,0.9999999999999896,0.0,0.2859572053998632,0.7140427946001264,2.4970267617549884,perturbed,11,0.3
single,6,0.9999999999999895,0.0,0.2859593080350614,0.714040691964928,2.497001048405739,perturbed,11,0.3
single,7,0.9999999999999896,0.0,0.28371852339831577,0.7162814766016737,2.524620063653996,perturbed,11,0.3
single,8,0.9999999999999896,0.0,0.2523499103193024,0.7476500896806872,2.9627515568944474,perturbed,11,0.3
single,9,0.9999999999999896,0.0,0.27517975107789466,0.724820248922095,2.633988315211904,perturbed,11,0.3
single,10,0.9999999999999896,0.0,0.2721351962998406,0.7278648037001489,2.6746441239382426,perturbed,11,0.3
single,11,0.9999999999999896,0.0,0.28196184282982334,0.7180381571701663,2.5465791752664018,perturbed,11,0.3
pair,"0,1",0.9999999999999896,0.0,0.04449691943353947,0.5524384661869405,12.415207012522782,perturbed,11,0.3
pair,"0,2",0.9999999999999896,0.0,0.06834016764581115,0.5313548553480116,7.7751470862916525,perturbed,11,0.3
pair,"0,3",0.9999999999999895,0.0,0.07089035854764612,0.5431353685626925,7.661625356255544,perturbed,11,0.3
pair,"0,4",0.9999999999999896,0.0,0.08597717545484188,0.5227494516456348,6.080095663531079,perturbed,11,0.3
pair,"0,5",0.9999999999999896,0.0,0.09144906579669915,0.5301013146501061,5.796683760866151,perturbed,11,0.3
pair,"0,6",0.9999999999999895,0.0,0.10123547672048833,0.5397029473824821,5.331164181432214,perturbed,11,0.3
pair,"0,7",0.9999999999999896,0.0,0.08781919466658489,0.526799398504737,5.998681729031883,perturbed,11,0.3
pair,"0,8",0.9999999999999895,0.0,0.07239728059448773,0.5384535743964435,7.437483424445654,perturbed,11,0.3
pair,"0,9",0.9999999999999893,0.0,0.07747739497499384,0.520681818232112,6.720435275349208,perturbed,11,0.3
pair,"0,10",0.9999999999999895,0.0,0.07668400868451959,0.522759096531535,6.8170548918769,perturbed,11,0.3
pair,"0,11",0.9999999999999896,0.0,0.07945572103574437,0.5156975749165987,6.490376881541409,perturbed,11,0.3
pair,"1,2",0.9999999999999896,0.0,0.04244853539870833,0.5508730781196935,12.97743427294917,perturbed,11,0.3
pair,"1,3",0.9999999999999896,0.0,0.06702703997840734,0.5623823535133028,8.390380265852013,perturbed,11,0.3
pair,"1,4",0.9999999999999895,0.0,0.07012318875354347,0.5559620398385985,7.928362211145234,perturbed,11,0.3
pair,"1,5",0.9999999999999896,0.0,0.06751455467173016,0.5200718314750176,7.7031068930797995,perturbed,11,0.3
pair,"1,6",0.9999999999999895,0.0,0.07609531732284913,0.5218885886660793,6.858353536418882,perturbed,11,0.3
pair,"1,7",0.9999999999999895,0.0,0.0819684282811414,0.5303652914434304,6.47036063231985,perturbed,11,0.3
pair,"1,8",0.9999999999999896,0.0,0.07206437178127065,0.5494909205157957,7.625001188987081,perturbed,11,0.3
pair,"1,9",0.9999999999999896,0.0,0.07479461124726688,0.5294841528860579,7.079175144524949,perturbed,11,0.3
pair,"1,10",0.9999999999999893,0.0,0.07367873033438294,0.5309083302093759,7.205720399902468,perturbed,11,0.3
pair,"1,11",0.9999999999999895,0.0,0.07631292082866174,0.5236983721043463,6.86251248697658,perturbed,11,0.3
pair,"2,3",0.9999999999999896,0.0,0.015282294137957429,0.6632580258692212,43.4004227298474,perturbed,11,0.3
pair,"2,4",0.9999999999999895,0.0,0.04260260210037099,0.5437954007730683,12.76437057745665,perturbed,11,0.3
pair,"2,5",0.9999999999999896,0.0,0.07343120385066966,0.5373178352899728,7.3172957423204865,perturbed,11,0.3
pair,"2,6",0.9999999999999895,0.0,0.07771428341382232,0.5228256773492104,6.727536488565502,perturbed,11,0.3
pair,"2,7",0.9999999999999895,0.0,0.07919088178367722,0.5255112056170841,6.636006491916626,perturbed,11,0.3
pair,"2,8",0.9999999999999896,0.0,0.07246296483795031,0.5499169152814717,7.588937556050276,perturbed,11,0.3
pair,"2,9",0.9999999999999895,0.0,0.07758949372937606,0.5325060796560931,6.863120946676337,perturbed,11,0.3
pair,"2,10",0.9999999999999893,0.0,0.07432777034478623,0.5316267207121232,7.152464257249371,perturbed,11,0.3
pair,"2,11",0.9999999999999896,0.0,0.07633711414807737,0.5238281075058671,6.862037075304611,perturbed,11,0.3
pair,"3,4",0.9999999999999893,0.0,0.03418498842172856,0.6013993767314705,17.592499061641067,perturbed,11,0.3
pair,"3,5",0.9999999999999896,0.0,0.06488881378992993,0.5428890971892091,8.366451249159063,perturbed,11,0.3
pair,"3,6",0.9999999999999895,0.0,0.0704599433977885,0.5398103585288013,7.661237470505038,perturbed,11,0.3
pair,"3,7",0.9999999999999896,0.0,0.07247179884020462,0.5396997212552509,7.447030843614797,perturbed,11,0.3
pair,"3,8",0.9999999999999893,0.0,0.06589585374066426,0.5642078051714425,8.562113898575541,perturbed,11,0.3
pair,"3,9",0.9999999999999893,0.0,0.07269336611539393,0.5485678081635503,7.546325579321092,perturbed,11,0.3
pair,"3,10",0.9999999999999893,0.0,0.07187255914547486,0.5504018905154261,7.658025497622479,perturbed,11,0.3
pair,"3,11",0.9999999999999895,0.0,0.0717766546206449,0.5403451315786485,7.528145947097827,perturbed,11,0.3
pair,"4,5",0.9999999999999895,0.0,0.048124609613178555,0.5505578379989035,11.440255670108073,perturbed,11,0.3
pair,"4,6",0.9999999999999895,0.0,0.07741766570878532,0.5180015610131427,6.690999480165934,perturbed,11,0.3
pair,"4,7",0.9999999999999895,0.0,0.07984565075272532,0.5164836798289913,6.46852614963956,perturbed,11,0.3
pair,"4,8",0.9999999999999893,0.0,0.0732759073944486,0.5378191242313207,7.339644684796712,perturbed,11,0.3
pair,"4,9",0.9999999999999893,0.0,0.08043160338235103,0.5223585599903775,6.49444419884582,perturbed,11,0.3
pair,"4,10",0.9999999999999893,0.0,0.0834578862751377,0.5290513189822255,6.339141123681095,perturbed,11,0.3
pair,"4,11",0.9999999999999895,0.0,0.09046817464629815,0.525958630251836,5.813742040316026,perturbed,11,0.3
pair,"5,6",0.9999999999999896,0.0,0.04886626888534062,0.5480808732454555,11.215934544367766,perturbed,11,0.3
pair,"5,7",0.9999999999999896,0.0,0.07746413140947088,0.517858444679093,6.685138466753387,perturbed,11,0.3
pair,"5,8",0.9999999999999893,0.0,0.07133113447515971,0.5377624271541902,7.538958003555377,perturbed,11,0.3
pair,"5,9",0.9999999999999895,0.0,0.07895260175539873,0.5195463799390686,6.58048459946467,perturbed,11,0.3
pair,"5,10",0.9999999999999893,0.0,0.0766612400192538,0.5207762017929938,6.793213906560847,perturbed,11,0.3
pair,"5,11",0.9999999999999893,0.0,0.10168287520954944,0.5392838884340132,5.303586147841018,perturbed,11,0.3
pair,"6,7",0.9999999999999896,0.0,0.04818582944546381,0.5503409682526691,11.42122019245386,perturbed,11,0.3
pair,"6,8",0.9999999999999896,0.0,0.06589169094874814,0.540815227844682,8.207639234290387,perturbed,11,0.3
pair,"6,9",0.9999999999999896,0.0,0.07500606343110815,0.5334589117439784,7.1122104979413,perturbed,11,0.3
pair,"6,10",0.9999999999999896,0.0,0.06829847377992182,0.5186593265651815,7.594010493359742,perturbed,11,0.3
pair,"6,11",0.9999999999999896,0.0,0.0917518512080852,0.5297240624706138,5.773442775222549,perturbed,11,0.3
pair,"7,8",0.9999999999999896,0.0,0.03534987569415611,0.5975090877363113,16.90272104224369,perturbed,11,0.3
pair,"7,9",0.9999999999999895,0.0,0.04546622828007338,0.5393210758133257,11.862014867190897,perturbed,11,0.3
pair,"7,10",0.9999999999999896,0.0,0.07199536769823564,0.5530767050151784,7.6821151512603825,perturbed,11,0.3
pair,"7,11",0.9999999999999893,0.0,0.08615401059303646,0.5224156242108241,6.063741207342578,perturbed,11,0.3
pair,"8,9",0.9999999999999895,0.0,0.019030797852872743,0.652183164056636,34.26988028030509,perturbed,11,0.3
pair,"8,10",0.9999999999999896,0.0,0.06841133438062662,0.5587407620212029,8.167371197767961,perturbed,11,0.3
pair,"8,11",0.9999999999999895,0.0,0.07169082119749716,0.5412010609272031,7.549098362763591,perturbed,11,0.3
pair,"9,10",0.9999999999999895,0.0,0.044538765762822535,0.5460812137967423,12.260807061981229,perturbed,11,0.3
pair,"9,11",0.9999999999999895,0.0,0.06974880753773952,0.5278417140408901,7.567752520432507,perturbed,11,0.3
pair,"10,11",0.9999999999999896,0.0,0.044816409194884464,0.5517884782640243,12.312197433412578,perturbed,11,0.3
modular_A,"0,1,2,3",0.9999999999999896,0.0,0.00031424600940623725,0.3829563020160233,1218.6512813308689,perturbed,11,0.3
