q,epsilon,i,j,in_A_pair,incident_to_A,W_ij,baseline_W_ij,delta_W_ij
0,0.075,0,1,True,True,0.15246312256827843,0.15246617394451745,-3.0513762390160792e-06
0,0.075,0,2,True,True,0.02941245443508067,0.029471890255532207,-5.9435820451536614e-05
0,0.075,0,3,True,True,0.008110134630332722,0.00811582199526839,-5.687364935669237e-06
0,0.075,0,4,False,True,0.007857941252996214,0.007896185837596548,-3.82445846003332e-05
0,0.075,0,5,False,True,0.01048116412046518,0.010524098326439413,-4.293420597423214e-05
0,0.075,0,6,False,True,0.012345320785832614,0.01237546591484251,-3.01451290098953e-05
0,0.075,0,7,False,True,0.002733332758404927,0.002740082841999225,-6.750083594297962e-06
0,0.075,0,8,False,True,0.0003267457222824177,0.00032836321558638026,-1.6174933039625472e-06
0,0.075,0,9,False,True,0.0001986624554100036,0.00019977178298580256,-1.1093275757989574e-06
0,0.075,0,10,False,True,3.199470545256489e-05,3.217458656168404e-05,-1.79881109119151e-07
0,0.075,0,11,False,True,1.3693969997952138e-06,1.377116182421645e-06,-7.71918262643112e-09
0,0.075,1,2,True,True,0.15489096725445872,0.15521131692269519,-0.0003203496682364637
0,0.075,1,3,True,True,0.05206868347247351,0.05233104572250924,-0.0002623622500357303
0,0.075,1,4,False,True,0.04549995257161421,0.04574574820573685,-0.0002457956341226364
0,0.075,1,5,False,True,0.014921726354898635,0.015000322824106904,-7.859646920826968e-05
0,0.075,1,6,False,True,0.004362815766986605,0.004384272321170224,-2.1456554183618692e-05
0,0.075,1,7,False,True,0.0021619285772134234,0.0021697160696674267,-7.787492454003342e-06
0,0.075,1,8,False,True,0.0006476680459077677,0.0006498878572209765,-2.219811313208808e-06
0,0.075,1,9,False,True,0.0004452356172572891,0.00044764021198417936,-2.4045947268902523e-06
0,0.075,1,10,False,True,0.00020679227794095922,0.00020794106322918893,-1.1487852882297034e-06
0,0.075,1,11,False,True,3.1996454228577775e-05,3.217458656212813e-05,-1.7813233355035152e-07
0,0.075,2,3,True,True,0.2745556884820737,0.2756102305193452,-0.0010545420372715109
0,0.075,2,4,False,True,0.09072536996235536,0.09112512050998012,-0.00039975054762475537
0,0.075,2,5,False,True,0.02746302303260717,0.02757004167312549,-0.00010701864051831933
0,0.075,2,6,False,True,0.005105915774843872,0.005118550960502066,-1.2635185658194104e-05
0,0.075,2,7,False,True,0.0011119640757442095,0.0011036565750415228,8.30750070268671e-06
0,0.075,2,8,False,True,0.0006876918692761969,0.0006695547412061131,1.813712807008372e-05
0,0.075,2,9,False,True,0.0006453240460380094,0.0006097235067299422,3.560053930806717e-05
0,0.075,2,10,False,True,0.00047831903848916113,0.0004476402119832912,3.067882650586995e-05
0,0.075,2,11,False,True,0.00020811384257801713,0.00019977178298535847,8.342059592658657e-06
0,0.075,3,4,False,True,0.18695766499073274,0.18718185297099965,-0.00022418798026691
0,0.075,3,5,False,True,0.03558707732858757,0.03563527519607712,-4.819786748955224e-05
0,0.075,3,6,False,True,0.007534124081434612,0.007542630026976749,-8.505945542136573e-06
0,0.075,3,7,False,True,0.001390486624065712,0.0013909231975786085,-4.365735128963877e-07
0,0.075,3,8,False,True,0.00052327525246465,0.0005205559360790257,2.719316385624282e-06
0,0.075,3,9,False,True,0.0006774148200712204,0.0006695547412061131,7.860078865107312e-06
0,0.075,3,10,False,True,0.0006671226594119339,0.0006498878572207545,1.7234802191179455e-05
0,0.075,3,11,False,True,0.00033987827172254903,0.0003283632155866023,1.1515056135946722e-05
0,0.075,4,5,False,False,0.1494932838980707,0.14949928242656707,-5.998528496364841e-06
0,0.075,4,6,False,False,0.026549165729884194,0.0265479112550544,1.2544748297926844e-06
0,0.075,4,7,False,False,0.005520312465305821,0.0055171949892538485,3.1174760519725453e-06
0,0.075,4,8,False,False,0.0013943926993553735,0.0013909231975783864,3.4695017769870162e-06
0,0.075,4,9,False,False,0.001116799725730644,0.0011036565750417449,1.3143150688899041e-05
0,0.075,4,10,False,False,0.0022572259358999425,0.0021697160696667606,8.750986623318191e-05
0,0.075,4,11,False,False,0.0029271099755672214,0.0027400828419998913,0.00018702713356733014
0,0.075,5,6,False,False,0.14809734294380705,0.14809721770817985,1.2523562720190284e-07
0,0.075,5,7,False,False,0.026548085747252204,0.02654791125505418,1.7449219802401217e-07
0,0.075,5,8,False,False,0.007542886013236938,0.007542630026976971,2.5598625996714475e-07
0,0.075,5,9,False,False,0.005119262523348933,0.00511855096050251,7.115628464227086e-07
0,0.075,5,10,False,False,0.004387206989874937,0.00438427232116978,2.9346687051567955e-06
0,0.075,5,11,False,False,0.012385617464660603,0.012375465914842954,1.0151549817649652e-05
0,0.075,6,7,False,False,0.14949928347807173,0.14949928242656685,1.0515048831649665e-09
0,0.075,6,8,False,False,0.03563527634441743,0.03563527519607712,1.148340311729612e-09
0,0.075,6,9,False,False,0.027570044870566246,0.02757004167312571,3.1974405345636114e-09
0,0.075,6,10,False,False,0.015000327815618109,0.015000322824106238,4.991511870500176e-09
0,0.075,6,11,False,False,0.010524098784747249,0.010524098326439413,4.58307836126437e-10
0,0.075,7,8,False,False,0.18718185297099987,0.18718185297099932,5.551115123125783e-16
0,0.075,7,9,False,False,0.09112512050998078,0.09112512050998078,0.0
0,0.075,7,10,False,False,0.04574574820573707,0.04574574820573685,2.220446049250313e-16
0,0.075,7,11,False,False,0.007896185837596992,0.007896185837596548,4.440892098500626e-16
0,0.075,8,9,False,False,0.2756102305193453,0.2756102305193451,2.220446049250313e-16
0,0.075,8,10,False,False,0.05233104572250946,0.052331045722508795,6.661338147750939e-16
0,0.075,8,11,False,False,0.008115821995267947,0.008115821995268169,-2.220446049250313e-16
0,0.075,9,10,False,False,0.15521131692269563,0.15521131692269519,4.440892098500626e-16
0,0.075,9,11,False,False,0.029471890255532873,0.02947189025553265,2.220446049250313e-16
0,0.075,10,11,False,False,0.1524661739445181,0.1524661739445181,0.0
1,0.075,0,1,True,True,0.15263951868765258,0.15246617394451745,0.0001733447431351287
1,0.075,0,2,True,True,0.029596529669958738,0.029471890255532207,0.0001246394144265306
1,0.075,0,3,True,True,0.008189479429884017,0.00811582199526839,7.365743461562602e-05
1,0.075,0,4,False,True,0.007912558882492204,0.007896185837596548,1.637304489565672e-05
1,0.075,0,5,False,True,0.010487252576978356,0.010524098326439413,-3.684574946105634e-05
1,0.075,0,6,False,True,0.012345762676897465,0.01237546591484251,-2.970323794504459e-05
1,0.075,0,7,False,True,0.0027330692667839607,0.002740082841999225,-7.013575215264467e-06
1,0.075,0,8,False,True,0.00032669385363104375,0.00032836321558638026,-1.6693619553365124e-06
1,0.075,0,9,False,True,0.000198649994360256,0.00019977178298580256,-1.1217886255465714e-06
1,0.075,0,10,False,True,3.1993529405527354e-05,3.217458656168404e-05,-1.8105715615668316e-07
1,0.075,0,11,False,True,1.3693649489887605e-06,1.377116182421645e-06,-7.751233432884419e-09
1,0.075,1,2,True,True,0.15490780513491353,0.15521131692269519,-0.0003035117877816518
1,0.075,1,3,True,True,0.05231267228136183,0.05233104572250924,-1.837344114741235e-05
1,0.075,1,4,False,True,0.04560183425432496,0.04574574820573685,-0.00014391395141188923
1,0.075,1,5,False,True,0.014944404944809975,0.015000322824106904,-5.5917879296929485e-05
1,0.075,1,6,False,True,0.004378688477207016,0.004384272321170224,-5.583843963208324e-06
1,0.075,1,7,False,True,0.0021734615583830497,0.0021697160696674267,3.745488715622969e-06
1,0.075,1,8,False,True,0.0006542931745947556,0.0006498878572209765,4.4053173737790274e-06
1,0.075,1,9,False,True,0.0004498079746988459,0.00044764021198417936,2.1677627146665657e-06
1,0.075,1,10,False,True,0.00020818627088003971,0.00020794106322918893,2.452076508507872e-07
1,0.075,1,11,False,True,3.214087064584703e-05,3.217458656212813e-05,-3.371591628109627e-08
1,0.075,2,3,True,True,0.27555019545446924,0.2756102305193452,-6.003506487595178e-05
1,0.075,2,4,False,True,0.09102792160974582,0.09112512050998012,-9.719890023429656e-05
1,0.075,2,5,False,True,0.027526386360582356,0.02757004167312549,-4.365531254313382e-05
1,0.075,2,6,False,True,0.0051105382030463,0.005118550960502066,-8.012757455766462e-06
1,0.075,2,7,False,True,0.0011048906250601398,0.0011036565750415228,1.2340500186169834e-06
1,0.075,2,8,False,True,0.0006709260183592747,0.0006695547412061131,1.371277153161543e-06
1,0.075,2,9,False,True,0.0006092208394594678,0.0006097235067299422,-5.026672704744328e-07
1,0.075,2,10,False,True,0.00044702765667370414,0.0004476402119832912,-6.125553095870373e-07
1,0.075,2,11,False,True,0.00019946764167189102,0.00019977178298535847,-3.041413134674542e-07
1,0.075,3,4,False,True,0.18696968858964969,0.18718185297099965,-0.0002121643813499663
1,0.075,3,5,False,True,0.035560262802394105,0.03563527519607712,-7.501239368301604e-05
1,0.075,3,6,False,True,0.007525687730361108,0.007542630026976749,-1.694229661564073e-05
1,0.075,3,7,False,True,0.0013901581654254258,0.0013909231975786085,-7.650321531826876e-07
1,0.075,3,8,False,True,0.0005242242569940547,0.0005205559360790257,3.6683209150289997e-06
1,0.075,3,9,False,True,0.0006824987310030117,0.0006695547412061131,1.2943989796898592e-05
1,0.075,3,10,False,True,0.0006865595605922703,0.0006498878572207545,3.667170337151582e-05
1,0.075,3,11,False,True,0.0003583609129300669,0.0003283632155866023,2.999769734346458e-05
1,0.075,4,5,False,False,0.14942191011753736,0.14949928242656707,-7.73723090297107e-05
1,0.075,4,6,False,False,0.02653155424000886,0.0265479112550544,-1.6357015045542767e-05
1,0.075,4,7,False,False,0.005517164331897195,0.0055171949892538485,-3.065735665330749e-08
1,0.075,4,8,False,False,0.00139387533969626,0.0013909231975783864,2.952142117873535e-06
1,0.075,4,9,False,False,0.0011186555582471946,0.0011036565750417449,1.499898320544979e-05
1,0.075,4,10,False,False,0.0022606550961994376,0.0021697160696667606,9.093902653267705e-05
1,0.075,4,11,False,False,0.002917504296008344,0.0027400828419998913,0.00017742145400845288
1,0.075,5,6,False,False,0.14809482340544533,0.14809721770817985,-2.3943027345207923e-06
1,0.075,5,7,False,False,0.026550153816957023,0.02654791125505418,2.242561902843221e-06
1,0.075,5,8,False,False,0.007547083570709434,0.007542630026976971,4.4535437324633165e-06
1,0.075,5,9,False,False,0.0051311147474275565,0.00511855096050251,1.2563786925046116e-05
1,0.075,5,10,False,False,0.0044396533042376785,0.00438427232116978,5.5380983067898626e-05
1,0.075,5,11,False,False,0.012566689958180222,0.012375465914842954,0.00019122404333726806
1,0.075,6,7,False,False,0.14949942922136916,0.14949928242656685,1.467948023137211e-07
1,0.075,6,8,False,False,0.03563549196731519,0.03563527519607712,2.1677123807073428e-07
1,0.075,6,9,False,False,0.02757068839007948,0.02757004167312571,6.46716953767168e-07
1,0.075,6,10,False,False,0.015001366710872599,0.015000322824106238,1.043886766360913e-06
1,0.075,6,11,False,False,0.010524260462816626,0.010524098326439413,1.621363772130735e-07
1,0.075,7,8,False,False,0.1871818539878647,0.18718185297099932,1.0168653696851493e-09
1,0.075,7,9,False,False,0.09112512164576936,0.09112512050998078,1.1357885743024099e-09
1,0.075,7,10,False,False,0.045745748684104415,0.04574574820573685,4.783675677799692e-10
1,0.075,7,11,False,False,0.007896191104571182,0.007896185837596548,5.266974634210442e-09
1,0.075,8,9,False,False,0.27561023051934463,0.2756102305193451,-4.440892098500626e-16
1,0.075,8,10,False,False,0.05233104572250902,0.052331045722508795,2.220446049250313e-16
1,0.075,8,11,False,False,0.00811582199526728,0.008115821995268169,-8.881784197001252e-16
1,0.075,9,10,False,False,0.15521131692269519,0.15521131692269519,0.0
1,0.075,9,11,False,False,0.029471890255532207,0.02947189025553265,-4.440892098500626e-16
1,0.075,10,11,False,False,0.15246617394451745,0.1524661739445181,-6.661338147750939e-16
2,0.075,0,1,True,True,0.15211721373325182,0.15246617394451745,-0.0003489602112656254
2,0.075,0,2,True,True,0.029456593810781584,0.029471890255532207,-1.5296444750623195e-05
2,0.075,0,3,True,True,0.008103092463380035,0.00811582199526839,-1.2729531888355794e-05
2,0.075,0,4,False,True,0.007891317952171795,0.007896185837596548,-4.867885424753027e-06
2,0.075,0,5,False,True,0.010502899430569146,0.010524098326439413,-2.119889587026691e-05
2,0.075,0,6,False,True,0.012336344621473705,0.01237546591484251,-3.9121293368804544e-05
2,0.075,0,7,False,True,0.002735527837133711,0.002740082841999225,-4.5550048655140785e-06
2,0.075,0,8,False,True,0.00032778124578225487,0.00032836321558638026,-5.819698041253929e-07
2,0.075,0,9,False,True,0.0001988728039208354,0.00019977178298580256,-8.989790649671647e-07
2,0.075,0,10,False,True,3.201090240878557e-05,3.217458656168404e-05,-1.6368415289846894e-07
2,0.075,0,11,False,True,1.3697561518366541e-06,1.377116182421645e-06,-7.3600305849907954e-09
2,0.075,1,2,True,True,0.1550747607036027,0.15521131692269519,-0.00013655621909247628
2,0.075,1,3,True,True,0.052283664661935125,0.05233104572250924,-4.7381060574114287e-05
2,0.075,1,4,False,True,0.04571060505015545,0.04574574820573685,-3.514315558139636e-05
2,0.075,1,5,False,True,0.014972579054282509,0.015000322824106904,-2.7743769824395415e-05
2,0.075,1,6,False,True,0.004372897184417468,0.004384272321170224,-1.1375136752755921e-05
2,0.075,1,7,False,True,0.002170755073626074,0.0021697160696674267,1.0390039586472e-06
2,0.075,1,8,False,True,0.0006497059217684953,0.0006498878572209765,-1.819354524812411e-07
2,0.075,1,9,False,True,0.0004466646989844669,0.00044764021198417936,-9.755129997124357e-07
2,0.075,1,10,False,True,0.00020742655160876922,0.00020794106322918893,-5.145116204197109e-07
2,0.075,1,11,False,True,3.208968430046255e-05,3.217458656212813e-05,-8.49022616655759e-08
2,0.075,2,3,True,True,0.27544369566823523,0.2756102305193452,-0.00016653485110995625
2,0.075,2,4,False,True,0.09103941533918025,0.09112512050998012,-8.570517079986573e-05
2,0.075,2,5,False,True,0.027511310351823415,0.02757004167312549,-5.873132130207459e-05
2,0.075,2,6,False,True,0.005104677603828822,0.005118550960502066,-1.3873356673244075e-05
2,0.075,2,7,False,True,0.0011049415813013663,0.0011036565750415228,1.285006259843513e-06
2,0.075,2,8,False,True,0.0006711983131184596,0.0006695547412061131,1.643571912346431e-06
2,0.075,2,9,False,True,0.0006100138549554046,0.0006097235067299422,2.9034822546236683e-07
2,0.075,2,10,False,True,0.0004478621276735595,0.0004476402119832912,2.2191569026830393e-07
2,0.075,2,11,False,True,0.0001996087366489263,0.00019977178298535847,-1.6304633643215993e-07
2,0.075,3,4,False,True,0.18701782270795597,0.18718185297099965,-0.00016403026304367962
2,0.075,3,5,False,True,0.035579680388701185,0.03563527519607712,-5.559480737593603e-05
2,0.075,3,6,False,True,0.007529762310400034,0.007542630026976749,-1.2867716576714372e-05
2,0.075,3,7,False,True,0.0013889589226088184,0.0013909231975786085,-1.964274969790125e-06
2,0.075,3,8,False,True,0.0005215607277055945,0.0005205559360790257,1.0047916265687462e-06
2,0.075,3,9,False,True,0.000672523082608123,0.0006695547412061131,2.9683414020098553e-06
2,0.075,3,10,False,True,0.0006604422247900033,0.0006498878572207545,1.0554367569248768e-05
2,0.075,3,11,False,True,0.00033862396521744387,0.0003283632155866023,1.0260749630841559e-05
2,0.075,4,5,False,False,0.14934211808475673,0.14949928242656707,-0.00015716434181034522
2,0.075,4,6,False,False,0.026489406551178485,0.0265479112550544,-5.8504703875916775e-05
2,0.075,4,7,False,False,0.005504082823101664,0.0055171949892538485,-1.3112166152184912e-05
2,0.075,4,8,False,False,0.0013898087951558225,0.0013909231975783864,-1.1144024225639981e-06
2,0.075,4,9,False,False,0.0011100224997100394,0.0011036565750417449,6.365924668294554e-06
2,0.075,4,10,False,False,0.002219064920370828,0.0021697160696667606,4.934885070406736e-05
2,0.075,4,11,False,False,0.0028513809053667405,0.0027400828419998913,0.00011129806336684922
2,0.075,5,6,False,False,0.14802170245134016,0.14809721770817985,-7.551525683968663e-05
2,0.075,5,7,False,False,0.026531653195899896,0.02654791125505418,-1.62580591542838e-05
2,0.075,5,8,False,False,0.007542305092038903,0.007542630026976971,-3.249349380674005e-07
2,0.075,5,9,False,False,0.005125739943595553,0.00511855096050251,7.188983093042722e-06
2,0.075,5,10,False,False,0.004443358060285618,0.00438427232116978,5.9085739115838365e-05
2,0.075,5,11,False,False,0.01257667225816217,0.012375465914842954,0.00020120634331921572
2,0.075,6,7,False,False,0.14949683734132657,0.14949928242656685,-2.4450852402768675e-06
2,0.075,6,8,False,False,0.035637732108745546,0.03563527519607712,2.456912668424849e-06
2,0.075,6,9,False,False,0.02758120046670398,0.02757004167312571,1.1158793578269766e-05
2,0.075,6,10,False,False,0.015020218421897269,0.015000322824106238,1.9895597791030895e-05
2,0.075,6,11,False,False,0.010531198498088257,0.010524098326439413,7.1001716488439115e-06
2,0.075,7,8,False,False,0.18718198109049278,0.18718185297099932,1.2811949345881146e-07
2,0.075,7,9,False,False,0.09112534980184428,0.09112512050998078,2.2929186349607278e-07
2,0.075,7,10,False,False,0.045745906754038,0.04574574820573685,1.5854830115458185e-07
2,0.075,7,11,False,False,0.00789735599602781,0.007896185837596548,1.170158431262891e-06
2,0.075,8,9,False,False,0.27561023133751217,0.2756102305193451,8.181670896334481e-10
2,0.075,8,10,False,False,0.05233104707971803,0.052331045722508795,1.3572092338876018e-09
2,0.075,8,11,False,False,0.008115823119899446,0.008115821995268169,1.124631276994137e-09
2,0.075,9,10,False,False,0.1552113169226954,0.15521131692269519,2.220446049250313e-16
2,0.075,9,11,False,False,0.02947189025553243,0.02947189025553265,-2.220446049250313e-16
2,0.075,10,11,False,False,0.1524661739445179,0.1524661739445181,-2.220446049250313e-16
3,0.075,0,1,True,True,0.15228479929935723,0.15246617394451745,-0.00018137464516021495
3,0.075,0,2,True,True,0.029421792802196478,0.029471890255532207,-5.0097453335729014e-05
3,0.075,0,3,True,True,0.008096517651525748,0.00811582199526839,-1.9304343742643226e-05
3,0.075,0,4,False,True,0.00788146856326355,0.007896185837596548,-1.4717274332998187e-05
3,0.075,0,5,False,True,0.01048641159053565,0.010524098326439413,-3.768673590376359e-05
3,0.075,0,6,False,True,0.012324875878358288,0.01237546591484251,-5.059003648422156e-05
3,0.075,0,7,False,True,0.0027311394688145363,0.002740082841999225,-8.943373184688852e-06
3,0.075,0,8,False,True,0.00032720590169210695,0.00032836321558638026,-1.1573138942733152e-06
3,0.075,0,9,False,True,0.0001988749970407433,0.00019977178298580256,-8.967859450592641e-07
3,0.075,0,10,False,True,3.202179332628674e-05,3.217458656168404e-05,-1.5279323539729717e-07
3,0.075,0,11,False,True,1.3704452817009383e-06,1.377116182421645e-06,-6.670900720706641e-09
3,0.075,1,2,True,True,0.1550171443386339,0.15521131692269519,-0.00019417258406129179
3,0.075,1,3,True,True,0.05225939434324678,0.05233104572250924,-7.165137926246068e-05
3,0.075,1,4,False,True,0.04569607556737165,0.04574574820573685,-4.9672638365194643e-05
3,0.075,1,5,False,True,0.014985879283908377,0.015000322824106904,-1.4443540198527671e-05
3,0.075,1,6,False,True,0.004371479907406162,0.004384272321170224,-1.279241376406226e-05
3,0.075,1,7,False,True,0.0021657508412822324,0.0021697160696674267,-3.965228385194308e-06
3,0.075,1,8,False,True,0.0006485500749184858,0.0006498878572209765,-1.3377823024907087e-06
3,0.075,1,9,False,True,0.00044634870893367484,0.00044764021198417936,-1.2915030505045166e-06
3,0.075,1,10,False,True,0.00020725631454143745,0.00020794106322918893,-6.847486877514797e-07
3,0.075,1,11,False,True,3.2061526504811866e-05,3.217458656212813e-05,-1.1306005731626101e-07
3,0.075,2,3,True,True,0.2754447919768732,0.2756102305193452,-0.00016543854247197398
3,0.075,2,4,False,True,0.09101942288884457,0.09112512050998012,-0.00010569762113554759
3,0.075,2,5,False,True,0.027532421403620333,0.02757004167312549,-3.76202695051564e-05
3,0.075,2,6,False,True,0.005105118580446044,0.005118550960502066,-1.3432380056022097e-05
3,0.075,2,7,False,True,0.0011008084412555963,0.0011036565750415228,-2.848133785926521e-06
3,0.075,2,8,False,True,0.0006714732391810418,0.0006695547412061131,1.9184979749287123e-06
3,0.075,2,9,False,True,0.0006115007570197672,0.0006097235067299422,1.7772502898250053e-06
3,0.075,2,10,False,True,0.0004492965563815954,0.0004476402119832912,1.6563443983041992e-06
3,0.075,2,11,False,True,0.0002001521674181994,0.00019977178298535847,3.8038443284094114e-07
3,0.075,3,4,False,True,0.18702940852427385,0.18718185297099965,-0.00015244444672579682
3,0.075,3,5,False,True,0.03560327168220878,0.03563527519607712,-3.200351386833944e-05
3,0.075,3,6,False,True,0.007529394343071871,0.007542630026976749,-1.3235683904877504e-05
3,0.075,3,7,False,True,0.0013885252466994125,0.0013909231975786085,-2.3979508791960313e-06
3,0.075,3,8,False,True,0.0005213647552890777,0.0005205559360790257,8.088192100519365e-07
3,0.075,3,9,False,True,0.0006710154609281815,0.0006695547412061131,1.4607197220684043e-06
3,0.075,3,10,False,True,0.0006566169611414985,0.0006498878572207545,6.729103920743995e-06
3,0.075,3,11,False,True,0.0003353125029241788,0.0003283632155866023,6.949287337576493e-06
3,0.075,4,5,False,False,0.14935500183917827,0.14949928242656707,-0.0001442805873888009
3,0.075,4,6,False,False,0.026501486793330864,0.0265479112550544,-4.642446172353765e-05
3,0.075,4,7,False,False,0.005507534935618841,0.0055171949892538485,-9.66005363500777e-06
3,0.075,4,8,False,False,0.0013890262551095045,0.0013909231975783864,-1.8969424688819458e-06
3,0.075,4,9,False,False,0.0011043138556936505,0.0011036565750417449,6.572806519056229e-07
3,0.075,4,10,False,False,0.0021809859106707297,0.0021697160696667606,1.1269841003969105e-05
3,0.075,4,11,False,False,0.0027750087262989886,0.0027400828419998913,3.4925884299097376e-05
3,0.075,5,6,False,False,0.14794149783756283,0.14809721770817985,-0.00015571987061702153
3,0.075,5,7,False,False,0.026489179852461353,0.02654791125505418,-5.87314025928265e-05
3,0.075,5,8,False,False,0.007524608694354118,0.007542630026976971,-1.802133262285288e-05
3,0.075,5,9,False,False,0.005110394033709831,0.00511855096050251,-8.156926792679542e-06
3,0.075,5,10,False,False,0.004405500395143758,0.00438427232116978,2.1228073973977857e-05
3,0.075,5,11,False,False,0.012467868324827158,0.012375465914842954,9.240240998420468e-05
3,0.075,6,7,False,False,0.1494228734680203,0.14949928242656685,-7.640895854654772e-05
3,0.075,6,8,False,False,0.035611497163507755,0.03563527519607712,-2.3778032569365948e-05
3,0.075,6,9,False,False,0.02756740799645918,0.02757004167312571,-2.633676666530249e-06
3,0.075,6,10,False,False,0.015023008551731332,0.015000322824106238,2.2685727625093577e-05
3,0.075,6,11,False,False,0.01056806942522659,0.010524098326439413,4.3971098787176643e-05
3,0.075,7,8,False,False,0.18717771035344166,0.18718185297099932,-4.142617557656436e-06
3,0.075,7,9,False,False,0.09112814559521532,0.09112512050998078,3.0250852345314883e-06
3,0.075,7,10,False,False,0.04575145262060909,0.04574574820573685,5.7044148722429355e-06
3,0.075,7,11,False,False,0.007922450099812073,0.007896185837596548,2.6264262215525136e-05
3,0.075,8,9,False,False,0.2756103495898219,0.2756102305193451,1.1907047681170013e-07
3,0.075,8,10,False,False,0.05233141577523348,0.052331045722508795,3.7005272468526584e-07
3,0.075,8,11,False,False,0.008116111952833016,0.008115821995268169,2.8995756484739843e-07
3,0.075,9,10,False,False,0.15521132057617737,0.15521131692269519,3.6534821834521836e-09
3,0.075,9,11,False,False,0.02947189378085424,0.02947189025553265,3.5253215902031343e-09
3,0.075,10,11,False,False,0.15246617394451722,0.1524661739445181,-8.881784197001252e-16
4,0.075,0,1,True,True,0.1525301851966019,0.15246617394451745,6.401125208443936e-05
4,0.075,0,2,True,True,0.029400983107109813,0.029471890255532207,-7.090714842239443e-05
4,0.075,0,3,True,True,0.00809589673714517,0.00811582199526839,-1.9925258123221212e-05
4,0.075,0,4,False,True,0.007895226761450491,0.007896185837596548,-9.590761460565034e-07
4,0.075,0,5,False,True,0.010509465938078,0.010524098326439413,-1.4632388361413007e-05
4,0.075,0,6,False,True,0.012381757920994607,0.01237546591484251,6.2920061520976844e-06
4,0.075,0,7,False,True,0.00272891176839285,0.002740082841999225,-1.1171073606375259e-05
4,0.075,0,8,False,True,0.0003270006290798655,0.00032836321558638026,-1.3625865065147735e-06
4,0.075,0,9,False,True,0.00019907533144292167,0.00019977178298580256,-6.964515428808937e-07
4,0.075,0,10,False,True,3.202711621375087e-05,3.217458656168404e-05,-1.4747034793316516e-07
4,0.075,0,11,False,True,1.3696242397998049e-06,1.377116182421645e-06,-7.491942621840053e-09
4,0.075,1,2,True,True,0.15506232208651793,0.15521131692269519,-0.00014899483617725195
4,0.075,1,3,True,True,0.052254389986585714,0.05233104572250924,-7.665573592352537e-05
4,0.075,1,4,False,True,0.04566529922163065,0.04574574820573685,-8.044898410619616e-05
4,0.075,1,5,False,True,0.014963946661200822,0.015000322824106904,-3.6376162906082143e-05
4,0.075,1,6,False,True,0.004398720945881118,0.004384272321170224,1.4448624710894364e-05
4,0.075,1,7,False,True,0.002157900128678003,0.0021697160696674267,-1.1815940989423623e-05
4,0.075,1,8,False,True,0.0006469584315738075,0.0006498878572209765,-2.929425647169026e-06
4,0.075,1,9,False,True,0.0004455512237668824,0.00044764021198417936,-2.088988217296972e-06
4,0.075,1,10,False,True,0.00020691278133155855,0.00020794106322918893,-1.0282818976303787e-06
4,0.075,1,11,False,True,3.201035289390752e-05,3.217458656212813e-05,-1.642336682206036e-07
4,0.075,2,3,True,True,0.2754240954033259,0.2756102305193452,-0.00018613511601928145
4,0.075,2,4,False,True,0.0910001796568305,0.09112512050998012,-0.00012494085314962433
4,0.075,2,5,False,True,0.027529185372161535,0.02757004167312549,-4.0856300963953984e-05
4,0.075,2,6,False,True,0.005126297820314596,0.005118550960502066,7.74685981252965e-06
4,0.075,2,7,False,True,0.0011016909003194186,0.0011036565750415228,-1.9656747221041826e-06
4,0.075,2,8,False,True,0.0006687420873840999,0.0006695547412061131,-8.126538220132318e-07
4,0.075,2,9,False,True,0.0006098526183229147,0.0006097235067299422,1.29111592972464e-07
4,0.075,2,10,False,True,0.00044771235890816996,0.0004476402119832912,7.214692487877983e-08
4,0.075,2,11,False,True,0.00019949143736930353,0.00019977178298535847,-2.8034561605494446e-07
4,0.075,3,4,False,True,0.18702927888111487,0.18718185297099965,-0.00015257408988478272
4,0.075,3,5,False,True,0.03560303048822422,0.03563527519607712,-3.224470785290201e-05
4,0.075,3,6,False,True,0.007533569064739787,0.007542630026976749,-9.060962236961956e-06
4,0.075,3,7,False,True,0.0013869595350273212,0.0013909231975786085,-3.963662551287328e-06
4,0.075,3,8,False,True,0.0005192745766313678,0.0005205559360790257,-1.2813594476579482e-06
4,0.075,3,9,False,True,0.0006724786595828647,0.0006695547412061131,2.923918376751544e-06
4,0.075,3,10,False,True,0.0006614640812261374,0.0006498878572207545,1.157622400538294e-05
4,0.075,3,11,False,True,0.0003395813367346179,0.0003283632155866023,1.121812114801557e-05
4,0.075,4,5,False,False,0.1493572754496042,0.14949928242656707,-0.0001420069769628718
4,0.075,4,6,False,False,0.026523604028838133,0.0265479112550544,-2.430722621626913e-05
4,0.075,4,7,False,False,0.005508060035377849,0.0055171949892538485,-9.13495387599994e-06
4,0.075,4,8,False,False,0.0013887116456443582,0.0013909231975783864,-2.211551934028222e-06
4,0.075,4,9,False,False,0.00110319412085369,0.0011036565750417449,-4.62454188054906e-07
4,0.075,4,10,False,False,0.002175383556786592,0.0021697160696667606,5.667487119831449e-06
4,0.075,4,11,False,False,0.0027629906285742134,0.0027400828419998913,2.290778657432213e-05
4,0.075,5,6,False,False,0.14795398169292517,0.14809721770817985,-0.00014323601525467744
4,0.075,5,7,False,False,0.026501372584217586,0.02654791125505418,-4.6538670836593354e-05
4,0.075,5,8,False,False,0.007529218048269115,0.007542630026976971,-1.341197870785571e-05
4,0.075,5,9,False,False,0.005111398998530525,0.00511855096050251,-7.151961971985088e-06
4,0.075,5,10,False,False,0.004384090605097146,0.00438427232116978,-1.8171607263361977e-07
4,0.075,5,11,False,False,0.012386830387004721,0.012375465914842954,1.1364472161767836e-05
4,0.075,6,7,False,False,0.1493420283611573,0.14949928242656685,-0.00015725406540956222
4,0.075,6,8,False,False,0.03555621267280484,0.03563527519607712,-7.906252327227747e-05
4,0.075,6,9,False,False,0.027504791066217837,0.02757004167312571,-6.525060690787399e-05
4,0.075,6,10,False,False,0.014980419437798709,0.015000322824106238,-1.9903386307529303e-05
4,0.075,6,11,False,False,0.010536975310477814,0.010524098326439413,1.2876984038401318e-05
4,0.075,7,8,False,False,0.18708004874785955,0.18718185297099932,-0.00010180422313976756
4,0.075,7,9,False,False,0.09108947807394485,0.09112512050998078,-3.564243603593198e-05
4,0.075,7,10,False,False,0.04576306818637699,0.04574574820573685,1.7319980640140287e-05
4,0.075,7,11,False,False,0.007970786924258677,0.007896185837596548,7.460108666212939e-05
4,0.075,8,9,False,False,0.275604977037045,0.2756102305193451,-5.25348230007161e-06
4,0.075,8,10,False,False,0.052342519891926065,0.052331045722508795,1.1474169417269309e-05
4,0.075,8,11,False,False,0.008124696045197277,0.008115821995268169,8.874049929108452e-06
4,0.075,9,10,False,False,0.15521225244390768,0.15521131692269519,9.355212124972923e-07
4,0.075,9,11,False,False,0.029473036513056883,0.02947189025553265,1.1462575242315864e-06
4,0.075,10,11,False,False,0.1524661929239699,0.1524661739445181,1.8979451787970447e-08
5,0.075,0,1,True,True,0.15259312410438275,0.15246617394451745,0.00012695015986530223
5,0.075,0,2,True,True,0.02964666403862215,0.029471890255532207,0.00017477378308994318
5,0.075,0,3,True,True,0.008129616310870613,0.00811582199526839,1.379431560222244e-05
5,0.075,0,4,False,True,0.007903329492072064,0.007896185837596548,7.14365447551657e-06
5,0.075,0,5,False,True,0.010532749936396968,0.010524098326439413,8.651609957555095e-06
5,0.075,0,6,False,True,0.012389827687846466,0.01237546591484251,1.4361773003956912e-05
5,0.075,0,7,False,True,0.0027761250159075157,0.002740082841999225,3.6042173908290565e-05
5,0.075,0,8,False,True,0.0003295395556743852,0.00032836321558638026,1.1763400880049346e-06
5,0.075,0,9,False,True,0.00019905962631994178,0.00019977178298580256,-7.121566658607748e-07
5,0.075,0,10,False,True,3.2094752949296534e-05,3.217458656168404e-05,-7.98336123875032e-08
5,0.075,0,11,False,True,1.372969240298616e-06,1.377116182421645e-06,-4.146942123028907e-09
5,0.075,1,2,True,True,0.1551604984050754,0.15521131692269519,-5.0818517619788395e-05
5,0.075,1,3,True,True,0.05222405048687295,0.05233104572250924,-0.00010699523563628688
5,0.075,1,4,False,True,0.04567095731423354,0.04574574820573685,-7.479089150330687e-05
5,0.075,1,5,False,True,0.014970915194902235,0.015000322824106904,-2.940762920466966e-05
5,0.075,1,6,False,True,0.004371989150586453,0.004384272321170224,-1.2283170583771152e-05
5,0.075,1,7,False,True,0.0021850469608581946,0.0021697160696674267,1.5330891190767915e-05
5,0.075,1,8,False,True,0.0006474327952763481,0.0006498878572209765,-2.4550619446284117e-06
5,0.075,1,9,False,True,0.00044596723877954325,0.00044764021198417936,-1.6729732046361079e-06
5,0.075,1,10,False,True,0.00020719115574396874,0.00020794106322918893,-7.499074852201915e-07
5,0.075,1,11,False,True,3.202403006108412e-05,3.217458656212813e-05,-1.5055650104400797e-07
5,0.075,2,3,True,True,0.27536552328174957,0.2756102305193452,-0.0002447072375956205
5,0.075,2,4,False,True,0.09099063446474531,0.09112512050998012,-0.00013448604523480512
5,0.075,2,5,False,True,0.027523323417677492,0.02757004167312549,-4.671825544799724e-05
5,0.075,2,6,False,True,0.005106391403219446,0.005118550960502066,-1.2159557282620526e-05
5,0.075,2,7,False,True,0.0011089291175874205,0.0011036565750415228,5.272542545897707e-06
5,0.075,2,8,False,True,0.0006659069853585109,0.0006695547412061131,-3.647755847602241e-06
5,0.075,2,9,False,True,0.0006067753908329809,0.0006097235067299422,-2.948115896961312e-06
5,0.075,2,10,False,True,0.00044597381124766855,0.0004476402119832912,-1.6664007356226307e-06
5,0.075,2,11,False,True,0.0001990149454522694,0.00019977178298535847,-7.568375330890831e-07
5,0.075,3,4,False,True,0.18701797974610934,0.18718185297099965,-0.00016387322489030964
5,0.075,3,5,False,True,0.03560114740963982,0.03563527519607712,-3.412778643729908e-05
5,0.075,3,6,False,True,0.007533553904553791,0.007542630026976749,-9.076122422957411e-06
5,0.075,3,7,False,True,0.0013964242353667888,0.0013909231975786085,5.501037788180341e-06
5,0.075,3,8,False,True,0.0005214640505222246,0.0005205559360790257,9.081144431988264e-07
5,0.075,3,9,False,True,0.0006720902111951865,0.0006695547412061131,2.535469989073391e-06
5,0.075,3,10,False,True,0.0006599378763856301,0.0006498878572207545,1.0050019164875579e-05
5,0.075,3,11,False,True,0.0003363814037236068,0.0003283632155866023,8.0181881370045e-06
5,0.075,4,5,False,False,0.1493572331652473,0.14949928242656707,-0.00014204926131977658
5,0.075,4,6,False,False,0.026524286850645895,0.0265479112550544,-2.362440440850655e-05
5,0.075,4,7,False,False,0.005510898956256893,0.0055171949892538485,-6.2960329969552475e-06
5,0.075,4,8,False,False,0.0013870007948557639,0.0013909231975783864,-3.922402722622564e-06
5,0.075,4,9,False,False,0.0011006897081182743,0.0011036565750417449,-2.9668669234705902e-06
5,0.075,4,10,False,False,0.0021810194882463385,0.0021697160696667606,1.130341857957795e-05
5,0.075,4,11,False,False,0.0027780970210025124,0.0027400828419998913,3.801417900262116e-05
5,0.075,5,6,False,False,0.14795595494864955,0.14809721770817985,-0.00014126275953030287
5,0.075,5,7,False,False,0.026523558441461148,0.02654791125505418,-2.435281359303154e-05
5,0.075,5,8,False,False,0.00753041811877897,0.007542630026976971,-1.2211908198000998e-05
5,0.075,5,9,False,False,0.005108294488625376,0.00511855096050251,-1.0256471877134743e-05
5,0.075,5,10,False,False,0.004379031385587373,0.00438427232116978,-5.240935582406792e-06
5,0.075,5,11,False,False,0.012376169947089455,0.012375465914842954,7.040322465012849e-07
5,0.075,6,7,False,False,0.14935508386188445,0.14949928242656685,-0.00014419856468239622
5,0.075,6,8,False,False,0.035575356896898835,0.03563527519607712,-5.9918299178285395e-05
5,0.075,6,9,False,False,0.027520834265296612,0.02757004167312571,-4.920740782909938e-05
5,0.075,6,10,False,False,0.014975046179902751,0.015000322824106238,-2.5276644203486853e-05
5,0.075,6,11,False,False,0.010531115086252152,0.010524098326439413,7.016759812739082e-06
5,0.075,7,8,False,False,0.1869865177694917,0.18718185297099932,-0.00019533520150760708
5,0.075,7,9,False,False,0.09094504668059322,0.09112512050998078,-0.00018007382938756145
5,0.075,7,10,False,False,0.04565918501779587,0.04574574820573685,-8.656318794098006e-05
5,0.075,7,11,False,False,0.007950531841898867,0.007896185837596548,5.434600430231917e-05
5,0.075,8,9,False,False,0.27546508120337276,0.2756102305193451,-0.00014514931597231495
5,0.075,8,10,False,False,0.05236890129716221,0.052331045722508795,3.7855574653411495e-05
5,0.075,8,11,False,False,0.008159564979111966,0.008115821995268169,4.374298384379749e-05
5,0.075,9,10,False,False,0.15523073857626968,0.15521131692269519,1.942165357449177e-05
5,0.075,9,11,False,False,0.029513188520304823,0.02947189025553265,4.129826477217158e-05
5,0.075,10,11,False,False,0.15247131950582382,0.1524661739445181,5.145561305708313e-06
6,0.075,0,1,True,True,0.1524713195058236,0.15246617394451745,5.145561306152402e-06
6,0.075,0,2,True,True,0.029513188520304823,0.029471890255532207,4.129826477261567e-05
6,0.075,0,3,True,True,0.008159564979111966,0.00811582199526839,4.3742983843575445e-05
6,0.075,0,4,False,True,0.007950531841899311,0.007896185837596548,5.434600430276326e-05
6,0.075,0,5,False,True,0.010531115086252152,0.010524098326439413,7.016759812739082e-06
6,0.075,0,6,False,True,0.012376169947089899,0.01237546591484251,7.040322473894634e-07
6,0.075,0,7,False,True,0.0027780970210027345,0.002740082841999225,3.801417900350934e-05
6,0.075,0,8,False,True,0.00033638140372382885,0.00032836321558638026,8.01818813744859e-06
6,0.075,0,9,False,True,0.0001990149454522694,0.00019977178298580256,-7.568375335331723e-07
6,0.075,0,10,False,True,3.202403006108412e-05,3.217458656168404e-05,-1.5055650059991876e-07
6,0.075,0,11,False,True,1.3729692405206606e-06,1.377116182421645e-06,-4.146941900984302e-09
6,0.075,1,2,True,True,0.15523073857627012,0.15521131692269519,1.942165357493586e-05
6,0.075,1,3,True,True,0.05236890129716221,0.05233104572250924,3.7855574652967405e-05
6,0.075,1,4,False,True,0.04565918501779542,0.04574574820573685,-8.656318794142415e-05
6,0.075,1,5,False,True,0.014975046179903195,0.015000322824106904,-2.5276644203708898e-05
6,0.075,1,6,False,True,0.004379031385588039,0.004384272321170224,-5.240935582184747e-06
6,0.075,1,7,False,True,0.0021810194882461165,0.0021697160696674267,1.1303418578689772e-05
6,0.075,1,8,False,True,0.0006599378763856301,0.0006498878572209765,1.0050019164653534e-05
6,0.075,1,9,False,True,0.0004459738112474465,0.00044764021198417936,-1.6664007367328537e-06
6,0.075,1,10,False,True,0.0002071911557437467,0.00020794106322918893,-7.499074854422361e-07
6,0.075,1,11,False,True,3.2094752949296534e-05,3.217458656212813e-05,-7.98336128315924e-08
6,0.075,2,3,True,True,0.27546508120337276,0.2756102305193452,-0.00014514931597242597
6,0.075,2,4,False,True,0.09094504668059322,0.09112512050998012,-0.0001800738293868953
6,0.075,2,5,False,True,0.02752083426529639,0.02757004167312549,-4.920740782909938e-05
6,0.075,2,6,False,True,0.005108294488625598,0.005118550960502066,-1.0256471876468609e-05
6,0.075,2,7,False,True,0.0011006897081184963,0.0011036565750415228,-2.966866923026501e-06
6,0.075,2,8,False,True,0.0006720902111956306,0.0006695547412061131,2.5354699895174804e-06
6,0.075,2,9,False,True,0.0006067753908327589,0.0006097235067299422,-2.9481158971833565e-06
6,0.075,2,10,False,True,0.0004459672387797653,0.0004476402119832912,-1.6729732035258849e-06
6,0.075,2,11,False,True,0.00019905962632016383,0.00019977178298535847,-7.121566651946409e-07
6,0.075,3,4,False,True,0.18698651776949182,0.18718185297099965,-0.00019533520150782913
6,0.075,3,5,False,True,0.03557535689689861,0.03563527519607712,-5.991829917850744e-05
6,0.075,3,6,False,True,0.007530418118779192,0.007542630026976749,-1.2211908197556909e-05
6,0.075,3,7,False,True,0.001387000794855986,0.0013909231975786085,-3.922402722622564e-06
6,0.075,3,8,False,True,0.0005214640505224466,0.0005205559360790257,9.08114443420871e-07
6,0.075,3,9,False,True,0.000665906985358955,0.0006695547412061131,-3.6477558471581517e-06
6,0.075,3,10,False,True,0.0006474327952767922,0.0006498878572207545,-2.455061943962278e-06
6,0.075,3,11,False,True,0.0003295395556743852,0.0003283632155866023,1.17634008778289e-06
6,0.075,4,5,False,False,0.14935508386188445,0.14949928242656707,-0.00014419856468261827
6,0.075,4,6,False,False,0.026523558441460926,0.0265479112550544,-2.435281359347563e-05
6,0.075,4,7,False,False,0.005510898956257115,0.0055171949892538485,-6.296032996733203e-06
6,0.075,4,8,False,False,0.0013964242353665668,0.0013909231975783864,5.501037788180341e-06
6,0.075,4,9,False,False,0.0011089291175880867,0.0011036565750417449,5.272542546341796e-06
6,0.075,4,10,False,False,0.0021850469608581946,0.0021697160696667606,1.533089119143405e-05
6,0.075,4,11,False,False,0.0027761250159075157,0.0027400828419998913,3.604217390762443e-05
6,0.075,5,6,False,False,0.14795595494865044,0.14809721770817985,-0.0001412627595294147
6,0.075,5,7,False,False,0.026524286850646117,0.02654791125505418,-2.362440440806246e-05
6,0.075,5,8,False,False,0.007533553904554013,0.007542630026976971,-9.076122422957411e-06
6,0.075,5,9,False,False,0.005106391403219446,0.00511855096050251,-1.2159557283064615e-05
6,0.075,5,10,False,False,0.004371989150586009,0.00438427232116978,-1.2283170583771152e-05
6,0.075,5,11,False,False,0.012389827687846244,0.012375465914842954,1.4361773003290779e-05
6,0.075,6,7,False,False,0.14935723316524752,0.14949928242656685,-0.0001420492613193325
6,0.075,6,8,False,False,0.035601147409640266,0.03563527519607712,-3.412778643685499e-05
6,0.075,6,9,False,False,0.02752332341767727,0.02757004167312571,-4.6718255448441326e-05
6,0.075,6,10,False,False,0.014970915194902235,0.015000322824106238,-2.9407629204003527e-05
6,0.075,6,11,False,False,0.010532749936396968,0.010524098326439413,8.651609957555095e-06
6,0.075,7,8,False,False,0.18701797974610956,0.18718185297099932,-0.00016387322488975453
6,0.075,7,9,False,False,0.09099063446474487,0.09112512050998078,-0.00013448604523591534
6,0.075,7,10,False,False,0.04567095731423376,0.04574574820573685,-7.479089150308482e-05
6,0.075,7,11,False,False,0.007903329492072064,0.007896185837596548,7.14365447551657e-06
6,0.075,8,9,False,False,0.27536552328175046,0.2756102305193451,-0.0002447072375946213
6,0.075,8,10,False,False,0.0522240504868734,0.052331045722508795,-0.0001069952356353987
6,0.075,8,11,False,False,0.008129616310871501,0.008115821995268169,1.3794315603332663e-05
6,0.075,9,10,False,False,0.1551604984050754,0.15521131692269519,-5.0818517619788395e-05
6,0.075,9,11,False,False,0.02964666403862215,0.02947189025553265,0.0001747737830894991
6,0.075,10,11,False,False,0.15259312410438275,0.1524661739445181,0.0001269501598646361
7,0.075,0,1,True,True,0.15246619292396968,0.15246617394451745,1.8979452232059657e-08
7,0.075,0,2,True,True,0.029473036513055995,0.029471890255532207,1.1462575237874972e-06
7,0.075,0,3,True,True,0.008124696045197277,0.00811582199526839,8.874049928886407e-06
7,0.075,0,4,False,True,0.007970786924259343,0.007896185837596548,7.460108666279552e-05
7,0.075,0,5,False,True,0.010536975310478036,0.010524098326439413,1.2876984038623362e-05
7,0.075,0,6,False,True,0.012386830387005165,0.01237546591484251,1.1364472162656014e-05
7,0.075,0,7,False,True,0.0027629906285742134,0.002740082841999225,2.2907786574988265e-05
7,0.075,0,8,False,True,0.0003395813367346179,0.00032836321558638026,1.1218121148237614e-05
7,0.075,0,9,False,True,0.00019949143736908148,0.00019977178298580256,-2.8034561672107827e-07
7,0.075,0,10,False,True,3.201035289412957e-05,3.217458656168404e-05,-1.6423366755446978e-07
7,0.075,0,11,False,True,1.3696242400218495e-06,1.377116182421645e-06,-7.491942399795448e-09
7,0.075,1,2,True,True,0.1552122524439079,0.15521131692269519,9.355212127193369e-07
7,0.075,1,3,True,True,0.052342519891926065,0.05233104572250924,1.147416941682522e-05
7,0.075,1,4,False,True,0.04576306818637699,0.04574574820573685,1.7319980640140287e-05
7,0.075,1,5,False,True,0.01498041943779893,0.015000322824106904,-1.9903386307973392e-05
7,0.075,1,6,False,True,0.004384090605097146,0.004384272321170224,-1.8171607307770898e-07
7,0.075,1,7,False,True,0.00217538355678637,0.0021697160696674267,5.667487118943271e-06
7,0.075,1,8,False,True,0.0006614640812263595,0.0006498878572209765,1.157622400538294e-05
7,0.075,1,9,False,True,0.00044771235890816996,0.00044764021198417936,7.214692399060141e-08
7,0.075,1,10,False,True,0.00020691278133155855,0.00020794106322918893,-1.0282818976303787e-06
7,0.075,1,11,False,True,3.202711621375087e-05,3.217458656212813e-05,-1.4747034837725437e-07
7,0.075,2,3,True,True,0.27560497703704456,0.2756102305193452,-5.253482300626722e-06
7,0.075,2,4,False,True,0.09108947807394463,0.09112512050998012,-3.564243603548789e-05
7,0.075,2,5,False,True,0.027504791066217837,0.02757004167312549,-6.525060690765194e-05
7,0.075,2,6,False,True,0.005111398998530747,0.005118550960502066,-7.151961971318954e-06
7,0.075,2,7,False,True,0.0011031941208532459,0.0011036565750415228,-4.624541882769506e-07
7,0.075,2,8,False,True,0.0006724786595826426,0.0006695547412061131,2.9239183765294996e-06
7,0.075,2,9,False,True,0.0006098526183231368,0.0006097235067299422,1.291115931945086e-07
7,0.075,2,10,False,True,0.0004455512237668824,0.0004476402119832912,-2.0889882164087936e-06
7,0.075,2,11,False,True,0.00019907533144247758,0.00019977178298535847,-6.964515428808937e-07
7,0.075,3,4,False,True,0.1870800487478601,0.18718185297099965,-0.00010180422313954551
7,0.075,3,5,False,True,0.03555621267280462,0.03563527519607712,-7.906252327249952e-05
7,0.075,3,6,False,True,0.007529218048268893,0.007542630026976749,-1.341197870785571e-05
7,0.075,3,7,False,True,0.001388711645643692,0.0013909231975786085,-2.2115519349164003e-06
7,0.075,3,8,False,True,0.0005192745766313678,0.0005205559360790257,-1.2813594476579482e-06
7,0.075,3,9,False,True,0.000668742087384322,0.0006695547412061131,-8.126538217911872e-07
7,0.075,3,10,False,True,0.0006469584315735855,0.0006498878572207545,-2.929425647169026e-06
7,0.075,3,11,False,True,0.0003270006290798655,0.0003283632155866023,-1.3625865067368181e-06
7,0.075,4,5,False,False,0.1493420283611575,0.14949928242656707,-0.00015725406540956222
7,0.075,4,6,False,False,0.02650137258421803,0.0265479112550544,-4.653867083637131e-05
7,0.075,4,7,False,False,0.0055080600353774045,0.0055171949892538485,-9.13495387644403e-06
7,0.075,4,8,False,False,0.0013869595350273212,0.0013909231975783864,-3.9636625510652834e-06
7,0.075,4,9,False,False,0.0011016909003187525,0.0011036565750417449,-1.965674722992361e-06
7,0.075,4,10,False,False,0.002157900128678003,0.0021697160696667606,-1.181594098875749e-05
7,0.075,4,11,False,False,0.00272891176839285,0.0027400828419998913,-1.1171073607041393e-05
7,0.075,5,6,False,False,0.1479539816929254,0.14809721770817985,-0.0001432360152544554
7,0.075,5,7,False,False,0.026523604028838355,0.02654791125505418,-2.430722621582504e-05
7,0.075,5,8,False,False,0.007533569064739787,0.007542630026976971,-9.060962237184e-06
7,0.075,5,9,False,False,0.005126297820314374,0.00511855096050251,7.746859811863516e-06
7,0.075,5,10,False,False,0.00439872094588134,0.00438427232116978,1.4448624711560498e-05
7,0.075,5,11,False,False,0.012381757920995051,0.012375465914842954,6.2920061520976844e-06
7,0.075,6,7,False,False,0.14935727544960375,0.14949928242656685,-0.00014200697696309383
7,0.075,6,8,False,False,0.03560303048822444,0.03563527519607712,-3.2244707852679966e-05
7,0.075,6,9,False,False,0.027529185372161535,0.02757004167312571,-4.085630096417603e-05
7,0.075,6,10,False,False,0.0149639466612006,0.015000322824106238,-3.6376162905638054e-05
7,0.075,6,11,False,False,0.010509465938077778,0.010524098326439413,-1.4632388361635051e-05
7,0.075,7,8,False,False,0.18702927888111487,0.18718185297099932,-0.00015257408988444965
7,0.075,7,9,False,False,0.0910001796568305,0.09112512050998078,-0.00012494085315029047
7,0.075,7,10,False,False,0.04566529922163043,0.04574574820573685,-8.044898410641821e-05
7,0.075,7,11,False,False,0.007895226761449825,0.007896185837596548,-9.590761467226372e-07
7,0.075,8,9,False,False,0.2754240954033256,0.2756102305193451,-0.0001861351160195035
7,0.075,8,10,False,False,0.052254389986585936,0.052331045722508795,-7.665573592285924e-05
7,0.075,8,11,False,False,0.008095896737144948,0.008115821995268169,-1.9925258123221212e-05
7,0.075,9,10,False,False,0.1550623220865177,0.15521131692269519,-0.000148994836177474
7,0.075,9,11,False,False,0.029400983107109813,0.02947189025553265,-7.090714842283852e-05
7,0.075,10,11,False,False,0.15253018519660166,0.1524661739445181,6.401125208355118e-05
8,0.075,0,1,True,True,0.1524661739445179,0.15246617394451745,4.440892098500626e-16
8,0.075,0,2,True,True,0.029471893780854685,0.029471890255532207,3.525322478381554e-09
8,0.075,0,3,True,True,0.008116111952833238,0.00811582199526839,2.8995756484739843e-07
8,0.075,0,4,False,True,0.007922450099812295,0.007896185837596548,2.626426221574718e-05
8,0.075,0,5,False,True,0.010568069425226811,0.010524098326439413,4.397109878739869e-05
8,0.075,0,6,False,True,0.01246786832482738,0.01237546591484251,9.240240998487081e-05
8,0.075,0,7,False,True,0.0027750087262992107,0.002740082841999225,3.4925884299985555e-05
8,0.075,0,8,False,True,0.0003353125029237347,0.00032836321558638026,6.949287337354448e-06
8,0.075,0,9,False,True,0.00020015216741886555,0.00019977178298580256,3.8038443306298575e-07
8,0.075,0,10,False,True,3.206152650503391e-05,3.217458656168404e-05,-1.130600566501272e-07
8,0.075,0,11,False,True,1.3704452821450275e-06,1.377116182421645e-06,-6.670900276617431e-09
8,0.075,1,2,True,True,0.1552113205761776,0.15521131692269519,3.6534824054967885e-09
8,0.075,1,3,True,True,0.05233141577523348,0.05233104572250924,3.7005272424117663e-07
8,0.075,1,4,False,True,0.045751452620608646,0.04574574820573685,5.704414871798846e-06
8,0.075,1,5,False,True,0.015023008551731332,0.015000322824106904,2.2685727624427443e-05
8,0.075,1,6,False,True,0.004405500395143536,0.004384272321170224,2.1228073973311723e-05
8,0.075,1,7,False,True,0.0021809859106711738,0.0021697160696674267,1.1269841003747061e-05
8,0.075,1,8,False,True,0.0006566169611417205,0.0006498878572209765,6.729103920743995e-06
8,0.075,1,9,False,True,0.0004492965563818174,0.00044764021198417936,1.6563443976380654e-06
8,0.075,1,10,False,True,0.00020725631454188154,0.00020794106322918893,-6.847486873073905e-07
8,0.075,1,11,False,True,3.2021793326508785e-05,3.217458656212813e-05,-1.5279323561934177e-07
8,0.075,2,3,True,True,0.27561034958982167,0.2756102305193452,1.1907047647863322e-07
8,0.075,2,4,False,True,0.09112814559521532,0.09112512050998012,3.025085235197622e-06
8,0.075,2,5,False,True,0.02756740799645918,0.02757004167312549,-2.6336766663082045e-06
8,0.075,2,6,False,True,0.005110394033710053,0.005118550960502066,-8.156926792013408e-06
8,0.075,2,7,False,True,0.0011043138556938725,0.0011036565750415228,6.572806523497121e-07
8,0.075,2,8,False,True,0.0006710154609279595,0.0006695547412061131,1.4607197218463597e-06
8,0.075,2,9,False,True,0.0006115007570204334,0.0006097235067299422,1.7772502904911391e-06
8,0.075,2,10,False,True,0.00044634870893367484,0.0004476402119832912,-1.2915030496163382e-06
8,0.075,2,11,False,True,0.00019887499704140943,0.00019977178298535847,-8.967859439490411e-07
8,0.075,3,4,False,True,0.18717771035344177,0.18718185297099965,-4.142617557878481e-06
8,0.075,3,5,False,True,0.0356114971635082,0.03563527519607712,-2.377803256892186e-05
8,0.075,3,6,False,True,0.007524608694353674,0.007542630026976749,-1.8021332623074926e-05
8,0.075,3,7,False,True,0.0013890262551101706,0.0013909231975786085,-1.8969424684378566e-06
8,0.075,3,8,False,True,0.0005213647552895218,0.0005205559360790257,8.088192104960257e-07
8,0.075,3,9,False,True,0.000671473239181708,0.0006695547412061131,1.918497975594846e-06
8,0.075,3,10,False,True,0.000648550074919152,0.0006498878572207545,-1.3377823016025303e-06
8,0.075,3,11,False,True,0.0003272059016927731,0.0003283632155866023,-1.157313893829226e-06
8,0.075,4,5,False,False,0.14942287346801986,0.14949928242656707,-7.640895854721386e-05
8,0.075,4,6,False,False,0.026489179852461797,0.0265479112550544,-5.8731402592604454e-05
8,0.075,4,7,False,False,0.005507534935618841,0.0055171949892538485,-9.66005363500777e-06
8,0.075,4,8,False,False,0.0013885252466994125,0.0013909231975783864,-2.3979508789739867e-06
8,0.075,4,9,False,False,0.0011008084412560404,0.0011036565750417449,-2.8481337857044764e-06
8,0.075,4,10,False,False,0.0021657508412831206,0.0021697160696667606,-3.965228383639996e-06
8,0.075,4,11,False,False,0.0027311394688154245,0.0027400828419998913,-8.943373184466807e-06
8,0.075,5,6,False,False,0.14794149783756327,0.14809721770817985,-0.00015571987061657744
8,0.075,5,7,False,False,0.026501486793331086,0.02654791125505418,-4.642446172309356e-05
8,0.075,5,8,False,False,0.007529394343071871,0.007542630026976971,-1.3235683905099549e-05
8,0.075,5,9,False,False,0.005105118580446044,0.00511855096050251,-1.3432380056466187e-05
8,0.075,5,10,False,False,0.004371479907406162,0.00438427232116978,-1.2792413763618171e-05
8,0.075,5,11,False,False,0.012324875878358732,0.012375465914842954,-5.059003648422156e-05
8,0.075,6,7,False,False,0.14935500183917783,0.14949928242656685,-0.00014428058738902294
8,0.075,6,8,False,False,0.035603271682209225,0.03563527519607712,-3.200351386789535e-05
8,0.075,6,9,False,False,0.027532421403620555,0.02757004167312571,-3.76202695051564e-05
8,0.075,6,10,False,False,0.014985879283908599,0.015000322824106238,-1.4443540197639493e-05
8,0.075,6,11,False,False,0.010486411590536093,0.010524098326439413,-3.76867359033195e-05
8,0.075,7,8,False,False,0.18702940852427397,0.18718185297099932,-0.00015244444672535273
8,0.075,7,9,False,False,0.09101942288884479,0.09112512050998078,-0.00010569762113599168
8,0.075,7,10,False,False,0.04569607556737254,0.04574574820573685,-4.9672638364306465e-05
8,0.075,7,11,False,False,0.007881468563263772,0.007896185837596548,-1.4717274332776142e-05
8,0.075,8,9,False,False,0.27544479197687366,0.2756102305193451,-0.00016543854247141887
8,0.075,8,10,False,False,0.05225939434324678,0.052331045722508795,-7.165137926201659e-05
8,0.075,8,11,False,False,0.008096517651526414,0.008115821995268169,-1.9304343741755048e-05
8,0.075,9,10,False,False,0.15501714433863478,0.15521131692269519,-0.0001941725840604036
8,0.075,9,11,False,False,0.029421792802196922,0.02947189025553265,-5.0097453335729014e-05
8,0.075,10,11,False,False,0.15228479929935768,0.1524661739445181,-0.000181374645160437
9,0.075,0,1,True,True,0.1524661739445179,0.15246617394451745,4.440892098500626e-16
9,0.075,0,2,True,True,0.02947189025553243,0.029471890255532207,2.220446049250313e-16
9,0.075,0,3,True,True,0.008115823119899668,0.00811582199526839,1.124631276994137e-09
9,0.075,0,4,False,True,0.00789735599602781,0.007896185837596548,1.170158431262891e-06
9,0.075,0,5,False,True,0.0105311984980887,0.010524098326439413,7.100171649288001e-06
9,0.075,0,6,False,True,0.012576672258162391,0.01237546591484251,0.00020120634331988185
9,0.075,0,7,False,True,0.0028513809053665184,0.002740082841999225,0.00011129806336729331
9,0.075,0,8,False,True,0.0003386239652176659,0.00032836321558638026,1.0260749631285648e-05
9,0.075,0,9,False,True,0.0001996087366493704,0.00019977178298580256,-1.6304633643215993e-07
9,0.075,0,10,False,True,3.2089684300240506e-05,3.217458656168404e-05,-8.49022614435313e-08
9,0.075,0,11,False,True,1.3697561518366541e-06,1.377116182421645e-06,-7.3600305849907954e-09
9,0.075,1,2,True,True,0.1552113169226954,0.15521131692269519,2.220446049250313e-16
9,0.075,1,3,True,True,0.05233104707971847,0.05233104572250924,1.3572092338876018e-09
9,0.075,1,4,False,True,0.045745906754038224,0.04574574820573685,1.5854830137662645e-07
9,0.075,1,5,False,True,0.015020218421897491,0.015000322824106904,1.9895597790586805e-05
9,0.075,1,6,False,True,0.004443358060285618,0.004384272321170224,5.9085739115394276e-05
9,0.075,1,7,False,True,0.002219064920370606,0.0021697160696674267,4.934885070317918e-05
9,0.075,1,8,False,True,0.0006604422247897812,0.0006498878572209765,1.0554367568804679e-05
9,0.075,1,9,False,True,0.0004478621276735595,0.00044764021198417936,2.2191568938012551e-07
9,0.075,1,10,False,True,0.00020742655160876922,0.00020794106322918893,-5.145116204197109e-07
9,0.075,1,11,False,True,3.201090240900761e-05,3.217458656212813e-05,-1.6368415312051354e-07
9,0.075,2,3,True,True,0.27561023133751195,0.2756102305193452,8.181667565665407e-10
9,0.075,2,4,False,True,0.09112534980184361,0.09112512050998012,2.2929186349607278e-07
9,0.075,2,5,False,True,0.027581200466704203,0.02757004167312549,1.1158793578713855e-05
9,0.075,2,6,False,True,0.005125739943595775,0.005118550960502066,7.188983093708856e-06
9,0.075,2,7,False,True,0.0011100224997100394,0.0011036565750415228,6.365924668516598e-06
9,0.075,2,8,False,True,0.000672523082608123,0.0006695547412061131,2.9683414020098553e-06
9,0.075,2,9,False,True,0.0006100138549554046,0.0006097235067299422,2.9034822546236683e-07
9,0.075,2,10,False,True,0.00044666469898402283,0.0004476402119832912,-9.755129992683464e-07
9,0.075,2,11,False,True,0.00019887280392061335,0.00019977178298535847,-8.989790647451201e-07
9,0.075,3,4,False,True,0.187181981090493,0.18718185297099965,1.2811949334778916e-07
9,0.075,3,5,False,True,0.03563773210874599,0.03563527519607712,2.456912668868938e-06
9,0.075,3,6,False,True,0.0075423050920391255,0.007542630026976749,-3.2493493762331127e-07
9,0.075,3,7,False,True,0.0013898087951562665,0.0013909231975786085,-1.1144024223419535e-06
9,0.075,3,8,False,True,0.0005215607277064827,0.0005205559360790257,1.0047916274569246e-06
9,0.075,3,9,False,True,0.0006711983131189037,0.0006695547412061131,1.6435719127905202e-06
9,0.075,3,10,False,True,0.0006497059217689394,0.0006498878572207545,-1.8193545181510729e-07
9,0.075,3,11,False,True,0.00032778124578225487,0.0003283632155866023,-5.819698043474375e-07
9,0.075,4,5,False,False,0.14949683734132702,0.14949928242656707,-2.445085240054823e-06
9,0.075,4,6,False,False,0.02653165319590034,0.0265479112550544,-1.6258059154061755e-05
9,0.075,4,7,False,False,0.005504082823101664,0.0055171949892538485,-1.3112166152184912e-05
9,0.075,4,8,False,False,0.0013889589226088184,0.0013909231975783864,-1.9642749695680806e-06
9,0.075,4,9,False,False,0.0011049415813013663,0.0011036565750417449,1.2850062596214684e-06
9,0.075,4,10,False,False,0.002170755073626074,0.0021697160696667606,1.0390039593133338e-06
9,0.075,4,11,False,False,0.002735527837133489,0.0027400828419998913,-4.555004866402257e-06
9,0.075,5,6,False,False,0.14802170245134016,0.14809721770817985,-7.551525683968663e-05
9,0.075,5,7,False,False,0.026489406551178707,0.02654791125505418,-5.8504703875472686e-05
9,0.075,5,8,False,False,0.0075297623104004785,0.007542630026976971,-1.2867716576492327e-05
9,0.075,5,9,False,False,0.005104677603828822,0.00511855096050251,-1.3873356673688164e-05
9,0.075,5,10,False,False,0.00437289718441769,0.00438427232116978,-1.1375136752089787e-05
9,0.075,5,11,False,False,0.012336344621473705,0.012375465914842954,-3.912129336924863e-05
9,0.075,6,7,False,False,0.14934211808475717,0.14949928242656685,-0.0001571643418096791
9,0.075,6,8,False,False,0.03557968038870163,0.03563527519607712,-5.559480737549194e-05
9,0.075,6,9,False,False,0.027511310351823637,0.02757004167312571,-5.873132130207459e-05
9,0.075,6,10,False,False,0.014972579054282287,0.015000322824106238,-2.7743769823951325e-05
9,0.075,6,11,False,False,0.010502899430568702,0.010524098326439413,-2.1198895870711e-05
9,0.075,7,8,False,False,0.18701782270795686,0.18718185297099932,-0.00016403026304245838
9,0.075,7,9,False,False,0.0910394153391807,0.09112512050998078,-8.570517080008777e-05
9,0.075,7,10,False,False,0.045710605050155895,0.04574574820573685,-3.514315558095227e-05
9,0.075,7,11,False,False,0.007891317952171573,0.007896185837596548,-4.867885424975071e-06
9,0.075,8,9,False,False,0.2754436956682357,0.2756102305193451,-0.00016653485110940114
9,0.075,8,10,False,False,0.05228366466193557,0.052331045722508795,-4.738106057322611e-05
9,0.075,8,11,False,False,0.008103092463380257,0.008115821995268169,-1.2729531887911705e-05
9,0.075,9,10,False,False,0.15507476070360227,0.15521131692269519,-0.00013655621909292037
9,0.075,9,11,False,False,0.029456593810782028,0.02947189025553265,-1.5296444750623195e-05
9,0.075,10,11,False,False,0.1521172137332516,0.1524661739445181,-0.00034896021126651355
10,0.075,0,1,True,True,0.1524661739445179,0.15246617394451745,4.440892098500626e-16
10,0.075,0,2,True,True,0.02947189025553243,0.029471890255532207,2.220446049250313e-16
10,0.075,0,3,True,True,0.008115821995267725,0.00811582199526839,-6.661338147750939e-16
10,0.075,0,4,False,True,0.007896191104571626,0.007896185837596548,5.266975078299652e-09
10,0.075,0,5,False,True,0.010524260462816626,0.010524098326439413,1.621363772130735e-07
10,0.075,0,6,False,True,0.012566689958180444,0.01237546591484251,0.0001912240433379342
10,0.075,0,7,False,True,0.002917504296008566,0.002740082841999225,0.00017742145400934106
10,0.075,0,8,False,True,0.0003583609129300669,0.00032836321558638026,2.9997697343686625e-05
10,0.075,0,9,False,True,0.00019946764167189102,0.00019977178298580256,-3.041413139115434e-07
10,0.075,0,10,False,True,3.214087064584703e-05,3.217458656168404e-05,-3.371591583700706e-08
10,0.075,0,11,False,True,1.3693649489887605e-06,1.377116182421645e-06,-7.751233432884419e-09
10,0.075,1,2,True,True,0.15521131692269519,0.15521131692269519,0.0
10,0.075,1,3,True,True,0.05233104572250902,0.05233104572250924,-2.220446049250313e-16
10,0.075,1,4,False,True,0.04574574868410486,0.04574574820573685,4.783680118691791e-10
10,0.075,1,5,False,True,0.015001366710873265,0.015000322824106904,1.043886766360913e-06
10,0.075,1,6,False,True,0.0044396533042379005,0.004384272321170224,5.538098306767658e-05
10,0.075,1,7,False,True,0.0022606550961994376,0.0021697160696674267,9.093902653201091e-05
10,0.075,1,8,False,True,0.0006865595605924923,0.0006498878572209765,3.667170337151582e-05
10,0.075,1,9,False,True,0.00044702765667326005,0.00044764021198417936,-6.125553109193049e-07
10,0.075,1,10,False,True,0.00020818627087981767,0.00020794106322918893,2.452076506287426e-07
10,0.075,1,11,False,True,3.1993529405527354e-05,3.217458656212813e-05,-1.8105715660077237e-07
10,0.075,2,3,True,True,0.2756102305193453,0.2756102305193452,1.1102230246251565e-16
10,0.075,2,4,False,True,0.09112512164576936,0.09112512050998012,1.1357892404362246e-09
10,0.075,2,5,False,True,0.02757068839007948,0.02757004167312549,6.467169539892126e-07
10,0.075,2,6,False,True,0.0051311147474277785,0.005118550960502066,1.256378692571225e-05
10,0.075,2,7,False,True,0.0011186555582474167,0.0011036565750415228,1.4998983205893879e-05
10,0.075,2,8,False,True,0.0006824987310025676,0.0006695547412061131,1.2943989796454503e-05
10,0.075,2,9,False,True,0.0006092208394594678,0.0006097235067299422,-5.026672704744328e-07
10,0.075,2,10,False,True,0.0004498079746988459,0.0004476402119832912,2.167762715554744e-06
10,0.075,2,11,False,True,0.000198649994360256,0.00019977178298535847,-1.1217886251024822e-06
10,0.075,3,4,False,True,0.18718185398786447,0.18718185297099965,1.016864814573637e-09
10,0.075,3,5,False,True,0.03563549196731519,0.03563527519607712,2.1677123807073428e-07
10,0.075,3,6,False,True,0.007547083570709878,0.007542630026976749,4.45354373312945e-06
10,0.075,3,7,False,True,0.00139387533969626,0.0013909231975786085,2.9521421176514906e-06
10,0.075,3,8,False,True,0.0005242242569942768,0.0005205559360790257,3.6683209152510443e-06
10,0.075,3,9,False,True,0.0006709260183594967,0.0006695547412061131,1.3712771533835877e-06
10,0.075,3,10,False,True,0.0006542931745947556,0.0006498878572207545,4.405317374001072e-06
10,0.075,3,11,False,True,0.0003266938536312658,0.0003283632155866023,-1.6693619553365124e-06
10,0.075,4,5,False,False,0.14949942922136916,0.14949928242656707,1.467948020916765e-07
10,0.075,4,6,False,False,0.026550153816957023,0.0265479112550544,2.2425619026211763e-06
10,0.075,4,7,False,False,0.005517164331896751,0.0055171949892538485,-3.06573570973967e-08
10,0.075,4,8,False,False,0.00139015816542587,0.0013909231975783864,-7.650321525165538e-07
10,0.075,4,9,False,False,0.0011048906250603618,0.0011036565750417449,1.2340500186169834e-06
10,0.075,4,10,False,False,0.0021734615583830497,0.0021697160696667606,3.7454887162891026e-06
10,0.075,4,11,False,False,0.0027330692667841827,0.0027400828419998913,-7.013575215708556e-06
10,0.075,5,6,False,False,0.14809482340544533,0.14809721770817985,-2.3943027345207923e-06
10,0.075,5,7,False,False,0.026531554240008637,0.02654791125505418,-1.6357015045542767e-05
10,0.075,5,8,False,False,0.007525687730360886,0.007542630026976971,-1.6942296616084818e-05
10,0.075,5,9,False,False,0.0051105382030463,0.00511855096050251,-8.01275745621055e-06
10,0.075,5,10,False,False,0.0043786884772067936,0.00438427232116978,-5.583843962986279e-06
10,0.075,5,11,False,False,0.012345762676897909,0.012375465914842954,-2.970323794504459e-05
10,0.075,6,7,False,False,0.14942191011753736,0.14949928242656685,-7.737230902948866e-05
10,0.075,6,8,False,False,0.03556026280239433,0.03563527519607712,-7.5012393682794e-05
10,0.075,6,9,False,False,0.027526386360582134,0.02757004167312571,-4.3655312543577907e-05
10,0.075,6,10,False,False,0.014944404944810197,0.015000322824106238,-5.5917879296041306e-05
10,0.075,6,11,False,False,0.010487252576978578,0.010524098326439413,-3.68457494608343e-05
10,0.075,7,8,False,False,0.18696968858964969,0.18718185297099932,-0.00021216438134963322
10,0.075,7,9,False,False,0.0910279216097456,0.09112512050998078,-9.719890023518474e-05
10,0.075,7,10,False,False,0.04560183425432429,0.04574574820573685,-0.00014391395141255536
10,0.075,7,11,False,False,0.007912558882492204,0.007896185837596548,1.637304489565672e-05
10,0.075,8,9,False,False,0.27555019545446957,0.2756102305193451,-6.003506487550769e-05
10,0.075,8,10,False,False,0.052312672281361605,0.052331045722508795,-1.8373441147190306e-05
10,0.075,8,11,False,False,0.008189479429883573,0.008115821995268169,7.365743461540397e-05
10,0.075,9,10,False,False,0.15490780513491353,0.15521131692269519,-0.0003035117877816518
10,0.075,9,11,False,False,0.029596529669958738,0.02947189025553265,0.0001246394144260865
10,0.075,10,11,False,False,0.15263951868765235,0.1524661739445181,0.00017334474313424053
11,0.075,0,1,True,True,0.1524661739445179,0.15246617394451745,4.440892098500626e-16
11,0.075,0,2,True,True,0.02947189025553265,0.029471890255532207,4.440892098500626e-16
11,0.075,0,3,True,True,0.008115821995267947,0.00811582199526839,-4.440892098500626e-16
11,0.075,0,4,False,True,0.007896185837596992,0.007896185837596548,4.440892098500626e-16
11,0.075,0,5,False,True,0.010524098784747027,0.010524098326439413,4.5830761408183207e-10
11,0.075,0,6,False,True,0.012385617464660381,0.01237546591484251,1.0151549817871697e-05
11,0.075,0,7,False,True,0.0029271099755669994,0.002740082841999225,0.00018702713356777423
11,0.075,0,8,False,True,0.000339878271722327,0.00032836321558638026,1.1515056135946722e-05
11,0.075,0,9,False,True,0.00020811384257779508,0.00019977178298580256,8.342059591992523e-06
11,0.075,0,10,False,True,3.1996454228133686e-05,3.217458656168404e-05,-1.7813233355035152e-07
11,0.075,0,11,False,True,1.3693969993511246e-06,1.377116182421645e-06,-7.71918307052033e-09
11,0.075,1,2,True,True,0.15521131692269519,0.15521131692269519,0.0
11,0.075,1,3,True,True,0.05233104572250902,0.05233104572250924,-2.220446049250313e-16
11,0.075,1,4,False,True,0.045745748205736625,0.04574574820573685,-2.220446049250313e-16
11,0.075,1,5,False,True,0.015000327815617887,0.015000322824106904,4.991510982321756e-09
11,0.075,1,6,False,True,0.0043872069898742705,0.004384272321170224,2.9346687040465724e-06
11,0.075,1,7,False,True,0.0022572259358997204,0.0021697160696674267,8.750986623229373e-05
11,0.075,1,8,False,True,0.0006671226594117119,0.0006498878572209765,1.7234802190735365e-05
11,0.075,1,9,False,True,0.00047831903848871704,0.00044764021198417936,3.067882650453768e-05
11,0.075,1,10,False,True,0.00020679227794095922,0.00020794106322918893,-1.1487852882297034e-06
11,0.075,1,11,False,True,3.199470545256489e-05,3.217458656212813e-05,-1.7988110956324022e-07
11,0.075,2,3,True,True,0.2756102305193444,0.2756102305193452,-7.771561172376096e-16
11,0.075,2,4,False,True,0.09112512050998034,0.09112512050998012,2.220446049250313e-16
11,0.075,2,5,False,True,0.027570044870565802,0.02757004167312549,3.1974403125190065e-09
11,0.075,2,6,False,True,0.005119262523348489,0.005118550960502066,7.115628464227086e-07
11,0.075,2,7,False,True,0.0011167997257299778,0.0011036565750415228,1.3143150688454952e-05
11,0.075,2,8,False,True,0.0006774148200703323,0.0006695547412061131,7.860078864219133e-06
11,0.075,2,9,False,True,0.0006453240460371212,0.0006097235067299422,3.560053930717899e-05
11,0.075,2,10,False,True,0.0004452356172572891,0.0004476402119832912,-2.404594726002074e-06
11,0.075,2,11,False,True,0.00019866245540978156,0.00019977178298535847,-1.1093275755769127e-06
11,0.075,3,4,False,True,0.18718185297099943,0.18718185297099965,-2.220446049250313e-16
11,0.075,3,5,False,True,0.03563527634441721,0.03563527519607712,1.1483400896850071e-09
11,0.075,3,6,False,True,0.007542886013236716,0.007542630026976749,2.5598625996714475e-07
11,0.075,3,7,False,True,0.0013943926993547073,0.0013909231975786085,3.469501776098838e-06
11,0.075,3,8,False,True,0.0005232752524642059,0.0005205559360790257,2.7193163851801927e-06
11,0.075,3,9,False,True,0.0006876918692757528,0.0006695547412061131,1.813712806963963e-05
11,0.075,3,10,False,True,0.0006476680459073236,0.0006498878572207545,-2.219811313430853e-06
11,0.075,3,11,False,True,0.00032674572228197363,0.0003283632155866023,-1.617493304628681e-06
11,0.075,4,5,False,False,0.1494992834780713,0.14949928242656707,1.0515042170311517e-09
11,0.075,4,6,False,False,0.02654808574725198,0.0265479112550544,1.7449219757992296e-07
11,0.075,4,7,False,False,0.005520312465305377,0.0055171949892538485,3.117476051528456e-06
11,0.075,4,8,False,False,0.001390486624065268,0.0013909231975783864,-4.365735131184323e-07
11,0.075,4,9,False,False,0.0011119640757435434,0.0011036565750417449,8.307500701798531e-06
11,0.075,4,10,False,False,0.0021619285772132013,0.0021697160696667606,-7.787492453559253e-06
11,0.075,4,11,False,False,0.002733332758404705,0.0027400828419998913,-6.7500835951861404e-06
11,0.075,5,6,False,False,0.1480973429438075,0.14809721770817985,1.2523562764599205e-07
11,0.075,5,7,False,False,0.026549165729883306,0.02654791125505418,1.2544748291265506e-06
11,0.075,5,8,False,False,0.007534124081434168,0.007542630026976971,-8.505945542802706e-06
11,0.075,5,9,False,False,0.005105915774843872,0.00511855096050251,-1.2635185658638193e-05
11,0.075,5,10,False,False,0.004362815766986383,0.00438427232116978,-2.1456554183396648e-05
11,0.075,5,11,False,False,0.012345320785831948,0.012375465914842954,-3.0145129011005523e-05
11,0.075,6,7,False,False,0.1494932838980707,0.14949928242656685,-5.9985284961427965e-06
11,0.075,6,8,False,False,0.035587077328587124,0.03563527519607712,-4.819786748999633e-05
11,0.075,6,9,False,False,0.027463023032607392,0.02757004167312571,-0.00010701864051831933
11,0.075,6,10,False,False,0.014921726354898635,0.015000322824106238,-7.859646920760355e-05
11,0.075,6,11,False,False,0.010481164120464959,0.010524098326439413,-4.293420597445419e-05
11,0.075,7,8,False,False,0.1869576649907323,0.18718185297099932,-0.00022418798026702103
11,0.075,7,9,False,False,0.09072536996235558,0.09112512050998078,-0.00039975054762519946
11,0.075,7,10,False,False,0.045499952571613766,0.04574574820573685,-0.0002457956341230805
11,0.075,7,11,False,False,0.00785794125299577,0.007896185837596548,-3.824458460077729e-05
11,0.075,8,9,False,False,0.27455568848207323,0.2756102305193451,-0.001054542037271844
11,0.075,8,10,False,False,0.052068683472473065,0.052331045722508795,-0.0002623622500357303
11,0.075,8,11,False,False,0.008110134630332055,0.008115821995268169,-5.687364936113326e-06
11,0.075,9,10,False,False,0.15489096725445828,0.15521131692269519,-0.0003203496682369078
11,0.075,9,11,False,False,0.02941245443508045,0.02947189025553265,-5.943582045220275e-05
11,0.075,10,11,False,False,0.15246312256827865,0.1524661739445181,-3.0513762394601684e-06
0,0.15,0,1,True,True,0.152452551867587,0.15246617394451745,-1.362207693045292e-05
0,0.15,0,2,True,True,0.029235015159163602,0.029471890255532207,-0.00023687509636860504
0,0.15,0,3,True,True,0.008093133891310611,0.00811582199526839,-2.268810395777976e-05
0,0.15,0,4,False,True,0.007744079885228183,0.007896185837596548,-0.00015210595236836433
0,0.15,0,5,False,True,0.010353356972730765,0.010524098326439413,-0.00017074135370864774
0,0.15,0,6,False,True,0.012255571921626629,0.01237546591484251,-0.00011989399321588046
0,0.15,0,7,False,True,0.0027132349075629225,0.002740082841999225,-2.6847934436302623e-05
0,0.15,0,8,False,True,0.0003219297863161774,0.00032836321558638026,-6.433429270202851e-06
0,0.15,0,9,False,True,0.00019535946544357863,0.00019977178298580256,-4.412317542223931e-06
0,0.15,0,10,False,True,3.145911170654436e-05,3.217458656168404e-05,-7.15474855139675e-07
0,0.15,0,11,False,True,1.3464132000429174e-06,1.377116182421645e-06,-3.0702982378727484e-08
0,0.15,1,2,True,True,0.15393546707541472,0.15521131692269519,-0.0012758498472804636
0,0.15,1,3,True,True,0.05128869122872315,0.05233104572250924,-0.0010423544937860907
0,0.15,1,4,False,True,0.04476859961516322,0.04574574820573685,-0.0009771485905736288
0,0.15,1,5,False,True,0.014687750373400643,0.015000322824106904,-0.00031257245070626105
0,0.15,1,6,False,True,0.00429892231048834,0.004384272321170224,-8.535001068188386e-05
0,0.15,1,7,False,True,0.0021387355874622482,0.0021697160696674267,-3.098048220517846e-05
0,0.15,1,8,False,True,0.0006410578165858549,0.0006498878572209765,-8.830040635121605e-06
0,0.15,1,9,False,True,0.00043807701312736924,0.00044764021198417936,-9.563198856810118e-06
0,0.15,1,10,False,True,0.00020337220592558936,0.00020794106322918893,-4.568857303599572e-06
0,0.15,1,11,False,True,3.1466118346923366e-05,3.217458656212813e-05,-7.084682152047606e-07
0,0.15,2,3,True,True,0.27142632911761844,0.2756102305193452,-0.004183901401726753
0,0.15,2,4,False,True,0.08953572503522045,0.09112512050998012,-0.0015893954747596695
0,0.15,2,5,False,True,0.027144042337015506,0.02757004167312549,-0.0004259993361099834
0,0.15,2,6,False,True,0.005068180046227999,0.005118550960502066,-5.037091427406715e-05
0,0.15,2,7,False,True,0.00113658968831154,0.0011036565750415228,3.2933113270017245e-05
0,0.15,2,8,False,True,0.0007415351278918791,0.0006695547412061131,7.198038668576601e-05
0,0.15,2,9,False,True,0.0007510377712798277,0.0006097235067299422,0.0001413142645498855
0,0.15,2,10,False,True,0.0005694132193201362,0.0004476402119832912,0.00012177300733684504
0,0.15,2,11,False,True,0.00023287901399604571,0.00019977178298535847,3.3107231010687244e-05
0,0.15,3,4,False,True,0.18628830206961922,0.18718185297099965,-0.0008935509013804355
0,0.15,3,5,False,True,0.03544303645235947,0.03563527519607712,-0.00019223874371765426
0,0.15,3,6,False,True,0.007508674355314104,0.007542630026976749,-3.395567166264435e-05
0,0.15,3,7,False,True,0.0013891583885561332,0.0013909231975786085,-1.7648090224753332e-06
0,0.15,3,8,False,True,0.0005313518370722026,0.0005205559360790257,1.0795900993176843e-05
0,0.15,3,9,False,True,0.0007007684234543454,0.0006695547412061131,3.121368224823229e-05
0,0.15,3,10,False,True,0.0007183367192538093,0.0006498878572207545,6.844886203305478e-05
0,0.15,3,11,False,True,0.00037409107888808357,0.0003283632155866023,4.5727863301481264e-05
0,0.15,4,5,False,False,0.1494752759618332,0.14949928242656707,-2.4006464733883348e-05
0,0.15,4,6,False,False,0.026552869200109797,0.0265479112550544,4.95794505539493e-06
0,0.15,4,7,False,False,0.00552958788380753,0.0055171949892538485,1.2392894553681089e-05
0,0.15,4,8,False,False,0.0014047201171139,0.0013909231975783864,1.3796919535513652e-05
0,0.15,4,9,False,False,0.0011559292118485942,0.0011036565750417449,5.227263680684935e-05
0,0.15,4,10,False,False,0.0025178203278715117,0.0021697160696667606,0.0003481042582047511
0,0.15,4,11,False,False,0.0034842038189166757,0.0027400828419998913,0.0007441209769167845
0,0.15,5,6,False,False,0.14809771457603493,0.14809721770817985,4.968678550820727e-07
0,0.15,5,7,False,False,0.026548605056700092,0.02654791125505418,6.93801645912373e-07
0,0.15,5,8,False,False,0.007543648165802219,0.007542630026976971,1.0181388252483714e-06
0,0.15,5,9,False,False,0.005121381169056249,0.00511855096050251,2.8302085537390553e-06
0,0.15,5,10,False,False,0.004395945118602196,0.00438427232116978,1.1672797432416004e-05
0,0.15,5,11,False,False,0.012415844826816347,0.012375465914842954,4.037891197339327e-05
0,0.15,6,7,False,False,0.14949928660896972,0.14949928242656685,4.18240286848004e-09
0,0.15,6,8,False,False,0.035635279763649,0.03563527519607712,4.56757187627943e-09
0,0.15,6,9,False,False,0.02757005439107929,0.02757004167312571,1.2717953579155505e-08
0,0.15,6,10,False,False,0.015000342678054945,0.015000322824106238,1.9853948707293512e-08
0,0.15,6,11,False,False,0.010524100149378102,0.010524098326439413,1.822938688889053e-09
0,0.15,7,8,False,False,0.18718185297099932,0.18718185297099932,0.0
0,0.15,7,9,False,False,0.09112512050998034,0.09112512050998078,-4.440892098500626e-16
0,0.15,7,10,False,False,0.045745748205736625,0.04574574820573685,-2.220446049250313e-16
0,0.15,7,11,False,False,0.007896185837596548,0.007896185837596548,0.0
0,0.15,8,9,False,False,0.27561023051934463,0.2756102305193451,-4.440892098500626e-16
0,0.15,8,10,False,False,0.05233104572250924,0.052331045722508795,4.440892098500626e-16
0,0.15,8,11,False,False,0.008115821995268169,0.008115821995268169,0.0
0,0.15,9,10,False,False,0.15521131692269496,0.15521131692269519,-2.220446049250313e-16
0,0.15,9,11,False,False,0.029471890255532207,0.02947189025553265,-4.440892098500626e-16
0,0.15,10,11,False,False,0.15246617394451722,0.1524661739445181,-8.881784197001252e-16
1,0.15,0,1,True,True,0.1531509053634994,0.15246617394451745,0.0006847314189819542
1,0.15,0,2,True,True,0.029967158738116284,0.029471890255532207,0.000495268482584077
1,0.15,0,3,True,True,0.008408558864804183,0.00811582199526839,0.00029273686953579237
1,0.15,0,4,False,True,0.007961210788570705,0.007896185837596548,6.502495097415739e-05
1,0.15,0,5,False,True,0.010377460771188396,0.010524098326439413,-0.00014663755525101685
1,0.15,0,6,False,True,0.012257287072115153,0.01237546591484251,-0.00011817884272735668
1,0.15,0,7,False,True,0.0027121770331410833,0.002740082841999225,-2.7905808858141867e-05
1,0.15,0,8,False,True,0.00032172248325457176,0.00032836321558638026,-6.640732331808508e-06
1,0.15,0,9,False,True,0.00019530970498493616,0.00019977178298580256,-4.4620780008663985e-06
1,0.15,0,10,False,True,3.145441355134615e-05,3.217458656168404e-05,-7.201730103378878e-07
1,0.15,0,11,False,True,1.346284943526399e-06,1.377116182421645e-06,-3.083123889524586e-08
1,0.15,1,2,True,True,0.15400393591186035,0.15521131692269519,-0.0012073810108348404
1,0.15,1,3,True,True,0.052258144146218655,0.05233104572250924,-7.290157629058491e-05
1,0.15,1,4,False,True,0.045172933779929814,0.04574574820573685,-0.0005728144258070333
1,0.15,1,5,False,True,0.014777761159879166,0.015000322824106904,-0.00022256166422773838
1,0.15,1,6,False,True,0.004361908814954241,0.004384272321170224,-2.2363506215983264e-05
1,0.15,1,7,False,True,0.0021844606154430846,0.0021697160696674267,1.4744545775657869e-05
1,0.15,1,8,False,True,0.0006673345463776847,0.0006498878572209765,1.7446689156708217e-05
1,0.15,1,9,False,True,0.0004562175836495541,0.00044764021198417936,8.577371665374756e-06
1,0.15,1,10,False,True,0.0002089040349977367,0.00020794106322918893,9.629717685477601e-07
1,0.15,1,11,False,True,3.203932779483054e-05,3.217458656212813e-05,-1.352587672975858e-07
1,0.15,2,3,True,True,0.2753710733981355,0.2756102305193452,-0.00023915712120969879
1,0.15,2,4,False,True,0.09073735773181202,0.09112512050998012,-0.00038776277816809923
1,0.15,2,5,False,True,0.027395889618766933,0.02757004167312549,-0.00017415205435855619
1,0.15,2,6,False,True,0.005086573267799377,0.005118550960502066,-3.197769270268935e-05
1,0.15,2,7,False,True,0.0011085446653495978,0.0011036565750415228,4.8880903080750215e-06
1,0.15,2,8,False,True,0.0006750015889518401,0.0006695547412061131,5.446847745727013e-06
1,0.15,2,9,False,True,0.0006077155919077537,0.0006097235067299422,-2.007914822188539e-06
1,0.15,2,10,False,True,0.00044519488337990687,0.0004476402119832912,-2.4453286033843114e-06
1,0.15,2,11,False,True,0.00019855784660727238,0.00019977178298535847,-1.213936378086089e-06
1,0.15,3,4,False,True,0.18633561217167993,0.18718185297099965,-0.0008462407993197196
1,0.15,3,5,False,True,0.035336157812394964,0.03563527519607712,-0.000299117383682157
1,0.15,3,6,False,True,0.007475052580499186,0.007542630026976749,-6.757744647756248e-05
1,0.15,3,7,False,True,0.0013878414326446986,0.0013909231975786085,-3.0817649339098807e-06
1,0.15,3,8,False,True,0.0005351283042092092,0.0005205559360790257,1.4572368130183477e-05
1,0.15,3,9,False,True,0.0007209950491664507,0.0006695547412061131,5.1440307960337606e-05
1,0.15,3,10,False,True,0.0007956586856328052,0.0006498878572207545,0.0001457708284120507
1,0.15,3,11,False,True,0.00044760572895308215,0.0003283632155866023,0.00011924251336647984
1,0.15,4,5,False,False,0.14919055336324738,0.14949928242656707,-0.0003087290633196904
1,0.15,4,6,False,False,0.02648257043536595,0.0265479112550544,-6.534081968845307e-05
1,0.15,4,7,False,False,0.005517007548570874,0.0055171949892538485,-1.8744068297493754e-07
1,0.15,4,8,False,False,0.0014026417573154148,0.0013909231975783864,1.17185597370284e-05
1,0.15,4,9,False,False,0.0011632783006032543,0.0011036565750417449,5.9621725561509464e-05
1,0.15,4,10,False,False,0.0025313190652305195,0.0021697160696667606,0.00036160299556375897
1,0.15,4,11,False,False,0.0034457024077616527,0.0027400828419998913,0.0007056195657617614
1,0.15,5,6,False,False,0.1480876003016922,0.14809721770817985,-9.617406487638647e-06
1,0.15,5,7,False,False,0.026556810367337036,0.02654791125505418,8.899112282856336e-06
1,0.15,5,8,False,False,0.007560338447803794,0.007542630026976971,1.7708420826823e-05
1,0.15,5,9,False,False,0.005168517004719098,0.00511855096050251,4.9966044216587235e-05
1,0.15,5,10,False,False,0.004604563498799452,0.00438427232116978,0.00022029117762967232
1,0.15,5,11,False,False,0.013136303718738196,0.012375465914842954,0.0007608378038952424
1,0.15,6,7,False,False,0.14949986533456694,0.14949928242656685,5.829080000907538e-07
1,0.15,6,8,False,False,0.03563613714258418,0.03563527519607712,8.619465070580645e-07
1,0.15,6,9,False,False,0.027572613901263088,0.02757004167312571,2.5722281373763423e-06
1,0.15,6,10,False,False,0.015004474856814998,0.015000322824106238,4.152032708759634e-06
1,0.15,6,11,False,False,0.010524743190288843,0.010524098326439413,6.448638494305214e-07
1,0.15,7,8,False,False,0.18718185701562273,0.18718185297099932,4.0446234139679405e-09
1,0.15,7,9,False,False,0.0911251250276286,0.09112512050998078,4.517647811397296e-09
1,0.15,7,10,False,False,0.04574575010846549,0.04574574820573685,1.9027286413120237e-09
1,0.15,7,11,False,False,0.00789620678721259,0.007896185837596548,2.0949616041932018e-08
1,0.15,8,9,False,False,0.27561023051934475,0.2756102305193451,-3.3306690738754696e-16
1,0.15,8,10,False,False,0.052331045722508795,0.052331045722508795,0.0
1,0.15,8,11,False,False,0.008115821995267725,0.008115821995268169,-4.440892098500626e-16
1,0.15,9,10,False,False,0.15521131692269519,0.15521131692269519,0.0
1,0.15,9,11,False,False,0.029471890255532207,0.02947189025553265,-4.440892098500626e-16
1,0.15,10,11,False,False,0.15246617394451722,0.1524661739445181,-8.881784197001252e-16
2,0.15,0,1,True,True,0.15107746572115865,0.15246617394451745,-0.0013887082233587922
2,0.15,0,2,True,True,0.02941095246810832,0.029471890255532207,-6.0937787423887e-05
2,0.15,0,3,True,True,0.008065106101411423,0.00811582199526839,-5.07158938569674e-05
2,0.15,0,4,False,True,0.00787676900116474,0.007896185837596548,-1.9416836431807027e-05
2,0.15,0,5,False,True,0.01043958831594849,0.010524098326439413,-8.451001049092355e-05
2,0.15,0,6,False,True,0.012219811152686333,0.01237546591484251,-0.00015565476215617657
2,0.15,0,7,False,True,0.0027218714972394586,0.002740082841999225,-1.821134475976649e-05
2,0.15,0,8,False,True,0.00032603860837188137,0.00032836321558638026,-2.324607214498897e-06
2,0.15,0,9,False,True,0.00019619578789509262,0.00019977178298580256,-3.575995090709938e-06
2,0.15,0,10,False,True,3.1523665560362346e-05,3.217458656168404e-05,-6.509210013216915e-07
2,0.15,0,11,False,True,1.3478495222152276e-06,1.377116182421645e-06,-2.9266660206417328e-08
2,0.15,1,2,True,True,0.15466694104134904,0.15521131692269519,-0.0005443758813461486
2,0.15,1,3,True,True,0.05214210036958056,0.05233104572250924,-0.0001889453529286822
2,0.15,1,4,False,True,0.04560574421409447,0.04574574820573685,-0.00014000399164237898
2,0.15,1,5,False,True,0.014889707966023735,0.015000322824106904,-0.00011061485808316895
2,0.15,1,6,False,True,0.004338919957128429,0.004384272321170224,-4.535236404179521e-05
2,0.15,1,7,False,True,0.002173818439377806,0.0021697160696674267,4.10236971037925e-06
2,0.15,1,8,False,True,0.0006491545120290709,0.0006498878572209765,-7.333451919055989e-07
2,0.15,1,9,False,True,0.0004437480423049589,0.00044764021198417936,-3.8921696792204585e-06
2,0.15,1,10,False,True,0.00020588889986017378,0.00020794106322918893,-2.0521633690151475e-06
2,0.15,1,11,False,True,3.183600835865441e-05,3.217458656212813e-05,-3.3857820347371614e-07
2,0.15,2,3,True,True,0.2749468371852821,0.2756102305193452,-0.0006633933340630671
2,0.15,2,4,False,True,0.09078338443120049,0.09112512050998012,-0.00034173607877963086
2,0.15,2,5,False,True,0.027336059978132266,0.02757004167312549,-0.00023398169499322385
2,0.15,2,6,False,True,0.005063284037449378,0.005118550960502066,-5.52669230526881e-05
2,0.15,2,7,False,True,0.0011087443628985394,0.0011036565750415228,5.087787857016579e-06
2,0.15,2,8,False,True,0.0006760757143788876,0.0006695547412061131,6.520973172774447e-06
2,0.15,2,9,False,True,0.0006108636822019786,0.0006097235067299422,1.1401754720363755e-06
2,0.15,2,10,False,True,0.0004485102484124148,0.0004476402119832912,8.70036429123644e-07
2,0.15,2,11,False,True,0.00019911845672182515,0.00019977178298535847,-6.533262635333159e-07
2,0.15,3,4,False,True,0.1865277192297301,0.18718185297099965,-0.0006541337412695469
2,0.15,3,5,False,True,0.03541371277522898,0.03563527519607712,-0.0002215624208481426
2,0.15,3,6,False,True,0.0074913241452359,0.007542630026976749,-5.130588174084849e-05
2,0.15,3,7,False,True,0.0013830814621704768,0.0013909231975786085,-7.841735408131711e-06
2,0.15,3,8,False,True,0.0005245413596466353,0.0005205559360790257,3.985423567609558e-06
2,0.15,3,9,False,True,0.000681346369399094,0.0006695547412061131,1.1791628192980852e-05
2,0.15,3,10,False,True,0.0006918367398347502,0.0006498878572207545,4.1948882613995764e-05
2,0.15,3,11,False,True,0.0003691466457327319,0.0003283632155866023,4.078343014612962e-05
2,0.15,4,5,False,False,0.14887234517872883,0.14949928242656707,-0.000626937247838244
2,0.15,4,6,False,False,0.026314638602170426,0.0265479112550544,-0.0002332726528839757
2,0.15,4,7,False,False,0.00546490434606417,0.0055171949892538485,-5.2290643189678576e-05
2,0.15,4,8,False,False,0.0013864547143538353,0.0013909231975783864,-4.4684832245511785e-06
2,0.15,4,9,False,False,0.001128938920807565,0.0011036565750417449,2.5282345765820224e-05
2,0.15,4,10,False,False,0.0023658794010206208,0.0021697160696667606,0.00019616333135386022
2,0.15,4,11,False,False,0.0031826291085677028,0.0027400828419998913,0.0004425462665678115
2,0.15,5,6,False,False,0.14779589572295815,0.14809721770817985,-0.00030132198522170306
2,0.15,5,7,False,False,0.026482964294233913,0.02654791125505418,-6.494696082026685e-05
2,0.15,5,8,False,False,0.007541255249455148,0.007542630026976971,-1.374777521823134e-06
2,0.15,5,9,False,False,0.005147062575844297,0.00511855096050251,2.8511615341786367e-05
2,0.15,5,10,False,False,0.004619165522403268,0.00438427232116978,0.00023489320123348811
2,0.15,5,11,False,False,0.013175697235878081,0.012375465914842954,0.0008002313210351275
2,0.15,6,7,False,False,0.14948946201918578,0.14949928242656685,-9.820407381067042e-06
2,0.15,6,8,False,False,0.035645017999344386,0.03563527519607712,9.742803267265288e-06
2,0.15,6,9,False,False,0.027614411192356192,0.02757004167312571,4.436951923048049e-05
2,0.15,6,10,False,False,0.015079448823486885,0.015000322824106238,7.912599938064702e-05
2,0.15,6,11,False,False,0.010552334936228647,0.010524098326439413,2.8236609789233924e-05
2,0.15,7,8,False,False,0.1871823613632413,0.18718185297099932,5.083922419713005e-07
2,0.15,7,9,False,False,0.0911260320983498,0.09112512050998078,9.11588369012506e-07
2,0.15,7,10,False,False,0.04574637866064091,0.04574574820573685,6.304549040603291e-07
2,0.15,7,11,False,False,0.007900840165853573,0.007896185837596548,4.654328257025497e-06
2,0.15,8,9,False,False,0.2756102337736396,0.2756102305193451,3.2542945005431534e-09
2,0.15,8,10,False,False,0.05233105112086567,0.052331045722508795,5.398356872632348e-09
2,0.15,8,11,False,False,0.008115826468537257,0.008115821995268169,4.47326908847856e-09
2,0.15,9,10,False,False,0.15521131692269496,0.15521131692269519,-2.220446049250313e-16
2,0.15,9,11,False,False,0.02947189025553243,0.02947189025553265,-2.220446049250313e-16
2,0.15,10,11,False,False,0.152466173944517,0.1524661739445181,-1.1102230246251565e-15
3,0.15,0,1,True,True,0.15174403992678576,0.15246617394451745,-0.0007221340177316904
3,0.15,0,2,True,True,0.02927232033880678,0.029471890255532207,-0.00019956991672542834
3,0.15,0,3,True,True,0.008039282154469696,0.00811582199526839,-7.653984079869502e-05
3,0.15,0,4,False,True,0.00783785051144581,0.007896185837596548,-5.8335326150738e-05
3,0.15,0,5,False,True,0.010374269834722671,0.010524098326439413,-0.0001498284917167414
3,0.15,0,6,False,True,0.012173719796041427,0.01237546591484251,-0.00020174611880108273
3,0.15,0,7,False,True,0.0027044235833921793,0.002740082841999225,-3.5659258607045885e-05
3,0.15,0,8,False,True,0.00032374208342234034,0.00032836321558638026,-4.6211321640399206e-06
3,0.15,0,9,False,True,0.00019619641930201936,0.00019977178298580256,-3.575363683783195e-06
3,0.15,0,10,False,True,3.156564416562091e-05,3.217458656168404e-05,-6.089423960631279e-07
3,0.15,0,11,False,True,1.3505332667751446e-06,1.377116182421645e-06,-2.6582915646500282e-08
3,0.15,1,2,True,True,0.15443694945501263,0.15521131692269519,-0.0007743674676825574
3,0.15,1,3,True,True,0.052045342248258075,0.05233104572250924,-0.0002857034742511644
3,0.15,1,4,False,True,0.04554764214440388,0.04574574820573685,-0.00019810606133296993
3,0.15,1,5,False,True,0.014942968202113605,0.015000322824106904,-5.735462199329966e-05
3,0.15,1,6,False,True,0.004333295369504331,0.004384272321170224,-5.097695166589311e-05
3,0.15,1,7,False,True,0.0021539200294049543,0.0021697160696674267,-1.579604026247239e-05
3,0.15,1,8,False,True,0.0006445481704571154,0.0006498878572209765,-5.339686763861096e-06
3,0.15,1,9,False,True,0.0004424902912465445,0.00044764021198417936,-5.149920737634872e-06
3,0.15,1,10,False,True,0.00020521213735236188,0.00020794106322918893,-2.7289258768270486e-06
3,0.15,1,11,False,True,3.172410680951643e-05,3.217458656212813e-05,-4.504797526116988e-07
3,0.15,2,3,True,True,0.2749512382723478,0.2756102305193452,-0.0006589922469973919
3,0.15,2,4,False,True,0.09070388285935271,0.09112512050998012,-0.00042123765062740404
3,0.15,2,5,False,True,0.02742004046955593,0.02757004167312549,-0.00015000120356956081
3,0.15,2,6,False,True,0.005065083674548054,0.005118550960502066,-5.3467285954011956e-05
3,0.15,2,7,False,True,0.001092309690340798,0.0011036565750415228,-1.1346884700724758e-05
3,0.15,2,8,False,True,0.0006771837826144989,0.0006695547412061131,7.629041408385717e-06
3,0.15,2,9,False,True,0.0006167817726219216,0.0006097235067299422,7.058265891979332e-06
3,0.15,2,10,False,True,0.00045421594610384197,0.0004476402119832912,6.575734120550791e-06
3,0.15,2,11,False,True,0.00020127907135591983,0.00019977178298535847,1.507288370561355e-06
3,0.15,3,4,False,True,0.1865743305572014,0.18718185297099965,-0.0006075224137982449
3,0.15,3,5,False,True,0.03550759999635322,0.03563527519607712,-0.00012767519972389785
3,0.15,3,6,False,True,0.007489899609699924,0.007542630026976749,-5.273041727682504e-05
3,0.15,3,7,False,True,0.0013813725055065174,0.0013909231975786085,-9.550692072091138e-06
3,0.15,3,8,False,True,0.0005237646831757203,0.0005205559360790257,3.2087470966946086e-06
3,0.15,3,9,False,True,0.0006753478027494708,0.0006695547412061131,5.79306154335768e-06
3,0.15,3,10,False,True,0.0006766207053456874,0.0006498878572207545,2.673284812493293e-05
3,0.15,3,11,False,True,0.0003559766489522609,0.0003283632155866023,2.761343336565858e-05
3,0.15,4,5,False,False,0.14892380225966684,0.14949928242656707,-0.000575480166900233
3,0.15,4,6,False,False,0.02636292980130306,0.0265479112550544,-0.00018498145375134278
3,0.15,4,7,False,False,0.005478681233242133,0.0055171949892538485,-3.851375601171547e-05
3,0.15,4,8,False,False,0.0013833498297477487,0.0013909231975783864,-7.573367830637778e-06
3,0.15,4,9,False,False,0.0011062480588024393,0.0011036565750417449,2.591483760694402e-06
3,0.15,4,10,False,False,0.002214488596745001,0.0021697160696667606,4.477252707824064e-05
3,0.15,4,11,False,False,0.0028789198780370118,0.0027400828419998913,0.0001388370360371205
3,0.15,5,6,False,False,0.14747604392018698,0.14809721770817985,-0.000621173787992868
3,0.15,5,7,False,False,0.02631373672199966,0.02654791125505418,-0.00023417453305452085
3,0.15,5,8,False,False,0.0074707705957484105,0.007542630026976971,-7.185943122856031e-05
3,0.15,5,9,False,False,0.0050859816311010775,0.00511855096050251,-3.256932940143287e-05
3,0.15,5,10,False,False,0.004468553585412316,0.00438427232116978,8.428126424253612e-05
3,0.15,5,11,False,False,0.01274271695944007,0.012375465914842954,0.00036725104459711666
3,0.15,6,7,False,False,0.14919439233432552,0.14949928242656685,-0.0003048900922413278
3,0.15,6,8,False,False,0.035540307402206706,0.03563527519607712,-9.496779387041521e-05
3,0.15,6,9,False,False,0.02755934430842011,0.02757004167312571,-1.0697364705603007e-05
3,0.15,6,10,False,False,0.015090376931955696,0.015000322824106238,9.005410784945767e-05
3,0.15,6,11,False,False,0.010698906012380327,0.010524098326439413,0.00017480768594091423
3,0.15,7,8,False,False,0.1871652534263344,0.18718185297099932,-1.65995446649303e-05
3,0.15,7,9,False,False,0.0911371055304675,0.09112512050998078,1.198502048671557e-05
3,0.15,7,10,False,False,0.04576841654520214,0.04574574820573685,2.2668339465292675e-05
3,0.15,7,11,False,False,0.008000651712113394,0.007896185837596548,0.00010446587451684586
3,0.15,8,9,False,False,0.27561070240022123,0.2756102305193451,4.7188087615168683e-07
3,0.15,8,10,False,False,0.05233251730212407,0.052331045722508795,1.4715796152753313e-06
3,0.15,8,11,False,False,0.008116975262933757,0.008115821995268169,1.153267665587876e-06
3,0.15,9,10,False,False,0.15521133145457688,0.15521131692269519,1.45318816979767e-08
3,0.15,9,11,False,False,0.02947190427764923,0.02947189025553265,1.4022116578971122e-08
3,0.15,10,11,False,False,0.15246617394451767,0.1524661739445181,-4.440892098500626e-16
4,0.15,0,1,True,True,0.15272077046547494,0.15246617394451745,0.0002545965209574952
4,0.15,0,2,True,True,0.029189369756819294,0.029471890255532207,-0.0002825204987129126
4,0.15,0,3,True,True,0.008036418994522121,0.00811582199526839,-7.940300074626983e-05
4,0.15,0,4,False,True,0.007892306419168937,0.007896185837596548,-3.879418427610304e-06
4,0.15,0,5,False,True,0.010466170610706982,0.010524098326439413,-5.792771573243094e-05
4,0.15,0,6,False,True,0.012400816369418255,0.01237546591484251,2.5350454575745474e-05
4,0.15,0,7,False,True,0.0026957914690242113,0.002740082841999225,-4.429137297501384e-05
4,0.15,0,8,False,True,0.0003229535582058851,0.00032836321558638026,-5.4096573804951475e-06
4,0.15,0,9,False,True,0.00019699856218857725,0.00019977178298580256,-2.7732207972253065e-06
4,0.15,0,10,False,True,3.158738295794272e-05,3.217458656168404e-05,-5.872036037413153e-07
4,0.15,0,11,False,True,1.3473012598907985e-06,1.377116182421645e-06,-2.981492253084639e-08
4,0.15,1,2,True,True,0.15461682379772945,0.15521131692269519,-0.0005944931249657337
4,0.15,1,3,True,True,0.05202545366393685,0.05233104572250924,-0.00030559205857239036
4,0.15,1,4,False,True,0.04542510875380312,0.04574574820573685,-0.0003206394519337241
4,0.15,1,5,False,True,0.014855841910962564,0.015000322824106904,-0.0001444809131443403
4,0.15,1,6,False,True,0.004442226349149037,0.004384272321170224,5.795402797881266e-05
4,0.15,1,7,False,True,0.002122761481992086,0.0021697160696674267,-4.6954587675340775e-05
4,0.15,1,8,False,True,0.0006382454373536905,0.0006498878572209765,-1.164241986728598e-05
4,0.15,1,9,False,True,0.00043932644264987886,0.00044764021198417936,-8.313769334300503e-06
4,0.15,1,10,False,True,0.00020384832983610934,0.00020794106322918893,-4.092733393079584e-06
4,0.15,1,11,False,True,3.152098855507823e-05,3.217458656212813e-05,-6.535980070498937e-07
4,0.15,2,3,True,True,0.27486798585118244,0.2756102305193452,-0.0007422446681627504
4,0.15,2,4,False,True,0.09062728659134844,0.09112512050998012,-0.0004978339186316738
4,0.15,2,5,False,True,0.027407180579901658,0.02757004167312549,-0.0001628610932238317
4,0.15,2,6,False,True,0.0051493816023295835,0.005118550960502066,3.083064182751727e-05
4,0.15,2,7,False,True,0.001095837672417499,0.0011036565750415228,-7.818902624023849e-06
4,0.15,2,8,False,True,0.0006663255969243664,0.0006695547412061131,-3.2291442817466987e-06
4,0.15,2,9,False,True,0.0006102271192021114,0.0006097235067299422,5.036124721691237e-07
4,0.15,2,10,False,True,0.00044791535599575383,0.0004476402119832912,2.7514401246264697e-07
4,0.15,2,11,False,True,0.00019865193343338028,0.00019977178298535847,-1.1198495519781915e-06
4,0.15,3,4,False,True,0.1865738309653917,0.18718185297099965,-0.0006080220056079444
4,0.15,3,5,False,True,0.035506732952132136,0.03563527519607712,-0.0001285422439449846
4,0.15,3,6,False,True,0.007506499201547223,0.007542630026976749,-3.6130825429525615e-05
4,0.15,3,7,False,True,0.0013751551803493633,0.0013909231975786085,-1.5768017229245146e-05
4,0.15,3,8,False,True,0.0005154483628029283,0.0005205559360790257,-5.107573276097455e-06
4,0.15,3,9,False,True,0.0006811739318641763,0.0006695547412061131,1.1619190658063161e-05
4,0.15,3,10,False,True,0.0006958976312410048,0.0006498878572207545,4.6009774020250305e-05
4,0.15,3,11,False,True,0.0003729505692986468,0.0003283632155866023,4.4587353712044475e-05
4,0.15,4,5,False,False,0.14893321216212674,0.14949928242656707,-0.0005660702644403326
4,0.15,4,6,False,False,0.026450932168218255,0.0265479112550544,-9.697908683614642e-05
4,0.15,4,7,False,False,0.005480801686386982,0.0055171949892538485,-3.639330286686615e-05
4,0.15,4,8,False,False,0.001382115854685173,0.0013909231975783864,-8.807342893213388e-06
4,0.15,4,9,False,False,0.001101799217450905,0.0011036565750417449,-1.8573575908398254e-06
4,0.15,4,10,False,False,0.002192199175974352,0.0021697160696667606,2.2483106307591427e-05
4,0.15,4,11,False,False,0.002831112731003005,0.0027400828419998913,9.10298890031136e-05
4,0.15,5,6,False,False,0.1475258990899948,0.14809721770817985,-0.000571318618185046
4,0.15,5,7,False,False,0.026362476811260915,0.02654791125505418,-0.00018543444379326424
4,0.15,5,8,False,False,0.007489157209347841,0.007542630026976971,-5.347281762912992e-05
4,0.15,5,9,False,False,0.005090015493325328,0.00511855096050251,-2.8535467177182028e-05
4,0.15,5,10,False,False,0.004383452627818363,0.00438427232116978,-8.196933514170723e-07
4,0.15,5,11,False,False,0.012420520273980884,0.012375465914842954,4.505435913793043e-05
4,0.15,6,7,False,False,0.14887198940539204,0.14949928242656685,-0.0006272930211748129
4,0.15,6,8,False,False,0.03532005976293551,0.03563527519607712,-0.0003152154331416135
4,0.15,6,9,False,False,0.027309918159506008,0.02757004167312571,-0.0002601235136197033
4,0.15,6,10,False,False,0.014920794978182661,0.015000322824106238,-7.952784592357709e-05
4,0.15,6,11,False,False,0.010575104301492111,0.010524098326439413,5.1005975052698105e-05
4,0.15,7,8,False,False,0.18677559305128777,0.18718185297099932,-0.00040625991971154907
4,0.15,7,9,False,False,0.09098268235440443,0.09112512050998078,-0.0001424381555763521
4,0.15,7,10,False,False,0.04581424003605483,0.04574574820573685,6.849183031798489e-05
4,0.15,7,11,False,False,0.008192839258644335,0.007896185837596548,0.0002966534210477878
4,0.15,8,9,False,False,0.27558915712840226,0.2756102305193451,-2.107339094281624e-05
4,0.15,8,10,False,False,0.05237665254623991,0.052331045722508795,4.560682373111469e-05
4,0.15,8,11,False,False,0.008151112984089215,0.008115821995268169,3.52909888210462e-05
4,0.15,9,10,False,False,0.15521503702210104,0.15521131692269519,3.720099405857269e-06
4,0.15,9,11,False,False,0.02947644935248861,0.02947189025553265,4.559096955958353e-06
4,0.15,10,11,False,False,0.15246624943609177,0.1524661739445181,7.549157365893677e-08
5,0.15,0,1,True,True,0.15297118081361694,0.15246617394451745,0.0005050068690994891
5,0.15,0,2,True,True,0.03016684611355913,0.029471890255532207,0.0006949558580269244
5,0.15,0,3,True,True,0.008170513385781009,0.00811582199526839,5.4691390512617843e-05
5,0.15,0,4,False,True,0.007924452395873915,0.007896185837596548,2.8266558277367793e-05
5,0.15,0,5,False,True,0.010558278068779403,0.010524098326439413,3.417974233999033e-05
5,0.15,0,6,False,True,0.012432526448563408,0.01237546591484251,5.7060533720898476e-05
5,0.15,0,7,False,True,0.0028834088609921427,0.002740082841999225,0.00014332601899291753
5,0.15,0,8,False,True,0.00033305993281662616,0.00032836321558638026,4.696717230245895e-06
5,0.15,0,9,False,True,0.0001969382613542514,0.00019977178298580256,-2.8335216315511502e-06
5,0.15,0,10,False,True,3.185670579863853e-05,3.217458656168404e-05,-3.178807630455083e-07
5,0.15,0,11,False,True,1.3605964077623156e-06,1.377116182421645e-06,-1.65197746593293e-08
5,0.15,1,2,True,True,0.15500835401005197,0.15521131692269519,-0.00020296291264321198
5,0.15,1,3,True,True,0.051904405795168085,0.05233104572250924,-0.00042663992734115475
5,0.15,1,4,False,True,0.04544799205153205,0.04574574820573685,-0.00029775615420479795
5,0.15,1,5,False,True,0.014883433521086786,0.015000322824106904,-0.00011688930302011791
5,0.15,1,6,False,True,0.004335355615135317,0.004384272321170224,-4.8916706034907165e-05
5,0.15,1,7,False,True,0.0022307976773670024,0.0021697160696674267,6.108160769957571e-05
5,0.15,1,8,False,True,0.0006401781670217765,0.0006498878572209765,-9.709690199199983e-06
5,0.15,1,9,False,True,0.0004409968870235925,0.00044764021198417936,-6.643324960586838e-06
5,0.15,1,10,False,True,0.00020495680882381961,0.00020794106322918893,-2.984254405369313e-06
5,0.15,1,11,False,True,3.1575367567704404e-05,3.217458656212813e-05,-5.992189944237225e-07
5,0.15,2,3,True,True,0.2746340499353831,0.2756102305193452,-0.0009761805839620941
5,0.15,2,4,False,True,0.09058933841285399,0.09112512050998012,-0.0005357820971261251
5,0.15,2,5,False,True,0.027383918735037982,0.02757004167312549,-0.00018612293808750735
5,0.15,2,6,False,True,0.005070163382326687,0.005118550960502066,-4.838757817537953e-05
5,0.15,2,7,False,True,0.001124705703688722,0.0011036565750415228,2.104912864719921e-05
5,0.15,2,8,False,True,0.0006550667094933349,0.0006695547412061131,-1.4488031712778238e-05
5,0.15,2,9,False,True,0.0005980213194933803,0.0006097235067299422,-1.1702187236561912e-05
5,0.15,2,10,False,True,0.0004410164675396899,0.0004476402119832912,-6.623744443601254e-06
5,0.15,2,11,False,True,0.000196761021541203,0.00019977178298535847,-3.010761444155463e-06
5,0.15,3,4,False,True,0.18652832308184375,0.18718185297099965,-0.0006535298891559016
5,0.15,3,5,False,True,0.035499132019666924,0.03563527519607712,-0.00013614317641019724
5,0.15,3,6,False,True,0.007506438031116058,0.007542630026976749,-3.619199586069044e-05
5,0.15,3,7,False,True,0.001412819401684029,0.0013909231975786085,2.189620410542048e-05
5,0.15,3,8,False,True,0.0005241781318656713,0.0005205559360790257,3.6221957866455767e-06
5,0.15,3,9,False,True,0.0006796586195114696,0.0006695547412061131,1.0103878305356417e-05
5,0.15,3,10,False,True,0.0006898417337368734,0.0006498878572207545,3.9953876516118925e-05
5,0.15,3,11,False,True,0.00036022958119019677,0.0003283632155866023,3.186636560359446e-05
5,0.15,4,5,False,False,0.14893304494569848,0.14949928242656707,-0.0005662374808685922
5,0.15,4,6,False,False,0.026453719526267738,0.0265479112550544,-9.419172878666338e-05
5,0.15,4,7,False,False,0.00549208828527048,0.0055171949892538485,-2.510670398336856e-05
5,0.15,4,8,False,False,0.0013753206761795145,0.0013909231975783864,-1.560252139887197e-05
5,0.15,4,9,False,False,0.0010918349777122582,0.0011036565750417449,-1.1821597329486622e-05
5,0.15,4,10,False,False,0.0022146200993429233,0.0021697160696667606,4.490402967616269e-05
5,0.15,4,11,False,False,0.002891199248318266,0.0027400828419998913,0.00015111640631837453
5,0.15,5,6,False,False,0.14753410896259034,0.14809721770817985,-0.0005631087455895134
5,0.15,5,7,False,False,0.026450750279838786,0.02654791125505418,-9.716097521539346e-05
5,0.15,5,8,False,False,0.007493974096302702,0.007542630026976971,-4.865593067426843e-05
5,0.15,5,9,False,False,0.005077689494608739,0.00511855096050251,-4.0861465893771154e-05
5,0.15,5,10,False,False,0.004363344416877801,0.00438427232116978,-2.092790429197855e-05
5,0.15,5,11,False,False,0.012378079327253433,0.012375465914842954,2.613412410479299e-06
5,0.15,6,7,False,False,0.14892412738949878,0.14949928242656685,-0.0005751550370680647
5,0.15,6,8,False,False,0.035396507037144476,0.03563527519607712,-0.00023876815893264514
5,0.15,6,9,False,False,0.027374016264045453,0.02757004167312571,-0.00019602540908025823
5,0.15,6,10,False,False,0.014899491244839247,0.015000322824106238,-0.00010083157926699116
5,0.15,6,11,False,False,0.010551795792681729,0.010524098326439413,2.7697466242315727e-05
5,0.15,7,8,False,False,0.18640268207597344,0.18718185297099932,-0.0007791708950258824
5,0.15,7,9,False,False,0.09040742106812494,0.09112512050998078,-0.0007176994418558458
5,0.15,7,10,False,False,0.045400456801673705,0.04574574820573685,-0.0003452914040631416
5,0.15,7,11,False,False,0.008112133296898527,0.007896185837596548,0.00021594745930197945
5,0.15,8,9,False,False,0.27503095774409037,0.2756102305193451,-0.0005792727752547133
5,0.15,8,10,False,False,0.052481154077941516,0.052331045722508795,0.00015010835543272094
5,0.15,8,11,False,False,0.008289702891510986,0.008115821995268169,0.00017388089624281733
5,0.15,9,10,False,False,0.15528848047261312,0.15521131692269519,7.716354991793573e-05
5,0.15,9,11,False,False,0.029636141835882146,0.02947189025553265,0.00016425158034949483
5,0.15,10,11,False,False,0.15248663985434652,0.1524661739445181,2.046590982840435e-05
6,0.15,0,1,True,True,0.1524866398543463,0.15246617394451745,2.046590982884844e-05
6,0.15,0,2,True,True,0.029636141835882146,0.029471890255532207,0.00016425158034993892
6,0.15,0,3,True,True,0.008289702891511208,0.00811582199526839,0.00017388089624281733
6,0.15,0,4,False,True,0.008112133296898305,0.007896185837596548,0.0002159474593017574
6,0.15,0,5,False,True,0.010551795792681506,0.010524098326439413,2.7697466242093682e-05
6,0.15,0,6,False,True,0.01237807932725321,0.01237546591484251,2.6134124107013434e-06
6,0.15,0,7,False,True,0.00289119924831871,0.002740082841999225,0.00015111640631948475
6,0.15,0,8,False,True,0.0003602295811904188,0.00032836321558638026,3.186636560403855e-05
6,0.15,0,9,False,True,0.00019676102154098096,0.00019977178298580256,-3.010761444821597e-06
6,0.15,0,10,False,True,3.1575367567260315e-05,3.217458656168404e-05,-5.992189944237225e-07
6,0.15,0,11,False,True,1.3605964073182264e-06,1.377116182421645e-06,-1.651977510341851e-08
6,0.15,1,2,True,True,0.1552884804726129,0.15521131692269519,7.716354991771368e-05
6,0.15,1,3,True,True,0.052481154077941294,0.05233104572250924,0.0001501083554320548
6,0.15,1,4,False,True,0.04540045680167282,0.04574574820573685,-0.0003452914040640298
6,0.15,1,5,False,True,0.014899491244839469,0.015000322824106904,-0.00010083157926743525
6,0.15,1,6,False,True,0.004363344416877801,0.004384272321170224,-2.092790429242264e-05
6,0.15,1,7,False,True,0.0022146200993431453,0.0021697160696674267,4.4904029675718604e-05
6,0.15,1,8,False,True,0.0006898417337364293,0.0006498878572209765,3.995387651545279e-05
6,0.15,1,9,False,True,0.0004410164675394679,0.00044764021198417936,-6.623744444711477e-06
6,0.15,1,10,False,True,0.00020495680882359757,0.00020794106322918893,-2.984254405591358e-06
6,0.15,1,11,False,True,3.185670579863853e-05,3.217458656212813e-05,-3.178807634895975e-07
6,0.15,2,3,True,True,0.2750309577440895,0.2756102305193452,-0.0005792727752557125
6,0.15,2,4,False,True,0.09040742106812427,0.09112512050998012,-0.0007176994418558458
6,0.15,2,5,False,True,0.027374016264045453,0.02757004167312549,-0.00019602540908003618
6,0.15,2,6,False,True,0.005077689494608961,0.005118550960502066,-4.086146589310502e-05
6,0.15,2,7,False,True,0.0010918349777124803,0.0011036565750415228,-1.1821597329042532e-05
6,0.15,2,8,False,True,0.0006796586195108034,0.0006695547412061131,1.0103878304690284e-05
6,0.15,2,9,False,True,0.0005980213194929362,0.0006097235067299422,-1.1702187237006001e-05
6,0.15,2,10,False,True,0.0004409968870229264,0.0004476402119832912,-6.643324960364794e-06
6,0.15,2,11,False,True,0.00019693826135336323,0.00019977178298535847,-2.8335216319952394e-06
6,0.15,3,4,False,True,0.18640268207597321,0.18718185297099965,-0.0007791708950264375
6,0.15,3,5,False,True,0.035396507037144254,0.03563527519607712,-0.00023876815893286718
6,0.15,3,6,False,True,0.00749397409630248,0.007542630026976749,-4.865593067426843e-05
6,0.15,3,7,False,True,0.0013753206761790704,0.0013909231975786085,-1.5602521399538105e-05
6,0.15,3,8,False,True,0.0005241781318656713,0.0005205559360790257,3.6221957866455767e-06
6,0.15,3,9,False,True,0.0006550667094933349,0.0006695547412061131,-1.4488031712778238e-05
6,0.15,3,10,False,True,0.0006401781670222206,0.0006498878572207545,-9.709690198533849e-06
6,0.15,3,11,False,True,0.0003330599328164041,0.0003283632155866023,4.696717229801806e-06
6,0.15,4,5,False,False,0.14892412738949856,0.14949928242656707,-0.0005751550370685088
6,0.15,4,6,False,False,0.026450750279838342,0.0265479112550544,-9.71609752160596e-05
6,0.15,4,7,False,False,0.005492088285269814,0.0055171949892538485,-2.5106703984034695e-05
6,0.15,4,8,False,False,0.0014128194016831408,0.0013909231975783864,2.1896204104754347e-05
6,0.15,4,9,False,False,0.0011247057036878338,0.0011036565750417449,2.1049128646088988e-05
6,0.15,4,10,False,False,0.0022307976773665583,0.0021697160696667606,6.108160769979776e-05
6,0.15,4,11,False,False,0.0028834088609914765,0.0027400828419998913,0.00014332601899158526
6,0.15,5,6,False,False,0.1475341089625899,0.14809721770817985,-0.0005631087455899575
6,0.15,5,7,False,False,0.026453719526267294,0.02654791125505418,-9.419172878688542e-05
6,0.15,5,8,False,False,0.00750643803111628,0.007542630026976971,-3.619199586069044e-05
6,0.15,5,9,False,False,0.005070163382326243,0.00511855096050251,-4.838757817626771e-05
6,0.15,5,10,False,False,0.004335355615135317,0.00438427232116978,-4.8916706034463076e-05
6,0.15,5,11,False,False,0.012432526448562964,0.012375465914842954,5.70605337200103e-05
6,0.15,6,7,False,False,0.14893304494569848,0.14949928242656685,-0.0005662374808683701
6,0.15,6,8,False,False,0.0354991320196667,0.03563527519607712,-0.0001361431764104193
6,0.15,6,9,False,False,0.027383918735038204,0.02757004167312571,-0.00018612293808750735
6,0.15,6,10,False,False,0.014883433521086786,0.015000322824106238,-0.00011688930301945177
6,0.15,6,11,False,False,0.010558278068779181,0.010524098326439413,3.417974233976828e-05
6,0.15,7,8,False,False,0.18652832308184308,0.18718185297099932,-0.0006535298891562347
6,0.15,7,9,False,False,0.09058933841285333,0.09112512050998078,-0.0005357820971274574
6,0.15,7,10,False,False,0.04544799205153205,0.04574574820573685,-0.00029775615420479795
6,0.15,7,11,False,False,0.007924452395873471,0.007896185837596548,2.8266558276923703e-05
6,0.15,8,9,False,False,0.27463404993538254,0.2756102305193451,-0.0009761805839625382
6,0.15,8,10,False,False,0.05190440579516742,0.052331045722508795,-0.0004266399273413768
6,0.15,8,11,False,False,0.008170513385780565,0.008115821995268169,5.46913905123958e-05
6,0.15,9,10,False,False,0.15500835401005242,0.15521131692269519,-0.0002029629126427679
6,0.15,9,11,False,False,0.03016684611355891,0.02947189025553265,0.0006949558580262583
6,0.15,10,11,False,False,0.15297118081361694,0.1524661739445181,0.000505006869098823
7,0.15,0,1,True,True,0.15246624943609177,0.15246617394451745,7.549157432507059e-08
7,0.15,0,2,True,True,0.02947644935248861,0.029471890255532207,4.559096956402442e-06
7,0.15,0,3,True,True,0.008151112984089215,0.00811582199526839,3.5290988820824154e-05
7,0.15,0,4,False,True,0.00819283925864478,0.007896185837596548,0.0002966534210482319
7,0.15,0,5,False,True,0.010575104301492111,0.010524098326439413,5.1005975052698105e-05
7,0.15,0,6,False,True,0.012420520273981106,0.01237546591484251,4.505435913859657e-05
7,0.15,0,7,False,True,0.002831112731002783,0.002740082841999225,9.102988900355768e-05
7,0.15,0,8,False,True,0.00037295056929909087,0.00032836321558638026,4.458735371271061e-05
7,0.15,0,9,False,True,0.00019865193343315823,0.00019977178298580256,-1.1198495526443253e-06
7,0.15,0,10,False,True,3.152098855485619e-05,3.217458656168404e-05,-6.535980068278491e-07
7,0.15,0,11,False,True,1.3473012594467093e-06,1.377116182421645e-06,-2.98149229749356e-08
7,0.15,1,2,True,True,0.15521503702210104,0.15521131692269519,3.720099405857269e-06
7,0.15,1,3,True,True,0.052376652546240576,0.05233104572250924,4.560682373133673e-05
7,0.15,1,4,False,True,0.045814240036055054,0.04574574820573685,6.849183031820694e-05
7,0.15,1,5,False,True,0.014920794978182883,0.015000322824106904,-7.952784592402118e-05
7,0.15,1,6,False,True,0.004383452627817919,0.004384272321170224,-8.196933523052508e-07
7,0.15,1,7,False,True,0.002192199175974574,0.0021697160696674267,2.2483106307147338e-05
7,0.15,1,8,False,True,0.0006958976312401166,0.0006498878572209765,4.600977401914008e-05
7,0.15,1,9,False,True,0.00044791535599575383,0.00044764021198417936,2.7514401157446855e-07
7,0.15,1,10,False,True,0.0002038483298358873,0.00020794106322918893,-4.0927333933016286e-06
7,0.15,1,11,False,True,3.158738295749863e-05,3.217458656212813e-05,-5.872036046294937e-07
7,0.15,2,3,True,True,0.2755891571284026,0.2756102305193452,-2.1073390942594195e-05
7,0.15,2,4,False,True,0.09098268235440465,0.09112512050998012,-0.0001424381555754639
7,0.15,2,5,False,True,0.027309918159505564,0.02757004167312549,-0.00026012351361992536
7,0.15,2,6,False,True,0.005090015493324884,0.005118550960502066,-2.8535467177182028e-05
7,0.15,2,7,False,True,0.0011017992174513491,0.0011036565750415228,-1.8573575901736916e-06
7,0.15,2,8,False,True,0.0006811739318641763,0.0006695547412061131,1.1619190658063161e-05
7,0.15,2,9,False,True,0.0006102271192021114,0.0006097235067299422,5.036124721691237e-07
7,0.15,2,10,False,True,0.00043932644264987886,0.0004476402119832912,-8.313769333412324e-06
7,0.15,2,11,False,True,0.00019699856218857725,0.00019977178298535847,-2.7732207967812172e-06
7,0.15,3,4,False,True,0.186775593051288,0.18718185297099965,-0.0004062599197116601
7,0.15,3,5,False,True,0.035320059762935285,0.03563527519607712,-0.00031521543314183553
7,0.15,3,6,False,True,0.007489157209348285,0.007542630026976749,-5.347281762846379e-05
7,0.15,3,7,False,True,0.001382115854685395,0.0013909231975786085,-8.807342893213388e-06
7,0.15,3,8,False,True,0.0005154483628029283,0.0005205559360790257,-5.107573276097455e-06
7,0.15,3,9,False,True,0.0006663255969243664,0.0006695547412061131,-3.2291442817466987e-06
7,0.15,3,10,False,True,0.0006382454373539126,0.0006498878572207545,-1.1642419866841891e-05
7,0.15,3,11,False,True,0.00032295355820610716,0.0003283632155866023,-5.4096573804951475e-06
7,0.15,4,5,False,False,0.14887198940539204,0.14949928242656707,-0.0006272930211750349
7,0.15,4,6,False,False,0.026362476811261137,0.0265479112550544,-0.00018543444379326424
7,0.15,4,7,False,False,0.005480801686386982,0.0055171949892538485,-3.639330286686615e-05
7,0.15,4,8,False,False,0.0013751551803493633,0.0013909231975783864,-1.57680172290231e-05
7,0.15,4,9,False,False,0.001095837672417277,0.0011036565750417449,-7.818902624467938e-06
7,0.15,4,10,False,False,0.002122761481992308,0.0021697160696667606,-4.69545876744526e-05
7,0.15,4,11,False,False,0.0026957914690242113,0.0027400828419998913,-4.429137297567998e-05
7,0.15,5,6,False,False,0.1475258990899948,0.14809721770817985,-0.000571318618185046
7,0.15,5,7,False,False,0.02645093216821781,0.02654791125505418,-9.697908683636847e-05
7,0.15,5,8,False,False,0.007506499201547001,0.007542630026976971,-3.6130825429969704e-05
7,0.15,5,9,False,False,0.005149381602329806,0.00511855096050251,3.0830641827295224e-05
7,0.15,5,10,False,False,0.0044422263491488145,0.00438427232116978,5.7954027979034706e-05
7,0.15,5,11,False,False,0.012400816369418033,0.012375465914842954,2.535045457507934e-05
7,0.15,6,7,False,False,0.14893321216212674,0.14949928242656685,-0.0005660702644401105
7,0.15,6,8,False,False,0.035506732952132136,0.03563527519607712,-0.0001285422439449846
7,0.15,6,9,False,False,0.027407180579901436,0.02757004167312571,-0.00016286109322427578
7,0.15,6,10,False,False,0.014855841910962564,0.015000322824106238,-0.00014448091314367417
7,0.15,6,11,False,False,0.010466170610706538,0.010524098326439413,-5.792771573287503e-05
7,0.15,7,8,False,False,0.1865738309653917,0.18718185297099932,-0.0006080220056076113
7,0.15,7,9,False,False,0.09062728659134867,0.09112512050998078,-0.0004978339186321179
7,0.15,7,10,False,False,0.04542510875380268,0.04574574820573685,-0.0003206394519341682
7,0.15,7,11,False,False,0.007892306419168715,0.007896185837596548,-3.8794184278323485e-06
7,0.15,8,9,False,False,0.27486798585118233,0.2756102305193451,-0.0007422446681627504
7,0.15,8,10,False,False,0.052025453663936405,0.052331045722508795,-0.00030559205857239036
7,0.15,8,11,False,False,0.008036418994521899,0.008115821995268169,-7.940300074626983e-05
7,0.15,9,10,False,False,0.15461682379772967,0.15521131692269519,-0.0005944931249655117
7,0.15,9,11,False,False,0.029189369756819517,0.02947189025553265,-0.00028252049871313467
7,0.15,10,11,False,False,0.15272077046547494,0.1524661739445181,0.00025459652095682905
8,0.15,0,1,True,True,0.1524661739445179,0.15246617394451745,4.440892098500626e-16
8,0.15,0,2,True,True,0.029471904277649452,0.029471890255532207,1.4022117245104937e-08
8,0.15,0,3,True,True,0.008116975262933535,0.00811582199526839,1.1532676651437868e-06
8,0.15,0,4,False,True,0.008000651712113616,0.007896185837596548,0.0001044658745170679
8,0.15,0,5,False,True,0.010698906012380771,0.010524098326439413,0.00017480768594135832
8,0.15,0,6,False,True,0.01274271695944007,0.01237546591484251,0.00036725104459756075
8,0.15,0,7,False,True,0.002878919878037456,0.002740082841999225,0.00013883703603823072
8,0.15,0,8,False,True,0.000355976648952705,0.00032836321558638026,2.7613433366324713e-05
8,0.15,0,9,False,True,0.00020127907135591983,0.00019977178298580256,1.5072883701172657e-06
8,0.15,0,10,False,True,3.172410680951643e-05,3.217458656168404e-05,-4.504797521676096e-07
8,0.15,0,11,False,True,1.3505332667751446e-06,1.377116182421645e-06,-2.6582915646500282e-08
8,0.15,1,2,True,True,0.15521133145457688,0.15521131692269519,1.45318816979767e-08
8,0.15,1,3,True,True,0.05233251730212385,0.05233104572250924,1.4715796146091975e-06
8,0.15,1,4,False,True,0.04576841654520236,0.04574574820573685,2.266833946551472e-05
8,0.15,1,5,False,True,0.015090376931955474,0.015000322824106904,9.005410784856949e-05
8,0.15,1,6,False,True,0.004468553585412538,0.004384272321170224,8.428126424231408e-05
8,0.15,1,7,False,True,0.002214488596745001,0.0021697160696674267,4.477252707757451e-05
8,0.15,1,8,False,True,0.0006766207053456874,0.0006498878572209765,2.6732848124710884e-05
8,0.15,1,9,False,True,0.000454215946104064,0.00044764021198417936,6.5757341198846575e-06
8,0.15,1,10,False,True,0.00020521213735236188,0.00020794106322918893,-2.7289258768270486e-06
8,0.15,1,11,False,True,3.1565644165398865e-05,3.217458656212813e-05,-6.089423967292618e-07
8,0.15,2,3,True,True,0.275610702400221,0.2756102305193452,4.7188087581861993e-07
8,0.15,2,4,False,True,0.0911371055304675,0.09112512050998012,1.1985020487381703e-05
8,0.15,2,5,False,True,0.02755934430842011,0.02757004167312549,-1.0697364705380963e-05
8,0.15,2,6,False,True,0.0050859816311010775,0.005118550960502066,-3.256932940098878e-05
8,0.15,2,7,False,True,0.0011062480588022172,0.0011036565750415228,2.591483760694402e-06
8,0.15,2,8,False,True,0.0006753478027496929,0.0006695547412061131,5.793061543579725e-06
8,0.15,2,9,False,True,0.0006167817726216995,0.0006097235067299422,7.058265891757287e-06
8,0.15,2,10,False,True,0.0004424902912465445,0.0004476402119832912,-5.149920736746694e-06
8,0.15,2,11,False,True,0.00019619641930179732,0.00019977178298535847,-3.57536368356115e-06
8,0.15,3,4,False,True,0.1871652534263344,0.18718185297099965,-1.6599544665263366e-05
8,0.15,3,5,False,True,0.03554030740220693,0.03563527519607712,-9.496779387019316e-05
8,0.15,3,6,False,True,0.007470770595747966,0.007542630026976749,-7.185943122878236e-05
8,0.15,3,7,False,True,0.0013833498297475266,0.0013909231975786085,-7.5733678310818675e-06
8,0.15,3,8,False,True,0.0005237646831759424,0.0005205559360790257,3.208747096916653e-06
8,0.15,3,9,False,True,0.0006771837826144989,0.0006695547412061131,7.629041408385717e-06
8,0.15,3,10,False,True,0.0006445481704571154,0.0006498878572207545,-5.339686763639051e-06
8,0.15,3,11,False,True,0.0003237420834221183,0.0003283632155866023,-4.62113216448401e-06
8,0.15,4,5,False,False,0.1491943923343253,0.14949928242656707,-0.0003048900922417719
8,0.15,4,6,False,False,0.026313736721999215,0.0265479112550544,-0.00023417453305518698
8,0.15,4,7,False,False,0.005478681233242355,0.0055171949892538485,-3.851375601149343e-05
8,0.15,4,8,False,False,0.0013813725055067394,0.0013909231975783864,-9.550692071647049e-06
8,0.15,4,9,False,False,0.00109230969034102,0.0011036565750417449,-1.1346884700724758e-05
8,0.15,4,10,False,False,0.0021539200294051764,0.0021697160696667606,-1.579604026158421e-05
8,0.15,4,11,False,False,0.0027044235833921793,0.0027400828419998913,-3.565925860771202e-05
8,0.15,5,6,False,False,0.14747604392018676,0.14809721770817985,-0.0006211737879930901
8,0.15,5,7,False,False,0.026362929801302837,0.02654791125505418,-0.00018498145375134278
8,0.15,5,8,False,False,0.007489899609699924,0.007542630026976971,-5.273041727704708e-05
8,0.15,5,9,False,False,0.005065083674547832,0.00511855096050251,-5.346728595467809e-05
8,0.15,5,10,False,False,0.004333295369504775,0.00438427232116978,-5.097695166500493e-05
8,0.15,5,11,False,False,0.012173719796041649,0.012375465914842954,-0.00020174611880130477
8,0.15,6,7,False,False,0.14892380225966684,0.14949928242656685,-0.0005754801669000109
8,0.15,6,8,False,False,0.03550759999635367,0.03563527519607712,-0.00012767519972345376
8,0.15,6,9,False,False,0.02742004046955593,0.02757004167312571,-0.00015000120356978286
8,0.15,6,10,False,False,0.014942968202113383,0.015000322824106238,-5.735462199285557e-05
8,0.15,6,11,False,False,0.010374269834722671,0.010524098326439413,-0.0001498284917167414
8,0.15,7,8,False,False,0.18657433055720163,0.18718185297099932,-0.0006075224137976898
8,0.15,7,9,False,False,0.09070388285935205,0.09112512050998078,-0.0004212376506287363
8,0.15,7,10,False,False,0.04554764214440388,0.04574574820573685,-0.00019810606133296993
8,0.15,7,11,False,False,0.007837850511445588,0.007896185837596548,-5.833532615096004e-05
8,0.15,8,9,False,False,0.27495123827234824,0.2756102305193451,-0.0006589922469968368
8,0.15,8,10,False,False,0.052045342248258075,0.052331045722508795,-0.0002857034742507203
8,0.15,8,11,False,False,0.008039282154469474,0.008115821995268169,-7.653984079869502e-05
8,0.15,9,10,False,False,0.15443694945501218,0.15521131692269519,-0.0007743674676830015
8,0.15,9,11,False,False,0.029272320338806335,0.02947189025553265,-0.00019956991672631652
8,0.15,10,11,False,False,0.15174403992678576,0.1524661739445181,-0.0007221340177323565
9,0.15,0,1,True,True,0.15246617394451767,0.15246617394451745,2.220446049250313e-16
9,0.15,0,2,True,True,0.029471890255532873,0.029471890255532207,6.661338147750939e-16
9,0.15,0,3,True,True,0.008115826468537923,0.00811582199526839,4.47326953256777e-09
9,0.15,0,4,False,True,0.007900840165853795,0.007896185837596548,4.654328257247542e-06
9,0.15,0,5,False,True,0.010552334936228869,0.010524098326439413,2.823660978945597e-05
9,0.15,0,6,False,True,0.013175697235878525,0.01237546591484251,0.0008002313210360157
9,0.15,0,7,False,True,0.003182629108568369,0.002740082841999225,0.00044254626656914375
9,0.15,0,8,False,True,0.0003691466457327319,0.00032836321558638026,4.078343014635166e-05
9,0.15,0,9,False,True,0.0001991184567220472,0.00019977178298580256,-6.533262637553605e-07
9,0.15,0,10,False,True,3.18360083590985e-05,3.217458656168404e-05,-3.385782025855377e-07
9,0.15,0,11,False,True,1.3478495226593168e-06,1.377116182421645e-06,-2.9266659762328118e-08
9,0.15,1,2,True,True,0.15521131692269519,0.15521131692269519,0.0
9,0.15,1,3,True,True,0.052331051120866334,0.05233104572250924,5.398357094676953e-09
9,0.15,1,4,False,True,0.045746378660641795,0.04574574820573685,6.304549049485075e-07
9,0.15,1,5,False,True,0.015079448823487551,0.015000322824106904,7.912599938064702e-05
9,0.15,1,6,False,True,0.004619165522403046,0.004384272321170224,0.00023489320123282198
9,0.15,1,7,False,True,0.002365879401020843,0.0021697160696674267,0.00019616333135341613
9,0.15,1,8,False,True,0.0006918367398349723,0.0006498878572209765,4.1948882613995764e-05
9,0.15,1,9,False,True,0.0004485102484128589,0.00044764021198417936,8.700364286795548e-07
9,0.15,1,10,False,True,0.00020588889985995174,0.00020794106322918893,-2.052163369237192e-06
9,0.15,1,11,False,True,3.1523665560806435e-05,3.217458656212813e-05,-6.509210013216915e-07
9,0.15,2,3,True,True,0.27561023377364,0.2756102305193452,3.2542948336100608e-09
9,0.15,2,4,False,True,0.09112603209835024,0.09112512050998012,9.11588370122729e-07
9,0.15,2,5,False,True,0.027614411192356636,0.02757004167312549,4.4369519231146626e-05
9,0.15,2,6,False,True,0.005147062575844741,0.005118550960502066,2.8511615342674546e-05
9,0.15,2,7,False,True,0.001128938920807565,0.0011036565750415228,2.528234576604227e-05
9,0.15,2,8,False,True,0.000681346369399316,0.0006695547412061131,1.1791628193202897e-05
9,0.15,2,9,False,True,0.0006108636822022007,0.0006097235067299422,1.14017547225842e-06
9,0.15,2,10,False,True,0.0004437480423049589,0.0004476402119832912,-3.89216967833228e-06
9,0.15,2,11,False,True,0.0001961957878955367,0.00019977178298535847,-3.5759950898217596e-06
9,0.15,3,4,False,True,0.18718236136324207,0.18718185297099965,5.083922424153897e-07
9,0.15,3,5,False,True,0.03564501799934483,0.03563527519607712,9.742803267709377e-06
9,0.15,3,6,False,True,0.007541255249455814,0.007542630026976749,-1.3747775209349555e-06
9,0.15,3,7,False,True,0.0013864547143547234,0.0013909231975786085,-4.468483223885045e-06
9,0.15,3,8,False,True,0.0005245413596473014,0.0005205559360790257,3.985423568275692e-06
9,0.15,3,9,False,True,0.0006760757143795537,0.0006695547412061131,6.520973173440581e-06
9,0.15,3,10,False,True,0.0006491545120299591,0.0006498878572207545,-7.333451907953759e-07
9,0.15,3,11,False,True,0.0003260386083721034,0.0003283632155866023,-2.324607214498897e-06
9,0.15,4,5,False,False,0.149489462019186,0.14949928242656707,-9.820407381067042e-06
9,0.15,4,6,False,False,0.02648296429423458,0.0265479112550544,-6.494696081982276e-05
9,0.15,4,7,False,False,0.005464904346064614,0.0055171949892538485,-5.229064318923449e-05
9,0.15,4,8,False,False,0.0013830814621709209,0.0013909231975783864,-7.841735407465578e-06
9,0.15,4,9,False,False,0.0011087443628989835,0.0011036565750417449,5.087787857238624e-06
9,0.15,4,10,False,False,0.002173818439378472,0.0021697160696667606,4.102369711711518e-06
9,0.15,4,11,False,False,0.0027218714972399027,0.0027400828419998913,-1.8211344759988535e-05
9,0.15,5,6,False,False,0.14779589572295815,0.14809721770817985,-0.00030132198522170306
9,0.15,5,7,False,False,0.02631463860217087,0.02654791125505418,-0.00023327265288330956
9,0.15,5,8,False,False,0.007491324145236344,0.007542630026976971,-5.130588174062645e-05
9,0.15,5,9,False,False,0.0050632840374496,0.00511855096050251,-5.5266923052910144e-05
9,0.15,5,10,False,False,0.004338919957128873,0.00438427232116978,-4.5352364040907034e-05
9,0.15,5,11,False,False,0.012219811152686777,0.012375465914842954,-0.00015565476215617657
9,0.15,6,7,False,False,0.14887234517872927,0.14949928242656685,-0.0006269372478375779
9,0.15,6,8,False,False,0.0354137127752292,0.03563527519607712,-0.00022156242084792055
9,0.15,6,9,False,False,0.02733605997813271,0.02757004167312571,-0.0002339816949930018
9,0.15,6,10,False,False,0.014889707966023957,0.015000322824106238,-0.00011061485808228078
9,0.15,6,11,False,False,0.010439588315948711,0.010524098326439413,-8.45100104907015e-05
9,0.15,7,8,False,False,0.18652771922973033,0.18718185297099932,-0.0006541337412689918
9,0.15,7,9,False,False,0.09078338443120093,0.09112512050998078,-0.0003417360787798529
9,0.15,7,10,False,False,0.04560574421409469,0.04574574820573685,-0.00014000399164215693
9,0.15,7,11,False,False,0.007876769001165185,0.007896185837596548,-1.9416836431362938e-05
9,0.15,8,9,False,False,0.2749468371852821,0.2756102305193451,-0.0006633933340629561
9,0.15,8,10,False,False,0.052142100369581,0.052331045722508795,-0.00018894535292779402
9,0.15,8,11,False,False,0.008065106101412534,0.008115821995268169,-5.071589385563513e-05
9,0.15,9,10,False,False,0.15466694104134904,0.15521131692269519,-0.0005443758813461486
9,0.15,9,11,False,False,0.029410952468108542,0.02947189025553265,-6.093778742410905e-05
9,0.15,10,11,False,False,0.15107746572115888,0.1524661739445181,-0.0013887082233592363
10,0.15,0,1,True,True,0.15246617394451767,0.15246617394451745,2.220446049250313e-16
10,0.15,0,2,True,True,0.02947189025553265,0.029471890255532207,4.440892098500626e-16
10,0.15,0,3,True,True,0.008115821995267947,0.00811582199526839,-4.440892098500626e-16
10,0.15,0,4,False,True,0.007896206787212812,0.007896185837596548,2.0949616263976623e-08
10,0.15,0,5,False,True,0.010524743190289287,0.010524098326439413,6.448638498746107e-07
10,0.15,0,6,False,True,0.01313630371873864,0.01237546591484251,0.0007608378038961305
10,0.15,0,7,False,True,0.0034457024077618748,0.002740082841999225,0.0007056195657626496
10,0.15,0,8,False,True,0.0004476057289533042,0.00032836321558638026,0.00011924251336692393
10,0.15,0,9,False,True,0.00019855784660749443,0.00019977178298580256,-1.2139363783081336e-06
10,0.15,0,10,False,True,3.2039327795052586e-05,3.217458656168404e-05,-1.3525876663145198e-07
10,0.15,0,11,False,True,1.346284943526399e-06,1.377116182421645e-06,-3.083123889524586e-08
10,0.15,1,2,True,True,0.15521131692269519,0.15521131692269519,0.0
10,0.15,1,3,True,True,0.05233104572250902,0.05233104572250924,-2.220446049250313e-16
10,0.15,1,4,False,True,0.04574575010846571,0.04574574820573685,1.9027288633566286e-09
10,0.15,1,5,False,True,0.015004474856815442,0.015000322824106904,4.15203270853759e-06
10,0.15,1,6,False,True,0.004604563498799674,0.004384272321170224,0.00022029117762945027
10,0.15,1,7,False,True,0.0025313190652309636,0.0021697160696674267,0.0003616029955635369
10,0.15,1,8,False,True,0.0007956586856330272,0.0006498878572209765,0.0001457708284120507
10,0.15,1,9,False,True,0.00044519488338079505,0.00044764021198417936,-2.4453286033843114e-06
10,0.15,1,10,False,True,0.00020890403499840282,0.00020794106322918893,9.62971769213894e-07
10,0.15,1,11,False,True,3.1454413551568194e-05,3.217458656212813e-05,-7.201730105599324e-07
10,0.15,2,3,True,True,0.2756102305193452,0.2756102305193452,0.0
10,0.15,2,4,False,True,0.09112512502762882,0.09112512050998012,4.517648699575716e-09
10,0.15,2,5,False,True,0.02757261390126331,0.02757004167312549,2.5722281378204315e-06
10,0.15,2,6,False,True,0.005168517004719764,0.005118550960502066,4.996604421769746e-05
10,0.15,2,7,False,True,0.0011632783006034764,0.0011036565750415228,5.9621725561953554e-05
10,0.15,2,8,False,True,0.0007209950491668948,0.0006695547412061131,5.1440307960781695e-05
10,0.15,2,9,False,True,0.0006077155919084198,0.0006097235067299422,-2.007914821522405e-06
10,0.15,2,10,False,True,0.0004562175836499982,0.0004476402119832912,8.577371666707023e-06
10,0.15,2,11,False,True,0.00019530970498493616,0.00019977178298535847,-4.462078000422309e-06
10,0.15,3,4,False,True,0.18718185701562295,0.18718185297099965,4.044623302945638e-09
10,0.15,3,5,False,True,0.035636137142584845,0.03563527519607712,8.619465077241983e-07
10,0.15,3,6,False,True,0.00756033844780446,0.007542630026976749,1.770842082771118e-05
10,0.15,3,7,False,True,0.001402641757315637,0.0013909231975786085,1.17185597370284e-05
10,0.15,3,8,False,True,0.0005351283042100974,0.0005205559360790257,1.4572368131071656e-05
10,0.15,3,9,False,True,0.0006750015889518401,0.0006695547412061131,5.446847745727013e-06
10,0.15,3,10,False,True,0.0006673345463781288,0.0006498878572207545,1.744668915737435e-05
10,0.15,3,11,False,True,0.00032172248325501585,0.0003283632155866023,-6.640732331586463e-06
10,0.15,4,5,False,False,0.14949986533456738,0.14949928242656707,5.829080003127984e-07
10,0.15,4,6,False,False,0.026556810367337924,0.0265479112550544,8.89911228352247e-06
10,0.15,4,7,False,False,0.005517007548571318,0.0055171949892538485,-1.8744068253084833e-07
10,0.15,4,8,False,False,0.0013878414326449207,0.0013909231975783864,-3.0817649334657915e-06
10,0.15,4,9,False,False,0.001108544665350486,0.0011036565750417449,4.888090308741155e-06
10,0.15,4,10,False,False,0.0021844606154435287,0.0021697160696667606,1.4744545776768092e-05
10,0.15,4,11,False,False,0.0027121770331408612,0.0027400828419998913,-2.7905808859030046e-05
10,0.15,5,6,False,False,0.1480876003016931,0.14809721770817985,-9.617406486750468e-06
10,0.15,5,7,False,False,0.026482570435366615,0.02654791125505418,-6.534081968756489e-05
10,0.15,5,8,False,False,0.0074750525805000745,0.007542630026976971,-6.757744647689634e-05
10,0.15,5,9,False,False,0.005086573267800043,0.00511855096050251,-3.197769270246731e-05
10,0.15,5,10,False,False,0.004361908814954685,0.00438427232116978,-2.2363506215095086e-05
10,0.15,5,11,False,False,0.012257287072115153,0.012375465914842954,-0.00011817884272780077
10,0.15,6,7,False,False,0.14919055336324805,0.14949928242656685,-0.00030872906331880223
10,0.15,6,8,False,False,0.035336157812394964,0.03563527519607712,-0.000299117383682157
10,0.15,6,9,False,False,0.0273958896187676,0.02757004167312571,-0.0001741520543581121
10,0.15,6,10,False,False,0.014777761159879832,0.015000322824106238,-0.0002225616642264061
10,0.15,6,11,False,False,0.010377460771188396,0.010524098326439413,-0.00014663755525101685
10,0.15,7,8,False,False,0.1863356121716805,0.18718185297099932,-0.0008462407993188314
10,0.15,7,9,False,False,0.0907373577318129,0.09112512050998078,-0.0003877627781678772
10,0.15,7,10,False,False,0.045172933779930036,0.04574574820573685,-0.0005728144258068113
10,0.15,7,11,False,False,0.00796121078857115,0.007896185837596548,6.502495097460148e-05
10,0.15,8,9,False,False,0.27537107339813516,0.2756102305193451,-0.00023915712120992083
10,0.15,8,10,False,False,0.0522581441462191,0.052331045722508795,-7.290157628969673e-05
10,0.15,8,11,False,False,0.008408558864804627,0.008115821995268169,0.0002927368695364585
10,0.15,9,10,False,False,0.1540039359118608,0.15521131692269519,-0.0012073810108343963
10,0.15,9,11,False,False,0.029967158738116284,0.02947189025553265,0.0004952684825836329
10,0.15,10,11,False,False,0.1531509053634994,0.1524661739445181,0.0006847314189812881
11,0.15,0,1,True,True,0.1524661739445179,0.15246617394451745,4.440892098500626e-16
11,0.15,0,2,True,True,0.029471890255532873,0.029471890255532207,6.661338147750939e-16
11,0.15,0,3,True,True,0.008115821995267947,0.00811582199526839,-4.440892098500626e-16
11,0.15,0,4,False,True,0.007896185837596992,0.007896185837596548,4.440892098500626e-16
11,0.15,0,5,False,True,0.010524100149378546,0.010524098326439413,1.822939132978263e-09
11,0.15,0,6,False,True,0.012415844826816569,0.01237546591484251,4.0378911974059406e-05
11,0.15,0,7,False,True,0.003484203818917342,0.002740082841999225,0.0007441209769181167
11,0.15,0,8,False,True,0.00037409107888808357,0.00032836321558638026,4.572786330170331e-05
11,0.15,0,9,False,True,0.0002328790139964898,0.00019977178298580256,3.3107231010687244e-05
11,0.15,0,10,False,True,3.146611834714541e-05,3.217458656168404e-05,-7.084682145386267e-07
11,0.15,0,11,False,True,1.3464132000429174e-06,1.377116182421645e-06,-3.0702982378727484e-08
11,0.15,1,2,True,True,0.15521131692269563,0.15521131692269519,4.440892098500626e-16
11,0.15,1,3,True,True,0.052331045722508795,0.05233104572250924,-4.440892098500626e-16
11,0.15,1,4,False,True,0.04574574820573707,0.04574574820573685,2.220446049250313e-16
11,0.15,1,5,False,True,0.01500034267805539,0.015000322824106904,1.9853948485248907e-08
11,0.15,1,6,False,True,0.004395945118602862,0.004384272321170224,1.1672797432638049e-05
11,0.15,1,7,False,True,0.0025178203278724,0.0021697160696674267,0.00034810425820497315
11,0.15,1,8,False,True,0.0007183367192542534,0.0006498878572209765,6.844886203327682e-05
11,0.15,1,9,False,True,0.0005694132193208024,0.00044764021198417936,0.000121773007336623
11,0.15,1,10,False,True,0.00020337220592603344,0.00020794106322918893,-4.5688573031554824e-06
11,0.15,1,11,False,True,3.145911170698845e-05,3.217458656212813e-05,-7.15474855139675e-07
11,0.15,2,3,True,True,0.2756102305193452,0.2756102305193452,0.0
11,0.15,2,4,False,True,0.09112512050998034,0.09112512050998012,2.220446049250313e-16
11,0.15,2,5,False,True,0.027570054391079513,0.02757004167312549,1.2717954023244715e-08
11,0.15,2,6,False,True,0.005121381169056249,0.005118550960502066,2.8302085541831445e-06
11,0.15,2,7,False,True,0.0011559292118499265,0.0011036565750415228,5.227263680840366e-05
11,0.15,2,8,False,True,0.0007007684234550116,0.0006695547412061131,3.121368224889842e-05
11,0.15,2,9,False,True,0.0007510377712807159,0.0006097235067299422,0.00014131426455077367
11,0.15,2,10,False,True,0.0004380770131280354,0.0004476402119832912,-9.563198855255806e-06
11,0.15,2,11,False,True,0.00019535946544380067,0.00019977178298535847,-4.4123175415577975e-06
11,0.15,3,4,False,True,0.18718185297099987,0.18718185297099965,2.220446049250313e-16
11,0.15,3,5,False,True,0.035635279763649,0.03563527519607712,4.56757187627943e-09
11,0.15,3,6,False,True,0.007543648165802663,0.007542630026976749,1.0181388259145052e-06
11,0.15,3,7,False,True,0.0014047201171143442,0.0013909231975786085,1.3796919535735697e-05
11,0.15,3,8,False,True,0.0005313518370722026,0.0005205559360790257,1.0795900993176843e-05
11,0.15,3,9,False,True,0.0007415351278918791,0.0006695547412061131,7.198038668576601e-05
11,0.15,3,10,False,True,0.000641057816586299,0.0006498878572207545,-8.830040634455472e-06
11,0.15,3,11,False,True,0.00032192978631639946,0.0003283632155866023,-6.433429270202851e-06
11,0.15,4,5,False,False,0.14949928660897038,0.14949928242656707,4.1824033125692495e-09
11,0.15,4,6,False,False,0.026548605056700758,0.0265479112550544,6.938016463564622e-07
11,0.15,4,7,False,False,0.005529587883807974,0.0055171949892538485,1.2392894554125178e-05
11,0.15,4,8,False,False,0.0013891583885565773,0.0013909231975783864,-1.7648090218091994e-06
11,0.15,4,9,False,False,0.0011365896883122062,0.0011036565750417449,3.2933113270461334e-05
11,0.15,4,10,False,False,0.0021387355874631364,0.0021697160696667606,-3.098048220362415e-05
11,0.15,4,11,False,False,0.0027132349075633666,0.0027400828419998913,-2.6847934436524667e-05
11,0.15,5,6,False,False,0.14809771457603538,0.14809721770817985,4.968678555261619e-07
11,0.15,5,7,False,False,0.026552869200110463,0.02654791125505418,4.9579450562831084e-06
11,0.15,5,8,False,False,0.0075086743553145485,0.007542630026976971,-3.3955671662422304e-05
11,0.15,5,9,False,False,0.005068180046228443,0.00511855096050251,-5.037091427406715e-05
11,0.15,5,10,False,False,0.004298922310488784,0.00438427232116978,-8.535001068099568e-05
11,0.15,5,11,False,False,0.012255571921627517,0.012375465914842954,-0.00011989399321543637
11,0.15,6,7,False,False,0.14947527596183385,0.14949928242656685,-2.400646473299517e-05
11,0.15,6,8,False,False,0.03544303645235991,0.03563527519607712,-0.00019223874371721017
11,0.15,6,9,False,False,0.027144042337015506,0.02757004167312571,-0.00042599933611020546
11,0.15,6,10,False,False,0.014687750373400865,0.015000322824106238,-0.0003125724507053729
11,0.15,6,11,False,False,0.010353356972731431,0.010524098326439413,-0.0001707413537079816
11,0.15,7,8,False,False,0.18628830206961977,0.18718185297099932,-0.0008935509013795473
11,0.15,7,9,False,False,0.08953572503522111,0.09112512050998078,-0.0015893954747596695
11,0.15,7,10,False,False,0.04476859961516366,0.04574574820573685,-0.0009771485905731847
11,0.15,7,11,False,False,0.0077440798852286274,0.007896185837596548,-0.00015210595236792024
11,0.15,8,9,False,False,0.2714263291176182,0.2756102305193451,-0.004183901401726864
11,0.15,8,10,False,False,0.05128869122872359,0.052331045722508795,-0.0010423544937852025
11,0.15,8,11,False,False,0.008093133891310833,0.008115821995268169,-2.268810395733567e-05
11,0.15,9,10,False,False,0.15393546707541517,0.15521131692269519,-0.0012758498472800195
11,0.15,9,11,False,False,0.02923501515916338,0.02947189025553265,-0.00023687509636927118
11,0.15,10,11,False,False,0.15245255186758722,0.1524661739445181,-1.3622076930897009e-05
0,0.3,0,1,True,True,0.1523893782392478,0.15246617394451745,-7.679570526963886e-05
0,0.3,0,2,True,True,0.02853808937174196,0.029471890255532207,-0.0009338008837902478
0,0.3,0,3,True,True,0.008026020612256879,0.00811582199526839,-8.980138301151186e-05
0,0.3,0,4,False,True,0.007301547014801013,0.007896185837596548,-0.0005946388227955346
0,0.3,0,5,False,True,0.009856871808578749,0.010524098326439413,-0.000667226517860664
0,0.3,0,6,False,True,0.011906746095474485,0.01237546591484251,-0.0004687198193680242
0,0.3,0,7,False,True,0.002635101820248398,0.002740082841999225,-0.00010498102175082735
0,0.3,0,8,False,True,0.0003032075909048526,0.00032836321558638026,-2.5155624681527655e-05
0,0.3,0,9,False,True,0.0001825178949437234,0.00019977178298580256,-1.725388804207917e-05
0,0.3,0,10,False,True,2.937675234848669e-05,3.217458656168404e-05,-2.7978342131973477e-06
0,0.3,0,11,False,True,1.2570530181221784e-06,1.377116182421645e-06,-1.200631642994665e-07
0,0.3,1,2,True,True,0.15019477700588135,0.15521131692269519,-0.005016539916813834
0,0.3,1,3,True,True,0.04827291049371363,0.05233104572250924,-0.004058135228795612
0,0.3,1,4,False,True,0.04193221417345616,0.04574574820573685,-0.0038135340322806854
0,0.3,1,5,False,True,0.013778672537286152,0.015000322824106904,-0.0012216502868207524
0,0.3,1,6,False,True,0.004050397799483685,0.004384272321170224,-0.0003338745216865391
0,0.3,1,7,False,True,0.0020484735919286123,0.0021697160696674267,-0.00012124247773881436
0,0.3,1,8,False,True,0.0006153453039430268,0.0006498878572209765,-3.454255327794975e-05
0,0.3,1,9,False,True,0.00041025919737069927,0.00044764021198417936,-3.738101461348009e-05
0,0.3,1,10,False,True,0.00019008094491046457,0.00020794106322918893,-1.786011831872436e-05
0,0.3,1,11,False,True,2.940489059310991e-05,3.217458656212813e-05,-2.7696959690182155e-06
0,0.3,2,3,True,True,0.25939281339960196,0.2756102305193452,-0.016217417119743227
0,0.3,2,4,False,True,0.08491768106513997,0.09112512050998012,-0.006207439444840146
0,0.3,2,5,False,True,0.025898804856667734,0.02757004167312549,-0.0016712368164577551
0,0.3,2,6,False,True,0.004919780766944992,0.005118550960502066,-0.00019877019355707404
0,0.3,2,7,False,True,0.0012307544614613697,0.0011036565750415228,0.00012709788641984687
0,0.3,2,8,False,True,0.0009485890771450123,0.0006695547412061131,0.00027903433593889915
0,0.3,2,9,False,True,0.001157952709186505,0.0006097235067299422,0.0005482292024565627
0,0.3,2,10,False,True,0.0009199872533947051,0.0004476402119832912,0.0004723470414114139
0,0.3,2,11,False,True,0.0003281195907298695,0.00019977178298535847,0.00012834780774451104
0,0.3,3,4,False,True,0.18365814926835455,0.18718185297099965,-0.003523703702645098
0,0.3,3,5,False,True,0.03487506070929669,0.03563527519607712,-0.0007602144867804306
0,0.3,3,6,False,True,0.007407888271624641,0.007542630026976749,-0.00013474175535210797
0,0.3,3,7,False,True,0.0013835743578953785,0.0013909231975786085,-7.3488396832299685e-06
0,0.3,3,8,False,True,0.0005624597429612077,0.0005205559360790257,4.190380688218198e-05
0,0.3,3,9,False,True,0.0007908488280812254,0.0006695547412061131,0.00012129408687511223
0,0.3,3,10,False,True,0.0009159791143282803,0.0006498878572207545,0.0002660912571075258
0,0.3,3,11,False,True,0.000506054487779295,0.0003283632155866023,0.00017769127219269265
0,0.3,4,5,False,False,0.14940306802448045,0.14949928242656707,-9.621440208662513e-05
0,0.3,4,6,False,False,0.026566796218902677,0.0265479112550544,1.888496384827576e-05
0,0.3,4,7,False,False,0.005565548837444645,0.0055171949892538485,4.8353848190796356e-05
0,0.3,4,8,False,False,0.0014448284983656912,0.0013909231975783864,5.390530078730471e-05
0,0.3,4,9,False,False,0.0013080022415681292,0.0011036565750417449,0.0002043456665263843
0,0.3,4,10,False,False,0.003531484593794154,0.0021697160696667606,0.0013617685241273936
0,0.3,4,11,False,False,0.005653322377052961,0.0027400828419998913,0.0029132395350530693
0,0.3,5,6,False,False,0.1480991407717147,0.14809721770817985,1.9230635348588265e-06
0,0.3,5,7,False,False,0.026550620545057413,0.02654791125505418,2.709290003233278e-06
0,0.3,5,8,False,False,0.007546610725546854,0.007542630026976971,3.980698569883145e-06
0,0.3,5,9,False,False,0.0051296179843891565,0.00511855096050251,1.1067023886646155e-05
0,0.3,5,10,False,False,0.0044299212284553136,0.00438427232116978,4.5648907285533724e-05
0,0.3,5,11,False,False,0.012533385148023601,0.012375465914842954,0.00015791923318064782
0,0.3,6,7,False,False,0.14949929878257717,0.14949928242656685,1.6356010323903547e-08
0,0.3,6,8,False,False,0.03563529305835833,0.03563527519607712,1.786228120970179e-08
0,0.3,6,9,False,False,0.02757009140888611,0.02757004167312571,4.9735760399016726e-08
0,0.3,6,10,False,False,0.015000400466411046,0.015000322824106238,7.764230480766798e-08
0,0.3,6,11,False,False,0.010524105455358423,0.010524098326439413,7.128919010668255e-09
0,0.3,7,8,False,False,0.18718185297099965,0.18718185297099932,3.3306690738754696e-16
0,0.3,7,9,False,False,0.09112512050998078,0.09112512050998078,0.0
0,0.3,7,10,False,False,0.04574574820573707,0.04574574820573685,2.220446049250313e-16
0,0.3,7,11,False,False,0.007896185837596992,0.007896185837596548,4.440892098500626e-16
0,0.3,8,9,False,False,0.2756102305193453,0.2756102305193451,2.220446049250313e-16
0,0.3,8,10,False,False,0.05233104572250946,0.052331045722508795,6.661338147750939e-16
0,0.3,8,11,False,False,0.008115821995268169,0.008115821995268169,0.0
0,0.3,9,10,False,False,0.15521131692269563,0.15521131692269519,4.440892098500626e-16
0,0.3,9,11,False,False,0.029471890255533095,0.02947189025553265,4.440892098500626e-16
0,0.3,10,11,False,False,0.15246617394451834,0.1524661739445181,2.220446049250313e-16
1,0.3,0,1,True,True,0.15506901637921922,0.15246617394451745,0.0026028424347017687
1,0.3,0,2,True,True,0.03140084746498095,0.029471890255532207,0.001928957209448745
1,0.3,0,3,True,True,0.009256832531947312,0.00811582199526839,0.0011410105366789214
1,0.3,0,4,False,True,0.008148936476882307,0.007896185837596548,0.00025275063928575925
1,0.3,0,5,False,True,0.009949381299456661,0.010524098326439413,-0.0005747170269827517
1,0.3,0,6,False,True,0.011912802569186143,0.01237546591484251,-0.0004626633456563667
1,0.3,0,7,False,True,0.002630815106399842,0.002740082841999225,-0.00010926773559938319
1,0.3,0,8,False,True,0.0003023820375838149,0.00032836321558638026,-2.5981178002565386e-05
1,0.3,0,9,False,True,0.00018232046682498115,0.00019977178298580256,-1.7451316160821406e-05
1,0.3,0,10,False,True,2.93580924417558e-05,3.217458656168404e-05,-2.8164941199282367e-06
1,0.3,0,11,False,True,1.2565405957953857e-06,1.377116182421645e-06,-1.2057558662625922e-07
1,0.3,1,2,True,True,0.15048598472199926,0.15521131692269519,-0.004725332200695931
1,0.3,1,3,True,True,0.052048772057170956,0.05233104572250924,-0.000282273665338284
1,0.3,1,4,False,True,0.04349935102784075,0.04574574820573685,-0.002246397177896098
1,0.3,1,5,False,True,0.01412758825210303,0.015000322824106904,-0.0008727345720038748
1,0.3,1,6,False,True,0.004294434933364011,0.004384272321170224,-8.983738780621309e-05
1,0.3,1,7,False,True,0.0022250276856272677,0.0021697160696674267,5.531161595984102e-05
1,0.3,1,8,False,True,0.0007169646875113678,0.0006498878572209765,6.707683029039124e-05
1,0.3,1,9,False,True,0.0004804996069087686,0.00044764021198417936,3.2859394924589225e-05
1,0.3,1,10,False,True,0.00021151864356960814,0.00020794106322918893,3.5775803404192175e-06
1,0.3,1,11,False,True,3.1627969880654305e-05,3.217458656212813e-05,-5.466166814738216e-07
1,0.3,2,3,True,True,0.27466913259326264,0.2756102305193452,-0.0009410979260825458
1,0.3,2,4,False,True,0.08959044634179802,0.09112512050998012,-0.001534674168182093
1,0.3,2,5,False,True,0.026880881409728996,0.02757004167312549,-0.0006891602633964933
1,0.3,2,6,False,True,0.004991806498858331,0.005118550960502066,-0.0001267444616437352
1,0.3,2,7,False,True,0.0011224479805402865,0.0011036565750415228,1.879140549876368e-05
1,0.3,2,8,False,True,0.0006907364966002305,0.0006695547412061131,2.1181755394117374e-05
1,0.3,2,9,False,True,0.0006017358518353166,0.0006097235067299422,-7.987654894625607e-06
1,0.3,2,10,False,True,0.00043793678003622993,0.0004476402119832912,-9.703431947061247e-06
1,0.3,2,11,False,True,0.0001949578549196307,0.00019977178298535847,-4.8139280657277794e-06
1,0.3,3,4,False,True,0.18383511829440047,0.18718185297099965,-0.0033467346765991834
1,0.3,3,5,False,True,0.03445357827755213,0.03563527519607712,-0.0011816969185249881
1,0.3,3,6,False,True,0.007275367929605592,0.007542630026976749,-0.000267262097371157
1,0.3,3,7,False,True,0.0013782585625645716,0.0013909231975786085,-1.2664635014036918e-05
1,0.3,3,8,False,True,0.000577253089590446,0.0005205559360790257,5.669715351142024e-05
1,0.3,3,9,False,True,0.0008700206927201304,0.0006695547412061131,0.00020046595151401725
1,0.3,3,10,False,True,0.00121850973389237,0.0006498878572207545,0.0005686218766716156
1,0.3,3,11,False,True,0.0007935207553979584,0.0003283632155866023,0.0004651575398113561
1,0.3,4,5,False,False,0.14827642991223966,0.14949928242656707,-0.0012228525143274105
1,0.3,4,6,False,False,0.026287940649791564,0.0265479112550544,-0.0002599706052628381
1,0.3,4,7,False,False,0.005515424051967477,0.0055171949892538485,-1.7709372863716766e-06
1,0.3,4,8,False,False,0.001436376841217779,0.0013909231975783864,4.545364363939264e-05
1,0.3,4,9,False,False,0.001336234148075155,0.0011036565750417449,0.0002325775730334101
1,0.3,4,10,False,False,0.003582080717458691,0.0021697160696667606,0.0014123646477919305
1,0.3,4,11,False,False,0.005498172548714875,0.0027400828419998913,0.0027580897067149834
1,0.3,5,6,False,False,0.14805811650972167,0.14809721770817985,-3.9101198458180164e-05
1,0.3,5,7,False,False,0.02658238336727603,0.02654791125505418,3.447211222185054e-05
1,0.3,5,8,False,False,0.007611791037337445,0.007542630026976971,6.91610103604745e-05
1,0.3,5,9,False,False,0.005313841605239622,0.00511855096050251,0.00019529064473711166
1,0.3,5,10,False,False,0.005245919999968152,0.00438427232116978,0.0008616476787983718
1,0.3,5,11,False,False,0.015354445187192534,0.012375465914842954,0.00297897927234958
1,0.3,6,7,False,False,0.1495015465280689,0.14949928242656685,2.2641015020585797e-06
1,0.3,6,8,False,False,0.03563864169959263,0.03563527519607712,3.3665035155117096e-06
1,0.3,6,9,False,False,0.027580098977028067,0.02757004167312571,1.0057303902355486e-05
1,0.3,6,10,False,False,0.015016558935275315,0.015000322824106238,1.623611116907675e-05
1,0.3,6,11,False,False,0.010526619536618487,0.010524098326439413,2.5212101790739183e-06
1,0.3,7,8,False,False,0.1871818687881992,0.18718185297099932,1.5817199883194633e-08
1,0.3,7,9,False,False,0.09112513817702617,0.09112512050998078,1.766704538219699e-08
1,0.3,7,10,False,False,0.04574575564668826,0.04574574820573685,7.440951410586649e-09
1,0.3,7,11,False,False,0.007896267764697651,0.007896185837596548,8.192710110321855e-08
1,0.3,8,9,False,False,0.2756102305193455,0.2756102305193451,4.440892098500626e-16
1,0.3,8,10,False,False,0.05233104572250946,0.052331045722508795,6.661338147750939e-16
1,0.3,8,11,False,False,0.00811582199526839,0.008115821995268169,2.220446049250313e-16
1,0.3,9,10,False,False,0.15521131692269519,0.15521131692269519,0.0
1,0.3,9,11,False,False,0.029471890255533095,0.02947189025553265,4.440892098500626e-16
1,0.3,10,11,False,False,0.1524661739445179,0.1524661739445181,-2.220446049250313e-16
2,0.3,0,1,True,True,0.14702364004162627,0.15246617394451745,-0.005442533902891178
2,0.3,0,2,True,True,0.029232054250802886,0.029471890255532207,-0.00023983600472932132
2,0.3,0,3,True,True,0.007916210142468127,0.00811582199526839,-0.00019961185280026328
2,0.3,0,4,False,True,0.007819415953292053,0.007896185837596548,-7.676988430449505e-05
2,0.3,0,5,False,True,0.010190648031143112,0.010524098326439413,-0.0003334502952963003
2,0.3,0,6,False,True,0.011765960663776553,0.01237546591484251,-0.000609505251065956
2,0.3,0,7,False,True,0.0026674165666300542,0.002740082841999225,-7.266627536917092e-05
2,0.3,0,8,False,True,0.00031912369524111917,0.00032836321558638026,-9.239520345261099e-06
2,0.3,0,9,False,True,0.00018578357345822027,0.00019977178298580256,-1.3988209527582285e-05
2,0.3,0,10,False,True,2.9631237694616175e-05,3.217458656168404e-05,-2.5433488670678628e-06
2,0.3,0,11,False,True,1.2627907597373422e-06,1.377116182421645e-06,-1.1432542268430268e-07
2,0.3,1,2,True,True,0.153063116425328,0.15521131692269519,-0.002148200497367192
2,0.3,1,3,True,True,0.05158443158865045,0.05233104572250924,-0.0007466141338587917
2,0.3,1,4,False,True,0.04519471937883712,0.04574574820573685,-0.0005510288268997243
2,0.3,1,5,False,True,0.014563586423011587,0.015000322824106904,-0.00043673640109531675
2,0.3,1,6,False,True,0.00420521821734976,0.004384272321170224,-0.00017905410382046405
2,0.3,1,7,False,True,0.0021852728082669692,0.0021697160696674267,1.555673859954254e-05
2,0.3,1,8,False,True,0.0006468658384752857,0.0006498878572209765,-3.0220187456908576e-06
2,0.3,1,9,False,True,0.00043222916461327365,0.00044764021198417936,-1.5411047370905706e-05
2,0.3,1,10,False,True,0.00019982606199309139,0.00020794106322918893,-8.115001236097541e-06
2,0.3,1,11,False,True,3.0836670655398635e-05,3.217458656212813e-05,-1.3379159067294921e-06
2,0.3,2,3,True,True,0.27299987881417165,0.2756102305193452,-0.0026103517051735414
2,0.3,2,4,False,True,0.08977531272012751,0.09112512050998012,-0.0013498077898526084
2,0.3,2,5,False,True,0.026649036308549423,0.02757004167312549,-0.0009210053645760663
2,0.3,2,6,False,True,0.004901068222522564,0.005118550960502066,-0.0002174827379795019
2,0.3,2,7,False,True,0.0011231831003533088,0.0011036565750415228,1.9526525311786003e-05
2,0.3,2,8,False,True,0.0006947980734373083,0.0006695547412061131,2.5243332231195126e-05
2,0.3,2,9,False,True,0.0006139525263815226,0.0006097235067299422,4.229019651580401e-06
2,0.3,2,10,False,True,0.0004508447029540896,0.0004476402119832912,3.204490970798446e-06
2,0.3,2,11,False,True,0.00019714130607639824,0.00019977178298535847,-2.630476908960233e-06
2,0.3,3,4,False,True,0.18459670786901283,0.18718185297099965,-0.002585145101986819
2,0.3,3,5,False,True,0.03476192920242038,0.03563527519607712,-0.0008733459936567378
2,0.3,3,6,False,True,0.007340017523063125,0.007542630026976749,-0.00020261250391362395
2,0.3,3,7,False,True,0.0013598004984969325,0.0013909231975786085,-3.1122699081675975e-05
2,0.3,3,8,False,True,0.0005359650271479222,0.0005205559360790257,1.540909106889643e-05
2,0.3,3,9,False,True,0.0007154312826376241,0.0006695547412061131,4.5876541431510987e-05
2,0.3,3,10,False,True,0.0008134449967203139,0.0006498878572207545,0.0001635571394995594
2,0.3,3,11,False,True,0.0004874014091709178,0.0003283632155866023,0.00015903819358431548
2,0.3,4,5,False,False,0.1470187695560412,0.14949928242656707,-0.002480512870525864
2,0.3,4,6,False,False,0.025626641987134047,0.0265479112550544,-0.0009212692679203549
2,0.3,4,7,False,False,0.005310541985131367,0.0055171949892538485,-0.00020665300412248122
2,0.3,4,8,False,False,0.001372880825308176,0.0013909231975783864,-1.804237227021055e-05
2,0.3,4,9,False,False,0.0012019244190568656,0.0011036565750417449,9.826784401512079e-05
2,0.3,4,10,False,False,0.0029349068933399725,0.0021697160696667606,0.0007651908236732119
2,0.3,4,11,False,False,0.004468416788318441,0.0027400828419998913,0.0017283339463185499
2,0.3,5,6,False,False,0.1469036588820365,0.14809721770817985,-0.0011935588261433594
2,0.3,5,7,False,False,0.026289485055497552,0.02654791125505418,-0.00025842619955662727
2,0.3,5,8,False,False,0.007535949477879278,0.007542630026976971,-6.680549097692889e-06
2,0.3,5,9,False,False,0.005228743798560087,0.00511855096050251,0.00011019283805757674
2,0.3,5,10,False,False,0.005300932118723178,0.00438427232116978,0.0009166597975533985
2,0.3,5,11,False,False,0.015503613676946415,0.012375465914842954,0.0031281477621034615
2,0.3,6,7,False,False,0.1494593713139296,0.14949928242656685,-3.991111263723646e-05
2,0.3,6,8,False,False,0.035672905597196714,0.03563527519607712,3.7630401119592705e-05
2,0.3,6,9,False,False,0.027743317664653766,0.02757004167312571,0.00017327599152805462
2,0.3,6,10,False,False,0.015309605576964147,0.015000322824106238,0.00030928275285790896
2,0.3,6,11,False,False,0.010634449104761412,0.010524098326439413,0.00011035077832199924
2,0.3,7,8,False,False,0.18718382195435201,0.18718185297099932,1.9689833526959077e-06
2,0.3,7,9,False,False,0.0911286786167178,0.09112512050998078,3.558106737022726e-06
2,0.3,7,10,False,False,0.045748210890190766,0.04574574820573685,2.4626844539188397e-06
2,0.3,7,11,False,False,0.007914386969497755,0.007896185837596548,1.8201131901207646e-05
2,0.3,8,9,False,False,0.27561024324582906,0.2756102305193451,1.2726483977765213e-08
2,0.3,8,10,False,False,0.05233106683371891,0.052331045722508795,2.1111210113389234e-08
2,0.3,8,11,False,False,0.008115839488764598,0.008115821995268169,1.749349642921061e-08
2,0.3,9,10,False,False,0.15521131692269519,0.15521131692269519,0.0
2,0.3,9,11,False,False,0.029471890255532873,0.02947189025553265,2.220446049250313e-16
2,0.3,10,11,False,False,0.15246617394451767,0.1524661739445181,-4.440892098500626e-16
3,0.3,0,1,True,True,0.1496307342855221,0.15246617394451745,-0.0028354396589953534
3,0.3,0,2,True,True,0.028686700035245316,0.029471890255532207,-0.000785190220286891
3,0.3,0,3,True,True,0.007820533294814691,0.00811582199526839,-0.0002952887004536997
3,0.3,0,4,False,True,0.007671395143984405,0.007896185837596548,-0.00022479069361214243
3,0.3,0,5,False,True,0.009939465333001385,0.010524098326439413,-0.0005846329934380279
3,0.3,0,6,False,True,0.011578365610154906,0.01237546591484251,-0.0007971003046876035
3,0.3,0,7,False,True,0.0025992802126546533,0.002740082841999225,-0.00014080262934457188
3,0.3,0,8,False,True,0.0003100118756957926,0.00032836321558638026,-1.835133989058768e-05
3,0.3,0,9,False,True,0.00018565989828656093,0.00019977178298580256,-1.4111884699241628e-05
3,0.3,0,10,False,True,2.9774639184854124e-05,3.217458656168404e-05,-2.399947376829914e-06
3,0.3,0,11,False,True,1.2724004760933383e-06,1.377116182421645e-06,-1.0471570632830662e-07
3,0.3,1,2,True,True,0.15215073375155486,0.15521131692269519,-0.0030605831711403297
3,0.3,1,3,True,True,0.051202551858939405,0.05233104572250924,-0.001128493863569835
3,0.3,1,4,False,True,0.04496258365164585,0.04574574820573685,-0.0007831645540909982
3,0.3,1,5,False,True,0.0147774216713068,0.015000322824106904,-0.00022290115280010347
3,0.3,1,6,False,True,0.004183436155255071,0.004384272321170224,-0.00020083616591515252
3,0.3,1,7,False,True,0.002107555991648802,0.0021697160696674267,-6.216007801862489e-05
3,0.3,1,8,False,True,0.0006287154996964528,0.0006498878572209765,-2.1172357524523733e-05
3,0.3,1,9,False,True,0.00042729815058661913,0.00044764021198417936,-2.034206139756023e-05
3,0.3,1,10,False,True,0.00019718558904591177,0.00020794106322918893,-1.0755474183277158e-05
3,0.3,1,11,False,True,3.040063949821814e-05,3.217458656212813e-05,-1.7739470639099864e-06
3,0.3,2,3,True,True,0.2730177456149825,0.2756102305193452,-0.002592484904362702
3,0.3,2,4,False,True,0.08946465442072027,0.09112512050998012,-0.0016604660892598488
3,0.3,2,5,False,True,0.026977600463993,0.02757004167312549,-0.0005924412091324882
3,0.3,2,6,False,True,0.004908816540396765,0.005118550960502066,-0.00020973442010530086
3,0.3,2,7,False,True,0.0010589897151269678,0.0011036565750415228,-4.466685991455499e-05
3,0.3,2,8,False,True,0.000699359237496644,0.0006695547412061131,2.9804496290530835e-05
3,0.3,2,9,False,True,0.000637155141546053,0.0006097235067299422,2.7431634816110773e-05
3,0.3,2,10,False,True,0.0004731594951312701,0.0004476402119832912,2.551928314797891e-05
3,0.3,2,11,False,True,0.0002055762257475724,0.00019977178298535847,5.804442762213924e-06
3,0.3,3,4,False,True,0.1847873284564936,0.18718185297099965,-0.002394524514506058
3,0.3,3,5,False,True,0.03512992941805937,0.03563527519607712,-0.0005053457780177517
3,0.3,3,6,False,True,0.007335060452307918,0.007542630026976749,-0.00020756957466883108
3,0.3,3,7,False,True,0.0013533682159201366,0.0013909231975786085,-3.755498165847193e-05
3,0.3,3,8,False,True,0.0005329719453881498,0.0005205559360790257,1.241600930912412e-05
3,0.3,3,9,False,True,0.0006919428519518434,0.0006695547412061131,2.2388110745730216e-05
3,0.3,3,10,False,True,0.0007539268025344992,0.0006498878572207545,0.00010403894531374469
3,0.3,3,11,False,True,0.0004359211365174698,0.0003283632155866023,0.00010755792093086747
3,0.3,4,5,False,False,0.147223332625519,0.14949928242656707,-0.0022759498010480606
3,0.3,4,6,False,False,0.02581930288925749,0.0265479112550544,-0.0007286083657969122
3,0.3,4,7,False,False,0.0053651414354995985,0.0055171949892538485,-0.00015205355375425
3,0.3,4,8,False,False,0.001360858817926358,0.0013909231975783864,-3.006437965202835e-05
3,0.3,4,9,False,False,0.0011134289816612242,0.0011036565750417449,9.772406619479312e-06
3,0.3,4,10,False,False,0.0023439618995260147,0.0021697160696667606,0.0001742458298592542
3,0.3,4,11,False,False,0.0032817452076023823,0.0027400828419998913,0.000541662365602491
3,0.3,5,6,False,False,0.14563953075228642,0.14809721770817985,-0.0024576869558934344
3,0.3,5,7,False,False,0.025623111893719575,0.02654791125505418,-0.000924799361334605
3,0.3,5,8,False,False,0.007258777361781821,0.007542630026976971,-0.00028385266519515007
3,0.3,5,9,False,False,0.004989208277098367,0.00511855096050251,-0.00012934268340414334
3,0.3,5,10,False,False,0.0047114390945481865,0.00438427232116978,0.0003271667733784067
3,0.3,5,11,False,False,0.013807186556497264,0.012375465914842954,0.0014317206416543105
3,0.3,6,7,False,False,0.14829155781264425,0.14949928242656685,-0.0012077246139226006
3,0.3,6,8,False,False,0.03525770526093974,0.03563527519607712,-0.00037756993513737847
3,0.3,6,9,False,False,0.02752469667392199,0.02757004167312571,-4.534499920372248e-05
3,0.3,6,10,False,False,0.015349662486667137,0.015000322824106238,0.0003493396625608991
3,0.3,6,11,False,False,0.011206300010725423,0.010524098326439413,0.0006822016842860101
3,0.3,7,8,False,False,0.1871150004463119,0.18718185297099932,-6.685252468741076e-05
3,0.3,7,9,False,False,0.09117123854808162,0.09112512050998078,4.61180381008397e-05
3,0.3,7,10,False,False,0.045834060141223265,0.04574574820573685,8.831193548641814e-05
3,0.3,7,11,False,False,0.008304693200055446,0.007896185837596548,0.0004085073624588986
3,0.3,8,9,False,False,0.27561204849214516,0.2756102305193451,1.8179728000777828e-06
3,0.3,8,10,False,False,0.05233679550026049,0.052331045722508795,5.749777751695717e-06
3,0.3,8,11,False,False,0.008120331241924239,0.008115821995268169,4.5092466560703315e-06
3,0.3,9,10,False,False,0.15521137375213434,0.15521131692269519,5.682943915452654e-08
3,0.3,9,11,False,False,0.029471945091446683,0.02947189025553265,5.4835914031770017e-08
3,0.3,10,11,False,False,0.1524661739445181,0.1524661739445181,0.0
4,0.3,0,1,True,True,0.15346118591200075,0.15246617394451745,0.0009950119674833058
4,0.3,0,2,True,True,0.02835936539234285,0.029471890255532207,-0.001112524863189357
4,0.3,0,3,True,True,0.0078029632552880646,0.00811582199526839,-0.0003128587399803262
4,0.3,0,4,False,True,0.007880023118471913,0.007896185837596548,-1.616271912463496e-05
4,0.3,0,5,False,True,0.010301895180437892,0.010524098326439413,-0.00022220314600152058
4,0.3,0,6,False,True,0.012479532882137212,0.01237546591484251,0.00010406696729470255
4,0.3,0,7,False,True,0.002569079483154546,0.002740082841999225,-0.0001710033588446791
4,0.3,0,8,False,True,0.0003073625012495196,0.00032836321558638026,-2.1000714336860682e-05
4,0.3,0,9,False,True,0.00018887786407351115,0.00019977178298580256,-1.0893918912291412e-05
4,0.3,0,10,False,True,2.986830774864835e-05,3.217458656168404e-05,-2.3062788130356893e-06
4,0.3,0,11,False,True,1.2602847176967913e-06,1.377116182421645e-06,-1.1683146472485362e-07
4,0.3,1,2,True,True,0.15285699993129964,0.15521131692269519,-0.002354316991395544
4,0.3,1,3,True,True,0.051125031625820494,0.05233104572250924,-0.0012060140966887456
4,0.3,1,4,False,True,0.04448154401739579,0.04574574820573685,-0.001264204188341056
4,0.3,1,5,False,True,0.014438524999880187,0.015000322824106904,-0.0005617978242267174
4,0.3,1,6,False,True,0.004618426098482509,0.004384272321170224,0.00023415377731228482
4,0.3,1,7,False,True,0.0019867802437911752,0.0021697160696674267,-0.00018293582587625146
4,0.3,1,8,False,True,0.0006045039832578425,0.0006498878572209765,-4.5383873963134036e-05
4,0.3,1,9,False,True,0.00041505450214507356,0.00044764021198417936,-3.25857098391058e-05
4,0.3,1,10,False,True,0.00019189429824262305,0.00020794106322918893,-1.6046764986565876e-05
4,0.3,1,11,False,True,2.961320503214182e-05,3.217458656212813e-05,-2.5613815299863063e-06
4,0.3,2,3,True,True,0.27267752469555306,0.2756102305193452,-0.0029327058237921255
4,0.3,2,4,False,True,0.08916413440462545,0.09112512050998012,-0.0019609861053546673
4,0.3,2,5,False,True,0.026927518570337483,0.02757004167312549,-0.0006425231027880063
4,0.3,2,6,False,True,0.005239358097751001,0.005118550960502066,0.00012080713724893499
4,0.3,2,7,False,True,0.001073068206354888,0.0011036565750415228,-3.058836868663484e-05
4,0.3,2,8,False,True,0.0006569731168106774,0.0006695547412061131,-1.2581624395435753e-05
4,0.3,2,9,False,True,0.000611536235231025,0.0006097235067299422,1.8127285010827165e-06
4,0.3,2,10,False,True,0.00044853032356995115,0.0004476402119832912,8.901115866599696e-07
4,0.3,2,11,False,True,0.00019531721987608996,0.00019977178298535847,-4.454563109268506e-06
4,0.3,3,4,False,True,0.18478562099591278,0.18718185297099965,-0.002396231975086871
4,0.3,3,5,False,True,0.0351280065053472,0.03563527519607712,-0.0005072686907299229
4,0.3,3,6,False,True,0.007399885139242279,0.007542630026976749,-0.00014274488773446947
4,0.3,3,7,False,True,0.001329216710564518,0.0013909231975786085,-6.170648701409043e-05
4,0.3,3,8,False,True,0.000500408358292237,0.0005205559360790257,-2.0147577786788773e-05
4,0.3,3,9,False,True,0.0007148255895665923,0.0006695547412061131,4.527084836047912e-05
4,0.3,3,10,False,True,0.000829270120960901,0.0006498878572207545,0.00017938226374014654
4,0.3,3,11,False,True,0.0005022138616381788,0.0003283632155866023,0.00017385064605157652
4,0.3,4,5,False,False,0.14726590547077678,0.14949928242656707,-0.0022333769557902894
4,0.3,4,6,False,False,0.026163940241402894,0.0265479112550544,-0.0003839710136515073
4,0.3,4,7,False,False,0.005373932836096218,0.0055171949892538485,-0.00014326215315763058
4,0.3,4,8,False,False,0.0013563046936773127,0.0013909231975783864,-3.4618503901073794e-05
4,0.3,4,9,False,False,0.0010961082609066697,0.0011036565750417449,-7.548314135075174e-06
4,0.3,4,10,False,False,0.002256705623533861,0.0021697160696667606,8.698955386710061e-05
4,0.3,4,11,False,False,0.003094717222114962,0.0027400828419998913,0.00035463438011507087
4,0.3,5,6,False,False,0.14583765094929846,0.14809721770817985,-0.002259566758881393
4,0.3,5,7,False,False,0.025817551494653035,0.02654791125505418,-0.0007303597604011447
4,0.3,5,8,False,False,0.007331509876933318,0.007542630026976971,-0.00021112015004365325
4,0.3,5,9,False,False,0.00500555768604527,0.00511855096050251,-0.00011299327445724039
4,0.3,5,10,False,False,0.004379530914950358,0.00438427232116978,-4.741406219421762e-06
4,0.3,5,11,False,False,0.012549309748685955,0.012375465914842954,0.0001738438338430015
4,0.3,6,7,False,False,0.14701739592733265,0.14949928242656685,-0.0024818864992341982
4,0.3,6,8,False,False,0.0343907952495921,0.03563527519607712,-0.001244479946485022
4,0.3,6,9,False,False,0.026543479304244944,0.02757004167312571,-0.001026562368880768
4,0.3,6,10,False,False,0.014683593189885658,0.015000322824106238,-0.00031672963422058054
4,0.3,6,11,False,False,0.010720195008498079,0.010524098326439413,0.00019609668205866626
4,0.3,7,8,False,False,0.18557200569054477,0.18718185297099932,-0.001609847280454546
4,0.3,7,9,False,False,0.09055748255630025,0.09112512050998078,-0.0005676379536805332
4,0.3,7,10,False,False,0.046007270356169805,0.04574574820573685,0.0002615221504329579
4,0.3,7,11,False,False,0.009055089582548526,0.007896185837596548,0.001158903744951978
4,0.3,8,9,False,False,0.27552500452849527,0.2756102305193451,-8.52259908498132e-05
4,0.3,8,10,False,False,0.05250888828212097,0.052331045722508795,0.00017784255961217355
4,0.3,8,11,False,False,0.008253739462964926,0.008115821995268169,0.0001379174676967576
4,0.3,9,10,False,False,0.1552258495306882,0.15521131692269519,1.4532607993000823e-05
4,0.3,9,11,False,False,0.02948971636239417,0.02947189025553265,1.78261068615182e-05
4,0.3,10,11,False,False,0.15246646916741868,0.1524661739445181,2.952229005703799e-07
5,0.3,0,1,True,True,0.15444189954855814,0.15246617394451745,0.00197572560404069
5,0.3,0,2,True,True,0.03218612109172336,0.029471890255532207,0.002714230836191156
5,0.3,0,3,True,True,0.008326902950996917,0.00811582199526839,0.00021108095572852648
5,0.3,0,4,False,True,0.008004374443270956,0.007896185837596548,0.00010818860567440858
5,0.3,0,5,False,True,0.01065408056103112,0.010524098326439413,0.00012998223459170788
5,0.3,0,6,False,True,0.012597611155402477,0.01237546591484251,0.00022214524055996776
5,0.3,0,7,False,True,0.0033000577540696074,0.002740082841999225,0.0005599749120703823
5,0.3,0,8,False,True,0.00034700488793371065,0.00032836321558638026,1.8641672347330385e-05
5,0.3,0,9,False,True,0.0001886750429718198,0.00019977178298580256,-1.1096740013982753e-05
5,0.3,0,10,False,True,3.092589825670622e-05,3.217458656168404e-05,-1.2486883049778186e-06
5,0.3,0,11,False,True,1.3121105564284363e-06,1.377116182421645e-06,-6.500562599320858e-08
5,0.3,1,2,True,True,0.15440442584701475,0.15521131692269519,-0.0008068910756804382
5,0.3,1,3,True,True,0.05064574844992498,0.05233104572250924,-0.001685297272584263
5,0.3,1,4,False,True,0.044576925480246166,0.04574574820573685,-0.0011688227254906813
5,0.3,1,5,False,True,0.01454444127814214,0.015000322824106904,-0.0004558815459647647
5,0.3,1,6,False,True,0.004192029603965919,0.004384272321170224,-0.00019224271720430508
5,0.3,1,7,False,True,0.0024101585574727302,0.0021697160696674267,0.00024044248780530353
5,0.3,1,8,False,True,0.0006127716703092645,0.0006498878572209765,-3.7116186911712035e-05
5,0.3,1,9,False,True,0.00042182557173187085,0.00044764021198417936,-2.5814640252308507e-05
5,0.3,1,10,False,True,0.00019624596890954749,0.00020794106322918893,-1.1695094319641441e-05
5,0.3,1,11,False,True,2.9825286564921782e-05,3.217458656212813e-05,-2.3492999972063444e-06
5,0.3,2,3,True,True,0.2717474538118585,0.2756102305193452,-0.0038627767074866926
5,0.3,2,4,False,True,0.0890160611086217,0.09112512050998012,-0.002109059401358415
5,0.3,2,5,False,True,0.026837400986192028,0.02757004167312549,-0.0007326406869334612
5,0.3,2,6,False,True,0.004928939976878821,0.005118550960502066,-0.00018961098362324513
5,0.3,2,7,False,True,0.0011871643917953367,0.0011036565750415228,8.350781675381391e-05
5,0.3,2,8,False,True,0.0006132205356386145,0.0006695547412061131,-5.6334205567498685e-05
5,0.3,2,9,False,True,0.0005643277927223078,0.0006097235067299422,-4.5395714007634425e-05
5,0.3,2,10,False,True,0.00042180386863899244,0.0004476402119832912,-2.583634334429874e-05
5,0.3,2,11,False,True,0.00018799120102452882,0.00019977178298535847,-1.178058196082965e-05
5,0.3,3,4,False,True,0.18459875427070616,0.18718185297099965,-0.0025830987002934958
5,0.3,3,5,False,True,0.0350965153501992,0.03563527519607712,-0.000538759845877923
5,0.3,3,6,False,True,0.007399635244447422,0.007542630026976749,-0.00014299478252932651
5,0.3,3,7,False,True,0.0014767865701341698,0.0013909231975786085,8.586337255556131e-05
5,0.3,3,8,False,True,0.0005348758992993474,0.0005205559360790257,1.4319963220321696e-05
5,0.3,3,9,False,True,0.0007093581245005698,0.0006695547412061131,3.980338329445665e-05
5,0.3,3,10,False,True,0.0008058143075317936,0.0006498878572207545,0.00015592645031103913
5,0.3,3,11,False,True,0.00045257283635513623,0.0003283632155866023,0.00012420962076853392
5,0.3,4,5,False,False,0.1472652663888403,0.14949928242656707,-0.0022340160377267715
5,0.3,4,6,False,False,0.026175981183357733,0.0265479112550544,-0.0003719300716966689
5,0.3,4,7,False,False,0.005417986262737484,0.0055171949892538485,-9.920872651636437e-05
5,0.3,4,8,False,False,0.001329885235774153,0.0013909231975783864,-6.103796180423338e-05
5,0.3,4,9,False,False,0.0010570959069575725,0.0011036565750417449,-4.656066808417236e-05
5,0.3,4,10,False,False,0.0023444489025430393,0.0021697160696667606,0.00017473283287627872
5,0.3,4,11,False,False,0.0033296967201226213,0.0027400828419998913,0.00058961387812273
5,0.3,5,6,False,False,0.14587544598756996,0.14809721770817985,-0.0022217717206098886
5,0.3,5,7,False,False,0.026163219981184316,0.02654791125505418,-0.0003846912738698638
5,0.3,5,8,False,False,0.007351030108436296,0.007542630026976971,-0.0001915999185406747
5,0.3,5,9,False,False,0.004957692166157823,0.00511855096050251,-0.00016085879434468708
5,0.3,5,10,False,False,0.004301127731572096,0.00438427232116978,-8.314458959768345e-05
5,0.3,5,11,False,False,0.012382737315925763,0.012375465914842954,7.2714010828089926e-06
5,0.3,6,7,False,False,0.14722458718988962,0.14949928242656685,-0.0022746952366772266
5,0.3,6,8,False,False,0.03469449699849414,0.03563527519607712,-0.000940778197582981
5,0.3,6,9,False,False,0.026798639695326587,0.02757004167312571,-0.0007714019777991243
5,0.3,6,10,False,False,0.014601351200409729,0.015000322824106238,-0.00039897162369650907
5,0.3,6,11,False,False,0.010629057403829467,0.010524098326439413,0.00010495907739005439
5,0.3,7,8,False,False,0.1840995132341593,0.18718185297099932,-0.003082339736840023
5,0.3,7,9,False,False,0.08829534278869278,0.09112512050998078,-0.002829777721288007
5,0.3,7,10,False,False,0.04437982422567299,0.04574574820573685,-0.0013659239800638545
5,0.3,7,11,False,False,0.008737261824508069,0.007896185837596548,0.0008410759869115214
5,0.3,8,9,False,False,0.27331416671733044,0.2756102305193451,-0.0022960638020146362
5,0.3,8,10,False,False,0.05291071717688567,0.052331045722508795,0.0005796714543768733
5,0.3,8,11,False,False,0.008794093755813082,0.008115821995268169,0.0006782717605449129
5,0.3,9,10,False,False,0.15551169707397783,0.15521131692269519,0.00030038015128264206
5,0.3,9,11,False,False,0.030113995749534217,0.02947189025553265,0.0006421054940015658
5,0.3,10,11,False,False,0.15254619694768112,0.1524661739445181,8.002300316301003e-05
6,0.3,0,1,True,True,0.1525461969476818,0.15246617394451745,8.00230031643423e-05
6,0.3,0,2,True,True,0.03011399574953466,0.029471890255532207,0.000642105494002454
6,0.3,0,3,True,True,0.008794093755813748,0.00811582199526839,0.000678271760545357
6,0.3,0,4,False,True,0.008737261824508291,0.007896185837596548,0.0008410759869117435
6,0.3,0,5,False,True,0.01062905740382969,0.010524098326439413,0.00010495907739027643
6,0.3,0,6,False,True,0.012382737315925763,0.01237546591484251,7.271401083253082e-06
6,0.3,0,7,False,True,0.0033296967201223993,0.002740082841999225,0.0005896138781231741
6,0.3,0,8,False,True,0.0004525728363560244,0.00032836321558638026,0.00012420962076964415
6,0.3,0,9,False,True,0.0001879912010249729,0.00019977178298580256,-1.178058196082965e-05
6,0.3,0,10,False,True,2.9825286565587916e-05,3.217458656168404e-05,-2.3492999960961214e-06
6,0.3,0,11,False,True,1.3121105573166147e-06,1.377116182421645e-06,-6.500562510503016e-08
6,0.3,1,2,True,True,0.15551169707397827,0.15521131692269519,0.00030038015128308615
6,0.3,1,3,True,True,0.05291071717688589,0.05233104572250924,0.0005796714543766512
6,0.3,1,4,False,True,0.044379824225673214,0.04574574820573685,-0.0013659239800636325
6,0.3,1,5,False,True,0.014601351200409729,0.015000322824106904,-0.0003989716236971752
6,0.3,1,6,False,True,0.004301127731572318,0.004384272321170224,-8.31445895979055e-05
6,0.3,1,7,False,True,0.0023444489025428172,0.0021697160696674267,0.00017473283287539054
6,0.3,1,8,False,True,0.0008058143075326818,0.0006498878572209765,0.00015592645031170527
6,0.3,1,9,False,True,0.0004218038686392145,0.00044764021198417936,-2.5836343344964874e-05
6,0.3,1,10,False,True,0.0001962459689091034,0.00020794106322918893,-1.169509432008553e-05
6,0.3,1,11,False,True,3.092589825737235e-05,3.217458656212813e-05,-1.248688304755774e-06
6,0.3,2,3,True,True,0.2733141667173302,0.2756102305193452,-0.0022960638020149693
6,0.3,2,4,False,True,0.088295342788693,0.09112512050998012,-0.002829777721287119
6,0.3,2,5,False,True,0.02679863969532681,0.02757004167312549,-0.0007714019777986802
6,0.3,2,6,False,True,0.004957692166158267,0.005118550960502066,-0.0001608587943437989
6,0.3,2,7,False,True,0.0010570959069580166,0.0011036565750415228,-4.656066808350623e-05
6,0.3,2,8,False,True,0.0007093581245005698,0.0006695547412061131,3.980338329445665e-05
6,0.3,2,9,False,True,0.0005643277927227519,0.0006097235067299422,-4.5395714007190335e-05
6,0.3,2,10,False,True,0.00042182557173231494,0.0004476402119832912,-2.581464025097624e-05
6,0.3,2,11,False,True,0.00018867504297204185,0.00019977178298535847,-1.109674001331662e-05
6,0.3,3,4,False,True,0.1840995132341594,0.18718185297099965,-0.003082339736840245
6,0.3,3,5,False,True,0.03469449699849436,0.03563527519607712,-0.0009407781975827589
6,0.3,3,6,False,True,0.007351030108436296,0.007542630026976749,-0.00019159991854045266
6,0.3,3,7,False,True,0.0013298852357745972,0.0013909231975786085,-6.103796180401133e-05
6,0.3,3,8,False,True,0.0005348758993000136,0.0005205559360790257,1.431996322098783e-05
6,0.3,3,9,False,True,0.0006132205356386145,0.0006695547412061131,-5.6334205567498685e-05
6,0.3,3,10,False,True,0.0006127716703094865,0.0006498878572207545,-3.7116186911267945e-05
6,0.3,3,11,False,True,0.0003470048879339327,0.0003283632155866023,1.8641672347330385e-05
6,0.3,4,5,False,False,0.14722458718988962,0.14949928242656707,-0.0022746952366774487
6,0.3,4,6,False,False,0.02616321998118476,0.0265479112550544,-0.00038469127386964175
6,0.3,4,7,False,False,0.005417986262737262,0.0055171949892538485,-9.920872651658641e-05
6,0.3,4,8,False,False,0.001476786570134614,0.0013909231975783864,8.586337255622745e-05
6,0.3,4,9,False,False,0.0011871643917955588,0.0011036565750417449,8.350781675381391e-05
6,0.3,4,10,False,False,0.0024101585574729523,0.0021697160696667606,0.0002404424878061917
6,0.3,4,11,False,False,0.0033000577540698295,0.0027400828419998913,0.0005599749120699382
6,0.3,5,6,False,False,0.14587544598757063,0.14809721770817985,-0.0022217717206092225
6,0.3,5,7,False,False,0.026175981183357955,0.02654791125505418,-0.00037193007169622483
6,0.3,5,8,False,False,0.007399635244447866,0.007542630026976971,-0.00014299478252910447
6,0.3,5,9,False,False,0.004928939976878821,0.00511855096050251,-0.00018961098362368922
6,0.3,5,10,False,False,0.004192029603966141,0.00438427232116978,-0.00019224271720363895
6,0.3,5,11,False,False,0.012597611155402477,0.012375465914842954,0.00022214524055952367
6,0.3,6,7,False,False,0.14726526638884052,0.14949928242656685,-0.0022340160377263274
6,0.3,6,8,False,False,0.03509651535019964,0.03563527519607712,-0.0005387598458774789
6,0.3,6,9,False,False,0.02683740098619225,0.02757004167312571,-0.0007326406869334612
6,0.3,6,10,False,False,0.014544441278142584,0.015000322824106238,-0.0004558815459636545
6,0.3,6,11,False,False,0.010654080561031565,0.010524098326439413,0.00012998223459215197
6,0.3,7,8,False,False,0.18459875427070638,0.18718185297099932,-0.0025830987002929406
6,0.3,7,9,False,False,0.08901606110862192,0.09112512050998078,-0.0021090594013588593
6,0.3,7,10,False,False,0.044576925480246166,0.04574574820573685,-0.0011688227254906813
6,0.3,7,11,False,False,0.008004374443270734,0.007896185837596548,0.00010818860567418653
6,0.3,8,9,False,False,0.2717474538118585,0.2756102305193451,-0.0038627767074865815
6,0.3,8,10,False,False,0.0506457484499252,0.052331045722508795,-0.0016852972725835969
6,0.3,8,11,False,False,0.008326902950997805,0.008115821995268169,0.0002110809557296367
6,0.3,9,10,False,False,0.1544044258470152,0.15521131692269519,-0.0008068910756799941
6,0.3,9,11,False,False,0.03218612109172425,0.02947189025553265,0.0027142308361916
6,0.3,10,11,False,False,0.15444189954855836,0.1524661739445181,0.001975725604040246
7,0.3,0,1,True,True,0.15246646916741868,0.15246617394451745,2.9522290123651374e-07
7,0.3,0,2,True,True,0.029489716362395058,0.029471890255532207,1.7826106862850466e-05
7,0.3,0,3,True,True,0.008253739462965815,0.00811582199526839,0.00013791746769742375
7,0.3,0,4,False,True,0.00905508958254897,0.007896185837596548,0.001158903744952422
7,0.3,0,5,False,True,0.010720195008498301,0.010524098326439413,0.0001960966820588883
7,0.3,0,6,False,True,0.012549309748686621,0.01237546591484251,0.00017384383384411173
7,0.3,0,7,False,True,0.0030947172221156283,0.002740082841999225,0.00035463438011640314
7,0.3,0,8,False,True,0.0005022138616386229,0.00032836321558638026,0.00017385064605224265
7,0.3,0,9,False,True,0.00019531721987653405,0.00019977178298580256,-4.454563109268506e-06
7,0.3,0,10,False,True,2.9613205032363865e-05,3.217458656168404e-05,-2.5613815293201725e-06
7,0.3,0,11,False,True,1.2602847181408805e-06,1.377116182421645e-06,-1.1683146428076441e-07
7,0.3,1,2,True,True,0.15522584953068863,0.15521131692269519,1.4532607993444913e-05
7,0.3,1,3,True,True,0.05250888828212141,0.05233104572250924,0.00017784255961217355
7,0.3,1,4,False,True,0.046007270356169805,0.04574574820573685,0.0002615221504329579
7,0.3,1,5,False,True,0.014683593189885658,0.015000322824106904,-0.00031672963422124667
7,0.3,1,6,False,True,0.004379530914951246,0.004384272321170224,-4.741406218977673e-06
7,0.3,1,7,False,True,0.0022567056235343053,0.0021697160696674267,8.698955386687857e-05
7,0.3,1,8,False,True,0.0008292701209611231,0.0006498878572209765,0.00017938226374014654
7,0.3,1,9,False,True,0.0004485303235701732,0.00044764021198417936,8.901115859938358e-07
7,0.3,1,10,False,True,0.0001918942982428451,0.00020794106322918893,-1.604676498634383e-05
7,0.3,1,11,False,True,2.9868307748870393e-05,3.217458656212813e-05,-2.306278813257734e-06
7,0.3,2,3,True,True,0.2755250045284957,0.2756102305193452,-8.522599084948013e-05
7,0.3,2,4,False,True,0.09055748255630114,0.09112512050998012,-0.0005676379536789788
7,0.3,2,5,False,True,0.02654347930424583,0.02757004167312549,-0.0010265623688796577
7,0.3,2,6,False,True,0.005005557686045492,0.005118550960502066,-0.00011299327445657426
7,0.3,2,7,False,True,0.0010961082609071138,0.0011036565750415228,-7.54831413440904e-06
7,0.3,2,8,False,True,0.0007148255895672584,0.0006695547412061131,4.5270848361145255e-05
7,0.3,2,9,False,True,0.000611536235231469,0.0006097235067299422,1.8127285015268058e-06
7,0.3,2,10,False,True,0.00041505450214551765,0.0004476402119832912,-3.2585709837773535e-05
7,0.3,2,11,False,True,0.00018887786407417728,0.00019977178298535847,-1.0893918911181188e-05
7,0.3,3,4,False,True,0.1855720056905451,0.18718185297099965,-0.001609847280454546
7,0.3,3,5,False,True,0.03439079524959254,0.03563527519607712,-0.001244479946484578
7,0.3,3,6,False,True,0.007331509876933984,0.007542630026976749,-0.00021112015004276508
7,0.3,3,7,False,True,0.0013563046936777567,0.0013909231975786085,-3.461850390085175e-05
7,0.3,3,8,False,True,0.000500408358292459,0.0005205559360790257,-2.0147577786566728e-05
7,0.3,3,9,False,True,0.0006569731168111215,0.0006695547412061131,-1.2581624394991664e-05
7,0.3,3,10,False,True,0.0006045039832578425,0.0006498878572207545,-4.538387396291199e-05
7,0.3,3,11,False,True,0.0003073625012497416,0.0003283632155866023,-2.1000714336860682e-05
7,0.3,4,5,False,False,0.14701739592733332,0.14949928242656707,-0.002481886499233754
7,0.3,4,6,False,False,0.02581755149465259,0.0265479112550544,-0.0007303597604018108
7,0.3,4,7,False,False,0.005373932836096218,0.0055171949892538485,-0.00014326215315763058
7,0.3,4,8,False,False,0.001329216710564296,0.0013909231975783864,-6.170648701409043e-05
7,0.3,4,9,False,False,0.0010730682063555541,0.0011036565750417449,-3.058836868619075e-05
7,0.3,4,10,False,False,0.0019867802437916193,0.0021697160696667606,-0.00018293582587514123
7,0.3,4,11,False,False,0.00256907948315499,0.0027400828419998913,-0.00017100335884490114
7,0.3,5,6,False,False,0.14583765094929912,0.14809721770817985,-0.0022595667588807267
7,0.3,5,7,False,False,0.026163940241403782,0.02654791125505418,-0.0003839710136503971
7,0.3,5,8,False,False,0.007399885139242279,0.007542630026976971,-0.00014274488773469152
7,0.3,5,9,False,False,0.005239358097751445,0.00511855096050251,0.00012080713724893499
7,0.3,5,10,False,False,0.004618426098483397,0.00438427232116978,0.00023415377731361708
7,0.3,5,11,False,False,0.012479532882137656,0.012375465914842954,0.00010406696729470255
7,0.3,6,7,False,False,0.14726590547077723,0.14949928242656685,-0.0022333769557896233
7,0.3,6,8,False,False,0.03512800650534742,0.03563527519607712,-0.0005072686907297008
7,0.3,6,9,False,False,0.026927518570337705,0.02757004167312571,-0.0006425231027880063
7,0.3,6,10,False,False,0.014438524999879743,0.015000322824106238,-0.0005617978242264954
7,0.3,6,11,False,False,0.010301895180438558,0.010524098326439413,-0.00022220314600085445
7,0.3,7,8,False,False,0.1847856209959131,0.18718185297099932,-0.002396231975086205
7,0.3,7,9,False,False,0.089164134404625,0.09112512050998078,-0.0019609861053557776
7,0.3,7,10,False,False,0.04448154401739668,0.04574574820573685,-0.0012642041883401678
7,0.3,7,11,False,False,0.007880023118472135,0.007896185837596548,-1.6162719124412916e-05
7,0.3,8,9,False,False,0.27267752469555373,0.2756102305193451,-0.0029327058237913484
7,0.3,8,10,False,False,0.05112503162582094,0.052331045722508795,-0.0012060140966878574
7,0.3,8,11,False,False,0.007802963255288953,0.008115821995268169,-0.000312858739979216
7,0.3,9,10,False,False,0.15285699993130009,0.15521131692269519,-0.0023543169913951
7,0.3,9,11,False,False,0.028359365392342628,0.02947189025553265,-0.001112524863190023
7,0.3,10,11,False,False,0.15346118591200053,0.1524661739445181,0.0009950119674824176
8,0.3,0,1,True,True,0.1524661739445181,0.15246617394451745,6.661338147750939e-16
8,0.3,0,2,True,True,0.029471945091446905,0.029471890255532207,5.483591469790383e-08
8,0.3,0,3,True,True,0.008120331241924905,0.00811582199526839,4.509246656514421e-06
8,0.3,0,4,False,True,0.008304693200055668,0.007896185837596548,0.00040850736245912067
8,0.3,0,5,False,True,0.011206300010726311,0.010524098326439413,0.0006822016842868983
8,0.3,0,6,False,True,0.013807186556497264,0.01237546591484251,0.0014317206416547545
8,0.3,0,7,False,True,0.0032817452076032705,0.002740082841999225,0.0005416623656040453
8,0.3,0,8,False,True,0.0004359211365174698,0.00032836321558638026,0.00010755792093108951
8,0.3,0,9,False,True,0.00020557622574801648,0.00019977178298580256,5.804442762213924e-06
8,0.3,0,10,False,True,3.0400639498440185e-05,3.217458656168404e-05,-1.7739470632438525e-06
8,0.3,0,11,False,True,1.2724004765374275e-06,1.377116182421645e-06,-1.0471570588421741e-07
8,0.3,1,2,True,True,0.15521137375213478,0.15521131692269519,5.682943959861575e-08
8,0.3,1,3,True,True,0.05233679550026071,0.05233104572250924,5.7497777514736725e-06
8,0.3,1,4,False,True,0.04583406014122371,0.04574574820573685,8.831193548686223e-05
8,0.3,1,5,False,True,0.015349662486667581,0.015000322824106904,0.00034933966256067706
8,0.3,1,6,False,True,0.004711439094548853,0.004384272321170224,0.00032716677337862876
8,0.3,1,7,False,True,0.002343961899526459,0.0021697160696674267,0.00017424582985903214
8,0.3,1,8,False,True,0.0007539268025351653,0.0006498878572209765,0.00010403894531418878
8,0.3,1,9,False,True,0.00047315949513215827,0.00044764021198417936,2.551928314797891e-05
8,0.3,1,10,False,True,0.00019718558904635586,0.00020794106322918893,-1.0755474182833069e-05
8,0.3,1,11,False,True,2.9774639185298213e-05,3.217458656212813e-05,-2.399947376829914e-06
8,0.3,2,3,True,True,0.2756120484921458,0.2756102305193452,1.8179728006328943e-06
8,0.3,2,4,False,True,0.09117123854808229,0.09112512050998012,4.6118038102171965e-05
8,0.3,2,5,False,True,0.027524696673922655,0.02757004167312549,-4.53449992028343e-05
8,0.3,2,6,False,True,0.004989208277098811,0.005118550960502066,-0.00012934268340325517
8,0.3,2,7,False,True,0.0011134289816618903,0.0011036565750415228,9.772406620367491e-06
8,0.3,2,8,False,True,0.0006919428519518434,0.0006695547412061131,2.2388110745730216e-05
8,0.3,2,9,False,True,0.0006371551415467192,0.0006097235067299422,2.7431634816776906e-05
8,0.3,2,10,False,True,0.0004272981505870632,0.0004476402119832912,-2.0342061396227962e-05
8,0.3,2,11,False,True,0.0001856598982874491,0.00019977178298535847,-1.411188469790936e-05
8,0.3,3,4,False,True,0.18711500044631313,0.18718185297099965,-6.685252468652259e-05
8,0.3,3,5,False,True,0.03525770526094041,0.03563527519607712,-0.00037756993513671233
8,0.3,3,6,False,True,0.007258777361782931,0.007542630026976749,-0.0002838526651938178
8,0.3,3,7,False,True,0.0013608588179274683,0.0013909231975786085,-3.0064379651140172e-05
8,0.3,3,8,False,True,0.000532971945389038,0.0005205559360790257,1.24160093100123e-05
8,0.3,3,9,False,True,0.0006993592374973101,0.0006695547412061131,2.980449629119697e-05
8,0.3,3,10,False,True,0.0006287154996977851,0.0006498878572207545,-2.117235752296942e-05
8,0.3,3,11,False,True,0.0003100118756964587,0.0003283632155866023,-1.8351339890143592e-05
8,0.3,4,5,False,False,0.14829155781264447,0.14949928242656707,-0.0012077246139226006
8,0.3,4,6,False,False,0.025623111893719797,0.0265479112550544,-0.000924799361334605
8,0.3,4,7,False,False,0.005365141435500487,0.0055171949892538485,-0.00015205355375336183
8,0.3,4,8,False,False,0.0013533682159210247,0.0013909231975783864,-3.755498165736171e-05
8,0.3,4,9,False,False,0.001058989715127856,0.0011036565750417449,-4.466685991388886e-05
8,0.3,4,10,False,False,0.00210755599164969,0.0021697160696667606,-6.216007801707057e-05
8,0.3,4,11,False,False,0.0025992802126553194,0.0027400828419998913,-0.00014080262934457188
8,0.3,5,6,False,False,0.14563953075228753,0.14809721770817985,-0.0024576869558923242
8,0.3,5,7,False,False,0.025819302889257933,0.02654791125505418,-0.0007286083657962461
8,0.3,5,8,False,False,0.007335060452308584,0.007542630026976971,-0.000207569574668387
8,0.3,5,9,False,False,0.004908816540397654,0.00511855096050251,-0.00020973442010485677
8,0.3,5,10,False,False,0.00418343615525596,0.00438427232116978,-0.00020083616591382025
8,0.3,5,11,False,False,0.011578365610155794,0.012375465914842954,-0.0007971003046871594
8,0.3,6,7,False,False,0.14722333262551945,0.14949928242656685,-0.0022759498010473944
8,0.3,6,8,False,False,0.035129929418060035,0.03563527519607712,-0.0005053457780170856
8,0.3,6,9,False,False,0.026977600463993,0.02757004167312571,-0.0005924412091327103
8,0.3,6,10,False,False,0.014777421671307689,0.015000322824106238,-0.00022290115279854916
8,0.3,6,11,False,False,0.009939465333001607,0.010524098326439413,-0.0005846329934378058
8,0.3,7,8,False,False,0.1847873284564947,0.18718185297099932,-0.0023945245145046146
8,0.3,7,9,False,False,0.08946465442072071,0.09112512050998078,-0.0016604660892600709
8,0.3,7,10,False,False,0.04496258365164696,0.04574574820573685,-0.0007831645540898879
8,0.3,7,11,False,False,0.007671395143985293,0.007896185837596548,-0.00022479069361125426
8,0.3,8,9,False,False,0.2730177456149834,0.2756102305193451,-0.0025924849043617026
8,0.3,8,10,False,False,0.05120255185893985,0.052331045722508795,-0.0011284938635689468
8,0.3,8,11,False,False,0.007820533294815357,0.008115821995268169,-0.0002952887004528115
8,0.3,9,10,False,False,0.15215073375155552,0.15521131692269519,-0.0030605831711396636
8,0.3,9,11,False,False,0.028686700035246204,0.02947189025553265,-0.0007851902202864469
8,0.3,10,11,False,False,0.14963073428552254,0.1524661739445181,-0.0028354396589955755
9,0.3,0,1,True,True,0.15246617394451767,0.15246617394451745,2.220446049250313e-16
9,0.3,0,2,True,True,0.029471890255533095,0.029471890255532207,8.881784197001252e-16
9,0.3,0,3,True,True,0.00811583948876482,0.00811582199526839,1.749349642921061e-08
9,0.3,0,4,False,True,0.007914386969497755,0.007896185837596548,1.8201131901207646e-05
9,0.3,0,5,False,True,0.010634449104761412,0.010524098326439413,0.00011035077832199924
9,0.3,0,6,False,True,0.015503613676946193,0.01237546591484251,0.0031281477621036835
9,0.3,0,7,False,True,0.004468416788318219,0.002740082841999225,0.001728333946318994
9,0.3,0,8,False,True,0.00048740140917069574,0.00032836321558638026,0.00015903819358431548
9,0.3,0,9,False,True,0.0001971413060761762,0.00019977178298580256,-2.630476909626367e-06
9,0.3,0,10,False,True,3.083667065517659e-05,3.217458656168404e-05,-1.3379159065074475e-06
9,0.3,0,11,False,True,1.2627907597373422e-06,1.377116182421645e-06,-1.1432542268430268e-07
9,0.3,1,2,True,True,0.15521131692269563,0.15521131692269519,4.440892098500626e-16
9,0.3,1,3,True,True,0.05233106683371913,0.05233104572250924,2.111120989134463e-08
9,0.3,1,4,False,True,0.04574821089019121,0.04574574820573685,2.462684454362929e-06
9,0.3,1,5,False,True,0.015309605576964147,0.015000322824106904,0.0003092827528572428
9,0.3,1,6,False,True,0.005300932118723178,0.004384272321170224,0.0009166597975529545
9,0.3,1,7,False,True,0.0029349068933401945,0.0021697160696674267,0.0007651908236727678
9,0.3,1,8,False,True,0.0008134449967203139,0.0006498878572209765,0.00016355713949933737
9,0.3,1,9,False,True,0.0004508447029540896,0.00044764021198417936,3.2044909699102675e-06
9,0.3,1,10,False,True,0.00019982606199286934,0.00020794106322918893,-8.115001236319586e-06
9,0.3,1,11,False,True,2.9631237694616175e-05,3.217458656212813e-05,-2.543348867511952e-06
9,0.3,2,3,True,True,0.2756102432458296,0.2756102305193452,1.2726484421854423e-08
9,0.3,2,4,False,True,0.0911286786167187,0.09112512050998012,3.558106738577038e-06
9,0.3,2,5,False,True,0.027743317664653544,0.02757004167312549,0.00017327599152805462
9,0.3,2,6,False,True,0.005228743798560309,0.005118550960502066,0.00011019283805824287
9,0.3,2,7,False,True,0.0012019244190575318,0.0011036565750415228,9.826784401600897e-05
9,0.3,2,8,False,True,0.0007154312826378462,0.0006695547412061131,4.587654143173303e-05
9,0.3,2,9,False,True,0.0006139525263817447,0.0006097235067299422,4.229019651802446e-06
9,0.3,2,10,False,True,0.0004322291646134957,0.0004476402119832912,-1.5411047369795483e-05
9,0.3,2,11,False,True,0.00018578357345910845,0.00019977178298535847,-1.3988209526250017e-05
9,0.3,3,4,False,True,0.18718382195435235,0.18718185297099965,1.9689833526959077e-06
9,0.3,3,5,False,True,0.035672905597196936,0.03563527519607712,3.763040111981475e-05
9,0.3,3,6,False,True,0.007535949477878834,0.007542630026976749,-6.680549097914934e-06
9,0.3,3,7,False,True,0.001372880825308176,0.0013909231975786085,-1.8042372270432594e-05
9,0.3,3,8,False,True,0.0005359650271483662,0.0005205559360790257,1.540909106934052e-05
9,0.3,3,9,False,True,0.0006947980734370862,0.0006695547412061131,2.524333223097308e-05
9,0.3,3,10,False,True,0.0006468658384750636,0.0006498878572207545,-3.0220187456908576e-06
9,0.3,3,11,False,True,0.0003191236952413412,0.0003283632155866023,-9.239520345261099e-06
9,0.3,4,5,False,False,0.14945937131393006,0.14949928242656707,-3.991111263701441e-05
9,0.3,4,6,False,False,0.026289485055497774,0.0265479112550544,-0.00025842619955662727
9,0.3,4,7,False,False,0.005310541985131367,0.0055171949892538485,-0.00020665300412248122
9,0.3,4,8,False,False,0.0013598004984975987,0.0013909231975783864,-3.11226990807878e-05
9,0.3,4,9,False,False,0.001123183100353753,0.0011036565750417449,1.9526525312008047e-05
9,0.3,4,10,False,False,0.0021852728082671913,0.0021697160696667606,1.555673860043072e-05
9,0.3,4,11,False,False,0.0026674165666300542,0.0027400828419998913,-7.266627536983705e-05
9,0.3,5,6,False,False,0.1469036588820365,0.14809721770817985,-0.0011935588261433594
9,0.3,5,7,False,False,0.025626641987134047,0.02654791125505418,-0.0009212692679201329
9,0.3,5,8,False,False,0.007340017523063569,0.007542630026976971,-0.0002026125039134019
9,0.3,5,9,False,False,0.004901068222522342,0.00511855096050251,-0.00021748273798016804
9,0.3,5,10,False,False,0.004205218217349538,0.00438427232116978,-0.000179054103820242
9,0.3,5,11,False,False,0.011765960663776998,0.012375465914842954,-0.000609505251065956
9,0.3,6,7,False,False,0.1470187695560412,0.14949928242656685,-0.002480512870525642
9,0.3,6,8,False,False,0.03476192920242016,0.03563527519607712,-0.0008733459936569599
9,0.3,6,9,False,False,0.026649036308549867,0.02757004167312571,-0.0009210053645758443
9,0.3,6,10,False,False,0.014563586423011143,0.015000322824106238,-0.0004367364010950947
9,0.3,6,11,False,False,0.010190648031143112,0.010524098326439413,-0.0003334502952963003
9,0.3,7,8,False,False,0.18459670786901272,0.18718185297099932,-0.0025851451019865967
9,0.3,7,9,False,False,0.08977531272012795,0.09112512050998078,-0.0013498077898528305
9,0.3,7,10,False,False,0.04519471937883712,0.04574574820573685,-0.0005510288268997243
9,0.3,7,11,False,False,0.007819415953292275,0.007896185837596548,-7.6769884304273e-05
9,0.3,8,9,False,False,0.27299987881417165,0.2756102305193451,-0.0026103517051734304
9,0.3,8,10,False,False,0.051584431588650226,0.052331045722508795,-0.0007466141338585697
9,0.3,8,11,False,False,0.00791621014246835,0.008115821995268169,-0.0001996118527998192
9,0.3,9,10,False,False,0.15306311642532777,0.15521131692269519,-0.002148200497367414
9,0.3,9,11,False,False,0.029232054250802886,0.02947189025553265,-0.0002398360047297654
9,0.3,10,11,False,False,0.1470236400416267,0.1524661739445181,-0.0054425339028914
10,0.3,0,1,True,True,0.15246617394451767,0.15246617394451745,2.220446049250313e-16
10,0.3,0,2,True,True,0.029471890255532873,0.029471890255532207,6.661338147750939e-16
10,0.3,0,3,True,True,0.008115821995268613,0.00811582199526839,2.220446049250313e-16
10,0.3,0,4,False,True,0.007896267764697429,0.007896185837596548,8.192710088117394e-08
10,0.3,0,5,False,True,0.010526619536618043,0.010524098326439413,2.521210178629829e-06
10,0.3,0,6,False,True,0.015354445187192534,0.01237546591484251,0.002978979272350024
10,0.3,0,7,False,True,0.005498172548714431,0.002740082841999225,0.0027580897067152055
10,0.3,0,8,False,True,0.0007935207553979584,0.00032836321558638026,0.00046515753981157815
10,0.3,0,9,False,True,0.00019495785491940865,0.00019977178298580256,-4.813928066393913e-06
10,0.3,0,10,False,True,3.162796988043226e-05,3.217458656168404e-05,-5.46616681251777e-07
10,0.3,0,11,False,True,1.256540595573341e-06,1.377116182421645e-06,-1.2057558684830383e-07
10,0.3,1,2,True,True,0.15521131692269519,0.15521131692269519,0.0
10,0.3,1,3,True,True,0.05233104572250902,0.05233104572250924,-2.220446049250313e-16
10,0.3,1,4,False,True,0.04574575564668826,0.04574574820573685,7.440951410586649e-09
10,0.3,1,5,False,True,0.015016558935275093,0.015000322824106904,1.6236111168188572e-05
10,0.3,1,6,False,True,0.0052459199999677075,0.004384272321170224,0.0008616476787974836
10,0.3,1,7,False,True,0.003582080717458247,0.0021697160696674267,0.0014123646477908203
10,0.3,1,8,False,True,0.00121850973389237,0.0006498878572209765,0.0005686218766713935
10,0.3,1,9,False,True,0.0004379367800355638,0.00044764021198417936,-9.70343194861556e-06
10,0.3,1,10,False,True,0.0002115186435693861,0.00020794106322918893,3.577580340197173e-06
10,0.3,1,11,False,True,2.9358092441533756e-05,3.217458656212813e-05,-2.8164941205943705e-06
10,0.3,2,3,True,True,0.2756102305193451,0.2756102305193452,-1.1102230246251565e-16
10,0.3,2,4,False,True,0.09112513817702572,0.09112512050998012,1.7667045604241594e-08
10,0.3,2,5,False,True,0.02758009897702829,0.02757004167312549,1.0057303902799575e-05
10,0.3,2,6,False,True,0.005313841605239622,0.005118550960502066,0.00019529064473755575
10,0.3,2,7,False,True,0.001336234148075377,0.0011036565750415228,0.00023257757303385418
10,0.3,2,8,False,True,0.0008700206927199083,0.0006695547412061131,0.0002004659515137952
10,0.3,2,9,False,True,0.0006017358518355387,0.0006097235067299422,-7.987654894403562e-06
10,0.3,2,10,False,True,0.00048049960690854654,0.0004476402119832912,3.285939492525536e-05
10,0.3,2,11,False,True,0.0001823204668247591,0.00019977178298535847,-1.745131616059936e-05
10,0.3,3,4,False,True,0.18718186878819887,0.18718185297099965,1.5817199217060818e-08
10,0.3,3,5,False,True,0.03563864169959263,0.03563527519607712,3.3665035155117096e-06
10,0.3,3,6,False,True,0.007611791037337223,0.007542630026976749,6.91610103604745e-05
10,0.3,3,7,False,True,0.001436376841217335,0.0013909231975786085,4.5453643638726504e-05
10,0.3,3,8,False,True,0.0005772530895900019,0.0005205559360790257,5.669715351097615e-05
10,0.3,3,9,False,True,0.0006907364965993423,0.0006695547412061131,2.1181755393229196e-05
10,0.3,3,10,False,True,0.0007169646875109237,0.0006498878572207545,6.70768302901692e-05
10,0.3,3,11,False,True,0.0003023820375838149,0.0003283632155866023,-2.598117800278743e-05
10,0.3,4,5,False,False,0.14950154652806913,0.14949928242656707,2.2641015020585797e-06
10,0.3,4,6,False,False,0.026582383367276252,0.0265479112550544,3.447211222185054e-05
10,0.3,4,7,False,False,0.005515424051967255,0.0055171949892538485,-1.7709372865937212e-06
10,0.3,4,8,False,False,0.0013782585625650157,0.0013909231975783864,-1.2664635013370784e-05
10,0.3,4,9,False,False,0.0011224479805400644,0.0011036565750417449,1.879140549831959e-05
10,0.3,4,10,False,False,0.0022250276856274898,0.0021697160696667606,5.53116159607292e-05
10,0.3,4,11,False,False,0.002630815106400286,0.0027400828419998913,-0.00010926773559960523
10,0.3,5,6,False,False,0.1480581165097219,0.14809721770817985,-3.910119845795812e-05
10,0.3,5,7,False,False,0.026287940649792008,0.02654791125505418,-0.00025997060526217197
10,0.3,5,8,False,False,0.00727536792960537,0.007542630026976971,-0.0002672620973716011
10,0.3,5,9,False,False,0.004991806498858331,0.00511855096050251,-0.0001267444616441793
10,0.3,5,10,False,False,0.004294434933364455,0.00438427232116978,-8.983738780532491e-05
10,0.3,5,11,False,False,0.011912802569186365,0.012375465914842954,-0.00046266334565658873
10,0.3,6,7,False,False,0.14827642991223944,0.14949928242656685,-0.0012228525143274105
10,0.3,6,8,False,False,0.034453578277552355,0.03563527519607712,-0.001181696918524766
10,0.3,6,9,False,False,0.026880881409728774,0.02757004167312571,-0.0006891602633969374
10,0.3,6,10,False,False,0.014127588252103473,0.015000322824106238,-0.0008727345720027646
10,0.3,6,11,False,False,0.009949381299456883,0.010524098326439413,-0.0005747170269825297
10,0.3,7,8,False,False,0.18383511829440047,0.18718185297099932,-0.0033467346765988504
10,0.3,7,9,False,False,0.08959044634179802,0.09112512050998078,-0.0015346741681827591
10,0.3,7,10,False,False,0.04349935102784097,0.04574574820573685,-0.002246397177895876
10,0.3,7,11,False,False,0.008148936476882307,0.007896185837596548,0.00025275063928575925
10,0.3,8,9,False,False,0.2746691325932631,0.2756102305193451,-0.0009410979260819907
10,0.3,8,10,False,False,0.05204877205717118,0.052331045722508795,-0.0002822736653376179
10,0.3,8,11,False,False,0.00925683253194709,0.008115821995268169,0.0011410105366789214
10,0.3,9,10,False,False,0.1504859847219997,0.15521131692269519,-0.004725332200695487
10,0.3,9,11,False,False,0.03140084746498073,0.02947189025553265,0.001928957209448079
10,0.3,10,11,False,False,0.15506901637921922,0.1524661739445181,0.0026028424347011025
11,0.3,0,1,True,True,0.1524661739445179,0.15246617394451745,4.440892098500626e-16
11,0.3,0,2,True,True,0.029471890255533095,0.029471890255532207,8.881784197001252e-16
11,0.3,0,3,True,True,0.00811582199526839,0.00811582199526839,0.0
11,0.3,0,4,False,True,0.007896185837597214,0.007896185837596548,6.661338147750939e-16
11,0.3,0,5,False,True,0.010524105455358201,0.010524098326439413,7.1289187886236505e-09
11,0.3,0,6,False,True,0.012533385148023601,0.01237546591484251,0.0001579192331810919
11,0.3,0,7,False,True,0.0056533223770527385,0.002740082841999225,0.0029132395350535134
11,0.3,0,8,False,True,0.0005060544877788509,0.00032836321558638026,0.0001776912721924706
11,0.3,0,9,False,True,0.00032811959072964747,0.00019977178298580256,0.0001283478077438449
11,0.3,0,10,False,True,2.9404890592887867e-05,3.217458656168404e-05,-2.769695968796171e-06
11,0.3,0,11,False,True,1.2570530176780892e-06,1.377116182421645e-06,-1.2006316474355572e-07
11,0.3,1,2,True,True,0.15521131692269563,0.15521131692269519,4.440892098500626e-16
11,0.3,1,3,True,True,0.05233104572250924,0.05233104572250924,0.0
11,0.3,1,4,False,True,0.04574574820573707,0.04574574820573685,2.220446049250313e-16
11,0.3,1,5,False,True,0.015000400466411046,0.015000322824106904,7.764230414153417e-08
11,0.3,1,6,False,True,0.0044299212284553136,0.004384272321170224,4.5648907285089635e-05
11,0.3,1,7,False,True,0.003531484593794154,0.0021697160696674267,0.0013617685241267274
11,0.3,1,8,False,True,0.0009159791143285023,0.0006498878572209765,0.0002660912571075258
11,0.3,1,9,False,True,0.0009199872533944831,0.00044764021198417936,0.0004723470414103037
11,0.3,1,10,False,True,0.00019008094491046457,0.00020794106322918893,-1.786011831872436e-05
11,0.3,1,11,False,True,2.9376752348264645e-05,3.217458656212813e-05,-2.7978342138634815e-06
11,0.3,2,3,True,True,0.27561023051934586,0.2756102305193452,6.661338147750939e-16
11,0.3,2,4,False,True,0.09112512050998078,0.09112512050998012,6.661338147750939e-16
11,0.3,2,5,False,True,0.02757009140888611,0.02757004167312549,4.973576062106133e-08
11,0.3,2,6,False,True,0.0051296179843891565,0.005118550960502066,1.1067023887090244e-05
11,0.3,2,7,False,True,0.0013080022415681292,0.0011036565750415228,0.00020434566652660635
11,0.3,2,8,False,True,0.0007908488280812254,0.0006695547412061131,0.00012129408687511223
11,0.3,2,9,False,True,0.001157952709186505,0.0006097235067299422,0.0005482292024565627
11,0.3,2,10,False,True,0.0004102591973704772,0.0004476402119832912,-3.7381014612813956e-05
11,0.3,2,11,False,True,0.0001825178949432793,0.00019977178298535847,-1.725388804207917e-05
11,0.3,3,4,False,True,0.1871818529710001,0.18718185297099965,4.440892098500626e-16
11,0.3,3,5,False,True,0.03563529305835855,0.03563527519607712,1.7862281431746396e-08
11,0.3,3,6,False,True,0.007546610725546854,0.007542630026976749,3.98069857010519e-06
11,0.3,3,7,False,True,0.0014448284983656912,0.0013909231975786085,5.3905300787082666e-05
11,0.3,3,8,False,True,0.0005624597429612077,0.0005205559360790257,4.190380688218198e-05
11,0.3,3,9,False,True,0.0009485890771450123,0.0006695547412061131,0.00027903433593889915
11,0.3,3,10,False,True,0.0006153453039430268,0.0006498878572207545,-3.4542553277727706e-05
11,0.3,3,11,False,True,0.0003032075909052967,0.0003283632155866023,-2.515562468130561e-05
11,0.3,4,5,False,False,0.14949929878257695,0.14949928242656707,1.6356009879814337e-08
11,0.3,4,6,False,False,0.026550620545057413,0.0265479112550544,2.7092900030112332e-06
11,0.3,4,7,False,False,0.005565548837444867,0.0055171949892538485,4.83538481910184e-05
11,0.3,4,8,False,False,0.0013835743578956006,0.0013909231975783864,-7.348839682785879e-06
11,0.3,4,9,False,False,0.0012307544614611476,0.0011036565750417449,0.00012709788641940278
11,0.3,4,10,False,False,0.0020484735919281682,0.0021697160696667606,-0.00012124247773859231
11,0.3,4,11,False,False,0.002635101820248398,0.0027400828419998913,-0.00010498102175149349
11,0.3,5,6,False,False,0.14809914077171404,0.14809721770817985,1.9230635341926927e-06
11,0.3,5,7,False,False,0.0265667962189029,0.02654791125505418,1.888496384871985e-05
11,0.3,5,8,False,False,0.007407888271624863,0.007542630026976971,-0.00013474175535210797
11,0.3,5,9,False,False,0.004919780766944326,0.00511855096050251,-0.00019877019355818426
11,0.3,5,10,False,False,0.004050397799482797,0.00438427232116978,-0.00033387452168698317
11,0.3,5,11,False,False,0.011906746095474485,0.012375465914842954,-0.0004687198193684683
11,0.3,6,7,False,False,0.14940306802448045,0.14949928242656685,-9.621440208640308e-05
11,0.3,6,8,False,False,0.034875060709296246,0.03563527519607712,-0.0007602144867808747
11,0.3,6,9,False,False,0.025898804856667068,0.02757004167312571,-0.0016712368164586433
11,0.3,6,10,False,False,0.01377867253728593,0.015000322824106238,-0.0012216502868203083
11,0.3,6,11,False,False,0.009856871808578749,0.010524098326439413,-0.000667226517860664
11,0.3,7,8,False,False,0.18365814926835444,0.18718185297099932,-0.003523703702644876
11,0.3,7,9,False,False,0.08491768106513975,0.09112512050998078,-0.006207439444841034
11,0.3,7,10,False,False,0.04193221417345594,0.04574574820573685,-0.0038135340322809075
11,0.3,7,11,False,False,0.007301547014800791,0.007896185837596548,-0.0005946388227957566
11,0.3,8,9,False,False,0.2593928133996022,0.2756102305193451,-0.016217417119742894
11,0.3,8,10,False,False,0.04827291049371385,0.052331045722508795,-0.004058135228794946
11,0.3,8,11,False,False,0.008026020612256435,0.008115821995268169,-8.98013830117339e-05
11,0.3,9,10,False,False,0.1501947770058809,0.15521131692269519,-0.005016539916814278
11,0.3,9,11,False,False,0.028538089371741515,0.02947189025553265,-0.000933800883791136
11,0.3,10,11,False,False,0.15238937823924736,0.1524661739445181,-7.679570527074908e-05
