geometry,laplacian,N_actual,target_dim,t,Z,ds
interval,unnormalized_rescaled,64,1,1.611220406999722e-05,61.76033903072764,0.07325731498860003
interval,unnormalized_rescaled,64,1,1.7116922124406323e-05,61.62364885203964,0.0755294038898171
interval,unnormalized_rescaled,64,1,1.8184291965279285e-05,61.47881097528799,0.08021370372327397
interval,unnormalized_rescaled,64,1,1.9318220406403212e-05,61.32536451424415,0.08518678096646681
interval,unnormalized_rescaled,64,1,2.0522857881018503e-05,61.162825682917784,0.09046620741385425
interval,unnormalized_rescaled,64,1,2.1802613633338426e-05,60.99068707432708,0.0960705929307295
interval,unnormalized_rescaled,64,1,2.3162171857375058e-05,60.80841697666273,0.10201964244032524
interval,unnormalized_rescaled,64,1,2.4606508842143345e-05,60.61545873815322,0.10833421540279176
interval,unnormalized_rescaled,64,1,2.6140911185998595e-05,60.411230193496586,0.11503638779075231
interval,unnormalized_rescaled,64,1,2.777099514677617e-05,60.195123166435216,0.12214951654544848
interval,unnormalized_rescaled,64,1,2.950272719855861e-05,59.96650306492043,0.12969830647101332
interval,unnormalized_rescaled,64,1,3.1342445870313454e-05,59.72470858734951,0.13770887949173982
interval,unnormalized_rescaled,64,1,3.32968849463355e-05,59.46905156056347,0.14620884615942487
interval,unnormalized_rescaled,64,1,3.537319811341244e-05,59.19881693267009,0.15522737925134322
interval,unnormalized_rescaled,64,1,3.757898514492822e-05,58.91326294630193,0.1647952892436848
interval,unnormalized_rescaled,64,1,3.992231971774358e-05,58.611621520627956,0.17494510137953512
interval,unnormalized_rescaled,64,1,4.24117789636701e-05,58.29309887329694,0.18571113397203476
interval,unnormalized_rescaled,64,1,4.5056474863702536e-05,57.95687641648523,0.19712957748900806
interval,unnormalized_rescaled,64,1,4.786608759991956e-05,57.60211196432333,0.20923857385513145
interval,unnormalized_rescaled,64,1,5.08509009871283e-05,57.22794129215106,0.2220782952761624
interval,unnormalized_rescaled,64,1,5.402184011394053e-05,56.83348009125171,0.23569102173368606
interval,unnormalized_rescaled,64,1,5.7390511331055234e-05,56.417826365882725,0.2501212161151187
interval,unnormalized_rescaled,64,1,6.0969244733113697e-05,55.98006332247669,0.26541559572621054
interval,unnormalized_rescaled,64,1,6.47711392896202e-05,55.51926280373799,0.28162319867576
interval,unnormalized_rescaled,64,1,6.88101107901183e-05,55.03448932289185,0.2987954433196762
interval,unnormalized_rescaled,64,1,7.3100942779111e-05,54.52480475541393,0.31698617859223077
interval,unnormalized_rescaled,64,1,7.765934066716061e-05,53.989273747014224,0.3362517226300241
interval,unnormalized_rescaled,64,1,8.250198921622512e-05,53.426969897274006,0.3566508865956024
interval,unnormalized_rescaled,64,1,8.764661360964127e-05,52.836982777909355,0.3782449800187777
interval,unnormalized_rescaled,64,1,9.311204433028384e-05,52.21842584289986,0.4010977932793196
interval,unnormalized_rescaled,64,1,9.891828608437013e-05,51.570445284375936,0.4252755520374052
interval,unnormalized_rescaled,64,1,0.00010508659102318591,50.89222988287077,0.45084683745244547
interval,unnormalized_rescaled,64,1,0.00011163953653074108,50.18302189294146,0.47788246489571407
interval,unnormalized_rescaled,64,1,0.00011860110786207536,49.442128994846286,0.5064553125238263
interval,unnormalized_rescaled,64,1,0.00012599678593468863,48.668937329500366,0.5366400895070882
interval,unnormalized_rescaled,64,1,0.00013385364059443228,47.86292561686899,0.5685130318579681
interval,unnormalized_rescaled,64,1,0.00014220042969723668,47.02368033683929,0.6021515116367908
interval,unnormalized_rescaled,64,1,0.00015106770436933378,46.150911925987444,0.6376335427731021
interval,unnormalized_rescaled,64,1,0.00016048792083125406,45.244471913112115,0.6750371637773682
interval,unnormalized_rescaled,64,1,0.00017049555919489647,44.30437088058055,0.714439674168986
interval,unnormalized_rescaled,64,1,0.00018112724966849627,43.33079709716921,0.7559166974508145
interval,unnormalized_rescaled,64,1,0.00019242190663143003,42.32413562105947,0.7995410388576119
interval,unnormalized_rescaled,64,1,0.00020442087106959915,41.284987619044514,0.8453813008421349
interval,unnormalized_rescaled,64,1,0.0002171680618927413,40.21418959014726,0.8935002133011807
interval,unnormalized_rescaled,64,1,0.0002307101366875219,39.11283211939616,0.9439526288773976
interval,unnormalized_rescaled,64,1,0.00024509666249479994,37.982277721512425,0.9967831263476796
interval,unnormalized_rescaled,64,1,0.0002603802972361505,36.82417726626196,1.0520231572521297
interval,unnormalized_rescaled,64,1,0.0002766169824537065,35.640484409317196,1.1096876627859302
interval,unnormalized_rescaled,64,1,0.00029386614806879,34.433467387381114,1.1697710800188048
interval,unnormalized_rescaled,64,1,0.00031219092990879705,33.20571747747151,1.23224264945123
interval,unnormalized_rescaled,64,1,0.0003316584007985317,31.960153371792618,1.2970409308973032
interval,unnormalized_rescaled,64,1,0.000352339816061837,30.700020686406717,1.3640674333995548
interval,unnormalized_rescaled,64,1,0.0003743108743321144,29.428885809505662,1.4331792698072405
interval,unnormalized_rescaled,64,1,0.0003976519946263534,28.15062330956784,1.504180761308561
interval,unnormalized_rescaled,64,1,0.0004224486106968299,26.869396171511937,1.5768139464757382
interval,unnormalized_rescaled,64,1,0.00044879148373786214,25.589628216604055,1.6507479998378045
interval,unnormalized_rescaled,64,1,0.0004767770345922064,24.31596819542701,1.7255676452335678
interval,unnormalized_rescaled,64,1,0.000506507696673034,23.053245227831585,1.8007607700005295
interval,unnormalized_rescaled,64,1,0.0005380922908932744,21.806415502992735,1.875705620245185
interval,unnormalized_rescaled,64,1,0.0005716464239746413,20.580500447629742,1.949658199042183
interval,unnormalized_rescaled,64,1,0.0006072929115942474,19.380516918996406,2.0217408116679323
interval,unnormalized_rescaled,64,1,0.0006451622279176172,18.211400375147335,2.090933113485171
interval,unnormalized_rescaled,64,1,0.0006853929831634911,17.077922407022687,2.1560675142416557
interval,unnormalized_rescaled,64,1,0.0007281324309484144,15.984604468244424,2.215831353430019
interval,unnormalized_rescaled,64,1,0.0007735370072681076,14.935630086418803,2.2687788259492123
interval,unnormalized_rescaled,64,1,0.0008217729030884109,13.934758255611886,2.3133560950169496
interval,unnormalized_rescaled,64,1,0.0008730166726416126,12.985241059862041,2.3479432028594687
interval,unnormalized_rescaled,64,1,0.0009274558796546691,12.08974882492737,2.370916029959794
interval,unnormalized_rescaled,64,1,0.0009852897838746448,11.25030620160027,2.380730357866341
interval,unnormalized_rescaled,64,1,0.001046730070404225,10.468242512657037,2.3760277625405095
interval,unnormalized_rescaled,64,1,0.0011120016245168216,9.744159416879072,2.355759432117125
interval,unnormalized_rescaled,64,1,0.0011813433547872782,9.077918438476901,2.3193191871300414
interval,unnormalized_rescaled,64,1,0.001255009067551007,8.468650175195787,2.266671588186341
interval,unnormalized_rescaled,64,1,0.0013332683958922876,7.914786049828786,2.198456247033107
interval,unnormalized_rescaled,64,1,0.001416407786562026,7.414112347249149,2.1160470143007615
interval,unnormalized_rescaled,64,1,0.0015047315484373153,6.963845045855033,2.02154638872835
interval,unnormalized_rescaled,64,1,0.0015985629663604,6.56072269419163,1.917702426769928
interval,unnormalized_rescaled,64,1,0.0016982454844339404,6.20111340326369,1.8077473347167192
interval,unnormalized_rescaled,64,1,0.0018041439631037062,5.881131033869886,1.6951716145075402
interval,unnormalized_rescaled,64,1,0.0019166460146299066,5.596754963977679,1.5834613657762944
interval,unnormalized_rescaled,64,1,0.0020361634218352773,5.343947514256314,1.4758350152367896
interval,unnormalized_rescaled,64,1,0.0021631336453228744,5.1187632495384765,1.3750165080998578
interval,unnormalized_rescaled,64,1,0.0022980214246803047,4.917444975778637,1.2830745129316767
interval,unnormalized_rescaled,64,1,0.0024413204795311924,4.7365022803894465,1.2013437789858301
interval,unnormalized_rescaled,64,1,0.0025935553166600957,4.572769830834672,1.130429412504462
interval,unnormalized_rescaled,64,1,0.0027552831498253547,4.423444219063851,1.070281522204418
interval,unnormalized_rescaled,64,1,0.0029270959392868274,4.286099754787886,1.0203191228552946
interval,unnormalized_rescaled,64,1,0.0031096225585136345,4.158685097203147,0.9795791965886416
interval,unnormalized_rescaled,64,1,0.003303531096002573,4.039503817206226,0.9468685999991919
interval,unnormalized_rescaled,64,1,0.0035095313006323204,3.927182784581427,0.9209014010618368
interval,unnormalized_rescaled,64,1,0.003728377179504047,3.8206326183098906,0.9004104389404013
interval,unnormalized_rescaled,64,1,0.003960869757777061,3.7190043290981882,0.8842279900296965
interval,unnormalized_rescaled,64,1,0.004207860010601131,3.6216457885311333,0.8713354968155151
interval,unnormalized_rescaled,64,1,0.0044702519778770135,3.52806089224855,0.860885959877713
interval,unnormalized_rescaled,64,1,0.004749006073245904,3.4378733823012015,0.8522047447307735
interval,unnormalized_rescaled,64,1,0.00504514259941947,3.350796391944827,0.8447753677772702
interval,unnormalized_rescaled,64,1,0.005359745482717365,3.266607986299805,0.8382165736558633
interval,unnormalized_rescaled,64,1,0.005693966240481433,3.1851323674214576,0.832256031369603
interval,unnormalized_rescaled,64,1,0.006049028195888296,3.1062260213267368,0.8267046004215111
interval,unnormalized_rescaled,64,1,0.006426230955587437,3.02976789684754,0.8214336598017518
interval,unnormalized_rescaled,64,1,0.0068269551665539685,2.955652683181107,0.8163566916561997
interval,unnormalized_rescaled,64,1,0.007252667569567212,2.8837863423471886,0.8114153145693734
interval,unnormalized_rescaled,64,1,0.007704926367811982,2.8140832018378847,0.806569319243124
interval,unnormalized_rescaled,64,1,0.008185386930252884,2.7464640782906344,0.8017899433869573
interval,unnormalized_rescaled,64,1,0.008695807850657152,2.6808550557110724,0.7970555552445102
interval,unnormalized_rescaled,64,1,0.009238057384443573,2.6171866663658427,0.7923490024189555
interval,unnormalized_rescaled,64,1,0.009814120286917685,2.5553933148756696,0.7876560401676986
interval,unnormalized_rescaled,64,1,0.01042610507792279,2.4954128492728485,0.7829644205686517
interval,unnormalized_rescaled,64,1,0.011076251759497018,2.437186223109669,0.7782633669828929
interval,unnormalized_rescaled,64,1,0.01176694001478481,2.380657216874374,0.7735432647859195
interval,unnormalized_rescaled,64,1,0.012500697918212672,2.325772200722519,0.7687954707994695
interval,unnormalized_rescaled,64,1,0.013280211188810462,2.2724799280531967,0.7640121878131403
interval,unnormalized_rescaled,64,1,0.014108333020547289,2.2207313534887962,0.7591863757226225
interval,unnormalized_rescaled,64,1,0.01498809452566348,2.1704794709864195,0.7543116843451898
interval,unnormalized_rescaled,64,1,0.015922715829223406,2.121679169021807,0.7493823999428653
interval,unnormalized_rescaled,64,1,0.016915617855497774,2.0742871005112318,0.7443934010127542
interval,unnormalized_rescaled,64,1,0.017970434849316208,2.0282615656042733,0.7393401207834476
interval,unnormalized_rescaled,64,1,0.019091027678221045,1.9835624057976735,0.7342185150836151
interval,unnormalized_rescaled,64,1,0.020281497964111356,1.9401509080313237,0.7290250353922207
interval,unnormalized_rescaled,64,1,0.021546203096101883,1.8979897175435971,0.723756608236954
interval,unnormalized_rescaled,64,1,0.022889772179547747,1.8570427582855678,0.7184106236608834
interval,unnormalized_rescaled,64,1,0.024317122979611614,1.8172751596359091,0.7129849366738821
interval,unnormalized_rescaled,64,1,0.025833479921390748,1.7786531880806304,0.7074778850339456
interval,unnormalized_rescaled,64,1,0.02744439321248841,1.7411441825730167,0.7018883218668464
interval,unnormalized_rescaled,64,1,0.029155759158022546,1.7047164927422502,0.6962156491051505
interval,unnormalized_rescaled,64,1,0.03097384174242922,1.6693394203735379,0.6904598140441536
interval,unnormalized_rescaled,64,1,0.032905295557055236,1.6349831670973964,0.6846211947344543
interval,unnormalized_rescaled,64,1,0.034957190157459635,1.6016187953621055,0.678700252836288
interval,unnormalized_rescaled,64,1,0.03713703593957788,1.5692182155454975,0.6726967836141204
interval,unnormalized_rescaled,64,1,0.03945281162946089,1.537754218921225,0.666608557602145
interval,unnormalized_rescaled,64,1,0.04191299348720766,1.5072005828016128,0.6604291477867026
interval,unnormalized_rescaled,64,1,0.04452658633198448,1.4775322784916909,0.65414479052777
interval,unnormalized_rescaled,64,1,0.047303156501689224,1.4487258122866118,0.6477302510896745
interval,unnormalized_rescaled,64,1,0.05025286686790076,1.4207597224373811,0.6411438540403234
interval,unnormalized_rescaled,64,1,0.05338651403427541,1.3936152395826076,0.6343220741205711
interval,unnormalized_rescaled,64,1,0.05671556785454587,1.367277095011643,0.6271743251411532
interval,unnormalized_rescaled,64,1,0.06025221341476665,1.3417344326579324,0.6195787818410272
interval,unnormalized_rescaled,64,1,0.06400939563347081,1.3169817510786972,0.6113801706828443
interval,unnormalized_rescaled,64,1,0.06800086664298456,1.2930197761226239,0.6023904306835792
interval,unnormalized_rescaled,64,1,0.07224123612532592,1.2698561488395737,0.5923929575481743
interval,unnormalized_rescaled,64,1,0.07674602478692814,1.2475058106602213,0.5811508141873487
interval,unnormalized_rescaled,64,1,0.08153172116791797,1.2259909811132899,0.5684188550184532
interval,unnormalized_rescaled,64,1,0.08661584199388206,1.2053406518973502,0.5539592265034532
interval,unnormalized_rescaled,64,1,0.09201699629102437,1.1855895619502685,0.5375592376954592
interval,unnormalized_rescaled,64,1,0.09775495349938933,1.1667766662059758,0.5190502063602911
interval,unnormalized_rescaled,64,1,0.1038507158334606,1.1489431598440842,0.4983256323609617
interval,unnormalized_rescaled,64,1,0.11032659515499188,1.132130163859493,0.47535696738819766
interval,unnormalized_rescaled,64,1,0.11720629463944121,1.1163762115348825,0.4502053549149152
interval,unnormalized_rescaled,64,1,0.12451499553492706,1.101714695446499,0.42302800019210274
interval,unnormalized_rescaled,64,1,0.13227944933126182,1.0881714396169744,0.3940782692471707
interval,unnormalized_rescaled,64,1,0.14052807567642428,1.0757625520288023,0.3636991616859284
interval,unnormalized_rescaled,64,1,0.14929106639886594,1.0644926912429453,0.3323103952211356
interval,unnormalized_rescaled,64,1,0.1586004960163965,1.0543538506410342,0.30038991570492535
interval,unnormalized_rescaled,64,1,0.16849043913613632,1.0453247284273823,0.26845114401582326
interval,unnormalized_rescaled,64,1,0.1789970951752454,1.0373707142622728,0.23701764078117982
interval,unnormalized_rescaled,64,1,0.19015892085893565,1.0304444868088587,0.20659707863417764
interval,unnormalized_rescaled,64,1,0.20201677098073823,1.0244871823089476,0.1776564453435559
interval,unnormalized_rescaled,64,1,0.21461404794024064,1.0194300636629634,0.1506002635500598
interval,unnormalized_rescaled,64,1,0.2279968606056352,1.0151965931725975,0.125753323231307
interval,unnormalized_rescaled,64,1,0.24221419308255118,1.011704790940627,0.10334901278909078
interval,unnormalized_rescaled,64,1,0.25731808400690526,1.0088697459825196,0.08352384411287372
interval,unnormalized_rescaled,64,1,0.27336381701801526,1.0066061396884343,0.06631824208784988
interval,unnormalized_rescaled,64,1,0.29041012310916164,1.0048306426683529,0.05168315785624638
interval,unnormalized_rescaled,64,1,0.30851939559623703,1.0034640570962146,0.039491613866890846
interval,unnormalized_rescaled,64,1,0.3277579184913221,1.00243309748987,0.02955393740595613
interval,unnormalized_rescaled,64,1,0.3481961091170839,1.00167173232569,0.021635217972097387
interval,unnormalized_rescaled,64,1,0.36990877585002185,1.0011220446445757,0.015473449685124032
interval,unnormalized_rescaled,64,1,0.3929753919359582,1.0007346084304256,0.010796895278348281
interval,unnormalized_rescaled,64,1,0.41748038638000007,1.0004684149401213,0.007339420117601329
interval,unnormalized_rescaled,64,1,0.4435134529756956,1.000290415190094,0.0048528653896712315
interval,unnormalized_rescaled,64,1,0.47116987860450044,1.0001747679423094,0.003115918859062033
interval,unnormalized_rescaled,64,1,0.5005508920072043,1.0001018945092823,0.0019393507195224929
interval,unnormalized_rescaled,64,1,0.5317640343038997,1.0000574418904955,0.0011678600645632295
interval,unnormalized_rescaled,64,1,0.56492355261868,1.0000312452849587,0.0006790786692036984
interval,unnormalized_rescaled,64,1,0.6001508182498183,1.000016362518532,0.0003804704796196754
interval,unnormalized_rescaled,64,1,0.6375747709160342,1.0000082299543351,0.00020493382946301794
interval,unnormalized_rescaled,64,1,0.6773323907048704,1.000003965828275,0.00010586657220657857
interval,unnormalized_rescaled,64,1,0.7195691994506388,1.000001825992788,5.231840375001966e-05
interval,unnormalized_rescaled,64,1,0.7644397933770778,1.0000008010506423,2.466790140930714e-05
interval,unnormalized_rescaled,64,1,0.8121084089543162,1.0000003338157477,1.1065054577082135e-05
interval,unnormalized_rescaled,64,1,0.8627495240413097,1.0000001317188663,4.707668722752528e-06
interval,unnormalized_rescaled,64,1,0.916548496514063,1.0000000490461265,1.8936421151930235e-06
interval,unnormalized_rescaled,64,1,0.9737022427171643,1.0000000171713659,7.177197601377175e-07
interval,unnormalized_rescaled,64,1,1.0344199582219145,1.0000000056308476,2.553958300081128e-07
interval,unnormalized_rescaled,64,1,1.0989238835291892,1.0000000017223263,8.499982571082185e-08
interval,unnormalized_rescaled,64,1,1.1674501175196785,1.0000000004891596,2.635198607199502e-08
interval,unnormalized_rescaled,64,1,1.2402494816289151,1.0000000001282796,7.57789720096435e-09
interval,unnormalized_rescaled,64,1,1.3175884379101657,1.0000000000307683,2.012349728240443e-09
interval,unnormalized_rescaled,64,1,1.3997500643455028,1.0000000000065514,4.914117548454691e-10
interval,unnormalized_rescaled,64,1,1.487035090974912,1.0000000000010425,1.1012926780651359e-10
interval,unnormalized_rescaled,64,1,1.579763000635917,0.9999999999998896,2.29145375069698e-11
interval,unnormalized_rescaled,64,1,1.6782731983426344,0.9999999999996564,4.8380232974296355e-12
interval,unnormalized_rescaled,64,1,1.7829262535845078,0.999999999999597,1.4884813710986165e-12
interval,unnormalized_rescaled,64,1,1.8941052200917665,0.9999999999995663,9.654022209591948e-13
interval,unnormalized_rescaled,64,1,2.0122170378982704,0.9999999999995386,9.36036373933849e-13
interval,unnormalized_rescaled,64,1,2.1376940228336,0.9999999999995097,9.837558753501126e-13
interval,unnormalized_rescaled,64,1,2.270995448896268,0.9999999999994791,1.0424875694008962e-12
interval,unnormalized_rescaled,64,1,2.412609229299893,0.9999999999994467,1.1067253597689463e-12
interval,unnormalized_rescaled,64,1,2.5630537023453526,0.9999999999994121,1.1764692464542484e-12
interval,unnormalized_rescaled,64,1,2.7228795286555925,0.9999999999993755,1.2113411897969003e-12
interval,unnormalized_rescaled,128,1,4.423895472674319e-06,123.32984755316755,0.07663767165229164
interval,unnormalized_rescaled,128,1,4.718690262931269e-06,123.02535605906894,0.07918083407598431
interval,unnormalized_rescaled,128,1,5.033129271479413e-06,122.70148414674523,0.0844351911865715
interval,unnormalized_rescaled,128,1,5.368521528617204e-06,122.35706261563394,0.09003660796577151
interval,unnormalized_rescaled,128,1,5.726263294396733e-06,121.9908605463349,0.09600777865111354
interval,unnormalized_rescaled,128,1,6.107843871346326e-06,121.60158328400485,0.1023728481409023
interval,unnormalized_rescaled,128,1,6.514851804534962e-06,121.18787054842173,0.10915749973980837
interval,unnormalized_rescaled,128,1,6.948981494790052e-06,120.74829470948936,0.11638904742736145
interval,unnormalized_rescaled,128,1,7.412040252599647e-06,120.28135927259396,0.12409653274794152
interval,unnormalized_rescaled,128,1,7.905955822065012e-06,119.78549762444209,0.13231082639426006
interval,unnormalized_rescaled,128,1,8.43278440622626e-06,119.25907209683616,0.14106473452314106
interval,unnormalized_rescaled,128,1,8.994719227170995e-06,118.70037341329494,0.1503931098005893
interval,unnormalized_rescaled,128,1,9.594099656562357e-06,118.10762059151527,0.1603329671200271
interval,unnormalized_rescaled,128,1,1.0233420954597191e-05,117.47896138339453,0.17092360387337635
interval,unnormalized_rescaled,128,1,1.0915344657938645e-05,116.81247334367244,0.18220672457304943
interval,unnormalized_rescaled,128,1,1.1642709659868525e-05,116.10616562816698,0.19422656952563955
interval,unnormalized_rescaled,128,1,1.2418544028786984e-05,115.35798163300653,0.20703004713728035
interval,unnormalized_rescaled,128,1,1.3246077614260637e-05,114.56580259709834,0.22066686928386048
interval,unnormalized_rescaled,128,1,1.41287554930991e-05,113.72745230118555,0.2351896890022971
interval,unnormalized_rescaled,128,1,1.507025231143645e-05,112.840703008043,0.25065423954262656
interval,unnormalized_rescaled,128,1,1.6074487582525162e-05,111.90328279939709,0.26711947356004373
interval,unnormalized_rescaled,128,1,1.7145642003927857e-05,110.91288447571921,0.2846477009110231
interval,unnormalized_rescaled,128,1,1.8288174862036545e-05,109.86717619473359,0.30330472313615076
interval,unnormalized_rescaled,128,1,1.9506842596375484e-05,108.76381403281738,0.3231599622533281
interval,unnormalized_rescaled,128,1,2.0806718600972306e-05,107.60045665985584,0.34428658092957676
interval,unnormalized_rescaled,128,1,2.2193214345231172e-05,106.37478232184122,0.366761590431949
interval,unnormalized_rescaled,128,1,2.3672101902236435e-05,105.08450832572105,0.39066594194980553
interval,unnormalized_rescaled,128,1,2.5249537978272917e-05,103.72741321673148,0.41608459590869984
interval,unnormalized_rescaled,128,1,2.6932089543599615e-05,102.30136182854879,0.44310656272185156
interval,unnormalized_rescaled,128,1,2.8726761171179305e-05,100.80433336976992,0.47182490700781443
interval,unnormalized_rescaled,128,1,3.0641024197177e-05,99.23445268503723,0.5023367055957095
interval,unnormalized_rescaled,128,1,3.26828478246246e-05,97.59002479396224,0.5347429475745145
interval,unnormalized_rescaled,128,1,3.486073229973759e-05,95.86957276415636,0.5691483621548343
interval,unnormalized_rescaled,128,1,3.718374429899994e-05,94.07187891433294,0.6056611571069084
interval,unnormalized_rescaled,128,1,3.9661554674335344e-05,92.19602926776179,0.6443926469144969
interval,unnormalized_rescaled,128,1,4.230447871350059e-05,90.24146108352281,0.6854567454154363
interval,unnormalized_rescaled,128,1,4.5123519083307745e-05,88.20801318136284,0.7289692924364601
interval,unnormalized_rescaled,128,1,4.813041163445055e-05,86.09597864412422,0.7750471776016354
interval,unnormalized_rescaled,128,1,5.1337674258624004e-05,83.90615932875656,0.8238072168982882
interval,unnormalized_rescaled,128,1,5.4758659001331294e-05,81.63992144258876,0.8753647284949579
interval,unnormalized_rescaled,128,1,5.840760764732877e-05,79.29925124647876,0.9298317434761145
interval,unnormalized_rescaled,128,1,6.229971101011365e-05,76.88680973256896,0.9873147743197421
interval,unnormalized_rescaled,128,1,6.645117217228079e-05,74.4059848950821,1.047912048843827
interval,unnormalized_rescaled,128,1,7.087927394002316e-05,71.86093997325654,1.1117100997587812
interval,unnormalized_rescaled,128,1,7.560245079259063e-05,69.25665580378808,1.1787795797650915
interval,unnormalized_rescaled,128,1,8.064036562624292e-05,66.59896518629208,1.2491701493851224
interval,unnormalized_rescaled,128,1,8.601399161217997e-05,63.89457695258248,1.3229042598068261
interval,unnormalized_rescaled,128,1,9.174569950923553e-05,61.15108725533412,1.399969626898688
interval,unnormalized_rescaled,128,1,9.7859350794819e-05,58.37697547352883,1.4803101670624201
interval,unnormalized_rescaled,128,1,0.00010438039700181723,55.58158209348743,1.5638151439612358
interval,unnormalized_rescaled,128,1,0.00011133598567500222,52.77506599020033,1.6503062627215996
interval,unnormalized_rescaled,128,1,0.00011875507338804702,49.968338730481705,1.7395224533789388
interval,unnormalized_rescaled,128,1,0.00012666854629164953,47.17297387353963,1.8311021209592937
interval,unnormalized_rescaled,128,1,0.00013510934869461098,44.40108978014845,1.92456272456716
interval,unnormalized_rescaled,128,1,0.00014411262021316322,41.66520517817477,2.0192777091133323
interval,unnormalized_rescaled,128,1,0.00015371584205950496,38.97806768109456,2.1144510876336255
interval,unnormalized_rescaled,128,1,0.0001639589930785567,36.35245661672652,2.209090407184192
interval,unnormalized_rescaled,128,1,0.00017488471618252373,33.80096287900761,2.3019794843039065
interval,unnormalized_rescaled,128,1,0.00018653849587614915,31.335750029395893,2.391653227591675
interval,unnormalized_rescaled,128,1,0.0001989688476117008,28.968302485888184,2.47637812358537
interval,unnormalized_rescaled,128,1,0.00021222751976199473,26.70916826021537,2.5541435540434634
interval,unnormalized_rescaled,128,1,0.0002263697090522786,24.56770522490841,2.6226709504893932
interval,unnormalized_rescaled,128,1,0.0002414542903478333,22.55184117551068,2.679449618916692
interval,unnormalized_rescaled,128,1,0.00025754406175391515,20.66785884614571,2.7218093661834786
interval,unnormalized_rescaled,128,1,0.0002747060060484016,18.92021737965105,2.7470399737631013
interval,unnormalized_rescaled,128,1,0.0002930115695355081,17.311421396526036,2.752564906912987
interval,unnormalized_rescaled,128,1,0.00031253695948145607,15.84194762879406,2.736170104363161
interval,unnormalized_rescaled,128,1,0.0003333634613703409,14.51023701548479,2.6962773525501973
interval,unnormalized_rescaled,128,1,0.000355577777300955,13.312757199678984,2.6322359840012197
interval,unnormalized_rescaled,128,1,0.0003792723869333338,12.244136620504218,2.544589138969343
interval,unnormalized_rescaled,128,1,0.0004045459324876716,11.297367060913277,2.4352571304678605
interval,unnormalized_rescaled,128,1,0.0004315036293983791,10.46406690421324,2.3075780711724576
interval,unnormalized_rescaled,128,1,0.00046025770433286443,9.734792871600806,2.1661614430753744
interval,unnormalized_rescaled,128,1,0.000490927862398541,9.099384120244418,2.016545064054341
interval,unnormalized_rescaled,128,1,0.000523641785483071,8.547319744750709,1.864692706665835
interval,unnormalized_rescaled,128,1,0.0005585356638024743,8.068069354495451,1.716413400835286
interval,unnormalized_rescaled,128,1,0.0005957547628699623,7.651416777864813,1.5768073340257835
interval,unnormalized_rescaled,128,1,0.0006354540282458372,7.287739163568009,1.4498371322546255
interval,unnormalized_rescaled,128,1,0.0006777987305860621,6.968227667297554,1.3380894506174563
interval,unnormalized_rescaled,128,1,0.000722965153674887,6.685041146282508,1.2427436435997876
interval,unnormalized_rescaled,128,1,0.0007711413283058472,6.431390245146985,1.1637191117903143
interval,unnormalized_rescaled,128,1,0.0008225278150663404,6.2015552254496775,1.0999436681802806
interval,unnormalized_rescaled,128,1,0.0008773385392845615,5.990846132063048,1.049676219244592
interval,unnormalized_rescaled,128,1,0.0009358016816147265,5.795517772845575,1.010824755721707
interval,unnormalized_rescaled,128,1,0.0009981606279681633,5.61265410346129,0.9812178376511298
interval,unnormalized_rescaled,128,1,0.0010646749827448914,5.440036837590217,0.9588073042262693
interval,unnormalized_rescaled,128,1,0.0011356216495838273,5.276011629815567,0.9417969795168908
interval,unnormalized_rescaled,128,1,0.0012112959841308715,5.1193624438797505,0.9287044048117217
interval,unnormalized_rescaled,128,1,0.0012920130236239143,4.969201313280049,0.9183697357447116
interval,unnormalized_rescaled,128,1,0.001378108798413596,4.82487723630029,0.9099285752071182
interval,unnormalized_rescaled,128,1,0.001469941730879788,4.685904935151152,0.9027647836876085
interval,unnormalized_rescaled,128,1,0.0015678941275675611,4.551911976073427,0.8964564308287422
interval,unnormalized_rescaled,128,1,0.0016723737707545125,4.422601407792925,0.8907241698006345
interval,unnormalized_rescaled,128,1,0.0017838156160752316,4.29772655569519,0.8853873883659169
interval,unnormalized_rescaled,128,1,0.0019026836032702526,4.177074710930686,0.8803301969992248
interval,unnormalized_rescaled,128,1,0.0020294725875977505,4.06045693321756,0.8754770055537975
interval,unnormalized_rescaled,128,1,0.002164710399948556,3.947701818927336,0.8707761560736529
interval,unnormalized_rescaled,128,1,0.0023089600442409183,3.838651707805251,0.8661896367211597
interval,unnormalized_rescaled,128,1,0.002462822041242896,3.733160319854258,0.861687011960484
interval,unnormalized_rescaled,128,1,0.0026269369285798474,3.6310911973847713,0.8572420827194733
interval,unnormalized_rescaled,128,1,0.0028019879273347504,3.5323165852333447,0.8528312247701031
interval,unnormalized_rescaled,128,1,0.002988703786342559,3.4367165427647284,0.8484327236810785
interval,unnormalized_rescaled,128,1,0.003187861816019602,3.344178175645798,0.8440266877523399
interval,unnormalized_rescaled,128,1,0.003400291124358014,3.2545949292665064,0.8395952823371076
interval,unnormalized_rescaled,128,1,0.003626876068556913,3.1678659168254524,0.8351231170537687
interval,unnormalized_rescaled,128,1,0.003868559936659666,3.083895274025677,0.83059766156466
interval,unnormalized_rescaled,128,1,0.004126348874524109,3.0025915444178075,0.8260095897883915
interval,unnormalized_rescaled,128,1,0.004401316074474013,2.9238671069808433,0.8213529721071957
interval,unnormalized_rescaled,128,1,0.00469460624306942,2.8476376613373926,0.8166252581706281
interval,unnormalized_rescaled,128,1,0.0050074403665954,2.773821786352994,0.8118270213489804
interval,unnormalized_rescaled,128,1,0.005341120794108368,2.7023405851090407,0.8069614680037578
interval,unnormalized_rescaled,128,1,0.00569703665920099,2.6331174239783612,0.8020337466672665
interval,unnormalized_rescaled,128,1,0.006076669663056764,2.566077766671986,0.7970501194175057
interval,unnormalized_rescaled,128,1,0.006481600242869644,2.5011490967520333,0.7920170761162222
interval,unnormalized_rescaled,128,1,0.006913514151308138,2.4382609153315755,0.7869404790260273
interval,unnormalized_rescaled,128,1,0.007374209474414697,2.377344795470967,0.7818248198755438
interval,unnormalized_rescaled,128,1,0.007865604117156278,2.3183344717945484,0.7766726550698948
interval,unnormalized_rescaled,128,1,0.008389743787789034,2.261165943362298,0.7714842606083234
interval,unnormalized_rescaled,128,1,0.008948810514276513,2.205777569705583,0.7662575205448636
interval,unnormalized_rescaled,128,1,0.009545131728215726,2.152110143711063,0.7609880357364389
interval,unnormalized_rescaled,128,1,0.010181189954088149,2.1001069300448734,0.7556694166526547
interval,unnormalized_rescaled,128,1,0.010859633144172659,2.0497136633184847,0.7502937075561018
interval,unnormalized_rescaled,128,1,0.011583285702145174,2.0008785055217464,0.7448518807402298
interval,unnormalized_rescaled,128,1,0.012355160241257188,1.9535519668112555,0.7393343392707088
interval,unnormalized_rescaled,128,1,0.013178470126043089,1.9076867971056617,0.7337313746503646
interval,unnormalized_rescaled,128,1,0.014056642849768371,1.8632378578249598,0.7280335408996326
interval,unnormalized_rescaled,128,1,0.014993334303309727,1.8201619834351435,0.7222319260919328
interval,unnormalized_rescaled,128,1,0.015992443994869533,1.7784178413934482,0.7163183217156792
interval,unnormalized_rescaled,128,1,0.017058131283885336,1.7379657971199487,0.7102853024367146
interval,unnormalized_rescaled,128,1,0.018194832696716998,1.698767788578651,0.7041262254984719
interval,unnormalized_rescaled,128,1,0.019407280396198115,1.6607872140514572,0.6978351322186782
interval,unnormalized_rescaled,128,1,0.02070052188194156,1.6239888379419078,0.6914064798434012
interval,unnormalized_rescaled,128,1,0.022079941003412658,1.5883387239041533,0.6848345547122543
interval,unnormalized_rescaled,128,1,0.023551280373249064,1.5538042124657276,0.6781123337543145
interval,unnormalized_rescaled,128,1,0.02512066527413542,1.5203539705729987,0.6712295004865307
interval,unnormalized_rescaled,128,1,0.02679462915875837,1.4879581505810855,0.6641693226838195
interval,unnormalized_rescaled,128,1,0.028580140849000436,1.4565887022135235,0.6569041990757594
interval,unnormalized_rescaled,128,1,0.030484633547604324,1.426219878409809,0.6493899028043257
interval,unnormalized_rescaled,128,1,0.032516035783085574,1.3968289609566087,0.6415588801418224
interval,unnormalized_rescaled,128,1,0.03468280441671868,1.3683972028051685,0.6333133559072754
interval,unnormalized_rescaled,128,1,0.03699395984900752,1.3409109429235109,0.6245193699080893
interval,unnormalized_rescaled,128,1,0.03945912357220678,1.3143628021666534,0.6150031225740826
interval,unnormalized_rescaled,128,1,0.042088558225227606,1.2887528237885222,0.6045510526645526
interval,unnormalized_rescaled,128,1,0.044893210317679205,1.2640893899253522,0.5929148503134161
interval,unnormalized_rescaled,128,1,0.04788475580090941,1.2403897345468395,0.5798221220437978
interval,unnormalized_rescaled,128,1,0.051075648675758666,1.21767988943357,0.5649927244719732
interval,unnormalized_rescaled,128,1,0.054479172839385845,1.1959939431630766,0.5481599702643511
interval,unnormalized_rescaled,128,1,0.058109497387006825,1.1753725590610933,0.5290951098186358
interval,unnormalized_rescaled,128,1,0.061981735598770744,1.1558607774557517,0.5076328340400347
interval,unnormalized_rescaled,128,1,0.06611200785734102,1.137505208780511,0.4836951372722016
interval,unnormalized_rescaled,128,1,0.07051750875810912,1.1203507954118797,0.45731079895412674
interval,unnormalized_rescaled,128,1,0.07521657869142802,1.1044373719658283,0.4286280157019422
interval,unnormalized_rescaled,128,1,0.08022878019486468,1.089796280094052,0.3979183195599638
interval,unnormalized_rescaled,128,1,0.08557497939333233,1.0764472928823972,0.36557078220445294
interval,unnormalized_rescaled,128,1,0.09127743286614236,1.0643960780427089,0.33207651917237924
interval,unnormalized_rescaled,128,1,0.09735988030260948,1.0536323834862789,0.29800454052837644
interval,unnormalized_rescaled,128,1,0.10384764333194235,1.0441290703976638,0.2639709112903469
interval,unnormalized_rescaled,128,1,0.11076773093885228,1.0358420544883447,0.2306038731797378
interval,unnormalized_rescaled,128,1,0.11814895190373587,1.028711151550283,0.1985079625630507
interval,unnormalized_rescaled,128,1,0.12602203473552465,1.0226617630361097,0.1682302065281719
interval,unnormalized_rescaled,128,1,0.1344197555964913,1.017607284005962,0.14023120243754095
interval,unnormalized_rescaled,128,1,0.1433770747515712,1.013452071359487,0.11486333445754615
interval,unnormalized_rescaled,128,1,0.15293128211024856,1.0100947765663988,0.09235762697956858
interval,unnormalized_rescaled,128,1,0.16312215246690362,1.0074318260982267,0.0728198674609862
interval,unnormalized_rescaled,128,1,0.17399211108590176,1.0053608266222014,0.056235743219837334
interval,unnormalized_rescaled,128,1,0.18558641032076265,1.0037836826043165,0.04248391858032303
interval,unnormalized_rescaled,128,1,0.1979533180026877,1.002609242017114,0.031355310791692494
interval,unnormalized_rescaled,128,1,0.2111443183827199,1.0017553301756923,0.022576368501331674
interval,unnormalized_rescaled,128,1,0.22521432646407064,1.001150088768802,0.0158339552574172
interval,unnormalized_rescaled,128,1,0.24022191661689604,1.0007326010524802,0.0107995049403711
interval,unnormalized_rescaled,128,1,0.2562295664272545,1.000452847476016,0.0071504286307518365
interval,unnormalized_rescaled,128,1,0.273303916795413,1.0002710908581736,0.004587266046241503
interval,unnormalized_rescaled,128,1,0.29151604936630343,1.0001568298095724,0.002845716288000316
interval,unnormalized_rescaled,128,1,0.31094178244709064,1.0000874789729637,0.0017033614568490452
interval,unnormalized_rescaled,128,1,0.3316619866437772,1.0000469336804,0.000981517056596873
interval,unnormalized_rescaled,128,1,0.35376292153086464,1.0000241571473314,0.0005431206537919085
interval,unnormalized_rescaled,128,1,0.37733659475563763,1.0000118955900137,0.0002878483031387559
interval,unnormalized_rescaled,128,1,0.4024811450720617,1.0000055875935328,0.00014570933497488897
interval,unnormalized_rescaled,128,1,0.4293012508988773,1.000002495720241,7.023873343189775e-05
interval,unnormalized_rescaled,128,1,0.4579085661027502,1.000001056432987,3.214089523009572e-05
interval,unnormalized_rescaled,128,1,0.48842218482067123,1.0000004222875645,1.3914570033390559e-05
interval,unnormalized_rescaled,128,1,0.5209691372566893,1.0000001587946539,5.678809341577146e-06
interval,unnormalized_rescaled,128,1,0.5556849185170202,1.0000000559438642,2.176538402943132e-06
interval,unnormalized_rescaled,128,1,0.5927140526850903,1.0000000183847608,7.802563595614962e-07
interval,unnormalized_rescaled,128,1,0.6322106944848165,1.0000000056090272,2.6049486197626305e-07
interval,unnormalized_rescaled,128,1,0.6743392710368721,1.000000001580071,8.062429395284827e-08
interval,unnormalized_rescaled,128,1,0.7192751663796177,1.0000000004079026,2.3022194095442132e-08
interval,unnormalized_rescaled,128,1,0.7672054516044021,1.0000000000948945,6.035612466928949e-09
interval,unnormalized_rescaled,128,1,0.8183296636448323,1.0000000000185414,1.4469585853703316e-09
interval,unnormalized_rescaled,128,1,0.8728606359621746,1.0000000000015503,3.179257672377315e-10
interval,unnormalized_rescaled,128,1,0.9310253845850588,0.9999999999980318,6.656109310573983e-11
interval,unnormalized_rescaled,128,1,0.9930660531921613,0.9999999999972564,1.643203322408761e-11
interval,unnormalized_rescaled,128,1,1.0592409211722829,0.9999999999969718,7.761674679584415e-12
interval,unnormalized_rescaled,128,1,1.1298254788584516,0.9999999999967557,6.725637394195998e-12
interval,unnormalized_rescaled,128,1,1.205113574412319,0.9999999999965379,6.956250344766173e-12
interval,unnormalized_rescaled,128,1,1.2854186371334149,0.999999999996307,7.395103347715696e-12
interval,unnormalized_rescaled,128,1,1.3710749822859478,0.9999999999960608,7.883865123549898e-12
interval,unnormalized_rescaled,128,1,1.462439202875274,0.9999999999957984,8.408767734921416e-12
interval,unnormalized_rescaled,128,1,1.559891654168057,0.9999999999955184,8.969811181830244e-12
interval,unnormalized_rescaled,128,1,1.663838037136291,0.9999999999952197,9.258937866126881e-12
interval,unnormalized_rescaled,256,1,1.7276162143122584e-06,246.38783675985854,0.07909631330838406
interval,unnormalized_rescaled,256,1,1.849260142562228e-06,245.72570362471583,0.08187293418079378
interval,unnormalized_rescaled,256,1,1.979469193758774e-06,245.01905409171462,0.0876204945193848
interval,unnormalized_rescaled,256,1,2.1188464504572357e-06,244.26505308186086,0.09377019712481172
interval,unnormalized_rescaled,256,1,2.2680374591181075e-06,243.4607078626616,0.10034997629966824
interval,unnormalized_rescaled,256,1,2.4277332200513512e-06,242.60286269547737,0.10738967558610568
interval,unnormalized_rescaled,256,1,2.5986733878869235e-06,241.68819386294302,0.1149211733089146
interval,unnormalized_rescaled,256,1,2.7816496973950294e-06,240.71320519610052,0.12297851554990302
interval,unnormalized_rescaled,256,1,2.977509630523274e-06,239.67422423915897,0.1315980568449504
interval,unnormalized_rescaled,256,1,3.187160341635153e-06,238.56739921003708,0.14081860887580433
interval,unnormalized_rescaled,256,1,3.411572859130164e-06,237.38869693713644,0.1506815973997675
interval,unnormalized_rescaled,256,1,3.6517865829060654e-06,236.13390197720446,0.16123122762286357
interval,unnormalized_rescaled,256,1,3.908914098493816e-06,234.79861714569813,0.1725146581675716
interval,unnormalized_rescaled,256,1,4.184146330162679e-06,233.37826571972298,0.1845821837194137
interval,unnormalized_rescaled,256,1,4.478758056862812e-06,231.86809560429958,0.19748742634671146
interval,unnormalized_rescaled,256,1,4.794113816553278e-06,230.26318578522097,0.21128753537497857
interval,unnormalized_rescaled,256,1,5.131674226262184e-06,228.55845542580659,0.22604339555303454
interval,unnormalized_rescaled,256,1,5.493002747151387e-06,226.7486760000031,0.24181984306849813
interval,unnormalized_rescaled,256,1,5.879772925918994e-06,224.82848688992303,0.25868588874230625
interval,unnormalized_rescaled,256,1,6.2937761460793995e-06,222.7924149112353,0.276714947452092
interval,unnormalized_rescaled,256,1,6.736929925022037e-06,220.63489826377236,0.29598507248282147
interval,unnormalized_rescaled,256,1,7.211286795277919e-06,218.35031543594687,0.31657919307014026
interval,unnormalized_rescaled,256,1,7.719043811128772e-06,215.93301961838245,0.33858535286410074
interval,unnormalized_rescaled,256,1,8.262552724590267e-06,213.37737920247548,0.3620969463786423
interval,unnormalized_rescaled,256,1,8.844330877900644e-06,210.67782495089602,0.3872129496717207
interval,unnormalized_rescaled,256,1,9.467072862965086e-06,207.82890442627226,0.4140381404897937
interval,unnormalized_rescaled,256,1,1.0133663001758288e-05,204.8253442479329,0.44268330186163496
interval,unnormalized_rescaled,256,1,1.0847188705489875e-05,201.6621207104655,0.4732654015835891
interval,unnormalized_rescaled,256,1,1.1610954774408002e-05,198.33453923725813,0.5059077381337858
interval,unnormalized_rescaled,256,1,1.2428498704472345e-05,194.83832305182767,0.5407400411973242
interval,unnormalized_rescaled,256,1,1.3303607071791946e-05,191.16971132375375,0.5778985120721529
interval,unnormalized_rescaled,256,1,1.4240333070714729e-05,187.3255668781603,0.6175257856193213
interval,unnormalized_rescaled,256,1,1.5243015286798973e-05,183.30349334136793,0.6597707909547808
interval,unnormalized_rescaled,256,1,1.6316297791616606e-05,179.10196132400137,0.704788482542611
interval,unnormalized_rescaled,256,1,1.746515165246015e-05,174.72044291022956,0.7527394064812825
interval,unnormalized_rescaled,256,1,1.8694897956579232e-05,170.1595533224952,0.8037890582508709
interval,unnormalized_rescaled,256,1,2.001123245658618e-05,165.42119816104235,0.858106977609566
interval,unnormalized_rescaled,256,1,2.1420251951180047e-05,160.50872407496703,0.9158655132010267
interval,unnormalized_rescaled,256,1,2.292848252337514e-05,155.42707010778975,0.9772381731571471
interval,unnormalized_rescaled,256,1,2.4542909767023363e-05,150.1829162813843,1.0423974578287272
interval,unnormalized_rescaled,256,1,2.6271011141629733e-05,144.78482524884183,1.1115120458867551
interval,unnormalized_rescaled,256,1,2.8120790605316188e-05,139.24337207793056,1.184743174409732
interval,unnormalized_rescaled,256,1,3.0100815686342207e-05,133.5712564491928,1.2622400160874179
interval,unnormalized_rescaled,256,1,3.2220257164884195e-05,127.78339080339782,1.3441338111511243
interval,unnormalized_rescaled,256,1,3.448893154886529e-05,121.8969573002263,1.4305304569713826
interval,unnormalized_rescaled,256,1,3.691734654057022e-05,115.93142591387156,1.5215011936559932
interval,unnormalized_rescaled,256,1,3.951674970462775e-05,109.9085256639614,1.617070949394659
interval,unnormalized_rescaled,256,1,4.229918056277719e-05,103.8521609450199,1.717203826234254
interval,unnormalized_rescaled,256,1,4.52775263567007e-05,97.78826526643616,1.821785119711052
interval,unnormalized_rescaled,256,1,4.846558173719685e-05,91.74458554342644,1.9305991834472422
interval,unnormalized_rescaled,256,1,5.187811265615429e-05,85.75039148118694,2.0433023895608073
interval,unnormalized_rescaled,256,1,5.553092475725005e-05,79.83610665088202,2.1593904274616023
interval,unnormalized_rescaled,256,1,5.9440936582135855e-05,74.03286062511596,2.278159276864983
interval,unnormalized_rescaled,256,1,6.36262579311756e-05,68.37196504171028,2.398659464088688
interval,unnormalized_rescaled,256,1,6.810627374167496e-05,62.8843206630582,2.5196437824853817
interval,unnormalized_rescaled,256,1,7.290173387209714e-05,57.59976728790992,2.6395096979336543
interval,unnormalized_rescaled,256,1,7.803484920811274e-05,52.546393560329356,2.756239394499673
interval,unnormalized_rescaled,256,1,8.35293945356165e-05,47.74982901614914,2.86734311153603
interval,unnormalized_rescaled,256,1,8.94108186571763e-05,43.232545718741875,2.969815334441236
interval,unnormalized_rescaled,256,1,9.570636226194286e-05,39.01320107845678,3.060118626940259
interval,unnormalized_rescaled,256,1,0.00010244518409494582,35.10605636957482,3.1342161136020223
interval,unnormalized_rescaled,256,1,0.00010965849601015123,31.520506473937814,3.1876796728648884
interval,unnormalized_rescaled,256,1,0.00011737970753279767,28.260754945476336,3.2159042417936092
interval,unnormalized_rescaled,256,1,0.00012564458060057337,25.325664173637925,3.214454969264686
interval,unnormalized_rescaled,256,1,0.0001344913952003414,22.708803001995754,3.1795576169145576
interval,unnormalized_rescaled,256,1,0.00014396112666758244,20.398703706230773,3.108708605913158
interval,unnormalized_rescaled,256,1,0.00015409763546974568,18.379327204827312,3.001329500451611
interval,unnormalized_rescaled,256,1,0.00016494787035251687,16.630720636124607,2.859332370046168
interval,unnormalized_rescaled,256,1,0.00017656208578990462,15.129836260912175,2.6874221672979814
interval,unnormalized_rescaled,256,1,0.00018899407474530025,13.851466631684211,2.492972718341555
interval,unnormalized_rescaled,256,1,0.0002023014178215741,12.769239848616706,2.2853962823598977
interval,unnormalized_rescaled,256,1,0.00021654574995418904,11.856612148531848,2.0750711361806253
interval,unnormalized_rescaled,256,1,0.00023179304588255572,11.087794321945045,1.872043447743394
interval,unnormalized_rescaled,256,1,0.00024811392572183415,10.438554144109988,1.6848061455119918
interval,unnormalized_rescaled,256,1,0.0002655839820504846,9.886848886702627,1.5194323594608505
interval,unnormalized_rescaled,256,1,0.00028428413002851903,9.4132588387526,1.379216992532072
interval,unnormalized_rescaled,256,1,0.0003043009821680786,9.001212537725598,1.264819670110274
interval,unnormalized_rescaled,256,1,0.0003257272494921467,8.637014449402885,1.1747759234150656
interval,unnormalized_rescaled,256,1,0.00034866217093941764,8.30970336748903,1.1061892331479015
interval,unnormalized_rescaled,256,1,0.00037321197300417596,8.010782456078616,1.055430784340313
interval,unnormalized_rescaled,256,1,0.00039949036174008104,7.733868126973423,1.0187275634335542
interval,unnormalized_rescaled,256,1,0.00042761904940663553,7.474304498801924,0.9925816512773338
interval,unnormalized_rescaled,256,1,0.00045772831819759107,7.228783904273482,0.9740143359764026
interval,unnormalized_rescaled,256,1,0.0004899576236622734,6.99500363311779,0.9606609095508034
interval,unnormalized_rescaled,256,1,0.0005244562406146648,6.771377146727045,0.9507569137883358
interval,unnormalized_rescaled,256,1,0.000561383954521874,6.5568066320624645,0.9430586540062649
interval,unnormalized_rescaled,256,1,0.0006009118015742525,6.350514680452202,0.9367348392056947
interval,unnormalized_rescaled,256,1,0.0006432228608649047,6.1519269555000164,0.9312563224791646
interval,unnormalized_rescaled,256,1,0.0006885131023476976,5.960594981218621,0.9263002497138082
interval,unnormalized_rescaled,256,1,0.0007369922945011988,5.776148024869711,0.9216756600749143
interval,unnormalized_rescaled,256,1,0.0007888849759025325,5.598264542117394,0.9172709163923258
interval,unnormalized_rescaled,256,1,0.0008444314952111442,5.426655871163988,0.9130195440019264
interval,unnormalized_rescaled,256,1,0.0009038891243793052,5.261057103215126,0.9088796762294251
interval,unnormalized_rescaled,256,1,0.0009675332502453584,5.101221914869696,0.904822530184628
interval,unnormalized_rescaled,256,1,0.001035658650028758,4.946919487616596,0.9008263350508976
interval,unnormalized_rescaled,256,1,0.0011085808566345303,4.797932500276181,0.896873284304398
interval,unnormalized_rescaled,256,1,0.0011866376200907723,4.654055680110825,0.8929480434124244
interval,unnormalized_rescaled,256,1,0.0012701904718880675,4.5150946637110305,0.8890370095964215
interval,unnormalized_rescaled,256,1,0.0013596263994662642,4.380865049097514,0.8851279206444431
interval,unnormalized_rescaled,256,1,0.0014553596386042624,4.251191580724276,0.8812096245803573
interval,unnormalized_rescaled,256,1,0.0015578335920145422,4.125907436013485,0.877271926618775
interval,unnormalized_rescaled,256,1,0.0016675228830286635,4.004853594236575,0.8733054769571886
interval,unnormalized_rescaled,256,1,0.0017849355538856978,3.887878274460824,0.8693016830470768
interval,unnormalized_rescaled,256,1,0.0019106154188053071,3.7748364325152854,0.8652526383545052
interval,unnormalized_rescaled,256,1,0.0020451445827440484,3.665589308963829,0.8611510631821275
interval,unnormalized_rescaled,256,1,0.002189146137500911,3.5600040215012045,0.8569902547592783
interval,unnormalized_rescaled,256,1,0.002343287047659518,3.4579531962650787,0.8527640446557712
interval,unnormalized_rescaled,256,1,0.002508281239733627,3.35931463340265,0.8484667620829747
interval,unnormalized_rescaled,256,1,0.0026848929088237813,3.2639710029104596,0.8440932019846414
interval,unnormalized_rescaled,256,1,0.0028739400581004088,3.171809567321562,0.8396385970636508
interval,unnormalized_rescaled,256,1,0.0030762982875069643,3.082721928273282,0.8350985930739974
interval,unnormalized_rescaled,256,1,0.0032929048492310736,2.9966037943718793,0.8304692268472831
interval,unnormalized_rescaled,256,1,0.003524762988727235,2.91335476809292,0.8257469066324141
interval,unnormalized_rescaled,256,1,0.0037729465913971,2.832878149729799,0.8209283944129613
interval,unnormalized_rescaled,256,1,0.004038605156449165,2.7550807566367244,0.8160107899336104
interval,unnormalized_rescaled,256,1,0.004322969120975068,2.6798727562137565,0.8109915162203727
interval,unnormalized_rescaled,256,1,0.0046273555589016555,2.607167511255939,0.8058683064207184
interval,unnormalized_rescaled,256,1,0.004953174281214476,2.536881436440444,0.8006391918217499
interval,unnormalized_rescaled,256,1,0.005301934365706687,2.468933864858904,0.7953024909294761
interval,unnormalized_rescaled,256,1,0.005675251146496925,2.403246923619319,0.7898567995109254
interval,unnormalized_rescaled,256,1,0.006074853695689167,2.339745417645679,0.784300981514491
interval,unnormalized_rescaled,256,1,0.006502592831826911,2.2783567208955824,0.7786341607938354
interval,unnormalized_rescaled,256,1,0.0069604496922340735,2.219010674298143,0.7728557135674841
interval,unnormalized_rescaled,256,1,0.007450544908946717,2.161639489787803,0.7669652615506255
interval,unnormalized_rescaled,256,1,0.007975148430735204,2.10617765987524,0.760962665698738
interval,unnormalized_rescaled,256,1,0.008536690036708962,2.052561872255283,0.7548480205057153
interval,unnormalized_rescaled,256,1,0.009137770590199275,2.000730929004248,0.748621648800027
interval,unnormalized_rescaled,256,1,0.009781174085043988,1.950625669966371,0.7422840969610309
interval,unnormalized_rescaled,256,1,0.010469880540068319,1.902188899974092,0.7358361303305934
interval,unnormalized_rescaled,256,1,0.01120707980148462,1.8553653196029594,0.7292787279613133
interval,unnormalized_rescaled,256,1,0.011996186317138734,1.8101014592725628,0.7226130737158787
interval,unnormalized_rescaled,256,1,0.012840854951032172,1.7663456167896108,0.7158405348193853
interval,unnormalized_rescaled,256,1,0.013744997911367515,1.7240477991584424,0.7089626049958957
interval,unnormalized_rescaled,256,1,0.014712802870521591,1.6831596711648404,0.7019807609466051
interval,unnormalized_rescaled,256,1,0.015748752360871875,1.6436345166459654,0.6948961313650148
interval,unnormalized_rescaled,256,1,0.01685764453631089,1.6054272243981487,0.687708804095867
interval,unnormalized_rescaled,256,1,0.018044615395608376,1.5684943199626793,0.6804165074379966
interval,unnormalized_rescaled,256,1,0.019315162570552293,1.5327940766921895,0.6730123216179305
interval,unnormalized_rescaled,256,1,0.020675170789046637,1.4982867523867611,0.6654810511600298
interval,unnormalized_rescaled,256,1,0.022130939131102773,1.4649350070557257,0.6577939742760108
interval,unnormalized_rescaled,256,1,0.023689210203963706,1.4327045569189285,0.6499019284521586
interval,unnormalized_rescaled,256,1,0.02535720137149078,1.4015651033587833,0.6417271033636771
interval,unnormalized_rescaled,256,1,0.027142638182456092,1.3714915392258142,0.6331544465826395
interval,unnormalized_rescaled,256,1,0.029053790152568884,1.3424653795686057,0.6240241353156817
interval,unnormalized_rescaled,256,1,0.031099509065965213,1.3144762966760164,0.6141269770447386
interval,unnormalized_rescaled,256,1,0.033289269973560964,1.287523573238049,0.603204720245436
interval,unnormalized_rescaled,256,1,0.03563321507815686,1.2616172385066993,0.5909569769863849
interval,unnormalized_rescaled,256,1,0.03814220070955682,1.2367786355502073,0.5770557608412128
interval,unnormalized_rescaled,256,1,0.04082784760727148,1.2130401926043555,0.5611676038156639
interval,unnormalized_rescaled,256,1,0.04370259474369891,1.1904442392061312,0.5429819974267054
interval,unnormalized_rescaled,256,1,0.04677975693707199,1.1690408100526675,0.5222437174701255
interval,unnormalized_rescaled,256,1,0.05007358652101665,1.1488845006146235,0.49878565569352395
interval,unnormalized_rescaled,256,1,0.053599339356351076,1.130030558772523,0.47255827346057067
interval,unnormalized_rescaled,256,1,0.05737334549087053,1.112530496942692,0.4436518225694972
interval,unnormalized_rescaled,256,1,0.061413084794388506,1.0964275745688805,0.4123080697228507
interval,unnormalized_rescaled,256,1,0.06573726791934953,1.081752523730782,0.37891934573191943
interval,unnormalized_rescaled,256,1,0.07036592296199376,1.0685198708886134,0.3440141695743336
interval,unnormalized_rescaled,256,1,0.07532048822545946,1.056725151901539,0.3082302657169139
interval,unnormalized_rescaled,256,1,0.08062391151446688,1.0463432359978357,0.272277274858153
interval,unnormalized_rescaled,256,1,0.0863007564214834,1.037327879147455,0.23689264712394592
interval,unnormalized_rescaled,256,1,0.0923773160966497,1.0296125288853761,0.20279495051257984
interval,unnormalized_rescaled,256,1,0.09888173502840819,1.023112309036918,0.1706390481881198
interval,unnormalized_rescaled,256,1,0.10584413939888147,1.0177270292699803,0.14097729558690264
interval,unnormalized_rescaled,256,1,0.11329677661775754,1.013344994412715,0.11423014803593812
interval,unnormalized_rescaled,256,1,0.12127416468095634,1.0098473349838115,0.09066846570577615
interval,unnormalized_rescaled,256,1,0.12981325204585348,1.007112546738079,0.07040849866365775
interval,unnormalized_rescaled,256,1,0.13895358876354727,1.0050209170012583,0.05341918655955718
interval,unnormalized_rescaled,256,1,0.1487375096607921,1.0034585324013807,0.039540168425254395
interval,unnormalized_rescaled,256,1,0.15921033042003643,1.0023206074969884,0.028507904318560557
interval,unnormalized_rescaled,256,1,0.17042055746573395,1.0015139444300925,0.01998666720333937
interval,unnormalized_rescaled,256,1,0.18242011262905133,1.0009584234721263,0.013600932950456652
interval,unnormalized_rescaled,256,1,0.1952645736315393,1.000587522609015,0.008965890384865326
interval,unnormalized_rescaled,256,1,0.2090134315016029,1.0003479581267527,0.005713369473478245
interval,unnormalized_rescaled,256,1,0.2237303661160319,1.0001986145008819,0.0035113498323795294
interval,unnormalized_rescaled,256,1,0.23948354114280837,1.0001089804533934,0.0020762274415019005
interval,unnormalized_rescaled,256,1,0.25634591975125487,1.0000573234947128,0.0011780251386452366
interval,unnormalized_rescaled,256,1,0.27439560255178796,1.0000288184617643,0.0006395763291627163
interval,unnormalized_rescaled,256,1,0.2937161893304924,1.000013803198187,0.0003312706985097888
interval,unnormalized_rescaled,256,1,0.31439716625394476,1.000006277384719,0.00016316669299255756
interval,unnormalized_rescaled,256,1,0.33653432033767927,1.0000027007408154,7.6163682005474e-05
interval,unnormalized_rescaled,256,1,0.3602301830979773,1.0000010949534495,3.356924032750211e-05
interval,unnormalized_rescaled,256,1,0.38559450544180746,1.0000004165824599,1.3915990536165574e-05
interval,unnormalized_rescaled,256,1,0.4127447659944488,1.0000001480658833,5.403225863438477e-06
interval,unnormalized_rescaled,256,1,0.4418067152191881,1.000000048930198,1.9562462914551276e-06
interval,unnormalized_rescaled,256,1,0.47291495784926413,1.0000000149568327,6.572937526397968e-07
interval,unnormalized_rescaled,256,1,0.5062135763296736,1.0000000042058996,2.039177338291177e-07
interval,unnormalized_rescaled,256,1,0.5418567981564151,1.00000000108164,5.809698150130485e-08
interval,unnormalized_rescaled,256,1,0.5800097102040347,1.0000000002528016,1.511253328283085e-08
interval,unnormalized_rescaled,256,1,0.6208490233499998,1.0000000000533367,3.567096913317346e-09
interval,unnormalized_rescaled,256,1,0.6645638909373682,1.0000000000100853,7.589410291305532e-10
interval,unnormalized_rescaled,256,1,0.7113567848665848,1.000000000001696,1.445215026845996e-10
interval,unnormalized_rescaled,256,1,0.7614444333741482,1.0000000000002516,2.4445335575113098e-11
interval,unnormalized_rescaled,256,1,0.8150588248416284,1.0000000000000326,3.645099430973363e-12
interval,unnormalized_rescaled,256,1,0.872448282284298,1.0000000000000036,4.731776342803905e-13
interval,unnormalized_rescaled,256,1,0.933878613496053,1.0000000000000004,5.221270447232016e-14
interval,unnormalized_rescaled,256,1,0.9996343421776811,1.0,6.526588059039669e-15
interval,unnormalized_rescaled,256,1,1.0700200257506234,1.0,-0.0
interval,unnormalized_rescaled,256,1,1.1453616659599073,1.0,-0.0
interval,unnormalized_rescaled,256,1,1.2260082187996284,1.0,-0.0
interval,unnormalized_rescaled,256,1,1.3123332107544556,1.0,-0.0
interval,unnormalized_rescaled,512,1,5.520568484660696e-07,492.1124479584652,0.0820488964270374
interval,unnormalized_rescaled,512,1,5.928900926350483e-07,490.67393319931284,0.08507699006842984
interval,unnormalized_rescaled,512,1,6.36743594290183e-07,489.1339205597252,0.09135616870058527
interval,unnormalized_rescaled,512,1,6.838407487425317e-07,487.48563596909844,0.09809766894736072
interval,unnormalized_rescaled,512,1,7.344214748827622e-07,485.7219123857601,0.10533535246756287
interval,unnormalized_rescaled,512,1,7.88743437358466e-07,483.83517628349927,0.11310553211775698
interval,unnormalized_rescaled,512,1,8.470833591506277e-07,481.8174352879273,0.12144714454566952
interval,unnormalized_rescaled,512,1,9.09738431235656e-07,479.6602673237369,0.13040193408461676
interval,unnormalized_rescaled,512,1,9.77027826513998e-07,477.3548116910322,0.1400146485296574
interval,unnormalized_rescaled,512,1,1.0492943257174485e-06,474.8917625523302,0.15033324736901932
interval,unnormalized_rescaled,512,1,1.1269060635777707e-06,472.26136538183243,0.16140912303251298
interval,unnormalized_rescaled,512,1,1.2102584041518058e-06,469.4534170052995,0.17329733569012262
interval,unnormalized_rescaled,512,1,1.2997759548562356e-06,466.45726994230586,0.18605686209268413
interval,unnormalized_rescaled,512,1,1.3959147294717163e-06,463.26184185260865,0.19975085888391675
interval,unnormalized_rescaled,512,1,1.4991644711350435e-06,459.8556309843298,0.2144469407258356
interval,unnormalized_rescaled,512,1,1.610051147152931e-06,456.2267386227803,0.23021747346041366
interval,unnormalized_rescaled,512,1,1.729139628346332e-06,452.3628996437539,0.2471398823722808
interval,unnormalized_rescaled,512,1,1.857036566574175e-06,448.25152238212155,0.2652969754092567
interval,unnormalized_rescaled,512,1,1.99439348509505e-06,443.8797391330195,0.284777280947452
interval,unnormalized_rescaled,512,1,2.141910097509486e-06,439.2344687054684,0.30567539933971943
interval,unnormalized_rescaled,512,1,2.300337872189979e-06,434.30249254249446,0.32809236704218847
interval,unnormalized_rescaled,512,1,2.470483860356368e-06,429.07054600221056,0.3521360315453137
interval,unnormalized_rescaled,512,1,2.653214807297338e-06,423.5254264539217,0.37792143461746264
interval,unnormalized_rescaled,512,1,2.849461567681069e-06,417.654119873696,0.4055712004555403
interval,unnormalized_rescaled,512,1,3.0602238474472496e-06,411.4439476147743,0.4352159241846181
interval,unnormalized_rescaled,512,1,3.2865752964361574e-06,404.8827349675845,0.46699455468842643
interval,unnormalized_rescaled,512,1,3.5296689776974256e-06,397.95900299786,0.5010547639118244
interval,unnormalized_rescaled,512,1,3.7907432413397543e-06,390.6621849432696,0.5375532924446276
interval,unnormalized_rescaled,512,1,4.071128032843785e-06,382.98286814086,0.5766562582533652
interval,unnormalized_rescaled,512,1,4.372251667973368e-06,374.913062029554,0.6185394116981513
interval,unnormalized_rescaled,512,1,4.6956481087976204e-06,366.446492202604,0.6633883152502023
interval,unnormalized_rescaled,512,1,5.042964777888667e-06,357.57891975234793,0.711398420334092
interval,unnormalized_rescaled,512,1,5.415970950501589e-06,348.3084842322777,0.7627750061068497
interval,unnormalized_rescaled,512,1,5.816566767487489e-06,338.6360674397023,0.817732935302601
interval,unnormalized_rescaled,512,1,6.246792914852422e-06,328.56567388046994,0.8764961699312437
interval,unnormalized_rescaled,512,1,6.7088410192712994e-06,318.10482220616956,0.9392969738771058
interval,unnormalized_rescaled,512,1,7.205064812512769e-06,307.2649401147189,1.0063747093310837
interval,unnormalized_rescaled,512,1,7.737992121647912e-06,296.0617531918414,1.0779741082747165
interval,unnormalized_rescaled,512,1,8.310337746122675e-06,284.5156559767175,1.1543428673454343
interval,unnormalized_rescaled,512,1,8.925017287291273e-06,272.65205121688933,1.2357283723461165
interval,unnormalized_rescaled,512,1,9.585162000860039e-06,260.50164092121577,1.3223733049280355
interval,unnormalized_rescaled,512,1,1.029413474790203e-05,248.10065054582935,1.4145098154878468
interval,unnormalized_rescaled,512,1,1.1055547125698637e-05,235.49096561623446,1.51235185937486
interval,unnormalized_rescaled,512,1,1.18732778656752e-05,222.72015850058247,1.6160851838238557
interval,unnormalized_rescaled,512,1,1.2751492592151948e-05,209.84138214878942,1.72585431599677
interval,unnormalized_rescaled,512,1,1.3694665042563572e-05,196.91310768175978,1.8417457337843928
interval,unnormalized_rescaled,512,1,1.4707599857246418e-05,183.99868406528952,1.9637661978102159
interval,unnormalized_rescaled,512,1,1.579545705488698e-05,171.1657010561528,2.091814986683147
interval,unnormalized_rescaled,512,1,1.696377831831291e-05,158.48514146991388,2.2256485179389642
interval,unnormalized_rescaled,512,1,1.8218515224529643e-05,146.03031584568922,2.364835581028373
interval,unnormalized_rescaled,512,1,1.9566059562810222e-05,133.87558192773974,2.5087012132514133
interval,unnormalized_rescaled,512,1,2.101327589528203e-05,122.09486304737496,2.656257224127259
interval,unnormalized_rescaled,512,1,2.2567536525878798e-05,110.75999325391838,2.806117713544296
interval,unnormalized_rescaled,512,1,2.4236759055794012e-05,99.93893241481847,2.9563989622255207
interval,unnormalized_rescaled,512,1,2.6029446716747406e-05,89.69391065743221,3.104605317868959
interval,unnormalized_rescaled,512,1,2.7954731687528254e-05,80.07957727644921,3.2475069147862214
interval,unnormalized_rescaled,512,1,3.002242161447476e-05,71.14124305272985,3.3810222366870093
interval,unnormalized_rescaled,512,1,3.224304957287093e-05,62.91331501170052,3.5001296950223093
interval,unnormalized_rescaled,512,1,3.4627927723771074e-05,55.41802703613054,3.598848062978334
interval,unnormalized_rescaled,512,1,3.7189204939585544e-05,48.66456654802168,3.6703445367555645
interval,unnormalized_rescaled,512,1,3.9939928691981076e-05,42.6486851467182,3.707246291844193
interval,unnormalized_rescaled,512,1,4.289411151735996e-05,37.35285878272843,3.70223514924875
interval,unnormalized_rescaled,512,1,4.6066802398501e-05,32.747030943468395,3.6489764279532295
interval,unnormalized_rescaled,512,1,4.947416342599071e-05,28.789931944642895,3.5433508056996956
interval,unnormalized_rescaled,512,1,5.31335521299669e-05,25.430921768348266,3.3848142258852505
interval,unnormalized_rescaled,512,1,5.706360990158322e-05,22.61225740779592,3.1775375858317503
interval,unnormalized_rescaled,512,1,6.128435695462487e-05,20.271643892320718,2.9308646512906122
interval,unnormalized_rescaled,512,1,6.581729431102258e-05,18.34489701214282,2.6586937366637713
interval,unnormalized_rescaled,512,1,7.06855133297902e-05,16.768530647687697,2.377698055948379
interval,unnormalized_rescaled,512,1,7.591381333734335e-05,15.48208632338767,2.1047563793995536
interval,unnormalized_rescaled,512,1,8.152882795841915e-05,14.430048307674175,1.8543260616878285
interval,unnormalized_rescaled,512,1,8.755916079114622e-05,13.563232117205164,1.6365252355504154
interval,unnormalized_rescaled,512,1,9.403553111740887e-05,12.839592115903475,1.4563747860999783
interval,unnormalized_rescaled,512,1,0.00010099093039077318,12.224456784527781,1.314185000796222
interval,unnormalized_rescaled,512,1,0.00010846079029914484,11.690258643122725,1.2067150227319416
interval,unnormalized_rescaled,512,1,0.00011648316325829049,11.215870822838546,1.128617074760264
interval,unnormalized_rescaled,512,1,0.00012509891625567956,10.785687548378942,1.07376625419176
interval,unnormalized_rescaled,512,1,0.0001343519390321133,10.388588939657788,1.0362536026694968
interval,unnormalized_rescaled,512,1,0.00014428936766164166,10.016913656955307,1.0109845295294626
interval,unnormalized_rescaled,512,1,0.0001549618246687165,9.66553184403003,0.9939312932044153
interval,unnormalized_rescaled,512,1,0.0001664236769057637,9.331073503484571,0.9821359271201864
interval,unnormalized_rescaled,512,1,0.00017873331250484084,9.011331766258932,0.9735660859437445
interval,unnormalized_rescaled,512,1,0.00019195343831420115,8.704832453820753,0.9669094392197337
interval,unnormalized_rescaled,512,1,0.00020615139933495008,8.410543807716325,0.961366311432986
interval,unnormalized_rescaled,512,1,0.00022139952178503843,8.127693133976226,0.9564741608004041
interval,unnormalized_rescaled,512,1,0.00023777548153821088,7.855658012584678,0.9519763254175828
interval,unnormalized_rescaled,512,1,0.0002553626998147772,7.593905340595207,0.9477334301847229
interval,unnormalized_rescaled,512,1,0.00027425076813991325,7.341958726108912,0.9436688069095389
interval,unnormalized_rescaled,512,1,0.0002945359047342746,7.099381485191433,0.939737569034321
interval,unnormalized_rescaled,512,1,0.0003163214446618439,6.865767675779582,0.9359103732557976
interval,unnormalized_rescaled,512,1,0.00033971836623187824,6.640737062302085,0.9321654348192254
interval,unnormalized_rescaled,512,1,0.00036484585633652343,6.423931953957339,0.928484790365637
interval,unnormalized_rescaled,512,1,0.00039183191760398865,6.215014951829175,0.9248525922318009
interval,unnormalized_rescaled,512,1,0.00042081402046020594,6.0136671705757845,0.9212543284252241
interval,unnormalized_rescaled,512,1,0.00045193980342064864,5.81958673890745,0.9176764641619783
interval,unnormalized_rescaled,512,1,0.0004853678251796972,5.632487484568805,0.9141062917736029
interval,unnormalized_rescaled,512,1,0.0005212683723287773,5.452097752282925,0.9105319017955651
interval,unnormalized_rescaled,512,1,0.0005598243268179008,5.2781593227196755,0.9069422347505487
interval,unnormalized_rescaled,512,1,0.0006012320975795643,5.110426411948432,0.9033271846293829
interval,unnormalized_rescaled,512,1,0.0006457026210608105,4.94866473961263,0.8996777232819824
interval,unnormalized_rescaled,512,1,0.0006934624357603034,4.7926506616701765,0.895986011364613
interval,unnormalized_rescaled,512,1,0.0007447548362442277,4.642170369662319,0.8922454623232241
interval,unnormalized_rescaled,512,1,0.0007998411125197357,4.49701916225885,0.8884507335805409
interval,unnormalized_rescaled,512,1,0.0008590018810794482,4.35700079565555,0.8845976329250931
interval,unnormalized_rescaled,512,1,0.0009225385143975381,4.221926917278548,0.8806829449123832
interval,unnormalized_rescaled,512,1,0.000990774676159412,4.091616582914968,0.8767041975090848
interval,unnormalized_rescaled,512,1,0.0010640579700456655,3.9658958521079786,0.8726593992040002
interval,unnormalized_rescaled,512,1,0.001142761710469406,3.844597451847621,0.8685467790783044
interval,unnormalized_rescaled,512,1,0.001227286824287326,3.7275604954020163,0.8643645570695
interval,unnormalized_rescaled,512,1,0.0013180638931720608,3.6146302421257244,0.8601107614006374
interval,unnormalized_rescaled,512,1,0.001415555347049962,3.5056578851279667,0.8557830986818722
interval,unnormalized_rescaled,512,1,0.0015202578197779063,3.400500356119106,0.8513788731431902
interval,unnormalized_rescaled,512,1,0.0016327046790592936,3.2990201396802554,0.8468949469821574
interval,unnormalized_rescaled,512,1,0.001753468743486906,3.201085091821087,0.8423277340537041
interval,unnormalized_rescaled,512,1,0.0018831652005536343,3.1065682595402726,0.8376732225222145
interval,unnormalized_rescaled,512,1,0.0020224547404957423,3.01534769911563,0.8329270262515109
interval,unnormalized_rescaled,512,1,0.0021720469219329167,2.9273062912719547,0.8280844673656063
interval,unnormalized_rescaled,512,1,0.0023327037864500407,2.842331551599273,0.8231406921112949
interval,unnormalized_rescaled,512,1,0.0025052437405338997,2.7603154350065706,0.8180908184895479
interval,unnormalized_rescaled,512,1,0.0026905457246398207,2.6811541338502867,0.8129301077850393
interval,unnormalized_rescaled,512,1,0.002889553690626084,2.6047478707263827,0.8076541447867651
interval,unnormalized_rescaled,512,1,0.0031032814103646397,2.5310006885886405,0.8022590055321928
interval,unnormalized_rescaled,512,1,0.0033328176400238933,2.459820242487972,0.796741389281781
interval,unnormalized_rescaled,512,1,0.003579331666330981,2.3911175983575266,0.7910986947678182
interval,unnormalized_rescaled,512,1,0.0038440792630669955,2.324807044497666,0.7853290294865012
interval,unnormalized_rescaled,512,1,0.004128409088138203,2.2608059205709568,0.7794311528485789
interval,unnormalized_rescaled,512,1,0.004433769553810859,2.1990344671452697,0.7734043659223051
interval,unnormalized_rescaled,512,1,0.004761716205107345,2.1394156965526765,0.7672483688115612
interval,unnormalized_rescaled,512,1,0.0051139196439502575,2.081875283623142,0.7609631093252371
interval,unnormalized_rescaled,512,1,0.005492174039420893,2.026341473192731,0.7545486435870163
interval,unnormalized_rescaled,512,1,0.005898406267484598,1.9727450004337945,0.74800502255788
interval,unnormalized_rescaled,512,1,0.006334685726741824,1.9210190199941215,0.7413322107828542
interval,unnormalized_rescaled,512,1,0.006803234880207657,1.871099040451574,0.734530037014828
interval,unnormalized_rescaled,512,1,0.007306440576820812,1.8229228614348045,0.7275981707952557
interval,unnormalized_rescaled,512,1,0.007846866210355533,1.7764305118024322,0.7205361119078688
interval,unnormalized_rescaled,512,1,0.008427264777675251,1.7315641886749378,0.7133431648314152
interval,unnormalized_rescaled,512,1,0.009050592902848572,1.6882681994615027,0.70601833844401
interval,unnormalized_rescaled,512,1,0.009720025898567951,1.6464889133886496,0.698560051190011
interval,unnormalized_rescaled,512,1,0.010438973941596194,1.6061747368205705,0.6909654266384306
interval,unnormalized_rescaled,512,1,0.011211099444640268,1.5672761390287235,0.6832288410819256
interval,unnormalized_rescaled,512,1,0.012040335713147193,1.529745771872668,0.6753392670218146
interval,unnormalized_rescaled,512,1,0.012930906982061775,1.4935387452964854,0.6672759092974614
interval,unnormalized_rescaled,512,1,0.013887349934616381,1.4586131342945605,0.6590017405424957
interval,unnormalized_rescaled,512,1,0.014914536812771877,1.4249307927184647,0.6504548853223122
interval,unnormalized_rescaled,512,1,0.016017700237037528,1.3924585251689376,0.6415383977866798
interval,unnormalized_rescaled,512,1,0.017202459862104762,1.3611696141374452,0.6321097517448031
interval,unnormalized_rescaled,512,1,0.01847485100408251,1.3310456174675414,0.6219721380746499
interval,unnormalized_rescaled,512,1,0.01984135538516446,1.3020782534596447,0.6108701991329024
interval,unnormalized_rescaled,512,1,0.021308934152345888,1.2742710990914141,0.598492886693109
interval,unnormalized_rescaled,512,1,0.022885063338390948,1.2476407664963358,0.5844855622856269
interval,unnormalized_rescaled,512,1,0.0245777719456939,1.2222172162485356,0.56847227039971
interval,unnormalized_rescaled,512,1,0.026395682847037687,1.1980429247050264,0.5500874736253989
interval,unnormalized_rescaled,512,1,0.02834805671160402,1.1751707432368772,0.5290147401638761
interval,unnormalized_rescaled,512,1,0.03044483917999889,1.1536604513496953,0.5050282718609111
interval,unnormalized_rescaled,512,1,0.03269671152861008,1.1335741847406946,0.4780320869064487
interval,unnormalized_rescaled,512,1,0.03511514508138651,1.114971081319001,0.4480913668598252
interval,unnormalized_rescaled,512,1,0.03771245964622066,1.0979016055445723,0.41545104668976784
interval,unnormalized_rescaled,512,1,0.04050188627361541,1.082402066709699,0.38053811542194005
interval,unnormalized_rescaled,512,1,0.043497634657337136,1.0684898353869725,0.3439461000374646
interval,unnormalized_rescaled,512,1,0.04671496552040166,1.0561596915292821,0.3064025086618515
interval,unnormalized_rescaled,512,1,0.0501702683551372,1.045381623275301,0.26872223979638693
interval,unnormalized_rescaled,512,1,0.053881144913340805,1.036100256403574,0.23175177184290124
interval,unnormalized_rescaled,512,1,0.0578664988718395,1.0282359483985286,0.19631006866999823
interval,unnormalized_rescaled,512,1,0.062146632130222534,1.0216874420062663,0.1631324392927052
interval,unnormalized_rescaled,512,1,0.06674334823129806,1.016335850168837,0.13282307704632518
interval,unnormalized_rescaled,512,1,0.07168006343111188,1.012049643370889,0.10582079619438085
interval,unnormalized_rescaled,512,1,0.07698192598433108,1.008690236707265,0.08238078215137405
interval,unnormalized_rescaled,512,1,0.08267594425265011,1.0061177327867739,0.06257321895052786
interval,unnormalized_rescaled,512,1,0.08879112428881757,1.004196373581711,0.04629770912594542
interval,unnormalized_rescaled,512,1,0.09535861759715618,1.0027992936183707,0.03331069639423932
interval,unnormalized_rescaled,512,1,0.10241187982328406,1.001812248387501,0.023261840961617444
interval,unnormalized_rescaled,512,1,0.10998684118142628,1.0011361090206579,0.015734621246855273
interval,unnormalized_rescaled,512,1,0.11812208948749227,1.000688053535742,0.010286407370843832
interval,unnormalized_rescaled,512,1,0.1268590667303154,1.0004015271343072,0.006483846323545815
interval,unnormalized_rescaled,512,1,0.13624228018240991,1.0002251678901286,0.003930502477369515
interval,unnormalized_rescaled,512,1,0.1463195291256746,1.000120981013661,0.0022851175790307736
interval,unnormalized_rescaled,512,1,0.15714214834700954,1.0000620830202607,0.001270346472057933
interval,unnormalized_rescaled,512,1,0.16876526964424615,1.000030324755465,0.0006731337195997796
interval,unnormalized_rescaled,512,1,0.18124810267453065,1.0000140477069839,0.0003388108364518758
interval,unnormalized_rescaled,512,1,0.19465423657584405,1.0000061474464217,0.0001613965132165003
interval,unnormalized_rescaled,512,1,0.2090519638981523,1.0000025306769913,7.247733169237324e-05
interval,unnormalized_rescaled,512,1,0.22451462849433731,1.0000009755896078,3.055275799635473e-05
interval,unnormalized_rescaled,512,1,0.2411209991431026,1.000000350489741,1.2035891542891254e-05
interval,unnormalized_rescaled,512,1,0.25895567080714504,1.0000001167318306,4.409472557860474e-06
interval,unnormalized_rescaled,512,1,0.2781094955706456,1.000000035838479,1.494611941396875e-06
interval,unnormalized_rescaled,512,1,0.2986800454513353,1.0000000100792852,4.661223101266209e-07
interval,unnormalized_rescaled,512,1,0.3207721094447514,1.0000000025769165,1.3296550735073134e-07
interval,unnormalized_rescaled,512,1,0.3444982273327009,1.0000000005911307,3.447968895610815e-08
interval,unnormalized_rescaled,512,1,0.3699792629752116,1.0000000001165144,8.080230859534474e-09
interval,unnormalized_rescaled,512,1,0.39734502000639915,1.0000000000145415,1.707802685622021e-09
interval,unnormalized_rescaled,512,1,0.42673490307067236,0.999999999994649,3.334029090099511e-10
interval,unnormalized_rescaled,512,1,0.45829862796771287,0.9999999999907505,7.137613446218552e-11
interval,unnormalized_rescaled,512,1,0.492196984323786,0.9999999999895557,2.847203898903792e-11
interval,unnormalized_rescaled,512,1,0.528602654674532,0.9999999999887188,2.3518215374794395e-11
interval,unnormalized_rescaled,512,1,0.5677010941317542,0.9999999999878775,2.4366153147986784e-11
interval,unnormalized_rescaled,512,1,0.6096914751153223,0.9999999999869801,2.607136378910563e-11
interval,unnormalized_rescaled,512,1,0.6547877019627986,0.9999999999860171,2.7989725760367077e-11
interval,unnormalized_rescaled,512,1,0.7032195005853165,0.9999999999849828,3.00605609458928e-11
interval,unnormalized_rescaled,512,1,0.7552335887205753,0.999999999983872,3.228231349655885e-11
interval,unnormalized_rescaled,512,1,0.8110949327443454,0.9999999999826792,3.3432086000021226e-11
interval,unnormalized_rescaled,1024,1,2.0014878155066467e-07,984.0078220229996,0.08269277468103187
interval,unnormalized_rescaled,1024,1,2.158031638498814e-07,980.9487611210282,0.0859217057892181
interval,unnormalized_rescaled,1024,1,2.326819337435242e-07,977.6614560562754,0.09263130044080015
interval,unnormalized_rescaled,1024,1,2.508808551494989e-07,974.1298008506635,0.0998639129549872
interval,unnormalized_rescaled,1024,1,2.705031820387117e-07,970.3367024436718,0.10766015560882636
interval,unnormalized_rescaled,1024,1,2.9166024426003074e-07,966.264045047163,0.11606376709502797
interval,unnormalized_rescaled,1024,1,3.144720791848106e-07,961.8926577933562,0.1251218483772334
interval,unnormalized_rescaled,1024,1,3.3906811275467984e-07,957.2022867595332,0.13488511543944526
interval,unnormalized_rescaled,1024,1,3.655878937966255e-07,952.1715726337618,0.14540816996186834
interval,unnormalized_rescaled,1024,1,3.9418188577158593e-07,946.7780354876068,0.15674978897664005
interval,unnormalized_rescaled,1024,1,4.250123204486651e-07,940.9980683453052,0.1689732345713395
interval,unnormalized_rescaled,1024,1,4.582541183483762e-07,934.8069414846566,0.18214658470645873
interval,unnormalized_rescaled,1024,1,4.940958811771961e-07,928.1788196726766,0.19634308619342278
interval,unnormalized_rescaled,1024,1,5.327409618841113e-07,921.0867948278944,0.21164153083631732
interval,unnormalized_rescaled,1024,1,5.744086184102914e-07,913.502936908824,0.22812665566520707
interval,unnormalized_rescaled,1024,1,6.193352576778076e-07,905.3983661510654,0.24588956807181717
interval,unnormalized_rescaled,1024,1,6.677757768753644e-07,896.7433501081935,0.26502819649111586
interval,unnormalized_rescaled,1024,1,7.200050096509695e-07,887.5074292863872,0.2856477670335664
interval,unnormalized_rescaled,1024,1,7.763192854167438e-07,877.6595754889992,0.30786130615102536
interval,unnormalized_rescaled,1024,1,8.3703811061275e-07,867.1683872910016,0.33179016898243674
interval,unnormalized_rescaled,1024,1,9.025059814687588e-07,856.0023273262718,0.35756459244913685
interval,unnormalized_rescaled,1024,1,9.730943385488414e-07,844.1300062700939,0.3853242714065459
interval,unnormalized_rescaled,1024,1,1.0492036741682108e-06,831.520518506437,0.41521895516451934
interval,unnormalized_rescaled,1024,1,1.1312658046389594e-06,818.1438344497597,0.44740906038856565
interval,unnormalized_rescaled,1024,1,1.2197463202366373e-06,803.971254302405,0.4820662947096821
interval,unnormalized_rescaled,1024,1,1.3151472267878155e-06,788.9759276220011,0.5193742831806105
interval,unnormalized_rescaled,1024,1,1.418009793866098e-06,773.1334423917392,0.5595291868832106
interval,unnormalized_rescaled,1024,1,1.5289176257561177e-06,756.4224862659592,0.6027402993167641
interval,unnormalized_rescaled,1024,1,1.6484999726091184e-06,738.8255812334347,0.6492306014366704
interval,unnormalized_rescaled,1024,1,1.7774353005763272e-06,720.3298910260619,0.6992372500302366
interval,unnormalized_rescaled,1024,1,1.9164551411757687e-06,700.9280981244192,0.7530119660853387
interval,unnormalized_rescaled,1024,1,2.066348241732419e-06,680.6193441000981,0.8108212793478202
interval,unnormalized_rescaled,1024,1,2.227965040439761e-06,659.4102232232888,0.8729465716182148
interval,unnormalized_rescaled,1024,1,2.402222491432568e-06,637.3158147064867,0.9396838434942509
interval,unnormalized_rescaled,1024,1,2.5901092672466097e-06,614.3607336343938,1.0113431058802291
interval,unnormalized_rescaled,1024,1,2.792691368182152e-06,590.5801745727643,1.0882472668626804
interval,unnormalized_rescaled,1024,1,3.0111181703966807e-06,566.0209151422603,1.1707303441080938
interval,unnormalized_rescaled,1024,1,3.2466289470414886e-06,540.7422396544875,1.2591347795937082
interval,unnormalized_rescaled,1024,1,3.500559899440652e-06,514.81673550459,1.3538075630167299
interval,unnormalized_rescaled,1024,1,3.7743517382047565e-06,488.3309077887629,1.4550947770750895
interval,unnormalized_rescaled,1024,1,4.069557857291792e-06,461.38555109786665,1.5633340546827839
interval,unnormalized_rescaled,1024,1,4.387853147391784e-06,434.0958123164802,1.6788442756797366
interval,unnormalized_rescaled,1024,1,4.731043498639087e-06,406.5908753737939,1.8019116168659934
interval,unnormalized_rescaled,1024,1,5.101076046567312e-06,379.01319923535243,1.9327707898326736
interval,unnormalized_rescaled,1024,1,5.500050219438446e-06,351.5172450848389,2.0715799396809587
interval,unnormalized_rescaled,1024,1,5.930229649624925e-06,324.2676387515523,2.218387217912692
interval,unnormalized_rescaled,1024,1,6.394055016625118e-06,297.436731051027,2.373086473073755
interval,unnormalized_rescaled,1024,1,6.894157894579134e-06,271.20154266312784,2.5353588272952976
interval,unnormalized_rescaled,1024,1,7.433375682850233e-06,245.74011190323972,2.7045961667747633
interval,unnormalized_rescaled,1024,1,8.014767704382905e-06,221.2273030389058,2.8798018876018148
interval,unnormalized_rescaled,1024,1,8.641632563173294e-06,197.83017857561754,3.059463872009019
interval,unnormalized_rescaled,1024,1,9.317526859332348e-06,175.70308897774618,3.2413951601759834
interval,unnormalized_rescaled,1024,1,1.004628536792355e-05,154.98268411902814,3.422540120561493
interval,unnormalized_rescaled,1024,1,1.083204279606306e-05,135.78309755809033,3.5987498034042673
interval,unnormalized_rescaled,1024,1,1.1679257241723444e-05,118.19159151269358,3.7645422262822663
interval,unnormalized_rescaled,1024,1,1.2592735487338236e-05,102.26497039076312,3.9128851357058068
interval,unnormalized_rescaled,1024,1,1.3577660271713229e-05,88.02706709897055,4.035073823583751
interval,unnormalized_rescaled,1024,1,1.4639619694976008e-05,75.46757323916432,4.120825233981755
interval,unnormalized_rescaled,1024,1,1.5784638923395768e-05,64.54241813013088,4.158762336905895
interval,unnormalized_rescaled,1024,1,1.7019214373955705e-05,55.17580240783538,4.137489512006226
interval,unnormalized_rescaled,1024,1,1.8350350572627957e-05,47.26386466255751,4.047401674564917
interval,unnormalized_rescaled,1024,1,1.9785599895471624e-05,40.67981461155738,3.883152653313111
interval,unnormalized_rescaled,1024,1,2.1333105418030358e-05,35.280219472390286,3.646303769351441
interval,unnormalized_rescaled,1024,1,2.3001647116141087e-05,30.912001229583513,3.3472082783510615
interval,unnormalized_rescaled,1024,1,2.480069168028004e-05,27.419612334302425,3.004998822429158
interval,unnormalized_rescaled,1024,1,2.6740446226074474e-05,24.65182439920247,2.6450085180397025
interval,unnormalized_rescaled,1024,1,2.8831916205713862e-05,22.467600095823745,2.294070821052685
interval,unnormalized_rescaled,1024,1,3.108696784882854e-05,20.740623481555502,1.9752843461666814
interval,unnormalized_rescaled,1024,1,3.351839548710196e-05,19.362226369790235,1.7041512660511415
interval,unnormalized_rescaled,1024,1,3.61399941445918e-05,18.24264404720777,1.4872377967261983
interval,unnormalized_rescaled,1024,1,3.896663780561095e-05,17.310730451280435,1.323255074320322
interval,unnormalized_rescaled,1024,1,4.20143638042313e-05,16.512427216214167,1.2055663237672576
interval,unnormalized_rescaled,1024,1,4.530046381420483e-05,15.808385566786885,1.124964898166013
interval,unnormalized_rescaled,1024,1,4.884358195554563e-05,15.171170889168375,1.0719305220308257
interval,unnormalized_rescaled,1024,1,5.26638205743937e-05,14.582439573221984,1.0380577918527152
interval,unnormalized_rescaled,1024,1,5.678285429631633e-05,14.030384364366046,1.0167044837978523
interval,unnormalized_rescaled,1024,1,6.122405300014291e-05,13.507625485192998,1.0030720270951008
interval,unnormalized_rescaled,1024,1,6.601261441004169e-05,13.009608923992442,0.9939577686719119
interval,unnormalized_rescaled,1024,1,7.117570705811754e-05,12.533482650770848,0.9873757393868132
interval,unnormalized_rescaled,1024,1,7.674262442864764e-05,12.077366882022487,0.9821769130806004
interval,unnormalized_rescaled,1024,1,8.274495115851178e-05,11.639914996825375,0.9777373761319623
interval,unnormalized_rescaled,1024,1,8.921674223677757e-05,11.22006824176117,0.9737353684615186
interval,unnormalized_rescaled,1024,1,9.61947162201548e-05,10.816927848992956,0.970009257035894
interval,unnormalized_rescaled,1024,1,0.00010371846356054929,10.4296920231642,0.9664760785600031
interval,unnormalized_rescaled,1024,1,0.00011183067122669108,10.057625745045472,0.9630892100176105
interval,unnormalized_rescaled,1024,1,0.00012057736489425916,9.700045905836955,0.959818309183543
interval,unnormalized_rescaled,1024,1,0.00013000817007859702,9.356313184691174,0.9566405473653781
interval,unnormalized_rescaled,1024,1,0.0001401765936915921,9.025826840328596,0.9535369899700434
interval,unnormalized_rescaled,1024,1,0.00015114032762016818,8.708020840271583,0.9504911133661871
interval,unnormalized_rescaled,1024,1,0.00016296157604878323,8.402360706300763,0.9474881476581096
interval,unnormalized_rescaled,1024,1,0.00017570740838304008,8.108340824075396,0.9445147309571063
interval,unnormalized_rescaled,1024,1,0.00018945013977676817,7.825482099888088,0.9415586881254612
interval,unnormalized_rescaled,1024,1,0.00020426774142154704,7.553329897577469,0.9386088679447617
interval,unnormalized_rescaled,1024,1,0.00022024428292650267,7.2914522095981145,0.9356550141231992
interval,unnormalized_rescaled,1024,1,0.00023747040929827687,7.039438027135178,0.9326876594365885
interval,unnormalized_rescaled,1024,1,0.000256043855227378,6.796895881088677,0.929698037219719
interval,unnormalized_rescaled,1024,1,0.00027606999959878465,6.563452530770558,0.9266780064691957
interval,unnormalized_rescaled,1024,1,0.00029766246337288994,6.338751781021424,0.9236199878763962
interval,unnormalized_rescaled,1024,1,0.0003209437542289442,6.1224534115188405,0.9205169087687111
interval,unnormalized_rescaled,1024,1,0.00034604596162846323,5.9142322045227225,0.9173621553979991
interval,unnormalized_rescaled,1024,1,0.0003731115062421378,5.713777059322531,0.9141495313567809
interval,unnormalized_rescaled,1024,1,0.0004022939479922145,5.52079018331575,0.9108732211606245
interval,unnormalized_rescaled,1024,1,0.00043375885729488375,5.334986351030699,0.907527758235485
interval,unnormalized_rescaled,1024,1,0.00046768475444578276,5.156092223565761,0.9041079967040986
interval,unnormalized_rescaled,1024,1,0.0005042641224783401,4.983845721894571,0.9006090864872895
interval,unnormalized_rescaled,1024,1,0.0005437044992415474,4.8179954483166085,0.8970264513316231
interval,unnormalized_rescaled,1024,1,0.0005862296548932044,4.6583001510412405,0.8933557694499896
interval,unnormalized_rescaled,1024,1,0.0006320808614892995,4.504528227501873,0.8895929565204668
interval,unnormalized_rescaled,1024,1,0.0006815182618727096,4.356457262521947,0.8857341508343737
interval,unnormalized_rescaled,1024,1,0.0007348223456277867,4.213873597909873,0.8817757004201567
interval,unnormalized_rescaled,1024,1,0.0007922955404748551,4.0765719304561765,0.8777141519966918
interval,unnormalized_rescaled,1024,1,0.0008542639281336054,3.9443549356523127,0.8735462416297217
interval,unnormalized_rescaled,1024,1,0.0009210790943905575,3.8170329147538213,0.8692688869808407
interval,unnormalized_rescaled,1024,1,0.0009931201238672042,3.6944234630768515,0.8648791810489023
interval,unnormalized_rescaled,1024,1,0.0010707957508063943,3.576351157651531,0.8603743873115555
interval,unnormalized_rescaled,1024,1,0.0011545466780797495,3.4626472625623053,0.8557519361798533
interval,unnormalized_rescaled,1024,1,0.001244848077573287,3.353149450487821,0.8510094226819795
interval,unnormalized_rescaled,1024,1,0.0013422122861375275,3.2477015391140927,0.8461446052938726
interval,unnormalized_rescaled,1024,1,0.001447191712397907,3.146153241237131,0.8411554058354032
interval,unnormalized_rescaled,1024,1,0.0015603819709176698,3.0483599274972097,0.8360399103504896
interval,unnormalized_rescaled,1024,1,0.0016824252614953221,2.9541824007982833,0.8307963708893897
interval,unnormalized_rescaled,1024,1,0.0018140140127695383,2.863486681564598,0.8254232081101875
interval,unnormalized_rescaled,1024,1,0.0019558948108039874,2.776143803073556,0.8199190146156123
interval,unnormalized_rescaled,1024,1,0.0021088726349414283,2.692029616180858,0.8142825589404996
interval,unnormalized_rescaled,1024,1,0.0022738154249597273,2.611024602821929,0.8085127901036859
interval,unnormalized_rescaled,1024,1,0.00245165900544221,2.5330136977336513,0.8026088426374081
interval,unnormalized_rescaled,1024,1,0.0026434123953013172,2.4578861178935365,0.7965700420064934
interval,unnormalized_rescaled,1024,1,0.002850163532579968,2.3855351992202105,0.7903959103284848
interval,unnormalized_rescaled,1024,1,0.003073085447010902,2.3158582401205807,0.7840861723056456
interval,unnormalized_rescaled,1024,1,0.0033134429153549713,2.2487563515054996,0.7776407612793221
interval,unnormalized_rescaled,1024,1,0.003572599637278204,2.184134312928173,0.7710598253168168
interval,unnormalized_rescaled,1024,1,0.003852025972480944,2.1219004345281087,0.7643437332409757
interval,unnormalized_rescaled,1024,1,0.004153307282976787,2.061966424488793,0.7574930805097679
interval,unnormalized_rescaled,1024,1,0.00447815292785213,2.0042472617402995,0.750508694833945
interval,unnormalized_rescaled,1024,1,0.004828405961539524,1.9486610736607792,0.7433916413152541
interval,unnormalized_rescaled,1024,1,0.005206053590629005,1.895129018563635,0.7361432264109666
interval,unnormalized_rescaled,1024,1,0.005613238448545758,1.8435751728381042,0.7287649982223119
interval,unnormalized_rescaled,1024,1,0.0060522707520622,1.7939264228664307,0.7212587347726185
interval,unnormalized_rescaled,1024,1,0.006525641408616356,1.7461123626156578,0.7136263958735007
interval,unnormalized_rescaled,1024,1,0.007036036148802274,1.7000651998825929,0.7058699763167429
interval,unnormalized_rescaled,1024,1,0.0075863507642154136,1.6557196790161883,0.6979911221107784
interval,unnormalized_rescaled,1024,1,0.008179707537106487,1.6130130376730458,0.6899902429975073
interval,unnormalized_rescaled,1024,1,0.00881947295506003,1.5718850318735864,0.6818646773325217
interval,unnormalized_rescaled,1024,1,0.009509276811203735,1.5322780877078013,0.6736052833059993
interval,unnormalized_rescaled,1024,1,0.01025303279831666,1.4941376657685386,0.6651907413143245
interval,unnormalized_rescaled,1024,1,0.011054960713679101,1.45741294603712,0.6565789953417518
interval,unnormalized_rescaled,1024,1,0.011919610400646853,1.4220579412644034,0.6476957650600843
interval,unnormalized_rescaled,1024,1,0.01285188756278492,1.3880331094082532,0.6384209623244823
interval,unnormalized_rescaled,1024,1,0.013857081597021207,1.35530745030573,0.6285750205492748
interval,unnormalized_rescaled,1024,1,0.014940895603734504,1.3238609427372918,0.6179082908714957
interval,unnormalized_rescaled,1024,1,0.016109478744043792,1.2936870281049322,0.6060973659702222
interval,unnormalized_rescaled,1024,1,0.01736946112788124,1.2647947141946911,0.5927520832516517
interval,unnormalized_rescaled,1024,1,0.018727991430792006,1.2372097999575606,0.5774358377393511
interval,unnormalized_rescaled,1024,1,0.020192777452883576,1.2109747436016236,0.5596997822020775
interval,unnormalized_rescaled,1024,1,0.02177212985004236,1.1861468233784833,0.5391288655609761
interval,unnormalized_rescaled,1024,1,0.023475009285531083,1.1627944576319293,0.5153950046503015
interval,unnormalized_rescaled,1024,1,0.02531107726948907,1.1409918182578265,0.4883105885267873
interval,unnormalized_rescaled,1024,1,0.02729075097477864,1.1208121369287423,0.4578744710141496
interval,unnormalized_rescaled,1024,1,0.029425262340183948,1.1023203148155354,0.4243029020487019
interval,unnormalized_rescaled,1024,1,0.03172672179629051,1.085565566844924,0.38803950180543834
interval,unnormalized_rescaled,1024,1,0.03420818697560421,1.0705748452616675,0.34974114196275696
interval,unnormalized_rescaled,1024,1,0.03688373679674383,1.057347701250292,0.31023999137664404
interval,unnormalized_rescaled,1024,1,0.03976855134303552,1.045853081259746,0.27048541026424505
interval,unnormalized_rescaled,1024,1,0.04287899798870913,1.0360283479484174,0.23147224421613133
interval,unnormalized_rescaled,1024,1,0.046232724261345386,1.02778059473216,0.19416391333776678
interval,unnormalized_rescaled,1024,1,0.049848757967442106,1.0209901113041364,0.15941926170975904
interval,unnormalized_rescaled,1024,1,0.05374761514917284,1.0155156706247415,0.12793141139420453
interval,unnormalized_rescaled,1024,1,0.05795141648484754,1.0112011556870357,0.10018503845222856
interval,unnormalized_rescaled,1024,1,0.06248401279348553,1.0078829353132743,0.07643588281563216
interval,unnormalized_rescaled,1024,1,0.06737112035557077,1.0053973418628672,0.05671332496422242
interval,unnormalized_rescaled,1024,1,0.07264046681774584,1.0035876098811662,0.04084393812092152
interval,unnormalized_rescaled,1024,1,0.07832194850925812,1.002309709687144,0.028491454737381267
interval,unnormalized_rescaled,1024,1,0.08444780006270929,1.0014366513566997,0.019206894538268123
interval,unnormalized_rescaled,1024,1,0.09105277730147837,1.0008610279343317,0.012481895420842319
interval,unnormalized_rescaled,1024,1,0.09817435443144942,1.0004957851495528,0.0077986276812839345
interval,unnormalized_rescaled,1024,1,0.10585293665584194,1.0002734135917066,0.004670954073301935
interval,unnormalized_rescaled,1024,1,0.11413208941943677,1.0001439231037192,0.0026734653844197953
interval,unnormalized_rescaled,1024,1,0.12305878558285074,1.0000720515916235,0.001457294260446086
interval,unnormalized_rescaled,1024,1,0.13268367192922925,1.0000341707438758,0.0007537544825303048
interval,unnormalized_rescaled,1024,1,0.14306135651542437,1.0000152870918793,0.00036847325155896476
interval,unnormalized_rescaled,1024,1,0.15425071849797575,1.0000064220386529,0.0001695229099708941
interval,unnormalized_rescaled,1024,1,0.16631524219174104,1.0000025209340957,7.306528555541019e-05
interval,unnormalized_rescaled,1024,1,0.17932337725649175,1.0000009197848108,2.935750604879814e-05
interval,unnormalized_rescaled,1024,1,0.19334892705505133,1.000000310142953,1.0938510607942488e-05
interval,unnormalized_rescaled,1024,1,0.20847146738636463,1.000000096052019,3.7580470715738166e-06
interval,unnormalized_rescaled,1024,1,0.2247767979692482,1.0000000271404799,1.1832612184225573e-06
interval,unnormalized_rescaled,1024,1,0.24235742923836087,1.0000000069456811,3.3920697821278826e-07
interval,unnormalized_rescaled,1024,1,0.26131310721430895,1.0000000015962551,8.791406662679605e-08
interval,unnormalized_rescaled,1024,1,0.28175137942579126,1.0000000003252494,2.04463645414658e-08
interval,unnormalized_rescaled,1024,1,0.3037882050946332,1.000000000056527,4.235478627191142e-09
interval,unnormalized_rescaled,1024,1,0.3275486130456576,1.0000000000062936,7.782603410699452e-10
interval,unnormalized_rescaled,1024,1,0.35316741107414873,0.9999999999979196,1.298641199291037e-10
interval,unnormalized_rescaled,1024,1,0.38078995079558026,0.9999999999965141,2.4260880929577875e-11
interval,unnormalized_rescaled,1024,1,0.41057295231710084,0.9999999999960926,9.85561430568585e-12
interval,unnormalized_rescaled,1024,1,0.4426853934096448,0.9999999999957719,8.664389719452131e-12
interval,unnormalized_rescaled,1024,1,0.4773094682255063,0.9999999999954401,9.145007559942088e-12
interval,unnormalized_rescaled,1024,1,0.5146416210007991,0.9999999999950833,9.845294290716628e-12
interval,unnormalized_rescaled,1024,1,0.5548936606076241,0.9999999999946987,1.0611923974933418e-11
interval,unnormalized_rescaled,1024,1,0.5982939622795329,0.9999999999942841,1.1441948036884179e-11
interval,unnormalized_rescaled,1024,1,0.6450887633284028,0.999999999993837,1.1873914378183878e-11
circle,unnormalized_rescaled,64,1,0.0006394691314509068,61.651799184069496,0.07659547636922173
circle,unnormalized_rescaled,64,1,0.0006745010727211624,61.525997334701614,0.07868244202997232
circle,unnormalized_rescaled,64,1,0.0007114521635622154,61.39361819709587,0.0829694386248292
circle,unnormalized_rescaled,64,1,0.0007504275404564186,61.25433597455219,0.08748861467644531
circle,unnormalized_rescaled,64,1,0.0007915380995622256,61.107810759472756,0.09225238256105683
circle,unnormalized_rescaled,64,1,0.0008349008122456633,60.953688155732124,0.09727379902138011
circle,unnormalized_rescaled,64,1,0.0008806390578975164,60.79159892063029,0.1025665962729363
circle,unnormalized_rescaled,64,1,0.0009288829749831794,60.62115863133322,0.10814521431041157
circle,unnormalized_rescaled,64,1,0.0009797698313240304,60.44196738129119,0.11402483441638367
circle,unnormalized_rescaled,64,1,0.0010334444146638624,60.25360951276211,0.12022141386900387
circle,unnormalized_rescaled,64,1,0.0010900594446316644,60.05565339225405,0.12675172183325856
circle,unnormalized_rescaled,64,1,0.0011497760072728988,59.84765123644356,0.13363337641182227
circle,unnormalized_rescaled,64,1,0.0012127640133856297,59.62913899692211,0.14088488281657874
circle,unnormalized_rescaled,64,1,0.001279202681965626,59.39963631297516,0.14852567260710714
circle,unnormalized_rescaled,64,1,0.001349281050135949,59.15864654250519,0.15657614392441133
circle,unnormalized_rescaled,64,1,0.0014231985110119464,58.90565688217103,0.16505770262598674
circle,unnormalized_rescaled,64,1,0.0015011653810320254,58.64013858882913,0.17399280420463015
circle,unnormalized_rescaled,64,1,0.0015834034983684088,58.36154731542296,0.18340499634315677
circle,unnormalized_rescaled,64,1,0.0016701468541205492,58.06932357557071,0.19331896192406361
circle,unnormalized_rescaled,64,1,0.0017616422580871206,57.76289335224001,0.20376056227318884
circle,unnormalized_rescaled,64,1,0.001858150041010879,57.441668867062745,0.21475688037079976
circle,unnormalized_rescaled,64,1,0.0019599447952945146,57.105049528018625,0.22633626371082016
circle,unnormalized_rescaled,64,1,0.0020673161562950286,56.75242307439015,0.23852836642574005
circle,unnormalized_rescaled,64,1,0.002180569626419627,56.38316693904001,0.2513641902242938
circle,unnormalized_rescaled,64,1,0.002300027444367949,55.99664984916443,0.2648761236056174
circle,unnormalized_rescaled,64,1,0.0024260295019938663,55.592233687701004,0.27909797871680553
circle,unnormalized_rescaled,64,1,0.0025589343113955713,55.169275638483484,0.2940650251094752
circle,unnormalized_rescaled,64,1,0.002699120024985616,54.72713063899835,0.3098140195223351
circle,unnormalized_rescaled,64,1,0.0028469855114433068,54.26515416515993,0.32638323066608166
circle,unnormalized_rescaled,64,1,0.0030029514906108365,53.78270537282948,0.34381245781476366
circle,unnormalized_rescaled,64,1,0.003167461730562242,53.2791506207938,0.3621430418066467
circle,unnormalized_rescaled,64,1,0.0033409843102512275,52.75386739951993,0.3814178668269079
circle,unnormalized_rescaled,64,1,0.0035240129513304445,52.20624868913499,0.4016813510745436
circle,unnormalized_rescaled,64,1,0.0037170684229315878,51.63570776865154,0.422979424107254
circle,unnormalized_rescaled,64,1,0.003920700023403385,51.04168349637308,0.4453594882993599
circle,unnormalized_rescaled,64,1,0.004135487143223416,50.42364607856096,0.4688703614320531
circle,unnormalized_rescaled,64,1,0.0043620409135306576,49.78110333970866,0.4935621969587487
circle,unnormalized_rescaled,64,1,0.0046010059449693745,49.11360750302647,0.5194863779343706
circle,unnormalized_rescaled,64,1,0.004853062161791841,48.420762483862006,0.5466953799613634
circle,unnormalized_rescaled,64,1,0.005118926736438387,47.70223169163705,0.5752425977716342
circle,unnormalized_rescaled,64,1,0.005399356130099299,46.957746327336594,0.6051821292194148
circle,unnormalized_rescaled,64,1,0.005695148245064508,46.187114153517115,0.6365685094921787
circle,unnormalized_rescaled,64,1,0.006007144694985119,45.39022870209061,0.6694563872370622
circle,unnormalized_rescaled,64,1,0.0063362331995063135,44.567078871690086,0.7039001330324055
circle,unnormalized_rescaled,64,1,0.00668335011008511,43.71775885116094,0.73995336919279
circle,unnormalized_rescaled,64,1,0.007049483074179613,42.84247828861136,0.7776684082600553
circle,unnormalized_rescaled,64,1,0.0074356738453900915,41.94157260650965,0.8170955856920727
circle,unnormalized_rescaled,64,1,0.00784302124754765,41.015513342605786,0.8582824701981906
circle,unnormalized_rescaled,64,1,0.008272684301184116,40.06491837413475,0.9012729328852771
circle,unnormalized_rescaled,64,1,0.008725885521278814,39.09056185906819,0.9461060538706079
circle,unnormalized_rescaled,64,1,0.009203914395665341,38.09338370347834,0.9928148423120007
circle,unnormalized_rescaled,64,1,0.00970813105399541,37.074498338845345,1.0414247429436756
circle,unnormalized_rescaled,64,1,0.010239970137698888,36.03520256801016,1.0919518992674995
circle,unnormalized_rescaled,64,1,0.01080094488195138,34.97698221424223,1.144401140661813
circle,unnormalized_rescaled,64,1,0.01139265142126357,33.90151728553115,1.1987636580293923
circle,unnormalized_rescaled,64,1,0.012016773330943014,32.81068534687948,1.255014330502533
circle,unnormalized_rescaled,64,1,0.012675086417350195,31.70656277842019,1.3131086645768022
circle,unnormalized_rescaled,64,1,0.013369463770578403,30.591423588133484,1.372979307439678
circle,unnormalized_rescaled,64,1,0.014101881093933854,29.46773544648563,1.434532099009786
circle,unnormalized_rescaled,64,1,0.014874422325379904,28.338152618272176,1.4976416333989064
circle,unnormalized_rescaled,64,1,0.015689285566939964,27.205505486210875,1.5621463116017011
circle,unnormalized_rescaled,64,1,0.01654878933893009,26.072786393283025,1.6278428850901747
circle,unnormalized_rescaled,64,1,0.017455379176816173,24.94313157825458,1.6944805170140924
circle,unnormalized_rescaled,64,1,0.01841163458946576,23.819799042783217,1.7617544268073786
circle,unnormalized_rescaled,64,1,0.01942027639859284,22.706142270222465,1.829299238611739
circle,unnormalized_rescaled,64,1,0.02048417448027821,21.605579816311867,1.896682227891425
circle,unnormalized_rescaled,64,1,0.02160635593059245,20.52156091029066,1.9633967578564793
circle,unnormalized_rescaled,64,1,0.022790013678555012,19.4575273405513,2.028856321249009
circle,unnormalized_rescaled,64,1,0.02403851557093564,18.416872049569495,2.092389755566252
circle,unnormalized_rescaled,64,1,0.02535541395474728,17.40289502499271,2.1532383796616372
circle,unnormalized_rescaled,64,1,0.026744455784695125,16.418757242451058,2.2105560002323656
circle,unnormalized_rescaled,64,1,0.028209593284340497,15.467433584328088,2.2634129428965366
circle,unnormalized_rescaled,64,1,0.029754995191313815,14.551665819310776,2.310805447277808
circle,unnormalized_rescaled,64,1,0.03138505861857224,13.673916870536681,2.351671886058462
circle,unnormalized_rescaled,64,1,0.03310442156545086,12.836327714958816,2.3849172636966287
circle,unnormalized_rescaled,64,1,0.03491797611410492,12.040678331882205,2.4094472437378727
circle,unnormalized_rescaled,64,1,0.036830882348890724,11.288354143199099,2.4242124566163525
circle,unnormalized_rescaled,64,1,0.038848583038289954,10.580319351184158,2.4282629709660455
circle,unnormalized_rescaled,64,1,0.04097681912115161,9.917098473129187,2.420811523244872
circle,unnormalized_rescaled,64,1,0.04322164604131431,9.298767189819383,2.401302418228134
circle,unnormalized_rescaled,64,1,0.045589450977085985,8.724953365126918,2.3694810775768076
circle,unnormalized_rescaled,64,1,0.04808697101460334,8.194848760143351,2.3254573136592924
circle,unnormalized_rescaled,64,1,0.05072131231677983,7.707231566517852,2.26975397540307
circle,unnormalized_rescaled,64,1,0.05349997034238327,7.2604994356142285,2.203332173492555
circle,unnormalized_rescaled,64,1,0.05643085117277196,6.852712204667,2.127585324433717
circle,unnormalized_rescaled,64,1,0.05952229400697049,6.481643045837455,2.044297017468999
circle,unnormalized_rescaled,64,1,0.06278309488908963,6.144836320646122,1.9555620689118527
circle,unnormalized_rescaled,64,1,0.06622253173560187,5.839670044360038,1.863675461350745
circle,unnormalized_rescaled,64,1,0.06985039073368292,5.5634205853288465,1.7709991290677287
circle,unnormalized_rescaled,64,1,0.07367699418572875,5.313327071579149,1.6798205388206675
circle,unnormalized_rescaled,64,1,0.0777132298792753,5.086652972125421,1.5922187197689937
circle,unnormalized_rescaled,64,1,0.08197058206588613,4.880742473557888,1.5099523509592458
circle,unnormalized_rescaled,64,1,0.08646116413715105,4.693069580426473,1.434380959222704
circle,unnormalized_rescaled,64,1,0.0911977530907698,4.521278313276987,1.3664250771957462
circle,unnormalized_rescaled,64,1,0.09619382588478613,4.363212929491381,1.3065655513591672
circle,unnormalized_rescaled,64,1,0.1014635977834093,4.216937706217248,1.2548772194829958
circle,unnormalized_rescaled,64,1,0.10702206280353062,4.08074645080412,1.21108869571405
circle,unnormalized_rescaled,64,1,0.11288503637701378,3.953162489102418,1.1746583300022948
circle,unnormalized_rescaled,64,1,0.11906920035014801,3.8329303762789246,1.144856426959322
circle,unnormalized_rescaled,64,1,0.12559215044829972,3.719000938744192,1.120845109513958
circle,unnormalized_rescaled,64,1,0.13247244634081168,3.61051146430633,1.1017492774581932
circle,unnormalized_rescaled,64,1,0.13972966444860188,3.5067629033584993,1.0867144554989032
circle,unnormalized_rescaled,64,1,0.14738445364471142,3.4071958375590152,1.0749495762304946
circle,unnormalized_rescaled,64,1,0.15545859400628806,3.311366740922576,1.065754658568867
circle,unnormalized_rescaled,64,1,0.16397505878517146,3.2189257399794275,1.0585347957736104
circle,unnormalized_rescaled,64,1,0.17295807977340166,3.129596718769519,1.0528028209180498
circle,unnormalized_rescaled,64,1,0.18243321624963835,3.0431602541640106,1.0481734939970622
circle,unnormalized_rescaled,64,1,0.1924274277026611,2.9594395439415835,1.0443521173081365
circle,unnormalized_rescaled,64,1,0.20296915053886888,2.878289229992923,1.0411202249014835
circle,unnormalized_rescaled,64,1,0.2140883789920363,2.7995868350931996,1.0383205136071183
circle,unnormalized_rescaled,64,1,0.22581675046553726,2.7232264247227644,1.035842596146903
circle,unnormalized_rescaled,64,1,0.23818763554985636,2.649114066401324,1.0336105598715086
circle,unnormalized_rescaled,64,1,0.2512362329715197,2.577164672575865,1.031572785013907
circle,unnormalized_rescaled,64,1,0.2649996697435951,2.50729986144445,1.029694062483209
circle,unnormalized_rescaled,64,1,0.27951710680272435,2.4394465362686675,1.0279497712551908
circle,unnormalized_rescaled,64,1,0.2948298504332534,2.373535953994867,1.0263217214822316
circle,unnormalized_rescaled,64,1,0.3109814697954911,2.309503118931967,1.0247952162086094
circle,unnormalized_rescaled,64,1,0.3280179208925051,2.2472863916648076,1.0233568992422768
circle,unnormalized_rescaled,64,1,0.3459876773281678,2.186827245648545,1.0219930079619388
circle,unnormalized_rescaled,64,1,0.36494186822850344,2.128070134690616,1.0206877138063248
circle,unnormalized_rescaled,64,1,0.3849344237187598,2.0709624556036776,1.0194212962317462
circle,unnormalized_rescaled,64,1,0.4060222283701256,2.0154546037585543,1.0181679541375015
circle,unnormalized_rescaled,64,1,0.42826528305269906,1.9615001267834344,1.016893115595364
circle,unnormalized_rescaled,64,1,0.45172687565522385,1.9090559843597552,1.0155501695615623
circle,unnormalized_rescaled,64,1,0.4764737611573347,1.858082920522474,1.014076619858395
circle,unnormalized_rescaled,64,1,0.5025763515666775,1.8085459493187785,1.0123897570960203
circle,unnormalized_rescaled,64,1,0.5301089162613266,1.760414945322629,1.0103820582739473
circle,unnormalized_rescaled,64,1,0.5591497933075253,1.7136653178226655,1.0079166500781689
circle,unnormalized_rescaled,64,1,0.5897816123540224,1.6682787324759405,1.0048232974678868
circle,unnormalized_rescaled,64,1,0.6220915297371868,1.6242438284223946,1.0008954860267085
circle,unnormalized_rescaled,64,1,0.6561714764658575,1.5815568643849647,0.9958892342060874
circle,unnormalized_rescaled,64,1,0.6921184197915082,1.54022221653329,0.9895242803503788
circle,unnormalized_rescaled,64,1,0.7300346391079666,1.500252646192645,0.9814882240576672
circle,unnormalized_rescaled,64,1,0.7700280169657154,1.4616692586701352,0.9714440543029594
circle,unnormalized_rescaled,64,1,0.8122123460287756,1.4245010865003978,0.9590412695921682
circle,unnormalized_rescaled,64,1,0.8567076528475699,1.3887842510847974,0.9439305000339475
circle,unnormalized_rescaled,64,1,0.9036405393689871,1.3545606845870906,0.9257811988015368
circle,unnormalized_rescaled,64,1,0.9531445431553321,1.3218764265476444,0.9043016100244108
circle,unnormalized_rescaled,64,1,1.0053605173371054,1.2907795437370353,0.8792598764761577
circle,unnormalized_rescaled,64,1,1.0604370313806784,1.2613177537631803,0.8505048616355606
circle,unnormalized_rescaled,64,1,1.1185307938111548,1.2335358595807728,0.8179850654068583
circle,unnormalized_rescaled,64,1,1.179807098093205,1.2074731207156173,0.7817639464617065
circle,unnormalized_rescaled,64,1,1.2444402929385217,1.1831606960933703,0.742030054498763
circle,unnormalized_rescaled,64,1,1.3126142783780486,1.1606192923671859,0.6991006371532951
circle,unnormalized_rescaled,64,1,1.3845230290104769,1.1398571411674812,0.653417814586692
circle,unnormalized_rescaled,64,1,1.460371145915765,1.120868410217429,0.6055369830377648
circle,unnormalized_rescaled,64,1,1.5403744388040685,1.1036321288004318,0.5561077664916709
circle,unnormalized_rescaled,64,1,1.6247605400564475,1.088111679880929,0.5058485131791466
circle,unnormalized_rescaled,64,1,1.7137695524044576,1.0742548814293715,0.45551595004731116
circle,unnormalized_rescaled,64,1,1.8076547320915,1.0619946500401856,0.4058720844945597
circle,unnormalized_rescaled,64,1,1.9066832094596693,1.0512502122018768,0.35765071485019584
circle,unnormalized_rescaled,64,1,2.011136749012423,1.0419288036278636,0.31152594289936286
circle,unnormalized_rescaled,64,1,2.1213125511156474,1.0339277756344059,0.2680848708813305
circle,unnormalized_rescaled,64,1,2.237524097618177,1.0271370102468709,0.22780624360922874
circle,unnormalized_rescaled,64,1,2.3601020437978324,1.0214415330760913,0.19104622289597406
circle,unnormalized_rescaled,64,1,2.489395159170804,1.01672420559984,0.1580318314815254
circle,unnormalized_rescaled,64,1,2.6257713198412356,1.0128683768703508,0.12886195488276428
circle,unnormalized_rescaled,64,1,2.7696185552145662,1.009760379294071,0.10351521030335728
circle,unnormalized_rescaled,64,1,2.921346152052813,1.0072917641707901,0.08186353236767786
circle,unnormalized_rescaled,64,1,3.081385819013119,1.0053611898785717,0.06369001488206094
circle,unnormalized_rescaled,64,1,3.250192914983088,1.0038758981363076,0.04870939420245488
circle,unnormalized_rescaled,64,1,3.428247744707781,1.0027527402611445,0.03658955427847578
circle,unnormalized_rescaled,64,1,3.616056925394882,1.0019187438290675,0.026972555480944054
circle,unnormalized_rescaled,64,1,3.8141548281863944,1.0013112383515945,0.019493911597790348
circle,unnormalized_rescaled,64,1,4.023105098598224,1.0008775841055022,0.01379913171346137
circle,unnormalized_rescaled,64,1,4.243502260253836,1.0005745688999563,0.009556875425815433
circle,unnormalized_rescaled,64,1,4.475973406474945,1.0003675516361543,0.006468411261515846
circle,unnormalized_rescaled,64,1,4.721179984542413,1.0002294380440033,0.004273391327206077
circle,unnormalized_rescaled,64,1,4.979819677704042,1.000139572877489,0.0027522352663543895
circle,unnormalized_rescaled,64,1,5.252628390284071,1.00008262490361,0.001725633220177011
circle,unnormalized_rescaled,64,1,5.540382341542674,1.000047527764654,0.0010518171280417855
circle,unnormalized_rescaled,64,1,5.84390027424305,1.0000265232639185,0.00062230729018823
circle,unnormalized_rescaled,64,1,6.164045784210063,1.0000143360309535,0.0003568210758031167
circle,unnormalized_rescaled,64,1,6.501729777508787,1.00000749191814,0.00019794637832200893
circle,unnormalized_rescaled,64,1,6.857913062234301,1.0000037784818705,0.0001060540664458545
circle,unnormalized_rescaled,64,1,7.233609082287084,1.0000018355070344,5.4774694673688596e-05
circle,unnormalized_rescaled,64,1,7.629886800912379,1.0000008570713597,2.7217772296415533e-05
circle,unnormalized_rescaled,64,1,8.047873742208193,1.0000003838478242,1.2985151621687875e-05
circle,unnormalized_rescaled,64,1,8.488759199255654,1.0000001645090348,5.934957815537098e-06
circle,unnormalized_rescaled,64,1,8.953797617999859,1.0000000673072762,2.592798233850013e-06
circle,unnormalized_rescaled,64,1,9.44431216650954,1.0000000262223456,1.0800700982288547e-06
circle,unnormalized_rescaled,64,1,9.96169849977077,1.000000009701826,4.279209086054536e-07
circle,unnormalized_rescaled,64,1,10.507428730726803,1.0000000033992196,1.608204132669829e-07
circle,unnormalized_rescaled,64,1,11.08305561886295,1.0000000011244827,5.716907151377784e-08
circle,unnormalized_rescaled,64,1,11.690216988253926,1.000000000350112,1.9166132790298565e-08
circle,unnormalized_rescaled,64,1,12.330640387644376,1.0000000001022586,6.040921686637515e-09
circle,unnormalized_rescaled,64,1,13.006148005822117,1.0000000000279199,1.7841781504163837e-09
circle,unnormalized_rescaled,64,1,13.718661856269303,1.0000000000070997,4.920750999281913e-10
circle,unnormalized_rescaled,64,1,14.470209245843694,1.000000000001675,1.2627024417904674e-10
circle,unnormalized_rescaled,64,1,15.262928543049698,1.000000000000365,3.0033417128594455e-11
circle,unnormalized_rescaled,64,1,16.099075262312038,1.0000000000000733,6.594529072876002e-12
circle,unnormalized_rescaled,64,1,16.981028481563012,1.0000000000000133,1.3322280955306195e-12
circle,unnormalized_rescaled,64,1,17.911297611403427,1.0000000000000022,2.414663423149442e-13
circle,unnormalized_rescaled,64,1,18.8925295350978,1.0000000000000004,4.163212798533563e-14
circle,unnormalized_rescaled,64,1,19.92751613971851,1.0,8.326425597066577e-15
circle,unnormalized_rescaled,64,1,21.019202259867487,1.0,-0.0
circle,unnormalized_rescaled,64,1,22.170694056577954,1.0,-0.0
circle,unnormalized_rescaled,64,1,23.385267855235952,1.0,-0.0
circle,unnormalized_rescaled,64,1,24.666379467668335,1.0,-0.0
circle,unnormalized_rescaled,64,1,26.01767402492174,1.0,-0.0
circle,unnormalized_rescaled,128,1,0.00017660521546943646,123.1639570921038,0.07912989323171074
circle,unnormalized_rescaled,128,1,0.00018703827223855016,122.88458298679234,0.08145793302402637
circle,unnormalized_rescaled,128,1,0.00019808766796038514,122.58946094388514,0.0862503973224591
circle,unnormalized_rescaled,128,1,0.0002097898132203576,122.27775035947857,0.09132354558744282
circle,unnormalized_rescaled,128,1,0.00022218326958058914,121.9485714632871,0.09669365653117268
circle,unnormalized_rescaled,128,1,0.00023530887665011957,121.60100420418232,0.10237793240403903
circle,unnormalized_rescaled,128,1,0.0002492098866618649,121.23408720179226,0.10839454866724907
circle,unnormalized_rescaled,128,1,0.0002639321069997891,120.84681678160122,0.1147627059577303
circle,unnormalized_rescaled,128,1,0.0002795240511459524,120.43814611322819,0.12150268439438605
circle,unnormalized_rescaled,128,1,0.00029603709854484484,120.00698447400246,0.128635900263518
circle,unnormalized_rescaled,128,1,0.0003135256639117979,119.55219666260822,0.13618496511105604
circle,unnormalized_rescaled,128,1,0.0003320473765433931,119.0726025904418,0.14417374725283594
circle,unnormalized_rescaled,128,1,0.00035166327022073484,118.56697708142173,0.15262743569689974
circle,unnormalized_rescaled,128,1,0.00037243798433137247,118.03404991431098,0.16157260644953908
circle,unnormalized_rescaled,128,1,0.00039443997687261775,117.47250614515318,0.17103729114953126
circle,unnormalized_rescaled,128,1,0.0004177417500381566,116.8809867511803,0.18105104794339866
circle,unnormalized_rescaled,128,1,0.000442420089131326,116.25808964150407,0.1916450344742202
circle,unnormalized_rescaled,128,1,0.0004685563155923292,115.60237108403666,0.20285208281241296
circle,unnormalized_rescaled,128,1,0.0004962365549731845,114.9123476023644,0.21470677609869426
circle,unnormalized_rescaled,128,1,0.0005255520207434501,114.18649840068198,0.22724552660507413
circle,unnormalized_rescaled,128,1,0.0005565993148619403,113.4232683793247,0.2405066548407433
circle,unnormalized_rescaled,128,1,0.000589480746104889,112.6210718078453,0.2545304692363288
circle,unnormalized_rescaled,128,1,0.0006243046671995418,111.77829672687642,0.26935934582834875
circle,unnormalized_rescaled,128,1,0.0006611858318741076,110.893310154094,0.2850378072369182
circle,unnormalized_rescaled,128,1,0.0007002457730006484,109.96446417331208,0.30161260007199076
circle,unnormalized_rescaled,128,1,0.0007416132030769816,108.99010298893936,0.3191327697212074
circle,unnormalized_rescaled,128,1,0.0007854244383672868,107.96857103051596,0.33764973125435915
circle,unnormalized_rescaled,128,1,0.0008318238480990638,106.89822219360431,0.35721733492346175
circle,unnormalized_rescaled,128,1,0.0008809643301966723,105.7774303036664,0.37789192443119646
circle,unnormalized_rescaled,128,1,0.0009330078151191023,104.60460088842052,0.39973238578406267
circle,unnormalized_rescaled,128,1,0.0009881257994622597,103.3781843411899,0.4228001841177047
circle,unnormalized_rescaled,128,1,0.0010464999110841213,102.09669055254656,0.4471593853820366
circle,unnormalized_rescaled,128,1,0.0011083225076149842,100.75870507968574,0.4728766591762934
circle,unnormalized_rescaled,128,1,0.0011737973103250702,99.3629069119624,0.5000212583210981
circle,unnormalized_rescaled,128,1,0.0012431400754382206,97.90808787637377,0.5286649699210528
circle,unnormalized_rescaled,128,1,0.001316579305103846,96.39317370792523,0.5588820316857124
circle,unnormalized_rescaled,128,1,0.0013943570003699642,94.81724678620574,0.5907490061095899
circle,unnormalized_rescaled,128,1,0.001476729458638551,93.17957051053699,0.6243446037337463
circle,unnormalized_rescaled,128,1,0.0015639681182310523,91.47961525117145,0.6597494450773524
circle,unnormalized_rescaled,128,1,0.0016563604528470838,89.7170857726587,0.6970457489025392
circle,unnormalized_rescaled,128,1,0.001754210918863809,87.89194997719125,0.7363169321987044
circle,unnormalized_rescaled,128,1,0.0018578419585975868,86.00446876010872,0.7776471045894198
circle,unnormalized_rescaled,128,1,0.0019675950628338774,84.0552267065552,0.8211204367088953
circle,unnormalized_rescaled,128,1,0.002083831896126758,82.0451632875282,0.8668203783885957
circle,unnormalized_rescaled,128,1,0.002206935488576114,79.97560413549554,0.9148286981585159
circle,unnormalized_rescaled,128,1,0.0023373114980098277,77.8482918949864,0.9652243105166889
circle,unnormalized_rescaled,128,1,0.0024753895467300785,75.66541605314491,1.0180818515669756
circle,unnormalized_rescaled,128,1,0.0026216246372287194,73.42964106073164,1.073469956895508
circle,unnormalized_rescaled,128,1,0.0027764986515369113,71.14413195767122,1.1314491878877107
circle,unnormalized_rescaled,128,1,0.0029405219391496454,68.81257662188406,1.192069544069568
circle,unnormalized_rescaled,128,1,0.0031142349987579097,66.43920366950412,1.2553674895342937
circle,unnormalized_rescaled,128,1,0.003298210259330126,64.02879495325811,1.3213624112572546
circle,unnormalized_rescaled,128,1,0.0034930539664120358,61.58669153922108,1.3900524164500467
circle,unnormalized_rescaled,128,1,0.0036994081798608575,59.11879199675306,1.4614093656699367
circle,unnormalized_rescaled,128,1,0.0039179528895967415,56.63154181935634,1.5353730292008407
circle,unnormalized_rescaled,128,1,0.004149408256343545,54.131912813378975,1.611844247845326
circle,unnormalized_rescaled,128,1,0.004394536984742584,51.62737135529075,1.6906769781380717
circle,unnormalized_rescaled,128,1,0.004654146836659577,49.12583453514153,1.7716691096661066
circle,unnormalized_rescaled,128,1,0.004929093292966608,46.635613381903,1.8545519637684578
circle,unnormalized_rescaled,128,1,0.005220282372570415,44.16534261280673,1.938978425507031
circle,unnormalized_rescaled,128,1,0.005528673617976513,41.72389666891263,2.0245097341152416
circle,unnormalized_rescaled,128,1,0.00585528325722713,39.32029219570164,2.1106010737862775
circle,unnormalized_rescaled,128,1,0.006201187552632628,36.96357759955852,2.196586282523988
circle,unnormalized_rescaled,128,1,0.006567526347331108,34.6627108529695,2.281662250534964
circle,unnormalized_rescaled,128,1,0.006955506821363101,32.42642732169645,2.36487393130227
circle,unnormalized_rescaled,128,1,0.007366407469638682,30.263100028030188,2.4451013558204764
circle,unnormalized_rescaled,128,1,0.007801582314905152,28.180595420042543,2.521050632316687
circle,unnormalized_rescaled,128,1,0.008262465369598434,26.186128354521394,2.5912516187351287
circle,unnormalized_rescaled,128,1,0.00875057536128084,24.286120580732955,2.6540657247908044
circle,unnormalized_rescaled,128,1,0.009267520737236912,22.486067486924654,2.707708026355789
circle,unnormalized_rescaled,128,1,0.009815004964718663,20.790418191144934,2.7502883646832856
circle,unnormalized_rescaled,128,1,0.010394832144305918,19.202474171145603,2.7798760606312953
circle,unnormalized_rescaled,128,1,0.011008912954879262,17.724311486712274,2.7945919047556202
circle,unnormalized_rescaled,128,1,0.011659270949795691,16.356731211943124,2.7927287465082387
circle,unnormalized_rescaled,128,1,0.012348049225014575,15.099241939085076,2.7728979407725376
circle,unnormalized_rescaled,128,1,0.013077517481147036,13.950077133957466,2.7341930606485576
circle,unnormalized_rescaled,128,1,0.013850079502700108,12.906248735742267,2.676355178449164
circle,unnormalized_rescaled,128,1,0.014668281079161573,11.963636750747098,2.599917001628569
circle,unnormalized_rescaled,128,1,0.01553481839402753,11.117112772041471,2.5062984092724676
circle,unnormalized_rescaled,128,1,0.01645254690941676,10.360693476340039,2.397826059051397
circle,unnormalized_rescaled,128,1,0.017424490775548838,9.68771834290525,2.2776567881357366
circle,unnormalized_rescaled,128,1,0.018453852796092685,9.091044258705413,2.1495988353731477
circle,unnormalized_rescaled,128,1,0.019544024982223972,8.563248473322709,2.0178441411990136
circle,unnormalized_rescaled,128,1,0.020698599730169662,8.096830684429953,1.8866442905890253
circle,unnormalized_rescaled,128,1,0.02192138165907252,7.684404974301962,1.7599761699627763
circle,unnormalized_rescaled,128,1,0.02321640014818442,7.318872932443205,1.6412465544502979
circle,unnormalized_rescaled,128,1,0.02458792261470176,6.993570576352867,1.5330764484421238
circle,unnormalized_rescaled,128,1,0.026040468575996758,6.702383537008424,1.4371888267677804
circle,unnormalized_rescaled,128,1,0.02757882454258322,6.439827253658925,1.3544028876496093
circle,unnormalized_rescaled,128,1,0.02920805979089327,6.201091413534753,1.2847197795688388
circle,unnormalized_rescaled,128,1,0.030933543067839832,5.98205033265332,1.2274729667641537
circle,unnormalized_rescaled,128,1,0.03276096028221111,5.7792431583529265,1.1815122012534687
circle,unnormalized_rescaled,128,1,0.03469633324119456,5.5898294683994685,1.1453923669219535
circle,unnormalized_rescaled,128,1,0.036746039493771886,5.411526893925108,1.1175448888716524
circle,unnormalized_rescaled,128,1,0.03891683334637452,5.24253773735118,1.0964174607429378
circle,unnormalized_rescaled,128,1,0.04121586812005101,5.081471218670974,1.0805756116186096
circle,unnormalized_rescaled,128,1,0.04365071972248974,4.927267077343306,1.0687659842682393
circle,unnormalized_rescaled,128,1,0.046229411612572796,4.779124960393107,1.0599456821461573
circle,unnormalized_rescaled,128,1,0.04896044123972543,4.636442549921605,1.0532846677566923
circle,unnormalized_rescaled,128,1,0.05185280804518544,4.498763930569538,1.0481492042880411
circle,unnormalized_rescaled,128,1,0.05491604311746448,4.365738438275501,1.0440740770279824
circle,unnormalized_rescaled,128,1,0.05816024059972263,4.237089275817506,1.0407301993978706
circle,unnormalized_rescaled,128,1,0.061596090952552265,4.112590571138758,1.0378925876102372
circle,unnormalized_rescaled,128,1,0.06523491618178054,3.992051273514694,1.035411931183507
circle,unnormalized_rescaled,128,1,0.0690887071473745,3.875304268240754,1.0331913790913774
circle,unnormalized_rescaled,128,1,0.07317016307639249,3.762199258373692,1.0311688923864928
circle,unnormalized_rescaled,128,1,0.0774927334101855,3.652598226434238,1.0293046655931875
circle,unnormalized_rescaled,128,1,0.08207066212374707,3.5463725784104296,1.0275726764780906
circle,unnormalized_rescaled,128,1,0.08691903466325446,3.443401337751579,1.0259553053879458
circle,unnormalized_rescaled,128,1,0.09205382765647299,3.3435699723674537,1.0244400597836893
circle,unnormalized_rescaled,128,1,0.09749196155983102,3.2467695959469896,1.0230176390804644
circle,unnormalized_rescaled,128,1,0.10325135641565279,3.15289639155164,1.0216807967002097
circle,unnormalized_rescaled,128,1,0.10935099090328164,3.0618511716771915,1.020423650281007
circle,unnormalized_rescaled,128,1,0.11581096487868336,2.9735390270861517,1.0192412363577006
circle,unnormalized_rescaled,128,1,0.12265256560861333,2.8878690371690503,1.0181292016597574
circle,unnormalized_rescaled,128,1,0.12989833791760602,2.8047540250446783,1.0170835787833994
circle,unnormalized_rescaled,128,1,0.13757215847893842,2.724110345983581,1.016100621395399
circle,unnormalized_rescaled,128,1,0.14569931449437706,2.6458577008744397,1.0151766837322747
circle,unnormalized_rescaled,128,1,0.15430658702197608,2.5699189688202915,1.0143081281883841
circle,unnormalized_rescaled,128,1,0.16342233922651428,2.4962200552459355,1.0134912372481573
circle,unnormalized_rescaled,128,1,0.17307660984337883,2.424689754443052,1.0127220934281826
circle,unnormalized_rescaled,128,1,0.18330121216388173,2.3552596284594123,1.0119963732282056
circle,unnormalized_rescaled,128,1,0.19412983886819385,2.2878639077962735,1.0113089778452302
circle,unnormalized_rescaled,128,1,0.20559817305134415,2.222439423613067,1.0106533948172078
circle,unnormalized_rescaled,128,1,0.217744005808146,2.1589255860247647,1.0100206531344504
circle,unnormalized_rescaled,128,1,0.23060736076452193,2.09726442833298,1.009397705275596
circle,unnormalized_rescaled,128,1,0.24423062596558934,2.0374007419802576,1.008765052631892
circle,unnormalized_rescaled,128,1,0.25865869355511156,1.9792823305029674,1.0080934389242913
circle,unnormalized_rescaled,128,1,0.27393910770659674,1.9228604111865197,1.0073394840233192
circle,unnormalized_rescaled,128,1,0.29012222129351056,1.8680901886798364,1.006440230424845
circle,unnormalized_rescaled,128,1,0.30726136181487523,1.814931613871477,1.0053067320388926
circle,unnormalized_rescaled,128,1,0.32541300712302085,1.7633503229604246,1.0038170240902922
circle,unnormalized_rescaled,128,1,0.3446369715325545,1.7133187262332488,1.0018090539155367
circle,unnormalized_rescaled,128,1,0.36499660292383035,1.6648171855953697,0.9990743917610612
circle,unnormalized_rescaled,128,1,0.3865589914904182,1.6178351880925737,0.9953537354296884
circle,unnormalized_rescaled,128,1,0.40939519081845466,1.5723723944878523,0.9903353278011409
circle,unnormalized_rescaled,128,1,0.4335804520263846,1.528439422906249,0.9836573835499776
circle,unnormalized_rescaled,128,1,0.4591944717366473,1.48605822253109,0.9749154470265271
circle,unnormalized_rescaled,128,1,0.4863216546964321,1.445261904581605,0.963675273117043
circle,unnormalized_rescaled,128,1,0.5150513919129146,1.4060939281021327,0.9494913538848255
circle,unnormalized_rescaled,128,1,0.5454783552194905,1.3686065843953796,0.9319306420515199
circle,unnormalized_rescaled,128,1,0.5777028092436844,1.3328587815669952,0.9106003994186525
circle,unnormalized_rescaled,128,1,0.611830941804747,1.298913193060643,0.8851784866490293
circle,unnormalized_rescaled,128,1,0.6479752138296799,1.2668328938942777,0.8554438796864372
circle,unnormalized_rescaled,128,1,0.6862547299407633,1.23667765859623,0.8213048191163397
circle,unnormalized_rescaled,128,1,0.7267956309357504,1.2085001300764155,0.7828218401313429
circle,unnormalized_rescaled,128,1,0.7697315094540649,1.18234208553059,0.7402230486894199
circle,unnormalized_rescaled,128,1,0.8152038501987222,1.1582310231138895,0.6939094368488821
circle,unnormalized_rescaled,128,1,0.8633624961646189,1.1361772729938522,0.6444487641636447
circle,unnormalized_rescaled,128,1,0.9143661424095285,1.1161718017433824,0.5925575234819036
circle,unnormalized_rescaled,128,1,0.9683828589949176,1.0981848341339204,0.5390716605794339
circle,unnormalized_rescaled,128,1,1.025590644819788,1.0821653657576036,0.48490788874726554
circle,unnormalized_rescaled,128,1,1.0861780141725834,1.068041587654194,0.43101847142056426
circle,unnormalized_rescaled,128,1,1.1503446179339933,1.0557221935439614,0.3783430852852385
circle,unnormalized_rescaled,128,1,1.2183019014776777,1.0450984937623926,0.3277617084788238
circle,unnormalized_rescaled,128,1,1.2902738014368582,1.0360472192033923,0.2800523519746707
circle,unnormalized_rescaled,128,1,1.3664974836328154,1.0284338647251061,0.23585688966140667
circle,unnormalized_rescaled,128,1,1.447224124596935,1.022116395676282,0.19565733522343787
circle,unnormalized_rescaled,128,1,1.5327197392616319,1.0169491246758,0.15976380088168374
circle,unnormalized_rescaled,128,1,1.6232660575476028,1.012786559817355,0.12831421220349173
circle,unnormalized_rescaled,128,1,1.7191614527359766,1.0094870312145006,0.10128479124805538
circle,unnormalized_rescaled,128,1,1.820721924684612,1.0069159208514522,0.0785094700017749
circle,unnormalized_rescaled,128,1,1.9282821411284594,1.0049483507192052,0.05970582436721674
circle,unnormalized_rescaled,128,1,2.042196540495349,1.0034712245998152,0.04450484680617523
circle,unnormalized_rescaled,128,1,2.162840499871301,1.0023845666742945,0.032481885995434376
circle,unnormalized_rescaled,128,1,2.2906115719640177,1.0016021512637237,0.023186331396495518
circle,unnormalized_rescaled,128,1,2.4259307951407854,1.001051467635479,0.01616805197080343
circle,unnormalized_rescaled,128,1,2.5692440808575685,1.0006731070004604,0.010999148304756668
circle,unnormalized_rescaled,128,1,2.7210236830513375,1.0004196913218542,0.007290182808712454
circle,unnormalized_rescaled,128,1,2.881769754337612,1.000254482401351,0.004700652858388691
circle,unnormalized_rescaled,128,1,3.0520119941412367,1.0001498137578262,0.0029440114605546078
circle,unnormalized_rescaled,128,1,3.2323113941915294,1.0000854779024007,0.0017879725891213807
circle,unnormalized_rescaled,128,1,3.423262087133487,1.000047180388593,0.0010511302339529774
circle,unnormalized_rescaled,128,1,3.6254933043468873,1.0000251434321765,0.0005970556692107197
circle,unnormalized_rescaled,128,1,3.8396714494245985,1.0000129104891458,0.00032702139982464186
circle,unnormalized_rescaled,128,1,4.066502294142907,1.000006373272278,0.0001723577920385278
circle,unnormalized_rescaled,128,1,4.3067333041600895,1.0000030176867094,8.722017276481609e-05
circle,unnormalized_rescaled,128,1,4.561156102106904,1.0000013671255001,4.227824564507709e-05
circle,unnormalized_rescaled,128,1,4.83060907618573,1.0000005910615462,1.9581936250423944e-05
circle,unnormalized_rescaled,128,1,5.1159801428741,1.0000002431911683,8.643634889505262e-06
circle,unnormalized_rescaled,128,1,5.418209672836651,1.0000000949475056,3.626086182364508e-06
circle,unnormalized_rescaled,128,1,5.738293589687055,1.0000000350667018,1.441488832627982e-06
circle,unnormalized_rescaled,128,1,6.077286651811011,1.000000012211174,5.413450749461881e-07
circle,unnormalized_rescaled,128,1,6.436305928065031,1.000000003995421,1.9142942328823855e-07
circle,unnormalized_rescaled,128,1,6.816534478803998,1.0000000012238066,6.352076206518575e-08
circle,unnormalized_rescaled,128,1,7.219225254367697,1.0000000003495555,1.97065358915188e-08
circle,unnormalized_rescaled,128,1,7.645705223872752,1.0000000000927216,5.693986874113385e-09
circle,unnormalized_rescaled,128,1,8.097379747915202,1.000000000022741,1.5260207621774625e-09
circle,unnormalized_rescaled,128,1,8.575737209593296,1.0000000000051334,3.7771975288426293e-10
circle,unnormalized_rescaled,128,1,9.082353919110405,1.0000000000010612,8.595670892605537e-11
circle,unnormalized_rescaled,128,1,9.618899308120515,1.0000000000001998,1.7892334433765438e-11
circle,unnormalized_rescaled,128,1,10.18714143093245,1.0000000000000342,3.3927734699284715e-12
circle,unnormalized_rescaled,128,1,10.788952790701153,1.000000000000005,5.841605404324578e-13
circle,unnormalized_rescaled,128,1,11.426316509804652,1.0000000000000007,8.897809556255706e-14
circle,unnormalized_rescaled,128,1,12.101332864739435,1.0,1.1605838551638528e-14
circle,unnormalized_rescaled,128,1,12.816226207068953,1.0,-0.0
circle,unnormalized_rescaled,128,1,13.573352293230865,1.0,-0.0
circle,unnormalized_rescaled,128,1,14.375206047357182,1.0,-0.0
circle,unnormalized_rescaled,128,1,15.224429782687592,1.0,-0.0
circle,unnormalized_rescaled,128,1,16.12382190866729,1.0,-0.0
circle,unnormalized_rescaled,256,1,7.101482490777593e-05,245.90769803843108,0.08282434759955178
circle,unnormalized_rescaled,256,1,7.54686959839239e-05,245.2890181331107,0.08541409529607336
circle,unnormalized_rescaled,256,1,8.020190264371544e-05,244.6333540230848,0.09075502443596406
circle,unnormalized_rescaled,256,1,8.52319641118775e-05,243.93861538796423,0.09642881466133701
circle,unnormalized_rescaled,256,1,9.05774983748173e-05,243.20260929672673,0.10245606231191573
circle,unnormalized_rescaled,256,1,9.625829109218786e-05,242.42303723001618,0.10885861783116013
circle,unnormalized_rescaled,256,1,0.00010229536883041645,241.59749231898093,0.11565965925630906
circle,unnormalized_rescaled,256,1,0.00010871107688925306,240.7234568580128,0.12288376958844083
circle,unnormalized_rescaled,256,1,0.00011552916200940569,239.7983001564412,0.13055701817994247
circle,unnormalized_rescaled,256,1,0.00012277486026738974,238.81927680265915,0.13870704626739894
circle,unnormalized_rescaled,256,1,0.00013047499048292124,237.78352542333624,0.14736315676809397
circle,unnormalized_rescaled,256,1,0.00013865805348458677,236.68806803033047,0.15655640844234142
circle,unnormalized_rescaled,256,1,0.00014735433760120604,235.52981005865044,0.16631971450470928
circle,unnormalized_rescaled,256,1,0.00015659603076934766,234.30554121034197,0.17668794574247215
circle,unnormalized_rescaled,256,1,0.00016641733967194563,233.01193723144974,0.18769803816678632
circle,unnormalized_rescaled,256,1,0.0001768546163489909,231.645562762187,0.19938910518250452
circle,unnormalized_rescaled,256,1,0.00018794649274892527,230.20287541406154,0.21180255421293737
circle,unnormalized_rescaled,256,1,0.00019973402371876152,228.6802312418309,0.22498220765358212
circle,unnormalized_rescaled,256,1,0.00021226083896218337,227.07389179265016,0.23897442795424695
circle,unnormalized_rescaled,256,1,0.00022557330452807495,225.38003292940604,0.25382824653556213
circle,unnormalized_rescaled,256,1,0.0002397206944272046,223.59475563974382,0.26959549613359
circle,unnormalized_rescaled,256,1,0.00025475537301227483,221.71409905633416,0.286330946029139
circle,unnormalized_rescaled,256,1,0.00027073298879639034,219.73405592706922,0.30409243945175035
circle,unnormalized_rescaled,256,1,0.0002877126804273318,217.65059078559716,0.3229410322465469
circle,unnormalized_rescaled,256,1,0.00030575729558001986,215.45966108225488,0.3429411316484874
circle,unnormalized_rescaled,256,1,0.0003249336235773584,213.15724154229042,0.36416063371314067
circle,unnormalized_rescaled,256,1,0.0003453126426004794,210.73935202136323,0.3866710575960468
circle,unnormalized_rescaled,256,1,0.00036696978240338446,208.2020891266352,0.41054767444224183
circle,unnormalized_rescaled,256,1,0.0003899852035043919,205.54166186408975,0.43586962812582897
circle,unnormalized_rescaled,256,1,0.0004144440938877678,202.75443155766595,0.462720044450208
circle,unnormalized_rescaled,256,1,0.0004404369843137357,199.8369562618046,0.49118612465888134
circle,unnormalized_rescaled,256,1,0.00046806008340393747,196.78603985434063,0.521359218184017
circle,unnormalized_rescaled,256,1,0.0004974156337426096,193.59878594945485,0.5533348684494399
circle,unnormalized_rescaled,256,1,0.0005286122903115329,190.2726567085779,0.5872128241918375
circle,unnormalized_rescaled,256,1,0.0005617655226594602,186.8055365485963,0.6230970071330404
circle,unnormalized_rescaled,256,1,0.0005969980422946131,183.19580064925134,0.6610954248542384
circle,unnormalized_rescaled,256,1,0.0006344402568821454,179.44238804311692,0.701320015319908
circle,unnormalized_rescaled,256,1,0.0006742307529277383,175.54487892995317,0.7438864065861708
circle,unnormalized_rescaled,256,1,0.000716516808733891,171.50357569083675,0.7889135716882123
circle,unnormalized_rescaled,256,1,0.0007614549395275401,167.31958688495234,0.8365233544091097
circle,unnormalized_rescaled,256,1,0.0008092114767767151,162.9949132926468,0.8868398364181473
circle,unnormalized_rescaled,256,1,0.0008599631838404631,158.53253482256144,0.9399885099451097
circle,unnormalized_rescaled,256,1,0.0009138979102308101,153.93649682981584,0.9960952124958027
circle,unnormalized_rescaled,256,1,0.0009712152869083576,149.2119940993374,1.0552847708422348
circle,unnormalized_rescaled,256,1,0.0010321274651850982,144.36545043839521,1.1176792903322905
circle,unnormalized_rescaled,256,1,0.0010968599019693303,139.40459150244718,1.1833960121040832
circle,unnormalized_rescaled,256,1,0.001165652194259174,134.33850815842092,1.2525446446747281
circle,unnormalized_rescaled,256,1,0.0012387589659734132,129.17770738253222,1.3252240572062703
circle,unnormalized_rescaled,256,1,0.0013164508104021378,123.93414741203698,1.401518199161174
circle,unnormalized_rescaled,256,1,0.0013990152917655175,118.62125364186574,1.481491084758531
circle,unnormalized_rescaled,256,1,0.0014867580095878196,113.25391160143363,1.5651806505626666
circle,unnormalized_rescaled,256,1,0.0015800037298262944,107.84843329096948,1.6525912609848632
circle,unnormalized_rescaled,256,1,0.0016790975869415952,102.42249323019492,1.7436846004677875
circle,unnormalized_rescaled,256,1,0.0017844063613590658,96.99503080665822,1.8383686547929443
circle,unnormalized_rescaled,256,1,0.0018963198370491468,91.58611593840854,1.9364844512872281
circle,unnormalized_rescaled,256,1,0.002015252244251832,86.21677571610726,2.0377902055266475
circle,unnormalized_rescaled,256,1,0.0021416437926851627,80.90878058882065,2.1419425215541708
circle,unnormalized_rescaled,256,1,0.0022759623009127035,75.68438982343207,2.248474331020347
circle,unnormalized_rescaled,256,1,0.0024187049279008393,70.56605740588368,2.356769360230331
circle,unnormalized_rescaled,256,1,0.0025704000131749924,65.57610125313109,2.4660331209610433
circle,unnormalized_rescaled,256,1,0.0027316090323858152,60.736340536856986,2.575260784279237
circle,unnormalized_rescaled,256,1,0.0029029286755235337,56.067708027712,2.6832028867575843
circle,unnormalized_rescaled,256,1,0.0030849930554727313,51.58984656771983,2.7883307216506523
circle,unnormalized_rescaled,256,1,0.0032784760550820576,47.32070095373289,2.8888045768739943
circle,unnormalized_rescaled,256,1,0.003484093821436292,43.2761185217154,2.9824497735586135
circle,unnormalized_rescaled,256,1,0.003702607416562851,39.46947338925779,3.066747745499889
circle,unnormalized_rescaled,256,1,0.003934825634383942,35.91133045266473,3.138852045171575
circle,unnormalized_rescaled,256,1,0.004181607994340864,32.6091656497462,3.1956417585328367
circle,unnormalized_rescaled,256,1,0.004443867922770886,29.567158505768006,3.233826528446606
circle,unnormalized_rescaled,256,1,0.004722576133812107,26.786071426368828,3.250116852540465
circle,unnormalized_rescaled,256,1,0.005018764222350073,24.263227493647662,3.2414686599455678
circle,unnormalized_rescaled,256,1,0.005333528482305096,21.992594649208876,3.205400405282262
circle,unnormalized_rescaled,256,1,0.005668033964392814,19.964979206175567,3.140362939389668
circle,unnormalized_rescaled,256,1,0.0060235187883773585,18.16832583934474,3.046118526800477
circle,unnormalized_rescaled,256,1,0.006401298725778157,16.588114905343062,2.9240608775945773
circle,unnormalized_rescaled,256,1,0.006802772069992582,15.20784160740534,2.777392613469729
circle,unnormalized_rescaled,256,1,0.007229424811860431,14.009555695664629,2.6110818162973857
circle,unnormalized_rescaled,256,1,0.007682836139826777,12.97443567678976,2.4315530346502996
circle,unnormalized_rescaled,256,1,0.008164684285061195,12.08336846258571,2.246127438733332
circle,unnormalized_rescaled,256,1,0.008676752733168189,11.317504476690868,2.0622948839243307
circle,unnormalized_rescaled,256,1,0.009220936825480367,10.658759738151003,1.886951782224692
circle,unnormalized_rescaled,256,1,0.009799250774368221,10.090240375558327,1.725750910835103
circle,unnormalized_rescaled,256,1,0.010413835118532408,9.596571130158802,1.582676871438295
circle,unnormalized_rescaled,256,1,0.01106696464587322,9.164117125930026,1.4598978240887845
circle,unnormalized_rescaled,256,1,0.011761056813262491,8.781096724109878,1.3578757892204365
circle,unnormalized_rescaled,256,1,0.012498680694382392,8.437591700719116,1.2756673986807314
circle,unnormalized_rescaled,256,1,0.013282566488750158,8.12546833950666,1.2113255023937342
circle,unnormalized_rescaled,256,1,0.01411561562712491,7.8382285075094495,1.1623171997639332
circle,unnormalized_rescaled,256,1,0.015000911510700215,7.57081283426962,1.125895486941026
circle,unnormalized_rescaled,256,1,0.01594173092383163,7.319378567285894,1.0993885494672782
circle,unnormalized_rescaled,256,1,0.016941556162541952,7.0810727292258795,1.0803947762223451
circle,unnormalized_rescaled,256,1,0.018004087923695688,6.853817396346958,1.0668890614474478
circle,unnormalized_rescaled,256,1,0.019133259002550158,6.636119013587141,1.057256340838201
circle,unnormalized_rescaled,256,1,0.020333248849382497,6.42690848923139,1.0502726840803405
circle,unnormalized_rescaled,256,1,0.02160849903907168,6.225414112307087,1.04505426293046
circle,unnormalized_rescaled,256,1,0.022963729710893787,6.031065639871897,1.040991698594997
circle,unnormalized_rescaled,256,1,0.024403957039379847,5.84342546707999,1.037683001550338
circle,unnormalized_rescaled,256,1,0.025934511800901904,5.66214161079481,1.0348736343832385
circle,unnormalized_rescaled,256,1,0.027561059104708737,5.486917092944044,1.0324079707001452
circle,unnormalized_rescaled,256,1,0.02928961936144223,5.3174908771250875,1.030193111139429
circle,unnormalized_rescaled,256,1,0.031126590566746565,5.153626450014143,1.0281738610362297
circle,unnormalized_rescaled,256,1,0.03307877198244918,4.995105163789377,1.0263166092256455
circle,unnormalized_rescaled,256,1,0.0351533893029658,4.841722377100562,1.0245996244245958
circle,unnormalized_rescaled,256,1,0.037358121400079054,4.693285157166702,1.0230075827786393
circle,unnormalized_rescaled,256,1,0.03970112874508232,4.549610817713603,1.0215286620247674
circle,unnormalized_rescaled,256,1,0.04219108361348882,4.410525896147199,1.0201530736625486
circle,unnormalized_rescaled,256,1,0.04483720218410411,4.275865366328386,1.0188723421159018
circle,unnormalized_rescaled,256,1,0.04764927865127169,4.145471987430072,1.0176789459733264
circle,unnormalized_rescaled,256,1,0.05063772147655253,4.019195741242837,1.0165661252808817
circle,unnormalized_rescaled,256,1,0.05381359191401893,3.8968933343983347,1.015527763122467
circle,unnormalized_rescaled,256,1,0.05718864495175781,3.7784277526295544,1.0145583016019764
circle,unnormalized_rescaled,256,1,0.06077537282112194,3.66366785886204,1.013652675756461
circle,unnormalized_rescaled,256,1,0.06458705123477203,3.5524880291332246,1.012806258597827
circle,unnormalized_rescaled,256,1,0.06863778852465226,3.44476782155199,1.012014814201759
circle,unnormalized_rescaled,256,1,0.07294257786177616,3.3403916743144686,1.0112744571599777
circle,unnormalized_rescaled,256,1,0.07751735275110583,3.23924862939682,1.0105816172722974
circle,unnormalized_rescaled,256,1,0.08237904600693068,3.14123207903138,1.0099330086189227
circle,unnormalized_rescaled,256,1,0.08754565242703272,3.0462395324746345,1.0093256022885733
circle,unnormalized_rescaled,256,1,0.09303629539761867,2.954172400915784,1.0087566020610446
circle,unnormalized_rescaled,256,1,0.0988712976755451,2.86493579867314,1.0082234221750532
circle,unnormalized_rescaled,256,1,0.10507225660982696,2.77843835910804,1.0077236657365596
circle,unnormalized_rescaled,256,1,0.1116621240808495,2.694592063995631,1.0072551008815918
circle,unnormalized_rescaled,256,1,0.11866529145316662,2.613312085506334,1.0068156286226682
circle,unnormalized_rescaled,256,1,0.12610767985632476,2.5345166406084614,1.006403229874918
circle,unnormalized_rescaled,256,1,0.13401683612787268,2.45812685882677,1.0060158671878714
circle,unnormalized_rescaled,256,1,0.1424220347736761,2.384066666217151,1.0056512962160902
circle,unnormalized_rescaled,256,1,0.15135438632292525,2.3122626915708056,1.0053067098824116
circle,unnormalized_rescaled,256,1,0.16084695247889702,2.2426442056782707,1.0049780927822791
circle,unnormalized_rescaled,256,1,0.17093486849168263,2.175143111227504,1.0046591064902106
circle,unnormalized_rescaled,256,1,0.1816554732058247,2.1096940093842185,1.0043392661567498
circle,unnormalized_rescaled,256,1,0.19304844726421483,2.0462343783181614,1.0040011215033502
circle,unnormalized_rescaled,256,1,0.20515595997979194,1.9847049068604172,1.00361614557114
circle,unnormalized_rescaled,256,1,0.21802282541866358,1.9250500300211182,1.0031390913521445
circle,unnormalized_rescaled,256,1,0.23169666827236776,1.8672187085478356,1.00250072553502
circle,unnormalized_rescaled,256,1,0.2462281001332266,1.8111654785916138,1.001599102350129
circle,unnormalized_rescaled,256,1,0.26167090682524424,1.756851767854597,1.0002898879265025
circle,unnormalized_rescaled,256,1,0.2780822474839294,1.7042474319699183,0.9983766470687723
circle,unnormalized_rescaled,256,1,0.295522866121902,1.653332413395122,0.9956023940203789
circle,unnormalized_rescaled,256,1,0.3140573164633628,1.6040983722412656,0.9916440051546616
circle,unnormalized_rescaled,256,1,0.333754200879615,1.5565500939764805,0.9861112144121726
circle,unnormalized_rescaled,256,1,0.35468642431001957,1.5107064529966021,0.9785518006468017
circle,unnormalized_rescaled,256,1,0.3769314641082349,1.4666007118985562,0.9684642018495948
circle,unnormalized_rescaled,256,1,0.4005716568125325,1.4242799681886413,0.9553181657383298
circle,unnormalized_rescaled,256,1,0.4256945029016269,1.3838036221135135,0.9385832181809146
circle,unnormalized_rescaled,256,1,0.4523929906640205,1.3452408249549035,0.9177637793568216
circle,unnormalized_rescaled,256,1,0.48076594037962234,1.3086669658294645,0.892438782694382
circle,unnormalized_rescaled,256,1,0.5109183700875699,1.2741593538195422,0.8623027668803798
circle,unnormalized_rescaled,256,1,0.5429618842940883,1.2417923382289373,0.8272047362705437
circle,unnormalized_rescaled,256,1,0.577015087059128,1.211632172294897,0.7871807373611777
circle,unnormalized_rescaled,256,1,0.6132040209907569,1.1837319580696986,0.7424761808792666
circle,unnormalized_rescaled,256,1,0.6516626337721758,1.1581270102942272,0.6935545178268625
circle,unnormalized_rescaled,256,1,0.6925332739481328,1.1348309471851887,0.6410899618496133
circle,unnormalized_rescaled,256,1,0.7359672178058191,1.113832761787786,0.585943467699908
circle,unnormalized_rescaled,256,1,0.7821252293003952,1.095095056456282,0.5291229653840326
circle,unnormalized_rescaled,256,1,0.8311781550976581,1.0785535430289042,0.471730674323378
circle,unnormalized_rescaled,256,1,0.8833075569362613,1.064117829384169,0.4149019042496084
circle,unnormalized_rescaled,256,1,0.9387063836501263,1.051673434732464,0.3597408276463201
circle,unnormalized_rescaled,256,1,0.9975796853383927,1.0410849049721693,0.307259094915764
circle,unnormalized_rescaled,256,1,1.0601453723263072,1.0321998382578448,0.25832279044486456
circle,unnormalized_rescaled,256,1,1.126635021726251,1.0248535815757065,0.21361216406492406
circle,unnormalized_rescaled,256,1,1.197294734584213,1.0188743236311555,0.173597005418035
circle,unnormalized_rescaled,256,1,1.272386046784367,1.0140882900380648,0.13852871872233455
circle,unnormalized_rescaled,256,1,1.352186897083255,1.0103247460143234,0.1084483766415454
circle,unnormalized_rescaled,256,1,1.4369926558566763,1.0074205312780615,0.0832085185242017
circle,unnormalized_rescaled,256,1,1.5271172183669517,1.0052238919019707,0.06250536846612775
circle,unnormalized_rescaled,256,1,1.6228941665971985,1.0035974326342616,0.04591755327683048
circle,unnormalized_rescaled,256,1,1.7246780039529015,1.0024200862038277,0.03294729209963457
circle,unnormalized_rescaled,256,1,1.8328454674008519,1.001588076599054,0.023060343961573065
circle,unnormalized_rescaled,256,1,1.9477969219021782,1.0010149328390463,0.01572163968813128
circle,unnormalized_rescaled,256,1,2.0699578423006493,1.0006306795414563,0.010424379203061091
circle,unnormalized_rescaled,256,1,2.1997803881513445,1.0003803828763937,0.006711331075931697
circle,unnormalized_rescaled,256,1,2.33774507731855,1.0002222599332184,0.004188019918479511
circle,unnormalized_rescaled,256,1,2.48436256453757,1.0001255641502624,0.0025283305932266133
circle,unnormalized_rescaled,256,1,2.640175531523384,1.000068441022269,0.0014737148693585052
circle,unnormalized_rescaled,256,1,2.8057606956222405,1.000035911882242,0.0008276007582476385
circle,unnormalized_rescaled,256,1,2.981730944440763,1.0000180964768532,0.00044675654770737986
circle,unnormalized_rescaled,256,1,3.1687376043536277,1.0000087353916296,0.00023126889674422344
circle,unnormalized_rescaled,256,1,3.3674728512863874,1.000004028398259,0.0001145115190953786
circle,unnormalized_rescaled,256,1,3.578672272696433,1.0000017697005492,5.408645750158433e-05
circle,unnormalized_rescaled,256,1,3.8031175902350625,1.0000007383495668,2.4298850215360338e-05
circle,unnormalized_rescaled,256,1,4.0416395531679425,1.0000002916172004,1.0351795961467533e-05
circle,unnormalized_rescaled,256,1,4.295121013263747,1.0000001086568935,4.168440287075155e-06
circle,unnormalized_rescaled,256,1,4.564500192531936,1.0000000380538923,1.581138631981307e-06
circle,unnormalized_rescaled,256,1,4.850774155904952,1.000000012477346,5.628934681935345e-07
circle,unnormalized_rescaled,256,1,5.155002501718226,1.000000003813481,1.8735749641552009e-07
circle,unnormalized_rescaled,256,1,5.478311283647775,1.0000000010805223,5.8068812480004586e-08
circle,unnormalized_rescaled,256,1,5.821897178621982,1.0000000002811964,1.6688564064515788e-08
circle,unnormalized_rescaled,256,1,6.1870319161341305,1.0000000000653688,4.429646224609087e-09
circle,unnormalized_rescaled,256,1,6.57506698535047,1.0000000000117442,1.0837823108887668e-09
circle,unnormalized_rescaled,256,1,6.987438637436052,0.9999999999994431,2.4676513841764374e-10
circle,unnormalized_rescaled,256,1,7.425673201614055,0.9999999999967336,5.60556917839845e-11
circle,unnormalized_rescaled,256,1,7.891392734634752,0.9999999999960333,1.6953775957485035e-11
circle,unnormalized_rescaled,256,1,8.386321024565193,0.9999999999957023,1.007297766276296e-11
circle,unnormalized_rescaled,256,1,8.912289971121204,0.9999999999954206,9.381247542420469e-12
circle,unnormalized_rescaled,256,1,9.471246366158011,0.9999999999951317,9.771828665784612e-12
circle,unnormalized_rescaled,256,1,10.065259099415982,0.9999999999948261,1.0357700350830182e-11
circle,unnormalized_rescaled,256,1,10.696526816192614,0.9999999999945016,1.1003801835273196e-11
circle,unnormalized_rescaled,256,1,11.367386055284628,0.9999999999941568,1.1693706810187383e-11
circle,unnormalized_rescaled,256,1,12.080319897320987,0.9999999999937903,1.2425590130136542e-11
circle,unnormalized_rescaled,256,1,12.837967155497966,0.999999999993401,1.2801570090010654e-11
circle,unnormalized_rescaled,512,1,2.2630772812321686e-05,491.3870371793786,0.08480237402138012
circle,unnormalized_rescaled,512,1,2.413451132552637e-05,490.0484766765178,0.08761396391730614
circle,unnormalized_rescaled,512,1,2.5738168190386457e-05,488.62517401110466,0.09342315030920645
circle,unnormalized_rescaled,512,1,2.7448382644315747e-05,487.1120604740364,0.0996165945937264
circle,unnormalized_rescaled,512,1,2.927223507965829e-05,485.5038046764384,0.10621958335053705
circle,unnormalized_rescaled,512,1,3.1217276356944994e-05,483.7948046365117,0.11325904812142085
circle,unnormalized_rescaled,512,1,3.3291559065917865e-05,481.97918051994907,0.12076366955480466
circle,unnormalized_rescaled,512,1,3.550367086374354e-05,480.0507682128193,0.12876398769232367
circle,unnormalized_rescaled,512,1,3.786277002843863e-05,478.00311393105005,0.13729251868301162
circle,unnormalized_rescaled,512,1,4.037862337470065e-05,475.8294700983821,0.14638387821001686
circle,unnormalized_rescaled,512,1,4.3061646689117255e-05,473.52279275499893,0.15607491190823453
circle,unnormalized_rescaled,512,1,4.5922947852159396e-05,471.0757407920214,0.16640483304416875
circle,unnormalized_rescaled,512,1,4.897437282548517e-05,468.4806773427099,0.17741536771117694
circle,unnormalized_rescaled,512,1,5.222855469494523e-05,465.72967369948645,0.18915090777328203
circle,unnormalized_rescaled,512,1,5.569896597232968e-05,462.81451616664503,0.20165867175741425
circle,unnormalized_rescaled,512,1,5.939997437239045e-05,459.7267163016234,0.21498887385388343
circle,unnormalized_rescaled,512,1,6.334690229605826e-05,456.4575250426177,0.22919490112820995
circle,unnormalized_rescaled,512,1,6.755609026611864e-05,452.997951266604,0.24433349897627465
circle,unnormalized_rescaled,512,1,7.204496457797529e-05,449.3387853687906,0.2604649647636137
circle,unnormalized_rescaled,512,1,7.683210944557713e-05,445.4706285012333,0.27765334947254416
circle,unnormalized_rescaled,512,1,8.193734394120013e-05,441.38392815358816,0.2959666670357137
circle,unnormalized_rescaled,512,1,8.738180404761735e-05,437.0690208012539,0.3154771108507788
circle,unnormalized_rescaled,512,1,9.318803016235989e-05,432.5161823835524,0.33626127674331485
circle,unnormalized_rescaled,512,1,9.938006041633884e-05,427.71568740483417,0.35840039136014923
circle,unnormalized_rescaled,512,1,0.00010598353019317702,422.65787747164643,0.3819805446248097
circle,unnormalized_rescaled,512,1,0.00011302577826126318,417.3332400860887,0.40709292444969947
circle,unnormalized_rescaled,512,1,0.00012053595995792429,411.73249850524746,0.4338340513607477
circle,unnormalized_rescaled,512,1,0.0001285451678943028,405.84671344466125,0.46230601002348237
circle,unnormalized_rescaled,512,1,0.0001370865606806676,399.66739734488453,0.49261667383696306
circle,unnormalized_rescaled,512,1,0.00014619550020508604,393.1866418285693,0.524879917740563
circle,unnormalized_rescaled,512,1,0.0001559096980338015,386.3972588445405,0.5592158131234441
circle,unnormalized_rescaled,512,1,0.00016626937153942263,379.29293581802943,0.5957507971642144
circle,unnormalized_rescaled,512,1,0.00017731741040330243,371.8684048949925,0.6346178070012769
circle,unnormalized_rescaled,512,1,0.00018909955418144116,364.119626075439,0.6759563667413033
circle,unnormalized_rescaled,512,1,0.0002016645816690419,356.0439836680983,0.7199126123434638
circle,unnormalized_rescaled,512,1,0.00021506451284770387,347.64049505908173,0.7666392357311906
circle,unnormalized_rescaled,512,1,0.00022935482425132548,338.91003026388444,0.8162953248927067
circle,unnormalized_rescaled,512,1,0.0002445946786423443,329.8555401200723,0.8690460710201364
circle,unnormalized_rescaled,512,1,0.00026084716994918816,320.4822902746408,0.9250623066129293
circle,unnormalized_rescaled,512,1,0.00027817958447899475,310.7980973260201,0.9845198295840589
circle,unnormalized_rescaled,512,1,0.00029666367948703556,300.81356260129166,1.0475984573079558
circle,unnormalized_rescaled,512,1,0.0003163759802561357,290.54229809554295,1.1144807406843
circle,unnormalized_rescaled,512,1,0.00033739809691602315,280.00113809104073,1.1853502509725757
circle,unnormalized_rescaled,512,1,0.0003598170623142508,269.2103289366766,1.2603893305302876
circle,unnormalized_rescaled,512,1,0.0003837256923375042,258.19368844119504,1.3397761716365437
circle,unnormalized_rescaled,512,1,0.00040922297017504484,246.97872536743824,1.4236810540656393
circle,unnormalized_rescaled,512,1,0.00043641445611516185,235.59670867284655,1.5122615305618297
circle,unnormalized_rescaled,512,1,0.0004654127245712146,224.08267550122815,1.605656298241314
circle,unnormalized_rescaled,512,1,0.0004963378301465845,212.47536658343995,1.7039774315179983
circle,unnormalized_rescaled,512,1,0.0005293178046680681,200.81707775330986,1.807300576848533
circle,unnormalized_rescaled,512,1,0.000564489187245465,189.15341684211612,1.9156526203745727
circle,unnormalized_rescaled,512,1,0.0006019975895518347,177.53295639639683,2.028996236625659
circle,unnormalized_rescaled,512,1,0.0006419982986647203,166.00677458233835,2.147210612587898
circle,unnormalized_rescaled,512,1,0.0006846569199641389,154.62787939421133,2.2700675240608064
circle,unnormalized_rescaled,512,1,0.0007301500627489765,143.45051494612403,2.397201835854844
circle,unnormalized_rescaled,512,1,0.0007786660714102732,132.52935322503632,2.5280754331012076
circle,unnormalized_rescaled,512,1,0.000830405805188516,121.91858018758529,2.6619336184968603
circle,unnormalized_rescaled,512,1,0.0008855834697431633,111.67089138415125,2.7977532137668817
circle,unnormalized_rescaled,512,1,0.0009444275039771666,101.83641918470775,2.9341821157814394
circle,unnormalized_rescaled,512,1,0.0010071815257879895,92.46162084604954,3.0694710778942067
circle,unnormalized_rescaled,512,1,0.0010741053406605884,83.588163665067,3.201400295740413
circle,unnormalized_rescaled,512,1,0.001145476017277993,75.25184975979329,3.3272063341920415
circle,unnormalized_rescaled,512,1,0.001221589034602589,67.48162796479019,3.4435194325137033
circle,unnormalized_rescaled,512,1,0.001302759505177074,60.29874321590275,3.546327556729338
circle,unnormalized_rescaled,512,1,0.0013893234797096449,53.71607392415031,3.630991611231039
circle,unnormalized_rescaled,512,1,0.0014816393383444615,47.73770456644799,3.6923449059583433
circle,unnormalized_rescaled,512,1,0.0015800892743773399,42.35877358789355,3.7249165128154473
circle,unnormalized_rescaled,512,1,0.0016850808765593538,37.565625526023396,3.7233172831996484
circle,unnormalized_rescaled,512,1,0.0017970488165391753,33.336281216382254,3.682811338769014
circle,unnormalized_rescaled,512,1,0.00191645664843025,29.641221662083424,3.6000567520995546
circle,unnormalized_rescaled,512,1,0.0020437987279531672,26.444460785717617,3.4739340779826264
circle,unnormalized_rescaled,512,1,0.0021796022590985374,23.70486144312762,3.306301302877621
circle,unnormalized_rescaled,512,1,0.0023244294767837343,21.37762975258016,3.102449883061368
circle,unnormalized_rescaled,512,1,0.0024788799745398176,19.415907153586993,2.8710352043630962
circle,unnormalized_rescaled,512,1,0.0026435931868653713,17.772369749855102,2.623353002387269
circle,unnormalized_rescaled,512,1,0.0028192510365244237,16.400742101800816,2.372022984689764
circle,unnormalized_rescaled,512,1,0.0030065807577483367,15.257138678439157,2.1293514183087865
circle,unnormalized_rescaled,512,1,0.003206357907029987,14.301160619923996,1.9057716391279058
circle,unnormalized_rescaled,512,1,0.0034194095739750116,13.496697119774884,1.7087345292908083
circle,unnormalized_rescaled,512,1,0.0036466178055033433,12.81240732287276,1.5422543752438926
circle,unnormalized_rescaled,512,1,0.0038889232575773313,12.221887010632638,1.4070979861123618
circle,unnormalized_rescaled,512,1,0.004147329089574919,11.703550964889882,1.3014367214501874
circle,unnormalized_rescaled,512,1,0.004422905117430776,11.240283404724924,1.221714465420817
circle,unnormalized_rescaled,512,1,0.004716792242739614,10.818922696847219,1.163510714363433
circle,unnormalized_rescaled,512,1,0.005030207176158541,10.429651337972265,1.1222535917974525
circle,unnormalized_rescaled,512,1,0.005364447474663489,10.065358189807087,1.0937194219783564
circle,unnormalized_rescaled,512,1,0.005720896913514426,9.721028732317277,1.0743182067993189
circle,unnormalized_rescaled,512,1,0.0061010312151694515,9.393203342286181,1.0612011640438084
circle,unnormalized_rescaled,512,1,0.006506424158865967,9.079526383529432,1.052241302868815
circle,unnormalized_rescaled,512,1,0.006938754096162899,8.778393059565174,1.045938019766993
circle,unnormalized_rescaled,512,1,0.007399810899418674,8.488688597362609,1.0412884112763692
circle,unnormalized_rescaled,512,1,0.007891503371972204,8.209606400378874,1.0376561875769283
circle,unnormalized_rescaled,512,1,0.008415867150705292,7.940528269684413,1.0346569541745083
circle,unnormalized_rescaled,512,1,0.008975073133703777,7.680949788511471,1.032068257410124
circle,unnormalized_rescaled,512,1,0.009571436467908204,7.430436248001715,1.0297652519005567
circle,unnormalized_rescaled,512,1,0.01020742613396365,7.188597808164683,1.0276783875766355
circle,unnormalized_rescaled,512,1,0.010885675167950505,6.955075961020088,1.0257677083299903
circle,unnormalized_rescaled,512,1,0.011608991562314656,6.729536206241205,1.0240083990322155
circle,unnormalized_rescaled,512,1,0.012380369891127894,6.511663941139768,1.0223832408124203
circle,unnormalized_rescaled,512,1,0.013203003707807463,6.3011619386963185,1.0208789351612175
circle,unnormalized_rescaled,512,1,0.01408029876662245,6.09774859820052,1.01948441046612
circle,unnormalized_rescaled,512,1,0.015015887122724482,5.90115658747418,1.0181900614404462
circle,unnormalized_rescaled,512,1,0.016013642169078034,5.711131707533817,1.016987394541495
circle,unnormalized_rescaled,512,1,0.01707769467254404,5.527431905237981,1.0158688393758446
circle,unnormalized_rescaled,512,1,0.01821244987550699,5.349826398769313,1.0148276260975706
circle,unnormalized_rescaled,512,1,0.019422605733847742,5.178094896449112,1.0138576900772733
circle,unnormalized_rescaled,512,1,0.020713172366767788,5.012026895770556,1.0129535894904969
circle,unnormalized_rescaled,512,1,0.02208949279898905,4.851421052494308,1.01211043056027
circle,unnormalized_rescaled,512,1,0.023557265081202584,4.6960846113190495,1.011323798595015
circle,unnormalized_rescaled,512,1,0.02512256588034668,4.545832890762673,1.0105896943947812
circle,unnormalized_rescaled,512,1,0.026791875637379396,4.400488815738026,1.0099044762968425
circle,unnormalized_rescaled,512,1,0.028572105396699927,4.259882492000612,1.009264808457683
circle,unnormalized_rescaled,512,1,0.030470625418294955,4.123850817253833,1.0086676160187942
circle,unnormalized_rescaled,512,1,0.03249529569106512,3.9922371242658308,1.0081100476222637
circle,unnormalized_rescaled,512,1,0.03465449847365962,3.86489085190697,1.0075894453809902
circle,unnormalized_rescaled,512,1,0.036957172997538985,3.7416672405689955,1.0071033219488221
circle,unnormalized_rescaled,512,1,0.039412852475939675,3.622427048969816,1.0066493438748942
circle,unnormalized_rescaled,512,1,0.04203170357195954,3.5070362898653675,1.0062253200628248
circle,unnormalized_rescaled,512,1,0.04482456848916399,3.3953659826593827,1.0058291939634323
circle,unnormalized_rescaled,512,1,0.04780300985897163,3.2872919213020344,1.0054590381382624
circle,unnormalized_rescaled,512,1,0.05097935861065455,3.1826944561862773,1.005113050017112
circle,unnormalized_rescaled,512,1,0.05436676502213934,3.0814582889841193,1.0047895479634263
circle,unnormalized_rescaled,512,1,0.05797925316296096,2.9834722795253454,1.0044869670446879
circle,unnormalized_rescaled,512,1,0.06183177895476767,2.888629263930395,1.0042038540219043
circle,unnormalized_rescaled,512,1,0.06594029208975082,2.7968258833021826,1.0039388607567723
circle,unnormalized_rescaled,512,1,0.07032180206334462,2.7079624224130514,1.0036907339463124
circle,unnormalized_rescaled,512,1,0.07499444859457723,2.6219426580911223,1.003458295698671
circle,unnormalized_rescaled,512,1,0.07997757672561535,2.5386737176016263,1.0032404017587435
circle,unnormalized_rescaled,512,1,0.08529181691142156,2.458065948573526,1.0030358484316881
circle,unnormalized_rescaled,512,1,0.09095917043109791,2.3800328044962495,1.0028431700549891
circle,unnormalized_rescaled,512,1,0.09700310047452608,2.3044907542829605,1.0026602201729489
circle,unnormalized_rescaled,512,1,0.10344862928140752,2.231359231727417,1.0024833573338565
circle,unnormalized_rescaled,512,1,0.11032244173486412,2.1605606514536446,1.0023059633145834
circle,unnormalized_rescaled,512,1,0.11765299583848582,2.092020531871065,1.0021159225624583
circle,unnormalized_rescaled,512,1,0.1254706405342035,2.0256677808077983,1.0018916180918112
circle,unnormalized_rescaled,512,1,0.1338077413487641,1.961435211906446,1.00159599758849
circle,unnormalized_rescaled,512,1,0.1426988143889881,1.8992603635566956,1.0011683866746495
circle,unnormalized_rescaled,512,1,0.15218066924056137,1.8390866802381836,1.0005140154404195
circle,unnormalized_rescaled,512,1,0.16229256136196962,1.7808650829413313,0.9994916882998979
circle,unnormalized_rescaled,512,1,0.17307635460449425,1.7245558988094902,0.9979006255637595
circle,unnormalized_rescaled,512,1,0.184576694531116,1.6701310441493464,0.9954681441458924
circle,unnormalized_rescaled,512,1,0.19684119325187252,1.6175762699881393,0.9918403910039091
circle,unnormalized_rescaled,512,1,0.20992062654090482,1.5668932013515617,0.9865786516249218
circle,unnormalized_rescaled,512,1,0.2238691440512634,1.518100848569875,0.9791637066364203
circle,unnormalized_rescaled,512,1,0.2387444934977815,1.4712362572101547,0.9690102362401811
circle,unnormalized_rescaled,512,1,0.254608259736144,1.426354002229958,0.9554923785829965
circle,unnormalized_rescaled,512,1,0.2715261197279515,1.3835243218215363,0.9379803076566882
circle,unnormalized_rescaled,512,1,0.2895681144473552,1.3428298173274702,0.9158862383484543
circle,unnormalized_rescaled,512,1,0.308808938854972,1.304360799536192,0.8887167591812615
circle,unnormalized_rescaled,512,1,0.3293282511395821,1.2682095161244689,0.856127028969508
circle,unnormalized_rescaled,512,1,0.3512110025079005,1.2344636276286682,0.817971354896855
circle,unnormalized_rescaled,512,1,0.37454778888776324,1.2031993920839101,0.7743441951042085
circle,unnormalized_rescaled,512,1,0.399435226000804,1.1744750606766992,0.7256058683479432
circle,unnormalized_rescaled,512,1,0.4259763493574485,1.1483249761692729,0.6723883088413525
circle,unnormalized_rescaled,512,1,0.4542810408302191,1.124754807937014,0.6155780650262312
circle,unnormalized_rescaled,512,1,0.4844664835714044,1.1037382631845098,0.5562762452581682
circle,unnormalized_rescaled,512,1,0.5166576471584691,1.0852154968073455,0.49573794151845285
circle,unnormalized_rescaled,512,1,0.5509878049757444,1.069093315701442,0.4352963742214008
circle,unnormalized_rescaled,512,1,0.5875990859743776,1.0552471480402894,0.3762791208804481
circle,unnormalized_rescaled,512,1,0.6266430630948786,1.043524631994002,0.3199249182333115
circle,unnormalized_rescaled,512,1,0.6682813807883543,1.0337505767201207,0.2673094404229118
circle,unnormalized_rescaled,512,1,0.7126864242344126,1.0257329648838442,0.21928717392325336
circle,unnormalized_rescaled,512,1,0.7600420330263457,1.0192696039138445,0.17645428624013276
circle,unnormalized_rescaled,512,1,0.8105442622782707,1.0141549966127839,0.13913463792710568
circle,unnormalized_rescaled,512,1,0.8644021943052891,1.0101869948368607,0.10738829122551174
circle,unnormalized_rescaled,512,1,0.9218388042370448,1.0071728261101704,0.08103944727243964
circle,unnormalized_rescaled,512,1,0.983091883148385,1.0049341431747711,0.05971899232816225
circle,unnormalized_rescaled,512,1,1.0484150225289481,1.0033108376043534,0.04291588852923118
circle,unnormalized_rescaled,512,1,1.118078664167415,1.0021634730663502,0.030031498501052484
circle,unnormalized_rescaled,512,1,1.1923712197970477,1.0013743196216507,0.020431473496401842
circle,unnormalized_rescaled,512,1,1.2716002651378844,1.0008470928165611,0.013490890038658897
circle,unnormalized_rescaled,512,1,1.3560938132790255,1.0005056050805836,0.008629695360950911
circle,unnormalized_rescaled,512,1,1.4462016726728502,1.0002916093507848,0.005337020808806683
circle,unnormalized_rescaled,512,1,1.542296895363396,1.000162148093742,0.003184359590739996
circle,unnormalized_rescaled,512,1,1.6447773214446133,1.0000867137029166,0.0018288179867643082
circle,unnormalized_rescaled,512,1,1.7540672261426618,1.0000444840313851,0.0010085118246206072
circle,unnormalized_rescaled,512,1,1.8706190763412869,1.0000218303848734,0.0005326221129934813
circle,unnormalized_rescaled,512,1,1.9949154038223453,1.0000102183353061,0.00026864320803396196
circle,unnormalized_rescaled,512,1,2.127470802976882,1.0000045477450166,0.00012902182576652273
circle,unnormalized_rescaled,512,1,2.2688340612573503,1.0000019180254396,5.8818017389695876e-05
circle,unnormalized_rescaled,512,1,2.419590431191195,1.0000007638417798,2.5366405070701242e-05
circle,unnormalized_rescaled,512,1,2.5803640533620973,1.0000002861466823,1.031233857587277e-05
circle,unnormalized_rescaled,512,1,2.751820540390101,1.0000001004259376,3.936900952057014e-06
circle,unnormalized_rescaled,512,1,2.9346697326085533,1.0000000328770937,1.4057073877013017e-06
circle,unnormalized_rescaled,512,1,3.1296686368464464,1.0000000099936663,4.674231269777828e-07
circle,unnormalized_rescaled,512,1,3.3376245604829755,1.0000000028067293,1.4408280489888424e-07
circle,unnormalized_rescaled,512,1,3.5593984537493815,1.0000000007245007,4.097175730937356e-08
circle,unnormalized_rescaled,512,1,3.7959084741155418,1.0000000001709255,1.0692382994917566e-08
circle,unnormalized_rescaled,512,1,4.048133787517996,1.000000000036636,2.546729171076461e-09
circle,unnormalized_rescaled,512,1,4.3171186221667455,1.0000000000070888,5.503638248740849e-10
circle,unnormalized_rescaled,512,1,4.603976591713888,1.00000000000123,1.0723560675597452e-10
circle,unnormalized_rescaled,512,1,4.909895305682135,1.00000000000019,1.871419935732215e-11
circle,unnormalized_rescaled,512,1,5.236141286240838,1.000000000000026,2.9061888341707288e-12
circle,unnormalized_rescaled,512,1,5.584065211685154,1.000000000000003,3.969260284200226e-13
circle,unnormalized_rescaled,512,1,5.955107508326711,1.0000000000000004,4.8321429546787966e-14
circle,unnormalized_rescaled,512,1,6.3508043139466075,1.0,6.903061363826576e-15
circle,unnormalized_rescaled,512,1,6.772793837499614,1.0,-0.0
circle,unnormalized_rescaled,512,1,7.222823141399409,1.0,-0.0
circle,unnormalized_rescaled,512,1,7.702755374463691,1.0,-0.0
circle,unnormalized_rescaled,512,1,8.214577485464204,1.0,-0.0
circle,unnormalized_rescaled,1024,1,8.273280177309123e-06,982.0841287740293,0.0864384990542192
circle,unnormalized_rescaled,1024,1,8.856290229210649e-06,979.1980091201733,0.08947946830187448
circle,unnormalized_rescaled,1024,1,9.480384435562862e-06,976.1182150511086,0.0957750099735648
circle,unnormalized_rescaled,1024,1,1.0148457956991895e-05,972.832478462766,0.1025127066930338
circle,unnormalized_rescaled,1024,1,1.0863609973292966e-05,969.3278599621362,0.10972349346982924
circle,unnormalized_rescaled,1024,1,1.1629158060463811e-05,965.5907279650571,0.11744045121093905
circle,unnormalized_rescaled,1024,1,1.2448653580873882e-05,961.6067397819154,0.12569895262298303
circle,unnormalized_rescaled,1024,1,1.3325898157963733e-05,957.3608252519873,0.13453681753870228
circle,unnormalized_rescaled,1024,1,1.4264961311900796e-05,952.837173570257,0.14399447818742317
circle,unnormalized_rescaled,1024,1,1.5270199338002527e-05,948.0192240422439,0.15411515493966021
circle,unnormalized_rescaled,1024,1,1.6346275515503755e-05,942.8896616029604,0.16494504306356816
circle,unnormalized_rescaled,1024,1,1.7498181740416608e-05,937.430418045735,0.17653351103169257
circle,unnormalized_rescaled,1024,1,1.8731261682836818e-05,931.6226800252473,0.1889333109097464
circle,unnormalized_rescaled,1024,1,2.005123557612324e-05,925.4469050263824,0.2022008013469474
circle,unnormalized_rescaled,1024,1,2.1464226752946592e-05,918.8828466257739,0.21639618365722413
circle,unnormalized_rescaled,1024,1,2.2976790051308332e-05,911.9095905150293,0.2315837514431962
circle,unnormalized_rescaled,1024,1,2.4595942222303788e-05,904.5056029019928,0.24783215415240534
circle,unnormalized_rescaled,1024,1,2.6329194480691183e-05,896.6487930565866,0.26521467487407335
circle,unnormalized_rescaled,1024,1,2.81845873492675e-05,888.3165919176583,0.2838095225714312
circle,unnormalized_rescaled,1024,1,3.0170727958694312e-05,879.486048822619,0.303700138796529
circle,unnormalized_rescaled,1024,1,3.229682997580584e-05,870.1339485571403,0.3249755187394783
circle,unnormalized_rescaled,1024,1,3.457275634562613e-05,860.2369510409881,0.3477305462105562
circle,unnormalized_rescaled,1024,1,3.70090650453755e-05,849.7717560598512,0.37206634183083054
circle,unnormalized_rescaled,1024,1,3.961705806271692e-05,838.7152955115537,0.3980906232905994
circle,unnormalized_rescaled,1024,1,4.240883382545235e-05,827.0449556460164,0.42591807600608433
circle,unnormalized_rescaled,1024,1,4.539734332588871e-05,814.7388317272737,0.45567073183428874
circle,unnormalized_rescaled,1024,1,4.8596450200234426e-05,801.7760174157393,0.48747835265497486
circle,unnormalized_rescaled,1024,1,5.2020995041732055e-05,788.1369309403292,0.521478814550747
circle,unnormalized_rescaled,1024,1,5.568686424587577e-05,773.8036797809257,0.5578184869544316
circle,unnormalized_rescaled,1024,1,5.9611063707084003e-05,758.7604650876701,0.5966525994083014
circle,unnormalized_rescaled,1024,1,6.381179770870655e-05,742.9940263982437,0.6381455863968029
circle,unnormalized_rescaled,1024,1,6.830855337233306e-05,726.4941263498139,0.6824713979496977
circle,unnormalized_rescaled,1024,1,7.312219105816265e-05,709.2540739903054,0.7298137602049479
circle,unnormalized_rescaled,1024,1,7.827504113580119e-05,691.2712839466567,0.7803663656662678
circle,unnormalized_rescaled,1024,1,8.379100757440205e-05,672.5478670810365,0.8343329672228919
circle,unnormalized_rescaled,1024,1,8.969567883270362e-05,653.0912463401585,0.8919273427761425
circle,unnormalized_rescaled,1024,1,9.601644656338205e-05,632.9147892668052,0.9533730880967397
circle,unnormalized_rescaled,1024,1,0.00010278263268238334,612.0384460979072,1.0189031837383737
circle,unnormalized_rescaled,1024,1,0.00011002562539270911,590.4893795383896,1.0887592667168775
circle,unnormalized_rescaled,1024,1,0.00011777902479366662,568.3025692156828,1.1631905182547229
circle,unnormalized_rescaled,1024,1,0.0001260787987510621,545.5213705560443,1.2424520539384787
circle,unnormalized_rescaled,1024,1,0.00013496344975141614,522.1980044856368,1.3268026705178215
circle,unnormalized_rescaled,1024,1,0.00014447419351423368,498.39395109329166,1.4165017622010225
circle,unnormalized_rescaled,1024,1,0.000154655150190907,474.1802173919848,1.5118051660172966
circle,unnormalized_rescaled,1024,1,0.0001655535490372235,449.6374468277906,1.6129596272402722
circle,unnormalized_rescaled,1024,1,0.00017721994750894402,424.85583650699584,1.7201954878276382
circle,unnormalized_rescaled,1024,1,0.00018970846579683572,399.934827592809,1.833717088253124
circle,unnormalized_rescaled,1024,1,0.00020307703788916212,374.9825353531472,1.9536902300920076
circle,unnormalized_rescaled,1024,1,0.00021738768032630447,350.1148883359254,2.0802258668901885
circle,unnormalized_rescaled,1024,1,0.0002327067798942602,325.45445152309395,2.2133589682112387
circle,unnormalized_rescaled,1024,1,0.00024910540159162406,301.1289164466226,2.353021232668155
circle,unnormalized_rescaled,1024,1,0.00026665961829870524,277.26925242919174,2.4990060126843616
circle,unnormalized_rescaled,1024,1,0.0002854508636781088,254.00752748257045,2.6509234723777553
circle,unnormalized_rescaled,1024,1,0.0003055663099438777,231.47442488301016,2.808143671768036
circle,unnormalized_rescaled,1024,1,0.00032709927225166215,209.7965016785096,2.96972504397111
circle,unnormalized_rescaled,1024,1,0.00035014964158587445,189.09325763636704,3.1343257773446
circle,unnormalized_rescaled,1024,1,0.0003748243481519805,169.47410625809226,3.3000962361649044
circle,unnormalized_rescaled,1024,1,0.0004012378574235982,151.03536186945837,3.464552263158623
circle,unnormalized_rescaled,1024,1,0.0004295127011455562,133.85737640098384,3.6244328089645137
circle,unnormalized_rescaled,1024,1,0.00045978004575622565,118.00197392333868,3.7755519822697607
circle,unnormalized_rescaled,1024,1,0.0004921803008660213,103.51033772071482,3.912666747827558
circle,unnormalized_rescaled,1024,1,0.0005268637706147923,90.40150116531903,4.029398428521972
circle,unnormalized_rescaled,1024,1,0.0005639913509297465,78.67157779273708,4.1182689554396035
circle,unnormalized_rescaled,1024,1,0.0006037352759184581,68.29383647213729,4.1709380025800655
circle,unnormalized_rescaled,1024,1,0.00064627991685947,59.21968435051586,4.178744281798004
circle,unnormalized_rescaled,1024,1,0.0006918226374969939,51.38056487367497,4.133642623096478
circle,unnormalized_rescaled,1024,1,0.0007405747096074006,44.690714058964566,4.029558545118007
circle,unnormalized_rescaled,1024,1,0.0007927622930847929,39.05065061083403,3.8640298728795344
circle,unnormalized_rescaled,1024,1,0.0008486274850922599,34.351211313236206,3.6397842571761103
circle,unnormalized_rescaled,1024,1,0.000908429443145809,30.477890210141716,3.3656999336647644
circle,unnormalized_rescaled,1024,1,0.0009724455873409377,27.315206106632438,3.0565726304946494
circle,unnormalized_rescaled,1024,1,0.0010409728872989392,24.750814222853194,2.7313994655257616
circle,unnormalized_rescaled,1024,1,0.0011143292398030843,22.679098035210792,2.4104509787567636
circle,unnormalized_rescaled,1024,1,0.0011928549435154766,21.004026242205484,2.111957053719742
circle,unnormalized_rescaled,1024,1,0.001276914277615794,19.641132788828976,1.8494283533698948
circle,unnormalized_rescaled,1024,1,0.0013668971916851597,18.51856617818028,1.6303348624469791
circle,unnormalized_rescaled,1024,1,0.0014632211146745067,17.57724604915034,1.4562701632403474
circle,unnormalized_rescaled,1024,1,0.0015663328913491927,16.770247281284725,1.3242060002962077
circle,unnormalized_rescaled,1024,1,0.0016767108551929814,16.061593139831764,1.2282212058642088
circle,unnormalized_rescaled,1024,1,0.0017948670473875833,15.424671354829547,1.1611655718575093
circle,unnormalized_rescaled,1024,1,0.0019213495921615138,14.840488070906972,1.1159413473255384
circle,unnormalized_rescaled,1024,1,0.0020567452395275155,14.29594765477849,1.086304870215443
circle,unnormalized_rescaled,1024,1,0.002201682087204196,13.782299598372333,1.0672363577812831
circle,unnormalized_rescaled,1024,1,0.0023568324943488853,13.293838110750805,1.0549917057126876
circle,unnormalized_rescaled,1024,1,0.002522916200618395,12.826886369010666,1.0469603499147198
circle,unnormalized_rescaled,1024,1,0.002700703665026996,12.379054273130054,1.0414340592972238
circle,unnormalized_rescaled,1024,1,0.002891019640090489,11.948730443673949,1.0373613785426201
circle,unnormalized_rescaled,1024,1,0.0030947469978367236,11.534756456143915,1.0341320075839775
circle,unnormalized_rescaled,1024,1,0.003312830825431421,11.136231022910403,1.031410249458176
circle,unnormalized_rescaled,1024,1,0.0035462828094187365,10.752399473304271,1.0290191365976966
circle,unnormalized_rescaled,1024,1,0.003796185928915071,10.38259487958436,1.0268670761539482
circle,unnormalized_rescaled,1024,1,0.004063699479527648,10.026208063890754,1.02490540027987
circle,unnormalized_rescaled,1024,1,0.0043500644513038405,9.682672554423029,1.0231058568481828
circle,unnormalized_rescaled,1024,1,0.0046566092856593164,9.351456747250355,1.0214496441104615
circle,unnormalized_rescaled,1024,1,0.004984756037991397,9.032059354648236,1.0199224723814417
circle,unnormalized_rescaled,1024,1,0.005336026974565804,8.72400632697477,1.018512472558566
circle,unnormalized_rescaled,1024,1,0.0057120516342795994,8.426848473925661,1.017209326686011
circle,unnormalized_rescaled,1024,1,0.006114574388059797,8.140159471838341,1.0160038808427174
circle,unnormalized_rescaled,1024,1,0.006545462530965403,7.863534128955519,1.0148879388309027
circle,unnormalized_rescaled,1024,1,0.0070067149445321416,7.5965868494185305,1.0138541255571312
circle,unnormalized_rescaled,1024,1,0.007500471369544151,7.338950261776285,1.0128957820598927
circle,unnormalized_rescaled,1024,1,0.008029022332249029,7.090273987804919,1.0120068791300874
circle,unnormalized_rescaled,1024,1,0.008594819770063539,6.850223532528207,1.011181944298805
circle,unnormalized_rescaled,1024,1,0.009200488406062614,6.618479279673011,1.0104159993937039
circle,unnormalized_rescaled,1024,1,0.00984883792501758,6.394735579328527,1.009704506751838
circle,unnormalized_rescaled,1024,1,0.010542876007467943,6.178699916607376,1.009043322625299
circle,unnormalized_rescaled,1024,1,0.011285822282291734,5.970092151765111,1.0084286566145835
circle,unnormalized_rescaled,1024,1,0.01208112326249985,5.768643823604122,1.0078570361877226
circle,unnormalized_rescaled,1024,1,0.012932468333541518,5.574097509126295,1.007325275516191
circle,unnormalized_rescaled,1024,1,0.013843806868290039,5.386206233352116,1.0068304479949859
circle,unnormalized_rescaled,1024,1,0.014819366548105175,5.204732924025777,1.0063698619235595
circle,unnormalized_rescaled,1024,1,0.015863672974962915,5.029449906604812,1.005941038910823
circle,unnormalized_rescaled,1024,1,0.016981570665633182,4.860138435509798,1.0055416946387865
circle,unnormalized_rescaled,1024,1,0.018178245525296944,4.696588258102551,1.0051697216768183
circle,unnormalized_rescaled,1024,1,0.019459248904857222,4.53859720828411,1.0048231740853382
circle,unnormalized_rescaled,1024,1,0.0208305233535458,4.385970826967563,1.0045002535872278
circle,unnormalized_rescaled,1024,1,0.0222984301862909,4.238522006995467,1.0041992971171396
circle,unnormalized_rescaled,1024,1,0.023869778993730967,4.096070660344077,1.0039187655862385
circle,unnormalized_rescaled,1024,1,0.025551859231770155,3.958443405693965,1.0036572337216043
circle,unnormalized_rescaled,1024,1,0.027352474037219698,3.8254732746532882,1.0034133808597723
circle,unnormalized_rescaled,1024,1,0.029279976426394377,3.696999435101179,1.0031859825885725
circle,unnormalized_rescaled,1024,1,0.031343308044589346,3.5728669302773115,1.0029739031460423
circle,unnormalized_rescaled,1024,1,0.033552040646195165,3.4529264323834497,1.002776088496237
circle,unnormalized_rescaled,1024,1,0.03591642049787603,3.3370340095858513,1.002591560011414
circle,unnormalized_rescaled,1024,1,0.03844741591079756,3.225050905416121,1.0024194086977687
circle,unnormalized_rescaled,1024,1,0.04115676812240417,3.116843329664783,1.0022587899018198
circle,unnormalized_rescaled,1024,1,0.04405704576378663,3.0122822599484786,1.0021089184122474
circle,unnormalized_rescaled,1024,1,0.047161703165311666,2.9112432532134185,1.0019690637584908
circle,unnormalized_rescaled,1024,1,0.05048514277099369,2.813606266527246,1.0018385450910028
circle,unnormalized_rescaled,1024,1,0.054042781951146125,2.719255486647588,1.0017167236948783
circle,unnormalized_rescaled,1024,1,0.05785112452325617,2.6280791681417637,1.0016029874131895
circle,unnormalized_rescaled,1024,1,0.0619278373128665,2.539969480517448,1.001496711735614
circle,unnormalized_rescaled,1024,1,0.06629183210962758,2.454822366427192,1.0013971609352623
circle,unnormalized_rescaled,1024,1,0.07096335339871467,2.372537416459226,1.0013032500165906
circle,unnormalized_rescaled,1024,1,0.07596407227459194,2.2930177727094354,1.0012130131659855
circle,unnormalized_rescaled,1024,1,0.08131718697278971,2.216170084854249,1.0011225089858051
circle,unnormalized_rescaled,1024,1,0.08704753048605782,2.141904559928035,1.0010237418223422
circle,unnormalized_rescaled,1024,1,0.09318168576412583,2.0701351698302033,1.0009010207966718
circle,unnormalized_rescaled,1024,1,0.09974810903147903,2.0007801049395675,1.000725073977069
circle,unnormalized_rescaled,1024,1,0.10677726179521851,1.9337625802009057,1.0004442715443158
circle,unnormalized_rescaled,1024,1,0.11430175215538671,1.8690121002874915,0.9999725803443873
circle,unnormalized_rescaled,1024,1,0.12235648607329708,1.8064662607900728,0.9991744312938007
circle,unnormalized_rescaled,1024,1,0.1309788292995944,1.7460730945065837,0.9978475154253159
circle,unnormalized_rescaled,1024,1,0.14020878071323029,1.6877938662901528,0.9957055204717546
circle,unnormalized_rescaled,1024,1,0.1500891578754669,1.6316060891388493,0.9923637736704203
circle,unnormalized_rescaled,1024,1,0.1606657956596949,1.5775064026070063,0.9873314162537081
circle,unnormalized_rescaled,1024,1,0.17198775887849946,1.5255128535631912,0.9800138673883678
circle,unnormalized_rescaled,1024,1,0.1841075698943518,1.4756660792493623,0.9697287894385349
circle,unnormalized_rescaled,1024,1,0.19708145226980414,1.4280289342019514,0.9557375150934915
circle,unnormalized_rescaled,1024,1,0.21096959158748138,1.3826842301714155,0.9372920427460061
circle,unnormalized_rescaled,1024,1,0.2258364146498027,1.3397304573476212,0.913695460419155
circle,unnormalized_rescaled,1024,1,0.24175088835363653,1.2992755957462727,0.8843713063666536
circle,unnormalized_rescaled,1024,1,0.25878683962636806,1.2614293684109565,0.8489352467648374
circle,unnormalized_rescaled,1024,1,0.27702329790754676,1.2262944939708262,0.807260898603174
circle,unnormalized_rescaled,1024,1,0.296544861764888,1.1939576341232145,0.7595309912455765
circle,unnormalized_rescaled,1024,1,0.3174420913453457,1.164480784639043,0.7062656274298265
circle,unnormalized_rescaled,1024,1,0.3398119284818384,1.137893824948203,0.6483213239462675
circle,unnormalized_rescaled,1024,1,0.36375814640448545,1.1141888332756762,0.5868577125540797
circle,unnormalized_rescaled,1024,1,0.3893918311425574,1.0933166125566736,0.5232729075597786
circle,unnormalized_rescaled,1024,1,0.41683189685036354,1.0751856809002522,0.45911296569392634
circle,unnormalized_rescaled,1024,1,0.44620563744764896,1.0596637810636953,0.3959647708507448
circle,unnormalized_rescaled,1024,1,0.4776493171335612,1.046581772995156,0.3353442797133803
circle,unnormalized_rescaled,1024,1,0.5113088025135595,1.0357396032002042,0.2785928042165831
circle,unnormalized_rescaled,1024,1,0.5473402392717055,1.0269139018378524,0.2267927206383919
circle,unnormalized_rescaled,1024,1,0.5859107765273868,1.019866649107731,0.18071096746178522
circle,unnormalized_rescaled,1024,1,0.6271993422367628,1.0143542833186598,0.1407745693070854
circle,unnormalized_rescaled,1024,1,0.6713974732359947,1.0101366014803503,0.10707801768570667
circle,unnormalized_rescaled,1024,1,0.7187102037768313,1.006984835795312,0.07941842205326873
circle,unnormalized_rescaled,1024,1,0.7693570166764258,1.0046883785047287,0.057351475799999704
circle,unnormalized_rescaled,1024,1,0.8235728614937609,1.0030597686364144,0.04025973365373455
circle,unnormalized_rescaled,1024,1,0.8816092444559941,1.0019377341854578,0.02742447151480543
circle,unnormalized_rescaled,1024,1,0.9437353951908443,1.0011882810018529,0.018093302840440896
circle,unnormalized_rescaled,1024,1,1.0102395156774893,1.0007040090496526,0.01153745405855337
circle,unnormalized_rescaled,1024,1,1.0814301172098153,1.0004019914671043,0.0070948111300208686
circle,unnormalized_rescaled,1024,1,1.157637451574192,1.0002206510416234,0.004197196951344161
circle,unnormalized_rescaled,1024,1,1.2392150430809452,1.0001161013249549,0.0023825067837427785
circle,unnormalized_rescaled,1024,1,1.3265413285566001,1.0000583870780968,0.001294047704303197
circle,unnormalized_rescaled,1024,1,1.4200214129048188,1.0000279743388325,0.0006705105061187968
circle,unnormalized_rescaled,1024,1,1.5200889483799904,1.0000127257671843,0.00033037442525745266
circle,unnormalized_rescaled,1024,1,1.6272081462914318,1.000005476488088,0.00015426339504238994
circle,unnormalized_rescaled,1024,1,1.7418759304704163,1.000002220829568,6.801164668743629e-05
circle,unnormalized_rescaled,1024,1,1.8646242424899757,1.0000008450910909,2.8201223227799306e-05
circle,unnormalized_rescaled,1024,1,1.9960225093312784,1.0000003004112463,1.0952223301624253e-05
circle,unnormalized_rescaled,1024,1,2.136680284944091,1.000000099278275,3.965970625765967e-06
circle,unnormalized_rescaled,1024,1,2.287250077955427,1.0000000303408934,1.3327331720649876e-06
circle,unnormalized_rescaled,1024,1,2.4484303786441286,1.0000000085232714,4.13507347065934e-07
circle,unnormalized_rescaled,1024,1,2.620968899223388,1.000000002182324,1.1782758622047124e-07
circle,unnormalized_rescaled,1024,1,2.805666042462832,1.000000000499578,3.066766626574175e-08
circle,unnormalized_rescaled,1024,1,3.0033786147411012,1.000000000093951,7.259640192101628e-09
circle,unnormalized_rescaled,1024,1,3.2150238007536043,1.000000000005219,1.5685866492655129e-09
circle,unnormalized_rescaled,1024,1,3.4415834183141087,0.9999999999871352,3.2541775450390905e-10
circle,unnormalized_rescaled,1024,1,3.684108472988051,0.999999999983059,8.442807036684529e-11
circle,unnormalized_rescaled,1024,1,3.943724033686517,0.9999999999813859,4.476146899542393e-11
circle,unnormalized_rescaled,1024,1,4.221634451838555,0.9999999999800109,4.098229998687694e-11
circle,unnormalized_rescaled,1024,1,4.519128948353502,0.9999999999785951,4.295177201558843e-11
circle,unnormalized_rescaled,1024,1,4.837587594291223,0.999999999977086,4.5873372905843344e-11
circle,unnormalized_rescaled,1024,1,5.178487712984317,0.9999999999754713,4.909495960180084e-11
circle,unnormalized_rescaled,1024,1,5.543410733311723,0.9999999999737428,5.25545785131604e-11
circle,unnormalized_rescaled,1024,1,5.934049525915832,0.9999999999718925,5.62587510704828e-11
circle,unnormalized_rescaled,1024,1,6.352216256395839,0.9999999999699117,5.8174421297093967e-11
grid2d,unnormalized_rescaled,64,2,0.0002038330444417552,61.89952553515288,0.06827553670727299
grid2d,unnormalized_rescaled,64,2,0.00021428189434529428,61.79397871497375,0.07001694217449028
grid2d,unnormalized_rescaled,64,2,0.0002252663711615633,61.683241804820774,0.07358811402450272
grid2d,unnormalized_rescaled,64,2,0.00023681393209324866,61.56707140911257,0.07734044080980595
grid2d,unnormalized_rescaled,64,2,0.0002489534418488234,61.4452139549759,0.08128300566870905
grid2d,unnormalized_rescaled,64,2,0.00026171524479383666,61.31740539923279,0.08542533560613208
grid2d,unnormalized_rescaled,64,2,0.000275131240800805,61.18337094235806,0.08977742189735238
grid2d,unnormalized_rescaled,64,2,0.0002892349649873097,61.04282475175822,0.0943497412798564
grid2d,unnormalized_rescaled,64,2,0.00030406167154161106,60.89546969700454,0.0991532779460158
grid2d,unnormalized_rescaled,64,2,0.0003196484218453153,60.74099709995863,0.1041995463447023
grid2d,unnormalized_rescaled,64,2,0.00033603417711336865,60.57908650306014,0.10950061479857709
grid2d,unnormalized_rescaled,64,2,0.0003532598957829446,60.4094054594043,0.11506912993766605
grid2d,unnormalized_rescaled,64,2,0.0003713686358946618,60.23160934862169,0.12091834194838214
grid2d,unnormalized_rescaled,64,2,0.00039040566272204697,60.045341222987474,0.12706213062851646
grid2d,unnormalized_rescaled,64,2,0.0004104185619182811,59.85023168862952,0.13351503223555028
grid2d,unnormalized_rescaled,64,2,0.0004314573584630478,59.64589882717834,0.14029226710559328
grid2d,unnormalized_rescaled,64,2,0.00045357464170681577,59.43194816370371,0.14740976801482475
grid2d,unnormalized_rescaled,64,2,0.00047682569682511524,59.20797268731525,0.15488420924273782
grid2d,unnormalized_rescaled,64,2,0.0005012686430113983,58.97355293136453,0.16273303628756253
grid2d,unnormalized_rescaled,64,2,0.0005269645787539145,58.7282571207745,0.17097449616963445
grid2d,unnormalized_rescaled,64,2,0.0005539777345597417,58.471641394634844,0.17962766824470577
grid2d,unnormalized_rescaled,64,2,0.0005823756335077279,58.203250112837694,0.18871249543192903
grid2d,unnormalized_rescaled,64,2,0.0006122292600316625,57.9226162561817,0.19824981574018352
grid2d,unnormalized_rescaled,64,2,0.0006436132373555826,57.62926193003942,0.20826139395673238
grid2d,unnormalized_rescaled,64,2,0.0006766060140247305,57.32269898235741,0.21876995333315108
grid2d,unnormalized_rescaled,64,2,0.0007112900599984265,57.002429747430945,0.22979920707685153
grid2d,unnormalized_rescaled,64,2,0.000747752072795015,56.667947927558046,0.24137388942030213
grid2d,unnormalized_rescaled,64,2,0.0007860831942041727,56.31873962531716,0.2535197860034515
grid2d,unnormalized_rescaled,64,2,0.0008263792381082865,55.95428453981703,0.266263763260028
grid2d,unnormalized_rescaled,64,2,0.0008687409299823517,55.574057340818584,0.27963379644762654
grid2d,unnormalized_rescaled,64,2,0.0009132741586710904,55.17752923510819,0.2936589959048348
grid2d,unnormalized_rescaled,64,2,0.0009600902410725969,54.76416973988869,0.3083696310533526
grid2d,unnormalized_rescaled,64,2,0.0010093062003901589,54.33344867822073,0.32379715158785416
grid2d,unnormalized_rescaled,64,2,0.0010610450586477638,53.88483841166687,0.33997420521150445
grid2d,unnormalized_rescaled,64,2,0.001115436144200481,53.41781632522947,0.3569346511782783
grid2d,unnormalized_rescaled,64,2,0.0011726154150083778,52.93186757939452,0.37471356879289885
grid2d,unnormalized_rescaled,64,2,0.0012327257984820425,52.42648814355721,0.39334725989287733
grid2d,unnormalized_rescaled,64,2,0.0012959175487492081,51.90118812426501,0.41287324419448623
grid2d,unnormalized_rescaled,64,2,0.0013623486222354884,51.35549540052344,0.43333024622103267
grid2d,unnormalized_rescaled,64,2,0.001432185072498093,50.7889595768116,0.4547581723466436
grid2d,unnormalized_rescaled,64,2,0.001505601465299398,50.20115626239824,0.47719807627693456
grid2d,unnormalized_rescaled,64,2,0.001582781314957961,49.591691682967905,0.5006921110490623
grid2d,unnormalized_rescaled,64,2,0.0016639175430676664,48.9602076274049,0.5252834653599194
grid2d,unnormalized_rescaled,64,2,0.0017492129607316418,48.30638672877278,0.551016281722255
grid2d,unnormalized_rescaled,64,2,0.0018388807755163696,47.629958074007774,0.5779355535979818
grid2d,unnormalized_rescaled,64,2,0.0019331451243931488,46.930703131555006,0.6060869982587889
grid2d,unnormalized_rescaled,64,2,0.0020322416339991476,46.208461980058,0.6355169016758708
grid2d,unnormalized_rescaled,64,2,0.0021364180096184,45.46313981421913,0.6662719312316767
grid2d,unnormalized_rescaled,64,2,0.0022459346543550643,44.69471369603656,0.698398911474797
grid2d,unnormalized_rescaled,64,2,0.0023610653200466063,43.903239510773574,0.7319445574949697
grid2d,unnormalized_rescaled,64,2,0.002482097791543974,43.08885907721806,0.7669551597757192
grid2d,unnormalized_rescaled,64,2,0.002609334606069205,42.25180735106623,0.8034762135768005
grid2d,unnormalized_rescaled,64,2,0.002743093809448604,41.39241964866102,0.8415519850068023
grid2d,unnormalized_rescaled,64,2,0.0028837097511118133,40.51113880592071,0.8812250049597736
grid2d,unnormalized_rescaled,64,2,0.0030315339198439283,39.6085221742346,0.9225354810110531
grid2d,unnormalized_rescaled,64,2,0.0031869358223798445,38.68524834155856,0.9655206161945955
grid2d,unnormalized_rescaled,64,2,0.0033503039070368647,37.74212345315727,1.010213822330357
grid2d,unnormalized_rescaled,64,2,0.0035220465346944316,36.78008699270586,1.0566438142457457
grid2d,unnormalized_rescaled,64,2,0.003702592999548014,35.80021687116467,1.1048335698692426
grid2d,unnormalized_rescaled,64,2,0.0038923946021886782,34.80373365841931,1.1547991398109616
grid2d,unnormalized_rescaled,64,2,0.004091925777690684,33.79200378166766,1.2065482887434626
grid2d,unnormalized_rescaled,64,2,0.004301685281526819,32.76654150554386,1.260078949747836
grid2d,unnormalized_rescaled,64,2,0.004522197436275999,31.72900950267975,1.315377471928855
grid2d,unnormalized_rescaled,64,2,0.004754013442239248,30.681217820577317,1.372416641194988
grid2d,unnormalized_rescaled,64,2,0.004997712755240282,29.625121052104916,1.4311534543918611
grid2d,unnormalized_rescaled,64,2,0.005253904535054621,28.562813523490508,1.4915266282878008
grid2d,unnormalized_rescaled,64,2,0.005523229168087788,27.496522326219697,1.5534538276507988
grid2d,unnormalized_rescaled,64,2,0.005806359868108751,26.42859803858918,1.6168286013735838
grid2d,unnormalized_rescaled,64,2,0.006104004359039838,25.36150300957972,1.681517022975953
grid2d,unnormalized_rescaled,64,2,0.0064169066440095445,24.297797112836612,1.747354042696621
grid2d,unnormalized_rescaled,64,2,0.006745848865090073,23.24012092233641,1.8141395738127812
grid2d,unnormalized_rescaled,64,2,0.007091653258368547,22.19117631397728,1.8816343570166296
grid2d,unnormalized_rescaled,64,2,0.00745518420923854,21.153704558737417,1.949555675022694
grid2d,unnormalized_rescaled,64,2,0.007837350413049655,20.130462042669457,2.0175730265694725
grid2d,unnormalized_rescaled,64,2,0.008239107146515882,19.124193825842504,2.085303916087419
grid2d,unnormalized_rescaled,64,2,0.008661458655560426,18.13760533486288,2.152309973769917
grid2d,unnormalized_rescaled,64,2,0.00910546066556584,17.173332569670265,2.2180936912589786
grid2d,unnormalized_rescaled,64,2,0.009572223020303963,16.233911292174707,2.2820961401965576
grid2d,unnormalized_rescaled,64,2,0.010062912456142409,15.321745748617362,2.343696132243217
grid2d,unnormalized_rescaled,64,2,0.010578755518461633,14.439077555400015,2.4022113748213414
grid2d,unnormalized_rescaled,64,2,0.011121041627572988,13.587955445158311,2.4569022679528913
grid2d,unnormalized_rescaled,64,2,0.011691126301801186,12.770206621383807,2.50697906026317
grid2d,unnormalized_rescaled,64,2,0.012290434545787822,11.987410501158646,2.5516131166755187
grid2d,unnormalized_rescaled,64,2,0.012920464412485433,11.240875631973022,2.58995302040082
grid2d,unnormalized_rescaled,64,2,0.013582790747745835,10.531620546072674,2.621146106098415
grid2d,unnormalized_rescaled,64,2,0.014279069126862769,9.860359261129966,2.6443657659044177
grid2d,unnormalized_rescaled,64,2,0.015011039992908875,9.227492047301874,2.658844455567724
grid2d,unnormalized_rescaled,64,2,0.015780533007211304,8.633101957618283,2.6639117376778145
grid2d,unnormalized_rescaled,64,2,0.016589471622840486,8.076957462777173,2.659035942206735
grid2d,unnormalized_rescaled,64,2,0.01743987789254428,7.558521346652336,2.6438671501257147
grid2d,unnormalized_rescaled,64,2,0.018333877523145466,7.076965811297542,2.618278312888229
grid2d,unnormalized_rescaled,64,2,0.019273705189036774,6.631193518363891,2.5824005609353193
grid2d,unnormalized_rescaled,64,2,0.020261710118055304,6.219864068036427,2.5366483195575285
grid2d,unnormalized_rescaled,64,2,0.02130036196369887,5.841425198764144,2.481729938827371
grid2d,unnormalized_rescaled,64,2,0.022392256978362893,5.494147793957524,2.4186403097190734
grid2d,unnormalized_rescaled,64,2,0.023540124503028385,5.176163618170952,2.3486334300588076
grid2d,unnormalized_rescaled,64,2,0.02474683378962323,4.885504586734891,2.2731749960171115
grid2d,unnormalized_rescaled,64,2,0.026015401173109912,4.620142308917297,2.1938775507070503
grid2d,unnormalized_rescaled,64,2,0.027348997611227457,4.378026641939105,2.112423107817989
grid2d,unnormalized_rescaled,64,2,0.028750956610734138,4.15712205408888,2.0304800224865502
grid2d,unnormalized_rescaled,64,2,0.03022478255996372,3.955440717860379,1.9496218106087007
grid2d,unnormalized_rescaled,64,2,0.031774159488523517,3.7710714319419445,1.8712554096026253
grid2d,unnormalized_rescaled,64,2,0.03340296027603059,3.602203693156322,1.7965650613905773
grid2d,unnormalized_rescaled,64,2,0.035115256332904,3.447146491634787,1.7264758513376997
grid2d,unnormalized_rescaled,64,2,0.036915327777412396,3.304341667724445,1.6616383822452327
grid2d,unnormalized_rescaled,64,2,0.03880767413441511,3.17237192950786,1.6024335679877062
grid2d,unnormalized_rescaled,64,2,0.04079702558254024,3.0499638681234185,1.548994490912417
grid2d,unnormalized_rescaled,64,2,0.04288835477791325,2.9359865092813786,1.5012409245341125
grid2d,unnormalized_rescaled,64,2,0.045086889283991294,2.82944609199755,1.4589215497077213
grid2d,unnormalized_rescaled,64,2,0.04739812463857349,2.729477862653208,1.4216590124831257
grid2d,unnormalized_rescaled,64,2,0.049827838090649265,2.6353357120445415,1.3889936153478821
grid2d,unnormalized_rescaled,64,2,0.05238210304142281,2.5463804679841395,1.3604223950810699
grid2d,unnormalized_rescaled,64,2,0.055067304225610306,2.4620675933815224,1.3354314259727822
grid2d,unnormalized_rescaled,64,2,0.05789015367095792,2.381934939878962,1.313520242417482
grid2d,unnormalized_rescaled,64,2,0.06085770747587347,2.305591082263622,1.2942181954193401
grid2d,unnormalized_rescaled,64,2,0.06397738344710979,2.2327046217315933,1.277093286063593
grid2d,unnormalized_rescaled,64,2,0.06725697964158764,2.1629947085749923,1.261754536021371
grid2d,unnormalized_rescaled,64,2,0.0707046938587058,2.0962229071134737,1.2478492679523239
grid2d,unnormalized_rescaled,64,2,0.07432914413186259,2.0321864153045928,1.2350568014154728
grid2d,unnormalized_rescaled,64,2,0.07813939027040898,1.9707125632454892,1.2230800559014394
grid2d,unnormalized_rescaled,64,2,0.082144956505882,1.9116544507781221,1.211636428635078
grid2d,unnormalized_rescaled,64,2,0.08635585529912436,1.8548875442967228,1.2004491169982519
grid2d,unnormalized_rescaled,64,2,0.09078261236780037,1.8003070344457555,1.1892398163000841
grid2d,unnormalized_rescaled,64,2,0.0954362929968672,1.7478257562823567,1.1777234700508448
grid2d,unnormalized_rescaled,64,2,0.1003285296977686,1.697372487630369,1.165605502046521
grid2d,unnormalized_rescaled,64,2,0.10547155128548913,1.6488904656303163,1.1525817308459363
grid2d,unnormalized_rescaled,64,2,0.11087821344614979,1.602335991999709,1.138340965082385
grid2d,unnormalized_rescaled,64,2,0.11656203087155471,1.5576770308441634,1.1225701055053214
grid2d,unnormalized_rescaled,64,2,0.12253721104101241,1.5148917361586391,1.1049614369693357
grid2d,unnormalized_rescaled,64,2,0.128818689734874,1.473966877176095,1.0852216798555334
grid2d,unnormalized_rescaled,64,2,0.13542216836855983,1.4348961567699767,1.063082284544743
grid2d,unnormalized_rescaled,64,2,0.14236415324039553,1.3976784400434554,1.038310393727481
grid2d,unnormalized_rescaled,64,2,0.149661996791363,1.3623159264006015,1.0107198648411222
grid2d,unnormalized_rescaled,64,2,0.15733394097990067,1.3288123086469656,0.9801817378599633
grid2d,unnormalized_rescaled,64,2,0.16539916288017512,1.297170967335078,0.9466335505988406
grid2d,unnormalized_rescaled,64,2,0.17387782261780071,1.267393248398524,0.910086942674944
grid2d,unnormalized_rescaled,64,2,0.1827911137628326,1.2394768681762391,0.8706330481777531
grid2d,unnormalized_rescaled,64,2,0.19216131630599453,1.2134144834772342,0.8284452541932357
grid2d,unnormalized_rescaled,64,2,0.20201185235056396,1.189192456664135,0.78377899680165
grid2d,unnormalized_rescaled,64,2,0.21236734465912382,1.1667898379925166,0.7369683782585685
grid2d,unnormalized_rescaled,64,2,0.22325367820152628,1.1461775805015333,0.6884195196108935
grid2d,unnormalized_rescaled,64,2,0.2346980648579172,1.1273179971021197,0.6386007123047879
grid2d,unnormalized_rescaled,64,2,0.24672911143855245,1.1101644652355998,0.5880295986330677
grid2d,unnormalized_rescaled,64,2,0.25937689119043494,1.094661381287391,0.5372577886943513
grid2d,unnormalized_rescaled,64,2,0.2726730189695099,1.080744364269065,0.48685350070846156
grid2d,unnormalized_rescaled,64,2,0.2866507302663227,1.068340705419137,0.43738297711736696
grid2d,unnormalized_rescaled,64,2,0.30134496428267493,1.057370056630861,0.3893915625493797
grid2d,unnormalized_rescaled,64,2,0.3167924512669394,1.0477453454811305,0.34338541231902975
grid2d,unnormalized_rescaled,64,2,0.3330318043263415,1.0393738978954463,0.2998148152795427
grid2d,unnormalized_rescaled,64,2,0.3501036159457034,1.0321587413018083,0.25906005243213137
grid2d,unnormalized_rescaled,64,2,0.36805055945391485,1.0260000520493573,0.22142057164663953
grid2d,unnormalized_rescaled,64,2,0.38691749569175554,1.0207967017742112,0.1871080482627297
grid2d,unnormalized_rescaled,64,2,0.4067515851477054,1.0164478493785272,0.15624363971126065
grid2d,unnormalized_rescaled,64,2,0.42760240584203796,1.0128545194989855,0.12885945490593612
grid2d,unnormalized_rescaled,64,2,0.4495220772538652,1.0099211058066047,0.10490397429333856
grid2d,unnormalized_rescaled,64,2,0.47256539060090635,1.0075567389420557,0.08425090129399539
grid2d,unnormalized_rescaled,64,2,0.49678994579763275,1.0056764646715028,0.06671072291535073
grid2d,unnormalized_rescaled,64,2,0.5222562954341367,1.0042021877770073,0.052044121969133564
grid2d,unnormalized_rescaled,64,2,0.549028096135612,1.0030633506058741,0.03997632286459227
grid2d,unnormalized_rescaled,64,2,0.5771722676808008,1.0021973309986363,0.030211466793513025
grid2d,unnormalized_rescaled,64,2,0.6067591602771346,1.0015495610982519,0.022446192981593022
grid2d,unnormalized_rescaled,64,2,0.6378627304107044,1.0010733847861726,0.016381738176595457
grid2d,unnormalized_rescaled,64,2,0.6705607257106154,1.0007296857261363,0.011734040928672565
grid2d,unnormalized_rescaled,64,2,0.7049348792898235,1.0004863289954813,0.008241532981663125
grid2d,unnormalized_rescaled,64,2,0.741071114048234,1.0003174662036012,0.005670499404569439
grid2d,unnormalized_rescaled,64,2,0.7790597574487449,1.000202756471995,0.0038180751172029632
grid2d,unnormalized_rescaled,64,2,0.8189957673031018,1.0001265538161839,0.0025131036297861343
grid2d,unnormalized_rescaled,64,2,0.8609789691319358,1.0000771059206985,0.0016152029958360875
grid2d,unnormalized_rescaled,64,2,0.905114305692314,1.0000458009826096,0.0010124574963470139
grid2d,unnormalized_rescaled,64,2,0.9515120992965174,1.0000264893719826,0.0006181798460809188
grid2d,unnormalized_rescaled,64,2,1.0002883275777548,1.0000148965156987,0.00036717131159298824
grid2d,unnormalized_rescaled,64,2,1.0515649133921254,1.000008133733586,0.00021185415097338005
grid2d,unnormalized_rescaled,64,2,1.1054700295814774,1.0000043055787657,0.00011857353538220468
grid2d,unnormalized_rescaled,64,2,1.162138419358967,1.0000022060740863,6.427731490797057e-05
grid2d,unnormalized_rescaled,64,2,1.221711733118149,1.00000109227241,3.369383306710514e-05
grid2d,unnormalized_rescaled,64,2,1.2843388825075202,1.0000005216779109,1.705041045514773e-05
grid2d,unnormalized_rescaled,64,2,1.3501764126555569,1.0000002399020056,8.314645739501782e-06
grid2d,unnormalized_rescaled,64,2,1.4193888934766832,1.0000001060189756,3.9000660429439416e-06
grid2d,unnormalized_rescaled,64,2,1.4921493310362868,1.0000000449331432,1.7562020267766339e-06
grid2d,unnormalized_rescaled,64,2,1.5686396000030516,1.0000000182243896,7.576428719223223e-07
grid2d,unnormalized_rescaled,64,2,1.6490508982695748,1.0000000070576944,3.124723772767184e-07
grid2d,unnormalized_rescaled,64,2,1.7335842248776574,1.000000002603532,1.22924752431213e-07
grid2d,unnormalized_rescaled,64,2,1.8224508824429169,1.0000000009125432,4.6017538871156426e-08
grid2d,unnormalized_rescaled,64,2,1.9158730053345745,1.0000000003030618,1.635273631755319e-08
grid2d,unnormalized_rescaled,64,2,2.0140841149307103,1.0000000000950509,5.501981031351235e-09
grid2d,unnormalized_rescaled,64,2,2.1173297033368965,1.0000000000280114,1.7480398210887818e-09
grid2d,unnormalized_rescaled,64,2,2.2258678470273003,1.0000000000076643,5.230563464702121e-10
grid2d,unnormalized_rescaled,64,2,2.3399698519421523,1.0000000000018632,1.4709946487028284e-10
grid2d,unnormalized_rescaled,64,2,2.459920931654039,1.0000000000003106,3.89224171345596e-11
grid2d,unnormalized_rescaled,64,2,2.586020920298286,0.9999999999999174,9.836094116689384e-12
grid2d,unnormalized_rescaled,64,2,2.718585022049361,0.9999999999998189,2.5584060560914545e-12
grid2d,unnormalized_rescaled,64,2,2.8579445990168764,0.9999999999997895,8.838937589621767e-13
grid2d,unnormalized_rescaled,64,2,3.0044479995304765,0.9999999999997747,5.418846160471903e-13
grid2d,unnormalized_rescaled,64,2,3.1584614288841846,0.9999999999997624,4.908053284689686e-13
grid2d,unnormalized_rescaled,64,2,3.3203698647166258,0.9999999999997502,5.019095214207616e-13
grid2d,unnormalized_rescaled,64,2,3.4905780193152847,0.9999999999997373,5.263387459146988e-13
grid2d,unnormalized_rescaled,64,2,3.669511351250288,0.9999999999997239,5.507679704086392e-13
grid2d,unnormalized_rescaled,64,2,3.857617128866255,0.9999999999997098,5.79638872083292e-13
grid2d,unnormalized_rescaled,64,2,4.055365548290778,0.9999999999996949,6.107306123483042e-13
grid2d,unnormalized_rescaled,64,2,4.263250908753917,0.9999999999996793,6.262764824808225e-13
grid2d,unnormalized_rescaled,121,2,9.149586842335634e-05,116.97039386058178,0.06941019249020444
grid2d,unnormalized_rescaled,121,2,9.639012712204334e-05,116.75904625868237,0.07125971108312967
grid2d,unnormalized_rescaled,121,2,0.00010154618745857947,116.53684835962429,0.0750569165649182
grid2d,unnormalized_rescaled,121,2,0.00010697805361660134,116.30326864306801,0.07905562469817085
grid2d,unnormalized_rescaled,121,2,0.0001127004788856749,116.05775234237656,0.08326643441486681
grid2d,unnormalized_rescaled,121,2,0.00011872900573215708,115.79972074036114,0.08770049146801284
grid2d,unnormalized_rescaled,121,2,0.0001250800080135095,115.52857048160064,0.0923695154044708
grid2d,unnormalized_rescaled,121,2,0.00013177073545072443,115.24367290737148,0.09728582771896299
grid2d,unnormalized_rescaled,121,2,0.0001388193604796492,114.94437341998406,0.10246238122222451
grid2d,unnormalized_rescaled,121,2,0.00014624502760846408,114.6299908841507,0.10791279065328752
grid2d,unnormalized_rescaled,121,2,0.00015406790541536765,114.29981707391003,0.11365136456430491
grid2d,unnormalized_rescaled,121,2,0.0001623092413277021,113.95311617460966,0.11969313850245555
grid2d,unnormalized_rescaled,121,2,0.00017099141933130026,113.5891243505042,0.1260539095101194
grid2d,unnormalized_rescaled,121,2,0.00018013802076679656,113.20704938966288,0.13275027195902567
grid2d,unnormalized_rescaled,121,2,0.00018977388837802844,112.80607043910301,0.13979965472836398
grid2d,unnormalized_rescaled,121,2,0.00019992519378648888,112.38533784437021,0.14722035973019842
grid2d,unnormalized_rescaled,121,2,0.00021061950857509442,111.94397310918002,0.15503160177675568
grid2d,unnormalized_rescaled,121,2,0.0002218858791743342,111.48106899221081,0.16325354977357165
grid2d,unnormalized_rescaled,121,2,0.00023375490575420083,110.99568975969687,0.17190736921187977
grid2d,unnormalized_rescaled,121,2,0.00024625882533617165,110.48687161410626,0.18101526591875938
grid2d,unnormalized_rescaled,121,2,0.00025943159935098536,109.95362332089518,0.19060053100685082
grid2d,unnormalized_rescaled,121,2,0.00027330900588001816,109.39492705709888,0.20068758694786482
grid2d,unnormalized_rescaled,121,2,0.00028792873683080184,108.80973950733605,0.21130203467008357
grid2d,unnormalized_rescaled,121,2,0.0003033305003106092,108.19699323465254,0.2224707015543288
grid2d,unnormalized_rescaled,121,2,0.0003195561284761677,107.55559835549228,0.2342216901740386
grid2d,unnormalized_rescaled,121,2,0.0003366496911524249,106.88444454992778,0.2465844275877629
grid2d,unnormalized_rescaled,121,2,0.0003546576155289579,106.18240344008531,0.25958971495256833
grid2d,unnormalized_rescaled,121,2,0.00037362881225913824,105.44833137141394,0.273269777180559
grid2d,unnormalized_rescaled,121,2,0.000393614808304535,104.6810726330362,0.287658312303293
grid2d,unnormalized_rescaled,121,2,0.00041466988688538067,103.87946315481939,0.30279054014849294
grid2d,unnormalized_rescaled,121,2,0.0004368512349172029,103.0423347199654,0.3187032498574496
grid2d,unnormalized_rescaled,121,2,0.0004602190983340814,102.16851973275152,0.3354348456883116
grid2d,unnormalized_rescaled,121,2,0.0004848369457203846,101.25685658149186,0.35302539045144954
grid2d,unnormalized_rescaled,121,2,0.0005107716406954315,100.30619563672103,0.37151664581045907
grid2d,unnormalized_rescaled,121,2,0.0005380936235192817,99.31540592393253,0.39095210854995344
grid2d,unnormalized_rescaled,121,2,0.0005668771024129032,98.28338250880385,0.4113770417614262
grid2d,unnormalized_rescaled,121,2,0.0005972002551123598,97.20905463057936,0.43283849972191035
grid2d,unnormalized_rescaled,121,2,0.000629145441204452,96.09139461601237,0.4553853450388772
grid2d,unnormalized_rescaled,121,2,0.0006627994258205281,94.92942760182899,0.4790682564001969
grid2d,unnormalized_rescaled,121,2,0.0006982536152960249,93.72224208789753,0.5039397249980908
grid2d,unnormalized_rescaled,121,2,0.0007356043054358196,92.46900133598636,0.5300540373832234
grid2d,unnormalized_rescaled,121,2,0.0007749529430596779,91.16895561998281,0.5574672421443978
grid2d,unnormalized_rescaled,121,2,0.0008164064015381881,89.82145532253138,0.5862370973913613
grid2d,unnormalized_rescaled,121,2,0.0008600772710675487,88.42596486004145,0.6164229955363965
grid2d,unnormalized_rescaled,121,2,0.0009060841644716094,86.98207740272903,0.6480858613127367
grid2d,unnormalized_rescaled,121,2,0.0009545520393617469,85.48953033862144,0.6812880183246932
grid2d,unnormalized_rescaled,121,2,0.001005612537529585,83.94822141012858,0.7160930186812067
grid2d,unnormalized_rescaled,121,2,0.0010594043424943696,82.3582254287564,0.7525654294084063
grid2d,unnormalized_rescaled,121,2,0.0011160735561761127,80.71981144775411,0.7907705683490747
grid2d,unnormalized_rescaled,121,2,0.00117577409571758,79.0334602439492,0.8307741811220382
grid2d,unnormalized_rescaled,121,2,0.0012386681115329173,77.29988192883003,0.8726420494097198
grid2d,unnormalized_rescaled,121,2,0.0013049264277183563,75.5200334752783,0.9164395193485149
grid2d,unnormalized_rescaled,121,2,0.0013747290060211886,73.69513591055852,0.9622309370879663
grid2d,unnormalized_rescaled,121,2,0.0014482654346271713,71.82669088870968,1.0100789766423617
grid2d,unnormalized_rescaled,121,2,0.0015257354430939394,69.91649631700717,1.0600438429564747
grid2d,unnormalized_rescaled,121,2,0.00160734944482903,67.9666606725134,1.1121823306270358
grid2d,unnormalized_rescaled,121,2,0.0016933291085859112,65.9796156069848,1.1665467159531886
grid2d,unnormalized_rescaled,121,2,0.0017839079605302347,63.958126402853885,1.223183456923465
grid2d,unnormalized_rescaled,121,2,0.00187933201851156,61.90529981121911,1.2821316724033807
grid2d,unnormalized_rescaled,121,2,0.0019798604602632884,59.82458877656705,1.3434213682027405
grid2d,unnormalized_rescaled,121,2,0.002085766327345657,57.719793534390185,1.407071373951723
grid2d,unnormalized_rescaled,121,2,0.0021973372667437666,55.595058559242474,1.473086950935027
grid2d,unnormalized_rescaled,121,2,0.002314876312134853,53.45486484458294,1.541457027436138
grid2d,unnormalized_rescaled,121,2,0.002438702706946778,51.304017014605726,1.6121510150472602
grid2d,unnormalized_rescaled,121,2,0.002569152771443228,49.14762480479726,1.685115157287072
grid2d,unnormalized_rescaled,121,2,0.0027065808161906755,46.991078504773334,1.7602683614143757
grid2d,unnormalized_rescaled,121,2,0.00285136010438812,44.8400180363785,1.8374974664886707
grid2d,unnormalized_rescaled,121,2,0.0030038838656733695,42.70029544402126,1.9166519068266155
grid2d,unnormalized_rescaled,121,2,0.003164566364159434,40.57793070409935,1.9975377418023044
grid2d,unnormalized_rescaled,121,2,0.0033338440236018747,38.47906091661574,2.079911042779912
grid2d,unnormalized_rescaled,121,2,0.003512176612753123,36.409883124068294,2.1634706588542514
grid2d,unnormalized_rescaled,121,2,0.003700048494123277,34.37659120842556,2.2478504287674923
grid2d,unnormalized_rescaled,121,2,0.003897969939539099,32.38530754287917,2.3326109714012944
grid2d,unnormalized_rescaled,121,2,0.0041064785160743345,30.44201031567662,2.41723127679532
grid2d,unnormalized_rescaled,121,2,0.004326140546115652,28.55245769130587,2.5011004392140848
grid2d,unnormalized_rescaled,121,2,0.004557552645529794,26.722110220228487,2.5835100284521744
grid2d,unnormalized_rescaled,121,2,0.004801343344109732,24.956053140895254,2.6636477887012546
grid2d,unnormalized_rescaled,121,2,0.005058174792701053,23.258920423870883,2.7405935854655823
grid2d,unnormalized_rescaled,121,2,0.005328744561645247,21.634822573194125,2.813318782861849
grid2d,unnormalized_rescaled,121,2,0.005613787535424549,20.08728030959914,2.880690507703406
grid2d,unnormalized_rescaled,121,2,0.005914077908654326,18.619166299109537,2.9414825083011706
grid2d,unnormalized_rescaled,121,2,0.006230431288844279,17.232657045218424,2.994394488577605
grid2d,unnormalized_rescaled,121,2,0.0065637069116396465,15.929196922287788,3.038081810174539
grid2d,unnormalized_rescaled,121,2,0.006914809974559187,14.709476084626743,3.071197200352053
grid2d,unnormalized_rescaled,121,2,0.007284694095568467,13.57342363775171,3.092445460035499
grid2d,unnormalized_rescaled,121,2,0.007674363903166123,12.520217009717992,3.1006510207560467
grid2d,unnormalized_rescaled,121,2,0.00808487776501796,11.548307922519793,3.0948364863141364
grid2d,unnormalized_rescaled,121,2,0.008517350662550001,10.65546475549727,3.074308054811844
grid2d,unnormalized_rescaled,121,2,0.00897295721930805,9.838830441213492,3.0387411566225495
grid2d,unnormalized_rescaled,121,2,0.009452934891308966,9.094994372923448,2.9882571825840074
grid2d,unnormalized_rescaled,121,2,0.009958587328048935,8.420076170275852,2.923480434800709
grid2d,unnormalized_rescaled,121,2,0.01049128791329739,7.80981858772886,2.845564134256321
grid2d,unnormalized_rescaled,121,2,0.011052483495293494,7.259686399387587,2.7561760930116534
grid2d,unnormalized_rescaled,121,2,0.011643698316476894,6.764967791630328,2.6574387686413843
grid2d,unnormalized_rescaled,121,2,0.012266538153425814,6.320874670224661,2.551824525346568
grid2d,unnormalized_rescaled,121,2,0.012922694678247155,5.922638359540886,2.442014002296524
grid2d,unnormalized_rescaled,121,2,0.013613950053264075,5.565597441683325,2.3307319927554744
grid2d,unnormalized_rescaled,121,2,0.014342181771480863,5.24527494077988,2.220579538679843
grid2d,unnormalized_rescaled,121,2,0.015109367755971739,4.9574426742414195,2.1138818727850612
grid2d,unnormalized_rescaled,121,2,0.015917591732044156,4.698171326124226,2.012569105822479
grid2d,unnormalized_rescaled,121,2,0.01676904888676764,4.463865594422665,1.9181008683765377
grid2d,unnormalized_rescaled,121,2,0.017666051831239586,4.25128456467589,1.8314389169970084
grid2d,unnormalized_rescaled,121,2,0.018611036881782353,4.05754820689017,1.7530646782712829
grid2d,unnormalized_rescaled,121,2,0.019606570677131237,3.8801315274844757,1.6830332167320137
grid2d,unnormalized_rescaled,121,2,0.020655357149586585,3.716848390216019,1.6210519368677296
grid2d,unnormalized_rescaled,121,2,0.021760244869063573,3.5658273230208763,1.566571546427376
grid2d,unnormalized_rescaled,121,2,0.0229242347799871,3.425481742702546,1.5188779759219848
grid2d,unnormalized_rescaled,121,2,0.02415048835204516,3.2944769659224464,1.4771763653308163
grid2d,unnormalized_rescaled,121,2,0.02544233616693907,3.1716961585471823,1.4406611742010682
grid2d,unnormalized_rescaled,121,2,0.026803286964452604,3.056207043637201,1.40856936710394
grid2d,unnormalized_rescaled,121,2,0.02823703717240938,2.947230785457063,1.3802160960400087
grid2d,unnormalized_rescaled,121,2,0.02974748094640316,2.8441140380639913,1.3550141595961058
grid2d,unnormalized_rescaled,121,2,0.031338720746568724,2.7463047332247776,1.3324797262406385
grid2d,unnormalized_rescaled,121,2,0.03301507848012146,2.653331816193657,1.3122274212519258
grid2d,unnormalized_rescaled,121,2,0.034781107239928465,2.564788841024527,1.2939580000965911
grid2d,unnormalized_rescaled,121,2,0.03664160367099497,2.480321119902354,1.2774415938822798
grid2d,unnormalized_rescaled,121,2,0.038601620998453066,2.3996159832956416,1.2624990451580587
grid2d,unnormalized_rescaled,121,2,0.04066648275243878,2.322395641107134,1.2489832744418408
grid2d,unnormalized_rescaled,121,2,0.04284179722713391,2.248412125584284,1.2367620293797739
grid2d,unnormalized_rescaled,121,2,0.04513347271324531,2.177443828289538,1.2257028437352737
grid2d,unnormalized_rescaled,121,2,0.0475477335452936,2.1092931999121602,1.215660618336054
grid2d,unnormalized_rescaled,121,2,0.05009113700729621,2.043785249336023,1.2064679486938559
grid2d,unnormalized_rescaled,121,2,0.05277059114276293,1.9807665467528652,1.1979281583759818
grid2d,unnormalized_rescaled,121,2,0.05559337351737546,1.9201044980751827,1.1898109300792346
grid2d,unnormalized_rescaled,121,2,0.05856715098531316,1.8616867112799376,1.1818504247823682
grid2d,unnormalized_rescaled,121,2,0.06170000051291004,1.8054203191814446,1.1737458082346741
grid2d,unnormalized_rescaled,121,2,0.06500043111620289,1.751231158877685,1.1651641323594664
grid2d,unnormalized_rescaled,121,2,0.06847740697195275,1.699062737977599,1.1557455242149288
grid2d,unnormalized_rescaled,121,2,0.07214037176491224,1.6488749439559405,1.1451106046462058
grid2d,unnormalized_rescaled,121,2,0.07599927433746606,1.6006424772801695,1.1328699907955055
grid2d,unnormalized_rescaled,121,2,0.08006459571131165,1.5543530120977531,1.1186356381952756
grid2d,unnormalized_rescaled,121,2,0.08434737755457261,1.5100051101090517,1.1020336624414107
grid2d,unnormalized_rescaled,121,2,0.08885925217166203,1.4676059328714093,1.0827181636133316
grid2d,unnormalized_rescaled,121,2,0.09361247409735239,1.4271688138613727,1.0603854746535006
grid2d,unnormalized_rescaled,121,2,0.09861995338086081,1.388710762836083,1.0347881809152026
grid2d,unnormalized_rescaled,121,2,0.10389529065035408,1.3522499804294241,1.0057482204343344
grid2d,unnormalized_rescaled,121,2,0.10945281405310801,1.3178034601914927,0.9731683762918273
grid2d,unnormalized_rescaled,121,2,0.11530761817165604,1.2853847488961465,0.9370415120856634
grid2d,unnormalized_rescaled,121,2,0.12147560502162218,1.2550019250789102,0.8974569741786693
grid2d,unnormalized_rescaled,121,2,0.1279735272425951,1.2266558421149802,0.8546036839673317
grid2d,unnormalized_rescaled,121,2,0.13481903359934813,1.2003386676071388,0.8087695646025073
grid2d,unnormalized_rescaled,121,2,0.14203071691699326,1.1760327372154307,0.7603370861191951
grid2d,unnormalized_rescaled,121,2,0.14962816458026168,1.1537097297115064,0.7097748698322834
grid2d,unnormalized_rescaled,121,2,0.15763201173407,1.133330161762773,0.6576254674494839
grid2d,unnormalized_rescaled,121,2,0.1660639973298705,1.1148431958391065,0.6044896221580884
grid2d,unnormalized_rescaled,121,2,0.17494702317000738,1.0981867521348485,0.5510075240644015
grid2d,unnormalized_rescaled,121,2,0.18430521611045092,1.0832879144620673,0.49783778121557165
grid2d,unnormalized_rescaled,121,2,0.19416399359085218,1.0700636193838506,0.44563502371080355
grid2d,unnormalized_rescaled,121,2,0.2045501326699065,1.0584216161092588,0.3950272200385273
grid2d,unnormalized_rescaled,121,2,0.21549184275352476,1.0482616808237963,0.3465938870102343
grid2d,unnormalized_rescaled,121,2,0.22701884221335283,1.0394770626233514,0.3008463948447341
grid2d,unnormalized_rescaled,121,2,0.23916243910373353,1.031956129113232,0.2582114918150112
grid2d,unnormalized_rescaled,121,2,0.25195561619634876,1.0255841687266314,0.21901899489597348
grid2d,unnormalized_rescaled,121,2,0.2654331205634994,1.0202452951660184,0.18349432448104658
grid2d,unnormalized_rescaled,121,2,0.2796315579533334,1.0158243887100131,0.15175622612750397
grid2d,unnormalized_rescaled,121,2,0.2945894922133588,1.0122090012141562,0.12381965386554061
grid2d,unnormalized_rescaled,121,2,0.31034755003227266,1.0092911480630484,0.09960342574720527
grid2d,unnormalized_rescaled,121,2,0.3269485312846011,1.006968912269035,0.07894193955718654
grid2d,unnormalized_rescaled,121,2,0.3444375252778434,1.0051477938799203,0.06159998513393905
grid2d,unnormalized_rescaled,121,2,0.36286203321786503,1.0037417516105196,0.04728953000902345
grid2d,unnormalized_rescaled,121,2,0.38227209722515343,1.00267390213364,0.03568729637953655
grid2d,unnormalized_rescaled,121,2,0.40272043625236015,1.0018768640788778,0.026451988269509084
grid2d,unnormalized_rescaled,121,2,0.4242625892722881,1.0012927563717555,0.0192401572573566
grid2d,unnormalized_rescaled,121,2,0.44695706612522607,1.0008728818232504,0.013719895253951703
grid2d,unnormalized_rescaled,121,2,0.4708655064353526,1.0005771447287868,0.009581790476974092
grid2d,unnormalized_rescaled,121,2,0.49605284702782193,1.0003732639799197,0.006546852301828226
grid2d,unnormalized_rescaled,121,2,0.5225874983012625,1.0002358498204529,0.004371376030534687
grid2d,unnormalized_rescaled,121,2,0.5505415300347115,1.0001454126615348,0.00284895569088254
grid2d,unnormalized_rescaled,121,2,0.5799908671336641,1.0000873668522892,0.001810041842442298
grid2d,unnormalized_rescaled,121,2,0.6110154958468801,1.0000510821809772,0.001119568368614135
grid2d,unnormalized_rescaled,121,2,0.6436996810140625,1.0000290227906856,0.0006732314804152079
grid2d,unnormalized_rescaled,121,2,0.6781321949344495,1.0000159989366348,0.000392998081544338
grid2d,unnormalized_rescaled,121,2,0.714406558477955,1.0000085432904569,0.00022235936592868616
grid2d,unnormalized_rescaled,121,2,0.7526212950937257,1.0000044116800075,0.0001217449622754681
grid2d,unnormalized_rescaled,121,2,0.7928801984060108,1.0000021991308765,6.43920057026016e-05
grid2d,unnormalized_rescaled,121,2,0.8352926141241689,1.000001056205786,3.284086293416846e-05
grid2d,unnormalized_rescaled,121,2,0.8799737370324743,1.0000004877924182,1.612035850932586e-05
grid2d,unnormalized_rescaled,121,2,0.9270449238663913,1.0000002161739627,7.600564403081263e-06
grid2d,unnormalized_rescaled,121,2,0.9766340229250815,1.000000091727172,3.4349227446022504e-06
grid2d,unnormalized_rescaled,121,2,1.0288757213154143,1.0000000371802422,1.4846712594021996e-06
grid2d,unnormalized_rescaled,121,2,1.0839119107706137,1.0000000143610033,6.123206567208794e-07
grid2d,unnormalized_rescaled,121,2,1.1418920730371025,1.0000000052722346,2.403833134834025e-07
grid2d,unnormalized_rescaled,121,2,1.2029736858763214,1.0000000018346376,8.959711918564609e-08
grid2d,unnormalized_rescaled,121,2,1.2673226507842141,1.000000000603332,3.162130031274996e-08
grid2d,unnormalized_rescaled,121,2,1.3351137435901064,1.0000000001868528,1.0537496141841889e-08
grid2d,unnormalized_rescaled,121,2,1.4065310891588423,1.0000000000542235,3.305961435365389e-09
grid2d,unnormalized_rescaled,121,2,1.4817686614854642,1.0000000000145792,9.736307000527984e-10
grid2d,unnormalized_rescaled,121,2,1.5610308105407733,1.0000000000034877,2.68524597832906e-10
grid2d,unnormalized_rescaled,121,2,1.644532817298676,1.0000000000005864,6.938952066768215e-11
grid2d,unnormalized_rescaled,121,2,1.7325014784528407,0.9999999999998718,1.7042180472891904e-11
grid2d,unnormalized_rescaled,121,2,1.825175722410739,0.9999999999996984,4.297296913843762e-12
grid2d,unnormalized_rescaled,121,2,1.9228072582382165,0.9999999999996478,1.453027513753966e-12
grid2d,unnormalized_rescaled,121,2,2.0256612593171135,0.9999999999996226,8.92695789241853e-13
grid2d,unnormalized_rescaled,121,2,2.134017083572837,0.9999999999996013,8.223880063182735e-13
grid2d,unnormalized_rescaled,121,2,2.2481690322280055,0.9999999999995798,8.458239339594852e-13
grid2d,unnormalized_rescaled,121,2,2.368427149143062,0.9999999999995572,8.863041726124768e-13
grid2d,unnormalized_rescaled,121,2,2.4951180629148673,0.9999999999995336,9.3317602789491e-13
grid2d,unnormalized_rescaled,121,2,2.6285858740204704,0.9999999999995086,9.843089609302665e-13
grid2d,unnormalized_rescaled,121,2,2.7691930894156345,0.9999999999994823,1.035441893965615e-12
grid2d,unnormalized_rescaled,121,2,2.9173216071264587,0.9999999999994547,1.0610083604833022e-12
grid2d,unnormalized_rescaled,256,2,3.3259638351531866e-05,246.68973444289608,0.07601391265707659
grid2d,unnormalized_rescaled,256,2,3.509935477003792e-05,246.18546805626508,0.07810999019011433
grid2d,unnormalized_rescaled,256,2,3.70408328633026e-05,245.65450904369325,0.08241737191052323
grid2d,unnormalized_rescaled,256,2,3.90897014545216e-05,245.09551419797322,0.08696149801350828
grid2d,unnormalized_rescaled,256,2,4.125190071839509e-05,244.50708061439406,0.09175528902852648
grid2d,unnormalized_rescaled,256,2,4.3533699403157925e-05,243.887743954352,0.09681235983514114
grid2d,unnormalized_rescaled,256,2,4.59417130052242e-05,243.23597677493527,0.10214705567457827
grid2d,unnormalized_rescaled,256,2,4.848292294914144e-05,242.55018694387235,0.10777448986604554
grid2d,unnormalized_rescaled,256,2,5.116469682845938e-05,241.82871616165707,0.11371058328622041
grid2d,unnormalized_rescaled,256,2,5.399480976619859e-05,241.06983861530165,0.11997210567035665
grid2d,unnormalized_rescaled,256,2,5.6981466956847554e-05,240.27175979103248,0.12657671879003374
grid2d,unnormalized_rescaled,256,2,6.013332745524171e-05,239.43261547635035,0.1335430215610245
grid2d,unnormalized_rescaled,256,2,6.345952928129715e-05,238.55047098521788,0.14089059713069219
grid2d,unnormalized_rescaled,256,2,6.696971591338032e-05,237.62332064373942,0.1486400619892123
grid2d,unnormalized_rescaled,256,2,7.06740642471274e-05,236.64908757754546,0.1568131171436704
grid2d,unnormalized_rescaled,256,2,7.458331410077181e-05,235.62562384619747,0.16543260138574567
grid2d,unnormalized_rescaled,256,2,7.870879935252167e-05,234.5507109742802,0.1745225466751208
grid2d,unnormalized_rescaled,256,2,8.306248080026547e-05,233.42206093343293,0.18410823564823886
grid2d,unnormalized_rescaled,256,2,8.76569808388702e-05,232.23731763438138,0.19421626125007663
grid2d,unnormalized_rescaled,256,2,9.25056200556134e-05,230.99405899302937,0.2048745884677743
grid2d,unnormalized_rescaled,256,2,9.762245584984737e-05,229.6897996398337,0.21611261812689975
grid2d,unnormalized_rescaled,256,2,0.00010302232318886092,228.3219943469585,0.22796125268629908
grid2d,unnormalized_rescaled,256,2,0.00010872087761810518,226.8880422530355,0.2404529639398021
grid2d,unnormalized_rescaled,256,2,0.00011473464065047439,225.3852919706681,0.253621862499287
grid2d,unnormalized_rescaled,256,2,0.00012108104766624232,223.8110476670118,0.2675037688944002
grid2d,unnormalized_rescaled,256,2,0.00012777849846252364,222.16257621274144,0.2821362860774883
grid2d,unnormalized_rescaled,256,2,0.00013484641059881793,220.43711549932755,0.29755887306730244
grid2d,unnormalized_rescaled,256,2,0.00014230527569329747,218.63188402863932,0.31381291940083145
grid2d,unnormalized_rescaled,256,2,0.00015017671883305492,216.7440918822755,0.3309418199865348
grid2d,unnormalized_rescaled,256,2,0.00015848356127055885,214.7709531804761,0.34899104986303087
grid2d,unnormalized_rescaled,256,2,0.00016724988658808364,212.7097001417348,0.3680082382636698
grid2d,unnormalized_rescaled,256,2,0.00017650111052194806,210.55759885401258,0.38804324126395784
grid2d,unnormalized_rescaled,256,2,0.0001862640546489944,208.31196686642505,0.40914821214569486
grid2d,unnormalized_rescaled,256,2,0.0001965670241489461,205.970192706056,0.4313776684433748
grid2d,unnormalized_rescaled,256,2,0.00020743988986809595,203.52975741772505,0.4547885544409951
grid2d,unnormalized_rescaled,256,2,0.00021891417492224594,200.98825821464726,0.4794402976555716
grid2d,unnormalized_rescaled,256,2,0.00023102314608998583,198.3434343144677,0.5053948575725116
grid2d,unnormalized_rescaled,256,2,0.0002438019102612771,195.59319501759578,0.5327167645800444
grid2d,unnormalized_rescaled,256,2,0.00025728751622097464,192.73565006253514,0.5614731466747713
grid2d,unnormalized_rescaled,256,2,0.0002715190620623794,189.76914226541237,0.5917337410732415
grid2d,unnormalized_rescaled,256,2,0.00028653780854223995,186.69228241755235,0.6235708873479524
grid2d,unnormalized_rescaled,256,2,0.00030238729870585214,183.50398637513277,0.6570594981015461
grid2d,unnormalized_rescaled,256,2,0.0003191134841290685,180.20351422811575,0.6922770024808642
grid2d,unnormalized_rescaled,256,2,0.00033676485814323803,176.79051138127886,0.7293032569960332
grid2d,unnormalized_rescaled,256,2,0.00035539259642931685,173.26505131785046,0.768220417126301
grid2d,unnormalized_rescaled,256,2,0.00037505070538877233,169.62767974568862,0.8091127620362215
grid2d,unnormalized_rescaled,256,2,0.0003957961787214438,165.87945974703646,0.8520664633656168
grid2d,unnormalized_rescaled,256,2,0.0004176891626643143,162.02201746576208,0.897169287456336
grid2d,unnormalized_rescaled,256,2,0.0004407931303702708,158.05758777107923,0.9445102184962479
grid2d,unnormalized_rescaled,256,2,0.00046517506593240246,153.98905923485967,0.9941789878527771
grid2d,unnormalized_rescaled,256,2,0.0004909056585873897,149.82001765202511,1.0462654922752392
grid2d,unnormalized_rescaled,256,2,0.0005180595076610118,145.55478722196005,1.1008590806077905
grid2d,unnormalized_rescaled,256,2,0.0005467153388499637,141.1984683957914,1.15804768510624
grid2d,unnormalized_rescaled,256,2,0.0005769562324670482,136.75697128285253,1.2179167693148543
grid2d,unnormalized_rescaled,256,2,0.0006088698643114582,132.23704340354055,1.2805480596574057
grid2d,unnormalized_rescaled,256,2,0.0006425487598625196,127.64629047975382,1.3460180223519558
grid2d,unnormalized_rescaled,256,2,0.0006780905625338441,122.99318887370595,1.4143960408980831
grid2d,unnormalized_rescaled,256,2,0.0007155983167656347,118.28708822748618,1.4857422421572437
grid2d,unnormalized_rescaled,256,2,0.0007551807667759005,113.53820282643363,1.560104910926512
grid2d,unnormalized_rescaled,256,2,0.0007969526718367255,108.75759021701126,1.6375174239414179
grid2d,unnormalized_rescaled,256,2,0.0008410351389896723,103.95711566267315,1.7179946245624365
grid2d,unnormalized_rescaled,256,2,0.0008875559741649148,99.14940112768923,1.8015285492998316
grid2d,unnormalized_rescaled,256,2,0.0009366500527221187,94.3477576472595,1.888083407333795
grid2d,unnormalized_rescaled,256,2,0.0009884597104873264,89.56610018010954,1.9775897051540738
grid2d,unnormalized_rescaled,256,2,0.0010431351564195715,84.81884435333362,2.069937401749499
grid2d,unnormalized_rescaled,256,2,0.0011008349081036597,80.12078490278823,2.164967977489283
grid2d,unnormalized_rescaled,256,2,0.0011617262513316773,75.48695608721982,2.2624653050189636
grid2d,unnormalized_rescaled,256,2,0.0012259857251057178,70.93247490817464,2.3621452275362884
grid2d,unnormalized_rescaled,256,2,0.001293799633467927,66.47236859365842,2.463643784869319
grid2d,unnormalized_rescaled,256,2,0.0013653645856418098,62.12138848901816,2.566504089233476
grid2d,unnormalized_rescaled,256,2,0.001440888066050798,57.893813225006326,2.6701619514719823
grid2d,unnormalized_rescaled,256,2,0.0015205890358666917,53.803244775140755,2.773930509051084
grid2d,unnormalized_rescaled,256,2,0.0016046985678320445,49.86240174018956,2.8769843260314474
grid2d,unnormalized_rescaled,256,2,0.0016934605161969382,46.082914868342385,2.978343741537117
grid2d,unnormalized_rescaled,256,2,0.0017871322237125338,42.475130391333174,3.0768606551796154
grid2d,unnormalized_rescaled,256,2,0.0018859852677310883,39.04792718165764,3.171207468168916
grid2d,unnormalized_rescaled,256,2,0.0019903062475755814,35.80855396492332,3.259871545882362
grid2d,unnormalized_rescaled,256,2,0.0021003976154617666,32.7624928071196,3.34115830201452
grid2d,unnormalized_rescaled,256,2,0.0022165785533816143,29.91335479798737,3.4132067497860206
grid2d,unnormalized_rescaled,256,2,0.0023391858984905443,27.26281323798854,3.4740219759880517
grid2d,unnormalized_rescaled,256,2,0.002468575119681297,24.810578692247397,3.5215292316245623
grid2d,unnormalized_rescaled,256,2,0.0026051213481758104,22.554419004758195,3.553653862074299
grid2d,unnormalized_rescaled,256,2,0.0027492204651230314,20.49022579845758,3.568429709344464
grid2d,unnormalized_rescaled,256,2,0.0029012902493558636,18.612127176094663,3.5641355083983726
grid2d,unnormalized_rescaled,256,2,0.0030617715886349386,16.912644364729694,3.5394539428213605
grid2d,unnormalized_rescaled,256,2,0.003231129757890784,15.382888019550254,3.4936416133039145
grid2d,unnormalized_rescaled,256,2,0.003409855768170486,14.01278794674395,3.4266910740118846
grid2d,unnormalized_rescaled,256,2,0.003598467790199636,12.791348258411093,3.3394599959750906
grid2d,unnormalized_rescaled,256,2,0.0037975126566868996,11.706918573707984,3.2337397670981645
grid2d,unnormalized_rescaled,256,2,0.0040075674477267325,10.747470956095876,3.1122388059202066
grid2d,unnormalized_rescaled,256,2,0.0042292411638966965,9.900871926961226,2.978465903305157
grid2d,unnormalized_rescaled,256,2,0.004463176491900162,9.155139181631606,2.836515259638695
grid2d,unnormalized_rescaled,256,2,0.004710051667873344,8.498673565286344,2.690774206609163
grid2d,unnormalized_rescaled,256,2,0.00497058244375892,7.920458397173932,2.5455916209636484
grid2d,unnormalized_rescaled,256,2,0.005245524162447207,7.4102202586997,2.4049544001818433
grid2d,unnormalized_rescaled,256,2,0.005535673947701257,6.958547730820611,2.272217886976904
grid2d,unnormalized_rescaled,256,2,0.0058418730152149595,6.556967088461785,2.149924225593267
grid2d,unnormalized_rescaled,256,2,0.00616500911150457,6.197976426503347,2.039724160850895
grid2d,unnormalized_rescaled,256,2,0.0065060190877045,5.875041900707039,1.9423983183362168
grid2d,unnormalized_rescaled,256,2,0.006865891615729515,5.582561543729691,1.8579585581682458
grid2d,unnormalized_rescaled,256,2,0.0072456700546781345,5.315803335874763,1.7858014252923518
grid2d,unnormalized_rescaled,256,2,0.007646455475787654,5.070824810037308,1.7248842912619367
grid2d,unnormalized_rescaled,256,2,0.008069409854710835,4.844381456186913,1.6738988385502829
grid2d,unnormalized_rescaled,256,2,0.008515759440369575,4.633830632542667,1.6314236149684902
grid2d,unnormalized_rescaled,256,2,0.008986798310152535,4.437036709214056,1.5960451832976794
grid2d,unnormalized_rescaled,256,2,0.009483892121764238,4.2522819179405795,1.5664443023034238
grid2d,unnormalized_rescaled,256,2,0.010008482072603133,4.0781860200687685,1.5414487818269933
grid2d,unnormalized_rescaled,256,2,0.01056208907814784,3.9136365827443473,1.5200579663879665
grid2d,unnormalized_rescaled,256,2,0.011146318181465697,3.7577304891226797,1.5014454153156827
grid2d,unnormalized_rescaled,256,2,0.01176286320662801,3.6097263803286865,1.4849466377416505
grid2d,unnormalized_rescaled,256,2,0.012413511669523192,3.469007069712657,1.4700381230176376
grid2d,unnormalized_rescaled,256,2,0.01310014996030563,3.335050579329618,1.4563127622579906
grid2d,unnormalized_rescaled,256,2,0.013824768812505363,3.207408290419467,1.4434553981746987
grid2d,unnormalized_rescaled,256,2,0.014589469074654941,3.0856887219413314,1.4312209025030214
grid2d,unnormalized_rescaled,256,2,0.015396467801166719,2.969545595689458,1.4194160177561415
grid2d,unnormalized_rescaled,256,2,0.016248104680119765,2.8586690584152255,1.4078852943448261
grid2d,unnormalized_rescaled,256,2,0.017146848816591835,2.7527791657629277,1.3965008261219367
grid2d,unnormalized_rescaled,256,2,0.01809530589120316,2.6516209574960854,1.3851551142168326
grid2d,unnormalized_rescaled,256,2,0.019096225714626366,2.554960648936826,1.3737562224910782
grid2d,unnormalized_rescaled,256,2,0.020152510199964963,2.462582620904951,1.362224371822812
grid2d,unnormalized_rescaled,256,2,0.021267221776114075,2.374287008550071,1.3504892030864664
grid2d,unnormalized_rescaled,256,2,0.022443592266496264,2.289887771814259,1.3384870801743354
grid2d,unnormalized_rescaled,256,2,0.023685032258913562,2.209211182539736,1.3261579779779282
grid2d,unnormalized_rescaled,256,2,0.0249951409936816,2.132094691661264,1.3134416899641348
grid2d,unnormalized_rescaled,256,2,0.0263777167987138,2.058386150325184,1.300273286162943
grid2d,unnormalized_rescaled,256,2,0.027836768101809573,1.9879433562836768,1.2865779469638898
grid2d,unnormalized_rescaled,256,2,0.029376525052073735,1.920633885987627,1.2722654812440606
grid2d,unnormalized_rescaled,256,2,0.031001451784160833,1.8563351574101739,1.2572249959779764
grid2d,unnormalized_rescaled,256,2,0.03271625936090096,1.7949346523751164,1.2413203030729125
grid2d,unnormalized_rescaled,256,2,0.0345259194318313,1.7363302132820522,1.2243867120553666
grid2d,unnormalized_rescaled,256,2,0.03643567864723271,1.6804303203728796,1.2062298517993302
grid2d,unnormalized_rescaled,256,2,0.03845107386946115,1.627154254126884,1.186627084304046
grid2d,unnormalized_rescaled,256,2,0.04057794822567551,1.576432054116917,1.1653319204510506
grid2d,unnormalized_rescaled,256,2,0.04282246804850227,1.5282042007098917,1.1420816323716378
grid2d,unnormalized_rescaled,256,2,0.04519114075375285,1.4824209682165983,1.1166079978579608
grid2d,unnormalized_rescaled,256,2,0.04769083370702474,1.4390414253689772,1.0886508326120428
grid2d,unnormalized_rescaled,256,2,0.050328794133885864,1.3980320885392916,1.0579736914840137
grid2d,unnormalized_rescaled,256,2,0.05311267013136659,1.3593652618901866,1.024380874628072
grid2d,unnormalized_rescaled,256,2,0.056050532841676874,1.3230171238550945,0.9877346799338538
grid2d,unnormalized_rescaled,256,2,0.05915089985243526,1.2889656388136617,0.9479717161007946
grid2d,unnormalized_rescaled,256,2,0.0624227598912537,1.25718838524968,0.9051170437432883
grid2d,unnormalized_rescaled,256,2,0.06587559888627269,1.2276603967328963,0.859294953087272
grid2d,unnormalized_rescaled,256,2,0.06951942746820346,1.2003521103068482,0.8107353200195715
grid2d,unnormalized_rescaled,256,2,0.07336480999361211,1.1752275095039928,0.7597747064836042
grid2d,unnormalized_rescaled,256,2,0.0774228951735915,1.152242537808797,0.7068516793229582
grid2d,unnormalized_rescaled,256,2,0.08170544839662033,1.1313438445449453,0.6524961987884794
grid2d,unnormalized_rescaled,256,2,0.08622488583932289,1.1124679102342465,0.5973133503695773
grid2d,unnormalized_rescaled,256,2,0.09099431046402279,1.0955405834054974,0.5419621291075019
grid2d,unnormalized_rescaled,256,2,0.09602755000745837,1.0804770460777502,0.48713039525849
grid2d,unnormalized_rescaled,256,2,0.10133919707079729,1.0671822107173063,0.43350746265295714
grid2d,unnormalized_rescaled,256,2,0.10694465142718176,1.0555515370837525,0.3817560176285003
grid2d,unnormalized_rescaled,256,2,0.11286016466946353,1.0454722426633216,0.3324851667696902
grid2d,unnormalized_rescaled,256,2,0.11910288732757511,1.036824865118546,0.2862263591357299
grid2d,unnormalized_rescaled,256,2,0.12569091859213996,1.029485119516267,0.2434137232073037
grid2d,unnormalized_rescaled,256,2,0.1326433587884842,1.0233259777011,0.20437001796733162
grid2d,unnormalized_rescaled,256,2,0.13998036475318437,1.0182198832628668,0.16929895453155708
grid2d,unnormalized_rescaled,256,2,0.14772320827370145,1.0140410047189368,0.13828414417457618
grid2d,unnormalized_rescaled,256,2,0.1558943377605317,1.010667423564009,0.11129442065027872
grid2d,unnormalized_rescaled,256,2,0.1645174433306788,1.0079831543061963,0.08819481872114336
grid2d,unnormalized_rescaled,256,2,0.17361752549113751,1.0058799015306792,0.06876210931566377
grid2d,unnormalized_rescaled,256,2,0.18322096762152137,1.0042584745809886,0.052703525912296975
grid2d,unnormalized_rescaled,256,2,0.19335561246597885,1.003029802783164,0.03967718386996882
grid2d,unnormalized_rescaled,256,2,0.20405084285616654,1.002115521430867,0.02931269731304236
grid2d,unnormalized_rescaled,256,2,0.21533766689931466,1.0014481283900876,0.021230626384405808
grid2d,unnormalized_rescaled,256,2,0.2272488078783687,1.0009707401381982,0.015059619806481668
grid2d,unnormalized_rescaled,256,2,0.23981879912484597,1.0006365013141807,0.010450424310219362
grid2d,unnormalized_rescaled,256,2,0.25308408413946953,1.000407720886353,0.007086279304580793
grid2d,unnormalized_rescaled,256,2,0.26708312225085346,1.000254819144636,0.00468956624141722
grid2d,unnormalized_rescaled,256,2,0.28185650011856933,1.0001551722704243,0.003024903276285095
grid2d,unnormalized_rescaled,256,2,0.29744704940386824,1.0000919357212654,0.0018991379073879564
grid2d,unnormalized_rescaled,256,2,0.31389997094921823,1.000052915565931,0.001158872386073785
grid2d,unnormalized_rescaled,256,2,0.3312629658266788,1.0000295403894603,0.0006862485800124653
grid2d,unnormalized_rescaled,256,2,0.34958637363505835,1.0000159679412668,0.00039372217381233106
grid2d,unnormalized_rescaled,256,2,0.36892331844681053,1.0000083427155422,0.0002184833103044512
grid2d,unnormalized_rescaled,256,2,0.3893298628278034,1.0000042050859677,0.00011705334577088747
grid2d,unnormalized_rescaled,256,2,0.41086517037651077,1.0000020407475465,6.0431255996537016e-05
grid2d,unnormalized_rescaled,256,2,0.43359167725385056,1.000000951570714,3.0004228556207197e-05
grid2d,unnormalized_rescaled,256,2,0.45757527320100094,1.0000004253734764,1.4296533169810748e-05
grid2d,unnormalized_rescaled,256,2,0.48288549256998287,1.0000001818714184,6.522918446313266e-06
grid2d,unnormalized_rescaled,256,2,0.5095957159208759,1.0000000741915442,2.8431527870947496e-06
grid2d,unnormalized_rescaled,256,2,0.5377833827701399,1.0000000288013235,1.1809606631749673e-06
grid2d,unnormalized_rescaled,256,2,0.5675302161068393,1.0000000106108073,4.662518240620414e-07
grid2d,unnormalized_rescaled,256,2,0.5989224593277266,1.0000000036991887,1.7448908676612925e-07
grid2d,unnormalized_rescaled,256,2,0.6320511262780844,1.0000000012166381,6.172027944742273e-08
grid2d,unnormalized_rescaled,256,2,0.6670122651232826,1.0000000003762832,2.0572245586547392e-08
grid2d,unnormalized_rescaled,256,2,0.7039072368160731,1.0000000001090665,6.440822529492537e-09
grid2d,unnormalized_rescaled,256,2,0.7428430089669469,1.0000000000295213,1.8877492872666542e-09
grid2d,unnormalized_rescaled,256,2,0.7839324659695961,1.0000000000074336,5.161188724135478e-10
grid2d,unnormalized_rescaled,256,2,0.8272947362805637,1.0000000000017344,1.311403280006289e-10
grid2d,unnormalized_rescaled,256,2,0.8730555378019936,1.0000000000003733,3.0841506204723864e-11
grid2d,unnormalized_rescaled,256,2,0.9213475423687836,1.000000000000074,6.6813640079818006e-12
grid2d,unnormalized_rescaled,256,2,0.9723107603969171,1.0000000000000135,1.3321485028262708e-12
grid2d,unnormalized_rescaled,256,2,1.026092946808151,1.0000000000000022,2.4333362745123424e-13
grid2d,unnormalized_rescaled,256,2,1.0828500294079142,1.0000000000000004,4.12429877036011e-14
grid2d,unnormalized_rescaled,256,2,1.1427465609584369,1.0,8.248597540719755e-15
grid2d,unnormalized_rescaled,256,2,1.205956196257723,1.0,-0.0
grid2d,unnormalized_rescaled,256,2,1.2726621956076005,1.0,-0.0
grid2d,unnormalized_rescaled,256,2,1.3430579561304574,1.0,-0.0
grid2d,unnormalized_rescaled,256,2,1.4173475724751428,1.0,-0.0
grid2d,unnormalized_rescaled,256,2,1.4957464285376325,1.0,-0.0
grid2d,unnormalized_rescaled,529,2,1.6859804493026815e-05,509.4430428659998,0.07741089770563404
grid2d,unnormalized_rescaled,529,2,1.7830280559934555e-05,508.34069099018075,0.07963419161630725
grid2d,unnormalized_rescaled,529,2,1.885661870975262e-05,507.1776131761584,0.08420819889040843
grid2d,unnormalized_rescaled,529,2,1.994203444919304e-05,505.95062944096276,0.08904431249894174
grid2d,unnormalized_rescaled,529,2,2.1089928374439682e-05,504.6564127755029,0.09415747748354875
grid2d,unnormalized_rescaled,529,2,2.230389682518046e-05,503.2914847067132,0.09956348186211983
grid2d,unnormalized_rescaled,529,2,2.3587743151902127e-05,501.8522110383637,0.10527900302321314
grid2d,unnormalized_rescaled,529,2,2.4945489631747476e-05,500.33479782478065,0.11132165652250592
grid2d,unnormalized_rescaled,529,2,2.6381390070267916e-05,498.73528763877846,0.11771004738689328
grid2d,unnormalized_rescaled,529,2,2.7899943128551752e-05,497.0495562028068,0.12446382402977463
grid2d,unnormalized_rescaled,529,2,2.950590641748225e-05,495.27330946072277,0.13160373488408084
grid2d,unnormalized_rescaled,529,2,3.12043114032832e-05,493.40208117670625,0.13915168785905507
grid2d,unnormalized_rescaled,529,2,3.300047917104995e-05,491.4312311577113,0.14713081272488182
grid2d,unnormalized_rescaled,529,2,3.4900037095653245e-05,489.35594420646095,0.15556552652917333
grid2d,unnormalized_rescaled,529,2,3.690893647224638e-05,487.17122992339176,0.1644816021450879
grid2d,unnormalized_rescaled,529,2,3.9033471161610545e-05,484.8719234881115,0.17390624004551114
grid2d,unnormalized_rescaled,529,2,4.12802973087551e-05,482.4526875638339,0.18386814339353919
grid2d,unnormalized_rescaled,529,2,4.3656454196550105e-05,479.9080154818647,0.19439759652752286
grid2d,unnormalized_rescaled,529,2,4.616938629972656e-05,477.2322358774637,0.2055265469112868
grid2d,unnormalized_rescaled,529,2,4.882696660833786e-05,474.4195189632146,0.21728869060240186
grid2d,unnormalized_rescaled,529,2,5.163752129375511e-05,471.46388464127403,0.22971956127584292
grid2d,unnormalized_rescaled,529,2,5.460985579447573e-05,468.3592126713706,0.24285662281715759
grid2d,unnormalized_rescaled,529,2,5.7753282403469994e-05,465.0992551269981,0.25673936547072174
grid2d,unnormalized_rescaled,529,2,6.107764944349795e-05,461.6776513875991,0.27140940549756465
grid2d,unnormalized_rescaled,529,2,6.459337212180133e-05,458.0879459293695,0.28691058825377524
grid2d,unnormalized_rescaled,529,2,6.831146516083988e-05,454.32360919121004,0.3032890945528237
grid2d,unnormalized_rescaled,529,2,7.224357730730152e-05,450.37806180484733,0.3205935501149071
grid2d,unnormalized_rescaled,529,2,7.640202782750375e-05,446.2447024886559,0.33887513783537315
grid2d,unnormalized_rescaled,529,2,8.079984510352722e-05,441.9169399125735,0.358187712518216
grid2d,unnormalized_rescaled,529,2,8.54508074510005e-05,437.3882288459272,0.3785879176173239
grid2d,unnormalized_rescaled,529,2,9.036948628641858e-05,432.6521109000682,0.4001353034067563
grid2d,unnormalized_rescaled,529,2,9.557129177923966e-05,427.7022601724089,0.4228924458532788
grid2d,unnormalized_rescaled,529,2,0.00010107252113178472,422.53253408660987,0.44692506529010245
grid2d,unnormalized_rescaled,529,2,0.00010689040963820214,417.1370297039316,0.4723021437805812
grid2d,unnormalized_rescaled,529,2,0.00011304318468246462,411.51014575172195,0.4990960398129687
grid2d,unnormalized_rescaled,529,2,0.00011955012284457317,405.6466505750345,0.5273825986678986
grid2d,unnormalized_rescaled,529,2,0.00012643161029388057,399.54175616476897,0.5572412564459341
grid2d,unnormalized_rescaled,529,2,0.00013370920665874738,393.19119834864375,0.58875513531801
grid2d,unnormalized_rescaled,529,2,0.00014140571257263297,386.59132314788116,0.6220111270540656
grid2d,unnormalized_rescaled,529,2,0.00014954524110824178,379.7391792007583,0.6570999612805366
grid2d,unnormalized_rescaled,529,2,0.0001581532933235284,372.6326160322584,0.6941162541896517
grid2d,unnormalized_rescaled,529,2,0.00016725683815624605,365.2703878051599,0.7331585325576526
grid2d,unnormalized_rescaled,529,2,0.00017688439691734769,357.6522620204319,0.7743292268860813
grid2d,unnormalized_rescaled,529,2,0.0001870661326479546,349.77913244251795,0.8177346262325926
grid2d,unnormalized_rescaled,529,2,0.0001978339446198499,341.65313530719163,0.8634847857986045
grid2d,unnormalized_rescaled,529,2,0.0002092215682755645,333.277767626069,0.9116933765383521
grid2d,unnormalized_rescaled,529,2,0.0002212646809211664,324.65800613328094,0.9624774638884759
grid2d,unnormalized_rescaled,529,2,0.00023400101350288654,315.80042512811184,1.0159572001090282
grid2d,unnormalized_rescaled,529,2,0.00024747046881778246,306.71331115578545,1.0722554115866814
grid2d,unnormalized_rescaled,529,2,0.0002617152465287833,297.4067721419033,1.1314970586695665
grid2d,unnormalized_rescaled,529,2,0.0002767799753757932,287.8928382610457,1.1938085410464936
grid2d,unnormalized_rescaled,529,2,0.0002927118529970679,278.1855514857665,1.2593168161975399
grid2d,unnormalized_rescaled,529,2,0.000309560793798924,268.30104044010204,1.3281482918393976
grid2d,unnormalized_rescaled,529,2,0.00032737958533705106,258.257576885966,1.4004274453536567
grid2d,unnormalized_rescaled,529,2,0.0003462240536993736,248.07560991842308,1.4762751136669863
grid2d,unnormalized_rescaled,529,2,0.00036615323840860273,237.7777737567389,1.555806385667296
grid2d,unnormalized_rescaled,529,2,0.0003872295773924438,227.38886491490274,1.6391280156803276
grid2d,unnormalized_rescaled,529,2,0.0004095191026009716,216.93578454302798,1.7263352604748263
grid2d,unnormalized_rescaled,529,2,0.00043309164688404164,206.4474418764394,1.8175080233977638
grid2d,unnormalized_rescaled,529,2,0.00045802106277688105,195.95461503998223,1.912706167319726
grid2d,unnormalized_rescaled,529,2,0.0004843854538793083,185.48976595827804,2.011963832976761
grid2d,unnormalized_rescaled,529,2,0.0005122674195534973,175.08680684328976,2.115282571190562
grid2d,unnormalized_rescaled,529,2,0.0005417543137069189,164.7808166892993,2.222623066957979
grid2d,unnormalized_rescaled,529,2,0.0005729385184712183,154.60770741601777,2.333895201939967
grid2d,unnormalized_rescaled,529,2,0.0006059177336344703,144.60384076701703,2.448946172113736
grid2d,unnormalized_rescaled,529,2,0.0006407952827335977,134.80559878404677,2.567546353903694
grid2d,unnormalized_rescaled,529,2,0.0006776804367659327,125.24891261289943,2.689372602533055
grid2d,unnormalized_rescaled,529,2,0.0007166887565341095,115.96875650893169,2.813988682518442
grid2d,unnormalized_rescaled,529,2,0.0007579424546968546,106.99861613399558,2.940822590183444
grid2d,unnormalized_rescaled,529,2,0.000801570778659973,98.36994248191596,3.0691406582243417
grid2d,unnormalized_rescaled,529,2,0.0008477104155071179,90.11160492381188,3.1980185701124526
grid2d,unnormalized_rescaled,529,2,0.0008965059202389986,82.24935879285638,3.326309808085682
grid2d,unnormalized_rescaled,529,2,0.0009481101686626923,74.80534447837485,3.452612677355262
grid2d,unnormalized_rescaled,529,2,0.001002684836349947,67.7976360088989,3.575237966701181
grid2d,unnormalized_rescaled,529,2,0.0010604009051650622,61.23985740998433,3.692180597940961
grid2d,unnormalized_rescaled,529,2,0.001121439198949289,55.14088457508727,3.801100335488414
grid2d,unnormalized_rescaled,529,2,0.001185990950040034,49.504648864806626,3.899318752835356
grid2d,unnormalized_rescaled,529,2,0.0012542583983997755,44.330056075359366,3.983842017947538
grid2d,unnormalized_rescaled,529,2,0.0013264554252317567,39.61103077864449,4.051421241485812
grid2d,unnormalized_rescaled,529,2,0.0014028082230675676,35.336691400252626,4.098663331216422
grid2d,unnormalized_rescaled,529,2,0.001483556004425978,31.491655925832887,4.1222042589968595
grid2d,unnormalized_rescaled,529,2,0.0015689517512632656,28.056472063828608,4.118951741649376
grid2d,unnormalized_rescaled,529,2,0.0016592630075630492,25.008159388943987,4.086393951275625
grid2d,unnormalized_rescaled,529,2,0.0017547727175487924,22.320844867200684,4.022954273486583
grid2d,unnormalized_rescaled,529,2,0.0018557801121451018,19.966467689979716,3.92835075951767
grid2d,unnormalized_rescaled,529,2,0.0019626016464650915,17.91552500003888,3.803897600822971
grid2d,unnormalized_rescaled,529,2,0.002075571991260958,16.137827316765183,3.6526730622781827
grid2d,unnormalized_rescaled,529,2,0.0021950450814439398,14.603231607993534,3.4794836064470402
grid2d,unnormalized_rescaled,529,2,0.002321395224958709,13.282321215047736,3.2905838258728295
grid2d,unnormalized_rescaled,529,2,0.0024550182754862616,12.147005234527013,3.0931637223102655
grid2d,unnormalized_rescaled,529,2,0.002596332872649351,11.171015304059033,2.894674782310574
grid2d,unnormalized_rescaled,529,2,0.0027457817536060782,10.33028463065144,2.70211264658861
grid2d,unnormalized_rescaled,529,2,0.00290383314014077,9.603201960782135,2.5213879414845977
grid2d,unnormalized_rescaled,529,2,0.003070982205597948,8.97074131978495,2.356891932431033
grid2d,unnormalized_rescaled,529,2,0.003247752626255261,8.416476000260271,2.2113104289068204
grid2d,unnormalized_rescaled,529,2,0.0034346982219957745,7.926491759984982,2.0856787444194254
grid2d,unnormalized_rescaled,529,2,0.0036324046914199114,7.489218943203197,1.979622955335202
grid2d,unnormalized_rescaled,529,2,0.003841491446833029,7.095205921920579,1.8917093958638986
grid2d,unnormalized_rescaled,529,2,0.004062613554857719,6.73685677788464,1.819825078332606
grid2d,unnormalized_rescaled,529,2,0.0042964637887507135,6.4081546820885595,1.7615287051981952
grid2d,unnormalized_rescaled,529,2,0.004543774798854232,6.104389369262853,1.714335317304954
grid2d,unnormalized_rescaled,529,2,0.004805321407981904,5.8219029927898545,1.675919704015751
grid2d,unnormalized_rescaled,529,2,0.0050819230389305145,5.55786408290229,1.6442403743684508
grid2d,unnormalized_rescaled,529,2,0.005374446281723094,5.310074885688146,1.6175961261754175
grid2d,unnormalized_rescaled,529,2,0.005683807608626433,5.0768134876321955,1.594631860333358
grid2d,unnormalized_rescaled,529,2,0.0060109762454490885,4.856709123779168,1.5743107933341456
grid2d,unnormalized_rescaled,529,2,0.006356977208115774,4.648647044791289,1.5558681738454254
grid2d,unnormalized_rescaled,529,2,0.006722894514031514,4.451698239650837,1.538758293479077
grid2d,unnormalized_rescaled,529,2,0.0071098745782968735,4.265069022194618,1.5226029433419441
grid2d,unnormalized_rescaled,529,2,0.007519129805414532,4.088065775159495,1.5071461345239747
grid2d,unnormalized_rescaled,529,2,0.00795194238773988,3.9200707784415125,1.492217226329302
grid2d,unnormalized_rescaled,529,2,0.008409668322576355,3.760525830589147,1.4777027208528075
grid2d,unnormalized_rescaled,529,2,0.008893741660500767,3.6089211563534116,1.4635258489993461
grid2d,unnormalized_rescaled,529,2,0.00940567899822887,3.464787786774612,1.4496325487773412
grid2d,unnormalized_rescaled,529,2,0.009947084230096971,3.327692159781294,1.4359823355127297
grid2d,unnormalized_rescaled,529,2,0.010519653573046182,3.1972321129535404,1.422542705544025
grid2d,unnormalized_rescaled,529,2,0.011125180880852417,3.0730337419929468,1.4092859574593213
grid2d,unnormalized_rescaled,529,2,0.011765563264251487,2.954748803818153,1.3961875645373816
grid2d,unnormalized_rescaled,529,2,0.012442807034567311,2.842052478032853,1.3832254406586628
grid2d,unnormalized_rescaled,529,2,0.013159033989464294,2.7346413868362176,1.3703795950654616
grid2d,unnormalized_rescaled,529,2,0.01391648806051728,2.632231827796949,1.3576317747558377
grid2d,unnormalized_rescaled,529,2,0.014717542343425807,2.5345582075582698,1.3449647623018812
grid2d,unnormalized_rescaled,529,2,0.015564706532898077,2.4413716845283173,1.3323610495472913
grid2d,unnormalized_rescaled,529,2,0.01646063478549839,2.3524390389618888,1.319800661297844
grid2d,unnormalized_rescaled,529,2,0.01740813403509186,2.2675417915978087,1.3072579726933515
grid2d,unnormalized_rescaled,529,2,0.018410172786938957,2.186475588071601,1.294697460589699
grid2d,unnormalized_rescaled,529,2,0.01946989041799158,2.1090498560790705,1.2820684585903113
grid2d,unnormalized_rescaled,529,2,0.020590607012528135,2.035087726195636,1.2692991453415328
grid2d,unnormalized_rescaled,529,2,0.0217758337639431,1.9644261863555275,1.2562901751184086
grid2d,unnormalized_rescaled,529,2,0.023029283975279133,1.896916416093137,1.242908538024441
grid2d,unnormalized_rescaled,529,2,0.024354884692966813,1.8324242224896803,1.2289823865886191
grid2d,unnormalized_rescaled,529,2,0.025756789010220202,1.770830478817192,1.2142976557898493
grid2d,unnormalized_rescaled,529,2,0.027239389078634366,1.712031452840168,1.1985973076599148
grid2d,unnormalized_rescaled,529,2,0.02880732986875069,1.6559389079087725,1.181583932423008
grid2d,unnormalized_rescaled,529,2,0.03046552372270092,1.6024798684981407,1.1629262328752592
grid2d,unnormalized_rescaled,529,2,0.032219165744523874,1.5515959631339096,1.14226962090821
grid2d,unnormalized_rescaled,529,2,0.03407375007637226,1.5032422901196565,1.119250792916307
grid2d,unnormalized_rescaled,529,2,0.036035087111602526,1.457385791713771,1.0935157625768719
grid2d,unnormalized_rescaled,529,2,0.0381093216986768,1.414003165634923,1.0647404572521388
grid2d,unnormalized_rescaled,529,2,0.040302952392908806,1.3730783837516876,1.0326526675909262
grid2d,unnormalized_rescaled,529,2,0.04262285181636992,1.334599921706557,0.9970539107827969
grid2d,unnormalized_rescaled,529,2,0.04507628818974252,1.298557826460468,0.9578396478921993
grid2d,unnormalized_rescaled,529,2,0.047670948103579254,1.2649407595300863,0.9150162953244272
grid2d,unnormalized_rescaled,529,2,0.050414960600311344,1.233733152174564,0.8687135904346341
grid2d,unnormalized_rescaled,529,2,0.053316922642453385,1.2049125968245522,0.8191911043468156
grid2d,unnormalized_rescaled,529,2,0.05638592604679732,1.1784475796536675,0.7668380278684324
grid2d,unnormalized_rescaled,529,2,0.059631585968979696,1.1542956358580103,0.7121657706438747
grid2d,unnormalized_rescaled,529,2,0.06306407102766359,1.1324019851815978,0.6557933862957295
grid2d,unnormalized_rescaled,529,2,0.06669413516271519,1.1126986829485694,0.5984263390384836
grid2d,unnormalized_rescaled,529,2,0.07053315132718466,1.0951043026402585,0.540829626453059
grid2d,unnormalized_rescaled,529,2,0.07459314711864992,1.07952414998954,0.48379673014559454
grid2d,unnormalized_rescaled,529,2,0.0788868424615538,1.0658509947630006,0.4281162391995341
grid2d,unnormalized_rescaled,529,2,0.08342768945859479,1.053966293386212,0.3745382396851574
grid2d,unnormalized_rescaled,529,2,0.0882299145360247,1.0437418618081753,0.32374265215755316
grid2d,unnormalized_rescaled,529,2,0.09330856301489299,1.035041942448747,0.2763116056488499
grid2d,unnormalized_rescaled,529,2,0.09867954624788129,1.0277255915837762,0.23270765706088337
grid2d,unnormalized_rescaled,529,2,0.10435969146940476,1.0216492950705274,0.19325921704633225
grid2d,unnormalized_rescaled,529,2,0.110366794515162,1.016669702933413,0.15815396752083755
grid2d,unnormalized_rescaled,529,2,0.11671967557630307,1.0126463597767528,0.12744040992063835
grid2d,unnormalized_rescaled,529,2,0.12343823816289104,1.0094443012089966,0.10103703529723378
grid2d,unnormalized_rescaled,529,2,0.13054353146139236,1.006936388931023,0.07874802547767107
grid2d,unnormalized_rescaled,529,2,0.13805781628155736,1.0050052702743655,0.06028393726796655
grid2d,unnormalized_rescaled,529,2,0.1460046347993054,1.003544871698251,0.045285530275786266
grid2d,unnormalized_rescaled,529,2,0.15440888431411665,1.0024613683546406,0.033348793360743686
grid2d,unnormalized_rescaled,529,2,0.1632968952520106,1.0016736101273227,0.02404930325398673
grid2d,unnormalized_rescaled,529,2,0.17269651365849714,1.0011130243546118,0.016964290430940984
grid2d,unnormalized_rescaled,529,2,0.18263718843994525,1.0007230522165838,0.011691155509288485
grid2d,unnormalized_rescaled,529,2,0.19315006362670087,1.0004582053533744,0.007861627527290926
grid2d,unnormalized_rescaled,529,2,0.20426807594700672,1.000282848578563,0.005151231492667914
grid2d,unnormalized_rescaled,529,2,0.2160260580174307,1.000169821982306,0.0032841848233489865
grid2d,unnormalized_rescaled,529,2,0.2284608474730883,1.0000990114205295,0.002034224658663815
grid2d,unnormalized_rescaled,529,2,0.24161140237957027,1.0000559620983975,0.0012221454223724406
grid2d,unnormalized_rescaled,529,2,0.25551892328815307,1.000030608628637,0.0007109787584416421
grid2d,unnormalized_rescaled,529,2,0.2702269823166993,1.0000161701609025,0.0003997741616977572
grid2d,unnormalized_rescaled,529,2,0.2857816596606467,1.0000082345091597,0.0002168539056006653
grid2d,unnormalized_rescaled,529,2,0.3022316879617779,1.0000040336337312,0.00011324984813107541
grid2d,unnormalized_rescaled,529,2,0.31962860498708184,1.0000018963575232,5.6819878351715565e-05
grid2d,unnormalized_rescaled,529,2,0.33802691509603816,1.0000008536554204,2.732613459214078e-05
grid2d,unnormalized_rescaled,529,2,0.3574842600022047,1.0000003670265243,1.2567245105930849e-05
grid2d,unnormalized_rescaled,529,2,0.3780615993641085,1.0000001503190101,5.513122521181962e-06
grid2d,unnormalized_rescaled,529,2,0.399823401771217,1.0000000584800888,2.3009257073732045e-06
grid2d,unnormalized_rescaled,529,2,0.42283784672335756,1.0000000215458271,9.11053656992432e-07
grid2d,unnormalized_rescaled,529,2,0.4471770382363756,1.0000000074922308,3.4122944615791494e-07
grid2d,unnormalized_rescaled,529,2,0.47291723074326864,1.0000000024486444,1.2052410543264716e-07
grid2d,unnormalized_rescaled,529,2,0.5001390679985267,1.0000000007470016,4.001752790978436e-08
grid2d,unnormalized_rescaled,529,2,0.5289278357341705,1.000000000209031,1.2452429468555279e-08
grid2d,unnormalized_rescaled,529,2,0.5593737288590656,1.0000000000500913,3.6242399813530994e-09
grid2d,unnormalized_rescaled,529,2,0.5915721340386279,1.0000000000061975,9.896424209214758e-10
grid2d,unnormalized_rescaled,529,2,0.6256239285402471,0.9999999999947051,2.6022663665998227e-10
grid2d,unnormalized_rescaled,529,2,0.6616357962807197,0.9999999999916337,7.407529284093836e-11
grid2d,unnormalized_rescaled,529,2,0.6997205620658422,0.9999999999905594,3.0974307662369977e-11
grid2d,unnormalized_rescaled,529,2,0.7399975450693531,0.9999999999899002,2.2535425582478198e-11
grid2d,unnormalized_rescaled,529,2,0.7825929326586525,0.9999999999892982,2.1821274771780276e-11
grid2d,unnormalized_rescaled,529,2,0.8276401757385164,0.999999999988679,2.271991454194099e-11
grid2d,unnormalized_rescaled,529,2,0.875280406851385,0.9999999999880267,2.396967846070489e-11
grid2d,unnormalized_rescaled,529,2,0.9256628823441384,0.9999999999873375,2.5338467514590778e-11
grid2d,unnormalized_rescaled,529,2,0.9789454499866855,0.9999999999866086,2.6796525419818515e-11
grid2d,unnormalized_rescaled,529,2,1.035295043507372,0.9999999999858378,2.8339884671884574e-11
grid2d,unnormalized_rescaled,529,2,1.0948882055946134,0.9999999999850225,2.99705290230424e-11
grid2d,unnormalized_rescaled,529,2,1.157911641003286,0.9999999999841604,3.080767247339476e-11
grid2d,unnormalized_rescaled,1024,2,7.489424639533088e-06,987.4064158464118,0.0748759384492088
grid2d,unnormalized_rescaled,1024,2,7.936604349275835e-06,985.2649236803869,0.07710782366612534
grid2d,unnormalized_rescaled,1024,2,8.410484333396129e-06,983.0008331147512,0.08170442516048126
grid2d,unnormalized_rescaled,1024,2,8.912658815952707e-06,980.6074572827036,0.08657456607524239
grid2d,unnormalized_rescaled,1024,2,9.444817209177737e-06,978.0777852465269,0.09173446457266721
grid2d,unnormalized_rescaled,1024,2,1.0008749796986855e-05,975.4044713949615,0.09720129275486045
grid2d,unnormalized_rescaled,1024,2,1.0606353757841103e-05,972.5798251911256,0.10299323178081465
grid2d,unnormalized_rescaled,1024,2,1.1239639547222647e-05,969.5958013961011,0.10912953003493442
grid2d,unnormalized_rescaled,1024,2,1.19107376611965e-05,966.443990910601,0.11563056449691089
grid2d,unnormalized_rescaled,1024,2,1.2621905803812048e-05,963.1156123961191,0.1225179054674328
grid2d,unnormalized_rescaled,1024,2,1.3375536482456658e-05,959.6015048577925,0.1298143848090234
grid2d,unnormalized_rescaled,1024,2,1.4174165056714023e-05,955.8921213939134,0.13754416786396462
grid2d,unnormalized_rescaled,1024,2,1.5020478267805007e-05,951.9775243417353,0.1457328292144524
grid2d,unnormalized_rescaled,1024,2,1.591732327730537e-05,947.8473820759611,0.1544074324529845
grid2d,unnormalized_rescaled,1024,2,1.686771724554889e-05,943.4909677451242,0.16359661413092397
grid2d,unnormalized_rescaled,1024,2,1.7874857481939273e-05,938.8971602619739,0.173330672053865
grid2d,unnormalized_rescaled,1024,2,1.8942132201318105e-05,934.0544478969479,0.18364165809012434
grid2d,unnormalized_rescaled,1024,2,2.0073131922575995e-05,928.9509348587173,0.19456347565495946
grid2d,unnormalized_rescaled,1024,2,2.127166154785373e-05,923.5743512825418,0.20613198202696026
grid2d,unnormalized_rescaled,1024,2,2.254175316296987e-05,917.9120670854974,0.21838509564430808
grid2d,unnormalized_rescaled,1024,2,2.3887679602138583e-05,911.9511101872565,0.23136290851554975
grid2d,unnormalized_rescaled,1024,2,2.531396882261174e-05,905.6781896355598,0.245107803862453
grid2d,unnormalized_rescaled,1024,2,2.6825419137603922e-05,899.0797242162965,0.2596645790921315
grid2d,unnormalized_rescaled,1024,2,2.8427115358747647e-05,892.1418771684602,0.2750805741651021
grid2d,unnormalized_rescaled,1024,2,3.012444590238483e-05,884.8505976633126,0.29140580539335303
grid2d,unnormalized_rescaled,1024,2,3.1923120917242764e-05,877.1916697437783,0.3086931046561574
grid2d,unnormalized_rescaled,1024,2,3.382919149448069e-05,869.1507694530465,0.32699826396711273
grid2d,unnormalized_rescaled,1024,2,3.584907002473276e-05,860.7135309090397,0.34638018525916436
grid2d,unnormalized_rescaled,1024,2,3.798955177063185e-05,851.8656221018914,0.3669010351704287
grid2d,unnormalized_rescaled,1024,2,4.02578377273895e-05,842.5928312026501,0.3886264045131895
grid2d,unnormalized_rescaled,1024,2,4.2661558848338926e-05,832.8811641705552,0.41162547198447896
grid2d,unnormalized_rescaled,1024,2,4.5208801716939674e-05,822.7169544304209,0.435971171528152
grid2d,unnormalized_rescaled,1024,2,4.790813575161102e-05,812.0869853575795,0.4617403625748153
grid2d,unnormalized_rescaled,1024,2,5.076864203491574e-05,800.9786262517156,0.4890140021678775
grid2d,unnormalized_rescaled,1024,2,5.379994386408034e-05,789.379982398566,0.5178773177156302
grid2d,unnormalized_rescaled,1024,2,5.7012239125631245e-05,777.2800597052913,0.5484199787870807
grid2d,unnormalized_rescaled,1024,2,6.0416334603060786e-05,764.668944246421,0.5807362659790414
grid2d,unnormalized_rescaled,1024,2,6.402368233293952e-05,751.537996867405,0.6149252344082328
grid2d,unnormalized_rescaled,1024,2,6.784641813178583e-05,737.8800627565317,0.6510908688090069
grid2d,unnormalized_rescaled,1024,2,7.189740242330393e-05,723.6896956079149,0.6893422265229816
grid2d,unnormalized_rescaled,1024,2,7.619026350333944e-05,708.963395653064,0.7297935638248845
grid2d,unnormalized_rescaled,1024,2,8.073944338810688e-05,693.699860431391,0.7725644400029807
grid2d,unnormalized_rescaled,1024,2,8.556024639993018e-05,677.9002466967977,0.8177797923708567
grid2d,unnormalized_rescaled,1024,2,9.066889065394648e-05,661.5684413152528,0.8655699738706062
grid2d,unnormalized_rescaled,1024,2,9.608256261898744e-05,644.7113383957299,0.9160707430807378
grid2d,unnormalized_rescaled,1024,2,0.00010181947493619008,627.3391192150567,0.9694231941889768
grid2d,unnormalized_rescaled,1024,2,0.0001078989276898481,609.4655307499795,1.0257736117328875
grid2d,unnormalized_rescaled,1024,2,0.0001143413733366351,591.1081578246585,1.0852732315395883
grid2d,unnormalized_rescaled,1024,2,0.00012116848551163007,572.2886830310806,1.1480778851603617
grid2d,unnormalized_rescaled,1024,2,0.00012840323194262377,553.033127700925,1.2143475000237771
grid2d,unnormalized_rescaled,1024,2,0.0001360699517180045,533.3720663241338,1.2842454212959922
grid2d,unnormalized_rescaled,1024,2,0.00014419443716816595,513.340805952746,1.3579375137762497
grid2d,unnormalized_rescaled,1024,2,0.00015280402063590188,492.97952133720963,1.4355909927263895
grid2d,unnormalized_rescaled,1024,2,0.00016192766642770281,472.3333358634994,1.5173729209338376
grid2d,unnormalized_rescaled,1024,2,0.000171596068255293,451.4523378485296,1.603448295043151
grid2d,unnormalized_rescaled,1024,2,0.00018184175249522165,430.391521472191,1.6939776266599722
grid2d,unnormalized_rescaled,1024,2,0.00019269918761389505,409.21064164771826,1.7891139022373466
grid2d,unnormalized_rescaled,1024,2,0.00020420490012617383,387.9739725340904,1.8889987794743632
grid2d,unnormalized_rescaled,1024,2,0.00021639759747764362,366.7499602533277,1.993757845976944
grid2d,unnormalized_rescaled,1024,2,0.0002293182982639609,345.61076176888696,2.1034947272710838
grid2d,unnormalized_rescaled,1024,2,0.00024301047022535366,324.6316638790105,2.2182837849766344
grid2d,unnormalized_rescaled,1024,2,0.0002575201764805187,303.8903789373885,2.338161091283723
grid2d,unnormalized_rescaled,1024,2,0.0002728962304918769,283.46621726794376,2.4631133025898606
grid2d,unnormalized_rescaled,1024,2,0.0002891903602835154,263.4391402953554,2.59306398402515
grid2d,unnormalized_rescaled,1024,2,0.00030645738246427975,243.8887031321185,2.7278568602893785
grid2d,unnormalized_rescaled,1024,2,0.0003247553866414658,224.89290066025316,2.8672353926956617
grid2d,unnormalized_rescaled,1024,2,0.00034414593084551007,206.52693687567563,3.010818018935609
grid2d,unnormalized_rescaled,1024,2,0.00036469424862312707,188.8619432138473,3.158068360915621
grid2d,unnormalized_rescaled,1024,2,0.0003864694684955983,171.96367746494843,3.3082597405582277
grid2d,unnormalized_rescaled,1024,2,0.0004095448465205076,155.89124036555012,3.460433497191346
grid2d,unnormalized_rescaled,1024,2,0.00043399801273930717,140.69585161174672,3.6133509549621152
grid2d,unnormalized_rescaled,1024,2,0.0004599112323398169,126.4197304230359,3.765439564406151
grid2d,unnormalized_rescaled,1024,2,0.00048737168241225003,113.0951274270056,3.9147349044998663
grid2d,unnormalized_rescaled,1024,2,0.0005164717452298296,100.74355408124953,4.058822091527702
grid2d,unnormalized_rescaled,1024,2,0.0005473093190406531,89.37525271422552,4.194782935013279
grid2d,unnormalized_rescaled,1024,2,0.000579988147416361,78.98894428028683,4.319159105669286
grid2d,unnormalized_rescaled,1024,2,0.0006146181682656058,69.57188198575673,4.427946653385092
grid2d,unnormalized_rescaled,1024,2,0.0006513158836864747,61.100227174744774,4.5166430199060414
grid2d,unnormalized_rescaled,1024,2,0.0006902047519021133,53.53974965049288,4.580373003135861
grid2d,unnormalized_rescaled,1024,2,0.0007314156025981007,46.846838620217596,4.6141224662471245
grid2d,unnormalized_rescaled,1024,2,0.0007750870770588573,40.96979363719383,4.6131039597719266
grid2d,unnormalized_rescaled,1024,2,0.0008213660945837793,35.85034845929626,4.573261816428662
grid2d,unnormalized_rescaled,1024,2,0.0008704083467522183,31.425365991903227,4.491891545162531
grid2d,unnormalized_rescaled,1024,2,0.0009223788212001169,27.62863081776034,4.368300047557945
grid2d,unnormalized_rescaled,1024,2,0.0009774523566703718,24.39265851025573,4.204379357843507
grid2d,unnormalized_rescaled,1024,2,0.0010358142312042297,21.650438978364747,4.0049292321996575
grid2d,unnormalized_rescaled,1024,2,0.0010976607854525121,19.337035066463507,3.7775717189660796
grid2d,unnormalized_rescaled,1024,2,0.0011632000832035945,17.390967534105464,3.5321739065959576
grid2d,unnormalized_rescaled,1024,2,0.0012326526113502884,15.755332742643892,3.279825133438571
grid2d,unnormalized_rescaled,1024,2,0.0013062520216504656,14.378618630274074,3.031557362608993
grid2d,unnormalized_rescaled,1024,2,0.0013842459167768275,13.215206101092907,2.7970883000835087
grid2d,unnormalized_rescaled,1024,2,0.0014668966833002524,12.225564699598614,2.5838604052614187
grid2d,unnormalized_rescaled,1024,2,0.0015544823744090544,11.37617123901951,2.3965480532062386
grid2d,unnormalized_rescaled,1024,2,0.001647297645333764,10.639195977355593,2.237059325827154
grid2d,unnormalized_rescaled,1024,2,0.0017456547446243946,9.992011566809767,2.104931922349671
grid2d,unnormalized_rescaled,1024,2,0.0018498845646150583,9.41658462069661,1.9979560303550272
grid2d,unnormalized_rescaled,1024,2,0.001960337754609867,8.898808420098598,1.9128555268591754
grid2d,unnormalized_rescaled,1024,2,0.0020773859005351098,8.427828843641985,1.8459007606754554
grid2d,unnormalized_rescaled,1024,2,0.002201422775026294,7.99540545127956,1.7933826734805294
grid2d,unnormalized_rescaled,1024,2,0.002332865662155564,7.595337508501175,1.7519279543656978
grid2d,unnormalized_rescaled,1024,2,0.0024721567612561463,7.222972340949866,1.7186688416184879
grid2d,unnormalized_rescaled,1024,2,0.0026197646745665603,6.874802244707446,1.6912986240091499
grid2d,unnormalized_rescaled,1024,2,0.002776185983699326,6.548147276344108,1.6680487428419468
grid2d,unnormalized_rescaled,1024,2,0.0029419469202376963,6.240915104603339,1.6476204208629106
grid2d,unnormalized_rescaled,1024,2,0.0031176051360806236,5.951425710690377,1.6290969125674089
grid2d,unnormalized_rescaled,1024,2,0.003303751579491786,5.678287676673647,1.6118545395219748
grid2d,unnormalized_rescaled,1024,2,0.0035010124831640053,5.420313479321485,1.5954833314415922
grid2d,unnormalized_rescaled,1024,2,0.0037100514709873197,5.176462932421416,1.5797222191126252
grid2d,unnormalized_rescaled,1024,2,0.003931571790608317,4.945806093295631,1.5644096197852697
grid2d,unnormalized_rescaled,1024,2,0.004166318679291425,4.7274991210307995,1.5494478246094658
grid2d,unnormalized_rescaled,1024,2,0.004415081871041418,4.520768471674348,1.5347785111383487
grid2d,unnormalized_rescaled,1024,2,0.004678698253421604,4.324900320132964,1.5203665395156953
grid2d,unnormalized_rescaled,1024,2,0.004958054683005681,4.139233201552577,1.506189546294305
grid2d,unnormalized_rescaled,1024,2,0.005254090968935028,3.963152622100026,1.4922314111364763
grid2d,unnormalized_rescaled,1024,2,0.005567803034618727,3.7960868804215373,1.478478236979516
grid2d,unnormalized_rescaled,1024,2,0.005900246268212813,3.637503645500057,1.46491595194734
grid2d,unnormalized_rescaled,1024,2,0.00625253907315044,3.4869070189128313,1.451528980845925
grid2d,unnormalized_rescaled,1024,2,0.006625866630667711,3.343834916736853,1.4382996547940294
grid2d,unnormalized_rescaled,1024,2,0.007021484886982908,3.2078566699326614,1.4252081543184936
grid2d,unnormalized_rescaled,1024,2,0.007440724778542828,3.078570781396259,1.41223284029968
grid2d,unnormalized_rescaled,1024,2,0.007884996709550847,2.9556028043526,1.3993508401022865
grid2d,unnormalized_rescaled,1024,2,0.00835579529683983,2.838603326613497,1.3865387393848074
grid2d,unnormalized_rescaled,1024,2,0.008854704398052648,2.727246061577567,1.3737731961276118
grid2d,unnormalized_rescaled,1024,2,0.00938340244004614,2.621226060968146,1.361031253571234
grid2d,unnormalized_rescaled,1024,2,0.009943668065444142,2.520258076259378,1.34829009450198
grid2d,unnormalized_rescaled,1024,2,0.010537386116335791,2.42407510482112,1.335525963325276
grid2d,unnormalized_rescaled,1024,2,0.011166553975249448,2.3324271618003807,1.3227119982675273
grid2d,unnormalized_rescaled,1024,2,0.011833288284734414,2.245080318178982,1.3098147769633943
grid2d,unnormalized_rescaled,1024,2,0.012539832068156419,2.1618160378958944,1.2967894943883387
grid2d,unnormalized_rescaled,1024,2,0.013288562275662785,2.0824308314533324,1.28357386525024
grid2d,unnormalized_rescaled,1024,2,0.0140819977807031,2.0067362200085372,1.2700810653079806
grid2d,unnormalized_rescaled,1024,2,0.014922807854007384,1.9345589738837632,1.2561922760468
grid2d,unnormalized_rescaled,1024,2,0.015813821143529947,1.8657415555571242,1.2417496401488837
grid2d,unnormalized_rescaled,1024,2,0.01675803519056899,1.800142663842745,1.226550627812646
grid2d,unnormalized_rescaled,1024,2,0.01775862651407611,1.7376377484150614,1.210344911485242
grid2d,unnormalized_rescaled,1024,2,0.01881896129708147,1.6781193474565348,1.192834812600914
grid2d,unnormalized_rescaled,1024,2,0.019942606711185473,1.6214971003812044,1.1736801995209571
grid2d,unnormalized_rescaled,1024,2,0.021133342917214984,1.5676973046095664,1.1525083854822222
grid2d,unnormalized_rescaled,1024,2,0.02239517578241665,1.5166619197449929,1.1289291277005278
grid2d,unnormalized_rescaled,1024,2,0.023732350356970248,1.4683469707659815,1.1025543124052017
grid2d,unnormalized_rescaled,1024,2,0.025149365155159684,1.4227203580700014,1.0730213853934973
grid2d,unnormalized_rescaled,1024,2,0.026650987289246558,1.3797591390469786,1.0400191147791045
grid2d,unnormalized_rescaled,1024,2,0.02824226850695916,1.33944639596604,1.0033139051527495
grid2d,unnormalized_rescaled,1024,2,0.029928562186550264,1.3017678423166519,0.9627746595364588
grid2d,unnormalized_rescaled,1024,2,0.03171554134659872,1.2667083407132613,0.9183941300044585
grid2d,unnormalized_rescaled,1024,2,0.033609217731142775,1.2342485092395166,0.870304816590838
grid2d,unnormalized_rescaled,1024,2,0.035615962034351356,1.2043615815269242,0.818787760625904
grid2d,unnormalized_rescaled,1024,2,0.037742525332773516,1.1770106627558736,0.7642730155589748
grid2d,unnormalized_rescaled,1024,2,0.039996061797267564,1.1521464939133021,0.707331138949066
grid2d,unnormalized_rescaled,1024,2,0.04238415276101746,1.1297058047032422,0.6486556980831899
grid2d,unnormalized_rescaled,1024,2,0.04491483222460645,1.1096103051314905,0.5890374740674726
grid2d,unnormalized_rescaled,1024,2,0.0475966138839511,1.091766339050083,0.5293317320505855
grid2d,unnormalized_rescaled,1024,2,0.050438519772023356,1.0760652002207693,0.47042053863720334
grid2d,unnormalized_rescaled,1024,2,0.05345011061071735,1.0623840916769498,0.4131725893280018
grid2d,unnormalized_rescaled,1024,2,0.05664151797496963,1.0505876904353264,0.3584033011875897
grid2d,unnormalized_rescaled,1024,2,0.06002347837733963,1.0405302599844586,0.30683798406108376
grid2d,unnormalized_rescaled,1024,2,0.06360736938771792,1.0320582312405802,0.2590807045374471
grid2d,unnormalized_rescaled,1024,2,0.06740524790967509,1.025013148923537,0.21559100643909646
grid2d,unnormalized_rescaled,1024,2,0.07142989074222052,1.0192348562673088,0.17666998789129407
grid2d,unnormalized_rescaled,1024,2,0.0756948375634297,1.014564769760592,0.14245642548990403
grid2d,unnormalized_rescaled,1024,2,0.08021443648054331,1.0108490811736663,0.11293276929071028
grid2d,unnormalized_rescaled,1024,2,0.08500389229978016,1.0079417203939025,0.08794000495495234
grid2d,unnormalized_rescaled,1024,2,0.09007931767824945,1.0057069224854096,0.06719968163327943
grid2d,unnormalized_rescaled,1024,2,0.09545778733005093,1.0040212669966397,0.05034090695020666
grid2d,unnormalized_rescaled,1024,2,0.10115739546892105,1.0027750956356984,0.03692985668516775
grid2d,unnormalized_rescaled,1024,2,0.10719731668067178,1.0018732624661846,0.026499348049968705
grid2d,unnormalized_rescaled,1024,2,0.11359787043021202,1.0012352233591668,0.01857626365458004
grid2d,unnormalized_rescaled,1024,2,0.12038058942016416,1.0007945222273742,0.012705045254151323
grid2d,unnormalized_rescaled,1024,2,0.12756829203104536,1.0004977743645935,0.008466040963293509
grid2d,unnormalized_rescaled,1024,2,0.1351851590867202,1.0003032770341176,0.0054881150713485954
grid2d,unnormalized_rescaled,1024,2,0.14325681520337694,1.000179391369891,0.003455541715360575
grid2d,unnormalized_rescaled,1024,2,0.15181041499569828,1.0001028372368554,0.0021097342694896618
grid2d,unnormalized_rescaled,1024,2,0.16087473443024597,1.0000570259429973,0.001246757501917383
grid2d,unnormalized_rescaled,1024,2,0.1704802676333872,1.0000305285312323,0.0007117969179995891
grid2d,unnormalized_rescaled,1024,2,0.1806593294794407,1.0000157448161853,0.0003918127260326545
grid2d,unnormalized_rescaled,1024,2,0.19144616430417422,1.0000078054877144,0.00020750404040179984
grid2d,unnormalized_rescaled,1024,2,0.20287706110938467,1.000003710804728,0.00010549300910107066
grid2d,unnormalized_rescaled,1024,2,0.214990475646127,1.0000016875453648,5.136140306856799e-05
grid2d,unnormalized_rescaled,1024,2,0.227827159787311,1.0000007321683972,2.388765622273856e-05
grid2d,unnormalized_rescaled,1024,2,0.2414302986248968,1.0000003022141792,1.0584690811462229e-05
grid2d,unnormalized_rescaled,1024,2,0.2558456557529067,1.0000001183244194,4.455832734890188e-06
grid2d,unnormalized_rescaled,1024,2,0.2711217272250213,1.0000000438046093,1.7767793940232384e-06
grid2d,unnormalized_rescaled,1024,2,0.2873099047046997,1.0000000152826811,6.689992064146313e-07
grid2d,unnormalized_rescaled,1024,2,0.3044646483566865,1.0000000050069744,2.3706092890438225e-07
grid2d,unnormalized_rescaled,1024,2,0.3226436700615573,1.000000001534678,7.877856209479505e-08
grid2d,unnormalized_rescaled,1024,2,0.3419081275696653,1.0000000004383265,2.4459787949343334e-08
grid2d,unnormalized_rescaled,1024,2,0.36232283024765655,1.0000000001161682,7.067777563975508e-09
grid2d,unnormalized_rescaled,1024,2,0.3839564571097346,1.000000000028441,1.8927313511180086e-09
grid2d,unnormalized_rescaled,1024,2,0.4068817878671704,1.000000000006402,4.676856647100963e-10
grid2d,unnormalized_rescaled,1024,2,0.4311759477733437,1.0000000000013183,1.0613382419904783e-10
grid2d,unnormalized_rescaled,1024,2,0.4569206670880376,1.000000000000247,2.200783627336821e-11
grid2d,unnormalized_rescaled,1024,2,0.4842025560338658,1.000000000000042,4.150399185863498e-12
grid2d,unnormalized_rescaled,1024,2,0.5131133961698339,1.0000000000000062,7.083245843033384e-13
grid2d,unnormalized_rescaled,1024,2,0.5437504491622835,1.0000000000000009,1.072058830297024e-13
grid2d,unnormalized_rescaled,1024,2,0.5762167839919825,1.0,1.531512614709944e-14
grid2d,unnormalized_rescaled,1024,2,0.6106216236981324,1.0,-0.0
grid2d,unnormalized_rescaled,1024,2,0.6470807128258388,1.0,-0.0
grid2d,unnormalized_rescaled,1024,2,0.6857167068131724,1.0,-0.0
grid2d,unnormalized_rescaled,1024,2,0.7266595846278258,1.0,-0.0
grid2d,unnormalized_rescaled,1024,2,0.7700470860415413,1.0,-0.0
sphere,unnormalized_rescaled,64,2,0.0017108855127555016,61.824786740658105,0.07062164735570425
sphere,unnormalized_rescaled,64,2,0.0017918228785919164,61.72396167851117,0.07228436604260935
sphere,unnormalized_rescaled,64,2,0.0018765891722786739,61.61856517745857,0.07568770640776279
sphere,unnormalized_rescaled,64,2,0.00196536553003551,61.50839974576667,0.07925046404496072
sphere,unnormalized_rescaled,64,2,0.0020583416571467667,61.393260302903556,0.08298002506406021
sphere,unnormalized_rescaled,64,2,0.002155716233340649,61.27293398110839,0.08688410964512627
sphere,unnormalized_rescaled,64,2,0.002257697337345897,61.147199931784,0.09097078631303646
sphere,unnormalized_rescaled,64,2,0.002364502891533074,61.01582913812657,0.09524848673308384
sphere,unnormalized_rescaled,64,2,0.0024763611275906362,60.87858423556008,0.09972602103586325
sphere,unnormalized_rescaled,64,2,0.0025935110742308838,60.73521934171163,0.10441259367929945
sphere,unnormalized_rescaled,64,2,0.0027162030679679402,60.585479897842376,0.10931781985338773
sphere,unnormalized_rescaled,64,2,0.0028446992880592783,60.4291025238429,0.11445174243205258
sphere,unnormalized_rescaled,64,2,0.002979274316753876,60.265814889108356,0.11982484947371574
sphere,unnormalized_rescaled,64,2,0.0031202157260441904,60.0953356018301,0.12544809227082965
sphere,unnormalized_rescaled,64,2,0.0032678246921757875,59.91737411947612,0.13133290394429764
sphere,unnormalized_rescaled,64,2,0.0034224166392277694,59.73163068348339,0.13749121857654245
sphere,unnormalized_rescaled,64,2,0.0035843219131392193,59.537796281450504,0.14393549087280633
sphere,unnormalized_rescaled,64,2,0.0037538864876220505,59.335552640399385,0.15067871633539198
sphere,unnormalized_rescaled,64,2,0.003931472703468662,59.124572254969806,0.15773445193131863
sphere,unnormalized_rescaled,64,2,0.004117460042834244,58.904518454719465,0.16511683722741566
sphere,unnormalized_rescaled,64,2,0.004312245940148297,58.675045515024905,0.17284061596016898
sphere,unnormalized_rescaled,64,2,0.0045162466313881525,58.435798816413225,0.1809211580009702
sphere,unnormalized_rescaled,64,2,0.004729898043529355,58.18641505750027,0.18937448166717274
sphere,unnormalized_rescaled,64,2,0.004953656726073526,57.926522527065615,0.19821727632152886
sphere,unnormalized_rescaled,64,2,0.005188000826644284,57.655741441155605,0.20746692518959264
sphere,unnormalized_rescaled,64,2,0.00543343111273598,57.37368435147117,0.2171415283126663
sphere,unnormalized_rescaled,64,2,0.005690472041798612,57.07995663166121,0.2272599255405794
sphere,unnormalized_rescaled,64,2,0.005959672881945513,56.77415704850394,0.23784171944944887
sphere,unnormalized_rescaled,64,2,0.006241608885678755,56.45587842530867,0.24890729805464673
sphere,unnormalized_rescaled,64,2,0.0065368825191402715,56.12470840520694,0.26047785716512806
sphere,unnormalized_rescaled,64,2,0.006846124749515584,55.780230322314225,0.27257542220363007
sphere,unnormalized_rescaled,64,2,0.007169996393341036,55.422024189025635,0.28522286928895824
sphere,unnormalized_rescaled,64,2,0.007509189528595872,55.04966780795024,0.2984439453480121
sphere,unnormalized_rescaled,64,2,0.007864428973596535,54.66273801717914,0.3122632869889088
sphere,unnormalized_rescaled,64,2,0.008236473835853455,54.26081207770859,0.32670643782948616
sphere,unnormalized_rescaled,64,2,0.008626119134200078,53.84346921188898,0.3417998639310156
sphere,unnormalized_rescaled,64,2,0.009034197497660396,53.41029230172621,0.3575709669377858
sphere,unnormalized_rescaled,64,2,0.009461580944685384,52.96086975570816,0.37404809446759657
sphere,unnormalized_rescaled,64,2,0.009909182746560182,52.494797552545705,0.3912605472347792
sphere,unnormalized_rescaled,64,2,0.010377959378964133,52.011681469784094,0.40923858231819565
sphere,unnormalized_rescaled,64,2,0.010868912565853792,51.511139504634684,0.4280134119042458
sphere,unnormalized_rescaled,64,2,0.01138309142003655,50.99280449357407,0.4476171967472311
sphere,unnormalized_rescaled,64,2,0.011921594685008972,50.45632693623125,0.4680830334863515
sphere,unnormalized_rescaled,64,2,0.012485573082850442,49.901378027807155,0.4894449348454941
sphere,unnormalized_rescaled,64,2,0.01307623177318934,49.32765290271512,0.5117378016126679
sphere,unnormalized_rescaled,64,2,0.013694832928496223,48.73487409026687,0.5349973851516978
sphere,unnormalized_rescaled,64,2,0.014342698431207205,48.12279518102596,0.5592602390365471
sphere,unnormalized_rescaled,64,2,0.01502121269844086,47.49120469988122,0.5845636582158562
sphere,unnormalized_rescaled,64,2,0.01573182564034497,46.839930178926316,0.6109456039114889
sphere,unnormalized_rescaled,64,2,0.016476055758394517,46.168842419844346,0.6384446122252001
sphere,unnormalized_rescaled,64,2,0.017255493390261882,45.47785993166302,0.6670996841723138
sphere,unnormalized_rescaled,64,2,0.018071804108193038,44.76695352545015,0.6969501545753047
sphere,unnormalized_rescaled,64,2,0.018926732278151687,44.03615104274748,0.7280355369324525
sphere,unnormalized_rescaled,64,2,0.01982210478733697,43.28554218928967,0.7603953410237096
sphere,unnormalized_rescaled,64,2,0.02075983494803985,42.51528343983128,0.7940688596254404
sphere,unnormalized_rescaled,64,2,0.02174192658618045,41.72560297372499,0.8290949202751676
sphere,unnormalized_rescaled,64,2,0.022770478323263066,40.91680559429492,0.8655115975552974
sphere,unnormalized_rescaled,64,2,0.023847688060898778,40.08927757807899,0.9033558808496167
sphere,unnormalized_rescaled,64,2,0.024975857677478775,39.24349139274738,0.9426632919696516
sphere,unnormalized_rescaled,64,2,0.02615739794703462,38.38001021503605,0.9834674464484721
sphere,unnormalized_rescaled,64,2,0.02739483369079638,37.49949217248681,1.025799551666168
sphere,unnormalized_rescaled,64,2,0.028690809172457126,36.60269422531048,1.0696878343079987
sphere,unnormalized_rescaled,64,2,0.03004809374867282,35.690475597471675,1.1151568889755907
sphere,unnormalized_rescaled,64,2,0.03146958778687194,34.763800659349634,1.1622269390949356
sphere,unnormalized_rescaled,64,2,0.032958328863020865,33.82374115831158,1.2109130006145392
sphere,unnormalized_rescaled,64,2,0.03451749825258854,32.871477688532984,1.2612239384026083
sphere,unnormalized_rescaled,64,2,0.036150427728581354,31.908300287732988,1.3131614047813258
sphere,unnormalized_rescaled,64,2,0.037860606681174545,30.935608046519153,1.3667186493505312
sphere,unnormalized_rescaled,64,2,0.03965168957415402,29.95490761613263,1.4218791892346445
sphere,unnormalized_rescaled,64,2,0.04152750375410253,28.96781050295383,1.4786153292614586
sphere,unnormalized_rescaled,64,2,0.04349205762901702,27.976029043579942,1.5368865224877766
sphere,unnormalized_rescaled,64,2,0.04554954923383441,26.98137096302454,1.5966375631252703
sphere,unnormalized_rescaled,64,2,0.04770437520116931,25.985732431004216,1.657796606519483
sphere,unnormalized_rescaled,64,2,0.049961140156432805,24.991089547714132,1.7202730146936744
sphere,unnormalized_rescaled,64,2,0.05232466655740913,23.999488211237303,1.783955031439831
sphere,unnormalized_rescaled,64,2,0.05480000499931612,23.013032343977407,1.848707298439308
sphere,unnormalized_rescaled,64,2,0.057392445007369924,22.03387048532596,1.914368233917216
sphere,unnormalized_rescaled,64,2,0.06010752633991703,21.064180792098178,1.9807473084121483
sphere,unnormalized_rescaled,64,2,0.06295105082628694,20.106154526840655,2.047622268960076
sphere,unnormalized_rescaled,64,2,0.0659290947646612,19.16197815645808,2.1147363839192153
sphere,unnormalized_rescaled,64,2,0.06904802190645273,18.233814229012644,2.181795806306063
sphere,unnormalized_rescaled,64,2,0.07231449705494035,17.323781244045218,2.248467184198958
sphere,unnormalized_rescaled,64,2,0.0757355003072184,16.43393278009468,2.31437568250486
sphere,unnormalized_rescaled,64,2,0.07931834196989442,15.566236190719549,2.3791036206540994
sphere,unnormalized_rescaled,64,2,0.08307067818040774,14.722551225450054,2.442189974268409
sphere,unnormalized_rescaled,64,2,0.08700052726735105,13.904608972681148,2.5031310331043315
sphere,unnormalized_rescaled,64,2,0.09111628688475384,13.113991555335366,2.5613825486702595
sphere,unnormalized_rescaled,64,2,0.09542675195694296,12.352113034847324,2.616363737070273
sphere,unnormalized_rescaled,64,2,0.09994113347232589,11.620201992312525,2.6674635179220587
sphere,unnormalized_rescaled,64,2,0.10466907816625678,10.919286255280968,2.7140493585118293
sphere,unnormalized_rescaled,64,2,0.10962068913504588,10.250180222703882,2.7554790417040564
sphere,unnormalized_rescaled,64,2,0.11480654742516225,9.613475207427786,2.791115573602603
sphere,unnormalized_rescaled,64,2,0.12023773464376253,9.009533164435872,2.820345280511326
sphere,unnormalized_rescaled,64,2,0.1259258566388633,8.438484103584102,2.842598905940015
sphere,unnormalized_rescaled,64,2,0.13188306829975843,7.90022739860209,2.8573752062094186
sphere,unnormalized_rescaled,64,2,0.13812209953067617,7.394437101384304,2.864266168341622
sphere,unnormalized_rescaled,64,2,0.14465628245318107,6.920571254938423,2.862982563008991
sphere,unnormalized_rescaled,64,2,0.15149957989544657,6.47788507373341,2.85337814355654
sphere,unnormalized_rescaled,64,2,0.15866661522927905,6.065447731560603,2.835470472627186
sphere,unnormalized_rescaled,64,2,0.16617270361865047,5.6821623701958455,2.809456176147954
sphere,unnormalized_rescaled,64,2,0.174033884746514,5.326788823512971,2.7757184665423082
sphere,unnormalized_rescaled,64,2,0.182266957089838,4.997968447856562,2.734825102889637
sphere,unnormalized_rescaled,64,2,0.19088951381609776,4.694250366832911,2.6875155893476617
sphere,unnormalized_rescaled,64,2,0.19991998037793415,4.4141183829290105,2.6346773255198634
sphere,unnormalized_rescaled,64,2,0.20937765388631327,4.156017784043832,2.577311523481132
sphere,unnormalized_rescaled,64,2,0.21928274434632497,3.918381282989479,2.5164908507773767
sphere,unnormalized_rescaled,64,2,0.22965641784373325,3.699653373142534,2.4533117693419193
sphere,unnormalized_rescaled,64,2,0.24052084177456765,3.498312462272289,2.3888452424359983
sphere,unnormalized_rescaled,64,2,0.25189923221440336,3.312890255372036,2.3240897438023644
sphere,unnormalized_rescaled,64,2,0.26381590352855383,3.1419879900857217,2.259930268978522
sphere,unnormalized_rescaled,64,2,0.27629632032918744,2.9842892772060665,2.197106352185905
sphere,unnormalized_rescaled,64,2,0.28936715189039575,2.838569454559563,2.1361910501011643
sphere,unnormalized_rescaled,64,2,0.30305632913748914,2.7037015156297977,2.0775816378895655
sphere,unnormalized_rescaled,64,2,0.31739310433230444,2.578658814959519,2.021501561161042
sphere,unnormalized_rescaled,64,2,0.3324081135820614,2.462514872214432,1.968012165887334
sphere,unnormalized_rescaled,64,2,0.3481334423053446,2.3544406890805973,1.9170320024912293
sphere,unnormalized_rescaled,64,2,0.364602693795105,2.2537000535710754,1.8683611232830266
sphere,unnormalized_rescaled,64,2,0.38185106102518857,2.159643333219633,1.8217077572418052
sphere,unnormalized_rescaled,64,2,0.39991540185384084,2.0717002531931725,1.7767149996232234
sphere,unnormalized_rescaled,64,2,0.41883431778488406,1.989372121243099,1.7329856151263456
sphere,unnormalized_rescaled,64,2,0.4386482364548733,1.912223904349395,1.6901036318956209
sphere,unnormalized_rescaled,64,2,0.45939949802249586,1.839876488932427,1.647652013714481
sphere,unnormalized_rescaled,64,2,0.48113244564482205,1.7719993751965317,1.6052262675630828
sphere,unnormalized_rescaled,64,2,0.5038935202337381,1.7083039738566703,1.5624443199738867
sphere,unnormalized_rescaled,64,2,0.527731359695054,1.6485375965844733,1.5189533445440553
sphere,unnormalized_rescaled,64,2,0.5526969028623433,1.592478164964507,1.474434428983864
sphere,unnormalized_rescaled,64,2,0.5788434983476103,1.5399296098489277,1.4286060332385802
sphere,unnormalized_rescaled,64,2,0.606227018541393,1.490717895275751,1.38122712299774
sphere,unnormalized_rescaled,64,2,0.6349059790058947,1.4446875785352402,1.3321006869316072
sphere,unnormalized_rescaled,64,2,0.6649416635162884,1.4016988092236098,1.2810780890479982
sphere,unnormalized_rescaled,64,2,0.6963982550173837,1.3616246730164068,1.2280644010916362
sphere,unnormalized_rescaled,64,2,0.729342972775501,1.3243487977220367,1.1730245371937817
sphere,unnormalized_rescaled,64,2,0.7638462160186301,1.2897631570673087,1.1159897078166763
sphere,unnormalized_rescaled,64,2,0.7999817143718131,1.2577660288405064,1.0570634555424707
sphere,unnormalized_rescaled,64,2,0.8378266854092216,1.2282600859582036,0.9964263622817717
sphere,unnormalized_rescaled,64,2,0.8774619996595957,1.2011506195805122,0.934338452157359
sphere,unnormalized_rescaled,64,2,0.9189723534176432,1.1763439108411868,0.8711383745806636
sphere,unnormalized_rescaled,64,2,0.9624464497306815,1.1537457807852527,0.8072386434892018
sphere,unnormalized_rescaled,64,2,1.0079771879472619,1.1332603558655212,0.7431165208816402
sphere,unnormalized_rescaled,64,2,1.0556618622328329,1.1147890884438756,0.6793005371108003
sphere,unnormalized_rescaled,64,2,1.1056023694766393,1.0982300682368962,0.6163530913238342
sphere,unnormalized_rescaled,64,2,1.1579054270341358,1.0834776520503373,0.5548500154185758
sphere,unnormalized_rescaled,64,2,1.2126828007702022,1.0704224263871667,0.49535835291391384
sphere,unnormalized_rescaled,64,2,1.2700515438904745,1.0589515018524842,0.4384138463920242
sphere,unnormalized_rescaled,64,2,1.3301342470711266,1.0489491212092956,0.3844997072654047
sphere,unnormalized_rescaled,64,2,1.393059300421628,1.0402975460488504,0.33402814778449197
sphere,unnormalized_rescaled,64,2,1.4589611678402448,1.0328781718582123,0.28732590248367396
sphere,unnormalized_rescaled,64,2,1.5279806743485576,1.02657280912481,0.2446245930829673
sphere,unnormalized_rescaled,64,2,1.6002653070190045,1.0212650600216222,0.20605635090261326
sphere,unnormalized_rescaled,64,2,1.6759695301384794,1.0168417167757127,0.17165466250242523
sphere,unnormalized_rescaled,64,2,1.7552551152814797,1.013194109212222,0.14136000032973742
sphere,unnormalized_rescaled,64,2,1.838291486998117,1.0102193349406345,0.11502948011353145
sphere,unnormalized_rescaled,64,2,1.9252560848556923,1.0078213155979687,0.09244957280945379
sphere,unnormalized_rescaled,64,2,2.016334742607477,1.0059116355859883,0.07335079613277735
sphere,unnormalized_rescaled,64,2,2.1117220852989553,1.0044101347493246,0.057423310080574594
sphere,unnormalized_rescaled,64,2,2.2116219451600654,1.0032452422645803,0.04433242394930499
sphere,unnormalized_rescaled,64,2,2.316247797172201,1.002354054484874,0.03373316637238995
sphere,unnormalized_rescaled,64,2,2.425823215240696,1.0016821735482564,0.0252832516536314
sphere,unnormalized_rescaled,64,2,2.5405823499476003,1.001183335325514,0.01865397432212057
sphere,unnormalized_rescaled,64,2,2.6607704289056535,1.0008188641003426,0.013538762209497745
sphere,unnormalized_rescaled,64,2,2.78664428078263,1.0005569968624481,0.00965930318504371
sphere,unnormalized_rescaled,64,2,2.918472884115884,1.0003721221611792,0.006769322252587971
sphere,unnormalized_rescaled,64,2,3.0565379420898133,1.0002439773057645,0.004656217296211357
sphere,unnormalized_rescaled,64,2,3.201134484504486,1.000156843750599,0.0031408592193739684
sphere,unnormalized_rescaled,64,2,3.3525714982217965,1.0000987744081244,0.0020759237906660343
sphere,unnormalized_rescaled,64,2,3.511172587436287,1.0000608791471475,0.0013431487625449622
sphere,unnormalized_rescaled,64,2,3.67727666518163,1.0000366866580686,0.0008499036675440441
sphere,unnormalized_rescaled,64,2,3.851238677550397,1.0000215929489382,0.0005254261889968541
sphere,unnormalized_rescaled,64,2,4.0334303621747,1.0000123996080954,0.00031702498269616495
sphere,unnormalized_rescaled,64,2,4.2242410425885275,1.0000069390876896,0.00018648220586457912
sphere,unnormalized_rescaled,64,2,4.424078460169166,1.000003779885229,0.00010681790289462687
sphere,unnormalized_rescaled,64,2,4.633369645435567,1.000002001686915,5.9510192573043847e-05
sphere,unnormalized_rescaled,64,2,4.852561830565461,1.0000010291753205,3.2205761646959695e-05
sphere,unnormalized_rescaled,64,2,5.082123405081187,1.0000005130577876,1.690831088454793e-05
sphere,unnormalized_rescaled,64,2,5.322544916746437,1.0000002476322918,8.5999306687096e-06
sphere,unnormalized_rescaled,64,2,5.574340119812733,1.0000001155483185,4.231499550344662e-06
sphere,unnormalized_rescaled,64,2,5.838047072855571,1.0000000520422425,2.011159075241532e-06
sphere,unnormalized_rescaled,64,2,6.114229288546264,1.0000000225877341,9.218700371567614e-07
sphere,unnormalized_rescaled,64,2,6.403476937816359,1.0000000094312054,4.068659186177548e-07
sphere,unnormalized_rescaled,64,2,6.706408110987818,1.000000003781419,1.7260196566370842e-07
sphere,unnormalized_rescaled,64,2,7.023670138563879,1.00000000145313,7.025436998433756e-08
sphere,unnormalized_rescaled,64,2,7.355940974502909,1.000000000534094,2.7385422664243084e-08
sphere,unnormalized_rescaled,64,2,7.703930644931253,1.0000000001873104,1.0203147545155026e-08
sphere,unnormalized_rescaled,64,2,8.068382765390744,1.0000000000624802,3.626081501608771e-09
sphere,unnormalized_rescaled,64,2,8.450076129863097,1.0000000000197042,1.2267066036173203e-09
sphere,unnormalized_rescaled,64,2,8.849826374966732,1.000000000005779,3.9430335500425024e-10
sphere,unnormalized_rescaled,64,2,9.268487722882298,1.0000000000014786,1.203167825624827e-10
sphere,unnormalized_rescaled,64,2,9.706954806731204,1.0000000000002176,3.494787962725018e-11
sphere,unnormalized_rescaled,64,2,10.166164582307943,0.9999999999998632,9.843052282650668e-12
sphere,unnormalized_rescaled,64,2,10.64709833025128,0.9999999999997626,2.911122344210601e-12
sphere,unnormalized_rescaled,64,2,11.150783752932721,0.9999999999997287,1.1240967467744728e-12
sphere,unnormalized_rescaled,64,2,11.678297170543173,0.9999999999997107,7.085652570480164e-13
sphere,unnormalized_rescaled,64,2,12.230765821070403,0.9999999999996959,6.365077732804296e-13
sphere,unnormalized_rescaled,64,2,12.809370269082326,0.9999999999996813,6.437135216572019e-13
sphere,unnormalized_rescaled,64,2,13.415346928463256,0.9999999999996662,6.677326829130851e-13
sphere,unnormalized_rescaled,64,2,14.04999070449399,0.9999999999996504,6.989575925457196e-13
sphere,unnormalized_rescaled,64,2,14.714657760921607,0.9999999999996338,7.325844183039409e-13
sphere,unnormalized_rescaled,64,2,15.410768417931742,0.9999999999996165,7.662112440621645e-13
sphere,unnormalized_rescaled,64,2,16.139810187216195,0.9999999999995984,8.02239985945995e-13
sphere,unnormalized_rescaled,64,2,16.903340950621313,0.9999999999995794,8.214553149507109e-13
sphere,unnormalized_rescaled,128,2,0.0008566920472587583,123.24572224958979,0.07740843600378279
sphere,unnormalized_rescaled,128,2,0.0008988830733462635,123.01661413598362,0.07930740748615506
sphere,unnormalized_rescaled,128,2,0.0009431519554008136,122.77672287907788,0.08319814212102017
sphere,unnormalized_rescaled,128,2,0.0009896010252645126,122.52556668585275,0.08727895511493955
sphere,unnormalized_rescaled,128,2,0.0010383376544964003,122.26264482243107,0.09155905014475252
sphere,unnormalized_rescaled,128,2,0.0010894745025722941,121.98743713634684,0.09604806787997688
sphere,unnormalized_rescaled,128,2,0.0011431297773081591,121.69940359700767,0.10075610580035743
sphere,unnormalized_rescaled,128,2,0.0011994275081090209,121.39798385883408,0.10569373880851174
sphere,unnormalized_rescaled,128,2,0.0012584978326750363,121.08259685205095,0.11087204065643164
sphere,unnormalized_rescaled,128,2,0.0013204772978274932,120.75264040663728,0.11630260620364652
sphere,unnormalized_rescaled,128,2,0.001385509175150116,120.40749091551133,0.12199757452385995
sphere,unnormalized_rescaled,128,2,0.0014537437921753166,120.04650304364142,0.12796965287456885
sphere,unnormalized_rescaled,128,2,0.0015253388798809595,119.66900949042903,0.13423214154094865
sphere,unnormalized_rescaled,128,2,0.001600459937300914,119.27432081341054,0.1407989595640231
sphere,unnormalized_rescaled,128,2,0.0016792806140922276,118.86172532206876,0.14768467135812102
sphere,unnormalized_rescaled,128,2,0.0017619831119432517,118.43048905133497,0.154904514219254
sphere,unnormalized_rescaled,128,2,0.0018487586057506402,117.97985582519523,0.16247442672100476
sphere,unnormalized_rescaled,128,2,0.0019398076855387772,117.50904742169108,0.17041107798884525
sphere,unnormalized_rescaled,128,2,0.0020353408201432004,117.01726385152274,0.17873189783715304
sphere,unnormalized_rescaled,128,2,0.0021355788437298585,116.50368376341704,0.18745510774482455
sphere,unnormalized_rescaled,128,2,0.002240753466274844,115.967464990412,0.19659975263759577
sphere,unnormalized_rescaled,128,2,0.0023511078091846206,115.4077452522268,0.20618573343350022
sphere,unnormalized_rescaled,128,2,0.0024668969672948793,114.8236430299239,0.21623384029568626
sphere,unnormalized_rescaled,128,2,0.002588388598547164,114.2142586301199,0.22676578652425405
sphere,unnormalized_rescaled,128,2,0.0027158635427063215,113.57867545705369,0.2378042430008378
sphere,unnormalized_rescaled,128,2,0.0028496164705490343,112.9159615118578,0.249372873082379
sphere,unnormalized_rescaled,128,2,0.0029899565650240855,112.2251711393904,0.26149636781784125
sphere,unnormalized_rescaled,128,2,0.0031372082359589224,111.50534704394656,0.27420048133893715
sphere,unnormalized_rescaled,128,2,0.003291711869964644,110.7555225960606,0.28751206624554015
sphere,unnormalized_rescaled,128,2,0.0034538246172728733,109.97472445340638,0.3014591087757168
sphere,unnormalized_rescaled,128,2,0.0036239212173233893,109.16197551947214,0.31607076351271246
sphere,unnormalized_rescaled,128,2,0.0038023948650109034,108.31629826419349,0.33137738733809385
sphere,unnormalized_rescaled,128,2,0.003989658119593463,107.43671843103454,0.34741057229301475
sphere,unnormalized_rescaled,128,2,0.004186143858363432,106.52226915506712,0.36420317695193205
sphere,unnormalized_rescaled,128,2,0.004392306277285613,105.57199551636259,0.3817893558506995
sphere,unnormalized_rescaled,128,2,0.004608621940915554,104.58495955242023,0.40020458643735424
sphere,unnormalized_rescaled,128,2,0.004835590884025034,103.56024575235485,0.41948569293039384
sphere,unnormalized_rescaled,128,2,0.005073737767481255,102.49696705407825,0.4396708663725235
sphere,unnormalized_rescaled,128,2,0.005323613091051644,101.39427136366845,0.4607996800606742
sphere,unnormalized_rescaled,128,2,0.005585794465937815,100.25134861344011,0.48291309940458405
sphere,unnormalized_rescaled,128,2,0.00586088794998021,99.06743837183187,0.506053485125463
sphere,unnormalized_rescaled,128,2,0.006149529448620003,97.84183801401423,0.5302645885406321
sphere,unnormalized_rescaled,128,2,0.006452386184856568,96.57391145701159,0.5555915374922193
sphere,unnormalized_rescaled,128,2,0.006770158241598581,95.26309845702038,0.5820808112642339
sphere,unnormalized_rescaled,128,2,0.0071035801799740035,93.9089244594048,0.6097802025852985
sphere,unnormalized_rescaled,128,2,0.007453422737339828,92.51101098346786,0.6387387645352618
sphere,unnormalized_rescaled,128,2,0.007820494608916725,91.0690865144407,0.6690067398513122
sphere,unnormalized_rescaled,128,2,0.008205644317166944,89.5829978641352,0.7006354697647907
sphere,unnormalized_rescaled,128,2,0.008609762173236895,88.05272194929498,0.7336772790801547
sphere,unnormalized_rescaled,128,2,0.009033782334998157,86.47837792282405,0.7681853337330864
sphere,unnormalized_rescaled,128,2,0.009478684966444714,84.86023957773935,0.8042134665197977
sphere,unnormalized_rescaled,128,2,0.00994549850343757,83.19874792691694,0.8418159660751741
sphere,unnormalized_rescaled,128,2,0.010435302031034738,81.49452384351594,0.8810473234761673
sphere,unnormalized_rescaled,128,2,0.010949227777901627,79.74838062749741,0.921961930053925
sphere,unnormalized_rescaled,128,2,0.011488463733568155,77.96133634305207,0.9646137191043636
sphere,unnormalized_rescaled,128,2,0.012054256394582467,76.13462575026007,1.009055743179971
sphere,unnormalized_rescaled,128,2,0.012647913645909432,74.26971163223268,1.0553396775168267
sphere,unnormalized_rescaled,128,2,0.013270807784234378,72.36829529673832,1.103515238896378
sphere,unnormalized_rescaled,128,2,0.013924378690160845,70.43232600939592,1.153629507848791
sphere,unnormalized_rescaled,128,2,0.014610137156635125,68.46400909453988,1.2057261405826694
sphere,unnormalized_rescaled,128,2,0.015329668381291676,66.46581242055132,1.2598444553676558
sphere,unnormalized_rescaled,128,2,0.016084635630792158,64.44047096965828,1.3160183763299216
sphere,unnormalized_rescaled,128,2,0.016876784085628694,62.390989178896106,1.3742752157623386
sphere,unnormalized_rescaled,128,2,0.017707944874278906,60.32064073017537,1.4346342741586255
sphere,unnormalized_rescaled,128,2,0.018580039306038167,58.23296546440719,1.4971052353202623
sphere,unnormalized_rescaled,128,2,0.019495083312313567,56.13176309865588,1.5616863321759666
sphere,unnormalized_rescaled,128,2,0.02045519210664614,54.02108343764701,1.6283622575488579
sphere,unnormalized_rescaled,128,2,0.02146258507423345,51.90521279299395,1.6971017932382892
sphere,unnormalized_rescaled,128,2,0.022519590902255072,49.788656356518686,1.7678551307598127
sphere,unnormalized_rescaled,128,2,0.023628652962860392,47.67611631923473,1.8405508583335717
sphere,unnormalized_rescaled,128,2,0.024792334961261785,45.572465585955925,1.9150925917886923
sphere,unnormalized_rescaled,128,2,0.026013326861989483,43.48271700784792,1.9913552326995756
sphere,unnormalized_rescaled,128,2,0.02729445110700713,41.411988141939965,2.0691808462343744
sphere,unnormalized_rescaled,128,2,0.028638669140061947,39.36546164756617,2.1483741650721555
sphere,unnormalized_rescaled,128,2,0.030049088252350996,37.34834154422362,2.228697745801668
sphere,unnormalized_rescaled,128,2,0.031528968765328104,35.365805682021275,2.3098668322033262
sphere,unnormalized_rescaled,128,2,0.033081731567255114,33.42295491253919,2.391544017749027
sphere,unnormalized_rescaled,128,2,0.0347109660209191,31.524759591410806,2.473333849712901
sphere,unnormalized_rescaled,128,2,0.036420438260794774,29.676004190211387,2.5547775816381346
sphere,unnormalized_rescaled,128,2,0.03821409989883197,27.88123093923427,2.635348361370248
sphere,unnormalized_rescaled,128,2,0.04009609715899232,26.14468355848398,2.714447239376767
sphere,unnormalized_rescaled,128,2,0.04207078046165082,24.470252254895207,2.791400495862348
sphere,unnormalized_rescaled,128,2,0.044142714480017026,22.861421261951854,2.865458911654528
sphere,unnormalized_rescaled,128,2,0.04631668869182287,21.32122026571248,2.9357997390616077
sphere,unnormalized_rescaled,128,2,0.048597728450667906,19.85218109094896,3.001532250914458
sphere,unnormalized_rescaled,128,2,0.05099110660261463,18.456301005343924,3.061707836961858
sphere,unnormalized_rescaled,128,2,0.053502355674887,17.135013932163275,3.1153356456568844
sphere,unnormalized_rescaled,128,2,0.05613728066484706,15.889170737839065,3.1614046957613624
sphere,unnormalized_rescaled,128,2,0.05890197245881302,14.71902957803156,3.19891315864043
sphere,unnormalized_rescaled,128,2,0.06180282191173747,13.624257044412513,3.2269050900828233
sphere,unnormalized_rescaled,128,2,0.06484653462029255,12.603940558433557,3.244514231434529
sphere,unnormalized_rescaled,128,2,0.06804014642351115,11.656612115291075,3.251013591814413
sphere,unnormalized_rescaled,128,2,0.07139103966681563,10.780283102684198,3.2458684014377184
sphere,unnormalized_rescaled,128,2,0.07490696026702984,9.972489520122835,3.228788793404526
sphere,unnormalized_rescaled,128,2,0.07859603561782201,9.230346524190665,3.1997774101439163
sphere,unnormalized_rescaled,128,2,0.0824667933769686,8.550610844575797,3.1591662963872835
sphere,unnormalized_rescaled,128,2,0.08652818117886758,7.929749277493202,3.1076372259469167
sphere,unnormalized_rescaled,128,2,0.09078958731786878,7.364011189833108,3.0462202775644585
sphere,unnormalized_rescaled,128,2,0.09526086245023271,6.849502779558053,2.9762671682002875
sphere,unnormalized_rescaled,128,2,0.09995234236488418,6.382260752320487,2.8993985047173396
sphere,unnormalized_rescaled,128,2,0.10487487187559684,5.9583231021483645,2.8174274046574013
sphere,unnormalized_rescaled,128,2,0.1100398298898395,5.573794829342883,2.73226531005313
sphere,unnormalized_rescaled,128,2,0.11545915571223103,5.224906687200617,2.6458186019234944
sphere,unnormalized_rescaled,128,2,0.12114537664340855,4.90806540791448,2.5598862004253107
sphere,unnormalized_rescaled,128,2,0.12711163693810565,4.619894295900256,2.4760683281019986
sphere,unnormalized_rescaled,128,2,0.13337172818938026,4.35726356577944,2.3956950008497415
sphere,unnormalized_rescaled,128,2,0.13994012120922836,4.1173103094693495,2.3197799392721485
sphere,unnormalized_rescaled,128,2,0.1468319994792784,3.897448467444365,2.2490020686956527
sphere,unnormalized_rescaled,128,2,0.1540632942488908,3.6953696196176375,2.183713289158817
sphere,unnormalized_rescaled,128,2,0.16165072136179667,3.509035772306484,2.123968339630064
sphere,unnormalized_rescaled,128,2,0.16961181989640184,3.3366655776030196,2.069570724580487
sphere,unnormalized_rescaled,128,2,0.1779649927090787,3.1767155678776655,2.0201279261073672
sphere,unnormalized_rescaled,128,2,0.18672954897416505,3.0278580193488933,1.975109377578221
sphere,unnormalized_rescaled,128,2,0.19592574881900554,2.888956983277302,1.9339016694123643
sphere,unnormalized_rescaled,128,2,0.20557485015721358,2.759043858962398,1.8958568853400735
sphere,unnormalized_rescaled,128,2,0.2156991578284137,2.6372936534199893,1.8603315377002865
sphere,unnormalized_rescaled,128,2,0.22632207515805589,2.5230028058600134,1.8267150529984129
sphere,unnormalized_rescaled,128,2,0.2374681580564859,2.4155691783678876,1.7944480000146363
sphere,unnormalized_rescaled,128,2,0.2491631717823304,2.314474551981825,1.763031171363913
sphere,unnormalized_rescaled,128,2,0.2614341505014064,2.21926973871395,1.7320272056431776
sphere,unnormalized_rescaled,128,2,0.27430945977883453,2.129562237254128,1.7010566969720315
sphere,unnormalized_rescaled,128,2,0.28781886214881197,2.045006228306921,1.6697907383275368
sphere,unnormalized_rescaled,128,2,0.3019935859136151,1.9652946235469582,1.6379416578440367
sphere,unnormalized_rescaled,128,2,0.3168663973308689,1.8901528439132675,1.6052534106162
sphere,unnormalized_rescaled,128,2,0.3324716763559499,1.819333999213671,1.5714927531588625
sphere,unnormalized_rescaled,128,2,0.3488454961146077,1.7526151614371086,1.5364420088590993
sphere,unnormalized_rescaled,128,2,0.3660257062895185,1.6897944589281058,1.4998939651869918
sphere,unnormalized_rescaled,128,2,0.3840520206135199,1.63068875948594,1.461649239681595
sphere,unnormalized_rescaled,128,2,0.40296610867178095,1.575131751628911,1.421516304553581
sphere,unnormalized_rescaled,128,2,0.4228116922251163,1.5229722712310192,1.3793142474642384
sphere,unnormalized_rescaled,128,2,0.44363464627710364,1.474072754114904,1.3348782398421655
sphere,unnormalized_rescaled,128,2,0.4654831051186329,1.4283077241374,1.2880675559971566
sphere,unnormalized_rescaled,128,2,0.48840757359501796,1.3855622518894597,1.2387758165229235
sphere,unnormalized_rescaled,128,2,0.512461043852877,1.3457303426711604,1.1869429123746427
sphere,unnormalized_rescaled,128,2,0.5376991178366506,1.3087132349739619,1.1325678135012343
sphere,unnormalized_rescaled,128,2,0.5641801358179258,1.2744176128083715,1.0757212080219256
sphere,unnormalized_rescaled,128,2,0.5919653112546679,1.2427537566363214,1.0165566996578796
sphere,unnormalized_rescaled,128,2,0.6211188722921034,1.2136336774963996,0.9553191655365127
sphere,unnormalized_rescaled,128,2,0.6517082102323478,1.186969295735952,0.8923488944780487
sphere,unnormalized_rescaled,128,2,0.6838040353159782,1.1626707379604093,0.8280803239479204
sphere,unnormalized_rescaled,128,2,0.717480540175657,1.1406448318704547,0.7630345823304507
sphere,unnormalized_rescaled,128,2,0.7528155713396453,1.1207938775162947,0.6978055980095625
sphere,unnormalized_rescaled,128,2,0.7898908091816486,1.1030147647805029,0.6330401980312093
sphere,unnormalized_rescaled,128,2,0.828791956732978,1.0871984910559933,0.5694132981451436
sphere,unnormalized_rescaled,128,2,0.8696089377934709,1.0732301113826859,0.5075998804514426
sphere,unnormalized_rescaled,128,2,0.9124361047991314,1.0609891276950334,0.44824586916574094
sphere,unnormalized_rescaled,128,2,0.9573724569269971,1.0503502966998552,0.39194018089665794
sphere,unnormalized_rescaled,128,2,1.0045218689414006,1.0411848097722498,0.3391901172397873
sphere,unnormalized_rescaled,128,2,1.0539933313106258,1.0333617754793378,0.2904019057098466
sphere,unnormalized_rescaled,128,2,1.1059012021490153,1.0267499178396051,0.24586764264819616
sphere,unnormalized_rescaled,128,2,1.1603654715669154,1.0212193925125412,0.2057592375930864
sphere,unnormalized_rescaled,128,2,1.2175120390395242,1.0166436194080823,0.17012929827285922
sphere,unnormalized_rescaled,128,2,1.277473004435825,1.012901033641631,0.13891831276572947
sphere,unnormalized_rescaled,128,2,1.3403869733803224,1.0098766666676866,0.11196703967106927
sphere,unnormalized_rescaled,128,2,1.4063993776534767,1.0074634846580104,0.08903273749159098
sphere,unnormalized_rescaled,128,2,1.4756628113714583,1.0055634302787364,0.06980775174024703
sphere,unnormalized_rescaled,128,2,1.5483373837223433,1.0040881353207527,0.053939012098139553
sphere,unnormalized_rescaled,128,2,1.6245910890741309,1.0029592934691696,0.04104713936741163
sphere,unnormalized_rescaled,128,2,1.7046001953101242,1.0021087032663305,0.030744086052798106
sphere,unnormalized_rescaled,128,2,1.788549651289343,1.0014780096234857,0.02264850037379468
sphere,unnormalized_rescaled,128,2,1.8766335143738742,1.0010181869407,0.01639828213589014
sphere,unnormalized_rescaled,128,2,1.9690553990114,1.0006888172215704,0.01166006756567218
sphere,unnormalized_rescaled,128,2,2.0660289474098716,1.0004572221332315,0.008135622443501266
sphere,unnormalized_rescaled,128,2,2.167778323392327,1.0002975087923653,0.005565327142505631
sphere,unnormalized_rescaled,128,2,2.274538730573449,1.0001895855830254,0.0037290959643470458
sphere,unnormalized_rescaled,128,2,2.3865569560556796,1.000118197303626,0.0024451823030635536
sphere,unnormalized_rescaled,128,2,2.5040919409016973,1.0000720194200394,0.0015673797987995836
sphere,unnormalized_rescaled,128,2,2.6274153787019627,1.0000428403193327,0.0009811402804955015
sphere,unnormalized_rescaled,128,2,2.7568123436209615,1.0000248493590311,0.0005990978510759678
sphere,unnormalized_rescaled,128,2,2.8925819493739806,1.0000140382023208,0.0003564238751749066
sphere,unnormalized_rescaled,128,2,3.0350380406576467,1.0000077141993267,0.00020635098451321775
sphere,unnormalized_rescaled,128,2,3.1845099186325805,1.0000041179027837,0.00011610748737095043
sphere,unnormalized_rescaled,128,2,3.341343102135175,1.0000021323685908,6.340810825902215e-05
sphere,unnormalized_rescaled,128,2,3.5059001263781124,1.0000010695851334,3.356215430285793e-05
sphere,unnormalized_rescaled,128,2,3.6785613809858946,1.0000005188844416,1.7192389903501725e-05
sphere,unnormalized_rescaled,128,2,3.859725989302599,1.0000002430699526,8.510106140720641e-06
sphere,unnormalized_rescaled,128,2,4.04981273100443,1.000000109765666,4.0639227725370165e-06
sphere,unnormalized_rescaled,128,2,4.249261010149841,1.000000047699084,1.8691065832027357e-06
sphere,unnormalized_rescaled,128,2,4.4585318709048956,1.0000000199093946,8.264803697021055e-07
sphere,unnormalized_rescaled,128,2,4.678109063291864,1.0000000079664961,3.5070027633977713e-07
sphere,unnormalized_rescaled,128,2,4.908500161424617,1.0000000030496725,1.4252847950809217e-07
sphere,unnormalized_rescaled,128,2,5.15023773681574,1.0000000011145183,5.5366321585164394e-08
sphere,unnormalized_rescaled,128,2,5.403880589467569,1.0000000003879672,2.0513614868816938e-08
sphere,unnormalized_rescaled,128,2,5.670015039592942,1.0000000001283376,7.233037819114525e-09
sphere,unnormalized_rescaled,128,2,5.949256282951609,1.000000000040243,2.4213786564340893e-09
sphere,unnormalized_rescaled,128,2,6.2422498129352615,1.0000000000119311,7.677219894680166e-10
sphere,unnormalized_rescaled,128,2,6.549672912688547,1.000000000003335,2.299452480853653e-10
sphere,unnormalized_rescaled,128,2,6.872236220715151,1.0000000000008766,6.487980114231311e-11
sphere,unnormalized_rescaled,128,2,7.210685373588068,1.000000000000216,1.7200283295671136e-11
sphere,unnormalized_rescaled,128,2,7.565802729561325,1.0000000000000497,4.272358229994974e-12
sphere,unnormalized_rescaled,128,2,7.938409177067455,1.0000000000000107,9.930346156205404e-13
sphere,unnormalized_rescaled,128,2,8.329366032281241,1.000000000000002,2.1708198574030833e-13
sphere,unnormalized_rescaled,128,2,8.739577030136124,1.0000000000000002,4.156889088644297e-14
sphere,unnormalized_rescaled,128,2,9.169990413395732,1.0,4.618765654048974e-15
sphere,unnormalized_rescaled,128,2,9.621601124609542,1.0,-0.0
sphere,unnormalized_rescaled,128,2,10.095453106019809,1.0,-0.0
sphere,unnormalized_rescaled,128,2,10.592641712735807,1.0,-0.0
sphere,unnormalized_rescaled,128,2,11.114316244754258,1.0,-0.0
sphere,unnormalized_rescaled,128,2,11.661682603678313,1.0,-0.0
sphere,unnormalized_rescaled,128,2,12.236006080276866,1.0,-0.0
sphere,unnormalized_rescaled,256,2,0.00041399484762685547,245.96121763672588,0.08191154482794996
sphere,unnormalized_rescaled,256,2,0.0004350170035990467,245.4627653427028,0.08398544929441698
sphere,unnormalized_rescaled,256,2,0.00045710663914073544,244.94016071305222,0.08823795960975644
sphere,unnormalized_rescaled,256,2,0.00048031795956905596,244.3922949894765,0.09270512474228099
sphere,unnormalized_rescaled,256,2,0.0005047079226813657,243.81801489825023,0.09739770858207919
sphere,unnormalized_rescaled,256,2,0.0005303363785228529,243.2161215440281,0.10232700703238606
sphere,unnormalized_rescaled,256,2,0.0005572662162513725,242.585369356357,0.10750487344287762
sphere,unnormalized_rescaled,256,2,0.000585563518459897,241.92446510117531,0.11294374515929917
sphere,unnormalized_rescaled,256,2,0.0006152977233352773,241.23206697094668,0.11865667122584966
sphere,unnormalized_rescaled,256,2,0.0006465417950512299,240.5067837685486,0.12465734127644623
sphere,unnormalized_rescaled,256,2,0.0006793724028136675,239.7471742016215,0.1309601156506659
sphere,unnormalized_rescaled,256,2,0.0007138701089977395,238.95174630578697,0.13758005676784535
sphere,unnormalized_rescaled,256,2,0.0007501195668382436,238.11895701696392,0.14453296179222264
sphere,unnormalized_rescaled,256,2,0.00078820972815851,237.2472119149568,0.15183539661941836
sphere,unnormalized_rescaled,256,2,0.0008282340616475139,236.3348651625524,0.15950473121151276
sphere,unnormalized_rescaled,256,2,0.0008702907822208297,235.380219666549,0.1675591763055735
sphere,unnormalized_rescaled,256,2,0.0009144830920282615,234.38152748944458,0.17601782151410816
sphere,unnormalized_rescaled,256,2,0.0009609194336995397,233.33699054292876,0.1849006748335995
sphere,unnormalized_rescaled,256,2,0.0010097137564495384,232.2447615968409,0.19422870356864053
sphere,unnormalized_rescaled,256,2,0.0010609857956959813,231.10294563987514,0.20402387667226662
sphere,unnormalized_rescaled,256,2,0.0011148613668758036,229.90960163100152,0.21430920849536506
sphere,unnormalized_rescaled,256,2,0.0011714726741811473,228.66274468332392,0.2251088039251954
sphere,unnormalized_rescaled,256,2,0.0012309586349726035,227.3603487248785,0.2364479048823256
sphere,unnormalized_rescaled,256,2,0.0012934652206657512,226.00034968365907,0.24835293812968473
sphere,unnormalized_rescaled,256,2,0.0013591458149275132,224.58064924690424,0.26085156432993983
sphere,unnormalized_rescaled,256,2,0.0014281615900612898,223.09911924734516,0.2739727282671822
sphere,unnormalized_rescaled,256,2,0.001500681902504457,221.55360673163995,0.2877467101253046
sphere,unnormalized_rescaled,256,2,0.0015768847084087646,219.94193976854464,0.30220517768687216
sphere,unnormalized_rescaled,256,2,0.0016569570003233992,218.26193405641547,0.31738123928498396
sphere,unnormalized_rescaled,256,2,0.001741095266052272,216.51140039131738,0.33330949730159887
sphere,unnormalized_rescaled,256,2,0.0018295059708115346,214.68815305822272,0.35002610196278283
sphere,unnormalized_rescaled,256,2,0.0019224060638704712,212.79001920841108,0.36756880512960777
sphere,unnormalized_rescaled,256,2,0.0020200235109189826,210.81484928609314,0.38597701372441406
sphere,unnormalized_rescaled,256,2,0.002122597853468065,208.76052856632782,0.40529184236338267
sphere,unnormalized_rescaled,256,2,0.002230380796655951,206.62498986432507,0.4255561646849344
sphere,unnormalized_rescaled,256,2,0.002343636826902352,204.4062274730333,0.44681466277236837
sphere,unnormalized_rescaled,256,2,0.0024626438609264044,202.10231238131675,0.4691138739598131
sphere,unnormalized_rescaled,256,2,0.0025876939277209936,199.71140881879455,0.4925022341851957
sphere,unnormalized_rescaled,256,2,0.002719093885156874,197.23179216533407,0.5170301169088418
sphere,unnormalized_rescaled,256,2,0.0028571661729751034,194.66186825299036,0.5427498664465134
sphere,unnormalized_rescaled,256,2,0.003002249604015499,192.00019407562405,0.5697158243695526
sphere,unnormalized_rescaled,256,2,0.0031547001956227384,189.24549990623132,0.5979843473959647
sphere,unnormalized_rescaled,256,2,0.003314892043270216,186.39671280391516,0.6276138149304131
sphere,unnormalized_rescaled,256,2,0.003483218238545506,183.45298147115,0.6586646241036789
sphere,unnormalized_rescaled,256,2,0.0036600918337499665,180.4137023972905,0.6911991698005835
sphere,unnormalized_rescaled,256,2,0.0038459468554795746,177.27854719591176,0.7252818067494502
sphere,unnormalized_rescaled,256,2,0.004041239369674148,174.0474910113557,0.7609787902594292
sphere,unnormalized_rescaled,256,2,0.004246448600748499,170.72084183364734,0.7983581916253968
sphere,unnormalized_rescaled,256,2,0.004462078107551653,167.29927052066145,0.8374897835625461
sphere,unnormalized_rescaled,256,2,0.004688657019039936,163.7838412820821,0.8784448902656976
sphere,unnormalized_rescaled,256,2,0.004926741332695952,160.17604233143476,0.9212961957977939
sphere,unnormalized_rescaled,256,2,0.005176915278879761,156.4778163605482,0.9661175034746634
sphere,unnormalized_rescaled,256,2,0.005439792754460137,152.6915904356691,1.0129834377085984
sphere,unnormalized_rescaled,256,2,0.005716018829243865,148.82030485673795,1.0619690783758955
sphere,unnormalized_rescaled,256,2,0.00600627132889973,144.8674404619142,1.1131495161518359
sphere,unnormalized_rescaled,256,2,0.006311262498261422,140.83704379945297,1.1665993153807221
sphere,unnormalized_rescaled,256,2,0.006631740749090953,136.7337495299015,1.2223918688847135
sphere,unnormalized_rescaled,256,2,0.006968492496591403,132.56279936507082,1.2805986266218525
sphere,unnormalized_rescaled,256,2,0.0073223440891755365,128.33005679842714,1.3412881772505045
sphere,unnormalized_rescaled,256,2,0.007694163836225721,124.04201683689958,1.4045251583975045
sphere,unnormalized_rescaled,256,2,0.008084864138821075,119.70580990942189,1.470368967742857
sphere,unnormalized_rescaled,256,2,0.008495403728660268,115.32919910596775,1.538872242888928
sphere,unnormalized_rescaled,256,2,0.008926790020674221,110.9205698958547,1.6100790733840427
sphere,unnormalized_rescaled,256,2,0.009380081585101507,106.48891148938947,1.6840229032412424
sphere,unnormalized_rescaled,256,2,0.009856390745092827,102.04378904634743,1.7607240769040828
sphere,unnormalized_rescaled,256,2,0.010356886306218642,97.59530600221292,1.8401869760103153
sphere,unnormalized_rescaled,256,2,0.01088279642457794,93.15405588228543,1.922396688729819
sphere,unnormalized_rescaled,256,2,0.011435411620545996,88.73106310808191,2.0073151483073985
sphere,unnormalized_rescaled,256,2,0.012016087945556685,84.33771247273192,2.0948766733199307
sphere,unnormalized_rescaled,256,2,0.01262625030969011,79.98566717420215,2.1849828399583373
sphere,unnormalized_rescaled,256,2,0.013267395978231063,75.68677554790173,2.277496617657988
sphere,unnormalized_rescaled,256,2,0.013941098245778565,71.45296693267781,2.3722357054416534
sphere,unnormalized_rescaled,256,2,0.014649010296922131,67.2961374336547,2.4689650199114936
sphere,unnormalized_rescaled,256,2,0.015392869262958577,63.228026706773385,2.5673883103162893
sphere,unnormalized_rescaled,256,2,0.016174500484603935,59.26008727565753,2.6671389159607486
sphere,unnormalized_rescaled,256,2,0.016995821991160686,55.40334829114425,2.7677697421009526
sphere,unnormalized_rescaled,256,2,0.01785884920713176,51.66827604409968,2.868742619363317
sphere,unnormalized_rescaled,256,2,0.01876569989783058,48.06463392669889,2.969417336821394
sphere,unnormalized_rescaled,256,2,0.01971859936612322,44.60134488716738,3.06904080905845
sphere,unnormalized_rescaled,256,2,0.020719885913054868,41.28635971681756,3.1667370613285897
sphere,unnormalized_rescaled,256,2,0.021772016575760226,38.12653472331161,3.2614990003329893
sphere,unnormalized_rescaled,256,2,0.022877573156737992,35.12752245723598,3.3521832812256918
sphere,unnormalized_rescaled,256,2,0.024039268559284732,32.293679147974444,3.4375099731100676
sphere,unnormalized_rescaled,256,2,0.02525995344463424,29.627992349733766,3.5160691357920797
sphere,unnormalized_rescaled,256,2,0.026542623227138403,27.132031984005415,3.5863367926661596
sphere,unnormalized_rescaled,256,2,0.027890425424654964,24.805927481700984,3.646703024214318
sphere,unnormalized_rescaled,256,2,0.02930666738217884,22.648373075956442,3.695514876484623
sphere,unnormalized_rescaled,256,2,0.030794824387670325,20.656662484514804,3.731136301350787
sphere,unnormalized_rescaled,256,2,0.03235854819999501,18.826753269452443,3.7520262218686184
sphere,unnormalized_rescaled,256,2,0.03400167600990215,17.153360104695555,3.75683387358621
sphere,unnormalized_rescaled,256,2,0.0357282398560308,15.630075063097578,3.7445077418012147
sphere,unnormalized_rescaled,256,2,0.03754247651904915,14.249511910280663,3.714410834059258
sphere,unnormalized_rescaled,256,2,0.03944883791820626,13.003470325624747,3.6664311472923217
sphere,unnormalized_rescaled,256,2,0.04145200203580823,11.883115029823022,3.60107282375823
sphere,unnormalized_rescaled,256,2,0.043556884396425855,10.879164051054023,3.5195117451159916
sphere,unnormalized_rescaled,256,2,0.04576865012900249,9.982079869753768,3.423600338111143
sphere,unnormalized_rescaled,256,2,0.04809272664146125,9.182256994818704,3.315810932585215
sphere,unnormalized_rescaled,256,2,0.05053481693891347,8.470199673486185,3.1991150557382966
sphere,unnormalized_rescaled,256,2,0.053100913618149184,7.836683931876832,3.0768063608729364
sphere,unnormalized_rescaled,256,2,0.05579731357275129,7.272898965788624,2.9522852355557845
sphere,unnormalized_rescaled,256,2,0.05863063344491761,6.770564007154401,2.828830834231759
sphere,unnormalized_rescaled,256,2,0.06160782586190718,6.3220181105514,2.7093891297944666
sphere,unnormalized_rescaled,256,2,0.0647361964969541,5.920281745571753,2.596402693199181
sphere,unnormalized_rescaled,256,2,0.06802342199651394,5.559090540877225,2.4917000839548393
sphere,unnormalized_rescaled,256,2,0.0714775688178333,5.232902897010788,2.396452126009322
sphere,unnormalized_rescaled,256,2,0.075107113023069,4.936884367381592,2.31119165444359
sphere,unnormalized_rescaled,256,2,0.07892096107852853,4.6668726178467095,2.235884868479939
sphere,unnormalized_rescaled,256,2,0.0829284717100701,4.419327359085462,2.1700375292599325
sphere,unnormalized_rescaled,256,2,0.08713947886829401,4.191269878991467,2.1128180627498665
sphere,unnormalized_rescaled,256,2,0.09156431585987859,3.9802166953880582,2.0631814557567125
sphere,unnormalized_rescaled,256,2,0.09621384070427544,3.7841114451941356,2.0199815277656334
sphere,unnormalized_rescaled,256,2,0.10109946277798741,3.6012584928699565,1.9820635773194049
sphere,unnormalized_rescaled,256,2,0.10623317081181108,3.430260962617949,1.9483336454202629
sphere,unnormalized_rescaled,256,2,0.11162756230974394,3.269965064258526,1.9178041559614165
sphere,unnormalized_rescaled,256,2,0.11729587446174922,3.1194117746107075,1.889618237938958
sphere,unnormalized_rescaled,256,2,0.12325201662623324,2.977796221894687,1.8630565828856618
sphere,unnormalized_rescaled,256,2,0.12951060446194257,2.844434546040076,1.8375313567893805
sphere,unnormalized_rescaled,256,2,0.1360869957930387,2.7187375950360413,1.8125716515073726
sphere,unnormalized_rescaled,256,2,0.14299732829535688,2.6001905665234104,1.7878044344667146
sphere,unnormalized_rescaled,256,2,0.15025855909632838,2.4883375967351697,1.7629341423292075
sphere,unnormalized_rescaled,256,2,0.15788850638573715,2.3827703059562264,1.7377231470045267
sphere,unnormalized_rescaled,256,2,0.1659058931394217,2.2831193961212226,1.711974447340035
sphere,unnormalized_rescaled,256,2,0.1743303930632134,2.1890485280120267,1.6855172084722163
sphere,unnormalized_rescaled,256,2,0.18318267886985093,2.100249853844329,1.6581952374446
sphere,unnormalized_rescaled,256,2,0.19248447300733895,2.0164407243760563,1.629858159838001
sphere,unnormalized_rescaled,256,2,0.20225860096323195,1.9373612145362165,1.6003549266521677
sphere,unnormalized_rescaled,256,2,0.21252904727564256,1.862772211592178,1.569529292219702
sphere,unnormalized_rescaled,256,2,0.22332101438842322,1.7924538841499247,1.5372170130838452
sphere,unnormalized_rescaled,256,2,0.23466098449494213,1.7262044015085227,1.5032446758967186
sphere,unnormalized_rescaled,256,2,0.24657678452220944,1.6638388056552462,1.4674302265712669
sphere,unnormalized_rescaled,256,2,0.2590976544148204,1.6051879576999768,1.4295854073483483
sphere,unnormalized_rescaled,256,2,0.2722543188862744,1.550097491818494,1.3895203839294812
sphere,unnormalized_rescaled,256,2,0.2860790628137364,1.4984267171804597,1.3470508382240194
sphere,unnormalized_rescaled,256,2,0.3006058104612557,1.450047415421821,1.3020076972619128
sphere,unnormalized_rescaled,256,2,0.315870208725843,1.404842490604157,1.2542494587141668
sphere,unnormalized_rescaled,256,2,0.33190971461068025,1.362704441926144,1.2036767653171108
sphere,unnormalized_rescaled,256,2,0.3487636871401162,1.3235336473219648,1.1502484994333768
sphere,unnormalized_rescaled,256,2,0.3664734839419941,1.2872364680464257,1.0939982605115297
sphere,unnormalized_rescaled,256,2,0.3850825627343098,1.2537232089473065,1.0350497166603363
sphere,unnormalized_rescaled,256,2,0.4046365879652423,1.2229059940650886,0.9736290631411726
sphere,unnormalized_rescaled,256,2,0.4251835428682356,1.1946966396509435,0.9100727508395781
sphere,unnormalized_rescaled,256,2,0.4467738472070983,1.169004623715534,0.8448288249224394
sphere,unnormalized_rescaled,256,2,0.4694604810000602,1.1457352602339237,0.7784506614472799
sphere,unnormalized_rescaled,256,2,0.4932991145263842,1.1247881853577641,0.7115825832160185
sphere,unnormalized_rescaled,256,2,0.5183482449345588,1.1060562517752093,0.644937699027774
sphere,unnormalized_rescaled,256,2,0.5446693397872837,1.0894249063361934,0.5792692221626139
sphere,unnormalized_rescaled,256,2,0.5723269878955005,1.0747720970623988,0.515337340913149
sphere,unnormalized_rescaled,256,2,0.6013890578115927,1.061968721481882,0.45387429923482503
sphere,unnormalized_rescaled,256,2,0.631926864370672,1.0508795922275238,0.3955505989912085
sphere,unnormalized_rescaled,256,2,0.6640153436886352,1.0413648614877078,0.340945116364763
sphere,unnormalized_rescaled,256,2,0.6977332370464102,1.03328181634713,0.29052146118081723
sphere,unnormalized_rescaled,256,2,0.7331632841116144,1.0264869347900032,0.24461218582928196
sphere,unnormalized_rescaled,256,2,0.7703924259717801,1.0208380787611282,0.20341159390862779
sphere,unnormalized_rescaled,256,2,0.8095120184773632,1.016196696841234,0.1669770398028865
sphere,unnormalized_rescaled,256,2,0.8506180564180406,1.0124299145343925,0.13523786300375623
sphere,unnormalized_rescaled,256,2,0.8938114090824175,1.0094124038620331,0.10801054263668425
sphere,unnormalized_rescaled,256,2,0.9391980677791711,1.00702794430434,0.08501832301971486
sphere,unnormalized_rescaled,256,2,0.9868894059270074,1.0051706121397133,0.06591344603372418
sphere,unnormalized_rescaled,256,2,1.0370024523516808,1.0037455627310328,0.050300198518173724
sphere,unnormalized_rescaled,256,2,1.089660178460704,1.002669398098393,0.03775719591758022
sphere,unnormalized_rescaled,256,2,1.1449918000004324,1.0018701381363384,0.02785762686688222
sphere,unnormalized_rescaled,256,2,1.2031330941360145,1.0012868362766085,0.020186531893888523
sphere,unnormalized_rescaled,256,2,1.2642267326322816,1.0008688978438502,0.014354546021922236
sphere,unnormalized_rescaled,256,2,1.3284226319531443,1.0005751708621833,0.010007871962580087
sphere,unnormalized_rescaled,256,2,1.3958783211386239,1.0003728842573125,0.006834547845628926
sphere,unnormalized_rescaled,256,2,1.466759328362234,1.0002365074520914,0.004567317264295632
sphere,unnormalized_rescaled,256,2,1.5412395871172637,1.0001465990087084,0.002983590991772896
sphere,unnormalized_rescaled,256,2,1.619501863028721,1.000088701414661,0.0019031047144311489
sphere,unnormalized_rescaled,256,2,1.7017382023382606,1.0000523258293814,0.0011839258308349574
sphere,unnormalized_rescaled,256,2,1.7881504031626425,1.0000300562029818,0.0007174499840627
sphere,unnormalized_rescaled,256,2,1.878950510682104,1.0000167881624258,0.0004229645023769822
sphere,unnormalized_rescaled,256,2,1.974361337473815,1.000009105688166,0.0002422552180635462
sphere,unnormalized_rescaled,256,2,2.074617010267232,1.0000047887466768,0.00013461141985185264
sphere,unnormalized_rescaled,256,2,2.1799635444630105,1.000002438131936,7.24573510646139e-05
sphere,unnormalized_rescaled,256,2,2.2906594478253077,1.0000011998080776,3.772205205362113e-05
sphere,unnormalized_rescaled,256,2,2.4069763548288456,1.000000569695885,1.896303487623028e-05
sphere,unnormalized_rescaled,256,2,2.5291996932173353,1.0000002605381106,9.189094154385355e-06
sphere,unnormalized_rescaled,256,2,2.657629384408938,1.000000114545279,4.284559113951663e-06
sphere,unnormalized_rescaled,256,2,2.7925805794674803,1.0000000483170497,1.9186079470910144e-06
sphere,unnormalized_rescaled,256,2,2.934384432445358,1.0000000195135692,8.234761449475096e-07
sphere,unnormalized_rescaled,256,2,3.0833889129958862,1.0000000075289652,3.3806206546262385e-07
sphere,unnormalized_rescaled,256,2,3.239959660249118,1.0000000027688172,1.3245681105554353e-07
sphere,unnormalized_rescaled,256,2,3.4044808800464104,1.0000000009681687,4.9418584235406676e-08
sphere,unnormalized_rescaled,256,2,3.5773562877355043,1.000000000321036,1.7514681758540248e-08
sphere,unnormalized_rescaled,256,2,3.7590100988395925,1.0000000001006386,5.881935419145985e-09
sphere,unnormalized_rescaled,256,2,3.9498880700313324,1.0000000000296945,1.8668765583372822e-09
sphere,unnormalized_rescaled,256,2,4.1504585929662845,1.0000000000081692,5.585410268305416e-10
sphere,unnormalized_rescaled,256,2,4.361213843659889,1.000000000002029,1.5717007561283264e-10
sphere,unnormalized_rescaled,256,2,4.582670990228372,1.0000000000003844,4.1598965107075565e-11
sphere,unnormalized_rescaled,256,2,4.815373461957316,0.9999999999999686,1.0463062078775662e-11
sphere,unnormalized_rescaled,256,2,5.059892282811961,0.9999999999998661,2.642662851516526e-12
sphere,unnormalized_rescaled,256,2,5.316827472661544,0.9999999999998377,8.270929535281603e-13
sphere,unnormalized_rescaled,256,2,5.586809519656158,0.9999999999998251,4.4604741938238607e-13
sphere,unnormalized_rescaled,256,2,5.87050092736902,0.9999999999998156,3.8776986710127455e-13
sphere,unnormalized_rescaled,256,2,6.1685978405008415,0.9999999999998059,3.9225275573828726e-13
sphere,unnormalized_rescaled,256,2,6.481831753135455,0.9999999999997962,4.0794286596782266e-13
sphere,unnormalized_rescaled,256,2,6.810971303738587,0.9999999999997857,4.3035730915288096e-13
sphere,unnormalized_rescaled,256,2,7.15682416130448,0.9999999999997748,4.5053030801942786e-13
sphere,unnormalized_rescaled,256,2,7.520239007278833,0.9999999999997634,4.72944751204466e-13
sphere,unnormalized_rescaled,256,2,7.9021076181212235,0.9999999999997514,4.841519727969872e-13
sphere,unnormalized_rescaled,512,2,0.00022257674749846554,491.37155205321244,0.08431033364480213
sphere,unnormalized_rescaled,512,2,0.00023427911385554576,490.3112945704719,0.0865222819863476
sphere,unnormalized_rescaled,512,2,0.00024659675283159624,489.197874591376,0.09106199103220547
sphere,unnormalized_rescaled,512,2,0.0002595620134733063,488.0287687848073,0.09583936048976227
sphere,unnormalized_rescaled,512,2,0.00027320894563573675,486.80134935341687,0.10086677313515224
sphere,unnormalized_rescaled,512,2,0.0002875733894053315,485.51288140180503,0.10615725025436973
sphere,unnormalized_rescaled,512,2,0.0003026930692244987,484.1605204456721,0.11172448379697641
sphere,unnormalized_rescaled,512,2,0.0003186076929649617,482.7413100948408,0.11758287005591228
sphere,unnormalized_rescaled,512,2,0.0003353590562100632,481.25217994680713,0.1237475449351848
sphere,unnormalized_rescaled,512,2,0.0003529911520199001,479.6899437315411,0.1302344208659605
sphere,unnormalized_rescaled,512,2,0.0003715502864675497,478.0512977526383,0.13706022543334484
sphere,unnormalized_rescaled,512,2,0.0003910852002498232,476.33281967463597,0.1442425417759381
sphere,unnormalized_rescaled,512,2,0.00041164719669191364,474.53096771135404,0.15179985081999803
sphere,unnormalized_rescaled,512,2,0.00043329027648211923,472.6420802755062,0.1597515754087908
sphere,unnormalized_rescaled,512,2,0.00045607127949048285,470.6623761555587,0.16811812638724177
sphere,unnormalized_rescaled,512,2,0.0004800500340437932,468.58795529187563,0.1769209506991416
sphere,unnormalized_rescaled,512,2,0.0005052895140489902,466.41480023057613,0.1861825815521172
sphere,unnormalized_rescaled,512,2,0.0005318560043776036,464.138778340224,0.1959266907001478
sphere,unnormalized_rescaled,512,2,0.0005598192749455791,461.7556448834365,0.2061781428908489
sphere,unnormalized_rescaled,512,2,0.0005892527639456519,459.2610470427053,0.21696305251586523
sphere,unnormalized_rescaled,512,2,0.0006202337707134934,456.6505290071135,0.22830884249690087
sphere,unnormalized_rescaled,512,2,0.0006528436587341306,453.9195382341392,0.24024430542819175
sphere,unnormalized_rescaled,512,2,0.0006871680693217908,451.0634330082778,0.2527996669859931
sphere,unnormalized_rescaled,512,2,0.0007232971465343436,448.07749142568275,0.2660066516002928
sphere,unnormalized_rescaled,512,2,0.0007613257739130143,444.95692194129646,0.2798985503655729
sphere,unnormalized_rescaled,512,2,0.0008013538236691063,441.69687562185675,0.29451029114879645
sphere,unnormalized_rescaled,512,2,0.0008434864189721598,438.29246025454677,0.30987851082480233
sphere,unnormalized_rescaled,512,2,0.0008878342100283747,434.7387564666868,0.3260416295413222
sphere,unnormalized_rescaled,512,2,0.0009345136646743385,431.03083601649445,0.3430399268792286
sphere,unnormalized_rescaled,512,2,0.000983647374249244,427.16378241826806,0.3609156197322392
sphere,unnormalized_rescaled,512,2,0.00103536437554887,423.13271406706275,0.3797129416784202
sphere,unnormalized_rescaled,512,2,0.0010898004897068674,418.9328100276122,0.39947822355961193
sphere,unnormalized_rescaled,512,2,0.0011470986788933313,414.559338649513,0.42025997491188605
sphere,unnormalized_rescaled,512,2,0.0012074094217674272,410.00768916501477,0.44210896581040515
sphere,unnormalized_rescaled,512,2,0.0012708911086700997,405.27340641663665,0.4650783085925241
sphere,unnormalized_rescaled,512,2,0.001337710457594747,400.3522288486546,0.4892235388103643
sphere,unnormalized_rescaled,512,2,0.0014080429520282865,395.2401298786443,0.514602694627655
sphere,unnormalized_rescaled,512,2,0.0014820733018124795,389.9333627420268,0.5412763937162879
sphere,unnormalized_rescaled,512,2,0.001559995928235874,384.4285088732096,0.5693079065210753
sphere,unnormalized_rescaled,512,2,0.001642015474630293,378.7225298506949,0.5987632245384873
sphere,unnormalized_rescaled,512,2,0.0017283473438128593,372.8128228896273,0.6297111219943616
sphere,unnormalized_rescaled,512,2,0.0018192182637849627,366.69727981290754,0.6622232089961528
sphere,unnormalized_rescaled,512,2,0.0019148668831738764,360.37434937041166,0.6963739738716299
sphere,unnormalized_rescaled,512,2,0.002015544397980743,353.8431027043208,0.7322408119734831
sphere,unnormalized_rescaled,512,2,0.0021215152112809667,347.10330167641655,0.7699040377210764
sphere,unnormalized_rescaled,512,2,0.002233057627609514,340.155469679945,0.8094468760459819
sphere,unnormalized_rescaled,512,2,0.0023504645838547484,333.00096445392984,0.8509554286937373
sphere,unnormalized_rescaled,512,2,0.002474044418580296,325.6420523015412,0.8945186099888502
sphere,unnormalized_rescaled,512,2,0.002604121681795382,318.0819829865011,0.9402280456636447
sphere,unnormalized_rescaled,512,2,0.0027410379873002754,310.32506444313503,0.9881779271627238
sphere,unnormalized_rescaled,512,2,0.0028851529098452822,302.3767362876263,1.0384648124191642
sphere,unnormalized_rescaled,512,2,0.003036844929459498,294.24364096194245,1.091187362420655
sphere,unnormalized_rescaled,512,2,0.003196512425429271,285.933691180115,1.1464460008890427
sphere,unnormalized_rescaled,512,2,0.0033645747225368766,277.4561321821177,1.2043424820294746
sphere,unnormalized_rescaled,512,2,0.003541473192307034,268.8215971375207,1.2649793484936964
sphere,unnormalized_rescaled,512,2,0.0037276724121533974,260.042153884274,1.3284592583672463
sphere,unnormalized_rescaled,512,2,0.003923661385469223,251.13134104340432,1.394884156037179
sphere,unnormalized_rescaled,512,2,0.004129954825866475,242.10419142511924,1.4643542571207036
sphere,unnormalized_rescaled,512,2,0.004347094508936078,232.97724054397997,1.536966812114187
sphere,unnormalized_rescaled,512,2,0.004575650695079343,223.7685179996308,1.6128146069246867
sphere,unnormalized_rescaled,512,2,0.004816223627147264,214.4975194652404,1.691984150835225
sphere,unnormalized_rescaled,512,2,0.005069445106820883,205.18515706926016,1.774553493584321
sphere,unnormalized_rescaled,512,2,0.005335980153872613,195.85368606877887,1.8605896029884263
sphere,unnormalized_rescaled,512,2,0.005616528752666185,186.52660590616497,1.9501452228001455
sphere,unnormalized_rescaled,512,2,0.005911827690481905,177.2285340259429,2.0432551172543185
sphere,unnormalized_rescaled,512,2,0.006222652492495096,167.98505121593416,2.1399315940971775
sphere,unnormalized_rescaled,512,2,0.006549819458489496,158.82251773371144,2.2401591821151072
sphere,unnormalized_rescaled,512,2,0.006894187806654453,149.76786009163584,2.343888322896106
sphere,unnormalized_rescaled,512,2,0.00725666193009604,140.84832910254096,2.4510279208696204
sphere,unnormalized_rescaled,512,2,0.007638193771988222,132.09123062986748,2.5614365824296073
sphere,unnormalized_rescaled,512,2,0.00803978532560184,123.52363143091992,2.6749123670777095
sphere,unnormalized_rescaled,512,2,0.008462491265777,115.1720435128209,2.7911808755128646
sphere,unnormalized_rescaled,512,2,0.008907421718749833,107.06209151231978,2.9098815180873885
sphere,unnormalized_rescaled,512,2,0.009375745177607737,99.21816872859688,3.0305518516351526
sphere,unnormalized_rescaled,512,2,0.009868691571029854,91.6630885390602,3.1526099567856107
sphere,unnormalized_rescaled,512,2,0.010387555493372032,84.41773895940341,3.2753349697133416
sphere,unnormalized_rescaled,512,2,0.010933699604579235,77.50074901046676,3.3978461055405376
sphere,unnormalized_rescaled,512,2,0.011508558208854285,70.92817625922385,3.5190808445755835
sphere,unnormalized_rescaled,512,2,0.012113641021481525,64.71322533977732,3.6377734305705047
sphere,unnormalized_rescaled,512,2,0.012750537133697865,58.8660073635166,3.752435485288089
sphere,unnormalized_rescaled,512,2,0.013420919186023958,53.393349832004205,3.861341399431538
sphere,unnormalized_rescaled,512,2,0.014126547761015603,48.29866591945269,3.9625222137491534
sphere,unnormalized_rescaled,512,2,0.014869276006971906,43.58189075915449,4.053772900339382
sphere,unnormalized_rescaled,512,2,0.015651054504743,39.23949063936853,4.132679146693889
sphere,unnormalized_rescaled,512,2,0.016473936390418834,35.264548808514576,4.196670651924393
sphere,unnormalized_rescaled,512,2,0.017340082747352385,31.64692896171352,4.24310810863706
sphere,unnormalized_rescaled,512,2,0.018251768281678026,28.37351452333651,4.269409826375785
sphere,unnormalized_rescaled,512,2,0.01921138729623031,25.428518684021057,4.27322060695618
sphere,unnormalized_rescaled,512,2,0.020221459978552132,22.793856961017507,4.252619362766993
sphere,unnormalized_rescaled,512,2,0.021284639019506002,20.449571020434952,4.206352910466862
sphere,unnormalized_rescaled,512,2,0.022403716579870562,18.374289837179305,4.134072194479138
sphere,unnormalized_rescaled,512,2,0.023581631623218226,16.54571218123728,4.0365361463265685
sphere,unnormalized_rescaled,512,2,0.024821477634331787,14.941093096828551,3.9157411708632566
sphere,unnormalized_rescaled,512,2,0.026126510743430597,13.537716634334254,3.774935237024728
sphere,unnormalized_rescaled,512,2,0.02750015827754203,12.31333769599665,3.6184880322478037
sphere,unnormalized_rescaled,512,2,0.028946027761476815,11.246577482725453,3.451612643792174
sphere,unnormalized_rescaled,512,2,0.03046791639204612,10.317259613400067,3.2799650735217867
sphere,unnormalized_rescaled,512,2,0.03206982101040286,9.506677374877222,3.1091768150022077
sphere,unnormalized_rescaled,512,2,0.03375594859869601,8.797786515722525,2.9443930022216946
sphere,unnormalized_rescaled,512,2,0.03553072732860545,8.175322222726345,2.789887930420086
sphere,unnormalized_rescaled,512,2,0.03739881819077303,7.625843085041054,2.6488111907715464
sphere,unnormalized_rescaled,512,2,0.03936512723567122,7.137708623962413,2.5230878202016385
sphere,unnormalized_rescaled,512,2,0.04143481845805767,6.701000050431789,2.413464551993357
sphere,unnormalized_rescaled,512,2,0.04361332735885215,6.307396080732689,2.3196701804211557
sphere,unnormalized_rescaled,512,2,0.04590637522005372,5.950016763727561,2.2406458087822116
sphere,unnormalized_rescaled,512,2,0.048319984130186386,5.623248331696988,2.1748002283990076
sphere,unnormalized_rescaled,512,2,0.05086049279973481,5.322561173688322,2.1202535529485154
sphere,unnormalized_rescaled,512,2,0.0535345732081038,5.044331332868702,2.0750441359241343
sphere,unnormalized_rescaled,512,2,0.05634924812582165,4.7856737020261,2.037286001084805
sphere,unnormalized_rescaled,512,2,0.05931190955800439,4.544292618137833,2.0052741861600616
sphere,unnormalized_rescaled,512,2,0.06243033815751722,4.318353112575391,1.9775425770373083
sphere,unnormalized_rescaled,512,2,0.06571272365881811,4.1063738888853445,1.9528829866411037
sphere,unnormalized_rescaled,512,2,0.0691676863861459,3.907141337568412,1.9303359025974558
sphere,unnormalized_rescaled,512,2,0.07280429989254053,3.7196426396135966,1.9091631527985804
sphere,unnormalized_rescaled,512,2,0.07663211478914873,3.5430152635243117,1.8888113697102362
sphere,unnormalized_rescaled,512,2,0.08066118382739867,3.3765098673575227,1.8688731380633783
sphere,unnormalized_rescaled,512,2,0.08490208829991328,3.219463680038419,1.8490505405439066
sphere,unnormalized_rescaled,512,2,0.08936596582949936,3.0712817398000114,1.8291238067364972
sphere,unnormalized_rescaled,512,2,0.09406453961919105,2.93142380074534,1.8089261342818794
sphere,unnormalized_rescaled,512,2,0.09901014924016652,2.799395188886259,1.7883245837622823
sphere,unnormalized_rescaled,512,2,0.10421578303839427,2.67474033090524,1.7672062469093461
sphere,unnormalized_rescaled,512,2,0.10969511224511501,2.5570380542200666,1.745468577801347
sphere,unnormalized_rescaled,512,2,0.11546252688074411,2.4458980510709925,1.7230127495358936
sphere,unnormalized_rescaled,512,2,0.12153317354648344,2.340958114384112,1.699739041494304
sphere,unnormalized_rescaled,512,2,0.12792299520289596,2.241881900760581,1.675543481109182
sphere,unnormalized_rescaled,512,2,0.1346487730399074,2.148357071361276,1.6503151957753328
sphere,unnormalized_rescaled,512,2,0.14172817054819928,2.0600937194672744,1.6239341427510148
sphere,unnormalized_rescaled,512,2,0.1491797799077312,1.97682302622089,1.5962690690458157
sphere,unnormalized_rescaled,512,2,0.15702317081522435,1.8982961023462839,1.567175714797564
sphere,unnormalized_rescaled,512,2,0.16527894187883382,1.824282979454656,1.5364954220160705
sphere,unnormalized_rescaled,512,2,0.17396877471498837,1.754571713677901,1.5040544515883614
sphere,unnormalized_rescaled,512,2,0.18311549088946738,1.6889675594189277,1.4696644419972884
sphere,unnormalized_rescaled,512,2,0.19274311185225398,1.6272921640017768,1.4331245490725095
sphere,unnormalized_rescaled,512,2,0.20287692202357172,1.569382726943795,1.39422586256722
sphere,unnormalized_rescaled,512,2,0.21354353519677818,1.5150910625966894,1.3527586709328823
sphere,unnormalized_rescaled,512,2,0.2247709644325117,1.4642825042404408,1.308523008678029
sphere,unnormalized_rescaled,512,2,0.23658869562764287,1.416834593405262,1.2613426483847565
sphere,unnormalized_rescaled,512,2,0.24902776495224743,1.372635511691082,1.2110822881371233
sphere,unnormalized_rescaled,512,2,0.26212084035796157,1.331582234081578,1.1576671592569738
sphere,unnormalized_rescaled,512,2,0.2759023073717868,1.2935784117944835,1.10110369662815
sphere,unnormalized_rescaled,512,2,0.2904083594006523,1.2585320267002937,1.0414993640298862
sphere,unnormalized_rescaled,512,2,0.3056770927839021,1.2263528946273474,0.9790793207072088
sphere,unnormalized_rescaled,512,2,0.32174860684333495,1.1969501269936837,0.9141974659131753
sphere,unnormalized_rescaled,512,2,0.338665109193549,1.1702296845864097,0.8473395946979307
sphere,unnormalized_rescaled,512,2,0.3564710265891692,1.1460921700249067,0.7791169793776755
sphere,unnormalized_rescaled,512,2,0.375213121600058,1.1244310039273455,0.71024962399701
sphere,unnormalized_rescaled,512,2,0.3949406154209381,1.105131113311244,0.6415396128162809
sphere,unnormalized_rescaled,512,2,0.4157053171379416,1.08806823053864,0.5738362126171455
sphere,unnormalized_rescaled,512,2,0.43756175979158385,1.0731088601923304,0.5079954843897998
sphere,unnormalized_rescaled,512,2,0.4605673435934814,1.0601109239736013,0.4448379179213363
sphere,unnormalized_rescaled,512,2,0.48478248667295026,1.0489250450184717,0.3851078871808189
sphere,unnormalized_rescaled,512,2,0.5102707837493659,1.0393963878512003,0.3294384907879543
sphere,unnormalized_rescaled,512,2,0.5370991731470075,1.0313669327612816,0.2783246457765238
sphere,unnormalized_rescaled,512,2,0.5653381125910053,1.0246780368090618,0.23210628229130637
sphere,unnormalized_rescaled,512,2,0.5950617642460627,1.0191731196919196,0.19096232522475082
sphere,unnormalized_rescaled,512,2,0.6263481894839279,1.0147003117307534,0.15491503100734116
sphere,unnormalized_rescaled,512,2,0.659279553891098,1.0111149124450223,0.12384332244875532
sphere,unnormalized_rescaled,512,2,0.6939423430551783,1.0082815297898224,0.09750312188378535
sphere,unnormalized_rescaled,512,2,0.7304275896965785,1.00607579966903,0.0755523507074526
sphere,unnormalized_rescaled,512,2,0.7688311127420726,1.0043856199529086,0.05757821790970572
sphere,unnormalized_rescaled,512,2,0.8092537689680623,1.0031118699016526,0.04312460481205778
sphere,unnormalized_rescaled,512,2,0.8518017178744381,1.002168621673649,0.03171769784170183
sphere,unnormalized_rescaled,512,2,0.8965867004846529,1.001482882778184,0.022888457560799557
sphere,unnormalized_rescaled,512,2,0.9437263328041938,1.0009939346507981,0.01619098245523843
sphere,unnormalized_rescaled,512,2,0.9933444147081655,1.0006523513216348,0.011216285605678465
sphere,unnormalized_rescaled,512,2,1.0455712550691707,1.0004187924897328,0.0076014189853407296
sphere,unnormalized_rescaled,512,2,1.1005440139793796,1.0002626671103394,0.005034231146472539
sphere,unnormalized_rescaled,512,2,1.1584070629655134,1.00016075757445,0.003254314377520947
sphere,unnormalized_rescaled,512,2,1.2193123641427859,1.000095882163496,0.002050878428708283
sphere,unnormalized_rescaled,512,2,1.283419869303515,1.0000556566819643,0.0012583775898099606
sphere,unnormalized_rescaled,512,2,1.350897939988546,1.000031397251909,0.0007507213451675009
sphere,unnormalized_rescaled,512,2,1.4219237896446513,1.0000171874002133,0.00043482833476890656
sphere,unnormalized_rescaled,512,2,1.4966839490291528,1.0000091156644304,0.0002441574846973029
sphere,unnormalized_rescaled,512,2,1.575374756084016,1.000004676335059,0.00013269153508000132
sphere,unnormalized_rescaled,512,2,1.6582028715659252,1.0000023163488818,6.968025534658266e-05
sphere,unnormalized_rescaled,512,2,1.745385821786548,1.0000011058231575,3.5294326372776526e-05
sphere,unnormalized_rescaled,512,2,1.8371525698883016,1.0000005078218412,1.7211758213782634e-05
sphere,unnormalized_rescaled,512,2,1.9337441171559808,1.0000002238710115,8.065413560873772e-06
sphere,unnormalized_rescaled,512,2,2.0354141359433813,1.0000000945400531,3.6242853345867437e-06
sphere,unnormalized_rescaled,512,2,2.1424296358771895,1.0000000381581702,1.5584074023970492e-06
sphere,unnormalized_rescaled,512,2,2.2550716650876903,1.0000000146853458,6.397703117249463e-07
sphere,unnormalized_rescaled,512,2,2.37363604830795,1.0000000053755556,2.501634445530108e-07
sphere,unnormalized_rescaled,512,2,2.4984341637798426,1.0000000018666646,9.293957128481794e-08
sphere,unnormalized_rescaled,512,2,2.629793761007305,1.0000000006132181,3.272054155959215e-08
sphere,unnormalized_rescaled,512,2,2.7680598215044028,1.000000000190024,1.08865903690302e-08
sphere,unnormalized_rescaled,512,2,2.9135954647987767,1.000000000055376,3.4132042476683977e-09
sphere,unnormalized_rescaled,512,2,3.066782902069769,1.0000000000151272,1.0053518329976373e-09
sphere,unnormalized_rescaled,512,2,3.228024439925818,1.0000000000038605,2.7731512642359306e-10
sphere,unnormalized_rescaled,512,2,3.397743536957189,1.0000000000009173,7.13957750950486e-11
sphere,unnormalized_rescaled,512,2,3.5763859158388764,1.000000000000202,1.7094946148967604e-11
sphere,unnormalized_rescaled,512,2,3.7644207339042137,1.0000000000000413,3.795988042205635e-12
sphere,unnormalized_rescaled,512,2,3.9623418152635304,1.0000000000000075,7.799975429190248e-13
sphere,unnormalized_rescaled,512,2,4.1706689477035885,1.0000000000000013,1.4733286921804908e-13
sphere,unnormalized_rescaled,512,2,4.389949247773846,1.0,2.5999918097301744e-14
sphere,unnormalized_rescaled,512,2,4.620758597644468,1.0,-0.0
sphere,unnormalized_rescaled,512,2,4.863703157509764,1.0,-0.0
sphere,unnormalized_rescaled,512,2,5.119420957508883,1.0,-0.0
sphere,unnormalized_rescaled,512,2,5.388583573344547,1.0,-0.0
sphere,unnormalized_rescaled,512,2,5.671897890000454,1.0,-0.0
sphere,unnormalized_rescaled,512,2,5.97010795818915,1.0,-0.0
sphere,unnormalized_rescaled,1024,2,0.00010771215634451221,981.6824635962377,0.08662381860812
sphere,unnormalized_rescaled,1024,2,0.00011357839352278467,979.4302570958237,0.08897916806216699
sphere,unnormalized_rescaled,1024,2,0.00011976411867529901,977.061169096238,0.09381774612276672
sphere,unnormalized_rescaled,1024,2,0.00012628673180866676,974.5694642870093,0.09891900155167832
sphere,unnormalized_rescaled,1024,2,0.0001331645805715214,971.9491627726414,0.10429714404392598
sphere,unnormalized_rescaled,1024,2,0.0001404170118651552,969.194033871921,0.10996714605107627
sphere,unnormalized_rescaled,1024,2,0.00014806442626498075,966.2975902990042,0.11594478301284994
sphere,unnormalized_rescaled,1024,2,0.00015612833540590534,963.2530828148936,0.12224667562242075
sphere,unnormalized_rescaled,1024,2,0.00016463142249303485,960.0534954482816,0.12889033421618024
sphere,unnormalized_rescaled,1024,2,0.0001735976061079238,956.6915413959781,0.1358942053812484
sphere,unnormalized_rescaled,1024,2,0.00018305210748984944,953.1596597252618,0.14327772087628432
sphere,unnormalized_rescaled,1024,2,0.00019302152148137233,949.4500130135564,0.15106134896387857
sphere,unnormalized_rescaled,1024,2,0.00020353389133774308,945.5544860748271,0.15926664825201442
sphere,unnormalized_rescaled,1024,2,0.000214618787610593,941.4646859370321,0.16791632414648916
sphere,unnormalized_rescaled,1024,2,0.00022630739132780162,937.1719432508537,0.177034288013715
sphere,unnormalized_rescaled,1024,2,0.00023863258170351743,932.6673153267283,0.18664571915431338
sphere,unnormalized_rescaled,1024,2,0.0002516290286250597,927.9415910148643,0.19677712968749006
sphere,unnormalized_rescaled,1024,2,0.00026533329017685333,922.9852976614063,0.20745643244288203
sphere,unnormalized_rescaled,1024,2,0.00027978391547573225,917.7887103930624,0.21871301195429282
sphere,unnormalized_rescaled,1024,2,0.000295021553106872,912.3418640022372,0.23057779864458894
sphere,unnormalized_rescaled,1024,2,0.00031108906546538205,906.6345677248063,0.24308334628477724
sphere,unnormalized_rescaled,1024,2,0.0003280316493251846,900.6564232229084,0.25626391280084704
sphere,unnormalized_rescaled,1024,2,0.00034589696297433834,894.3968461052324,0.27015554449315005
sphere,unnormalized_rescaled,1024,2,0.000364735260274427,887.8450913368624,0.28479616371608074
sphere,unnormalized_rescaled,1024,2,0.0003845995320211112,880.990282909416,0.30022566005072804
sphere,unnormalized_rescaled,1024,2,0.00040554565500348135,873.8214481594125,0.31648598498081526
sphere,unnormalized_rescaled,1024,2,0.00042763254918150735,866.3275571379495,0.33362125005410803
sphere,unnormalized_rescaled,1024,2,0.0004509223434237131,858.4975674471247,0.3516778284823232
sphere,unnormalized_rescaled,1024,2,0.00047548055027127887,850.3204749673575,0.37070446008843305
sphere,unnormalized_rescaled,1024,2,0.0005013762502201819,841.7853709038759,0.3907523594673279
sphere,unnormalized_rescaled,1024,2,0.0005286822860397343,832.88150557905,0.4118753271635427
sphere,unnormalized_rescaled,1024,2,0.0005574754676741331,823.5983593886763,0.4341298636037578
sphere,unnormalized_rescaled,1024,2,0.0005878367883033935,813.9257213233595,0.4575752854364765
sphere,unnormalized_rescaled,1024,2,0.0006198516521714247,803.8537754292265,0.4822738438315213
sphere,unnormalized_rescaled,1024,2,0.0006536101148221158,793.3731955435796,0.5082908441724925
sphere,unnormalized_rescaled,1024,2,0.0006892071364192023,782.4752485889011,0.5356947664313338
sphere,unnormalized_rescaled,1024,2,0.0007267428488624804,771.1519066407916,0.56455738534315
sphere,unnormalized_rescaled,1024,2,0.0007663228374517428,759.395967899839,0.5949538892924267
sphere,unnormalized_rescaled,1024,2,0.000808058437890752,747.2011865917866,0.6269629965775891
sphere,unnormalized_rescaled,1024,2,0.0008520670494666813,734.5624116924586,0.6606670674247397
sphere,unnormalized_rescaled,1024,2,0.0008984724652859982,721.4757342213608,0.6961522097709434
sphere,unnormalized_rescaled,1024,2,0.0009474052204956962,707.9386426685867,0.7335083764120469
sphere,unnormalized_rescaled,1024,2,0.0009990029594694218,693.9501859115378,0.7728294506070341
sphere,unnormalized_rescaled,1024,2,0.00105341082299134,679.5111427394017,0.8142133166186483
sphere,unnormalized_rescaled,1024,2,0.0011107818565268795,664.6241968329962,0.8577619109451007
sphere,unnormalized_rescaled,1024,2,0.001171277440728786,649.2941157449603,0.9035812491130741
sphere,unnormalized_rescaled,1024,2,0.001235067745389464,633.5279320905261,0.9517814218508533
sphere,unnormalized_rescaled,1024,2,0.0013023322081165438,617.3351247935748,1.0024765531817934
sphere,unnormalized_rescaled,1024,2,0.0013732600390781605,600.7277978390202,1.055784711445213
sphere,unnormalized_rescaled,1024,2,0.001448050753237757,583.7208535650345,1.111827762391215
sphere,unnormalized_rescaled,1024,2,0.0015269147315755316,566.3321570934771,1.1707311512548841
sphere,unnormalized_rescaled,1024,2,0.0016100738128752411,548.5826880525402,1.2326235979983977
sphere,unnormalized_rescaled,1024,2,0.0016977619177409723,530.496675303199,1.2976366866190716
sphere,unnormalized_rescaled,1024,2,0.001790225706599234,512.1017099543758,1.3659043254357357
sphere,unnormalized_rescaled,1024,2,0.0018877252735372638,493.4288315579013,1.4375620504324758
sphere,unnormalized_rescaled,1024,2,0.0019905348779292666,474.51258203359623,1.5127461378757516
sphere,unnormalized_rescaled,1024,2,0.0020989437159085987,455.39102161078176,1.5915924853150187
sphere,unnormalized_rescaled,1024,2,0.0022132567338560057,436.10570091202146,1.6742352114659838
sphere,unnormalized_rescaled,1024,2,0.0023337954861921916,416.70158327769354,1.7608049150572924
sphere,unnormalized_rescaled,1024,2,0.0024608990398876204,397.2269115680528,1.8514265201392561
sphere,unnormalized_rescaled,1024,2,0.0025949249282338736,377.7330140162607,1.9462166202104783
sphere,unnormalized_rescaled,1024,2,0.0027362501565594793,358.2740442749816,2.0452802153661622
sphere,unnormalized_rescaled,1024,2,0.0028852722627191853,338.9066516326203,2.14870671505183
sphere,unnormalized_rescaled,1024,2,0.0030424104353397874,319.68957850139475,2.2565650534741906
sphere,unnormalized_rescaled,1024,2,0.003208106692968035,300.6831837202549,2.3688977349185194
sphere,unnormalized_rescaled,1024,2,0.0033828271274374787,281.9488919838737,2.4857135920202325
sphere,unnormalized_rescaled,1024,2,0.003567063214951783,263.5485718045411,2.60697900171148
sphere,unnormalized_rescaled,1024,2,0.0037613331985724753,245.54384682052066,2.732607262143432
sphere,unnormalized_rescaled,1024,2,0.003966183545999954,227.99534794600973,2.862445791645584
sphere,unnormalized_rescaled,1024,2,0.00418219048674841,210.96191675476322,2.9962607720264174
sphere,unnormalized_rescaled,1024,2,0.00440996163303863,194.49977351608567,3.1337188306931267
sphere,unnormalized_rescaled,1024,2,0.004650137688968123,178.66166634490256,3.274365351412868
sphere,unnormalized_rescaled,1024,2,0.004903394252766365,163.4960208456908,3.4175990413421147
sphere,unnormalized_rescaled,1024,2,0.005170443717204751,149.04611225591333,3.5626424915253097
sphere,unnormalized_rescaled,1024,2,0.0054520372735069695,135.3492842395492,3.708508692363523
sphere,unnormalized_rescaled,1024,2,0.005748967024396714,122.43623994277166,3.8539638650217825
sphere,unnormalized_rescaled,1024,2,0.00606206821222653,110.33043149635299,3.9974876252029645
sphere,unnormalized_rescaled,1024,2,0.0063922215684553765,99.04757363887674,4.137232507751747
sphere,unnormalized_rescaled,1024,2,0.006740355791083801,88.59530537601485,4.270986360697393
sphere,unnormalized_rescaled,1024,2,0.0071074501570156335,78.97302046705482,4.396143163115127
sphere,unnormalized_rescaled,1024,2,0.00749453727669456,70.17188299260636,4.509690463528315
sphere,unnormalized_rescaled,1024,2,0.007902705998764097,62.17503834775047,4.608224745399269
sphere,unnormalized_rescaled,1024,2,0.008333104472921732,54.958022868786465,4.688009171561134
sphere,unnormalized_rescaled,1024,2,0.008786943379582638,48.4893672008727,4.745090425066138
sphere,unnormalized_rescaled,1024,2,0.00926549933543792,42.731379827285096,4.775491194559223
sphere,unnormalized_rescaled,1024,2,0.00977011848448695,37.64108839546744,4.775490061468474
sphere,unnormalized_rescaled,1024,2,0.010302220284645038,33.17130816176698,4.741988728867142
sphere,unnormalized_rescaled,1024,2,0.010863301500577974,29.271799654448156,4.6729461404368635
sphere,unnormalized_rescaled,1024,2,0.011454940413995002,25.89047213929391,4.567831176648383
sphere,unnormalized_rescaled,1024,2,0.012078801263243488,22.974586217230666,4.428016008992216
sphere,unnormalized_rescaled,1024,2,0.012736638924693407,20.471908315262123,4.257011905920649
sphere,unnormalized_rescaled,1024,2,0.013430303849080331,18.331772188276478,4.060452252622305
sphere,unnormalized_rescaled,1024,2,0.014161747266692157,16.50600782934952,3.8457640179314296
sphere,unnormalized_rescaled,1024,2,0.014933026676041765,14.949706121991769,3.621536985272428
sphere,unnormalized_rescaled,1024,2,0.01574631163146446,13.621797623752785,3.3966811437347886
sphere,unnormalized_rescaled,1024,2,0.016603889845920723,12.485435276706765,3.179526429008284
sphere,unnormalized_rescaled,1024,2,0.01750817362617058,11.508182659650434,2.97703814956553
sphere,unnormalized_rescaled,1024,2,0.018461706658421714,10.662020621748912,2.7942870774784083
sphere,unnormalized_rescaled,1024,2,0.019467171163538473,9.923194804150574,2.634240357559179
sphere,unnormalized_rescaled,1024,2,0.020527395441939142,9.27193386197486,2.4978580456949757
sphere,unnormalized_rescaled,1024,2,0.02164536182940474,8.692072603753937,2.3844186208662705
sphere,unnormalized_rescaled,1024,2,0.022824215086178115,8.170615559547363,2.2919695109912297
sphere,unnormalized_rescaled,1024,2,0.02406727124295189,7.697274816472067,2.2178035484418643
sphere,unnormalized_rescaled,1024,2,0.025378026928627683,7.264011788832579,2.158887329293073
sphere,unnormalized_rescaled,1024,2,0.026760169206085673,6.864606632719123,2.1121990117707554
sphere,unnormalized_rescaled,1024,2,0.02821758594363107,6.494272118160896,2.074961274619035
sphere,unnormalized_rescaled,1024,2,0.029754376751292406,6.1493217874197805,2.0447753310910812
sphere,unnormalized_rescaled,1024,2,0.03137486451273392,5.826895893995266,2.0196734849183784
sphere,unnormalized_rescaled,1024,2,0.033083607545221126,5.524743468631238,1.998112278852247
sphere,unnormalized_rescaled,1024,2,0.034885412421844404,5.241055182542479,1.978927998363993
sphere,unnormalized_rescaled,1024,2,0.03678534749206839,4.9743395137296895,1.9612731410797721
sphere,unnormalized_rescaled,1024,2,0.03878875713864017,4.723333905260957,1.9445479866886295
sphere,unnormalized_rescaled,1024,2,0.040901276810959036,4.486942836342902,1.9283366958841341
sphere,unnormalized_rescaled,1024,2,0.043128848877196715,4.264195653718624,1.9123531490856713
sphere,unnormalized_rescaled,1024,2,0.04547773933975769,4.054218292170341,1.8963984141647678
sphere,unnormalized_rescaled,1024,2,0.04795455546110036,3.8562143714343002,1.8803294551711005
sphere,unnormalized_rescaled,1024,2,0.05056626434949792,3.6694524021969097,1.864037404412283
sphere,unnormalized_rescaled,1024,2,0.05332021255702066,3.493256862986969,1.8474332255598398
sphere,unnormalized_rescaled,1024,2,0.05622414674486612,3.3270016914715983,1.8304386427555102
sphere,unnormalized_rescaled,1024,2,0.059286235474168385,3.170105285234942,1.812980553549135
sphere,unnormalized_rescaled,1024,2,0.06251509218358196,3.0220264712033122,1.7949875868097322
sphere,unnormalized_rescaled,1024,2,0.0659197994182741,2.8822611290407747,1.776387884669031
sphere,unnormalized_rescaled,1024,2,0.06950993437848135,2.7503392869890484,1.757107519005654
sphere,unnormalized_rescaled,1024,2,0.0732955958594948,2.6258225837514866,1.737069184379333
sphere,unnormalized_rescaled,1024,2,0.07728743265885629,2.5083020314033755,1.7161909543784262
sphere,unnormalized_rescaled,1024,2,0.08149667353067086,2.3973960372018523,1.694384971581627
sphere,unnormalized_rescaled,1024,2,0.0859351587712972,2.292748655272825,1.6715559880511393
sphere,unnormalized_rescaled,1024,2,0.09061537352526175,2.1940280469337305,1.647599705250368
sphere,unnormalized_rescaled,1024,2,0.09555048290508635,2.100925132821393,1.6224008971211425
sphere,unnormalized_rescaled,1024,2,0.10075436902381656,2.0131524216108323,1.595831351815768
sphere,unnormalized_rescaled,1024,2,0.10624167004442227,1.9304429988401504,1.56774774684866
sphere,unnormalized_rescaled,1024,2,0.11202782135591348,1.8525496548959661,1.5379896850748853
sphere,unnormalized_rescaled,1024,2,0.11812909899199522,1.779244123404704,1.506378263336181
sphere,unnormalized_rescaled,1024,2,0.12456266541439817,1.7103163904146217,1.4727157094150538
sphere,unnormalized_rescaled,1024,2,0.13134661778966664,1.6455740218553792,1.4367867801145255
sphere,unnormalized_rescaled,1024,2,0.13850003889520687,1.5848414437038676,1.398362723955013
sphere,unnormalized_rescaled,1024,2,0.146043050797787,1.5279590987654537,1.3572086260828575
sphere,unnormalized_rescaled,1024,2,0.15399687145548627,1.4747823992186402,1.3130948188652685
sphere,unnormalized_rescaled,1024,2,0.16238387440230664,1.425180398254342,1.2658127191711497
sphere,unnormalized_rescaled,1024,2,0.17122765168334025,1.3790341196844516,1.2151949293741353
sphere,unnormalized_rescaled,1024,2,0.18055308021751956,1.3362345121910923,1.1611387417814587
sphere,unnormalized_rescaled,1024,2,0.19038639177462838,1.2966800337398485,1.1036313932857356
sphere,unnormalized_rescaled,1024,2,0.2007552467634123,1.260273918110241,1.0427746541748406
sphere,unnormalized_rescaled,1024,2,0.2116888120383477,1.2269212240519813,0.9788057604869218
sphere,unnormalized_rescaled,1024,2,0.22321784294393826,1.1965258116117474,0.9121114752679222
sphere,unnormalized_rescaled,1024,2,0.2353747698273188,1.1689874229779846,0.8432323182237349
sphere,unnormalized_rescaled,1024,2,0.24819378926252564,1.1441990611915756,0.7728547885645898
sphere,unnormalized_rescaled,1024,2,0.2617109602430349,1.1220448558832548,0.7017906706130066
sphere,unnormalized_rescaled,1024,2,0.2759643056131585,1.1023985802538763,0.6309440915809186
sphere,unnormalized_rescaled,1024,2,0.290993919023609,1.0851229401550135,0.5612686407421428
sphere,unnormalized_rescaled,1024,2,0.3068420777121011,1.0700696991841416,0.4937182645495284
sphere,unnormalized_rescaled,1024,2,0.3235533614262239,1.0570806396633634,0.42919655797915046
sphere,unnormalized_rescaled,1024,2,0.3411747778231133,1.0459892953188563,0.36850930906339474
sphere,unnormalized_rescaled,1024,2,0.35975589469866237,1.0366233341004938,0.31232468953625014
sphere,unnormalized_rescaled,1024,2,0.3793489794182168,1.0288074243081675,0.2611444299141823
sphere,unnormalized_rescaled,1024,2,0.4000091459409738,1.02236638767732,0.21528788951625755
sphere,unnormalized_rescaled,1024,2,0.4217945098516413,1.0171284310073763,0.17488939533478545
sphere,unnormalized_rescaled,1024,2,0.4447663518354637,1.0129282531125545,0.13990782527054976
sphere,unnormalized_rescaled,1024,2,0.46898929005644463,1.0096098445884276,0.11014633119061501
sphere,unnormalized_rescaled,1024,2,0.4945314619236676,1.007028831204868,0.0852794260604684
sphere,unnormalized_rescaled,1024,2,0.5214647157569974,1.0050542539816074,0.06488440195575874
sphere,unnormalized_rescaled,1024,2,0.5498648128913147,1.003569726110094,0.04847414400908409
sphere,unnormalized_rescaled,1024,2,0.5798116407877855,1.002473954715544,0.03552876781804136
sphere,unnormalized_rescaled,1024,2,0.6113894377516255,1.0016806600781734,0.0255240360178275
sphere,unnormalized_rescaled,1024,2,0.6446870298884894,1.0011179629057285,0.017955115560960605
sphere,unnormalized_rescaled,1024,2,0.6797980809660079,1.0007273388669653,0.012354850896572947
sphere,unnormalized_rescaled,1024,2,0.7168213558833356,1.000462257134126,0.008306298402891078
sphere,unnormalized_rescaled,1024,2,0.7558609984898097,1.00028662556973,0.005449758077522733
sphere,unnormalized_rescaled,1024,2,0.7970268245342251,1.000173160066609,0.003484925271996079
sphere,unnormalized_rescaled,1024,2,0.8404346305687502,1.000101781164396,0.0021690534097805244
sphere,unnormalized_rescaled,1024,2,0.88620651967643,1.0000581200401455,0.0013121627817771243
sphere,unnormalized_rescaled,1024,2,0.9344712449385029,1.0000321914082988,0.0007703554729467089
sphere,unnormalized_rescaled,1024,2,0.9853645716076981,1.0000172659022646,0.0004382176157372579
sphere,unnormalized_rescaled,1024,2,1.0390296590062766,1.0000089518818542,0.00024113232995228673
sphere,unnormalized_rescaled,1024,2,1.0956174632230558,1.0000044783131665,0.00012812112059123142
sphere,unnormalized_rescaled,1024,2,1.1552871617421947,1.0000021574734335,6.561114990506272e-05
sphere,unnormalized_rescaled,1024,2,1.2182066011981871,1.0000009988892278,3.23203081448328e-05
sphere,unnormalized_rescaled,1024,2,1.28455276951654,1.000000443498106,1.5283358461239e-05
sphere,unnormalized_rescaled,1024,2,1.354512293768277,1.0000001883994054,6.922534429329924e-06
sphere,unnormalized_rescaled,1024,2,1.4282819651386625,1.000000076390193,2.9965576836050714e-06
sphere,unnormalized_rescaled,1024,2,1.5060692924868757,1.0000000294894162,1.2366522471919436e-06
sphere,unnormalized_rescaled,1024,2,1.5880930860537115,1.0000000108094824,4.85334945560875e-07
sphere,unnormalized_rescaled,1024,2,1.6745840729592982,1.0000000037516958,1.806544567889839e-07
sphere,unnormalized_rescaled,1024,2,1.7657855462221372,1.0000000012292247,6.359936691807207e-08
sphere,unnormalized_rescaled,1024,2,1.8619540491251225,1.000000000378968,2.1114223140874997e-08
sphere,unnormalized_rescaled,1024,2,1.9633600968536364,1.0000000001095197,6.589826061306591e-09
sphere,unnormalized_rescaled,1024,2,2.070288937435577,1.000000000029504,1.9273233315800135e-09
sphere,unnormalized_rescaled,1024,2,2.183041354123868,1.0000000000073122,5.265426138706811e-10
sphere,unnormalized_rescaled,1024,2,2.301934511478429,1.000000000001581,1.340327592984223e-10
sphere,unnormalized_rescaled,1024,2,2.427302847527633,1.0000000000002043,3.1830215744264244e-11
sphere,unnormalized_rescaled,1024,2,2.5594990145187575,0.999999999999893,7.210159367490471e-12
sphere,unnormalized_rescaled,1024,2,2.6988948709037888,0.9999999999998219,1.7522948288590366e-12
sphere,unnormalized_rescaled,1024,2,2.8458825273508936,0.9999999999998,6.573722535983012e-13
sphere,unnormalized_rescaled,1024,2,3.0008754497239716,0.9999999999997871,4.689534547962342e-13
sphere,unnormalized_rescaled,1024,2,3.1643096221328015,0.9999999999997752,4.542986593338582e-13
sphere,unnormalized_rescaled,1024,2,3.336644773325478,0.999999999999763,4.752340814229812e-13
sphere,unnormalized_rescaled,1024,2,3.518365669872803,0.99999999999975,5.003565879299402e-13
sphere,unnormalized_rescaled,1024,2,3.7099834797822977,0.9999999999997364,5.275726366458014e-13
sphere,unnormalized_rescaled,1024,2,3.9120372103776226,0.999999999999722,5.568822275705704e-13
sphere,unnormalized_rescaled,1024,2,4.125095224487943,0.9999999999997069,5.694434808240519e-13
