{
  "model": "bup_optical_metric_lensing_v1_3_scan",
  "galaxy": "NGC3198",
  "bup_profile": {
    "delta_d": 0.5151258725550094,
    "x0_original": 13.528495920985291,
    "sigma": 1.4363225103849342,
    "x_ref": 1.0,
    "d_min": 2.4848741274449906,
    "Rd_kpc": 3.170569593939349
  },
  "grids": {
    "lambda_grid": [
      1.0,
      2.0,
      3.0
    ],
    "width_grid": [
      0.4,
      0.5,
      0.6,
      0.8
    ],
    "xcap_grid": [
      2.0,
      3.0,
      4.0
    ],
    "rcut_grid": [
      2.0,
      3.0,
      4.0,
      5.0
    ]
  },
  "n_pairs": 144,
  "best_params": {
    "lambda_bup": 3.0,
    "weight_width": 0.8,
    "x_center_cap": 4.0,
    "x_center_used": 4.0,
    "r_cut_factor": 5.0,
    "r_cut_kpc": 15.852847969696743,
    "alpha_bary_max_arcsec": 0.20834474031126876,
    "alpha_bup_max_arcsec": 0.3016610851540064,
    "delta_alpha_max_arcsec": 0.12235919741962567,
    "enhancement_max_raw": 1.7792415261143595,
    "enhancement_mean_robust": 1.358233755109323,
    "enhancement_median_robust": 1.330639750603972,
    "R_alpha_bup_max_kpc": 6.74,
    "R_delta_alpha_max_kpc": 11.04,
    "R_ratio_max_kpc": 12.05,
    "thetaE_bary_arcsec": 0.07570895818061268,
    "thetaE_bup_arcsec": 0.08120413943517464,
    "delta_thetaE_arcsec": 0.005495181254561957,
    "score": 6.961537414486164
  },
  "top_rows": [
    {
      "lambda_bup": 3.0,
      "weight_width": 0.8,
      "x_center_cap": 4.0,
      "x_center_used": 4.0,
      "r_cut_factor": 5.0,
      "r_cut_kpc": 15.852847969696743,
      "alpha_bary_max_arcsec": 0.20834474031126876,
      "alpha_bup_max_arcsec": 0.3016610851540064,
      "delta_alpha_max_arcsec": 0.12235919741962567,
      "enhancement_max_raw": 1.7792415261143595,
      "enhancement_mean_robust": 1.358233755109323,
      "enhancement_median_robust": 1.330639750603972,
      "R_alpha_bup_max_kpc": 6.74,
      "R_delta_alpha_max_kpc": 11.04,
      "R_ratio_max_kpc": 12.05,
      "thetaE_bary_arcsec": 0.07570895818061268,
      "thetaE_bup_arcsec": 0.08120413943517464,
      "delta_thetaE_arcsec": 0.005495181254561957,
      "score": 6.961537414486164
    },
    {
      "lambda_bup": 3.0,
      "weight_width": 0.8,
      "x_center_cap": 3.0,
      "x_center_used": 3.0,
      "r_cut_factor": 5.0,
      "r_cut_kpc": 15.852847969696743,
      "alpha_bary_max_arcsec": 0.20834474031126876,
      "alpha_bup_max_arcsec": 0.30369215891151374,
      "delta_alpha_max_arcsec": 0.1121621092839045,
      "enhancement_max_raw": 1.6793303986474577,
      "enhancement_mean_robust": 1.3132379937388943,
      "enhancement_median_robust": 1.2999773232091152,
      "R_alpha_bup_max_kpc": 6.43,
      "R_delta_alpha_max_kpc": 9.04,
      "R_ratio_max_kpc": 11.04,
      "thetaE_bary_arcsec": 0.07570895818061268,
      "thetaE_bup_arcsec": 0.08123457533102378,
      "delta_thetaE_arcsec": 0.005525617150411097,
      "score": 6.68986860635198
    },
    {
      "lambda_bup": 3.0,
      "weight_width": 0.6,
      "x_center_cap": 4.0,
      "x_center_used": 4.0,
      "r_cut_factor": 5.0,
      "r_cut_kpc": 15.852847969696743,
      "alpha_bary_max_arcsec": 0.20834474031126876,
      "alpha_bup_max_arcsec": 0.2916822791427266,
      "delta_alpha_max_arcsec": 0.1165478630408108,
      "enhancement_max_raw": 1.7387464798964654,
      "enhancement_mean_robust": 1.301780959655079,
      "enhancement_median_robust": 1.2653234211708935,
      "R_alpha_bup_max_kpc": 6.74,
      "R_delta_alpha_max_kpc": 11.04,
      "R_ratio_max_kpc": 12.05,
      "thetaE_bary_arcsec": 0.07570895818061268,
      "thetaE_bup_arcsec": 0.08054184430240072,
      "delta_thetaE_arcsec": 0.0048328861217880326,
      "score": 6.663777330904431
    },
    {
      "lambda_bup": 3.0,
      "weight_width": 0.5,
      "x_center_cap": 4.0,
      "x_center_used": 4.0,
      "r_cut_factor": 5.0,
      "r_cut_kpc": 15.852847969696743,
      "alpha_bary_max_arcsec": 0.20834474031126876,
      "alpha_bup_max_arcsec": 0.2835628649448885,
      "delta_alpha_max_arcsec": 0.11211201700497389,
      "enhancement_max_raw": 1.708201856910717,
      "enhancement_mean_robust": 1.2642303776299286,
      "enhancement_median_robust": 1.2183579705424,
      "R_alpha_bup_max_kpc": 6.74,
      "R_delta_alpha_max_kpc": 11.04,
      "R_ratio_max_kpc": 12.05,
      "thetaE_bary_arcsec": 0.07570895818061268,
      "thetaE_bup_arcsec": 0.08003470053185735,
      "delta_thetaE_arcsec": 0.004325742351244666,
      "score": 6.450458076656182
    },
    {
      "lambda_bup": 3.0,
      "weight_width": 0.6,
      "x_center_cap": 3.0,
      "x_center_used": 3.0,
      "r_cut_factor": 5.0,
      "r_cut_kpc": 15.852847969696743,
      "alpha_bary_max_arcsec": 0.20834474031126876,
      "alpha_bup_max_arcsec": 0.2961350355771092,
      "delta_alpha_max_arcsec": 0.10396470350219109,
      "enhancement_max_raw": 1.6099647150339536,
      "enhancement_mean_robust": 1.2551032578737722,
      "enhancement_median_robust": 1.1961167108340391,
      "R_alpha_bup_max_kpc": 6.74,
      "R_delta_alpha_max_kpc": 9.04,
      "R_ratio_max_kpc": 10.04,
      "thetaE_bary_arcsec": 0.07570895818061268,
      "thetaE_bup_arcsec": 0.08068925419728401,
      "delta_thetaE_arcsec": 0.004980296016671326,
      "score": 6.3030638009436935
    },
    {
      "lambda_bup": 3.0,
      "weight_width": 0.8,
      "x_center_cap": 4.0,
      "x_center_used": 4.0,
      "r_cut_factor": 4.0,
      "r_cut_kpc": 12.682278375757395,
      "alpha_bary_max_arcsec": 0.20834474031126876,
      "alpha_bup_max_arcsec": 0.2851275270063487,
      "delta_alpha_max_arcsec": 0.09768151456590454,
      "enhancement_max_raw": 1.6090081676744463,
      "enhancement_mean_robust": 1.2723930788204696,
      "enhancement_median_robust": 1.2573897688382496,
      "R_alpha_bup_max_kpc": 6.43,
      "R_delta_alpha_max_kpc": 10.04,
      "R_ratio_max_kpc": 12.05,
      "thetaE_bary_arcsec": 0.07570895818061268,
      "thetaE_bup_arcsec": 0.08018323449958553,
      "delta_thetaE_arcsec": 0.004474276318972847,
      "score": 6.250096947542415
    },
    {
      "lambda_bup": 3.0,
      "weight_width": 0.4,
      "x_center_cap": 4.0,
      "x_center_used": 4.0,
      "r_cut_factor": 5.0,
      "r_cut_kpc": 15.852847969696743,
      "alpha_bary_max_arcsec": 0.20834474031126876,
      "alpha_bup_max_arcsec": 0.27325179386089626,
      "delta_alpha_max_arcsec": 0.10602788645418151,
      "enhancement_max_raw": 1.6670636088716475,
      "enhancement_mean_robust": 1.2202555604756287,
      "enhancement_median_robust": 1.1759811335431958,
      "R_alpha_bup_max_kpc": 9.04,
      "R_delta_alpha_max_kpc": 11.04,
      "R_ratio_max_kpc": 12.05,
      "thetaE_bary_arcsec": 0.07570895818061268,
      "thetaE_bup_arcsec": 0.07938952129822249,
      "delta_thetaE_arcsec": 0.0036805631176098086,
      "score": 6.195223098164356
    },
    {
      "lambda_bup": 3.0,
      "weight_width": 0.5,
      "x_center_cap": 3.0,
      "x_center_used": 3.0,
      "r_cut_factor": 5.0,
      "r_cut_kpc": 15.852847969696743,
      "alpha_bary_max_arcsec": 0.20834474031126876,
      "alpha_bup_max_arcsec": 0.2903945250500551,
      "delta_alpha_max_arcsec": 0.09807225954756613,
      "enhancement_max_raw": 1.5681730696741283,
      "enhancement_mean_robust": 1.2205693276317877,
      "enhancement_median_robust": 1.1681527888977432,
      "R_alpha_bup_max_kpc": 6.74,
      "R_delta_alpha_max_kpc": 9.04,
      "R_ratio_max_kpc": 10.04,
      "thetaE_bary_arcsec": 0.07570895818061268,
      "thetaE_bup_arcsec": 0.08023735077848819,
      "delta_thetaE_arcsec": 0.004528392597875505,
      "score": 6.08592362233695
    },
    {
      "lambda_bup": 3.0,
      "weight_width": 0.8,
      "x_center_cap": 3.0,
      "x_center_used": 3.0,
      "r_cut_factor": 4.0,
      "r_cut_kpc": 12.682278375757395,
      "alpha_bary_max_arcsec": 0.20834474031126876,
      "alpha_bup_max_arcsec": 0.288535406087774,
      "delta_alpha_max_arcsec": 0.09200607613843145,
      "enhancement_max_raw": 1.542739373536353,